date,adj_close,close
1991-10-28,2.083610773,10
1991-10-29,2.102364063,10.09000015
1991-10-30,2.104447603,10.10000038
1991-10-31,2.105488777,10.10000038
1991-11-01,2.105488777,10.10000038
1991-11-04,2.10131979,10.07999992
1991-11-05,2.099231482,10.06999969
1991-11-06,2.10131979,10.07999992
1991-11-07,2.107573032,10.10999966
1991-11-08,2.109657288,10.11999989
1991-11-11,2.109657288,10.11999989
1991-11-12,2.111742258,10.13000011
1991-11-13,2.107573032,10.10999966
1991-11-14,2.115909338,10.14999962
1991-11-15,2.117995501,10.15999985
1991-11-18,2.117995501,10.15999985
1991-11-19,2.113823414,10.14000034
1991-11-20,2.113823414,10.14000034
1991-11-21,2.113823414,10.14000034
1991-11-22,2.109657288,10.11999989
1991-11-25,2.105488777,10.10000038
1991-11-26,2.109657288,10.11999989
1991-11-27,2.109657288,10.11999989
1991-11-29,2.126628637,10.14999962
1991-12-02,2.145485401,10.23999977
1991-12-03,2.14129591,10.22000027
1991-12-04,2.145485401,10.23999977
1991-12-05,2.14129591,10.22000027
1991-12-06,2.145485401,10.23999977
1991-12-09,2.147578478,10.25
1991-12-10,2.147578478,10.25
1991-12-11,2.147578478,10.25
1991-12-12,2.149677277,10.26000023
1991-12-13,2.145485401,10.23999977
1991-12-16,2.145485401,10.23999977
1991-12-17,2.149677277,10.26000023
1991-12-18,2.147578478,10.25
1991-12-19,2.153865576,10.27999973
1991-12-20,2.168529749,10.35000038
1991-12-23,2.1769135,10.39000034
1991-12-24,2.1769135,10.39000034
1991-12-26,2.179009438,10.39999962
1991-12-27,2.181102991,10.40999985
1991-12-30,2.187389374,10.43999958
1991-12-31,2.206143856,10.47000027
1992-01-02,2.199821472,10.43999958
1992-01-03,2.191390276,10.39999962
1992-01-06,2.195608616,10.42000008
1992-01-07,2.204033852,10.46000004
1992-01-08,2.201927423,10.44999981
1992-01-09,2.197715998,10.43000031
1992-01-10,2.187178612,10.38000011
1992-01-13,2.172430515,10.31000042
1992-01-14,2.166106939,10.27999973
1992-01-15,2.164000034,10.27000046
1992-01-16,2.155570984,10.22999954
1992-01-17,2.159782171,10.25
1992-01-20,2.164000034,10.27000046
1992-01-21,2.170321226,10.30000019
1992-01-22,2.166106939,10.27999973
1992-01-23,2.155570984,10.22999954
1992-01-24,2.155570984,10.22999954
1992-01-27,2.151358128,10.21000004
1992-01-28,2.161895037,10.26000023
1992-01-29,2.153465271,10.22000027
1992-01-30,2.145037889,10.18000031
1992-01-31,2.158807039,10.18999958
1992-02-03,2.152450323,10.15999985
1992-02-04,2.158807039,10.18999958
1992-02-05,2.167280436,10.22999954
1992-02-06,2.167280436,10.22999954
1992-02-07,2.167280436,10.22999954
1992-02-10,2.167280436,10.22999954
1992-02-11,2.165163517,10.22000027
1992-02-12,2.158807039,10.18999958
1992-02-13,2.146098137,10.13000011
1992-02-14,2.143978596,10.11999989
1992-02-18,2.139739752,10.10000038
1992-02-19,2.143978596,10.11999989
1992-02-20,2.146098137,10.13000011
1992-02-21,2.137620926,10.09000015
1992-02-24,2.133381128,10.06999969
1992-02-25,2.137620926,10.09000015
1992-02-26,2.148213387,10.14000034
1992-02-27,2.148213387,10.14000034
1992-02-28,2.170147181,10.18999958
1992-03-02,2.155242443,10.11999989
1992-03-03,2.150984287,10.10000038
1992-03-04,2.150984287,10.10000038
1992-03-05,2.140331984,10.05000019
1992-03-06,2.144591093,10.06999969
1992-03-09,2.153111219,10.10999966
1992-03-10,2.148855686,10.09000015
1992-03-11,2.142466545,10.06000042
1992-03-12,2.129686117,10
1992-03-13,2.116908312,9.93999958
1992-03-16,2.119037628,9.949999809
1992-03-17,2.125426531,9.979999542
1992-03-18,2.127557516,9.989999771
1992-03-19,2.13181448,10.01000023
1992-03-20,2.123296499,9.970000267
1992-03-23,2.125426531,9.979999542
1992-03-24,2.138204098,10.03999996
1992-03-25,2.138204098,10.03999996
1992-03-26,2.133943796,10.02000046
1992-03-27,2.136074781,10.02999973
1992-03-30,2.138204098,10.03999996
1992-03-31,2.150412083,10.03999996
1992-04-01,2.161121845,10.09000015
1992-04-02,2.158980131,10.07999992
1992-04-03,2.167548418,10.11999989
1992-04-06,2.167548418,10.11999989
1992-04-07,2.167548418,10.11999989
1992-04-08,2.165405512,10.10999966
1992-04-09,2.178256989,10.17000008
1992-04-10,2.176114321,10.15999985
1992-04-13,2.180398464,10.18000031
1992-04-14,2.180398464,10.18000031
1992-04-15,2.176114321,10.15999985
1992-04-16,2.165405512,10.10999966
1992-04-20,2.150412083,10.03999996
1992-04-21,2.150412083,10.03999996
1992-04-22,2.152556658,10.05000019
1992-04-23,2.152556658,10.05000019
1992-04-24,2.156838894,10.06999969
1992-04-27,2.150412083,10.03999996
1992-04-28,2.15469718,10.06000042
1992-04-29,2.152556658,10.05000019
1992-04-30,2.16267848,10.03999996
1992-05-01,2.169141769,10.06999969
1992-05-04,2.166987896,10.06000042
1992-05-05,2.171295881,10.07999992
1992-05-06,2.177756071,10.10999966
1992-05-07,2.175602436,10.10000038
1992-05-08,2.18421936,10.14000034
1992-05-11,2.186373949,10.14999962
1992-05-12,2.192838907,10.18000031
1992-05-13,2.192838907,10.18000031
1992-05-14,2.194990873,10.18999958
1992-05-15,2.201451063,10.22000027
1992-05-18,2.201451063,10.22000027
1992-05-19,2.212221622,10.27000046
1992-05-20,2.205760002,10.23999977
1992-05-21,2.186373949,10.14999962
1992-05-22,2.192838907,10.18000031
1992-05-26,2.179908514,10.11999989
1992-05-27,2.18421936,10.14000034
1992-05-28,2.192838907,10.18000031
1992-05-29,2.209952354,10.19999981
1992-06-01,2.203449249,10.17000008
1992-06-02,2.207787275,10.18999958
1992-06-03,2.209952354,10.19999981
1992-06-04,2.209952354,10.19999981
1992-06-05,2.214286327,10.22000027
1992-06-08,2.214286327,10.22000027
1992-06-09,2.21212101,10.21000004
1992-06-10,2.209952354,10.19999981
1992-06-11,2.21212101,10.21000004
1992-06-12,2.218619108,10.23999977
1992-06-15,2.220785618,10.25
1992-06-16,2.225118876,10.27000046
1992-06-17,2.227285385,10.27999973
1992-06-18,2.231618643,10.30000019
1992-06-19,2.227285385,10.27999973
1992-06-22,2.225118876,10.27000046
1992-06-23,2.222951889,10.26000023
1992-06-24,2.22945261,10.28999996
1992-06-25,2.23811841,10.32999992
1992-06-26,2.235950947,10.31999969
1992-06-29,2.240284204,10.34000015
1992-06-30,2.250304937,10.32999992
1992-07-01,2.254661083,10.35000038
1992-07-02,2.276447058,10.44999981
1992-07-06,2.280802727,10.47000027
1992-07-07,2.285160542,10.48999977
1992-07-08,2.285160542,10.48999977
1992-07-09,2.282980204,10.47999954
1992-07-10,2.282980204,10.47999954
1992-07-13,2.27862525,10.46000004
1992-07-14,2.280802727,10.47000027
1992-07-15,2.291694403,10.52000046
1992-07-16,2.293874979,10.52999973
1992-07-17,2.289517641,10.51000023
1992-07-20,2.289517641,10.51000023
1992-07-21,2.291694403,10.52000046
1992-07-22,2.298232317,10.55000019
1992-07-23,2.313480616,10.61999989
1992-07-24,2.313480616,10.61999989
1992-07-27,2.317837,10.64000034
1992-07-28,2.324372768,10.67000008
1992-07-29,2.328728914,10.68999958
1992-07-30,2.313480616,10.61999989
1992-07-31,2.319612026,10.59000015
1992-08-03,2.317423582,10.57999992
1992-08-04,2.328373194,10.63000011
1992-08-05,2.33056426,10.64000034
1992-08-06,2.33056426,10.64000034
1992-08-07,2.34151721,10.68999958
1992-08-10,2.350276709,10.72999954
1992-08-11,2.352469921,10.73999977
1992-08-12,2.350276709,10.72999954
1992-08-13,2.34151721,10.68999958
1992-08-14,2.343706369,10.69999981
1992-08-17,2.34151721,10.68999958
1992-08-18,2.352469921,10.73999977
1992-08-19,2.352469921,10.73999977
1992-08-20,2.354658842,10.75
1992-08-21,2.343706369,10.69999981
1992-08-24,2.323993683,10.60999966
1992-08-25,2.319612026,10.59000015
1992-08-26,2.323993683,10.60999966
1992-08-27,2.33056426,10.64000034
1992-08-28,2.332756996,10.64999962
1992-08-31,2.347507477,10.65999985
1992-09-01,2.354117155,10.68999958
1992-09-02,2.360722542,10.72000027
1992-09-03,2.360722542,10.72000027
1992-09-04,2.38054204,10.81000042
1992-09-08,2.393755436,10.86999989
1992-09-09,2.389352322,10.85000038
1992-09-10,2.389352322,10.85000038
1992-09-11,2.38054204,10.81000042
1992-09-14,2.387148619,10.84000015
1992-09-15,2.378340483,10.80000019
1992-09-16,2.37613821,10.78999996
1992-09-17,2.37613821,10.78999996
1992-09-18,2.373937607,10.77999973
1992-09-21,2.369530201,10.76000023
1992-09-22,2.360722542,10.72000027
1992-09-23,2.354117155,10.68999958
1992-09-24,2.362923622,10.72999954
1992-09-25,2.373937607,10.77999973
1992-09-28,2.38054204,10.81000042
1992-09-29,2.378340483,10.80000019
1992-09-30,2.388301849,10.78999996
1992-10-01,2.406005621,10.86999989
1992-10-02,2.401581049,10.85000038
1992-10-05,2.403794289,10.85999966
1992-10-06,2.394939661,10.81999969
1992-10-07,2.377233744,10.73999977
1992-10-08,2.381661177,10.76000023
1992-10-09,2.368379593,10.69999981
1992-10-12,2.370593309,10.71000004
1992-10-13,2.370593309,10.71000004
1992-10-14,2.370593309,10.71000004
1992-10-15,2.370593309,10.71000004
1992-10-16,2.366166115,10.68999958
1992-10-19,2.350671768,10.61999989
1992-10-20,2.330751896,10.52999973
1992-10-21,2.337390184,10.56000042
1992-10-22,2.341818333,10.57999992
1992-10-23,2.330751896,10.52999973
1992-10-26,2.330751896,10.52999973
1992-10-27,2.337390184,10.56000042
1992-10-28,2.335177898,10.55000019
1992-10-29,2.341818333,10.57999992
1992-10-30,2.347379446,10.55000019
1992-11-02,2.336256504,10.5
1992-11-03,2.338479757,10.51000023
1992-11-04,2.336256504,10.5
1992-11-05,2.338479757,10.51000023
1992-11-06,2.329582453,10.47000027
1992-11-09,2.322906256,10.43999958
1992-11-10,2.334030867,10.48999977
1992-11-11,2.338479757,10.51000023
1992-11-12,2.349608421,10.56000042
1992-11-13,2.340705872,10.52000046
1992-11-16,2.334030867,10.48999977
1992-11-17,2.336256504,10.5
1992-11-18,2.345156908,10.53999996
1992-11-19,2.342930079,10.52999973
1992-11-20,2.338479757,10.51000023
1992-11-23,2.336256504,10.5
1992-11-24,2.340705872,10.52000046
1992-11-25,2.336256504,10.5
1992-11-27,2.325130701,10.44999981
1992-11-30,2.332960367,10.43000031
1992-12-01,2.332960367,10.43000031
1992-12-02,2.332960367,10.43000031
1992-12-03,2.335193872,10.43999958
1992-12-04,2.344141483,10.47999954
1992-12-07,2.355327606,10.52999973
1992-12-08,2.359802723,10.55000019
1992-12-09,2.359802723,10.55000019
1992-12-10,2.357563257,10.53999996
1992-12-11,2.350852013,10.51000023
1992-12-14,2.346378803,10.48999977
1992-12-15,2.348617315,10.5
1992-12-16,2.357563257,10.53999996
1992-12-17,2.355327606,10.52999973
1992-12-18,2.355327606,10.52999973
1992-12-21,2.362039089,10.56000042
1992-12-22,2.368747711,10.59000015
1992-12-23,2.366510868,10.57999992
1992-12-24,2.364274502,10.56999969
1992-12-28,2.359802723,10.55000019
1992-12-29,2.364274502,10.56999969
1992-12-30,2.366510868,10.57999992
1992-12-31,2.375059605,10.56000042
1993-01-04,2.388549805,10.61999989
1993-01-05,2.388549805,10.61999989
1993-01-06,2.38405323,10.60000038
1993-01-07,2.368311405,10.52999973
1993-01-08,2.372810125,10.55000019
1993-01-11,2.379555941,10.57999992
1993-01-12,2.377307177,10.56999969
1993-01-13,2.379555941,10.57999992
1993-01-14,2.388549805,10.61999989
1993-01-15,2.395301104,10.64999962
1993-01-18,2.395301104,10.64999962
1993-01-19,2.397545815,10.65999985
1993-01-20,2.393050432,10.64000034
1993-01-21,2.397545815,10.65999985
1993-01-22,2.402048349,10.68000031
1993-01-25,2.413292885,10.72999954
1993-01-26,2.411042452,10.72000027
1993-01-27,2.415541887,10.73999977
1993-01-28,2.422289133,10.77000046
1993-01-29,2.439698458,10.78999996
1993-02-01,2.444219112,10.81000042
1993-02-02,2.432915926,10.76000023
1993-02-03,2.435177326,10.77000046
1993-02-04,2.444219112,10.81000042
1993-02-05,2.45552659,10.85999966
1993-02-08,2.448743343,10.82999992
1993-02-09,2.444219112,10.81000042
1993-02-10,2.435177326,10.77000046
1993-02-11,2.439698458,10.78999996
1993-02-12,2.444219112,10.81000042
1993-02-16,2.444219112,10.81000042
1993-02-17,2.45552659,10.85999966
1993-02-18,2.475873709,10.94999981
1993-02-19,2.473614216,10.93999958
1993-02-22,2.48265934,10.97999954
1993-02-23,2.503009081,11.06999969
1993-02-24,2.489441633,11.01000023
1993-02-25,2.484921217,10.98999977
1993-02-26,2.498779058,11
1993-03-01,2.510134697,11.05000019
1993-03-02,2.510134697,11.05000019
1993-03-03,2.521492958,11.10000038
1993-03-04,2.530579805,11.14000034
1993-03-05,2.516949177,11.07999992
1993-03-08,2.521492958,11.10000038
1993-03-09,2.512405634,11.06000042
1993-03-10,2.505592823,11.02999973
1993-03-11,2.503320217,11.02000046
1993-03-12,2.485148668,10.93999958
1993-03-15,2.476061106,10.89999962
1993-03-16,2.48741889,10.94999981
1993-03-17,2.494235277,10.97999954
1993-03-18,2.507864475,11.03999996
1993-03-19,2.503320217,11.02000046
1993-03-22,2.501049995,11.01000023
1993-03-23,2.510134697,11.05000019
1993-03-24,2.505592823,11.02999973
1993-03-25,2.501049995,11.01000023
1993-03-26,2.485148668,10.93999958
1993-03-29,2.491964817,10.97000027
1993-03-30,2.496506929,10.98999977
1993-03-31,2.508834362,10.98999977
1993-04-01,2.506551266,10.97999954
1993-04-02,2.495140314,10.93000031
1993-04-05,2.501983404,10.96000004
1993-04-06,2.508834362,10.98999977
1993-04-07,2.508834362,10.98999977
1993-04-08,2.52252841,11.05000019
1993-04-12,2.529377699,11.07999992
1993-04-13,2.527094126,11.06999969
1993-04-14,2.531663179,11.09000015
1993-04-15,2.533944607,11.10000038
1993-04-16,2.531663179,11.09000015
1993-04-19,2.533944607,11.10000038
1993-04-20,2.533944607,11.10000038
1993-04-21,2.536225796,11.10999966
1993-04-22,2.538510561,11.11999989
1993-04-23,2.536225796,11.10999966
1993-04-26,2.529377699,11.07999992
1993-04-27,2.520247936,11.03999996
1993-04-28,2.517965078,11.02999973
1993-04-29,2.524810314,11.06000042
1993-04-30,2.532151937,11.03999996
1993-05-03,2.541325092,11.07999992
1993-05-04,2.545915365,11.10000038
1993-05-05,2.545915365,11.10000038
1993-05-06,2.545915365,11.10000038
1993-05-07,2.543619871,11.09000015
1993-05-10,2.548207521,11.10999966
1993-05-11,2.55050087,11.11999989
1993-05-12,2.545915365,11.10000038
1993-05-13,2.536740303,11.06000042
1993-05-14,2.532151937,11.03999996
1993-05-17,2.525272846,11.01000023
1993-05-18,2.518388987,10.97999954
1993-05-19,2.525272846,11.01000023
1993-05-20,2.527565241,11.02000046
1993-05-21,2.518388987,10.97999954
1993-05-24,2.51380229,10.96000004
1993-05-25,2.51380229,10.96000004
1993-05-26,2.520684719,10.98999977
1993-05-27,2.520684719,10.98999977
1993-05-28,2.528519869,10.97000027
1993-06-01,2.540045738,11.02000046
1993-06-02,2.542352438,11.02999973
1993-06-03,2.546959639,11.05000019
1993-06-04,2.533131838,10.98999977
1993-06-07,2.535437346,11
1993-06-08,2.533131838,10.98999977
1993-06-09,2.535437346,11
1993-06-10,2.535437346,11
1993-06-11,2.5492661,11.06000042
1993-06-14,2.5492661,11.06000042
1993-06-15,2.553875923,11.07999992
1993-06-16,2.553875923,11.07999992
1993-06-17,2.556180477,11.09000015
1993-06-18,2.551569939,11.06999969
1993-06-21,2.556180477,11.09000015
1993-06-22,2.556180477,11.09000015
1993-06-23,2.556180477,11.09000015
1993-06-24,2.560787201,11.10999966
1993-06-25,2.565400839,11.13000011
1993-06-28,2.570010424,11.14999962
1993-06-29,2.57231617,11.15999985
1993-06-30,2.584126472,11.15999985
1993-07-01,2.584126472,11.15999985
1993-07-02,2.588753939,11.18000031
1993-07-06,2.584126472,11.15999985
1993-07-07,2.581810236,11.14999962
1993-07-08,2.586437941,11.17000008
1993-07-09,2.588753939,11.18000031
1993-07-12,2.591070414,11.18999958
1993-07-13,2.586437941,11.17000008
1993-07-14,2.593386173,11.19999981
1993-07-15,2.593386173,11.19999981
1993-07-16,2.591070414,11.18999958
1993-07-19,2.591070414,11.18999958
1993-07-20,2.584126472,11.15999985
1993-07-21,2.570234776,11.10000038
1993-07-22,2.560968876,11.06000042
1993-07-23,2.556337833,11.03999996
1993-07-26,2.558652878,11.05000019
1993-07-27,2.558652878,11.05000019
1993-07-28,2.56328392,11.06999969
1993-07-29,2.574861765,11.11999989
1993-07-30,2.584866047,11.10999966
1993-08-02,2.577884674,11.07999992
1993-08-03,2.580216169,11.09000015
1993-08-04,2.577884674,11.07999992
1993-08-05,2.582542658,11.10000038
1993-08-06,2.580216169,11.09000015
1993-08-09,2.589520216,11.13000011
1993-08-10,2.587192774,11.11999989
1993-08-11,2.589520216,11.13000011
1993-08-12,2.589520216,11.13000011
1993-08-13,2.596501589,11.15999985
1993-08-16,2.60115242,11.18000031
1993-08-17,2.598825216,11.17000008
1993-08-18,2.60115242,11.18000031
1993-08-19,2.608129025,11.21000004
1993-08-20,2.61046052,11.22000027
1993-08-23,2.61046052,11.22000027
1993-08-24,2.619765759,11.26000023
1993-08-25,2.624419928,11.27999973
1993-08-26,2.631398916,11.31000042
1993-08-27,2.624419928,11.27999973
1993-08-30,2.631398916,11.31000042
1993-08-31,2.641216755,11.30000019
1993-09-01,2.641216755,11.30000019
1993-09-02,2.645890236,11.31999969
1993-09-03,2.662252426,11.39000034
1993-09-07,2.66692853,11.40999985
1993-09-08,2.669266224,11.42000008
1993-09-09,2.650565147,11.34000015
1993-09-10,2.659914255,11.38000011
1993-09-13,2.659914255,11.38000011
1993-09-14,2.645890236,11.31999969
1993-09-15,2.643553495,11.31000042
1993-09-16,2.648228884,11.32999992
1993-09-17,2.645890236,11.31999969
1993-09-20,2.641216755,11.30000019
1993-09-21,2.636541843,11.27999973
1993-09-22,2.638879061,11.28999996
1993-09-23,2.641216755,11.30000019
1993-09-24,2.641216755,11.30000019
1993-09-27,2.657578468,11.36999989
1993-09-28,2.659914255,11.38000011
1993-09-29,2.650565147,11.34000015
1993-09-30,2.65760684,11.31999969
1993-10-01,2.66465044,11.35000038
1993-10-04,2.666997671,11.35999966
1993-10-05,2.66465044,11.35000038
1993-10-06,2.66465044,11.35000038
1993-10-07,2.66465044,11.35000038
1993-10-08,2.676389217,11.39999962
1993-10-11,2.67404151,11.39000034
1993-10-12,2.67404151,11.39000034
1993-10-13,2.67404151,11.39000034
1993-10-14,2.681088686,11.42000008
1993-10-15,2.685779572,11.43999958
1993-10-18,2.67404151,11.39000034
1993-10-19,2.67404151,11.39000034
1993-10-20,2.676389217,11.39999962
1993-10-21,2.66465044,11.35000038
1993-10-22,2.65760684,11.31999969
1993-10-25,2.650565624,11.28999996
1993-10-26,2.655261517,11.31000042
1993-10-27,2.650565624,11.28999996
1993-10-28,2.65291667,11.30000019
1993-10-29,2.660224438,11.27999973
1993-11-01,2.643713474,11.21000004
1993-11-02,2.636639833,11.18000031
1993-11-03,2.636639833,11.18000031
1993-11-04,2.629564285,11.14999962
1993-11-05,2.622489691,11.11999989
1993-11-08,2.629564285,11.14999962
1993-11-09,2.634282827,11.17000008
1993-11-10,2.627207518,11.14000034
1993-11-11,2.624849319,11.13000011
1993-11-12,2.636639833,11.18000031
1993-11-15,2.631923914,11.15999985
1993-11-16,2.638998747,11.18999958
1993-11-17,2.638998747,11.18999958
1993-11-18,2.629564285,11.14999962
1993-11-19,2.615415335,11.09000015
1993-11-22,2.608339071,11.06000042
1993-11-23,2.620130539,11.10999966
1993-11-24,2.617774248,11.10000038
1993-11-26,2.622489691,11.11999989
1993-11-29,2.627207518,11.14000034
1993-11-30,2.629338741,11.10000038
1993-12-01,2.631705523,11.10999966
1993-12-02,2.631705523,11.10999966
1993-12-03,2.631705523,11.10999966
1993-12-06,2.643552065,11.15999985
1993-12-07,2.643552065,11.15999985
1993-12-08,2.645920753,11.17000008
1993-12-09,2.648287773,11.18000031
1993-12-10,2.641182661,11.14999962
1993-12-13,2.636446238,11.13000011
1993-12-14,2.631705523,11.10999966
1993-12-15,2.629338741,11.10000038
1993-12-16,2.629338741,11.10000038
1993-12-17,2.63407445,11.11999989
1993-12-20,2.631705523,11.10999966
1993-12-21,2.626969814,11.09000015
1993-12-22,2.641182661,11.14999962
1993-12-23,2.645920753,11.17000008
1993-12-27,2.645920753,11.17000008
1993-12-28,2.645920753,11.17000008
1993-12-29,2.643552065,11.15999985
1993-12-30,2.631705523,11.10999966
1993-12-31,2.548655272,10.71000004
1994-01-03,2.5367558,10.65999985
1994-01-04,2.539135933,10.67000008
1994-01-05,2.5367558,10.65999985
1994-01-06,2.546276331,10.69999981
1994-01-07,2.567695141,10.78999996
1994-01-10,2.57007122,10.80000019
1994-01-11,2.572453499,10.81000042
1994-01-12,2.579592466,10.84000015
1994-01-13,2.565314054,10.77999973
1994-01-14,2.558172464,10.75
1994-01-17,2.558172464,10.75
1994-01-18,2.562933922,10.77000046
1994-01-19,2.562933922,10.77000046
1994-01-20,2.57007122,10.80000019
1994-01-21,2.567695141,10.78999996
1994-01-24,2.567695141,10.78999996
1994-01-25,2.562933922,10.77000046
1994-01-26,2.565314054,10.77999973
1994-01-27,2.572453499,10.81000042
1994-01-28,2.579592466,10.84000015
1994-01-31,2.586524963,10.81999969
1994-02-01,2.57696104,10.77999973
1994-02-02,2.57696104,10.77999973
1994-02-03,2.569790363,10.75
1994-02-04,2.553058386,10.68000031
1994-02-07,2.545884371,10.64999962
1994-02-08,2.541105747,10.63000011
1994-02-09,2.545884371,10.64999962
1994-02-10,2.543493986,10.64000034
1994-02-11,2.545884371,10.64999962
1994-02-14,2.543493986,10.64000034
1994-02-15,2.545884371,10.64999962
1994-02-16,2.545884371,10.64999962
1994-02-17,2.531542063,10.59000015
1994-02-18,2.521979094,10.55000019
1994-02-22,2.526760578,10.56999969
1994-02-23,2.514812231,10.52000046
1994-02-24,2.505245924,10.47999954
1994-02-25,2.505245924,10.47999954
1994-02-28,2.523011923,10.51000023
1994-03-01,2.506206989,10.43999958
1994-03-02,2.503809929,10.43000031
1994-03-03,2.496603966,10.39999962
1994-03-04,2.491806269,10.38000011
1994-03-07,2.496603966,10.39999962
1994-03-08,2.491806269,10.38000011
1994-03-09,2.491806269,10.38000011
1994-03-10,2.482200623,10.34000015
1994-03-11,2.484602213,10.35000038
1994-03-14,2.477399588,10.31999969
1994-03-15,2.482200623,10.34000015
1994-03-16,2.491806269,10.38000011
1994-03-17,2.489404678,10.36999989
1994-03-18,2.477399588,10.31999969
1994-03-21,2.472599745,10.30000019
1994-03-22,2.484602213,10.35000038
1994-03-23,2.484602213,10.35000038
1994-03-24,2.467799425,10.27999973
1994-03-25,2.462996006,10.26000023
1994-03-28,2.462996006,10.26000023
1994-03-29,2.450993538,10.21000004
1994-03-30,2.443791389,10.18000031
1994-03-31,2.450543642,10.15999985
1994-04-04,2.402306557,9.960000038
1994-04-05,2.424014091,10.05000019
1994-04-06,2.431247711,10.07999992
1994-04-07,2.438485861,10.10999966
1994-04-08,2.428838015,10.06999969
1994-04-11,2.428838015,10.06999969
1994-04-12,2.436072826,10.10000038
1994-04-13,2.428838015,10.06999969
1994-04-14,2.42642498,10.06000042
1994-04-15,2.42642498,10.06000042
1994-04-18,2.407129765,9.979999542
1994-04-19,2.409542322,9.989999771
1994-04-20,2.41677928,10.02000046
1994-04-21,2.433660746,10.09000015
1994-04-22,2.428838015,10.06999969
1994-04-25,2.436072826,10.10000038
1994-04-26,2.440897942,10.11999989
1994-04-28,2.419189453,10.02999973
1994-04-29,2.427915573,10.02000046
1994-05-02,2.425489187,10.01000023
1994-05-03,2.420644522,9.989999771
1994-05-04,2.420644522,9.989999771
1994-05-05,2.423069,10
1994-05-06,2.396414757,9.890000343
1994-05-09,2.381874084,9.829999924
1994-05-10,2.398838043,9.899999619
1994-05-11,2.386722088,9.850000381
1994-05-12,2.393990278,9.880000114
1994-05-13,2.403681993,9.920000076
1994-05-16,2.408527613,9.93999958
1994-05-17,2.430336714,10.02999973
1994-05-18,2.435181856,10.05000019
1994-05-19,2.442451239,10.07999992
1994-05-20,2.435181856,10.05000019
1994-05-23,2.41822052,9.979999542
1994-05-24,2.420644522,9.989999771
1994-05-25,2.423069,10
1994-05-26,2.427915573,10.02000046
1994-05-27,2.425489187,10.01000023
1994-05-31,2.432306767,9.989999771
1994-06-01,2.437178373,10.01000023
1994-06-02,2.444480181,10.03999996
1994-06-03,2.454219103,10.07999992
1994-06-06,2.463958025,10.11999989
1994-06-07,2.459092855,10.10000038
1994-06-08,2.459092855,10.10000038
1994-06-09,2.456656456,10.09000015
1994-06-10,2.449352741,10.06000042
1994-06-13,2.444480181,10.03999996
1994-06-14,2.454219103,10.07999992
1994-06-15,2.444480181,10.03999996
1994-06-16,2.44691658,10.05000019
1994-06-17,2.439610243,10.02000046
1994-06-20,2.437178373,10.01000023
1994-06-21,2.42987299,9.979999542
1994-06-22,2.437178373,10.01000023
1994-06-23,2.442047358,10.02999973
1994-06-24,2.427438736,9.970000267
1994-06-27,2.42987299,9.979999542
1994-06-28,2.422569275,9.949999809
1994-06-29,2.422569275,9.949999809
1994-06-30,2.42428112,9.909999847
1994-07-01,2.42672801,9.920000076
1994-07-05,2.429175377,9.930000305
1994-07-06,2.429175377,9.930000305
1994-07-07,2.431621075,9.93999958
1994-07-08,2.416942596,9.880000114
1994-07-11,2.41449666,9.869999886
1994-07-12,2.416942596,9.880000114
1994-07-13,2.419390678,9.890000343
1994-07-14,2.438958883,9.970000267
1994-07-15,2.438958883,9.970000267
1994-07-18,2.443849564,9.989999771
1994-07-19,2.451188564,10.02000046
1994-07-20,2.441405773,9.979999542
1994-07-21,2.436513662,9.960000038
1994-07-22,2.434066534,9.949999809
1994-07-25,2.436513662,9.960000038
1994-07-26,2.434066534,9.949999809
1994-07-27,2.429175377,9.930000305
1994-07-28,2.431621075,9.93999958
1994-07-29,2.465791941,10.02999973
1994-08-01,2.463331461,10.02000046
1994-08-02,2.465791941,10.02999973
1994-08-03,2.470710754,10.05000019
1994-08-04,2.465791941,10.02999973
1994-08-05,2.446125507,9.949999809
1994-08-08,2.446125507,9.949999809
1994-08-09,2.44366622,9.93999958
1994-08-10,2.44366622,9.93999958
1994-08-11,2.438748837,9.920000076
1994-08-12,2.446125507,9.949999809
1994-08-15,2.44366622,9.93999958
1994-08-16,2.455955982,9.989999771
1994-08-17,2.45841527,10
1994-08-18,2.446125507,9.949999809
1994-08-19,2.448583126,9.960000038
1994-08-22,2.441209078,9.930000305
1994-08-23,2.446125507,9.949999809
1994-08-24,2.453500271,9.979999542
1994-08-25,2.446125507,9.949999809
1994-08-26,2.451041222,9.970000267
1994-08-29,2.453500271,9.979999542
1994-08-30,2.45841527,10
1994-08-31,2.473242521,10.01000023
1994-09-01,2.473242521,10.01000023
1994-09-02,2.470769167,10
1994-09-06,2.463357925,9.970000267
1994-09-07,2.458417177,9.949999809
1994-09-08,2.458417177,9.949999809
1994-09-09,2.441123009,9.880000114
1994-09-12,2.438649893,9.869999886
1994-09-13,2.441123009,9.880000114
1994-09-14,2.446064472,9.899999619
1994-09-15,2.451003313,9.920000076
1994-09-16,2.431239128,9.840000153
1994-09-19,2.433710337,9.850000381
1994-09-20,2.428766251,9.829999924
1994-09-21,2.423825502,9.81000042
1994-09-22,2.423825502,9.81000042
1994-09-23,2.423825502,9.81000042
1994-09-26,2.421357393,9.800000191
1994-09-27,2.418885231,9.789999962
1994-09-28,2.421357393,9.800000191
1994-09-29,2.413945436,9.770000458
1994-09-30,2.429094553,9.779999733
1994-10-03,2.421643019,9.75
1994-10-04,2.419160604,9.739999771
1994-10-05,2.41170764,9.710000038
1994-10-06,2.409223795,9.699999809
1994-10-07,2.419160604,9.739999771
1994-10-10,2.419160604,9.739999771
1994-10-11,2.42661047,9.770000458
1994-10-12,2.421643019,9.75
1994-10-13,2.42661047,9.770000458
1994-10-14,2.431577921,9.789999962
1994-10-17,2.431577921,9.789999962
1994-10-18,2.429094553,9.779999733
1994-10-19,2.424125195,9.760000229
1994-10-20,2.409223795,9.699999809
1994-10-21,2.409223795,9.699999809
1994-10-24,2.401773214,9.670000076
1994-10-25,2.399289608,9.659999847
1994-10-26,2.39680481,9.649999619
1994-10-27,2.399289608,9.659999847
1994-10-28,2.409223795,9.699999809
1994-10-31,2.422711611,9.699999809
1994-11-01,2.407725096,9.640000343
1994-11-02,2.402731419,9.619999886
1994-11-03,2.402731419,9.619999886
1994-11-04,2.392738342,9.579999924
1994-11-07,2.392738342,9.579999924
1994-11-08,2.397733688,9.600000381
1994-11-09,2.402731419,9.619999886
1994-11-10,2.397733688,9.600000381
1994-11-11,2.397733688,9.600000381
1994-11-14,2.405228376,9.630000114
1994-11-15,2.405228376,9.630000114
1994-11-16,2.397733688,9.600000381
1994-11-17,2.392738342,9.579999924
1994-11-18,2.392738342,9.579999924
1994-11-21,2.390241623,9.569999695
1994-11-22,2.392738342,9.579999924
1994-11-23,2.415220261,9.670000076
1994-11-25,2.415220261,9.670000076
1994-11-28,2.405228376,9.630000114
1994-11-29,2.395239592,9.590000153
1994-11-30,2.413572073,9.609999657
1994-12-01,2.411058664,9.600000381
1994-12-02,2.421105623,9.640000343
1994-12-05,2.418595552,9.630000114
1994-12-06,2.431152821,9.680000305
1994-12-07,2.423616648,9.649999619
1994-12-08,2.423616648,9.649999619
1994-12-09,2.421105623,9.640000343
1994-12-12,2.413572073,9.609999657
1994-12-13,2.416084528,9.619999886
1994-12-14,2.418595552,9.630000114
1994-12-15,2.423616648,9.649999619
1994-12-16,2.421105623,9.640000343
1994-12-19,2.421105623,9.640000343
1994-12-20,2.421105623,9.640000343
1994-12-21,2.423616648,9.649999619
1994-12-22,2.418595552,9.630000114
1994-12-23,2.416084528,9.619999886
1994-12-27,2.426129341,9.659999847
1994-12-28,2.421105623,9.640000343
1994-12-29,2.418595552,9.630000114
1994-12-30,2.432741642,9.630000114
1995-01-03,2.425163269,9.600000381
1995-01-04,2.435266495,9.640000343
1995-01-05,2.425163269,9.600000381
1995-01-06,2.427689552,9.609999657
1995-01-09,2.422638655,9.590000153
1995-01-10,2.430217505,9.619999886
1995-01-11,2.435266495,9.640000343
1995-01-12,2.432741642,9.630000114
1995-01-13,2.447899818,9.68999958
1995-01-16,2.450425148,9.699999809
1995-01-17,2.447899818,9.68999958
1995-01-18,2.447899818,9.68999958
1995-01-19,2.442848206,9.670000076
1995-01-20,2.430217505,9.619999886
1995-01-23,2.430217505,9.619999886
1995-01-24,2.427689552,9.609999657
1995-01-25,2.435266495,9.640000343
1995-01-26,2.442848206,9.670000076
1995-01-27,2.458003283,9.729999542
1995-01-30,2.460531712,9.739999771
1995-01-31,2.48009491,9.760000229
1995-02-01,2.469931841,9.720000267
1995-02-02,2.469931841,9.720000267
1995-02-03,2.492800713,9.81000042
1995-02-06,2.492800713,9.81000042
1995-02-07,2.490260124,9.800000191
1995-02-08,2.492800713,9.81000042
1995-02-09,2.485175371,9.779999733
1995-02-10,2.477555513,9.75
1995-02-13,2.477555513,9.75
1995-02-14,2.490260124,9.800000191
1995-02-15,2.500422716,9.840000153
1995-02-16,2.505506039,9.859999657
1995-02-17,2.502967834,9.850000381
1995-02-21,2.500422716,9.840000153
1995-02-22,2.513129234,9.890000343
1995-02-23,2.515671492,9.899999619
1995-02-24,2.515671492,9.899999619
1995-02-27,2.528377771,9.949999809
1995-02-28,2.544212818,9.960000038
1995-03-01,2.544212818,9.960000038
1995-03-02,2.536549568,9.930000305
1995-03-03,2.52633214,9.890000343
1995-03-06,2.521221161,9.869999886
1995-03-07,2.516116381,9.850000381
1995-03-08,2.52888751,9.899999619
1995-03-09,2.539105177,9.93999958
1995-03-10,2.544212818,9.960000038
1995-03-13,2.551878929,9.989999771
1995-03-14,2.564650774,10.03999996
1995-03-15,2.562092543,10.02999973
1995-03-16,2.564650774,10.03999996
1995-03-17,2.556985617,10.01000023
1995-03-20,2.556985617,10.01000023
1995-03-21,2.549322844,9.979999542
1995-03-22,2.546770811,9.970000267
1995-03-23,2.544212818,9.960000038
1995-03-24,2.562092543,10.02999973
1995-03-27,2.567201853,10.05000019
1995-03-28,2.551878929,9.989999771
1995-03-29,2.554430485,10
1995-03-30,2.546770811,9.970000267
1995-03-31,2.558842421,9.960000038
1995-04-03,2.569120646,10
1995-04-04,2.57168746,10.01000023
1995-04-05,2.57425952,10.02000046
1995-04-06,2.576824665,10.02999973
1995-04-07,2.57425952,10.02000046
1995-04-10,2.57425952,10.02000046
1995-04-11,2.576824665,10.02999973
1995-04-12,2.579397678,10.03999996
1995-04-13,2.587102652,10.06999969
1995-04-17,2.587102652,10.06999969
1995-04-18,2.587102652,10.06999969
1995-04-19,2.584534645,10.06000042
1995-04-20,2.589671612,10.07999992
1995-04-21,2.592241764,10.09000015
1995-04-24,2.59481144,10.10000038
1995-04-25,2.592241764,10.09000015
1995-04-26,2.592241764,10.09000015
1995-04-27,2.587102652,10.06999969
1995-04-28,2.598728418,10.06000042
1995-05-01,2.596144915,10.05000019
1995-05-02,2.601311207,10.06999969
1995-05-03,2.616811037,10.13000011
1995-05-04,2.629725695,10.18000031
1995-05-05,2.652975321,10.27000046
1995-05-08,2.652975321,10.27000046
1995-05-09,2.665892601,10.31999969
1995-05-10,2.655557394,10.27999973
1995-05-11,2.652975321,10.27000046
1995-05-12,2.650393724,10.26000023
1995-05-15,2.66072607,10.30000019
1995-05-16,2.671057463,10.34000015
1995-05-17,2.671057463,10.34000015
1995-05-18,2.663306475,10.31000042
1995-05-19,2.66072607,10.30000019
1995-05-22,2.658142328,10.28999996
1995-05-23,2.668476105,10.32999992
1995-05-24,2.686556339,10.39999962
1995-05-25,2.691723108,10.42000008
1995-05-26,2.689140081,10.40999985
1995-05-30,2.704640388,10.47000027
1995-05-31,2.722040892,10.47999954
1995-06-01,2.737627745,10.53999996
1995-06-02,2.753211021,10.60000038
1995-06-05,2.755807638,10.60999966
1995-06-06,2.750613689,10.59000015
1995-06-07,2.737627745,10.53999996
1995-06-08,2.7246418,10.48999977
1995-06-09,2.701262951,10.39999962
1995-06-12,2.706457376,10.42000008
1995-06-13,2.745416641,10.56999969
1995-06-14,2.742823601,10.56000042
1995-06-15,2.735029936,10.52999973
1995-06-16,2.732431173,10.52000046
1995-06-19,2.745416641,10.56999969
1995-06-20,2.737627745,10.53999996
1995-06-21,2.742823601,10.56000042
1995-06-22,2.755807638,10.60999966
1995-06-23,2.750613689,10.59000015
1995-06-26,2.742823601,10.56000042
1995-06-27,2.740222454,10.55000019
1995-06-28,2.742823601,10.56000042
1995-06-29,2.722040892,10.47999954
1995-06-30,2.744236708,10.51000023
1995-07-03,2.744236708,10.51000023
1995-07-05,2.746847391,10.52000046
1995-07-06,2.770348549,10.60999966
1995-07-07,2.770348549,10.60999966
1995-07-10,2.77295804,10.61999989
1995-07-11,2.765124798,10.59000015
1995-07-12,2.765124798,10.59000015
1995-07-13,2.765124798,10.59000015
1995-07-14,2.754678965,10.55000019
1995-07-17,2.744236708,10.51000023
1995-07-18,2.73379159,10.47000027
1995-07-19,2.715512514,10.39999962
1995-07-20,2.7129035,10.39000034
1995-07-21,2.699846268,10.34000015
1995-07-24,2.710292101,10.38000011
1995-07-25,2.7129035,10.39000034
1995-07-26,2.705068588,10.35999966
1995-07-27,2.7129035,10.39000034
1995-07-28,2.707680702,10.36999989
1995-07-31,2.727633715,10.39000034
1995-08-01,2.722382784,10.36999989
1995-08-02,2.730256796,10.39999962
1995-08-03,2.717129469,10.35000038
1995-08-04,2.722382784,10.36999989
1995-08-07,2.725007772,10.38000011
1995-08-08,2.725007772,10.38000011
1995-08-09,2.719755173,10.35999966
1995-08-10,2.717129469,10.35000038
1995-08-11,2.701379061,10.28999996
1995-08-14,2.701379061,10.28999996
1995-08-15,2.706629276,10.31000042
1995-08-16,2.709257126,10.31999969
1995-08-17,2.706629276,10.31000042
1995-08-18,2.706629276,10.31000042
1995-08-21,2.711881876,10.32999992
1995-08-22,2.709257126,10.31999969
1995-08-23,2.704007387,10.30000019
1995-08-24,2.717129469,10.35000038
1995-08-25,2.735508204,10.42000008
1995-08-28,2.740760803,10.43999958
1995-08-29,2.738132477,10.43000031
1995-08-30,2.740760803,10.43999958
1995-08-31,2.763457775,10.47000027
1995-09-01,2.774016619,10.51000023
1995-09-05,2.779294729,10.52999973
1995-09-06,2.781936169,10.53999996
1995-09-07,2.774016619,10.51000023
1995-09-08,2.771379709,10.5
1995-09-11,2.771379709,10.5
1995-09-12,2.781936169,10.53999996
1995-09-13,2.776655197,10.52000046
1995-09-14,2.789852381,10.56999969
1995-09-15,2.787213087,10.56000042
1995-09-18,2.779294729,10.52999973
1995-09-19,2.781936169,10.53999996
1995-09-20,2.787213087,10.56000042
1995-09-21,2.771379709,10.5
1995-09-22,2.766098499,10.47999954
1995-09-25,2.766098499,10.47999954
1995-09-26,2.763457775,10.47000027
1995-09-27,2.760819197,10.46000004
1995-09-28,2.763457775,10.47000027
1995-09-29,2.788399696,10.51000023
1995-10-02,2.79370451,10.52999973
1995-10-03,2.799008846,10.55000019
1995-10-04,2.804316998,10.56999969
1995-10-05,2.806966782,10.57999992
1995-10-06,2.809624195,10.59000015
1995-10-09,2.806966782,10.57999992
1995-10-10,2.806966782,10.57999992
1995-10-11,2.806966782,10.57999992
1995-10-12,2.812274933,10.60000038
1995-10-13,2.825540066,10.64999962
1995-10-16,2.822886944,10.64000034
1995-10-17,2.82819581,10.65999985
1995-10-18,2.822886944,10.64000034
1995-10-19,2.822886944,10.64000034
1995-10-20,2.814930439,10.60999966
1995-10-23,2.809624195,10.59000015
1995-10-24,2.820235729,10.63000011
1995-10-25,2.820235729,10.63000011
1995-10-26,2.814930439,10.60999966
1995-10-27,2.820235729,10.63000011
1995-10-30,2.820235729,10.63000011
1995-10-31,2.837836742,10.64000034
1995-11-01,2.845838785,10.67000008
1995-11-02,2.853841782,10.69999981
1995-11-03,2.851171255,10.68999958
1995-11-06,2.848506689,10.68000031
1995-11-07,2.843173981,10.65999985
1995-11-08,2.853841782,10.69999981
1995-11-09,2.848506689,10.68000031
1995-11-10,2.843173981,10.65999985
1995-11-13,2.848506689,10.68000031
1995-11-14,2.845838785,10.67000008
1995-11-15,2.843173981,10.65999985
1995-11-16,2.851171255,10.68999958
1995-11-17,2.856509209,10.71000004
1995-11-20,2.853841782,10.69999981
1995-11-21,2.848506689,10.68000031
1995-11-22,2.845838785,10.67000008
1995-11-24,2.851171255,10.68999958
1995-11-27,2.856509209,10.71000004
1995-11-28,2.856509209,10.71000004
1995-11-29,2.861842871,10.72999954
1995-11-30,2.889719486,10.77999973
1995-12-01,2.89508152,10.80000019
1995-12-04,2.908483505,10.85000038
1995-12-05,2.903125286,10.82999992
1995-12-06,2.900442362,10.81999969
1995-12-07,2.892401218,10.78999996
1995-12-08,2.892401218,10.78999996
1995-12-11,2.897763252,10.81000042
1995-12-12,2.892401218,10.78999996
1995-12-13,2.889719486,10.77999973
1995-12-14,2.889719486,10.77999973
1995-12-15,2.889719486,10.77999973
1995-12-18,2.876316547,10.72999954
1995-12-19,2.892401218,10.78999996
1995-12-20,2.889719486,10.77999973
1995-12-21,2.889719486,10.77999973
1995-12-22,2.897763252,10.81000042
1995-12-26,2.900442362,10.81999969
1995-12-27,2.903125286,10.82999992
1995-12-28,2.911166906,10.85999966
1995-12-29,2.931644917,10.88000011
1996-01-02,2.931644917,10.88000011
1996-01-03,2.93433857,10.89000034
1996-01-04,2.926255941,10.85999966
1996-01-05,2.918173075,10.82999992
1996-01-08,2.918173075,10.82999992
1996-01-09,2.918173075,10.82999992
1996-01-10,2.902003527,10.77000046
1996-01-11,2.907393456,10.78999996
1996-01-12,2.912783384,10.81000042
1996-01-15,2.912783384,10.81000042
1996-01-16,2.92355895,10.85000038
1996-01-17,2.93433857,10.89000034
1996-01-18,2.939725876,10.90999985
1996-01-19,2.942424059,10.92000008
1996-01-22,2.928948879,10.86999989
1996-01-23,2.92355895,10.85000038
1996-01-24,2.928948879,10.86999989
1996-01-25,2.915475845,10.81999969
1996-01-26,2.926255941,10.85999966
1996-01-29,2.920866251,10.84000015
1996-01-30,2.931644917,10.88000011
1996-01-31,2.951957226,10.89999962
1996-02-01,2.951957226,10.89999962
1996-02-02,2.94383049,10.86999989
1996-02-05,2.941124201,10.85999966
1996-02-06,2.94383049,10.86999989
1996-02-07,2.94383049,10.86999989
1996-02-08,2.94383049,10.86999989
1996-02-09,2.946540356,10.88000011
1996-02-12,2.954662323,10.90999985
1996-02-13,2.960080385,10.93000031
1996-02-14,2.954662323,10.90999985
1996-02-15,2.941124201,10.85999966
1996-02-16,2.930288553,10.81999969
1996-02-20,2.88966608,10.67000008
1996-02-21,2.89508152,10.68999958
1996-02-22,2.905915022,10.72999954
1996-02-23,2.89508152,10.68999958
1996-02-26,2.88966608,10.67000008
1996-02-27,2.881543636,10.64000034
1996-02-28,2.868001938,10.59000015
1996-02-29,2.881880045,10.59000015
1996-03-01,2.900931835,10.65999985
1996-03-04,2.914536476,10.71000004
1996-03-05,2.903650045,10.67000008
1996-03-06,2.890040636,10.61999989
1996-03-07,2.887323141,10.60999966
1996-03-08,2.830177069,10.39999962
1996-03-11,2.843779325,10.44999981
1996-03-12,2.838336229,10.43000031
1996-03-13,2.838336229,10.43000031
1996-03-14,2.835614443,10.42000008
1996-03-15,2.819288015,10.35999966
1996-03-18,2.824731827,10.38000011
1996-03-19,2.827455282,10.39000034
1996-03-20,2.841059446,10.43999958
1996-03-21,2.849225521,10.47000027
1996-03-22,2.838336229,10.43000031
1996-03-25,2.85194397,10.47999954
1996-03-26,2.85194397,10.47999954
1996-03-27,2.835614443,10.42000008
1996-03-28,2.822009563,10.36999989
1996-03-29,2.850461006,10.42000008
1996-04-01,2.855930567,10.43999958
1996-04-02,2.864139795,10.47000027
1996-04-03,2.85866785,10.44999981
1996-04-04,2.847723961,10.40999985
1996-04-08,2.801220655,10.23999977
1996-04-09,2.812161684,10.27999973
1996-04-10,2.801220655,10.23999977
1996-04-11,2.793011427,10.21000004
1996-04-12,2.820367336,10.31000042
1996-04-15,2.828578234,10.34000015
1996-04-16,2.825839996,10.32999992
1996-04-17,2.817634821,10.30000019
1996-04-18,2.809428215,10.27000046
1996-04-19,2.820367336,10.31000042
1996-04-22,2.828578234,10.34000015
1996-04-23,2.825839996,10.32999992
1996-04-24,2.817634821,10.30000019
1996-04-25,2.820367336,10.31000042
1996-04-26,2.823104143,10.31999969
1996-04-29,2.817634821,10.30000019
1996-04-30,2.821207523,10.26000023
1996-05-01,2.818459988,10.25
1996-05-02,2.79370904,10.15999985
1996-05-03,2.785461903,10.13000011
1996-05-06,2.790960073,10.14999962
1996-05-07,2.78821063,10.14000034
1996-05-08,2.799211264,10.18000031
1996-05-09,2.79370904,10.15999985
1996-05-10,2.807462931,10.21000004
1996-05-13,2.812958241,10.22999954
1996-05-14,2.823959112,10.27000046
1996-05-15,2.823959112,10.27000046
1996-05-16,2.812958241,10.22999954
1996-05-17,2.823959112,10.27000046
1996-05-20,2.826707602,10.27999973
1996-05-21,2.823959112,10.27000046
1996-05-22,2.826707602,10.27999973
1996-05-23,2.818459988,10.25
1996-05-24,2.823959112,10.27000046
1996-05-28,2.821207523,10.26000023
1996-05-29,2.807462931,10.21000004
1996-05-30,2.804711342,10.19999981
1996-05-31,2.808855772,10.15999985
1996-06-03,2.806090832,10.14999962
1996-06-04,2.808855772,10.15999985
1996-06-05,2.814386845,10.18000031
1996-06-06,2.825445414,10.22000027
1996-06-07,2.795033932,10.10999966
1996-06-10,2.792269468,10.10000038
1996-06-11,2.789504766,10.09000015
1996-06-12,2.78120923,10.06000042
1996-06-13,2.786738634,10.07999992
1996-06-14,2.795033932,10.10999966
1996-06-17,2.803326607,10.14000034
1996-06-18,2.800563097,10.13000011
1996-06-19,2.795033932,10.10999966
1996-06-20,2.792269468,10.10000038
1996-06-21,2.795033932,10.10999966
1996-06-24,2.800563097,10.13000011
1996-06-25,2.806090832,10.14999962
1996-06-26,2.806090832,10.14999962
1996-06-27,2.819916725,10.19999981
1996-06-28,2.851317883,10.26000023
1996-07-01,2.848539352,10.25
1996-07-02,2.840203524,10.22000027
1996-07-03,2.845761061,10.23999977
1996-07-05,2.798517227,10.06999969
1996-07-08,2.798517227,10.06999969
1996-07-09,2.806854248,10.10000038
1996-07-10,2.817969084,10.14000034
1996-07-11,2.820747614,10.14999962
1996-07-12,2.829087257,10.18000031
1996-07-15,2.823527098,10.15999985
1996-07-16,2.831866026,10.18999958
1996-07-17,2.829087257,10.18000031
1996-07-18,2.848539352,10.25
1996-07-19,2.840203524,10.22000027
1996-07-22,2.831866026,10.18999958
1996-07-23,2.837426901,10.21000004
1996-07-24,2.829087257,10.18000031
1996-07-25,2.829087257,10.18000031
1996-07-26,2.831866026,10.18999958
1996-07-29,2.820747614,10.14999962
1996-07-30,2.826307535,10.17000008
1996-07-31,2.85564661,10.22000027
1996-08-01,2.878000498,10.30000019
1996-08-02,2.900350332,10.38000011
1996-08-05,2.897558928,10.36999989
1996-08-06,2.894764662,10.35999966
1996-08-07,2.894764662,10.35999966
1996-08-08,2.891966343,10.35000038
1996-08-09,2.90314889,10.39000034
1996-08-12,2.90314889,10.39000034
1996-08-13,2.889176846,10.34000015
1996-08-14,2.891966343,10.35000038
1996-08-15,2.883591175,10.31999969
1996-08-16,2.891966343,10.35000038
1996-08-19,2.889176846,10.34000015
1996-08-20,2.889176846,10.34000015
1996-08-21,2.883591175,10.31999969
1996-08-22,2.883591175,10.31999969
1996-08-23,2.869619131,10.27000046
1996-08-26,2.85564661,10.22000027
1996-08-27,2.858440638,10.22999954
1996-08-28,2.85564661,10.22000027
1996-08-29,2.844468832,10.18000031
1996-08-30,2.84587574,10.13000011
1996-09-03,2.851492882,10.14999962
1996-09-04,2.848685265,10.14000034
1996-09-05,2.837445498,10.10000038
1996-09-06,2.84587574,10.13000011
1996-09-09,2.854305267,10.15999985
1996-09-10,2.848685265,10.14000034
1996-09-11,2.848685265,10.14000034
1996-09-12,2.857111692,10.17000008
1996-09-13,2.879586458,10.25
1996-09-16,2.879586458,10.25
1996-09-17,2.865540981,10.19999981
1996-09-18,2.862730265,10.18999958
1996-09-19,2.859919548,10.18000031
1996-09-20,2.862730265,10.18999958
1996-09-23,2.865540981,10.19999981
1996-09-24,2.873967171,10.22999954
1996-09-25,2.885206699,10.27000046
1996-09-26,2.893634558,10.30000019
1996-09-27,2.888014317,10.27999973
1996-09-30,2.900158644,10.27000046
1996-10-01,2.908630133,10.30000019
1996-10-02,2.917097569,10.32999992
1996-10-03,2.917097569,10.32999992
1996-10-04,2.936863661,10.39999962
1996-10-07,2.928398609,10.36999989
1996-10-08,2.925573587,10.35999966
1996-10-09,2.922750473,10.35000038
1996-10-10,2.911454201,10.31000042
1996-10-11,2.922750473,10.35000038
1996-10-14,2.922750473,10.35000038
1996-10-15,2.922750473,10.35000038
1996-10-16,2.919924498,10.34000015
1996-10-17,2.931220293,10.38000011
1996-10-18,2.931220293,10.38000011
1996-10-21,2.928398609,10.36999989
1996-10-22,2.922750473,10.35000038
1996-10-23,2.925573587,10.35999966
1996-10-24,2.922750473,10.35000038
1996-10-25,2.928398609,10.36999989
1996-10-28,2.925573587,10.35999966
1996-10-29,2.950987816,10.44999981
1996-10-30,2.950987816,10.44999981
1996-10-31,2.972277403,10.47000027
1996-11-01,2.969438791,10.46000004
1996-11-04,2.972277403,10.47000027
1996-11-05,2.983636856,10.51000023
1996-11-06,2.980794668,10.5
1996-11-07,2.989310503,10.52999973
1996-11-08,2.983636856,10.51000023
1996-11-11,2.983636856,10.51000023
1996-11-12,2.994990826,10.55000019
1996-11-13,2.989310503,10.52999973
1996-11-14,3.003505468,10.57999992
1996-11-15,2.997827768,10.56000042
1996-11-18,2.994990826,10.55000019
1996-11-19,3.000666618,10.56999969
1996-11-20,3.003505468,10.57999992
1996-11-21,3.003505468,10.57999992
1996-11-22,3.003505468,10.57999992
1996-11-25,3.006345272,10.59000015
1996-11-26,3.003505468,10.57999992
1996-11-27,3.003505468,10.57999992
1996-11-29,3.033180952,10.63000011
1996-12-02,3.030326843,10.61999989
1996-12-03,3.033180952,10.63000011
1996-12-04,3.021770239,10.59000015
1996-12-05,3.007501125,10.53999996
1996-12-06,2.998942137,10.51000023
1996-12-09,3.010357141,10.55000019
1996-12-10,3.007501125,10.53999996
1996-12-11,2.981820583,10.44999981
1996-12-12,2.978964806,10.43999958
1996-12-13,2.990381718,10.47999954
1996-12-16,2.981820583,10.44999981
1996-12-17,2.976114511,10.43000031
1996-12-18,2.970406055,10.40999985
1996-12-19,2.987526178,10.47000027
1996-12-20,2.987526178,10.47000027
1996-12-23,2.987526178,10.47000027
1996-12-24,2.984671116,10.46000004
1996-12-26,2.984671116,10.46000004
1996-12-27,2.993233919,10.48999977
1996-12-30,2.993233919,10.48999977
1996-12-31,2.989220381,10.42000008
1997-01-02,2.972005844,10.35999966
1997-01-03,2.974875689,10.36999989
1997-01-06,2.972005844,10.35999966
1997-01-07,2.969135284,10.35000038
1997-01-08,2.966269255,10.34000015
1997-01-09,2.977742672,10.38000011
1997-01-10,2.957662106,10.31000042
1997-01-13,2.960529089,10.31999969
1997-01-14,2.974875689,10.36999989
1997-01-15,2.974875689,10.36999989
1997-01-16,2.966269255,10.34000015
1997-01-17,2.969135284,10.35000038
1997-01-20,2.969135284,10.35000038
1997-01-21,2.974875689,10.36999989
1997-01-22,2.969135284,10.35000038
1997-01-23,2.963398695,10.32999992
1997-01-24,2.957662106,10.31000042
1997-01-27,2.951926231,10.28999996
1997-01-28,2.957662106,10.31000042
1997-01-29,2.957662106,10.31000042
1997-01-30,2.963398695,10.32999992
1997-01-31,2.991089821,10.36999989
1997-02-03,3.002626657,10.40999985
1997-02-04,3.00551343,10.42000008
1997-02-05,3.002626657,10.40999985
1997-02-06,2.999740362,10.39999962
1997-02-07,3.011278868,10.43999958
1997-02-10,3.011278868,10.43999958
1997-02-11,3.008397341,10.43000031
1997-02-12,3.008397341,10.43000031
1997-02-13,3.019931793,10.47000027
1997-02-14,3.028585911,10.5
1997-02-18,3.025699854,10.48999977
1997-02-19,3.022814989,10.47999954
1997-02-20,3.011278868,10.43999958
1997-02-21,3.014164209,10.44999981
1997-02-24,3.008397341,10.43000031
1997-02-25,3.008397341,10.43000031
1997-02-26,2.982436419,10.34000015
1997-02-27,2.982436419,10.34000015
1997-02-28,2.994029284,10.32999992
1997-03-03,2.991131067,10.31999969
1997-03-04,2.985333443,10.30000019
1997-03-05,2.985333443,10.30000019
1997-03-06,2.982437372,10.28999996
1997-03-07,2.991131067,10.31999969
1997-03-10,2.991131067,10.31999969
1997-03-11,2.991131067,10.31999969
1997-03-12,2.985333443,10.30000019
1997-03-13,2.967945337,10.23999977
1997-03-14,2.970842123,10.25
1997-03-17,2.967945337,10.23999977
1997-03-18,2.967945337,10.23999977
1997-03-19,2.965045929,10.22999954
1997-03-20,2.962148905,10.22000027
1997-03-21,2.962148905,10.22000027
1997-03-24,2.965045929,10.22999954
1997-03-25,2.962148905,10.22000027
1997-03-26,2.953450918,10.18999958
1997-03-27,2.936060667,10.13000011
1997-03-31,2.955003023,10.14000034
1997-04-01,2.957918406,10.14999962
1997-04-02,2.960834503,10.15999985
1997-04-03,2.960834503,10.15999985
1997-04-04,2.952088356,10.13000011
1997-04-07,2.960834503,10.15999985
1997-04-08,2.955003023,10.14000034
1997-04-09,2.955003023,10.14000034
1997-04-10,2.955003023,10.14000034
1997-04-11,2.943348408,10.10000038
1997-04-14,2.943348408,10.10000038
1997-04-15,2.957918406,10.14999962
1997-04-16,2.955003023,10.14000034
1997-04-17,2.960834503,10.15999985
1997-04-18,2.963747501,10.17000008
1997-04-21,2.960834503,10.15999985
1997-04-22,2.963747501,10.17000008
1997-04-23,2.957918406,10.14999962
1997-04-24,2.949175835,10.11999989
1997-04-25,2.949175835,10.11999989
1997-04-28,2.952088356,10.13000011
1997-04-29,2.975402832,10.21000004
1997-04-30,3.002645969,10.25
1997-05-01,3.005576134,10.26000023
1997-05-02,3.008507252,10.27000046
1997-05-05,3.008507252,10.27000046
1997-05-06,3.008507252,10.27000046
1997-05-07,2.99678731,10.22999954
1997-05-08,3.002645969,10.25
1997-05-09,3.011436224,10.27999973
1997-05-12,3.011436224,10.27999973
1997-05-13,3.002645969,10.25
1997-05-14,3.008507252,10.27000046
1997-05-15,3.011436224,10.27999973
1997-05-16,3.005576134,10.26000023
1997-05-19,3.005576134,10.26000023
1997-05-20,3.008507252,10.27000046
1997-05-21,3.002645969,10.25
1997-05-22,2.99678731,10.22999954
1997-05-23,2.999720097,10.23999977
1997-05-27,2.993860006,10.22000027
1997-05-28,2.993860006,10.22000027
1997-05-29,2.999720097,10.23999977
1997-05-30,3.027698755,10.27999973
1997-06-02,3.027698755,10.27999973
1997-06-03,3.033586502,10.30000019
1997-06-04,3.033586502,10.30000019
1997-06-05,3.033586502,10.30000019
1997-06-06,3.048313379,10.35000038
1997-06-09,3.039479017,10.31999969
1997-06-10,3.036532164,10.31000042
1997-06-11,3.036532164,10.31000042
1997-06-12,3.048313379,10.35000038
1997-06-13,3.054204941,10.36999989
1997-06-16,3.060095549,10.39000034
1997-06-17,3.054204941,10.36999989
1997-06-18,3.057148695,10.38000011
1997-06-19,3.057148695,10.38000011
1997-06-20,3.063038111,10.39999962
1997-06-23,3.057148695,10.38000011
1997-06-24,3.057148695,10.38000011
1997-06-25,3.051259995,10.35999966
1997-06-26,3.045370579,10.34000015
1997-06-27,3.051259995,10.35999966
1997-06-30,3.058067322,10.32999992
1997-07-01,3.066949129,10.35999966
1997-07-02,3.07286787,10.38000011
1997-07-03,3.087673903,10.43000031
1997-07-07,3.093592882,10.44999981
1997-07-08,3.090634584,10.43999958
1997-07-09,3.093592882,10.44999981
1997-07-10,3.093592882,10.44999981
1997-07-11,3.096552372,10.46000004
1997-07-14,3.093592882,10.44999981
1997-07-15,3.093592882,10.44999981
1997-07-16,3.099512339,10.47000027
1997-07-17,3.102472067,10.47999954
1997-07-18,3.096552372,10.46000004
1997-07-21,3.093592882,10.44999981
1997-07-22,3.108394623,10.5
1997-07-23,3.111355782,10.51000023
1997-07-24,3.108394623,10.5
1997-07-25,3.105429649,10.48999977
1997-07-28,3.108394623,10.5
1997-07-29,3.117275715,10.52999973
1997-07-30,3.123195887,10.55000019
1997-07-31,3.145214558,10.56999969
1997-08-01,3.118433714,10.47999954
1997-08-04,3.115458727,10.47000027
1997-08-05,3.115458727,10.47000027
1997-08-06,3.118433714,10.47999954
1997-08-07,3.115458727,10.47000027
1997-08-08,3.091656446,10.39000034
1997-08-11,3.097608328,10.40999985
1997-08-12,3.094629526,10.39999962
1997-08-13,3.097608328,10.40999985
1997-08-14,3.106535435,10.43999958
1997-08-15,3.109508753,10.44999981
1997-08-18,3.115458727,10.47000027
1997-08-19,3.115458727,10.47000027
1997-08-20,3.109508753,10.44999981
1997-08-21,3.103559494,10.43000031
1997-08-22,3.094629526,10.39999962
1997-08-25,3.091656446,10.39000034
1997-08-26,3.091656446,10.39000034
1997-08-27,3.091656446,10.39000034
1997-08-28,3.103559494,10.43000031
1997-08-29,3.114028931,10.40999985
1997-09-02,3.120011806,10.43000031
1997-09-03,3.117021322,10.42000008
1997-09-04,3.114028931,10.40999985
1997-09-05,3.11103487,10.39999962
1997-09-08,3.114028931,10.40999985
1997-09-09,3.114028931,10.40999985
1997-09-10,3.11103487,10.39999962
1997-09-11,3.108046293,10.39000034
1997-09-12,3.120011806,10.43000031
1997-09-15,3.123003244,10.43999958
1997-09-16,3.146936178,10.52000046
1997-09-17,3.146936178,10.52000046
1997-09-18,3.146936178,10.52000046
1997-09-19,3.146936178,10.52000046
1997-09-22,3.152914762,10.53999996
1997-09-23,3.146936178,10.52000046
1997-09-24,3.152914762,10.53999996
1997-09-25,3.143940926,10.51000023
1997-09-26,3.146936178,10.52000046
1997-09-29,3.146936178,10.52000046
1997-09-30,3.159862995,10.51000023
1997-10-01,3.168877363,10.53999996
1997-10-02,3.174891949,10.56000042
1997-10-03,3.174891949,10.56000042
1997-10-06,3.180907249,10.57999992
1997-10-07,3.183913469,10.59000015
1997-10-08,3.162867308,10.52000046
1997-10-09,3.162867308,10.52000046
1997-10-10,3.153845072,10.48999977
1997-10-13,3.153845072,10.48999977
1997-10-14,3.165872574,10.52999973
1997-10-15,3.159862995,10.51000023
1997-10-16,3.159862995,10.51000023
1997-10-17,3.150839567,10.47999954
1997-10-20,3.150839567,10.47999954
1997-10-21,3.150839567,10.47999954
1997-10-22,3.153845072,10.48999977
1997-10-23,3.165872574,10.52999973
1997-10-24,3.171887398,10.55000019
1997-10-27,3.195937395,10.63000011
1997-10-28,3.174891949,10.56000042
1997-10-29,3.180907249,10.57999992
1997-10-30,3.192929983,10.61999989
1997-10-31,3.212577105,10.63000011
1997-11-03,3.200486898,10.59000015
1997-11-04,3.191421747,10.56000042
1997-11-05,3.194443226,10.56999969
1997-11-06,3.200486898,10.59000015
1997-11-07,3.200486898,10.59000015
1997-11-10,3.197464228,10.57999992
1997-11-11,3.197464228,10.57999992
1997-11-12,3.203510284,10.60000038
1997-11-13,3.206532001,10.60999966
1997-11-14,3.206532001,10.60999966
1997-11-17,3.20955348,10.61999989
1997-11-18,3.20955348,10.61999989
1997-11-19,3.212577105,10.63000011
1997-11-20,3.20955348,10.61999989
1997-11-21,3.212577105,10.63000011
1997-11-24,3.20955348,10.61999989
1997-11-25,3.20955348,10.61999989
1997-11-26,3.206532001,10.60999966
1997-11-28,3.222629786,10.60999966
1997-12-01,3.222629786,10.60999966
1997-12-02,3.222629786,10.60999966
1997-12-03,3.228702307,10.63000011
1997-12-04,3.228702307,10.63000011
1997-12-05,3.216552734,10.59000015
1997-12-08,3.20744276,10.56000042
1997-12-09,3.20744276,10.56000042
1997-12-10,3.216552734,10.59000015
1997-12-11,3.231743097,10.64000034
1997-12-12,3.240853786,10.67000008
1997-12-15,3.234779358,10.64999962
1997-12-16,3.237817526,10.65999985
1997-12-17,3.231743097,10.64000034
1997-12-18,3.237817526,10.65999985
1997-12-19,3.246929169,10.68999958
1997-12-22,3.246929169,10.68999958
1997-12-23,3.243889809,10.68000031
1997-12-24,3.243889809,10.68000031
1997-12-26,3.243889809,10.68000031
1997-12-29,3.240853786,10.67000008
1997-12-30,3.231743097,10.64000034
1997-12-31,3.258001089,10.67000008
1998-01-02,3.270215034,10.71000004
1998-01-05,3.29769659,10.80000019
1998-01-06,3.30074954,10.81000042
1998-01-07,3.291589499,10.77999973
1998-01-08,3.306854963,10.82999992
1998-01-09,3.319070101,10.86999989
1998-01-12,3.319070101,10.86999989
1998-01-13,3.312961102,10.85000038
1998-01-14,3.306854963,10.82999992
1998-01-15,3.306854963,10.82999992
1998-01-16,3.29769659,10.80000019
1998-01-20,3.291589499,10.77999973
1998-01-21,3.294639587,10.78999996
1998-01-22,3.294639587,10.78999996
1998-01-23,3.270215034,10.71000004
1998-01-26,3.279374838,10.73999977
1998-01-27,3.270215034,10.71000004
1998-01-28,3.270215034,10.71000004
1998-01-29,3.291589499,10.77999973
1998-01-30,3.314300299,10.80000019
1998-02-02,3.308160067,10.77999973
1998-02-03,3.308160067,10.77999973
1998-02-04,3.308160067,10.77999973
1998-02-05,3.298955917,10.75
1998-02-06,3.298955917,10.75
1998-02-09,3.292817593,10.72999954
1998-02-10,3.295888424,10.73999977
1998-02-11,3.305092096,10.77000046
1998-02-12,3.308160067,10.77999973
1998-02-13,3.308160067,10.77999973
1998-02-17,3.317369699,10.81000042
1998-02-18,3.308160067,10.77999973
1998-02-19,3.305092096,10.77000046
1998-02-20,3.305092096,10.77000046
1998-02-23,3.295888424,10.73999977
1998-02-24,3.274401665,10.67000008
1998-02-25,3.286680937,10.71000004
1998-02-26,3.280539274,10.68999958
1998-02-27,3.301814318,10.71000004
1998-03-02,3.28640008,10.65999985
1998-03-03,3.277149439,10.63000011
1998-03-04,3.280235052,10.64000034
1998-03-05,3.277149439,10.63000011
1998-03-06,3.283315659,10.64999962
1998-03-09,3.292564631,10.68000031
1998-03-10,3.295645475,10.68999958
1998-03-11,3.298730612,10.69999981
1998-03-12,3.311063528,10.73999977
1998-03-13,3.307980537,10.72999954
1998-03-16,3.314146519,10.75
1998-03-17,3.311063528,10.73999977
1998-03-18,3.307980537,10.72999954
1998-03-19,3.304896593,10.72000027
1998-03-20,3.307980537,10.72999954
1998-03-23,3.307980537,10.72999954
1998-03-24,3.307980537,10.72999954
1998-03-25,3.295645475,10.68999958
1998-03-26,3.289479256,10.67000008
1998-03-27,3.28640008,10.65999985
1998-03-30,3.280235052,10.64000034
1998-03-31,3.306572199,10.67000008
1998-04-01,3.315873146,10.69999981
1998-04-02,3.325170994,10.72999954
1998-04-03,3.340662241,10.77999973
1998-04-06,3.334465504,10.76000023
1998-04-07,3.331367731,10.75
1998-04-08,3.322069645,10.72000027
1998-04-09,3.322069645,10.72000027
1998-04-13,3.306572199,10.67000008
1998-04-14,3.312770605,10.68999958
1998-04-15,3.318967819,10.71000004
1998-04-16,3.322069645,10.72000027
1998-04-17,3.322069645,10.72000027
1998-04-20,3.312770605,10.68999958
1998-04-21,3.306572199,10.67000008
1998-04-22,3.306572199,10.67000008
1998-04-23,3.303477049,10.65999985
1998-04-24,3.306572199,10.67000008
1998-04-27,3.284880638,10.60000038
1998-04-28,3.284880638,10.60000038
1998-04-29,3.281780958,10.59000015
1998-04-30,3.322890282,10.67000008
1998-05-01,3.322890282,10.67000008
1998-05-04,3.322890282,10.67000008
1998-05-05,3.319780111,10.65999985
1998-05-06,3.326003075,10.68000031
1998-05-07,3.326003075,10.68000031
1998-05-08,3.319780111,10.65999985
1998-05-11,3.30420661,10.60999966
1998-05-12,3.319780111,10.65999985
1998-05-13,3.322890282,10.67000008
1998-05-14,3.319780111,10.65999985
1998-05-15,3.316663027,10.64999962
1998-05-18,3.326003075,10.68000031
1998-05-19,3.322890282,10.67000008
1998-05-20,3.332234621,10.69999981
1998-05-21,3.322890282,10.67000008
1998-05-22,3.322890282,10.67000008
1998-05-26,3.335344553,10.71000004
1998-05-27,3.338462353,10.72000027
1998-05-28,3.335344553,10.71000004
1998-05-29,3.355380297,10.72000027
1998-06-01,3.361640692,10.73999977
1998-06-02,3.355380297,10.72000027
1998-06-03,3.355380297,10.72000027
1998-06-04,3.349121809,10.69999981
1998-06-05,3.352247953,10.71000004
1998-06-08,3.352247953,10.71000004
1998-06-09,3.352247953,10.71000004
1998-06-10,3.364769697,10.75
1998-06-11,3.380420685,10.80000019
1998-06-12,3.380420685,10.80000019
1998-06-15,3.386677504,10.81999969
1998-06-16,3.374160528,10.77999973
1998-06-17,3.358508348,10.72999954
1998-06-18,3.364769697,10.75
1998-06-19,3.367896318,10.76000023
1998-06-22,3.371030331,10.77000046
1998-06-23,3.371030331,10.77000046
1998-06-24,3.367896318,10.76000023
1998-06-25,3.364769697,10.75
1998-06-26,3.367896318,10.76000023
1998-06-29,3.367896318,10.76000023
1998-06-30,3.387401819,10.77000046
1998-07-01,3.390545607,10.77999973
1998-07-02,3.393690586,10.78999996
1998-07-06,3.396835804,10.80000019
1998-07-07,3.393690586,10.78999996
1998-07-08,3.390545607,10.77999973
1998-07-09,3.396835804,10.80000019
1998-07-10,3.396835804,10.80000019
1998-07-13,3.387401819,10.77000046
1998-07-14,3.381109953,10.75
1998-07-15,3.381109953,10.75
1998-07-16,3.377964497,10.73999977
1998-07-17,3.377964497,10.73999977
1998-07-20,3.381109953,10.75
1998-07-21,3.387401819,10.77000046
1998-07-22,3.384251356,10.76000023
1998-07-23,3.387401819,10.77000046
1998-07-24,3.387401819,10.77000046
1998-07-27,3.384251356,10.76000023
1998-07-28,3.381109953,10.75
1998-07-29,3.37481761,10.72999954
1998-07-30,3.377964497,10.73999977
1998-07-31,3.395034075,10.73999977
1998-08-03,3.404519081,10.77000046
1998-08-04,3.410840511,10.78999996
1998-08-05,3.410840511,10.78999996
1998-08-06,3.407679081,10.77999973
1998-08-07,3.417161226,10.81000042
1998-08-10,3.417161226,10.81000042
1998-08-11,3.423483849,10.82999992
1998-08-12,3.420320988,10.81999969
1998-08-13,3.414001465,10.80000019
1998-08-14,3.420320988,10.81999969
1998-08-17,3.417161226,10.81000042
1998-08-18,3.417161226,10.81000042
1998-08-19,3.414001465,10.80000019
1998-08-20,3.423483849,10.82999992
1998-08-21,3.439289093,10.88000011
1998-08-24,3.439289093,10.88000011
1998-08-25,3.448771954,10.90999985
1998-08-26,3.458255529,10.93999958
1998-08-27,3.470898867,10.97999954
1998-08-28,3.470898867,10.97999954
1998-08-31,3.503618002,11.02999973
1998-09-01,3.494087934,11
1998-09-02,3.487733841,10.97999954
1998-09-03,3.500438929,11.02000046
1998-09-04,3.503618002,11.02999973
1998-09-08,3.503618002,11.02999973
1998-09-09,3.522676945,11.09000015
1998-09-10,3.560793638,11.21000004
1998-09-11,3.541736364,11.14999962
1998-09-14,3.535382032,11.13000011
1998-09-15,3.532202959,11.11999989
1998-09-16,3.535382032,11.13000011
1998-09-17,3.551266909,11.18000031
1998-09-18,3.567147255,11.22999954
1998-09-21,3.570321798,11.23999977
1998-09-22,3.557618618,11.19999981
1998-09-23,3.570321798,11.23999977
1998-09-24,3.579853773,11.27000046
1998-09-25,3.586203337,11.28999996
1998-09-28,3.583028555,11.27999973
1998-09-29,3.586203337,11.28999996
1998-09-30,3.631197214,11.38000011
1998-10-01,3.650339842,11.43999958
1998-10-02,3.650339842,11.43999958
1998-10-05,3.675868511,11.52000046
1998-10-06,3.659913778,11.47000027
1998-10-07,3.637576818,11.39999962
1998-10-08,3.589712858,11.25
1998-10-09,3.545040846,11.10999966
1998-10-12,3.545040846,11.10999966
1998-10-13,3.551422119,11.13000011
1998-10-14,3.583336592,11.22999954
1998-10-15,3.615240812,11.32999992
1998-10-16,3.612051964,11.31999969
1998-10-19,3.612051964,11.31999969
1998-10-20,3.596096516,11.27000046
1998-10-21,3.589712858,11.25
1998-10-22,3.580142021,11.22000027
1998-10-23,3.567378759,11.18000031
1998-10-26,3.567378759,11.18000031
1998-10-27,3.589712858,11.25
1998-10-28,3.596096516,11.27000046
1998-10-29,3.602475405,11.28999996
1998-10-30,3.603440285,11.23999977
1998-11-02,3.574588299,11.14999962
1998-11-03,3.574588299,11.14999962
1998-11-04,3.552148581,11.07999992
1998-11-05,3.555351496,11.09000015
1998-11-06,3.532909632,11.02000046
1998-11-09,3.545732737,11.06000042
1998-11-10,3.555351496,11.09000015
1998-11-11,3.555351496,11.09000015
1998-11-12,3.564972639,11.11999989
1998-11-13,3.558560133,11.10000038
1998-11-16,3.555351496,11.09000015
1998-11-17,3.552148581,11.07999992
1998-11-18,3.555351496,11.09000015
1998-11-19,3.552148581,11.07999992
1998-11-20,3.558560133,11.10000038
1998-11-23,3.555351496,11.09000015
1998-11-24,3.552148581,11.07999992
1998-11-25,3.555351496,11.09000015
1998-11-27,3.558560133,11.10000038
1998-11-30,3.59108448,11.14999962
1998-12-01,3.603968859,11.18999958
1998-12-02,3.616855383,11.22999954
1998-12-03,3.616855383,11.22999954
1998-12-04,3.607190847,11.19999981
1998-12-07,3.594305277,11.15999985
1998-12-08,3.607190847,11.19999981
1998-12-09,3.620072365,11.23999977
1998-12-10,3.623292208,11.25
1998-12-11,3.607190847,11.19999981
1998-12-14,3.616855383,11.22999954
1998-12-15,3.603968859,11.18999958
1998-12-16,3.613631725,11.22000027
1998-12-17,3.613631725,11.22000027
1998-12-18,3.610409737,11.21000004
1998-12-21,3.597528696,11.17000008
1998-12-22,3.584649563,11.13000011
1998-12-23,3.565320492,11.06999969
1998-12-24,3.552439451,11.02999973
1998-12-28,3.568540096,11.07999992
1998-12-29,3.581422806,11.11999989
1998-12-30,3.59108448,11.14999962
1998-12-31,3.605003119,11.14000034
1999-01-04,3.601765633,11.13000011
1999-01-05,3.592060089,11.10000038
1999-01-06,3.598530769,11.11999989
1999-01-07,3.592060089,11.10000038
1999-01-08,3.572643757,11.03999996
1999-01-11,3.566167831,11.02000046
1999-01-12,3.579113245,11.06000042
1999-01-13,3.592060089,11.10000038
1999-01-14,3.611474514,11.15999985
1999-01-15,3.595296383,11.10999966
1999-01-19,3.592060089,11.10000038
1999-01-20,3.5823493,11.06999969
1999-01-21,3.595296383,11.10999966
1999-01-22,3.608237982,11.14999962
1999-01-25,3.605003119,11.14000034
1999-01-26,3.598530769,11.11999989
1999-01-27,3.605003119,11.14000034
1999-01-28,3.605003119,11.14000034
1999-01-29,3.628737688,11.15999985
1999-02-01,3.609229088,11.10000038
1999-02-02,3.599475622,11.06999969
1999-02-03,3.589718819,11.03999996
1999-02-04,3.576711893,11
1999-02-05,3.566960812,10.97000027
1999-02-08,3.570207834,10.97999954
1999-02-09,3.576711893,11
1999-02-10,3.573461294,10.98999977
1999-02-11,3.573461294,10.98999977
1999-02-12,3.544199944,10.89999962
1999-02-16,3.547452927,10.90999985
1999-02-17,3.557205439,10.93999958
1999-02-18,3.547452927,10.90999985
1999-02-19,3.540946722,10.89000034
1999-02-22,3.550705194,10.92000008
1999-02-23,3.537695885,10.88000011
1999-02-24,3.521437883,10.82999992
1999-02-25,3.498676777,10.76000023
1999-02-26,3.517619371,10.77000046
1999-03-01,3.498022079,10.71000004
1999-03-02,3.504556417,10.72999954
1999-03-03,3.501289606,10.72000027
1999-03-04,3.494758368,10.69999981
1999-03-05,3.507823944,10.73999977
1999-03-08,3.514353991,10.76000023
1999-03-09,3.530681133,10.81000042
1999-03-10,3.52415061,10.78999996
1999-03-11,3.52415061,10.78999996
1999-03-12,3.533951283,10.81999969
1999-03-15,3.53721714,10.82999992
1999-03-16,3.543749571,10.85000038
1999-03-17,3.540484905,10.84000015
1999-03-18,3.543749571,10.85000038
1999-03-19,3.533951283,10.81999969
1999-03-22,3.52415061,10.78999996
1999-03-23,3.527418613,10.80000019
1999-03-24,3.533951283,10.81999969
1999-03-25,3.52415061,10.78999996
1999-03-26,3.52415061,10.78999996
1999-03-29,3.517619371,10.77000046
1999-03-30,3.530681133,10.81000042
1999-03-31,3.53823328,10.77999973
1999-04-01,3.531669378,10.76000023
1999-04-05,3.548077106,10.81000042
1999-04-06,3.561209679,10.85000038
1999-04-07,3.561209679,10.85000038
1999-04-08,3.584183931,10.92000008
1999-04-09,3.580904961,10.90999985
1999-04-12,3.580904961,10.90999985
1999-04-13,3.571056128,10.88000011
1999-04-14,3.567771912,10.86999989
1999-04-15,3.561209679,10.85000038
1999-04-16,3.551362753,10.81999969
1999-04-19,3.561209679,10.85000038
1999-04-20,3.564493895,10.85999966
1999-04-21,3.564493895,10.85999966
1999-04-22,3.548077106,10.81000042
1999-04-23,3.548077106,10.81000042
1999-04-26,3.551362753,10.81999969
1999-04-27,3.557928801,10.84000015
1999-04-28,3.548077106,10.81000042
1999-04-29,3.561209679,10.85000038
1999-04-30,3.548348188,10.76000023
1999-05-03,3.548348188,10.76000023
1999-05-04,3.541755438,10.73999977
1999-05-05,3.545049429,10.75
1999-05-06,3.525265932,10.68999958
1999-05-07,3.518669128,10.67000008
1999-05-10,3.525265932,10.68999958
1999-05-11,3.512074947,10.64999962
1999-05-12,3.515374184,10.65999985
1999-05-13,3.535156727,10.72000027
1999-05-14,3.498881102,10.60999966
1999-05-17,3.492282867,10.59000015
1999-05-18,3.488989115,10.57999992
1999-05-19,3.498881102,10.60999966
1999-05-20,3.498881102,10.60999966
1999-05-21,3.508777857,10.64000034
1999-05-24,3.508777857,10.64000034
1999-05-25,3.508777857,10.64000034
1999-05-26,3.498881102,10.60999966
1999-05-27,3.48239255,10.56000042
1999-05-28,3.499958992,10.56000042
1999-06-01,3.473445177,10.47999954
1999-06-02,3.470132113,10.47000027
1999-06-03,3.473445177,10.47999954
1999-06-04,3.473445177,10.47999954
1999-06-07,3.473445177,10.47999954
1999-06-08,3.470132113,10.47000027
1999-06-09,3.460187674,10.43999958
1999-06-10,3.45355773,10.42000008
1999-06-11,3.436985254,10.36999989
1999-06-14,3.440299511,10.38000011
1999-06-15,3.443618536,10.39000034
1999-06-16,3.450245142,10.40999985
1999-06-17,3.480073214,10.5
1999-06-18,3.470132113,10.47000027
1999-06-21,3.456872463,10.43000031
1999-06-22,3.450245142,10.40999985
1999-06-23,3.436985254,10.36999989
1999-06-24,3.430356026,10.35000038
1999-06-25,3.433672428,10.35999966
1999-06-28,3.443618536,10.39000034
1999-06-29,3.450245142,10.40999985
1999-06-30,3.490882397,10.47999954
1999-07-01,3.484223843,10.46000004
1999-07-02,3.487552404,10.47000027
1999-07-06,3.477561712,10.43999958
1999-07-07,3.474225521,10.43000031
1999-07-08,3.484223843,10.46000004
1999-07-09,3.484223843,10.46000004
1999-07-12,3.50087595,10.51000023
1999-07-13,3.504207373,10.52000046
1999-07-14,3.497544527,10.5
1999-07-15,3.50087595,10.51000023
1999-07-16,3.507538557,10.52999973
1999-07-19,3.510868788,10.53999996
1999-07-20,3.514198065,10.55000019
1999-07-21,3.510868788,10.53999996
1999-07-22,3.487552404,10.47000027
1999-07-23,3.477561712,10.43999958
1999-07-26,3.47089529,10.42000008
1999-07-27,3.480888367,10.44999981
1999-07-28,3.477561712,10.43999958
1999-07-29,3.464235067,10.39999962
1999-07-30,3.475282907,10.38000011
1999-08-02,3.471932411,10.36999989
1999-08-03,3.465236664,10.35000038
1999-08-04,3.468585253,10.35999966
1999-08-05,3.481981039,10.39999962
1999-08-06,3.4518466,10.31000042
1999-08-09,3.431759119,10.25
1999-08-10,3.428412676,10.23999977
1999-08-11,3.43510437,10.26000023
1999-08-12,3.438458681,10.27000046
1999-08-13,3.455195189,10.31999969
1999-08-16,3.458543062,10.32999992
1999-08-17,3.475282907,10.38000011
1999-08-18,3.47863102,10.39000034
1999-08-19,3.471932411,10.36999989
1999-08-20,3.475282907,10.38000011
1999-08-23,3.471932411,10.36999989
1999-08-24,3.481981039,10.39999962
1999-08-25,3.502070189,10.46000004
1999-08-26,3.498717546,10.44999981
1999-08-27,3.47863102,10.39000034
1999-08-30,3.458543062,10.32999992
1999-08-31,3.473015547,10.31999969
1999-09-01,3.473015547,10.31999969
1999-09-02,3.466285944,10.30000019
1999-09-03,3.489839554,10.36999989
1999-09-07,3.476377249,10.32999992
1999-09-08,3.483108759,10.35000038
1999-09-09,3.476377249,10.32999992
1999-09-10,3.489839554,10.36999989
1999-09-13,3.489839554,10.36999989
1999-09-14,3.479743958,10.34000015
1999-09-15,3.486471176,10.35999966
1999-09-16,3.493203402,10.38000011
1999-09-17,3.496572733,10.39000034
1999-09-20,3.489839554,10.36999989
1999-09-21,3.486471176,10.35999966
1999-09-22,3.489839554,10.36999989
1999-09-23,3.503302336,10.40999985
1999-09-24,3.523495674,10.47000027
1999-09-27,3.506666183,10.42000008
1999-09-28,3.496572733,10.39000034
1999-09-29,3.479743958,10.34000015
1999-09-30,3.510859728,10.38000011
1999-10-01,3.493949652,10.32999992
1999-10-04,3.500713825,10.35000038
1999-10-05,3.483806133,10.30000019
1999-10-06,3.480419397,10.28999996
1999-10-07,3.483806133,10.30000019
1999-10-08,3.487185001,10.31000042
1999-10-11,3.487185001,10.31000042
1999-10-12,3.480419397,10.28999996
1999-10-13,3.470274925,10.26000023
1999-10-14,3.463511944,10.23999977
1999-10-15,3.477040529,10.27999973
1999-10-18,3.466888666,10.25
1999-10-19,3.460128784,10.22999954
1999-10-20,3.460128784,10.22999954
1999-10-21,3.460128784,10.22999954
1999-10-22,3.456743479,10.22000027
1999-10-25,3.453362465,10.21000004
1999-10-26,3.449980259,10.19999981
1999-10-27,3.460128784,10.22999954
1999-10-28,3.473657846,10.27000046
1999-10-29,3.515474081,10.34000015
1999-11-01,3.508676767,10.31999969
1999-11-02,3.512072086,10.32999992
1999-11-03,3.518873692,10.35000038
1999-11-04,3.529076099,10.38000011
1999-11-05,3.539273977,10.40999985
1999-11-08,3.53247261,10.39000034
1999-11-09,3.53247261,10.39000034
1999-11-10,3.525671721,10.36999989
1999-11-11,3.525671721,10.36999989
1999-11-12,3.535873413,10.39999962
1999-11-15,3.535873413,10.39999962
1999-11-16,3.53247261,10.39000034
1999-11-17,3.518873692,10.35000038
1999-11-18,3.515474081,10.34000015
1999-11-19,3.512072086,10.32999992
1999-11-22,3.508676767,10.31999969
1999-11-23,3.508676767,10.31999969
1999-11-24,3.508676767,10.31999969
1999-11-26,3.501873732,10.30000019
1999-11-29,3.488276243,10.26000023
1999-11-30,3.512881041,10.27999973
1999-12-01,3.506047726,10.26000023
1999-12-02,3.50262785,10.25
1999-12-03,3.512881041,10.27999973
1999-12-06,3.519712687,10.30000019
1999-12-07,3.526550293,10.31999969
1999-12-08,3.519712687,10.30000019
1999-12-09,3.523134232,10.31000042
1999-12-10,3.533380985,10.34000015
1999-12-13,3.529966593,10.32999992
1999-12-14,3.50946188,10.27000046
1999-12-15,3.499211073,10.23999977
1999-12-16,3.488960028,10.21000004
1999-12-17,3.488960028,10.21000004
1999-12-20,3.47528863,10.17000008
1999-12-21,3.471875191,10.15999985
1999-12-22,3.468456984,10.14999962
1999-12-23,3.468456984,10.14999962
1999-12-27,3.471875191,10.15999985
1999-12-28,3.468456984,10.14999962
1999-12-29,3.47528863,10.17000008
1999-12-30,3.47528863,10.17000008
1999-12-31,3.480100632,10.13000011
2000-01-03,3.462921619,10.07999992
2000-01-04,3.476663589,10.11999989
2000-01-05,3.459486485,10.06999969
2000-01-06,3.4663589,10.09000015
2000-01-07,3.476663589,10.11999989
2000-01-10,3.4663589,10.09000015
2000-01-11,3.449180841,10.03999996
2000-01-12,3.445743322,10.02999973
2000-01-13,3.459486485,10.06999969
2000-01-14,3.452618599,10.05000019
2000-01-18,3.442311525,10.02000046
2000-01-19,3.445743322,10.02999973
2000-01-20,3.43887496,10.01000023
2000-01-21,3.43887496,10.01000023
2000-01-24,3.45605588,10.06000042
2000-01-25,3.452618599,10.05000019
2000-01-26,3.45605588,10.06000042
2000-01-27,3.452618599,10.05000019
2000-01-28,3.45605588,10.06000042
2000-01-31,3.464338064,10.02999973
2000-02-01,3.471253872,10.05000019
2000-02-02,3.471253872,10.05000019
2000-02-03,3.488519907,10.10000038
2000-02-04,3.478157759,10.06999969
2000-02-07,3.464338064,10.02999973
2000-02-08,3.467794418,10.03999996
2000-02-09,3.460887671,10.02000046
2000-02-10,3.450529814,9.989999771
2000-02-11,3.457432985,10.01000023
2000-02-14,3.471253872,10.05000019
2000-02-15,3.464338064,10.02999973
2000-02-16,3.464338064,10.02999973
2000-02-17,3.457432985,10.01000023
2000-02-18,3.471253872,10.05000019
2000-02-22,3.495428801,10.11999989
2000-02-23,3.478157759,10.06999969
2000-02-24,3.495428801,10.11999989
2000-02-25,3.495428801,10.11999989
2000-02-28,3.481612682,10.07999992
2000-02-29,3.498970747,10.07999992
2000-03-01,3.50590992,10.10000038
2000-03-02,3.50590992,10.10000038
2000-03-03,3.509382248,10.10999966
2000-03-06,3.50590992,10.10000038
2000-03-07,3.509382248,10.10999966
2000-03-08,3.509382248,10.10999966
2000-03-09,3.512851,10.11999989
2000-03-10,3.50590992,10.10000038
2000-03-13,3.509382248,10.10999966
2000-03-14,3.516325951,10.13000011
2000-03-15,3.519792795,10.14000034
2000-03-16,3.526738882,10.15999985
2000-03-17,3.537152052,10.18999958
2000-03-20,3.537152052,10.18999958
2000-03-21,3.540625572,10.19999981
2000-03-22,3.540625572,10.19999981
2000-03-23,3.540625572,10.19999981
2000-03-24,3.526738882,10.15999985
2000-03-27,3.523267984,10.14999962
2000-03-28,3.526738882,10.15999985
2000-03-29,3.526738882,10.15999985
2000-03-30,3.544093132,10.21000004
2000-03-31,3.570267439,10.22999954
2000-04-03,3.577249289,10.25
2000-04-04,3.601678371,10.31999969
2000-04-05,3.591210365,10.28999996
2000-04-06,3.587719917,10.27999973
2000-04-07,3.598187923,10.31000042
2000-04-10,3.60865736,10.34000015
2000-04-11,3.594697237,10.30000019
2000-04-12,3.577249289,10.25
2000-04-13,3.584229469,10.27000046
2000-04-14,3.594697237,10.30000019
2000-04-17,3.577249289,10.25
2000-04-18,3.570267439,10.22999954
2000-04-19,3.584229469,10.27000046
2000-04-20,3.584229469,10.27000046
2000-04-24,3.584229469,10.27000046
2000-04-25,3.563288927,10.21000004
2000-04-26,3.559800625,10.19999981
2000-04-27,3.53885746,10.14000034
2000-04-28,3.561313868,10.14999962
2000-05-01,3.554297447,10.13000011
2000-05-02,3.547278643,10.10999966
2000-05-03,3.529736996,10.06000042
2000-05-04,3.519207954,10.02999973
2000-05-05,3.505175352,9.989999771
2000-05-08,3.498155832,9.970000267
2000-05-09,3.505175352,9.989999771
2000-05-10,3.515704393,10.02000046
2000-05-11,3.522719383,10.03999996
2000-05-12,3.501668215,9.979999542
2000-05-15,3.508681774,10
2000-05-16,3.515704393,10.02000046
2000-05-17,3.512193441,10.01000023
2000-05-18,3.494650602,9.960000038
2000-05-19,3.505175352,9.989999771
2000-05-22,3.519207954,10.02999973
2000-05-23,3.515704393,10.02000046
2000-05-24,3.512193441,10.01000023
2000-05-25,3.529736996,10.06000042
2000-05-26,3.540259361,10.09000015
2000-05-30,3.53324604,10.06999969
2000-05-31,3.567116261,10.10999966
2000-06-01,3.584756613,10.15999985
2000-06-02,3.598872185,10.19999981
2000-06-05,3.605924845,10.22000027
2000-06-06,3.602398872,10.21000004
2000-06-07,3.602398872,10.21000004
2000-06-08,3.602398872,10.21000004
2000-06-09,3.602398872,10.21000004
2000-06-12,3.609452486,10.22999954
2000-06-13,3.609452486,10.22999954
2000-06-14,3.616514921,10.25
2000-06-15,3.620042324,10.26000023
2000-06-16,3.63415122,10.30000019
2000-06-19,3.627097368,10.27999973
2000-06-20,3.623568535,10.27000046
2000-06-21,3.609452486,10.22999954
2000-06-22,3.605924845,10.22000027
2000-06-23,3.595342636,10.18999958
2000-06-26,3.609452486,10.22999954
2000-06-27,3.609452486,10.22999954
2000-06-28,3.609452486,10.22999954
2000-06-29,3.623568535,10.27000046
2000-06-30,3.645912409,10.27999973
2000-07-03,3.653002977,10.30000019
2000-07-05,3.656552076,10.31000042
2000-07-06,3.649461269,10.28999996
2000-07-07,3.656552076,10.31000042
2000-07-10,3.653002977,10.30000019
2000-07-11,3.645912409,10.27999973
2000-07-12,3.642364979,10.27000046
2000-07-13,3.656552076,10.31000042
2000-07-14,3.638820887,10.26000023
2000-07-17,3.628176451,10.22999954
2000-07-18,3.628176451,10.22999954
2000-07-19,3.62463069,10.22000027
2000-07-20,3.656552076,10.31000042
2000-07-21,3.656552076,10.31000042
2000-07-24,3.649461269,10.28999996
2000-07-25,3.653002977,10.30000019
2000-07-26,3.653002977,10.30000019
2000-07-27,3.656552076,10.31000042
2000-07-28,3.653002977,10.30000019
2000-07-31,3.668695927,10.28999996
2000-08-01,3.679390669,10.31999969
2000-08-02,3.682953596,10.32999992
2000-08-03,3.690086365,10.35000038
2000-08-04,3.700781345,10.38000011
2000-08-07,3.690086365,10.35000038
2000-08-08,3.69721365,10.36999989
2000-08-09,3.700781345,10.38000011
2000-08-10,3.70791173,10.39999962
2000-08-11,3.69721365,10.36999989
2000-08-14,3.69721365,10.36999989
2000-08-15,3.69365263,10.35999966
2000-08-16,3.690086365,10.35000038
2000-08-17,3.690086365,10.35000038
2000-08-18,3.69721365,10.36999989
2000-08-21,3.69721365,10.36999989
2000-08-22,3.700781345,10.38000011
2000-08-23,3.70791173,10.39999962
2000-08-24,3.711475849,10.40999985
2000-08-25,3.711475849,10.40999985
2000-08-28,3.704347849,10.39000034
2000-08-29,3.69721365,10.36999989
2000-08-30,3.69365263,10.35999966
2000-08-31,3.728065014,10.39999962
2000-09-01,3.742403984,10.43999958
2000-09-05,3.742403984,10.43999958
2000-09-06,3.735230207,10.42000008
2000-09-07,3.728065014,10.39999962
2000-09-08,3.73164916,10.40999985
2000-09-11,3.728065014,10.39999962
2000-09-12,3.728065014,10.39999962
2000-09-13,3.735230207,10.42000008
2000-09-14,3.728065014,10.39999962
2000-09-15,3.724479437,10.39000034
2000-09-18,3.724479437,10.39000034
2000-09-19,3.724479437,10.39000034
2000-09-20,3.717305899,10.36999989
2000-09-21,3.72089386,10.38000011
2000-09-22,3.728065014,10.39999962
2000-09-25,3.728065014,10.39999962
2000-09-26,3.735230207,10.42000008
2000-09-27,3.735230207,10.42000008
2000-09-28,3.735230207,10.42000008
2000-09-29,3.761537552,10.43999958
2000-10-02,3.757931232,10.43000031
2000-10-03,3.750725746,10.40999985
2000-10-04,3.747123003,10.39999962
2000-10-05,3.750725746,10.40999985
2000-10-06,3.757931232,10.43000031
2000-10-09,3.757931232,10.43000031
2000-10-10,3.757931232,10.43000031
2000-10-11,3.765139818,10.44999981
2000-10-12,3.775944471,10.47999954
2000-10-13,3.775944471,10.47999954
2000-10-16,3.77234602,10.47000027
2000-10-17,3.790361166,10.52000046
2000-10-18,3.790361166,10.52000046
2000-10-19,3.790361166,10.52000046
2000-10-20,3.793961287,10.52999973
2000-10-23,3.808373928,10.56999969
2000-10-24,3.801167011,10.55000019
2000-10-25,3.790361166,10.52000046
2000-10-26,3.790361166,10.52000046
2000-10-27,3.783150673,10.5
2000-10-30,3.783150673,10.5
2000-10-31,3.79546237,10.47999954
2000-11-01,3.802707672,10.5
2000-11-02,3.802707672,10.5
2000-11-03,3.788225651,10.46000004
2000-11-06,3.777359486,10.43000031
2000-11-07,3.777359486,10.43000031
2000-11-08,3.780983448,10.43999958
2000-11-09,3.788225651,10.46000004
2000-11-10,3.791848183,10.47000027
2000-11-13,3.79546237,10.47999954
2000-11-14,3.799087763,10.48999977
2000-11-15,3.806333303,10.51000023
2000-11-16,3.813574314,10.52999973
2000-11-17,3.809955359,10.52000046
2000-11-20,3.813574314,10.52999973
2000-11-21,3.813574314,10.52999973
2000-11-22,3.824440241,10.56000042
2000-11-24,3.820818186,10.55000019
2000-11-27,3.820818186,10.55000019
2000-11-28,3.831686258,10.57999992
2000-11-29,3.838926554,10.60000038
2000-11-30,3.877150774,10.64999962
2000-12-01,3.86622715,10.61999989
2000-12-04,3.86987114,10.63000011
2000-12-05,3.884432554,10.67000008
2000-12-06,3.906271696,10.72999954
2000-12-07,3.909913778,10.73999977
2000-12-08,3.90263629,10.72000027
2000-12-11,3.898997545,10.71000004
2000-12-12,3.898997545,10.71000004
2000-12-13,3.913555622,10.75
2000-12-14,3.931756258,10.80000019
2000-12-15,3.935400486,10.81000042
2000-12-18,3.942681313,10.82999992
2000-12-19,3.935400486,10.81000042
2000-12-20,3.957242727,10.86999989
2000-12-21,3.9645257,10.89000034
2000-12-22,3.971805573,10.90999985
2000-12-26,3.968166351,10.89999962
2000-12-27,3.95360589,10.85999966
2000-12-28,3.946315765,10.84000015
2000-12-29,3.970106125,10.85000038
2001-01-02,4.014015675,10.97000027
2001-01-03,3.973768473,10.85999966
2001-01-04,4.003035069,10.93999958
2001-01-05,4.028653622,11.01000023
2001-01-08,4.035969734,11.02999973
2001-01-09,4.017673016,10.97999954
2001-01-10,3.999374628,10.93000031
2001-01-11,3.992060184,10.90999985
2001-01-12,3.966442108,10.84000015
2001-01-16,3.970106125,10.85000038
2001-01-17,3.984743357,10.89000034
2001-01-18,4.00669384,10.94999981
2001-01-19,3.988403082,10.89999962
2001-01-22,3.981080294,10.88000011
2001-01-23,3.962787628,10.82999992
2001-01-24,3.962787628,10.82999992
2001-01-25,3.970106125,10.85000038
2001-01-26,3.973768473,10.85999966
2001-01-29,3.966442108,10.84000015
2001-01-30,3.981080294,10.88000011
2001-01-31,4.023003101,10.93999958
2001-02-01,4.037712097,10.97999954
2001-02-02,4.019322872,10.93000031
2001-02-05,4.019322872,10.93000031
2001-02-06,4.008298397,10.89999962
2001-02-07,4.011971474,10.90999985
2001-02-08,4.011971474,10.90999985
2001-02-09,4.026679993,10.94999981
2001-02-12,4.023003101,10.93999958
2001-02-13,4.015650272,10.92000008
2001-02-14,4.000939369,10.88000011
2001-02-15,3.989908934,10.85000038
2001-02-16,4.011971474,10.90999985
2001-02-20,4.008298397,10.89999962
2001-02-21,4.004618645,10.89000034
2001-02-22,4.004618645,10.89000034
2001-02-23,4.019322872,10.93000031
2001-02-26,4.026679993,10.94999981
2001-02-27,4.041390419,10.98999977
2001-02-28,4.073890209,11.02999973
2001-03-01,4.081282139,11.05000019
2001-03-02,4.062810898,11
2001-03-05,4.05911684,10.98999977
2001-03-06,4.055423737,10.97999954
2001-03-07,4.070201397,11.02000046
2001-03-08,4.073890209,11.02999973
2001-03-09,4.066506386,11.01000023
2001-03-12,4.066506386,11.01000023
2001-03-13,4.062810898,11
2001-03-14,4.081282139,11.05000019
2001-03-15,4.09236002,11.07999992
2001-03-16,4.099750042,11.10000038
2001-03-19,4.084974289,11.06000042
2001-03-20,4.096051693,11.09000015
2001-03-21,4.103439331,11.10999966
2001-03-22,4.114521027,11.14000034
2001-03-23,4.099750042,11.10000038
2001-03-26,4.088667393,11.06999969
2001-03-27,4.055423737,10.97999954
2001-03-28,4.05911684,10.98999977
2001-03-29,4.062810898,11
2001-03-30,4.09473753,11.02999973
2001-04-02,4.087312222,11.01000023
2001-04-03,4.09473753,11.02999973
2001-04-04,4.102166653,11.05000019
2001-04-05,4.091027737,11.02000046
2001-04-06,4.113297939,11.07999992
2001-04-09,4.105875969,11.06000042
2001-04-10,4.076173782,10.97999954
2001-04-11,4.068754673,10.96000004
2001-04-12,4.057614326,10.93000031
2001-04-16,4.027920246,10.85000038
2001-04-17,4.042762756,10.89000034
2001-04-18,4.065039158,10.94999981
2001-04-19,4.042762756,10.89000034
2001-04-20,4.03905201,10.88000011
2001-04-23,4.057614326,10.93000031
2001-04-24,4.053902149,10.92000008
2001-04-25,4.042762756,10.89000034
2001-04-26,4.057614326,10.93000031
2001-04-27,4.031628609,10.85999966
2001-04-30,4.04729414,10.85000038
2001-05-01,4.054755688,10.86999989
2001-05-02,4.058485508,10.88000011
2001-05-03,4.077141285,10.93000031
2001-05-04,4.084597588,10.94999981
2001-05-07,4.08086586,10.93999958
2001-05-08,4.08086586,10.93999958
2001-05-09,4.088328838,10.96000004
2001-05-10,4.069678307,10.90999985
2001-05-11,4.024909973,10.78999996
2001-05-14,4.032374859,10.81000042
2001-05-15,4.024909973,10.78999996
2001-05-16,4.028643131,10.80000019
2001-05-17,4.032374859,10.81000042
2001-05-18,4.036103725,10.81999969
2001-05-21,4.036103725,10.81999969
2001-05-22,4.036103725,10.81999969
2001-05-23,4.036103725,10.81999969
2001-05-24,4.013723373,10.76000023
2001-05-25,4.017455578,10.77000046
2001-05-29,4.013723373,10.76000023
2001-05-30,4.00999403,10.75
2001-05-31,4.056482792,10.81999969
2001-06-01,4.063981533,10.84000015
2001-06-04,4.067730427,10.85000038
2001-06-05,4.082726955,10.89000034
2001-06-06,4.082726955,10.89000034
2001-06-07,4.07147646,10.85999966
2001-06-08,4.063981533,10.84000015
2001-06-11,4.075224876,10.86999989
2001-06-12,4.086475849,10.89999962
2001-06-13,4.086475849,10.89999962
2001-06-14,4.093967915,10.92000008
2001-06-15,4.093967915,10.92000008
2001-06-18,4.090221405,10.90999985
2001-06-19,4.093967915,10.92000008
2001-06-20,4.09772253,10.93000031
2001-06-21,4.101465225,10.93999958
2001-06-22,4.116465569,10.97999954
2001-06-25,4.112717628,10.97000027
2001-06-26,4.093967915,10.92000008
2001-06-27,4.086475849,10.89999962
2001-06-28,4.063981533,10.84000015
2001-06-29,4.072645664,10.81000042
2001-07-02,4.087715626,10.85000038
2001-07-03,4.076409817,10.81999969
2001-07-05,4.068877697,10.80000019
2001-07-06,4.080177784,10.82999992
2001-07-09,4.083947182,10.84000015
2001-07-10,4.095248222,10.86999989
2001-07-11,4.091483116,10.85999966
2001-07-12,4.102781773,10.89000034
2001-07-13,4.102781773,10.89000034
2001-07-16,4.11031723,10.90999985
2001-07-17,4.114085197,10.92000008
2001-07-18,4.136687279,10.97999954
2001-07-19,4.132923603,10.97000027
2001-07-20,4.132923603,10.97000027
2001-07-23,4.132923603,10.97000027
2001-07-24,4.140460968,10.98999977
2001-07-25,4.125391483,10.94999981
2001-07-26,4.12915659,10.96000004
2001-07-27,4.140460968,10.98999977
2001-07-30,4.144225597,11
2001-07-31,4.180198669,11.03999996
2001-08-01,4.172624588,11.02000046
2001-08-02,4.157476902,10.97999954
2001-08-03,4.149907112,10.96000004
2001-08-06,4.149907112,10.96000004
2001-08-07,4.153691769,10.97000027
2001-08-08,4.172624588,11.02000046
2001-08-09,4.168838501,11.01000023
2001-08-10,4.176412106,11.02999973
2001-08-13,4.183983803,11.05000019
2001-08-14,4.180198669,11.03999996
2001-08-15,4.172624588,11.02000046
2001-08-16,4.180198669,11.03999996
2001-08-17,4.199131489,11.09000015
2001-08-20,4.187772274,11.06000042
2001-08-21,4.191563129,11.06999969
2001-08-22,4.187772274,11.06000042
2001-08-23,4.195347309,11.07999992
2001-08-24,4.187772274,11.06000042
2001-08-27,4.183983803,11.05000019
2001-08-28,4.202914715,11.10000038
2001-08-29,4.21427393,11.13000011
2001-08-30,4.21427393,11.13000011
2001-08-31,4.226830006,11.10999966
2001-09-04,4.188786983,11.01000023
2001-09-05,4.196393967,11.02999973
2001-09-06,4.219219685,11.09000015
2001-09-07,4.234438896,11.13000011
2001-09-10,4.230632782,11.11999989
2001-09-17,4.306725025,11.31999969
2001-09-18,4.268678665,11.22000027
2001-09-19,4.287702084,11.27000046
2001-09-20,4.268678665,11.22000027
2001-09-21,4.28389883,11.26000023
2001-09-24,4.276290894,11.23999977
2001-09-25,4.280096531,11.25
2001-09-26,4.299114704,11.30000019
2001-09-27,4.310529232,11.32999992
2001-09-28,4.328868389,11.32999992
2001-10-01,4.328868389,11.32999992
2001-10-02,4.336508751,11.35000038
2001-10-03,4.347970486,11.38000011
2001-10-04,4.340330124,11.35999966
2001-10-05,4.344151497,11.36999989
2001-10-08,4.344151497,11.36999989
2001-10-09,4.328868389,11.32999992
2001-10-10,4.328868389,11.32999992
2001-10-11,4.309764385,11.27999973
2001-10-12,4.313589096,11.28999996
2001-10-15,4.3250494,11.31999969
2001-10-16,4.332692146,11.34000015
2001-10-17,4.336508751,11.35000038
2001-10-18,4.336508751,11.35000038
2001-10-19,4.3250494,11.31999969
2001-10-22,4.3250494,11.31999969
2001-10-23,4.321227551,11.31000042
2001-10-24,4.332692146,11.34000015
2001-10-25,4.35179472,11.39000034
2001-10-26,4.347970486,11.38000011
2001-10-29,4.359432697,11.40999985
2001-10-30,4.378536701,11.46000004
2001-10-31,4.424974442,11.52999973
2001-11-01,4.444162369,11.57999992
2001-11-02,4.413462162,11.5
2001-11-05,4.421141148,11.52000046
2001-11-06,4.436489105,11.56000042
2001-11-07,4.455676079,11.60999966
2001-11-08,4.432651043,11.55000019
2001-11-09,4.424974442,11.52999973
2001-11-12,4.424974442,11.52999973
2001-11-13,4.413462162,11.5
2001-11-14,4.378918648,11.40999985
2001-11-15,4.321356297,11.26000023
2001-11-16,4.282978535,11.15999985
2001-11-19,4.309844971,11.22999954
2001-11-20,4.290650368,11.18000031
2001-11-21,4.259953022,11.10000038
2001-11-23,4.244598866,11.06000042
2001-11-26,4.248437881,11.06999969
2001-11-27,4.256112576,11.09000015
2001-11-28,4.256112576,11.09000015
2001-11-29,4.298331261,11.19999981
2001-11-30,4.322233677,11.21000004
2001-12-03,4.329947472,11.22999954
2001-12-04,4.341511726,11.26000023
2001-12-05,4.283676624,11.10999966
2001-12-06,4.25668478,11.03999996
2001-12-07,4.225840569,10.96000004
2001-12-10,4.229697227,10.97000027
2001-12-11,4.24126482,11
2001-12-12,4.264399529,11.06000042
2001-12-13,4.237408161,10.98999977
2001-12-14,4.218131065,10.93999958
2001-12-17,4.218131065,10.93999958
2001-12-18,4.225840569,10.96000004
2001-12-19,4.252829552,11.02999973
2001-12-20,4.24126482,11
2001-12-21,4.237408161,10.98999977
2001-12-24,4.229697227,10.97000027
2001-12-26,4.21427536,10.93000031
2001-12-27,4.233549595,10.97999954
2001-12-28,4.229697227,10.97000027
2001-12-31,4.272304058,11.02999973
2002-01-02,4.237443924,10.93999958
2002-01-03,4.249064445,10.97000027
2002-01-04,4.245188236,10.96000004
2002-01-07,4.268431664,11.02000046
2002-01-08,4.264556885,11.01000023
2002-01-09,4.268431664,11.02000046
2002-01-10,4.291668415,11.07999992
2002-01-11,4.314913273,11.14000034
2002-01-14,4.314913273,11.14000034
2002-01-15,4.322660923,11.15999985
2002-01-16,4.314913273,11.14000034
2002-01-17,4.295544147,11.09000015
2002-01-18,4.303290367,11.10999966
2002-01-22,4.299419403,11.10000038
2002-01-23,4.276175976,11.03999996
2002-01-24,4.272304058,11.02999973
2002-01-25,4.264556885,11.01000023
2002-01-28,4.264556885,11.01000023
2002-01-29,4.287796974,11.06999969
2002-01-30,4.287796974,11.06999969
2002-01-31,4.291687012,11.02999973
2002-02-01,4.303359032,11.06000042
2002-02-04,4.322813988,11.10999966
2002-02-05,4.322813988,11.10999966
2002-02-06,4.315034866,11.09000015
2002-02-07,4.311141491,11.07999992
2002-02-08,4.322813988,11.10999966
2002-02-11,4.318927765,11.10000038
2002-02-12,4.303359032,11.06000042
2002-02-13,4.295577049,11.03999996
2002-02-14,4.307251453,11.06999969
2002-02-15,4.326705933,11.11999989
2002-02-19,4.322813988,11.10999966
2002-02-20,4.322813988,11.10999966
2002-02-21,4.326705933,11.11999989
2002-02-22,4.334492207,11.14000034
2002-02-25,4.330596447,11.13000011
2002-02-26,4.315034866,11.09000015
2002-02-27,4.334492207,11.14000034
2002-02-28,4.346988201,11.13000011
2002-03-01,4.319647789,11.06000042
2002-03-04,4.315741539,11.05000019
2002-03-05,4.311834812,11.03999996
2002-03-06,4.307929516,11.02999973
2002-03-07,4.264965534,10.92000008
2002-03-08,4.241534233,10.85999966
2002-03-11,4.241534233,10.85999966
2002-03-12,4.245439529,10.86999989
2002-03-13,4.253250599,10.89000034
2002-03-14,4.225914001,10.81999969
2002-03-15,4.233720303,10.84000015
2002-03-18,4.245439529,10.86999989
2002-03-19,4.241534233,10.85999966
2002-03-20,4.222005844,10.81000042
2002-03-21,4.229818344,10.82999992
2002-03-22,4.222005844,10.81000042
2002-03-25,4.222005844,10.81000042
2002-03-26,4.237629414,10.85000038
2002-03-27,4.237629414,10.85000038
2002-03-28,4.247050762,10.81999969
2002-04-01,4.243124485,10.81000042
2002-04-02,4.262749672,10.85999966
2002-04-03,4.27845192,10.89999962
2002-04-04,4.282375813,10.90999985
2002-04-05,4.298075199,10.94999981
2002-04-08,4.290230274,10.93000031
2002-04-09,4.298075199,10.94999981
2002-04-10,4.294153214,10.93999958
2002-04-11,4.302003384,10.96000004
2002-04-12,4.309849739,10.97999954
2002-04-15,4.317702293,11
2002-04-16,4.309849739,10.97999954
2002-04-17,4.302003384,10.96000004
2002-04-18,4.305925369,10.97000027
2002-04-19,4.309849739,10.97999954
2002-04-22,4.317702293,11
2002-04-23,4.313776016,10.98999977
2002-04-24,4.33340168,11.03999996
2002-04-25,4.33340168,11.03999996
2002-04-26,4.341253757,11.06000042
2002-04-29,4.33340168,11.03999996
2002-04-30,4.357458115,11.05000019
2002-05-01,4.365347385,11.06999969
2002-05-02,4.357458115,11.05000019
2002-05-03,4.365347385,11.06999969
2002-05-06,4.361402512,11.06000042
2002-05-07,4.365347385,11.06999969
2002-05-08,4.333799362,10.98999977
2002-05-09,4.341685772,11.01000023
2002-05-10,4.357458115,11.05000019
2002-05-13,4.337738991,11
2002-05-14,4.321966648,10.96000004
2002-05-15,4.329850674,10.97999954
2002-05-16,4.345627785,11.02000046
2002-05-17,4.333799362,10.98999977
2002-05-20,4.345627785,11.02000046
2002-05-21,4.357458115,11.05000019
2002-05-22,4.365347385,11.06999969
2002-05-23,4.357458115,11.05000019
2002-05-24,4.357458115,11.05000019
2002-05-28,4.361402512,11.06000042
2002-05-29,4.377179146,11.10000038
2002-05-30,4.38505888,11.11999989
2002-05-31,4.402498245,11.10999966
2002-06-03,4.406457901,11.11999989
2002-06-04,4.414386749,11.14000034
2002-06-05,4.406457901,11.11999989
2002-06-06,4.414386749,11.14000034
2002-06-07,4.402498245,11.10999966
2002-06-10,4.406457901,11.11999989
2002-06-11,4.418349743,11.14999962
2002-06-12,4.426275253,11.17000008
2002-06-13,4.438162804,11.19999981
2002-06-14,4.461939335,11.26000023
2002-06-17,4.450050354,11.22999954
2002-06-18,4.45401144,11.23999977
2002-06-19,4.477786541,11.30000019
2002-06-20,4.457973003,11.25
2002-06-21,4.473824978,11.28999996
2002-06-24,4.45401144,11.23999977
2002-06-25,4.45401144,11.23999977
2002-06-26,4.485712528,11.31999969
2002-06-27,4.457973003,11.25
2002-06-28,4.478274822,11.25
2002-07-01,4.478274822,11.25
2002-07-02,4.498178005,11.30000019
2002-07-03,4.498178005,11.30000019
2002-07-05,4.470316887,11.22999954
2002-07-08,4.478274822,11.25
2002-07-09,4.498178005,11.30000019
2002-07-10,4.522066593,11.35999966
2002-07-11,4.530024052,11.38000011
2002-07-12,4.537986755,11.39999962
2002-07-15,4.534008026,11.39000034
2002-07-16,4.510119915,11.32999992
2002-07-17,4.522066593,11.35999966
2002-07-18,4.537986755,11.39999962
2002-07-19,4.549931049,11.43000031
2002-07-22,4.573811531,11.48999977
2002-07-23,4.585757256,11.52000046
2002-07-24,4.573811531,11.48999977
2002-07-25,4.593718052,11.53999996
2002-07-26,4.597695827,11.55000019
2002-07-29,4.553908348,11.43999958
2002-07-30,4.545947075,11.42000008
2002-07-31,4.597519398,11.5
2002-08-01,4.613512993,11.53999996
2002-08-02,4.649492264,11.63000011
2002-08-05,4.657485485,11.64999962
2002-08-06,4.62550211,11.56999969
2002-08-07,4.649492264,11.63000011
2002-08-08,4.629502296,11.57999992
2002-08-09,4.657485485,11.64999962
2002-08-12,4.669481754,11.68000031
2002-08-13,4.693470955,11.73999977
2002-08-14,4.697466373,11.75
2002-08-15,4.669481754,11.68000031
2002-08-16,4.633500576,11.59000015
2002-08-19,4.637496948,11.60000038
2002-08-20,4.677473545,11.69999981
2002-08-21,4.669481754,11.68000031
2002-08-22,4.645497799,11.61999989
2002-08-23,4.66547966,11.67000008
2002-08-26,4.669481754,11.68000031
2002-08-27,4.653490067,11.64000034
2002-08-28,4.66547966,11.67000008
2002-08-29,4.681474686,11.71000004
2002-08-30,4.708771229,11.72999954
2002-09-03,4.748913288,11.82999992
2002-09-04,4.756942272,11.85000038
2002-09-05,4.76899004,11.88000011
2002-09-06,4.736871243,11.80000019
2002-09-09,4.728839874,11.77999973
2002-09-10,4.74490118,11.81999969
2002-09-11,4.724831581,11.77000046
2002-09-12,4.748913288,11.82999992
2002-09-13,4.764972687,11.86999989
2002-09-16,4.76899004,11.88000011
2002-09-17,4.773001671,11.89000034
2002-09-18,4.773001671,11.89000034
2002-09-19,4.789056301,11.93000031
2002-09-20,4.793072701,11.93999958
2002-09-23,4.813141823,11.98999977
2002-09-24,4.817153454,12
2002-09-25,4.793072701,11.93999958
2002-09-26,4.793072701,11.93999958
2002-09-27,4.809131622,11.97999954
2002-09-30,4.851436615,12.03999996
2002-10-01,4.827260971,11.97999954
2002-10-02,4.827260971,11.97999954
2002-10-03,4.831291199,11.98999977
2002-10-04,4.827260971,11.97999954
2002-10-07,4.839344025,12.01000023
2002-10-08,4.835319519,12
2002-10-09,4.847406864,12.02999973
2002-10-10,4.831291199,11.98999977
2002-10-11,4.80308485,11.92000008
2002-10-14,4.80308485,11.92000008
2002-10-15,4.758761406,11.81000042
2002-10-16,4.750705719,11.78999996
2002-10-17,4.726526737,11.72999954
2002-10-18,4.726526737,11.72999954
2002-10-21,4.710405827,11.68999958
2002-10-22,4.70637846,11.68000031
2002-10-23,4.710405827,11.68999958
2002-10-24,4.730559349,11.73999977
2002-10-25,4.742641926,11.77000046
2002-10-28,4.754734039,11.80000019
2002-10-29,4.786972046,11.88000011
2002-10-30,4.782942295,11.86999989
2002-10-31,4.817723751,11.90999985
2002-11-01,4.797498703,11.85999966
2002-11-04,4.785365582,11.82999992
2002-11-05,4.777276516,11.81000042
2002-11-06,4.785365582,11.82999992
2002-11-07,4.821771622,11.92000008
2002-11-08,4.82581377,11.93000031
2002-11-11,4.82581377,11.93000031
2002-11-12,4.82581377,11.93000031
2002-11-13,4.829857349,11.93999958
2002-11-14,4.789410591,11.84000015
2002-11-15,4.781320572,11.81999969
2002-11-18,4.785365582,11.82999992
2002-11-19,4.793458462,11.85000038
2002-11-20,4.769185543,11.78999996
2002-11-21,4.75300312,11.75
2002-11-22,4.744914055,11.72999954
2002-11-25,4.740871906,11.72000027
2002-11-26,4.765138626,11.77999973
2002-11-27,4.72873497,11.68999958
2002-11-29,4.746599674,11.68999958
2002-12-02,4.75066328,11.69999981
2002-12-03,4.75066328,11.69999981
2002-12-04,4.762842655,11.72999954
2002-12-05,4.775021553,11.76000023
2002-12-06,4.783141136,11.77999973
2002-12-09,4.795321465,11.81000042
2002-12-10,4.795321465,11.81000042
2002-12-11,4.811565876,11.85000038
2002-12-12,4.807505608,11.84000015
2002-12-13,4.795321465,11.81000042
2002-12-16,4.783141136,11.77999973
2002-12-17,4.787201881,11.78999996
2002-12-18,4.803444862,11.82999992
2002-12-19,4.827807903,11.89000034
2002-12-20,4.827807903,11.89000034
2002-12-23,4.823750019,11.88000011
2002-12-24,4.831869602,11.89999962
2002-12-26,4.835924625,11.90999985
2002-12-27,4.856230259,11.96000004
2002-12-30,4.864350319,11.97999954
2002-12-31,4.877589703,11.78999996
2003-01-02,4.827946663,11.67000008
2003-01-03,4.82380867,11.65999985
2003-01-06,4.819669724,11.64999962
2003-01-07,4.827946663,11.67000008
2003-01-08,4.836217403,11.68999958
2003-01-09,4.798986435,11.60000038
2003-01-10,4.798986435,11.60000038
2003-01-13,4.803121567,11.60999966
2003-01-14,4.815534592,11.64000034
2003-01-15,4.815534592,11.64000034
2003-01-16,4.815534592,11.64000034
2003-01-17,4.827946663,11.67000008
2003-01-21,4.836217403,11.68999958
2003-01-22,4.852772236,11.72999954
2003-01-23,4.84449482,11.71000004
2003-01-24,4.852772236,11.72999954
2003-01-27,4.84449482,11.71000004
2003-01-28,4.836217403,11.68999958
2003-01-29,4.82380867,11.65999985
2003-01-30,4.832083225,11.68000031
2003-01-31,4.854090214,11.68999958
2003-02-03,4.849935532,11.68000031
2003-02-04,4.862397671,11.71000004
2003-02-05,4.845786572,11.67000008
2003-02-06,4.858243465,11.69999981
2003-02-07,4.866546631,11.72000027
2003-02-10,4.854090214,11.68999958
2003-02-11,4.858243465,11.69999981
2003-02-12,4.870701313,11.72999954
2003-02-13,4.887308598,11.77000046
2003-02-14,4.866546631,11.72000027
2003-02-18,4.866546631,11.72000027
2003-02-19,4.883152485,11.76000023
2003-02-20,4.895613194,11.78999996
2003-02-21,4.883152485,11.76000023
2003-02-24,4.895613194,11.78999996
2003-02-25,4.903917789,11.81000042
2003-02-26,4.908067226,11.81999969
2003-02-27,4.912220478,11.82999992
2003-02-28,4.940549374,11.85999966
2003-03-03,4.948880196,11.88000011
2003-03-04,4.953046799,11.89000034
2003-03-05,4.961382389,11.90999985
2003-03-06,4.957211494,11.89999962
2003-03-07,4.961382389,11.90999985
2003-03-10,4.973872662,11.93999958
2003-03-11,4.96970892,11.93000031
2003-03-12,4.965544224,11.92000008
2003-03-13,4.928049088,11.82999992
2003-03-14,4.932217598,11.84000015
2003-03-17,4.911386967,11.78999996
2003-03-18,4.894723892,11.75
2003-03-19,4.878063679,11.71000004
2003-03-20,4.869729042,11.68999958
2003-03-21,4.844738007,11.63000011
2003-03-24,4.873898983,11.69999981
2003-03-25,4.878063679,11.71000004
2003-03-26,4.882227421,11.72000027
2003-03-27,4.886397839,11.72999954
2003-03-28,4.898891926,11.76000023
2003-03-31,4.931794167,11.68999958
2003-04-01,4.931794167,11.68999958
2003-04-02,4.910702705,11.64000034
2003-04-03,4.910702705,11.64000034
2003-04-04,4.910702705,11.64000034
2003-04-07,4.889607906,11.59000015
2003-04-08,4.906488419,11.63000011
2003-04-09,4.919142723,11.65999985
2003-04-10,4.910702705,11.64000034
2003-04-11,4.90226841,11.61999989
2003-04-14,4.889607906,11.59000015
2003-04-15,4.90226841,11.61999989
2003-04-16,4.906488419,11.63000011
2003-04-17,4.90226841,11.61999989
2003-04-21,4.893826962,11.60000038
2003-04-22,4.893826962,11.60000038
2003-04-23,4.893826962,11.60000038
2003-04-24,4.914920807,11.64999962
2003-04-25,4.919142723,11.65999985
2003-04-28,4.919142723,11.65999985
2003-04-29,4.910702705,11.64000034
2003-04-30,4.94371748,11.68000031
2003-05-01,4.947948933,11.68999958
2003-05-02,4.935256004,11.65999985
2003-05-05,4.939489841,11.67000008
2003-05-06,4.960649014,11.72000027
2003-05-07,4.986047268,11.77999973
2003-05-08,4.994511604,11.80000019
2003-05-09,4.994511604,11.80000019
2003-05-12,5.002974033,11.81999969
2003-05-13,5.002974033,11.81999969
2003-05-14,5.024139881,11.86999989
2003-05-15,5.015674591,11.85000038
2003-05-16,5.036837101,11.89999962
2003-05-19,5.041069508,11.90999985
2003-05-20,5.057997704,11.94999981
2003-05-21,5.049538612,11.93000031
2003-05-22,5.057997704,11.94999981
2003-05-23,5.057997704,11.94999981
2003-05-27,5.049538612,11.93000031
2003-05-28,5.045302868,11.92000008
2003-05-29,5.066468716,11.97000027
2003-05-30,5.079206467,11.96000004
2003-06-02,5.066469193,11.93000031
2003-06-03,5.087697506,11.97999954
2003-06-04,5.100438595,12.01000023
2003-06-05,5.087697506,11.97999954
2003-06-06,5.079206467,11.96000004
2003-06-09,5.096197128,12
2003-06-10,5.117425919,12.05000019
2003-06-11,5.117425919,12.05000019
2003-06-12,5.121673107,12.06000042
2003-06-13,5.134418964,12.09000015
2003-06-16,5.117425919,12.05000019
2003-06-17,5.091946125,11.98999977
2003-06-18,5.074959278,11.94999981
2003-06-19,5.079206467,11.96000004
2003-06-20,5.070714951,11.93999958
2003-06-23,5.087697506,11.97999954
2003-06-24,5.100438595,12.01000023
2003-06-25,5.074959278,11.94999981
2003-06-26,5.036741734,11.85999966
2003-06-27,5.032487869,11.85000038
2003-06-30,5.057198048,11.86999989
2003-07-01,5.052942276,11.85999966
2003-07-02,5.057198048,11.86999989
2003-07-03,5.035902023,11.81999969
2003-07-07,5.023117542,11.78999996
2003-07-08,5.014600277,11.77000046
2003-07-09,5.018857479,11.77999973
2003-07-10,5.027377605,11.80000019
2003-07-11,5.040162563,11.82999992
2003-07-14,5.023117542,11.78999996
2003-07-15,4.976249695,11.68000031
2003-07-16,4.967727184,11.65999985
2003-07-17,4.963468552,11.64999962
2003-07-18,4.959213257,11.64000034
2003-07-21,4.912344933,11.52999973
2003-07-22,4.920866489,11.55000019
2003-07-23,4.929385662,11.56999969
2003-07-24,4.920866489,11.55000019
2003-07-25,4.916604996,11.53999996
2003-07-28,4.891042233,11.47999954
2003-07-29,4.865479946,11.42000008
2003-07-30,4.878259182,11.44999981
2003-07-31,4.86115551,11.36999989
2003-08-01,4.86115551,11.36999989
2003-08-04,4.882535458,11.42000008
2003-08-05,4.856881142,11.35999966
2003-08-06,4.891087532,11.43999958
2003-08-07,4.903913498,11.47000027
2003-08-08,4.908189774,11.47999954
2003-08-11,4.891087532,11.43999958
2003-08-12,4.899639606,11.46000004
2003-08-13,4.848331928,11.34000015
2003-08-14,4.844056129,11.32999992
2003-08-15,4.848331928,11.34000015
2003-08-18,4.865432739,11.38000011
2003-08-19,4.886810303,11.43000031
2003-08-20,4.869707108,11.39000034
2003-08-21,4.844056129,11.32999992
2003-08-22,4.856881142,11.35999966
2003-08-25,4.839780807,11.31999969
2003-08-26,4.852611065,11.35000038
2003-08-27,4.835508347,11.31000042
2003-08-28,4.86115551,11.36999989
2003-08-29,4.870168209,11.35000038
2003-09-02,4.835844994,11.27000046
2003-09-03,4.840133667,11.27999973
2003-09-04,4.861587524,11.32999992
2003-09-05,4.908791065,11.43999958
2003-09-08,4.904497623,11.43000031
2003-09-09,4.908791065,11.43999958
2003-09-10,4.930243492,11.48999977
2003-09-11,4.917369366,11.46000004
2003-09-12,4.93453455,11.5
2003-09-15,4.943116665,11.52000046
2003-09-16,4.93453455,11.5
2003-09-17,4.951695919,11.53999996
2003-09-18,4.947405338,11.52999973
2003-09-19,4.947405338,11.52999973
2003-09-22,4.93453455,11.5
2003-09-23,4.943116665,11.52000046
2003-09-24,4.955984116,11.55000019
2003-09-25,4.960278034,11.56000042
2003-09-26,4.981735706,11.60999966
2003-09-29,4.968862534,11.57999992
2003-09-30,5.020526409,11.65999985
2003-10-01,5.020526409,11.65999985
2003-10-02,5.007612228,11.63000011
2003-10-03,4.960251808,11.52000046
2003-10-06,4.97316885,11.55000019
2003-10-07,4.951639175,11.5
2003-10-08,4.955941677,11.51000023
2003-10-09,4.943026543,11.47999954
2003-10-10,4.951639175,11.5
2003-10-13,4.951639175,11.5
2003-10-14,4.934417725,11.46000004
2003-10-15,4.917195797,11.42000008
2003-10-16,4.895663738,11.36999989
2003-10-17,4.91288662,11.40999985
2003-10-20,4.917195797,11.42000008
2003-10-21,4.917195797,11.42000008
2003-10-22,4.943026543,11.47999954
2003-10-23,4.934417725,11.46000004
2003-10-24,4.955941677,11.51000023
2003-10-27,4.943026543,11.47999954
2003-10-28,4.964556217,11.52999973
2003-10-29,4.943026543,11.47999954
2003-10-30,4.925802231,11.43999958
2003-10-31,4.952596664,11.46000004
2003-11-03,4.935315609,11.42000008
2003-11-04,4.948274612,11.44999981
2003-11-05,4.935315609,11.42000008
2003-11-06,4.918023586,11.38000011
2003-11-07,4.905056953,11.35000038
2003-11-10,4.900736809,11.34000015
2003-11-11,4.900736809,11.34000015
2003-11-12,4.913705826,11.36999989
2003-11-13,4.948274612,11.44999981
2003-11-14,4.965561867,11.48999977
2003-11-17,4.978530407,11.52000046
2003-11-18,4.978530407,11.52000046
2003-11-19,4.965561867,11.48999977
2003-11-20,4.982849598,11.52999973
2003-11-21,4.982849598,11.52999973
2003-11-24,4.961241245,11.47999954
2003-11-25,4.969884872,11.5
2003-11-26,4.956919193,11.47000027
2003-11-28,4.948676109,11.40999985
2003-12-01,4.931333065,11.36999989
2003-12-02,4.935665607,11.38000011
2003-12-03,4.931333065,11.36999989
2003-12-04,4.940005302,11.39000034
2003-12-05,4.983375549,11.48999977
2003-12-08,4.970365047,11.46000004
2003-12-09,4.948676109,11.40999985
2003-12-10,4.961689949,11.43999958
2003-12-11,4.983375549,11.48999977
2003-12-12,4.983375549,11.48999977
2003-12-15,4.974700928,11.47000027
2003-12-16,4.983375549,11.48999977
2003-12-17,4.992049217,11.51000023
2003-12-18,4.996389389,11.52000046
2003-12-19,4.996389389,11.52000046
2003-12-22,4.992049217,11.51000023
2003-12-23,4.966026306,11.44999981
2003-12-24,4.987713814,11.5
2003-12-26,4.996389389,11.52000046
2003-12-29,4.979038715,11.47999954
2003-12-30,4.974700928,11.47000027
2003-12-31,4.995296955,11.39999962
2004-01-02,4.969006538,11.34000015
2004-01-05,4.969006538,11.34000015
2004-01-06,4.995296955,11.39999962
2004-01-07,4.999679089,11.40999985
2004-01-08,4.999679089,11.40999985
2004-01-09,5.039113045,11.5
2004-01-12,5.043498039,11.51000023
2004-01-13,5.056641579,11.53999996
2004-01-14,5.061018944,11.55000019
2004-01-15,5.061018944,11.55000019
2004-01-16,5.04788208,11.52000046
2004-01-20,5.039113045,11.5
2004-01-21,5.04788208,11.52000046
2004-01-22,5.061018944,11.55000019
2004-01-23,5.039113045,11.5
2004-01-26,5.025969505,11.47000027
2004-01-27,5.034730434,11.48999977
2004-01-28,5.008440495,11.43000031
2004-01-29,5.004063129,11.42000008
2004-01-30,5.036166191,11.44999981
2004-02-02,5.031764507,11.43999958
2004-02-03,5.044961929,11.47000027
2004-02-04,5.040565968,11.46000004
2004-02-05,5.027371883,11.43000031
2004-02-06,5.049361229,11.47999954
2004-02-09,5.053758144,11.48999977
2004-02-10,5.044961929,11.47000027
2004-02-11,5.066958904,11.52000046
2004-02-12,5.058159351,11.5
2004-02-13,5.07135725,11.52999973
2004-02-17,5.066958904,11.52000046
2004-02-18,5.066958904,11.52000046
2004-02-19,5.066958904,11.52000046
2004-02-20,5.053758144,11.48999977
2004-02-23,5.062561035,11.51000023
2004-02-24,5.07135725,11.52999973
2004-02-25,5.075756073,11.53999996
2004-02-26,5.066958904,11.52000046
2004-02-27,5.097851276,11.55000019
2004-03-01,5.093440533,11.53999996
2004-03-02,5.084615707,11.52000046
2004-03-03,5.080196857,11.51000023
2004-03-04,5.089027882,11.52999973
2004-03-05,5.137577534,11.64000034
2004-03-08,5.150817394,11.67000008
2004-03-09,5.164059162,11.69999981
2004-03-10,5.159646511,11.68999958
2004-03-11,5.155229092,11.68000031
2004-03-12,5.155229092,11.68000031
2004-03-15,5.150817394,11.67000008
2004-03-16,5.168471336,11.71000004
2004-03-17,5.168471336,11.71000004
2004-03-18,5.150817394,11.67000008
2004-03-19,5.141991138,11.64999962
2004-03-22,5.159646511,11.68999958
2004-03-23,5.159646511,11.68999958
2004-03-24,5.159646511,11.68999958
2004-03-25,5.155229092,11.68000031
2004-03-26,5.133163452,11.63000011
2004-03-29,5.119925022,11.60000038
2004-03-30,5.115507603,11.59000015
2004-03-31,5.152279854,11.63000011
2004-04-01,5.134555817,11.59000015
2004-04-02,5.076962948,11.46000004
2004-04-05,5.054816723,11.40999985
2004-04-06,5.068101406,11.43999958
2004-04-07,5.068101406,11.43999958
2004-04-08,5.059249401,11.42000008
2004-04-12,5.054816723,11.40999985
2004-04-13,5.028232098,11.35000038
2004-04-14,5.014943123,11.31999969
2004-04-15,5.010512352,11.31000042
2004-04-16,5.023799419,11.34000015
2004-04-19,5.014943123,11.31999969
2004-04-20,5.014943123,11.31999969
2004-04-21,4.992791176,11.27000046
2004-04-22,5.006082058,11.30000019
2004-04-23,4.983935833,11.25
2004-04-26,4.983935833,11.25
2004-04-27,4.992791176,11.27000046
2004-04-28,4.975071907,11.22999954
2004-04-29,4.957348347,11.18999958
2004-04-30,4.984922886,11.21000004
2004-05-03,4.984922886,11.21000004
2004-05-04,4.976027489,11.18999958
2004-05-05,4.967133999,11.17000008
2004-05-06,4.962685108,11.15999985
2004-05-07,4.909326553,11.03999996
2004-05-10,4.909326553,11.03999996
2004-05-11,4.913771629,11.05000019
2004-05-12,4.909326553,11.03999996
2004-05-13,4.895983696,11.01000023
2004-05-14,4.913771629,11.05000019
2004-05-17,4.936005592,11.10000038
2004-05-18,4.927109241,11.07999992
2004-05-19,4.909326553,11.03999996
2004-05-20,4.927109241,11.07999992
2004-05-21,4.91821909,11.06000042
2004-05-24,4.922666073,11.06999969
2004-05-25,4.922666073,11.06999969
2004-05-26,4.940455437,11.10999966
2004-05-27,4.958237648,11.14999962
2004-05-28,4.959582806,11.10999966
2004-06-01,4.950650692,11.09000015
2004-06-02,4.9417243,11.06999969
2004-06-03,4.946181774,11.07999992
2004-06-04,4.928333282,11.03999996
2004-06-07,4.93279314,11.05000019
2004-06-08,4.93279314,11.05000019
2004-06-09,4.91940403,11.02000046
2004-06-10,4.923865318,11.02999973
2004-06-14,4.901545525,10.97999954
2004-06-15,4.946181774,11.07999992
2004-06-16,4.93725729,11.06000042
2004-06-17,4.946181774,11.07999992
2004-06-18,4.9417243,11.06999969
2004-06-21,4.946181774,11.07999992
2004-06-22,4.9417243,11.06999969
2004-06-23,4.946181774,11.07999992
2004-06-24,4.959582806,11.10999966
2004-06-25,4.959582806,11.10999966
2004-06-28,4.93279314,11.05000019
2004-06-29,4.946181774,11.07999992
2004-06-30,4.986510277,11.13000011
2004-07-01,4.999951839,11.15999985
2004-07-02,5.026832581,11.22000027
2004-07-06,5.022354603,11.21000004
2004-07-07,5.022354603,11.21000004
2004-07-08,5.022354603,11.21000004
2004-07-09,5.022354603,11.21000004
2004-07-12,5.031312466,11.22999954
2004-07-13,5.017870903,11.19999981
2004-07-14,5.017870903,11.19999981
2004-07-15,5.013391018,11.18999958
2004-07-16,5.04475069,11.26000023
2004-07-19,5.04475069,11.26000023
2004-07-20,5.017870903,11.19999981
2004-07-21,5.008910656,11.18000031
2004-07-22,5.013391018,11.18999958
2004-07-23,5.022354603,11.21000004
2004-07-26,5.008910656,11.18000031
2004-07-27,4.98203373,11.11999989
2004-07-28,4.986510277,11.13000011
2004-07-29,4.990987778,11.14000034
2004-07-30,5.031910896,11.18999958
2004-08-02,5.036409855,11.19999981
2004-08-03,5.04540205,11.22000027
2004-08-04,5.04540205,11.22000027
2004-08-05,5.049898624,11.22999954
2004-08-06,5.09936285,11.34000015
2004-08-09,5.090371132,11.31999969
2004-08-10,5.076880455,11.28999996
2004-08-11,5.081372738,11.30000019
2004-08-12,5.085868835,11.31000042
2004-08-13,5.09936285,11.34000015
2004-08-16,5.085868835,11.31000042
2004-08-17,5.09936285,11.34000015
2004-08-18,5.094867706,11.32999992
2004-08-19,5.09936285,11.34000015
2004-08-20,5.094867706,11.32999992
2004-08-23,5.081372738,11.30000019
2004-08-24,5.081372738,11.30000019
2004-08-25,5.085868835,11.31000042
2004-08-26,5.094867706,11.32999992
2004-08-27,5.090371132,11.31999969
2004-08-30,5.10385704,11.35000038
2004-08-31,5.136352062,11.38000011
2004-09-01,5.136352062,11.38000011
2004-09-02,5.122815132,11.35000038
2004-09-03,5.095738411,11.28999996
2004-09-07,5.104760647,11.31000042
2004-09-08,5.127326012,11.35999966
2004-09-09,5.118298531,11.34000015
2004-09-10,5.122815132,11.35000038
2004-09-13,5.127326012,11.35999966
2004-09-14,5.136352062,11.38000011
2004-09-15,5.127326012,11.35999966
2004-09-16,5.149898052,11.40999985
2004-09-17,5.136352062,11.38000011
2004-09-20,5.154414654,11.42000008
2004-09-21,5.154414654,11.42000008
2004-09-22,5.163435459,11.43999958
2004-09-23,5.154414654,11.42000008
2004-09-24,5.149898052,11.40999985
2004-09-27,5.158921242,11.43000031
2004-09-28,5.154414654,11.42000008
2004-09-29,5.136352062,11.38000011
2004-09-30,5.146319866,11.35999966
2004-10-01,5.132732391,11.32999992
2004-10-04,5.137259483,11.34000015
2004-10-05,5.132732391,11.32999992
2004-10-06,5.119140625,11.30000019
2004-10-07,5.11461544,11.28999996
2004-10-08,5.146319866,11.35999966
2004-10-11,5.146319866,11.35999966
2004-10-12,5.155378342,11.38000011
2004-10-13,5.16444397,11.39999962
2004-10-14,5.178030014,11.43000031
2004-10-15,5.168973923,11.40999985
2004-10-18,5.168973923,11.40999985
2004-10-19,5.168973923,11.40999985
2004-10-20,5.182560921,11.43999958
2004-10-21,5.178030014,11.43000031
2004-10-22,5.182560921,11.43999958
2004-10-25,5.187096596,11.44999981
2004-10-26,5.182560921,11.43999958
2004-10-27,5.155378342,11.38000011
2004-10-28,5.159915924,11.39000034
2004-10-29,5.193112373,11.42000008
2004-11-01,5.174921036,11.38000011
2004-11-02,5.179465294,11.39000034
2004-11-03,5.184018612,11.39999962
2004-11-04,5.184018612,11.39999962
2004-11-05,5.14763546,11.31999969
2004-11-08,5.138539314,11.30000019
2004-11-09,5.138539314,11.30000019
2004-11-10,5.129445076,11.27999973
2004-11-11,5.129445076,11.27999973
2004-11-12,5.138539314,11.30000019
2004-11-15,5.143086433,11.31000042
2004-11-16,5.138539314,11.30000019
2004-11-17,5.156728745,11.34000015
2004-11-18,5.161273956,11.35000038
2004-11-19,5.138539314,11.30000019
2004-11-22,5.143086433,11.31000042
2004-11-23,5.138539314,11.30000019
2004-11-24,5.133995056,11.28999996
2004-11-26,5.124896049,11.27000046
2004-11-29,5.102158546,11.22000027
2004-11-30,5.11631155,11.21000004
2004-12-01,5.111749172,11.19999981
2004-12-02,5.107182503,11.18999958
2004-12-03,5.139129639,11.26000023
2004-12-06,5.148260593,11.27999973
2004-12-07,5.148260593,11.27999973
2004-12-08,5.175640583,11.34000015
2004-12-09,5.166512489,11.31999969
2004-12-10,5.166512489,11.31999969
2004-12-13,5.171077728,11.32999992
2004-12-14,5.171077728,11.32999992
2004-12-15,5.18476963,11.35999966
2004-12-16,5.15738821,11.30000019
2004-12-17,5.152827263,11.28999996
2004-12-20,5.152827263,11.28999996
2004-12-21,5.161949635,11.31000042
2004-12-22,5.152827263,11.28999996
2004-12-23,5.152827263,11.28999996
2004-12-27,5.134567738,11.25
2004-12-28,5.130004883,11.23999977
2004-12-29,5.120872974,11.22000027
2004-12-30,5.134567738,11.25
2004-12-31,5.166222572,11.26000023
2005-01-03,5.166222572,11.26000023
2005-01-04,5.14786911,11.22000027
2005-01-05,5.14786911,11.22000027
2005-01-06,5.14786911,11.22000027
2005-01-07,5.143285751,11.21000004
2005-01-10,5.14786911,11.22000027
2005-01-11,5.152459621,11.22999954
2005-01-12,5.15705204,11.23999977
2005-01-13,5.170806885,11.27000046
2005-01-14,5.161637783,11.25
2005-01-18,5.161637783,11.25
2005-01-19,5.161637783,11.25
2005-01-20,5.170806885,11.27000046
2005-01-21,5.175401211,11.27999973
2005-01-24,5.179994583,11.28999996
2005-01-25,5.161637783,11.25
2005-01-26,5.161637783,11.25
2005-01-27,5.15705204,11.23999977
2005-01-28,5.170806885,11.27000046
2005-01-31,5.19522047,11.27999973
2005-02-01,5.1906147,11.27000046
2005-02-02,5.1906147,11.27000046
2005-02-03,5.181405067,11.25
2005-02-04,5.204436302,11.30000019
2005-02-07,5.209039211,11.31000042
2005-02-08,5.213645458,11.31999969
2005-02-09,5.227461815,11.35000038
2005-02-10,5.209039211,11.31000042
2005-02-11,5.19522047,11.27999973
2005-02-14,5.199831009,11.28999996
2005-02-15,5.19522047,11.27999973
2005-02-16,5.181405067,11.25
2005-02-17,5.176804543,11.23999977
2005-02-18,5.153770924,11.18999958
2005-02-22,5.149164677,11.18000031
2005-02-23,5.153770924,11.18999958
2005-02-24,5.149164677,11.18000031
2005-02-25,5.149164677,11.18000031
2005-02-28,5.144083023,11.13000011
2005-03-01,5.139462471,11.11999989
2005-03-02,5.139462471,11.11999989
2005-03-03,5.134836197,11.10999966
2005-03-04,5.15332365,11.14999962
2005-03-07,5.15332365,11.14999962
2005-03-08,5.134836197,11.10999966
2005-03-09,5.09786272,11.02999973
2005-03-10,5.111730576,11.06000042
2005-03-11,5.093243122,11.02000046
2005-03-14,5.093243122,11.02000046
2005-03-15,5.088616848,11.01000023
2005-03-16,5.09786272,11.02999973
2005-03-17,5.102482796,11.03999996
2005-03-18,5.093243122,11.02000046
2005-03-21,5.093243122,11.02000046
2005-03-22,5.074759483,10.97999954
2005-03-23,5.070133209,10.97000027
2005-03-24,5.070133209,10.97000027
2005-03-28,5.065509319,10.96000004
2005-03-29,5.070133209,10.97000027
2005-03-30,5.079376221,10.98999977
2005-03-31,5.117958546,11.01000023
2005-04-01,5.131903648,11.03999996
2005-04-04,5.131903648,11.03999996
2005-04-05,5.127250671,11.02999973
2005-04-06,5.131903648,11.03999996
2005-04-07,5.127250671,11.02999973
2005-04-08,5.117958546,11.01000023
2005-04-11,5.127250671,11.02999973
2005-04-12,5.150493622,11.07999992
2005-04-13,5.150493622,11.07999992
2005-04-14,5.150493622,11.07999992
2005-04-15,5.173740864,11.13000011
2005-04-18,5.178388596,11.14000034
2005-04-19,5.187682629,11.15999985
2005-04-20,5.187682629,11.15999985
2005-04-21,5.169086933,11.11999989
2005-04-22,5.173740864,11.13000011
2005-04-25,5.178388596,11.14000034
2005-04-26,5.173740864,11.13000011
2005-04-27,5.183036804,11.14999962
2005-04-28,5.196981907,11.18000031
2005-04-29,5.207711697,11.15999985
2005-05-02,5.212384224,11.17000008
2005-05-03,5.207711697,11.15999985
2005-05-04,5.212384224,11.17000008
2005-05-05,5.221716404,11.18999958
2005-05-06,5.193718433,11.13000011
2005-05-09,5.18904686,11.11999989
2005-05-10,5.203047752,11.14999962
2005-05-11,5.207711697,11.15999985
2005-05-12,5.212384224,11.17000008
2005-05-13,5.226377487,11.19999981
2005-05-16,5.221716404,11.18999958
2005-05-17,5.226377487,11.19999981
2005-05-18,5.235713959,11.22000027
2005-05-19,5.221716404,11.18999958
2005-05-20,5.217048168,11.18000031
2005-05-23,5.23104763,11.21000004
2005-05-24,5.240379333,11.22999954
2005-05-25,5.23104763,11.21000004
2005-05-26,5.23104763,11.21000004
2005-05-27,5.23104763,11.21000004
2005-05-31,5.269927979,11.25
2005-06-01,5.298030376,11.31000042
2005-06-02,5.298030376,11.31000042
2005-06-03,5.274610043,11.26000023
2005-06-06,5.279293537,11.27000046
2005-06-07,5.288666248,11.28999996
2005-06-08,5.28398037,11.27999973
2005-06-09,5.274610043,11.26000023
2005-06-10,5.255876541,11.22000027
2005-06-13,5.246502399,11.19999981
2005-06-14,5.237136841,11.18000031
2005-06-15,5.237136841,11.18000031
2005-06-16,5.246502399,11.19999981
2005-06-17,5.246502399,11.19999981
2005-06-20,5.241822243,11.18999958
2005-06-21,5.251189232,11.21000004
2005-06-22,5.279293537,11.27000046
2005-06-23,5.274610043,11.26000023
2005-06-24,5.288666248,11.28999996
2005-06-27,5.293345928,11.30000019
2005-06-28,5.274610043,11.26000023
2005-06-29,5.269927979,11.25
2005-06-30,5.29907608,11.27000046
2005-07-01,5.275569916,11.22000027
2005-07-05,5.256762028,11.18000031
2005-07-06,5.266163826,11.19999981
2005-07-07,5.275569916,11.22000027
2005-07-08,5.256762028,11.18000031
2005-07-11,5.256762028,11.18000031
2005-07-12,5.247357368,11.15999985
2005-07-13,5.242655754,11.14999962
2005-07-14,5.237951756,11.14000034
2005-07-15,5.237951756,11.14000034
2005-07-18,5.223853111,11.10999966
2005-07-19,5.233250141,11.13000011
2005-07-20,5.237951756,11.14000034
2005-07-21,5.209746838,11.07999992
2005-07-22,5.223853111,11.10999966
2005-07-25,5.219144821,11.10000038
2005-07-26,5.219144821,11.10000038
2005-07-27,5.214443207,11.09000015
2005-07-28,5.22854805,11.11999989
2005-07-29,5.224770546,11.06999969
2005-08-01,5.215334892,11.05000019
2005-08-02,5.215334892,11.05000019
2005-08-03,5.224770546,11.06999969
2005-08-04,5.220051765,11.06000042
2005-08-05,5.196456432,11.01000023
2005-08-08,5.191737652,11
2005-08-09,5.196456432,11.01000023
2005-08-10,5.196456432,11.01000023
2005-08-11,5.210616112,11.03999996
2005-08-12,5.234210491,11.09000015
2005-08-15,5.224770546,11.06999969
2005-08-16,5.234210491,11.09000015
2005-08-17,5.224770546,11.06999969
2005-08-18,5.238936424,11.10000038
2005-08-19,5.238936424,11.10000038
2005-08-22,5.238936424,11.10000038
2005-08-23,5.248373985,11.11999989
2005-08-24,5.248373985,11.11999989
2005-08-25,5.253089905,11.13000011
2005-08-26,5.243654728,11.10999966
2005-08-29,5.248373985,11.11999989
2005-08-30,5.271974087,11.17000008
2005-08-31,5.310818195,11.21000004
2005-09-01,5.315559864,11.22000027
2005-09-02,5.310818195,11.21000004
2005-09-06,5.296610832,11.18000031
2005-09-07,5.282392979,11.14999962
2005-09-08,5.287131786,11.15999985
2005-09-09,5.287131786,11.15999985
2005-09-12,5.277658463,11.14000034
2005-09-13,5.287131786,11.15999985
2005-09-14,5.277658463,11.14000034
2005-09-15,5.268181801,11.11999989
2005-09-16,5.253966331,11.09000015
2005-09-19,5.25870657,11.10000038
2005-09-20,5.253966331,11.09000015
2005-09-21,5.268181801,11.11999989
2005-09-22,5.272919655,11.13000011
2005-09-23,5.253966331,11.09000015
2005-09-26,5.244491577,11.06999969
2005-09-27,5.239756107,11.06000042
2005-09-28,5.249232292,11.07999992
2005-09-29,5.239756107,11.06000042
2005-09-30,5.250218868,11.03999996
2005-10-03,5.235949516,11.01000023
2005-10-04,5.235949516,11.01000023
2005-10-05,5.24070549,11.02000046
2005-10-06,5.24070549,11.02000046
2005-10-07,5.24070549,11.02000046
2005-10-10,5.24070549,11.02000046
2005-10-11,5.235949516,11.01000023
2005-10-12,5.221687794,10.97999954
2005-10-13,5.212174892,10.96000004
2005-10-14,5.207417488,10.94999981
2005-10-17,5.207417488,10.94999981
2005-10-18,5.212174892,10.96000004
2005-10-19,5.216929913,10.97000027
2005-10-20,5.216929913,10.97000027
2005-10-21,5.231194496,11
2005-10-24,5.221687794,10.97999954
2005-10-25,5.202658176,10.93999958
2005-10-26,5.183639526,10.89999962
2005-10-27,5.188395023,10.90999985
2005-10-28,5.188395023,10.90999985
2005-10-31,5.208926201,10.90999985
2005-11-01,5.204149723,10.89999962
2005-11-02,5.194601059,10.88000011
2005-11-03,5.185054302,10.85999966
2005-11-04,5.180280209,10.85000038
2005-11-07,5.185054302,10.85999966
2005-11-08,5.199377537,10.89000034
2005-11-09,5.185054302,10.85999966
2005-11-10,5.204149723,10.89999962
2005-11-11,5.204149723,10.89999962
2005-11-14,5.189827442,10.86999989
2005-11-15,5.199377537,10.89000034
2005-11-16,5.218474388,10.93000031
2005-11-17,5.228023529,10.94999981
2005-11-18,5.213700294,10.92000008
2005-11-21,5.223246098,10.93999958
2005-11-22,5.232801437,10.96000004
2005-11-23,5.218474388,10.93000031
2005-11-25,5.232801437,10.96000004
2005-11-28,5.237574577,10.97000027
2005-11-29,5.218474388,10.93000031
2005-11-30,5.233813286,10.92000008
2005-12-01,5.229020596,10.90999985
2005-12-02,5.229020596,10.90999985
2005-12-05,5.219433784,10.89000034
2005-12-06,5.238605499,10.93000031
2005-12-07,5.229020596,10.90999985
2005-12-08,5.248190403,10.94999981
2005-12-09,5.229020596,10.90999985
2005-12-12,5.224225521,10.89999962
2005-12-13,5.229020596,10.90999985
2005-12-14,5.248190403,10.94999981
2005-12-15,5.243393421,10.93999958
2005-12-16,5.248190403,10.94999981
2005-12-19,5.252985954,10.96000004
2005-12-20,5.243393421,10.93999958
2005-12-21,5.238605499,10.93000031
2005-12-22,5.252985954,10.96000004
2005-12-23,5.267365932,10.98999977
2005-12-27,5.276947975,11.01000023
2005-12-28,5.267365932,10.98999977
2005-12-29,5.27073288,10.93999958
2005-12-30,5.287181854,10.93000031
2006-01-03,5.292017937,10.93999958
2006-01-04,5.296858311,10.94999981
2006-01-05,5.296858311,10.94999981
2006-01-06,5.287181854,10.93000031
2006-01-09,5.292017937,10.93999958
2006-01-10,5.277504921,10.90999985
2006-01-11,5.272671223,10.89999962
2006-01-12,5.282346725,10.92000008
2006-01-13,5.296858311,10.94999981
2006-01-17,5.301694393,10.96000004
2006-01-18,5.301694393,10.96000004
2006-01-19,5.292017937,10.93999958
2006-01-20,5.292017937,10.93999958
2006-01-23,5.296858311,10.94999981
2006-01-24,5.287181854,10.93000031
2006-01-25,5.267833233,10.89000034
2006-01-26,5.25331974,10.85999966
2006-01-27,5.258157253,10.86999989
2006-01-30,5.248485565,10.85000038
2006-01-31,5.269370079,10.85000038
2006-02-01,5.259651184,10.82999992
2006-02-02,5.259651184,10.82999992
2006-02-03,5.269370079,10.85000038
2006-02-06,5.264511108,10.84000015
2006-02-07,5.259651184,10.82999992
2006-02-08,5.254792213,10.81999969
2006-02-09,5.254792213,10.81999969
2006-02-10,5.24508667,10.80000019
2006-02-13,5.24508667,10.80000019
2006-02-14,5.240226269,10.78999996
2006-02-15,5.240226269,10.78999996
2006-02-16,5.24508667,10.80000019
2006-02-17,5.259651184,10.82999992
2006-02-21,5.249942303,10.81000042
2006-02-22,5.259651184,10.82999992
2006-02-23,5.249942303,10.81000042
2006-02-24,5.24508667,10.80000019
2006-02-27,5.240226269,10.78999996
2006-02-28,5.273859024,10.81999969
2006-03-01,5.264114857,10.80000019
2006-03-02,5.249489784,10.77000046
2006-03-03,5.239739895,10.75
2006-03-06,5.225114822,10.72000027
2006-03-07,5.225114822,10.72000027
2006-03-08,5.225114822,10.72000027
2006-03-09,5.225114822,10.72000027
2006-03-10,5.220244408,10.71000004
2006-03-13,5.215371132,10.69999981
2006-03-14,5.239739895,10.75
2006-03-15,5.234862804,10.73999977
2006-03-16,5.254360676,10.77999973
2006-03-17,5.249489784,10.77000046
2006-03-20,5.254360676,10.77999973
2006-03-21,5.234862804,10.73999977
2006-03-22,5.234862804,10.73999977
2006-03-23,5.229989052,10.72999954
2006-03-24,5.244616032,10.76000023
2006-03-27,5.239739895,10.75
2006-03-28,5.215371132,10.69999981
2006-03-29,5.210493565,10.68999958
2006-03-30,5.195872307,10.65999985
2006-03-31,5.221809864,10.67000008
2006-04-03,5.212024212,10.64999962
2006-04-04,5.216914654,10.65999985
2006-04-05,5.22670269,10.68000031
2006-04-06,5.212024212,10.64999962
2006-04-07,5.192442894,10.60999966
2006-04-10,5.197340488,10.61999989
2006-04-11,5.202231407,10.63000011
2006-04-12,5.192442894,10.60999966
2006-04-13,5.177764416,10.57999992
2006-04-17,5.187551022,10.60000038
2006-04-18,5.197340488,10.61999989
2006-04-19,5.187551022,10.60000038
2006-04-20,5.182658195,10.59000015
2006-04-21,5.187551022,10.60000038
2006-04-24,5.192442894,10.60999966
2006-04-25,5.172868252,10.56999969
2006-04-26,5.1630826,10.55000019
2006-04-27,5.172868252,10.56999969
2006-04-28,5.202342033,10.59000015
2006-05-01,5.182696342,10.55000019
2006-05-02,5.187608719,10.56000042
2006-05-03,5.182696342,10.55000019
2006-05-04,5.17778635,10.53999996
2006-05-05,5.187608719,10.56000042
2006-05-08,5.182696342,10.55000019
2006-05-09,5.182696342,10.55000019
2006-05-10,5.182696342,10.55000019
2006-05-11,5.17778635,10.53999996
2006-05-12,5.163043976,10.51000023
2006-05-15,5.172869682,10.52999973
2006-05-16,5.187608719,10.56000042
2006-05-17,5.17778635,10.53999996
2006-05-18,5.197430611,10.57999992
2006-05-19,5.197430611,10.57999992
2006-05-22,5.207259655,10.60000038
2006-05-23,5.197430611,10.57999992
2006-05-24,5.207259655,10.60000038
2006-05-25,5.197430611,10.57999992
2006-05-26,5.202342033,10.59000015
2006-05-30,5.192518711,10.56999969
2006-05-31,5.203371525,10.55000019
2006-06-01,5.203371525,10.55000019
2006-06-02,5.232959747,10.60999966
2006-06-05,5.223100185,10.59000015
2006-06-06,5.228032112,10.60000038
2006-06-07,5.223100185,10.59000015
2006-06-08,5.228032112,10.60000038
2006-06-09,5.232959747,10.60999966
2006-06-12,5.228032112,10.60000038
2006-06-13,5.237892628,10.61999989
2006-06-14,5.213233471,10.56999969
2006-06-15,5.198436737,10.53999996
2006-06-16,5.188576221,10.52000046
2006-06-19,5.183644772,10.51000023
2006-06-20,5.183644772,10.51000023
2006-06-21,5.183644772,10.51000023
2006-06-22,5.168841362,10.47999954
2006-06-23,5.163915157,10.47000027
2006-06-26,5.158984184,10.46000004
2006-06-27,5.168841362,10.47999954
2006-06-28,5.158984184,10.46000004
2006-06-29,5.173774242,10.48999977
2006-06-30,5.208931923,10.52000046
2006-07-03,5.208931923,10.52000046
2006-07-05,5.189128399,10.47999954
2006-07-06,5.199034214,10.5
2006-07-07,5.213885784,10.52999973
2006-07-10,5.213885784,10.52999973
2006-07-11,5.218837738,10.53999996
2006-07-12,5.218837738,10.53999996
2006-07-13,5.228741646,10.56000042
2006-07-14,5.233688831,10.56999969
2006-07-17,5.228741646,10.56000042
2006-07-18,5.213885784,10.52999973
2006-07-19,5.233688831,10.56999969
2006-07-20,5.243591785,10.59000015
2006-07-21,5.238641739,10.57999992
2006-07-24,5.238641739,10.57999992
2006-07-25,5.233688831,10.56999969
2006-07-26,5.243591785,10.59000015
2006-07-27,5.243591785,10.59000015
2006-07-28,5.258446217,10.61999989
2006-07-31,5.279325962,10.61999989
2006-08-01,5.279325962,10.61999989
2006-08-02,5.289271832,10.64000034
2006-08-03,5.289271832,10.64000034
2006-08-04,5.304182053,10.67000008
2006-08-07,5.294243336,10.64999962
2006-08-08,5.299211025,10.65999985
2006-08-09,5.294243336,10.64999962
2006-08-10,5.294243336,10.64999962
2006-08-11,5.28429985,10.63000011
2006-08-14,5.274353504,10.60999966
2006-08-15,5.294243336,10.64999962
2006-08-16,5.30915308,10.68000031
2006-08-17,5.30915308,10.68000031
2006-08-18,5.319097996,10.69999981
2006-08-21,5.324066162,10.71000004
2006-08-22,5.324066162,10.71000004
2006-08-23,5.324066162,10.71000004
2006-08-24,5.324066162,10.71000004
2006-08-25,5.329037666,10.72000027
2006-08-28,5.324066162,10.71000004
2006-08-29,5.324066162,10.71000004
2006-08-30,5.334009171,10.72999954
2006-08-31,5.364952564,10.75
2006-09-01,5.364952564,10.75
2006-09-05,5.349978924,10.72000027
2006-09-06,5.344985962,10.71000004
2006-09-07,5.349978924,10.72000027
2006-09-08,5.354970932,10.72999954
2006-09-11,5.349978924,10.72000027
2006-09-12,5.354970932,10.72999954
2006-09-13,5.359962463,10.73999977
2006-09-14,5.349978924,10.72000027
2006-09-15,5.344985962,10.71000004
2006-09-18,5.339995861,10.69999981
2006-09-19,5.364952564,10.75
2006-09-20,5.364952564,10.75
2006-09-21,5.389906883,10.80000019
2006-09-22,5.404881477,10.82999992
2006-09-25,5.414859295,10.85000038
2006-09-26,5.404881477,10.82999992
2006-09-27,5.404881477,10.82999992
2006-09-28,5.394893646,10.81000042
2006-09-29,5.415434361,10.81000042
2006-10-02,5.420443535,10.81999969
2006-10-03,5.420443535,10.81999969
2006-10-04,5.435475349,10.85000038
2006-10-05,5.420443535,10.81999969
2006-10-06,5.395394325,10.77000046
2006-10-09,5.395394325,10.77000046
2006-10-10,5.380369186,10.73999977
2006-10-11,5.3703475,10.72000027
2006-10-12,5.3703475,10.72000027
2006-10-13,5.365337372,10.71000004
2006-10-16,5.3703475,10.72000027
2006-10-17,5.375358105,10.72999954
2006-10-18,5.375358105,10.72999954
2006-10-19,5.3703475,10.72000027
2006-10-20,5.3703475,10.72000027
2006-10-23,5.360329628,10.69999981
2006-10-24,5.360329628,10.69999981
2006-10-25,5.3703475,10.72000027
2006-10-26,5.390388012,10.76000023
2006-10-27,5.400405407,10.77999973
2006-10-30,5.400405407,10.77999973
2006-10-31,5.446679592,10.82999992
2006-11-01,5.456732273,10.85000038
2006-11-02,5.446679592,10.82999992
2006-11-03,5.411468029,10.76000023
2006-11-06,5.416500092,10.77000046
2006-11-07,5.431589603,10.80000019
2006-11-08,5.436612129,10.81000042
2006-11-09,5.436612129,10.81000042
2006-11-10,5.446679592,10.82999992
2006-11-13,5.441646099,10.81999969
2006-11-14,5.451705933,10.84000015
2006-11-15,5.436612129,10.81000042
2006-11-16,5.426559448,10.78999996
2006-11-17,5.441646099,10.81999969
2006-11-20,5.446679592,10.82999992
2006-11-21,5.451705933,10.84000015
2006-11-22,5.451705933,10.84000015
2006-11-24,5.456732273,10.85000038
2006-11-27,5.461757183,10.85999966
2006-11-28,5.471826553,10.88000011
2006-11-29,5.466790676,10.86999989
2006-11-30,5.507680416,10.90999985
2006-12-01,5.517780781,10.93000031
2006-12-04,5.517780781,10.93000031
2006-12-05,5.517780781,10.93000031
2006-12-06,5.502632618,10.89999962
2006-12-07,5.502632618,10.89999962
2006-12-08,5.477392673,10.85000038
2006-12-11,5.487487316,10.86999989
2006-12-12,5.497584343,10.89000034
2006-12-13,5.472344875,10.84000015
2006-12-14,5.467300415,10.82999992
2006-12-15,5.467300415,10.82999992
2006-12-18,5.467300415,10.82999992
2006-12-19,5.467300415,10.82999992
2006-12-20,5.467300415,10.82999992
2006-12-21,5.48243618,10.85999966
2006-12-22,5.462246418,10.81999969
2006-12-26,5.462246418,10.81999969
2006-12-27,5.447105885,10.78999996
2006-12-28,5.437007427,10.77000046
2006-12-29,5.453731537,10.76000023
2007-01-03,5.463870525,10.77999973
2007-01-04,5.479074955,10.81000042
2007-01-05,5.468937397,10.78999996
2007-01-08,5.468937397,10.78999996
2007-01-09,5.468937397,10.78999996
2007-01-10,5.458803177,10.77000046
2007-01-11,5.443595886,10.73999977
2007-01-12,5.438529491,10.72999954
2007-01-16,5.443595886,10.73999977
2007-01-17,5.428385735,10.71000004
2007-01-18,5.438529491,10.72999954
2007-01-19,5.433456421,10.72000027
2007-01-22,5.438529491,10.72999954
2007-01-23,5.423323631,10.69999981
2007-01-24,5.423323631,10.69999981
2007-01-25,5.408111572,10.67000008
2007-01-26,5.40304327,10.65999985
2007-01-29,5.40304327,10.65999985
2007-01-30,5.408111572,10.67000008
2007-01-31,5.440177441,10.68999958
2007-02-01,5.440177441,10.68999958
2007-02-02,5.440177441,10.68999958
2007-02-05,5.445266724,10.69999981
2007-02-06,5.460535049,10.72999954
2007-02-07,5.465623856,10.73999977
2007-02-08,5.465623856,10.73999977
2007-02-09,5.450355053,10.71000004
2007-02-12,5.445266724,10.69999981
2007-02-13,5.445266724,10.69999981
2007-02-14,5.465623856,10.73999977
2007-02-15,5.475799561,10.76000023
2007-02-16,5.480888844,10.77000046
2007-02-20,5.480888844,10.77000046
2007-02-21,5.475799561,10.76000023
2007-02-22,5.465623856,10.73999977
2007-02-23,5.480888844,10.77000046
2007-02-26,5.496155262,10.80000019
2007-02-27,5.531779289,10.86999989
2007-02-28,5.541481972,10.85000038
2007-03-01,5.541481972,10.85000038
2007-03-02,5.556808472,10.88000011
2007-03-05,5.551697731,10.86999989
2007-03-06,5.546587944,10.85999966
2007-03-07,5.556808472,10.88000011
2007-03-08,5.556808472,10.88000011
2007-03-09,5.531270027,10.82999992
2007-03-12,5.541481972,10.85000038
2007-03-13,5.561913013,10.89000034
2007-03-14,5.556808472,10.88000011
2007-03-15,5.551697731,10.86999989
2007-03-16,5.546587944,10.85999966
2007-03-19,5.541481972,10.85000038
2007-03-20,5.546587944,10.85999966
2007-03-21,5.556808472,10.88000011
2007-03-22,5.541481972,10.85000038
2007-03-23,5.531270027,10.82999992
2007-03-26,5.541481972,10.85000038
2007-03-27,5.536376953,10.84000015
2007-03-28,5.531270027,10.82999992
2007-03-29,5.526160717,10.81999969
2007-03-30,5.543082237,10.81000042
2007-04-02,5.548210144,10.81999969
2007-04-03,5.53795433,10.80000019
2007-04-04,5.543082237,10.81000042
2007-04-05,5.53795433,10.80000019
2007-04-09,5.517445564,10.76000023
2007-04-10,5.522572517,10.77000046
2007-04-11,5.517445564,10.76000023
2007-04-12,5.517445564,10.76000023
2007-04-13,5.51231575,10.75
2007-04-16,5.517445564,10.76000023
2007-04-17,5.532828808,10.78999996
2007-04-18,5.543082237,10.81000042
2007-04-19,5.53795433,10.80000019
2007-04-20,5.53795433,10.80000019
2007-04-23,5.548210144,10.81999969
2007-04-24,5.553339005,10.82999992
2007-04-25,5.548210144,10.81999969
2007-04-26,5.532828808,10.78999996
2007-04-27,5.532828808,10.78999996
2007-04-30,5.574522495,10.82999992
2007-05-01,5.569373608,10.81999969
2007-05-02,5.569373608,10.81999969
2007-05-03,5.559077263,10.80000019
2007-05-04,5.569373608,10.81999969
2007-05-07,5.569373608,10.81999969
2007-05-08,5.569373608,10.81999969
2007-05-09,5.559077263,10.80000019
2007-05-10,5.564224243,10.81000042
2007-05-11,5.559077263,10.80000019
2007-05-14,5.55393362,10.78999996
2007-05-15,5.543637753,10.77000046
2007-05-16,5.548784733,10.77999973
2007-05-17,5.533342361,10.75
2007-05-18,5.517899513,10.72000027
2007-05-21,5.517899513,10.72000027
2007-05-22,5.507607937,10.69999981
2007-05-23,5.502459526,10.68999958
2007-05-24,5.502459526,10.68999958
2007-05-25,5.497311115,10.68000031
2007-05-29,5.492161274,10.67000008
2007-05-30,5.492161274,10.67000008
2007-05-31,5.508699894,10.65999985
2007-06-01,5.488031387,10.61999989
2007-06-04,5.493198872,10.63000011
2007-06-05,5.477694988,10.60000038
2007-06-06,5.482859612,10.60999966
2007-06-07,5.45185709,10.55000019
2007-06-08,5.446689129,10.53999996
2007-06-11,5.441517353,10.52999973
2007-06-12,5.410513401,10.47000027
2007-06-13,5.420849323,10.48999977
2007-06-14,5.415683746,10.47999954
2007-06-15,5.431184292,10.51000023
2007-06-18,5.441517353,10.52999973
2007-06-19,5.457023144,10.56000042
2007-06-20,5.446689129,10.53999996
2007-06-21,5.441517353,10.52999973
2007-06-22,5.45185709,10.55000019
2007-06-25,5.467359066,10.57999992
2007-06-26,5.462186813,10.56999969
2007-06-27,5.467359066,10.57999992
2007-06-28,5.457023144,10.56000042
2007-06-29,5.499045372,10.60000038
2007-07-02,5.509422779,10.61999989
2007-07-03,5.493857861,10.59000015
2007-07-05,5.467918873,10.53999996
2007-07-06,5.452353477,10.51000023
2007-07-09,5.46272707,10.52999973
2007-07-10,5.499045372,10.60000038
2007-07-11,5.488668919,10.57999992
2007-07-12,5.473106861,10.55000019
2007-07-13,5.478292942,10.56000042
2007-07-16,5.493857861,10.59000015
2007-07-17,5.483476639,10.56999969
2007-07-18,5.504230499,10.60999966
2007-07-19,5.499045372,10.60000038
2007-07-20,5.519792557,10.64000034
2007-07-23,5.519792557,10.64000034
2007-07-24,5.52498436,10.64999962
2007-07-25,5.540546894,10.68000031
2007-07-26,5.582050323,10.76000023
2007-07-27,5.576857567,10.75
2007-07-30,5.56648159,10.72999954
2007-07-31,5.598773956,10.75
2007-08-01,5.598773956,10.75
2007-08-02,5.598773956,10.75
2007-08-03,5.61961031,10.78999996
2007-08-06,5.609192848,10.77000046
2007-08-07,5.603986263,10.76000023
2007-08-08,5.572738171,10.69999981
2007-08-09,5.593567371,10.73999977
2007-08-10,5.598773956,10.75
2007-08-13,5.598773956,10.75
2007-08-14,5.614399433,10.77999973
2007-08-15,5.63002491,10.81000042
2007-08-16,5.645651817,10.84000015
2007-08-17,5.645651817,10.84000015
2007-08-20,5.661269188,10.86999989
2007-08-21,5.676900387,10.89999962
2007-08-22,5.661269188,10.86999989
2007-08-23,5.656064034,10.85999966
2007-08-24,5.645651817,10.84000015
2007-08-27,5.656064034,10.85999966
2007-08-28,5.687313557,10.92000008
2007-08-29,5.676900387,10.89999962
2007-08-30,5.697732449,10.93999958
2007-08-31,5.709234715,10.92000008
2007-09-04,5.704006195,10.90999985
2007-09-05,5.735373497,10.97000027
2007-09-06,5.724917412,10.94999981
2007-09-07,5.771972179,11.03999996
2007-09-10,5.782427311,11.06000042
2007-09-11,5.766746998,11.02999973
2007-09-12,5.756289482,11.01000023
2007-09-13,5.730147839,10.96000004
2007-09-14,5.735373497,10.97000027
2007-09-17,5.730147839,10.96000004
2007-09-18,5.735373497,10.97000027
2007-09-19,5.730147839,10.96000004
2007-09-20,5.683089256,10.86999989
2007-09-21,5.693552971,10.89000034
2007-09-24,5.698779583,10.89999962
2007-09-25,5.704006195,10.90999985
2007-09-26,5.704006195,10.90999985
2007-09-27,5.714462757,10.93000031
2007-09-28,5.735455036,10.93000031
2007-10-01,5.740697384,10.93999958
2007-10-02,5.74594593,10.94999981
2007-10-03,5.740697384,10.93999958
2007-10-04,5.74594593,10.94999981
2007-10-05,5.709217548,10.88000011
2007-10-08,5.709217548,10.88000011
2007-10-09,5.70396328,10.86999989
2007-10-10,5.70396328,10.86999989
2007-10-11,5.70396328,10.86999989
2007-10-12,5.693476677,10.85000038
2007-10-15,5.698719978,10.85999966
2007-10-16,5.709217548,10.88000011
2007-10-17,5.74594593,10.94999981
2007-10-18,5.756443501,10.97000027
2007-10-19,5.787929058,11.02999973
2007-10-22,5.787929058,11.02999973
2007-10-23,5.787929058,11.02999973
2007-10-24,5.808915138,11.06999969
2007-10-25,5.803665161,11.06000042
2007-10-26,5.79317379,11.03999996
2007-10-29,5.79317379,11.03999996
2007-10-30,5.787929058,11.02999973
2007-10-31,5.783186436,10.97999954
2007-11-01,5.820056438,11.05000019
2007-11-02,5.846387386,11.10000038
2007-11-05,5.835859299,11.07999992
2007-11-06,5.825319767,11.06000042
2007-11-07,5.841125488,11.09000015
2007-11-08,5.867459297,11.14000034
2007-11-09,5.877989292,11.15999985
2007-11-12,5.877989292,11.15999985
2007-11-13,5.862187386,11.13000011
2007-11-14,5.856925011,11.11999989
2007-11-15,5.893796444,11.18999958
2007-11-16,5.899062634,11.19999981
2007-11-19,5.925397873,11.25
2007-11-20,5.930660725,11.26000023
2007-11-21,5.941196918,11.27999973
2007-11-23,5.941196918,11.27999973
2007-11-26,5.993865013,11.38000011
2007-11-27,5.962262154,11.31999969
2007-11-28,5.941196918,11.27999973
2007-11-29,5.967531681,11.32999992
2007-11-30,5.983385086,11.31999969
2007-12-03,6.015102386,11.38000011
2007-12-04,6.020387173,11.39000034
2007-12-05,6.015102386,11.38000011
2007-12-06,5.983385086,11.31999969
2007-12-07,5.946390629,11.25
2007-12-10,5.941105843,11.23999977
2007-12-11,5.999249458,11.35000038
2007-12-12,5.967534065,11.28999996
2007-12-13,5.941105843,11.23999977
2007-12-14,5.919963837,11.19999981
2007-12-17,5.930533409,11.22000027
2007-12-18,5.956959724,11.27000046
2007-12-19,5.967534065,11.28999996
2007-12-20,5.983385086,11.31999969
2007-12-21,5.935820103,11.22999954
2007-12-24,5.919963837,11.19999981
2007-12-26,5.898815632,11.15999985
2007-12-27,5.925247192,11.21000004
2007-12-28,5.956959724,11.27000046
2007-12-31,5.999928474,11.31000042
2008-01-02,6.04767561,11.39999962
2008-01-03,6.04237175,11.39000034
2008-01-04,6.068897724,11.43999958
2008-01-07,6.074201107,11.44999981
2008-01-08,6.074201107,11.44999981
2008-01-09,6.090116501,11.47999954
2008-01-10,6.068897724,11.43999958
2008-01-11,6.095417976,11.48999977
2008-01-14,6.095417976,11.48999977
2008-01-15,6.121949196,11.53999996
2008-01-16,6.121949196,11.53999996
2008-01-17,6.143162727,11.57999992
2008-01-18,6.153779984,11.60000038
2008-01-22,6.217437267,11.72000027
2008-01-23,6.201516151,11.68999958
2008-01-24,6.159080982,11.60999966
2008-01-25,6.174992561,11.64000034
2008-01-28,6.174992561,11.64000034
2008-01-29,6.153779984,11.60000038
2008-01-30,6.153779984,11.60000038
2008-01-31,6.18571043,11.61999989
2008-02-01,6.201687336,11.64999962
2008-02-04,6.18571043,11.61999989
2008-02-05,6.212329865,11.67000008
2008-02-06,6.207009315,11.65999985
2008-02-07,6.175072193,11.60000038
2008-02-08,6.201687336,11.64999962
2008-02-11,6.212329865,11.67000008
2008-02-12,6.191039085,11.63000011
2008-02-13,6.191039085,11.63000011
2008-02-14,6.164421082,11.57999992
2008-02-15,6.169744015,11.59000015
2008-02-19,6.132483482,11.52000046
2008-02-20,6.116509438,11.48999977
2008-02-21,6.164421082,11.57999992
2008-02-22,6.164421082,11.57999992
2008-02-25,6.121829987,11.5
2008-02-26,6.137805462,11.52999973
2008-02-27,6.143132687,11.53999996
2008-02-28,6.18571043,11.61999989
2008-02-29,6.269556046,11.73999977
2008-03-03,6.269556046,11.73999977
2008-03-04,6.242853642,11.68999958
2008-03-05,6.232172966,11.67000008
2008-03-06,6.253532887,11.71000004
2008-03-07,6.280235767,11.76000023
2008-03-10,6.306941032,11.81000042
2008-03-11,6.242853642,11.68999958
2008-03-12,6.301598549,11.80000019
2008-03-13,6.274899006,11.75
2008-03-14,6.322962284,11.84000015
2008-03-17,6.344318867,11.88000011
2008-03-18,6.312277794,11.81999969
2008-03-19,6.338983536,11.86999989
2008-03-20,6.344318867,11.88000011
2008-03-24,6.258876801,11.72000027
2008-03-25,6.274899006,11.75
2008-03-26,6.280235767,11.76000023
2008-03-27,6.269556046,11.73999977
2008-03-28,6.285577774,11.77000046
2008-03-31,6.327907562,11.81000042
2008-04-01,6.274328232,11.71000004
2008-04-02,6.258248329,11.68000031
2008-04-03,6.252895355,11.67000008
2008-04-04,6.290405273,11.73999977
2008-04-07,6.258248329,11.68000031
2008-04-08,6.263607979,11.68999958
2008-04-09,6.295756817,11.75
2008-04-10,6.268966675,11.69999981
2008-04-11,6.295756817,11.75
2008-04-14,6.285042286,11.72999954
2008-04-15,6.263607979,11.68999958
2008-04-16,6.215388775,11.60000038
2008-04-17,6.199311256,11.56999969
2008-04-18,6.188594341,11.55000019
2008-04-21,6.199311256,11.56999969
2008-04-22,6.193953514,11.56000042
2008-04-23,6.188594341,11.55000019
2008-04-24,6.151089668,11.47999954
2008-04-25,6.135017872,11.44999981
2008-04-28,6.151089668,11.47999954
2008-04-29,6.151089668,11.47999954
2008-04-30,6.193023205,11.52000046
2008-05-01,6.193023205,11.52000046
2008-05-02,6.160769939,11.46000004
2008-05-05,6.166140079,11.47000027
2008-05-06,6.15539217,11.44999981
2008-05-07,6.166140079,11.47000027
2008-05-08,6.193023205,11.52000046
2008-05-09,6.203778267,11.53999996
2008-05-12,6.198399544,11.52999973
2008-05-13,6.150019169,11.43999958
2008-05-14,6.14464283,11.43000031
2008-05-15,6.171516895,11.47999954
2008-05-16,6.160769939,11.46000004
2008-05-19,6.166140079,11.47000027
2008-05-20,6.193023205,11.52000046
2008-05-21,6.171516895,11.47999954
2008-05-22,6.133888721,11.40999985
2008-05-23,6.160769939,11.46000004
2008-05-27,6.133888721,11.40999985
2008-05-28,6.101632118,11.35000038
2008-05-29,6.080128193,11.31000042
2008-05-30,6.111416817,11.32999992
2008-06-02,6.143781185,11.39000034
2008-06-03,6.170750141,11.43999958
2008-06-04,6.149171829,11.39999962
2008-06-05,6.132986069,11.36999989
2008-06-06,6.165358067,11.43000031
2008-06-09,6.122205257,11.35000038
2008-06-10,6.079050541,11.27000046
2008-06-11,6.095234394,11.30000019
2008-06-12,6.046684265,11.21000004
2008-06-13,6.03050375,11.18000031
2008-06-16,6.03050375,11.18000031
2008-06-17,6.046684265,11.21000004
2008-06-18,6.073657513,11.26000023
2008-06-19,6.052079678,11.22000027
2008-06-20,6.068264484,11.25
2008-06-23,6.062868118,11.23999977
2008-06-24,6.089836121,11.28999996
2008-06-25,6.08444643,11.27999973
2008-06-26,6.122205257,11.35000038
2008-06-27,6.132986069,11.36999989
2008-06-30,6.158423901,11.38000011
2008-07-01,6.158423901,11.38000011
2008-07-02,6.169246197,11.39999962
2008-07-03,6.169246197,11.39999962
2008-07-07,6.185486317,11.43000031
2008-07-08,6.201719284,11.46000004
2008-07-09,6.217955112,11.48999977
2008-07-10,6.223368168,11.5
2008-07-11,6.174659252,11.40999985
2008-07-14,6.196302414,11.44999981
2008-07-15,6.212545395,11.47999954
2008-07-16,6.174659252,11.40999985
2008-07-17,6.147600174,11.35999966
2008-07-18,6.131371498,11.32999992
2008-07-21,6.136778355,11.34000015
2008-07-22,6.12595129,11.31999969
2008-07-23,6.115130424,11.30000019
2008-07-24,6.153009415,11.36999989
2008-07-25,6.120542526,11.31000042
2008-07-28,6.153009415,11.36999989
2008-07-29,6.147600174,11.35999966
2008-07-30,6.147600174,11.35999966
2008-07-31,6.206245422,11.43000031
2008-08-01,6.200811386,11.42000008
2008-08-04,6.195383549,11.40999985
2008-08-05,6.184529781,11.39000034
2008-08-06,6.173661232,11.36999989
2008-08-07,6.217106342,11.44999981
2008-08-08,6.206245422,11.43000031
2008-08-11,6.189953327,11.39999962
2008-08-12,6.217106342,11.44999981
2008-08-13,6.21167469,11.43999958
2008-08-14,6.222533226,11.46000004
2008-08-15,6.233394146,11.47999954
2008-08-18,6.244252205,11.5
2008-08-19,6.238819599,11.48999977
2008-08-20,6.26054287,11.52999973
2008-08-21,6.244252205,11.5
2008-08-22,6.233394146,11.47999954
2008-08-25,6.255113125,11.52000046
2008-08-26,6.255113125,11.52000046
2008-08-27,6.26054287,11.52999973
2008-08-28,6.255113125,11.52000046
2008-08-29,6.267101288,11.5
2008-09-02,6.294346809,11.55000019
2008-09-03,6.310694695,11.57999992
2008-09-04,6.327046394,11.60999966
2008-09-05,6.316153526,11.59000015
2008-09-08,6.321599007,11.60000038
2008-09-09,6.337943077,11.63000011
2008-09-10,6.327046394,11.60999966
2008-09-11,6.321599007,11.60000038
2008-09-12,6.305244446,11.56999969
2008-09-15,6.392444611,11.72999954
2008-09-16,6.370639801,11.68999958
2008-09-17,6.408791065,11.76000023
2008-09-18,6.370639801,11.68999958
2008-09-19,6.283452034,11.52999973
2008-09-22,6.27255106,11.51000023
2008-09-23,6.267101288,11.5
2008-09-24,6.294346809,11.55000019
2008-09-25,6.261649609,11.48999977
2008-09-26,6.261649609,11.48999977
2008-09-29,6.343399048,11.64000034
2008-09-30,6.299105167,11.52000046
2008-10-01,6.326444149,11.56999969
2008-10-02,6.359249115,11.63000011
2008-10-03,6.38112545,11.67000008
2008-10-06,6.4139328,11.72999954
2008-10-07,6.402989864,11.71000004
2008-10-08,6.342850208,11.60000038
2008-10-09,6.304574013,11.52999973
2008-10-10,6.266300201,11.46000004
2008-10-13,6.2116189,11.35999966
2008-10-14,6.206152916,11.35000038
2008-10-15,6.23348856,11.39999962
2008-10-16,6.228022099,11.39000034
2008-10-17,6.238955498,11.40999985
2008-10-20,6.260829926,11.44999981
2008-10-21,6.299105167,11.52000046
2008-10-22,6.326444149,11.56999969
2008-10-23,6.315509319,11.55000019
2008-10-24,6.288167477,11.5
2008-10-27,6.271763802,11.47000027
2008-10-28,6.228022099,11.39000034
2008-10-29,6.23348856,11.39999962
2008-10-30,6.206152916,11.35000038
2008-10-31,6.213826656,11.32999992
2008-11-03,6.230279446,11.35999966
2008-11-04,6.290607929,11.47000027
2008-11-05,6.307062149,11.5
2008-11-06,6.301577091,11.48999977
2008-11-07,6.28512764,11.46000004
2008-11-10,6.290607929,11.47000027
2008-11-11,6.28512764,11.46000004
2008-11-12,6.329004765,11.53999996
2008-11-13,6.296090603,11.47999954
2008-11-14,6.345448971,11.56999969
2008-11-17,6.361906052,11.60000038
2008-11-18,6.405783176,11.68000031
2008-11-19,6.438689709,11.73999977
2008-11-20,6.504505634,11.85999966
2008-11-21,6.466108322,11.78999996
2008-11-24,6.416752815,11.69999981
2008-11-25,6.499015331,11.85000038
2008-11-26,6.520954609,11.89000034
2008-11-28,6.561106205,11.93000031
2008-12-01,6.632599354,12.06000042
2008-12-02,6.64359951,12.07999992
2008-12-03,6.660090923,12.10999966
2008-12-04,6.698585987,12.18000031
2008-12-05,6.632599354,12.06000042
2008-12-08,6.610599041,12.02000046
2008-12-09,6.660090923,12.10999966
2008-12-10,6.660090923,12.10999966
2008-12-11,6.676595688,12.14000034
2008-12-12,6.682095051,12.14999962
2008-12-15,6.698585987,12.18000031
2008-12-16,6.786589146,12.34000015
2008-12-17,6.819581985,12.39999962
2008-12-18,6.863585472,12.47999954
2008-12-19,6.836080551,12.43000031
2008-12-22,6.819581985,12.39999962
2008-12-23,6.819581985,12.39999962
2008-12-24,6.803087711,12.36999989
2008-12-26,6.82508564,12.40999985
2008-12-29,6.841587067,12.43999958
2008-12-30,6.838219643,12.18999958
2008-12-31,6.801116943,12.10000038
2009-01-02,6.744911671,12
2009-01-05,6.728053093,11.97000027
2009-01-06,6.744911671,12
2009-01-07,6.744911671,12
2009-01-08,6.767398357,12.03999996
2009-01-09,6.78426075,12.06999969
2009-01-12,6.817985535,12.13000011
2009-01-13,6.817985535,12.13000011
2009-01-14,6.840466499,12.17000008
2009-01-15,6.840466499,12.17000008
2009-01-16,6.801116943,12.10000038
2009-01-20,6.778634548,12.06000042
2009-01-21,6.72243309,11.96000004
2009-01-22,6.699947357,11.92000008
2009-01-23,6.694325924,11.90999985
2009-01-26,6.683086395,11.89000034
2009-01-27,6.716808796,11.94999981
2009-01-28,6.677462101,11.88000011
2009-01-29,6.621256351,11.77999973
2009-01-30,6.638727665,11.77999973
2009-02-02,6.683815956,11.85999966
2009-02-03,6.633091927,11.77000046
2009-02-04,6.616192341,11.73999977
2009-02-05,6.627455711,11.76000023
2009-02-06,6.604913235,11.72000027
2009-02-09,6.59927845,11.71000004
2009-02-10,6.661269665,11.81999969
2009-02-11,6.678178787,11.85000038
2009-02-12,6.683815956,11.85999966
2009-02-13,6.649997711,11.80000019
2009-02-17,6.717626095,11.92000008
2009-02-18,6.683815956,11.85999966
2009-02-19,6.644360065,11.78999996
2009-02-20,6.66690588,11.82999992
2009-02-23,6.661269665,11.81999969
2009-02-24,6.644360065,11.78999996
2009-02-25,6.593644142,11.69999981
2009-02-26,6.588006973,11.68999958
2009-02-27,6.60044241,11.68000031
2009-03-02,6.656949997,11.77999973
2009-03-03,6.645645618,11.76000023
2009-03-04,6.617392063,11.71000004
2009-03-05,6.668252468,11.80000019
2009-03-06,6.645645618,11.76000023
2009-03-09,6.645645618,11.76000023
2009-03-10,6.617392063,11.71000004
2009-03-11,6.634346485,11.73999977
2009-03-12,6.656949997,11.77999973
2009-03-13,6.668252468,11.80000019
2009-03-16,6.651300907,11.77000046
2009-03-17,6.634346485,11.73999977
2009-03-18,6.803882599,12.03999996
2009-03-19,6.792579651,12.02000046
2009-03-20,6.792579651,12.02000046
2009-03-23,6.775625229,11.98999977
2009-03-24,6.76996994,11.97999954
2009-03-25,6.747368336,11.93999958
2009-03-26,6.770754337,11.86999989
2009-03-27,6.759346008,11.85000038
2009-03-30,6.776460171,11.88000011
2009-03-31,6.812491894,11.90999985
2009-04-01,6.818214893,11.92000008
2009-04-02,6.783893108,11.85999966
2009-04-03,6.732415676,11.77000046
2009-04-06,6.720973969,11.75
2009-04-07,6.726696968,11.76000023
2009-04-08,6.749572754,11.80000019
2009-04-09,6.726696968,11.76000023
2009-04-13,6.761017323,11.81999969
2009-04-14,6.783893108,11.85999966
2009-04-15,6.789615154,11.86999989
2009-04-16,6.766731739,11.82999992
2009-04-17,6.726696968,11.76000023
2009-04-20,6.755295753,11.81000042
2009-04-21,6.732415676,11.77000046
2009-04-22,6.715250969,11.73999977
2009-04-23,6.726696968,11.76000023
2009-04-24,6.703816891,11.72000027
2009-04-27,6.738134861,11.77999973
2009-04-28,6.709535122,11.72999954
2009-04-29,6.680934906,11.68000031
2009-04-30,6.692976952,11.67000008
2009-05-01,6.681509495,11.64999962
2009-05-04,6.681509495,11.64999962
2009-05-05,6.681509495,11.64999962
2009-05-06,6.687240124,11.65999985
2009-05-07,6.65282917,11.60000038
2009-05-08,6.65282917,11.60000038
2009-05-11,6.692976952,11.67000008
2009-05-12,6.692976952,11.67000008
2009-05-13,6.715918064,11.71000004
2009-05-14,6.715918064,11.71000004
2009-05-15,6.71018219,11.69999981
2009-05-18,6.681509495,11.64999962
2009-05-19,6.675772667,11.64000034
2009-05-20,6.692976952,11.67000008
2009-05-21,6.647099972,11.59000015
2009-05-22,6.618424892,11.53999996
2009-05-26,6.584011555,11.47999954
2009-05-27,6.543865681,11.40999985
2009-05-28,6.549600124,11.42000008
2009-05-29,6.619181156,11.51000023
2009-06-01,6.550171852,11.39000034
2009-06-02,6.561675072,11.40999985
2009-06-03,6.590432167,11.46000004
2009-06-04,6.538672447,11.36999989
2009-06-05,6.475410938,11.26000023
2009-06-08,6.452410698,11.22000027
2009-06-09,6.475410938,11.26000023
2009-06-10,6.458159447,11.22999954
2009-06-11,6.481161594,11.27000046
2009-06-12,6.498414993,11.30000019
2009-06-15,6.521418571,11.34000015
2009-06-16,6.538672447,11.36999989
2009-06-17,6.532926083,11.35999966
2009-06-18,6.481161594,11.27000046
2009-06-19,6.498414993,11.30000019
2009-06-22,6.521418571,11.34000015
2009-06-23,6.538672447,11.36999989
2009-06-24,6.515671253,11.32999992
2009-06-25,6.573177338,11.43000031
2009-06-26,6.57892704,11.43999958
2009-06-29,6.584676743,11.44999981
2009-06-30,6.594477177,11.43999958
2009-07-01,6.600240231,11.44999981
2009-07-02,6.617539883,11.47999954
2009-07-06,6.62330389,11.48999977
2009-07-07,6.640591145,11.52000046
2009-07-08,6.686706066,11.60000038
2009-07-09,6.663653374,11.56000042
2009-07-10,6.686706066,11.60000038
2009-07-13,6.669416428,11.56999969
2009-07-14,6.646359921,11.52999973
2009-07-15,6.588713646,11.43000031
2009-07-16,6.611771584,11.47000027
2009-07-17,6.588713646,11.43000031
2009-07-20,6.606009007,11.46000004
2009-07-21,6.652127743,11.53999996
2009-07-22,6.62906599,11.5
2009-07-23,6.577185631,11.40999985
2009-07-24,6.588713646,11.43000031
2009-07-27,6.565654755,11.39000034
2009-07-28,6.565654755,11.39000034
2009-07-29,6.559894562,11.38000011
2009-07-30,6.577185631,11.40999985
2009-07-31,6.633820057,11.47999954
2009-08-03,6.587582588,11.39999962
2009-08-04,6.576031208,11.38000011
2009-08-05,6.558693886,11.35000038
2009-08-06,6.558693886,11.35000038
2009-08-07,6.529798031,11.30000019
2009-08-10,6.558693886,11.35000038
2009-08-11,6.581805706,11.39000034
2009-08-12,6.576031208,11.38000011
2009-08-13,6.610699654,11.43999958
2009-08-14,6.622259617,11.46000004
2009-08-17,6.656926155,11.52000046
2009-08-18,6.639597416,11.48999977
2009-08-19,6.651148796,11.51000023
2009-08-20,6.662711143,11.52999973
2009-08-21,6.616477966,11.44999981
2009-08-24,6.645372391,11.5
2009-08-25,6.651148796,11.51000023
2009-08-26,6.656926155,11.52000046
2009-08-27,6.645372391,11.5
2009-08-28,6.662711143,11.52999973
2009-08-31,6.692835331,11.55000019
2009-09-01,6.710227013,11.57999992
2009-09-02,6.733405113,11.61999989
2009-09-03,6.721812725,11.60000038
2009-09-04,6.698635578,11.56000042
2009-09-08,6.692835331,11.55000019
2009-09-09,6.692835331,11.55000019
2009-09-10,6.721812725,11.60000038
2009-09-11,6.733405113,11.61999989
2009-09-14,6.70442915,11.56999969
2009-09-15,6.692835331,11.55000019
2009-09-16,6.687048435,11.53999996
2009-09-17,6.710227013,11.57999992
2009-09-18,6.681252956,11.52999973
2009-09-21,6.681252956,11.52999973
2009-09-22,6.692835331,11.55000019
2009-09-23,6.70442915,11.56999969
2009-09-24,6.716018677,11.59000015
2009-09-25,6.727609158,11.60999966
2009-09-28,6.739196301,11.63000011
2009-09-29,6.733405113,11.61999989
2009-09-30,6.754308224,11.63000011
2009-10-01,6.789155483,11.68999958
2009-10-02,6.783351421,11.68000031
2009-10-05,6.783351421,11.68000031
2009-10-06,6.771729946,11.65999985
2009-10-07,6.800769329,11.71000004
2009-10-08,6.783351421,11.68000031
2009-10-09,6.736885071,11.60000038
2009-10-12,6.748505116,11.61999989
2009-10-13,6.765924931,11.64999962
2009-10-14,6.736885071,11.60000038
2009-10-15,6.719462872,11.56999969
2009-10-16,6.736885071,11.60000038
2009-10-19,6.748505116,11.61999989
2009-10-20,6.760112286,11.64000034
2009-10-21,6.742693424,11.60999966
2009-10-22,6.731080055,11.59000015
2009-10-23,6.70204401,11.53999996
2009-10-26,6.684617043,11.51000023
2009-10-27,6.725274563,11.57999992
2009-10-28,6.736885071,11.60000038
2009-10-29,6.719462872,11.56999969
2009-10-30,6.77128315,11.63000011
2009-11-02,6.765459538,11.61999989
2009-11-03,6.753814697,11.60000038
2009-11-04,6.74217701,11.57999992
2009-11-05,6.747991085,11.59000015
2009-11-06,6.765459538,11.61999989
2009-11-09,6.77128315,11.63000011
2009-11-10,6.77128315,11.63000011
2009-11-11,6.782923698,11.64999962
2009-11-12,6.782923698,11.64999962
2009-11-13,6.782923698,11.64999962
2009-11-16,6.812037945,11.69999981
2009-11-17,6.817857742,11.71000004
2009-11-18,6.812037945,11.69999981
2009-11-19,6.817857742,11.71000004
2009-11-20,6.812037945,11.69999981
2009-11-23,6.812037945,11.69999981
2009-11-24,6.841150761,11.75
2009-11-25,6.858614922,11.77999973
2009-11-27,6.881902218,11.81999969
2009-11-30,6.904080868,11.82999992
2009-12-01,6.886571884,11.80000019
2009-12-02,6.869065285,11.77000046
2009-12-03,6.851556301,11.73999977
2009-12-04,6.804869652,11.65999985
2009-12-07,6.828209877,11.69999981
2009-12-08,6.845720768,11.72999954
2009-12-09,6.839883804,11.72000027
2009-12-10,6.816539288,11.68000031
2009-12-11,6.793199539,11.64000034
2009-12-14,6.787362099,11.63000011
2009-12-15,6.775690556,11.60999966
2009-12-16,6.769852638,11.60000038
2009-12-17,6.816539288,11.68000031
2009-12-18,6.793199539,11.64000034
2009-12-21,6.740665913,11.55000019
2009-12-22,6.72315836,11.52000046
2009-12-23,6.717326641,11.51000023
2009-12-24,6.69397974,11.47000027
2009-12-28,6.682314396,11.44999981
2009-12-29,6.688149452,11.46000004
2009-12-30,6.694764614,11.13000011
2009-12-31,6.688131809,11.09000015
2010-01-04,6.700192928,11.10999966
2010-01-05,6.72431469,11.14999962
2010-01-06,6.706218719,11.11999989
2010-01-07,6.706218719,11.11999989
2010-01-08,6.712253571,11.13000011
2010-01-11,6.712253571,11.13000011
2010-01-12,6.754471779,11.19999981
2010-01-13,6.730347157,11.15999985
2010-01-14,6.748438835,11.18999958
2010-01-15,6.766534328,11.22000027
2010-01-19,6.760499954,11.21000004
2010-01-20,6.772561073,11.22999954
2010-01-21,6.790652752,11.26000023
2010-01-22,6.796680927,11.27000046
2010-01-25,6.784622192,11.25
2010-01-26,6.790652752,11.26000023
2010-01-27,6.77859354,11.23999977
2010-01-28,6.784622192,11.25
2010-01-29,6.819688797,11.27999973
2010-02-01,6.801551342,11.25
2010-02-02,6.807595253,11.26000023
2010-02-03,6.789465427,11.22999954
2010-02-04,6.83178091,11.30000019
2010-02-05,6.843872547,11.31999969
2010-02-08,6.843872547,11.31999969
2010-02-09,6.819688797,11.27999973
2010-02-10,6.801551342,11.25
2010-02-11,6.795505047,11.23999977
2010-02-12,6.807595253,11.26000023
2010-02-16,6.819688797,11.27999973
2010-02-17,6.789465427,11.22999954
2010-02-18,6.771326065,11.19999981
2010-02-19,6.765277386,11.18999958
2010-02-22,6.765277386,11.18999958
2010-02-23,6.801551342,11.25
2010-02-24,6.801551342,11.25
2010-02-25,6.819688797,11.27999973
2010-02-26,6.847563267,11.30000019
2010-03-01,6.853624821,11.31000042
2010-03-02,6.853624821,11.31000042
2010-03-03,6.853624821,11.31000042
2010-03-04,6.853624821,11.31000042
2010-03-05,6.829381466,11.27000046
2010-03-08,6.817265511,11.25
2010-03-09,6.829381466,11.27000046
2010-03-10,6.817265511,11.25
2010-03-11,6.811203003,11.23999977
2010-03-12,6.811203003,11.23999977
2010-03-15,6.811203003,11.23999977
2010-03-16,6.829381466,11.27000046
2010-03-17,6.835444927,11.27999973
2010-03-18,6.817265511,11.25
2010-03-19,6.811203003,11.23999977
2010-03-22,6.823320866,11.26000023
2010-03-23,6.817265511,11.25
2010-03-24,6.76272583,11.15999985
2010-03-25,6.750601292,11.14000034
2010-03-26,6.756666183,11.14999962
2010-03-29,6.7560606,11.10000038
2010-03-30,6.7560606,11.10000038
2010-03-31,6.785345078,11.11999989
2010-04-01,6.779245853,11.10999966
2010-04-05,6.73043251,11.02999973
2010-04-06,6.74263382,11.05000019
2010-04-07,6.77314806,11.10000038
2010-04-08,6.76704216,11.09000015
2010-04-09,6.76704216,11.09000015
2010-04-12,6.785345078,11.11999989
2010-04-13,6.79144907,11.13000011
2010-04-14,6.779245853,11.10999966
2010-04-15,6.79144907,11.13000011
2010-04-16,6.815860748,11.17000008
2010-04-19,6.803650856,11.14999962
2010-04-20,6.803650856,11.14999962
2010-04-21,6.815860748,11.17000008
2010-04-22,6.803650856,11.14999962
2010-04-23,6.785345078,11.11999989
2010-04-26,6.79144907,11.13000011
2010-04-27,6.846368313,11.22000027
2010-04-28,6.815860748,11.17000008
2010-04-29,6.82196331,11.18000031
2010-04-30,6.869057178,11.22999954
2010-05-03,6.850708961,11.19999981
2010-05-04,6.881293774,11.25
2010-05-05,6.905751705,11.28999996
2010-05-06,6.954688072,11.36999989
2010-05-07,6.942454815,11.35000038
2010-05-10,6.905751705,11.28999996
2010-05-11,6.911870956,11.30000019
2010-05-12,6.899642944,11.27999973
2010-05-13,6.911870956,11.30000019
2010-05-14,6.942454815,11.35000038
2010-05-17,6.930223942,11.32999992
2010-05-18,6.966920853,11.39000034
2010-05-19,6.960811138,11.38000011
2010-05-20,7.009740353,11.46000004
2010-05-21,7.003623009,11.44999981
2010-05-24,6.997510433,11.43999958
2010-05-25,7.009740353,11.46000004
2010-05-26,6.997510433,11.43999958
2010-05-27,6.954688072,11.36999989
2010-05-28,6.996385574,11.40999985
2010-06-01,7.008652687,11.43000031
2010-06-02,6.977994442,11.38000011
2010-06-03,6.971857548,11.36999989
2010-06-04,7.033178806,11.47000027
2010-06-07,7.051575184,11.5
2010-06-08,7.033178806,11.47000027
2010-06-09,7.039309025,11.47999954
2010-06-10,6.990254402,11.39999962
2010-06-11,7.020913124,11.44999981
2010-06-14,7.014784336,11.43999958
2010-06-15,7.002520084,11.42000008
2010-06-16,7.014784336,11.43999958
2010-06-17,7.033178806,11.47000027
2010-06-18,7.027045727,11.46000004
2010-06-21,7.020913124,11.44999981
2010-06-22,7.051575184,11.5
2010-06-23,7.063837528,11.52000046
2010-06-24,7.063837528,11.52000046
2010-06-25,7.076097488,11.53999996
2010-06-28,7.100622177,11.57999992
2010-06-29,7.125150681,11.61999989
2010-06-30,7.141135693,11.61999989
2010-07-01,7.134987831,11.60999966
2010-07-02,7.128836155,11.60000038
2010-07-06,7.141135693,11.61999989
2010-07-07,7.128836155,11.60000038
2010-07-08,7.12269783,11.59000015
2010-07-09,7.11040163,11.56999969
2010-07-12,7.116550922,11.57999992
2010-07-13,7.091969013,11.53999996
2010-07-14,7.12269783,11.59000015
2010-07-15,7.141135693,11.61999989
2010-07-16,7.171860218,11.67000008
2010-07-19,7.159572601,11.64999962
2010-07-20,7.165717602,11.65999985
2010-07-21,7.190299034,11.69999981
2010-07-22,7.171860218,11.67000008
2010-07-23,7.153423786,11.64000034
2010-07-26,7.147283077,11.63000011
2010-07-27,7.128836155,11.60000038
2010-07-28,7.159572601,11.64999962
2010-07-29,7.171860218,11.67000008
2010-07-30,7.218053341,11.72000027
2010-08-02,7.199574471,11.68999958
2010-08-03,7.230361462,11.73999977
2010-08-04,7.21188736,11.71000004
2010-08-05,7.230361462,11.73999977
2010-08-06,7.255002975,11.77999973
2010-08-09,7.248844624,11.77000046
2010-08-10,7.279637814,11.81999969
2010-08-11,7.298112869,11.85000038
2010-08-12,7.279637814,11.81999969
2010-08-13,7.298112869,11.85000038
2010-08-16,7.328912258,11.89999962
2010-08-17,7.310432911,11.86999989
2010-08-18,7.304272652,11.85999966
2010-08-19,7.322746277,11.89000034
2010-08-20,7.298112869,11.85000038
2010-08-23,7.310432911,11.86999989
2010-08-24,7.341223717,11.92000008
2010-08-25,7.322746277,11.89000034
2010-08-26,7.341223717,11.92000008
2010-08-27,7.285800934,11.82999992
2010-08-30,7.328912258,11.89999962
2010-08-31,7.362233162,11.93000031
2010-09-01,7.331377029,11.88000011
2010-09-02,7.312860966,11.85000038
2010-09-03,7.288179398,11.81000042
2010-09-07,7.325208664,11.86999989
2010-09-08,7.306692123,11.84000015
2010-09-09,7.269666195,11.77999973
2010-09-10,7.257325649,11.76000023
2010-09-13,7.282011986,11.80000019
2010-09-14,7.306692123,11.84000015
2010-09-15,7.294350624,11.81999969
2010-09-16,7.282011986,11.80000019
2010-09-17,7.294350624,11.81999969
2010-09-20,7.306692123,11.84000015
2010-09-21,7.349894047,11.90999985
2010-09-22,7.349894047,11.90999985
2010-09-23,7.356056213,11.92000008
2010-09-24,7.337542534,11.89000034
2010-09-27,7.368403435,11.93999958
2010-09-28,7.386915684,11.97000027
2010-09-29,7.38074398,11.96000004
2010-09-30,7.389404774,11.94999981
2010-10-01,7.395588875,11.96000004
2010-10-04,7.40795517,11.97999954
2010-10-05,7.414138794,11.98999977
2010-10-06,7.438874722,12.02999973
2010-10-07,7.445057869,12.03999996
2010-10-08,7.451242447,12.05000019
2010-10-11,7.451242447,12.05000019
2010-10-12,7.438874722,12.02999973
2010-10-13,7.445057869,12.03999996
2010-10-14,7.414138794,11.98999977
2010-10-15,7.401770115,11.97000027
2010-10-18,7.426499844,12.01000023
2010-10-19,7.438874722,12.02999973
2010-10-20,7.438874722,12.02999973
2010-10-21,7.414138794,11.98999977
2010-10-22,7.414138794,11.98999977
2010-10-25,7.40795517,11.97999954
2010-10-26,7.377040386,11.93000031
2010-10-27,7.346115589,11.88000011
2010-10-28,7.383221149,11.93999958
2010-10-29,7.422875404,11.97999954
2010-11-01,7.422875404,11.97999954
2010-11-02,7.429071426,11.98999977
2010-11-03,7.453857422,12.02999973
2010-11-04,7.484838486,12.07999992
2010-11-05,7.460052967,12.03999996
2010-11-08,7.453857422,12.02999973
2010-11-09,7.410484314,11.96000004
2010-11-10,7.422875404,11.97999954
2010-11-11,7.416677952,11.97000027
2010-11-12,7.373309612,11.89999962
2010-11-15,7.305150032,11.78999996
2010-11-16,7.336131096,11.84000015
2010-11-17,7.323735237,11.81999969
2010-11-18,7.311348438,11.80000019
2010-11-19,7.311348438,11.80000019
2010-11-22,7.342328072,11.85000038
2010-11-23,7.354715824,11.86999989
2010-11-24,7.298953533,11.77999973
2010-11-26,7.311348438,11.80000019
2010-11-29,7.323735237,11.81999969
2010-11-30,7.349809647,11.84000015
2010-12-01,7.281528473,11.72999954
2010-12-02,7.269114017,11.71000004
2010-12-03,7.281528473,11.72999954
2010-12-06,7.312565804,11.77999973
2010-12-07,7.231864929,11.64999962
2010-12-08,7.182206154,11.56999969
2010-12-09,7.175992966,11.56000042
2010-12-10,7.144961357,11.51000023
2010-12-13,7.163582802,11.53999996
2010-12-14,7.120128155,11.47000027
2010-12-15,7.101508141,11.43999958
2010-12-16,7.120128155,11.47000027
2010-12-17,7.15737915,11.52999973
2010-12-20,7.163582802,11.53999996
2010-12-21,7.163582802,11.53999996
2010-12-22,7.151164055,11.52000046
2010-12-23,7.132544994,11.48999977
2010-12-27,7.138755798,11.5
2010-12-28,7.095297813,11.43000031
2010-12-29,7.151164055,11.52000046
2010-12-30,7.141050339,11.28999996
2010-12-31,7.18161726,11.32999992
2011-01-03,7.168935776,11.31000042
2011-01-04,7.175278664,11.31999969
2011-01-05,7.124572277,11.23999977
2011-01-06,7.143581867,11.27000046
2011-01-07,7.18161726,11.32999992
2011-01-10,7.200629234,11.35999966
2011-01-11,7.18161726,11.32999992
2011-01-12,7.175278664,11.31999969
2011-01-13,7.200629234,11.35999966
2011-01-14,7.194294453,11.35000038
2011-01-18,7.18161726,11.32999992
2011-01-19,7.187951565,11.34000015
2011-01-20,7.149916649,11.27999973
2011-01-21,7.162596226,11.30000019
2011-01-24,7.162596226,11.30000019
2011-01-25,7.187951565,11.34000015
2011-01-26,7.162596226,11.30000019
2011-01-27,7.18161726,11.32999992
2011-01-28,7.200629234,11.35999966
2011-01-31,7.202535152,11.34000015
2011-02-01,7.177131176,11.30000019
2011-02-02,7.158077717,11.27000046
2011-02-03,7.126321793,11.22000027
2011-02-04,7.094557762,11.17000008
2011-02-07,7.088208675,11.15999985
2011-02-08,7.056451321,11.10999966
2011-02-09,7.075508595,11.14000034
2011-02-10,7.056451321,11.10999966
2011-02-11,7.075508595,11.14000034
2011-02-14,7.075508595,11.14000034
2011-02-15,7.081858158,11.14999962
2011-02-16,7.075508595,11.14000034
2011-02-17,7.094557762,11.17000008
2011-02-18,7.100913525,11.18000031
2011-02-22,7.145373821,11.25
2011-02-23,7.132671833,11.22999954
2011-02-24,7.139019489,11.23999977
2011-02-25,7.151716232,11.26000023
2011-02-28,7.171452522,11.27000046
2011-03-01,7.17781353,11.27999973
2011-03-02,7.158723831,11.25
2011-03-03,7.114182472,11.18000031
2011-03-04,7.158723831,11.25
2011-03-07,7.15236187,11.23999977
2011-03-08,7.139634609,11.22000027
2011-03-09,7.165081978,11.26000023
2011-03-10,7.20326519,11.31999969
2011-03-11,7.196905136,11.31000042
2011-03-14,7.215992928,11.34000015
2011-03-15,7.222362041,11.35000038
2011-03-16,7.266898632,11.42000008
2011-03-17,7.24780798,11.39000034
2011-03-18,7.235083103,11.36999989
2011-03-21,7.209632397,11.32999992
2011-03-22,7.207082748,11.31999969
2011-03-23,7.200717926,11.31000042
2011-03-24,7.175251007,11.27000046
2011-03-25,7.162518978,11.25
2011-03-28,7.156151295,11.23999977
2011-03-29,7.143419743,11.22000027
2011-03-30,7.162518978,11.25
2011-03-31,7.163158417,11.22999954
2011-04-01,7.163158417,11.22999954
2011-04-04,7.182283878,11.26000023
2011-04-05,7.156777859,11.22000027
2011-04-06,7.13126421,11.18000031
2011-04-07,7.144017696,11.19999981
2011-04-08,7.13126421,11.18000031
2011-04-11,7.137636662,11.18999958
2011-04-12,7.169531822,11.23999977
2011-04-13,7.182283878,11.26000023
2011-04-14,7.169531822,11.23999977
2011-04-15,7.201426029,11.28999996
2011-04-18,7.220560551,11.31999969
2011-04-19,7.220560551,11.31999969
2011-04-20,7.207807541,11.30000019
2011-04-21,7.207807541,11.30000019
2011-04-25,7.220560551,11.31999969
2011-04-26,7.239703178,11.35000038
2011-04-27,7.233320236,11.34000015
2011-04-28,7.258831024,11.38000011
2011-04-29,7.277999878,11.39000034
2011-05-02,7.277999878,11.39000034
2011-05-03,7.284389019,11.39999962
2011-05-04,7.297172546,11.42000008
2011-05-05,7.316340923,11.44999981
2011-05-06,7.322730064,11.46000004
2011-05-09,7.335509777,11.47999954
2011-05-10,7.309949398,11.43999958
2011-05-11,7.322730064,11.46000004
2011-05-12,7.316340923,11.44999981
2011-05-13,7.329120636,11.47000027
2011-05-16,7.34828949,11.5
2011-05-17,7.354679585,11.51000023
2011-05-18,7.335509777,11.47999954
2011-05-19,7.335509777,11.47999954
2011-05-20,7.34828949,11.5
2011-05-23,7.354679585,11.51000023
2011-05-24,7.354679585,11.51000023
2011-05-25,7.361065865,11.52000046
2011-05-26,7.386629105,11.56000042
2011-05-27,7.386629105,11.56000042
2011-05-31,7.406476021,11.56999969
2011-06-01,7.444884777,11.63000011
2011-06-02,7.4192729,11.59000015
2011-06-03,7.4384799,11.61999989
2011-06-06,7.4384799,11.61999989
2011-06-07,7.451282501,11.64000034
2011-06-08,7.464084148,11.65999985
2011-06-09,7.4384799,11.61999989
2011-06-10,7.451282501,11.64000034
2011-06-13,7.444884777,11.63000011
2011-06-14,7.406476021,11.56999969
2011-06-15,7.451282501,11.64000034
2011-06-16,7.464084148,11.65999985
2011-06-17,7.464084148,11.65999985
2011-06-20,7.457685471,11.64999962
2011-06-21,7.451282501,11.64000034
2011-06-22,7.451282501,11.64000034
2011-06-23,7.476889133,11.68000031
2011-06-24,7.502496719,11.72000027
2011-06-27,7.483295918,11.68999958
2011-06-28,7.425671101,11.60000038
2011-06-29,7.400069714,11.56000042
2011-06-30,7.39429903,11.52999973
2011-07-01,7.381474018,11.51000023
2011-07-05,7.413537025,11.56000042
2011-07-06,7.426365852,11.57999992
2011-07-07,7.39429903,11.52999973
2011-07-08,7.452017307,11.61999989
2011-07-11,7.490496635,11.68000031
2011-07-12,7.496914864,11.68999958
2011-07-13,7.503324032,11.69999981
2011-07-14,7.484086514,11.67000008
2011-07-15,7.503324032,11.69999981
2011-07-18,7.503324032,11.69999981
2011-07-19,7.509735584,11.71000004
2011-07-20,7.490496635,11.68000031
2011-07-21,7.464843273,11.64000034
2011-07-22,7.477668285,11.65999985
2011-07-25,7.464843273,11.64000034
2011-07-26,7.484086514,11.67000008
2011-07-27,7.471258163,11.64999962
2011-07-28,7.484086514,11.67000008
2011-07-29,7.555400372,11.76000023
2011-08-01,7.574668884,11.78999996
2011-08-02,7.619648457,11.85999966
2011-08-03,7.613220692,11.85000038
2011-08-04,7.671039581,11.93999958
2011-08-05,7.613220692,11.85000038
2011-08-08,7.677464008,11.94999981
2011-08-09,7.716008663,12.01000023
2011-08-10,7.773836613,12.10000038
2011-08-11,7.716008663,12.01000023
2011-08-12,7.748138905,12.06000042
2011-08-15,7.728861332,12.02999973
2011-08-16,7.754558563,12.06999969
2011-08-17,7.773836613,12.10000038
2011-08-18,7.786688328,12.11999989
2011-08-19,7.786688328,12.11999989
2011-08-22,7.773836613,12.10000038
2011-08-23,7.754558563,12.06999969
2011-08-24,7.716008663,12.01000023
2011-08-25,7.741710186,12.05000019
2011-08-26,7.754558563,12.06999969
2011-08-29,7.728861332,12.02999973
2011-08-30,7.760984421,12.07999992
2011-08-31,7.759700775,12.06000042
2011-09-01,7.791872501,12.10999966
2011-09-02,7.817611694,12.14999962
2011-09-06,7.817611694,12.14999962
2011-09-07,7.79830122,12.11999989
2011-09-08,7.817611694,12.14999962
2011-09-09,7.843343258,12.18999958
2011-09-12,7.824040413,12.15999985
2011-09-13,7.817611694,12.14999962
2011-09-14,7.811176777,12.14000034
2011-09-15,7.78543663,12.10000038
2011-09-16,7.791872501,12.10999966
2011-09-19,7.830475807,12.17000008
2011-09-20,7.830475807,12.17000008
2011-09-21,7.836911201,12.18000031
2011-09-22,7.881949902,12.25
2011-09-23,7.836911201,12.18000031
2011-09-26,7.811176777,12.14000034
2011-09-27,7.78543663,12.10000038
2011-09-28,7.78543663,12.10000038
2011-09-29,7.78543663,12.10000038
2011-09-30,7.816369534,12.13000011
2011-10-03,7.855028152,12.18999958
2011-10-04,7.835697174,12.15999985
2011-10-05,7.816369534,12.13000011
2011-10-06,7.777706146,12.06999969
2011-10-07,7.751930714,12.02999973
2011-10-10,7.713265419,11.97000027
2011-10-11,7.719707966,11.97999954
2011-10-12,7.706812859,11.96000004
2011-10-13,7.72615099,11.98999977
2011-10-14,7.713265419,11.97000027
2011-10-17,7.739037514,12.01000023
2011-10-18,7.739037514,12.01000023
2011-10-19,7.745484829,12.02000046
2011-10-20,7.732597828,12
2011-10-21,7.732597828,12
2011-10-24,7.719707966,11.97999954
2011-10-25,7.764820576,12.05000019
2011-10-26,7.732597828,12
2011-10-27,7.681051731,11.92000008
2011-10-28,7.706812859,11.96000004
2011-10-31,7.783624649,12.06000042
2011-11-01,7.828802109,12.13000011
2011-11-02,7.828802109,12.13000011
2011-11-03,7.809440613,12.10000038
2011-11-04,7.822345734,12.11999989
2011-11-07,7.822345734,12.11999989
2011-11-08,7.80298996,12.09000015
2011-11-09,7.828802109,12.13000011
2011-11-10,7.809440613,12.10000038
2011-11-11,7.796533585,12.07999992
2011-11-14,7.815898895,12.10999966
2011-11-15,7.809440613,12.10000038
2011-11-16,7.822345734,12.11999989
2011-11-17,7.828802109,12.13000011
2011-11-18,7.809440613,12.10000038
2011-11-21,7.815898895,12.10999966
2011-11-22,7.828802109,12.13000011
2011-11-23,7.841712952,12.14999962
2011-11-25,7.815898895,12.10999966
2011-11-28,7.822345734,12.11999989
2011-11-29,7.815898895,12.10999966
2011-11-30,7.806852818,12.07999992
2011-12-01,7.806852818,12.07999992
2011-12-02,7.826234818,12.10999966
2011-12-05,7.826234818,12.10999966
2011-12-06,7.8133111,12.09000015
2011-12-07,7.839159966,12.13000011
2011-12-08,7.858549118,12.15999985
2011-12-09,7.832697392,12.11999989
2011-12-12,7.84562397,12.14000034
2011-12-13,7.858549118,12.15999985
2011-12-14,7.871478558,12.18000031
2011-12-15,7.865014076,12.17000008
2011-12-16,7.884399414,12.19999981
2011-12-19,7.890863895,12.21000004
2011-12-20,7.858549118,12.15999985
2011-12-21,7.84562397,12.14000034
2011-12-22,7.84562397,12.14000034
2011-12-23,7.81977272,12.10000038
2011-12-27,7.826234818,12.10999966
2011-12-28,7.85208416,12.14999962
2011-12-29,7.862181187,11.68000031
2011-12-30,7.885775566,11.69999981
2012-01-03,7.865550041,11.67000008
2012-01-04,7.858808041,11.65999985
2012-01-05,7.858808041,11.65999985
2012-01-06,7.872291088,11.68000031
2012-01-09,7.879033566,11.68999958
2012-01-10,7.872291088,11.68000031
2012-01-11,7.892512321,11.71000004
2012-01-12,7.885775566,11.69999981
2012-01-13,7.905992031,11.72999954
2012-01-17,7.912733078,11.73999977
2012-01-18,7.89925766,11.72000027
2012-01-19,7.872291088,11.68000031
2012-01-20,7.852070808,11.64999962
2012-01-23,7.845336437,11.64000034
2012-01-24,7.845336437,11.64000034
2012-01-25,7.879033566,11.68999958
2012-01-26,7.905992031,11.72999954
2012-01-27,7.912733078,11.73999977
2012-01-30,7.926212311,11.76000023
2012-01-31,7.949832439,11.77999973
2012-02-01,7.943084717,11.77000046
2012-02-02,7.943084717,11.77000046
2012-02-03,7.916090488,11.72999954
2012-02-06,7.922838688,11.73999977
2012-02-07,7.895847797,11.69999981
2012-02-08,7.895847797,11.69999981
2012-02-09,7.8823452,11.68000031
2012-02-10,7.902592659,11.71000004
2012-02-13,7.902592659,11.71000004
2012-02-14,7.90934515,11.72000027
2012-02-15,7.916090488,11.72999954
2012-02-16,7.889098167,11.68999958
2012-02-17,7.8823452,11.68000031
2012-02-21,7.86884594,11.65999985
2012-02-22,7.889098167,11.68999958
2012-02-23,7.889098167,11.68999958
2012-02-24,7.889098167,11.68999958
2012-02-27,7.902592659,11.71000004
2012-02-28,7.90934515,11.72000027
2012-02-29,7.897857189,11.68999958
2012-03-01,7.884348392,11.67000008
2012-03-02,7.904614925,11.69999981
2012-03-05,7.897857189,11.68999958
2012-03-06,7.91812849,11.72000027
2012-03-07,7.904614925,11.69999981
2012-03-08,7.891102791,11.68000031
2012-03-09,7.891102791,11.68000031
2012-03-12,7.884348392,11.67000008
2012-03-13,7.85056448,11.61999989
2012-03-14,7.78976202,11.52999973
2012-03-15,7.796513557,11.53999996
2012-03-16,7.78976202,11.52999973
2012-03-19,7.762732029,11.48999977
2012-03-20,7.7559762,11.47999954
2012-03-21,7.783000469,11.52000046
2012-03-22,7.78976202,11.52999973
2012-03-23,7.803271294,11.55000019
2012-03-26,7.803271294,11.55000019
2012-03-27,7.830297947,11.59000015
2012-03-28,7.823539734,11.57999992
2012-03-29,7.843801498,11.60999966
2012-03-30,7.834955692,11.51000023
2012-04-02,7.848577023,11.52999973
2012-04-03,7.807728767,11.47000027
2012-04-04,7.834955692,11.51000023
2012-04-05,7.848577023,11.52999973
2012-04-09,7.896222115,11.60000038
2012-04-10,7.923453331,11.64000034
2012-04-11,7.903020382,11.60999966
2012-04-12,7.896222115,11.60000038
2012-04-13,7.923453331,11.64000034
2012-04-16,7.923453331,11.64000034
2012-04-17,7.916647434,11.63000011
2012-04-18,7.923453331,11.64000034
2012-04-19,7.930259228,11.64999962
2012-04-20,7.923453331,11.64000034
2012-04-23,7.937057972,11.65999985
2012-04-24,7.923453331,11.64000034
2012-04-25,7.923453331,11.64000034
2012-04-26,7.937057972,11.65999985
2012-04-27,7.943873405,11.67000008
2012-04-30,7.952732563,11.67000008
2012-05-01,7.945911407,11.65999985
2012-05-02,7.952732563,11.67000008
2012-05-03,7.952732563,11.67000008
2012-05-04,7.966359138,11.68999958
2012-05-07,7.966359138,11.68999958
2012-05-08,7.973176479,11.69999981
2012-05-09,7.979989529,11.71000004
2012-05-10,7.973176479,11.69999981
2012-05-11,7.979989529,11.71000004
2012-05-14,8.000433922,11.73999977
2012-05-15,7.993622303,11.72999954
2012-05-16,7.993622303,11.72999954
2012-05-17,8.007254601,11.75
2012-05-18,8.000433922,11.73999977
2012-05-21,7.993622303,11.72999954
2012-05-22,7.986804962,11.72000027
2012-05-23,7.993622303,11.72999954
2012-05-24,7.986804962,11.72000027
2012-05-25,7.993622303,11.72999954
2012-05-29,7.986804962,11.72000027
2012-05-30,8.027690887,11.77999973
2012-05-31,8.051577568,11.80000019
2012-06-01,8.078866005,11.84000015
2012-06-04,8.051577568,11.80000019
2012-06-05,8.04474926,11.78999996
2012-06-06,8.017460823,11.75
2012-06-07,8.024281502,11.76000023
2012-06-08,8.024281502,11.76000023
2012-06-11,8.037923813,11.77999973
2012-06-12,8.010634422,11.73999977
2012-06-13,8.031105995,11.77000046
2012-06-14,8.024281502,11.76000023
2012-06-15,8.04474926,11.78999996
2012-06-18,8.04474926,11.78999996
2012-06-19,8.031105995,11.77000046
2012-06-20,8.017460823,11.75
2012-06-21,8.024281502,11.76000023
2012-06-22,8.010634422,11.73999977
2012-06-25,8.031105995,11.77000046
2012-06-26,8.017460823,11.75
2012-06-27,8.024281502,11.76000023
2012-06-28,8.037923813,11.77999973
2012-06-29,8.033831596,11.76000023
2012-07-02,8.054323196,11.78999996
2012-07-03,8.047491074,11.77999973
2012-07-05,8.054323196,11.78999996
2012-07-06,8.067990303,11.81000042
2012-07-09,8.081652641,11.82999992
2012-07-10,8.081652641,11.82999992
2012-07-11,8.074817657,11.81999969
2012-07-12,8.081652641,11.82999992
2012-07-13,8.081652641,11.82999992
2012-07-16,8.095314026,11.85000038
2012-07-17,8.081652641,11.82999992
2012-07-18,8.088479996,11.84000015
2012-07-19,8.088479996,11.84000015
2012-07-20,8.10214901,11.85999966
2012-07-23,8.108972549,11.86999989
2012-07-24,8.115809441,11.88000011
2012-07-25,8.115809441,11.88000011
2012-07-26,8.108972549,11.86999989
2012-07-27,8.074817657,11.81999969
2012-07-30,8.088479996,11.84000015
2012-07-31,8.102842331,11.85000038
2012-08-01,8.089166641,11.82999992
2012-08-02,8.102842331,11.85000038
2012-08-03,8.075492859,11.81000042
2012-08-06,8.082325935,11.81999969
2012-08-07,8.054974556,11.77999973
2012-08-08,8.048135757,11.77000046
2012-08-09,8.041303635,11.76000023
2012-08-10,8.054974556,11.77999973
2012-08-13,8.054974556,11.77999973
2012-08-14,8.034463882,11.75
2012-08-15,8.007112503,11.71000004
2012-08-16,7.993429661,11.68999958
2012-08-17,8.007112503,11.71000004
2012-08-20,8.007112503,11.71000004
2012-08-21,8.007112503,11.71000004
2012-08-22,8.048135757,11.77000046
2012-08-23,8.054974556,11.77999973
2012-08-24,8.048135757,11.77000046
2012-08-27,8.061812401,11.78999996
2012-08-28,8.06865406,11.80000019
2012-08-29,8.061812401,11.78999996
2012-08-30,8.075492859,11.81000042
2012-08-31,8.111082077,11.85000038
2012-09-04,8.104236603,11.84000015
2012-09-05,8.097396851,11.82999992
2012-09-06,8.070013046,11.78999996
2012-09-07,8.076859474,11.80000019
2012-09-10,8.083702087,11.81000042
2012-09-11,8.070013046,11.78999996
2012-09-12,8.05632019,11.77000046
2012-09-13,8.070013046,11.78999996
2012-09-14,8.035790443,11.73999977
2012-09-17,8.042637825,11.75
2012-09-18,8.049478531,11.76000023
2012-09-19,8.05632019,11.77000046
2012-09-20,8.05632019,11.77000046
2012-09-21,8.063166618,11.77999973
2012-09-24,8.076859474,11.80000019
2012-09-25,8.083702087,11.81000042
2012-09-26,8.104236603,11.84000015
2012-09-27,8.097396851,11.82999992
2012-09-28,8.106305122,11.82999992
2012-10-01,8.113152504,11.84000015
2012-10-02,8.113152504,11.84000015
2012-10-03,8.113152504,11.84000015
2012-10-04,8.099440575,11.81999969
2012-10-05,8.078884125,11.78999996
2012-10-08,8.092599869,11.81000042
2012-10-09,8.085745811,11.80000019
2012-10-10,8.085745811,11.80000019
2012-10-11,8.092599869,11.81000042
2012-10-12,8.092599869,11.81000042
2012-10-15,8.092599869,11.81000042
2012-10-16,8.072033882,11.77999973
2012-10-17,8.037783623,11.72999954
2012-10-18,8.030927658,11.72000027
2012-10-19,8.051483154,11.75
2012-10-22,8.030927658,11.72000027
2012-10-23,8.051483154,11.75
2012-10-24,8.044629097,11.73999977
2012-10-25,8.02407074,11.71000004
2012-10-26,8.051483154,11.75
2012-10-31,8.080979347,11.77999973
2012-11-01,8.074117661,11.77000046
2012-11-02,8.074117661,11.77000046
2012-11-05,8.087839127,11.78999996
2012-11-06,8.060399055,11.75
2012-11-07,8.101556778,11.81000042
2012-11-08,8.115278244,11.82999992
2012-11-09,8.115278244,11.82999992
2012-11-12,8.115278244,11.82999992
2012-11-13,8.122142792,11.84000015
2012-11-14,8.122142792,11.84000015
2012-11-15,8.122142792,11.84000015
2012-11-16,8.129001617,11.85000038
2012-11-19,8.115278244,11.82999992
2012-11-20,8.101556778,11.81000042
2012-11-21,8.094696045,11.80000019
2012-11-23,8.087839127,11.78999996
2012-11-26,8.094696045,11.80000019
2012-11-27,8.108420372,11.81999969
2012-11-28,8.115278244,11.82999992
2012-11-29,8.115278244,11.82999992
2012-11-30,8.131074905,11.84000015
2012-12-03,8.124210358,11.82999992
2012-12-04,8.131074905,11.84000015
2012-12-05,8.137948036,11.85000038
2012-12-06,8.137948036,11.85000038
2012-12-07,8.131074905,11.84000015
2012-12-10,8.131074905,11.84000015
2012-12-11,8.124210358,11.82999992
2012-12-12,8.110468864,11.81000042
2012-12-13,8.096730232,11.78999996
2012-12-14,8.103607178,11.80000019
2012-12-17,8.083004951,11.77000046
2012-12-18,8.062398911,11.73999977
2012-12-19,8.069267273,11.75
2012-12-20,8.069267273,11.75
2012-12-21,8.076134682,11.76000023
2012-12-24,8.076134682,11.76000023
2012-12-26,8.083004951,11.77000046
2012-12-27,8.089862823,11.77999973
2012-12-28,8.102313995,11.72000027
2012-12-31,8.09815979,11.69999981
2013-01-02,8.077396393,11.67000008
2013-01-03,8.049713135,11.63000011
2013-01-04,8.049713135,11.63000011
2013-01-07,8.056632996,11.64000034
2013-01-08,8.06355381,11.64999962
2013-01-09,8.070472717,11.65999985
2013-01-10,8.056632996,11.64000034
2013-01-11,8.070472717,11.65999985
2013-01-14,8.070472717,11.65999985
2013-01-15,8.077396393,11.67000008
2013-01-16,8.084318161,11.68000031
2013-01-17,8.06355381,11.64999962
2013-01-18,8.070472717,11.65999985
2013-01-22,8.077396393,11.67000008
2013-01-23,8.077396393,11.67000008
2013-01-24,8.070472717,11.65999985
2013-01-25,8.035865784,11.60999966
2013-01-28,8.028944969,11.60000038
2013-01-29,8.022027016,11.59000015
2013-01-30,8.028944969,11.60000038
2013-01-31,8.03864193,11.60000038
2013-02-01,8.024791718,11.57999992
2013-02-04,8.052508354,11.61999989
2013-02-05,8.03864193,11.60000038
2013-02-06,8.052508354,11.61999989
2013-02-07,8.052508354,11.61999989
2013-02-08,8.052508354,11.61999989
2013-02-11,8.045573235,11.60999966
2013-02-12,8.03864193,11.60000038
2013-02-13,8.024791718,11.57999992
2013-02-14,8.045573235,11.60999966
2013-02-15,8.03864193,11.60000038
2013-02-19,8.031715393,11.59000015
2013-02-20,8.03864193,11.60000038
2013-02-21,8.052508354,11.61999989
2013-02-22,8.052508354,11.61999989
2013-02-25,8.087158203,11.67000008
2013-02-26,8.087158203,11.67000008
2013-02-27,8.087158203,11.67000008
2013-02-28,8.096175194,11.67000008
2013-03-01,8.110051155,11.68999958
2013-03-04,8.096175194,11.67000008
2013-03-05,8.096175194,11.67000008
2013-03-06,8.075363159,11.64000034
2013-03-07,8.061491013,11.61999989
2013-03-08,8.033734322,11.57999992
2013-03-11,8.033734322,11.57999992
2013-03-12,8.047608376,11.60000038
2013-03-13,8.047608376,11.60000038
2013-03-14,8.047608376,11.60000038
2013-03-15,8.061491013,11.61999989
2013-03-18,8.075363159,11.64000034
2013-03-19,8.089235306,11.65999985
2013-03-20,8.075363159,11.64000034
2013-03-21,8.08230114,11.64999962
2013-03-22,8.08230114,11.64999962
2013-03-25,8.089235306,11.65999985
2013-03-26,8.089235306,11.65999985
2013-03-27,8.110051155,11.68999958
2013-03-28,8.118395805,11.68000031
2013-04-01,8.118395805,11.68000031
2013-04-02,8.111441612,11.67000008
2013-04-03,8.132292747,11.69999981
2013-04-04,8.146191597,11.72000027
2013-04-05,8.153144836,11.72999954
2013-04-08,8.146191597,11.72000027
2013-04-09,8.146191597,11.72000027
2013-04-10,8.132292747,11.69999981
2013-04-11,8.132292747,11.69999981
2013-04-12,8.153144836,11.72999954
2013-04-15,8.160087585,11.73999977
2013-04-16,8.146191597,11.72000027
2013-04-17,8.153144836,11.72999954
2013-04-18,8.153144836,11.72999954
2013-04-19,8.146191597,11.72000027
2013-04-22,8.153144836,11.72999954
2013-04-23,8.153144836,11.72999954
2013-04-24,8.153144836,11.72999954
2013-04-25,8.153144836,11.72999954
2013-04-26,8.167045593,11.75
2013-04-29,8.167045593,11.75
2013-04-30,8.176091194,11.75
2013-05-01,8.183050156,11.76000023
2013-05-02,8.183050156,11.76000023
2013-05-03,8.148256302,11.71000004
2013-05-06,8.141298294,11.69999981
2013-05-07,8.141298294,11.69999981
2013-05-08,8.141298294,11.69999981
2013-05-09,8.141298294,11.69999981
2013-05-10,8.11346817,11.65999985
2013-05-13,8.099552155,11.64000034
2013-05-14,8.085638046,11.61999989
2013-05-15,8.099552155,11.64000034
2013-05-16,8.120428085,11.67000008
2013-05-17,8.092594147,11.63000011
2013-05-20,8.092594147,11.63000011
2013-05-21,8.099552155,11.64000034
2013-05-22,8.06475544,11.59000015
2013-05-23,8.071721077,11.60000038
2013-05-24,8.071721077,11.60000038
2013-05-28,8.01604557,11.52000046
2013-05-29,8.0230093,11.52999973
2013-05-30,8.0230093,11.52999973
2013-05-31,8.025794029,11.52000046
2013-06-03,8.025794029,11.52000046
2013-06-04,8.018823624,11.51000023
2013-06-05,8.032765388,11.52999973
2013-06-06,8.039733887,11.53999996
2013-06-07,8.004893303,11.48999977
2013-06-10,7.990959644,11.47000027
2013-06-11,7.997926712,11.47999954
2013-06-12,7.97702837,11.44999981
2013-06-13,8.011860847,11.5
2013-06-14,8.025794029,11.52000046
2013-06-17,8.018823624,11.51000023
2013-06-18,8.011860847,11.5
2013-06-19,7.935230255,11.39000034
2013-06-20,7.921295166,11.36999989
2013-06-21,7.865552425,11.28999996
2013-06-24,7.844659805,11.26000023
2013-06-25,7.844659805,11.26000023
2013-06-26,7.865552425,11.28999996
2013-06-27,7.893424034,11.32999992
2013-06-28,7.895510197,11.31999969
2013-07-01,7.895510197,11.31999969
2013-07-02,7.902493954,11.32999992
2013-07-03,7.888542175,11.31000042
2013-07-05,7.804849148,11.18999958
2013-07-08,7.839715004,11.23999977
2013-07-09,7.846692085,11.25
2013-07-10,7.832745075,11.22999954
2013-07-11,7.888542175,11.31000042
2013-07-12,7.874593258,11.28999996
2013-07-15,7.895510197,11.31999969
2013-07-16,7.895510197,11.31999969
2013-07-17,7.916442394,11.35000038
2013-07-18,7.902493954,11.32999992
2013-07-19,7.923416615,11.35999966
2013-07-22,7.923416615,11.35999966
2013-07-23,7.916442394,11.35000038
2013-07-24,7.888542175,11.31000042
2013-07-25,7.895510197,11.31999969
2013-07-26,7.902493954,11.32999992
2013-07-29,7.895510197,11.31999969
2013-07-30,7.888542175,11.31000042
2013-07-31,7.905305862,11.31999969
2013-08-01,7.856415749,11.25
2013-08-02,7.905305862,11.31999969
2013-08-05,7.898315907,11.31000042
2013-08-06,7.898315907,11.31000042
2013-08-07,7.912285805,11.32999992
2013-08-08,7.912285805,11.32999992
2013-08-09,7.919270515,11.34000015
2013-08-12,7.905305862,11.31999969
2013-08-13,7.863399506,11.26000023
2013-08-14,7.863399506,11.26000023
2013-08-15,7.842449665,11.22999954
2013-08-16,7.821501732,11.19999981
2013-08-19,7.800545216,11.17000008
2013-08-20,7.828483105,11.21000004
2013-08-21,7.793566227,11.15999985
2013-08-22,7.779600143,11.14000034
2013-08-23,7.807535648,11.18000031
2013-08-26,7.821501732,11.19999981
2013-08-27,7.849437237,11.23999977
2013-08-28,7.821501732,11.19999981
2013-08-29,7.828483105,11.21000004
2013-08-30,7.82498312,11.18999958
2013-09-03,7.804005146,11.15999985
2013-09-04,7.783034325,11.13000011
2013-09-05,7.741067886,11.06999969
2013-09-06,7.769045353,11.10999966
2013-09-09,7.790021896,11.14000034
2013-09-10,7.762050152,11.10000038
2013-09-11,7.790021896,11.14000034
2013-09-12,7.790021896,11.14000034
2013-09-13,7.797016144,11.14999962
2013-09-16,7.817994595,11.18000031
2013-09-17,7.82498312,11.18999958
2013-09-18,7.894913673,11.28999996
2013-09-19,7.873934269,11.26000023
2013-09-20,7.880930424,11.27000046
2013-09-23,7.887922764,11.27999973
2013-09-24,7.908902168,11.31000042
2013-09-25,7.922887325,11.32999992
2013-09-26,7.908902168,11.31000042
2013-09-27,7.922887325,11.32999992
2013-09-30,7.939692974,11.34000015
2013-10-01,7.92568779,11.31999969
2013-10-02,7.939692974,11.34000015
2013-10-03,7.946693897,11.35000038
2013-10-04,7.92568779,11.31999969
2013-10-07,7.932689667,11.32999992
2013-10-08,7.92568779,11.31999969
2013-10-09,7.918687344,11.31000042
2013-10-10,7.911681652,11.30000019
2013-10-11,7.918687344,11.31000042
2013-10-14,7.904679298,11.28999996
2013-10-15,7.904679298,11.28999996
2013-10-16,7.92568779,11.31999969
2013-10-17,7.953692436,11.35999966
2013-10-18,7.953692436,11.35999966
2013-10-21,7.946693897,11.35000038
2013-10-22,7.981699944,11.39999962
2013-10-23,7.981699944,11.39999962
2013-10-24,7.974699497,11.39000034
2013-10-25,7.981699944,11.39999962
2013-10-28,7.981699944,11.39999962
2013-10-29,7.988704681,11.40999985
2013-10-30,7.974699497,11.39000034
2013-10-31,7.978204727,11.38000011
2013-11-01,7.95717001,11.35000038
2013-11-04,7.964182377,11.35999966
2013-11-05,7.950162888,11.34000015
2013-11-06,7.964182377,11.35999966
2013-11-07,7.978204727,11.38000011
2013-11-08,7.929130077,11.31000042
2013-11-11,7.929130077,11.31000042
2013-11-12,7.915105343,11.28999996
2013-11-13,7.936141014,11.31999969
2013-11-14,7.964182377,11.35999966
2013-11-15,7.95717001,11.35000038
2013-11-18,7.978204727,11.38000011
2013-11-19,7.95717001,11.35000038
2013-11-20,7.943151474,11.32999992
2013-11-21,7.943151474,11.32999992
2013-11-22,7.950162888,11.34000015
2013-11-25,7.95717001,11.35000038
2013-11-26,7.971194267,11.36999989
2013-11-27,7.95717001,11.35000038
2013-11-29,7.967701435,11.35000038
2013-12-02,7.946636677,11.31999969
2013-12-03,7.953661919,11.32999992
2013-12-04,7.932602882,11.30000019
2013-12-05,7.918561935,11.27999973
2013-12-06,7.918561935,11.27999973
2013-12-09,7.918561935,11.27999973
2013-12-10,7.939626694,11.31000042
2013-12-11,7.925577641,11.28999996
2013-12-12,7.904521465,11.26000023
2013-12-13,7.904521465,11.26000023
2013-12-16,7.904521465,11.26000023
2013-12-17,7.922853947,11.23999977
2013-12-18,7.901705265,11.21000004
2013-12-19,7.880556583,11.18000031
2013-12-20,7.880556583,11.18000031
2013-12-23,7.866464615,11.15999985
2013-12-24,7.845307827,11.13000011
2013-12-26,7.845307827,11.13000011
2013-12-27,7.845307827,11.13000011
2013-12-30,7.859410763,11.14999962
2013-12-31,7.848821163,11.11999989
2014-01-02,7.862938404,11.14000034
2014-01-03,7.85587883,11.13000011
2014-01-06,7.869996548,11.14999962
2014-01-07,7.877054691,11.15999985
2014-01-08,7.848821163,11.11999989
2014-01-09,7.85587883,11.13000011
2014-01-10,7.905291557,11.19999981
2014-01-13,7.919403076,11.22000027
2014-01-14,7.898234367,11.18999958
2014-01-15,7.884114265,11.17000008
2014-01-16,7.905291557,11.19999981
2014-01-17,7.905291557,11.19999981
2014-01-21,7.898234367,11.18999958
2014-01-22,7.884114265,11.17000008
2014-01-23,7.919403076,11.22000027
2014-01-24,7.940579891,11.25
2014-01-27,7.92646265,11.22999954
2014-01-28,7.933524609,11.23999977
2014-01-29,7.95470047,11.27000046
2014-01-30,7.947635651,11.26000023
2014-01-31,7.97944212,11.28999996
2014-02-03,8.007715225,11.32999992
2014-02-04,7.993580341,11.31000042
2014-02-05,7.97944212,11.28999996
2014-02-06,7.96531105,11.27000046
2014-02-07,7.986512661,11.30000019
2014-02-10,7.986512661,11.30000019
2014-02-11,7.958238602,11.26000023
2014-02-12,7.951167583,11.25
2014-02-13,7.972377777,11.27999973
2014-02-14,7.96531105,11.27000046
2014-02-18,7.97944212,11.28999996
2014-02-19,7.972377777,11.27999973
2014-02-20,7.958238602,11.26000023
2014-02-21,7.96531105,11.27000046
2014-02-24,7.958238602,11.26000023
2014-02-25,7.972377777,11.27999973
2014-02-26,7.993580341,11.31000042
2014-02-27,7.993580341,11.31000042
2014-02-28,7.996413708,11.30000019
2014-03-03,8.017640114,11.32999992
2014-03-04,7.989330769,11.28999996
2014-03-05,7.989330769,11.28999996
2014-03-06,7.9681077,11.26000023
2014-03-07,7.946873665,11.22999954
2014-03-10,7.953947544,11.23999977
2014-03-11,7.953947544,11.23999977
2014-03-12,7.9681077,11.26000023
2014-03-13,7.996413708,11.30000019
2014-03-14,7.996413708,11.30000019
2014-03-17,7.975184917,11.27000046
2014-03-18,7.989330769,11.28999996
2014-03-19,7.932719231,11.21000004
2014-03-20,7.925642014,11.19999981
2014-03-21,7.932719231,11.21000004
2014-03-24,7.925642014,11.19999981
2014-03-25,7.925642014,11.19999981
2014-03-26,7.946873665,11.22999954
2014-03-27,7.946873665,11.22999954
2014-03-28,7.932719231,11.21000004
2014-03-31,7.948339462,11.18999958
2014-04-01,7.934143066,11.17000008
2014-04-02,7.912835121,11.14000034
2014-04-03,7.912835121,11.14000034
2014-04-04,7.948339462,11.18999958
2014-04-07,7.962553024,11.21000004
2014-04-08,7.969659328,11.22000027
2014-04-09,7.97675848,11.22999954
2014-04-10,7.998067856,11.26000023
2014-04-11,8.005173683,11.27000046
2014-04-14,7.990962505,11.25
2014-04-15,7.990962505,11.25
2014-04-16,7.97675848,11.22999954
2014-04-17,7.948339462,11.18999958
2014-04-21,7.948339462,11.18999958
2014-04-22,7.948339462,11.18999958
2014-04-23,7.955450058,11.19999981
2014-04-24,7.955450058,11.19999981
2014-04-25,7.962553024,11.21000004
2014-04-28,7.955450058,11.19999981
2014-04-29,7.955450058,11.19999981
2014-04-30,7.987455845,11.22999954
2014-05-01,8.001680374,11.25
2014-05-02,8.001680374,11.25
2014-05-05,7.994568825,11.23999977
2014-05-06,7.994568825,11.23999977
2014-05-07,8.00879097,11.26000023
2014-05-08,8.01591301,11.27000046
2014-05-09,8.01591301,11.27000046
2014-05-12,8.001680374,11.25
2014-05-13,8.01591301,11.27000046
2014-05-14,8.037246704,11.30000019
2014-05-15,8.051470757,11.31999969
2014-05-16,8.044358253,11.31000042
2014-05-19,8.044358253,11.31000042
2014-05-20,8.05858326,11.32999992
2014-05-21,8.051470757,11.31999969
2014-05-22,8.044358253,11.31000042
2014-05-23,8.051470757,11.31999969
2014-05-27,8.051470757,11.31999969
2014-05-28,8.072806358,11.35000038
2014-05-29,8.065695763,11.34000015
2014-05-30,8.069970131,11.32999992
2014-06-02,8.048604965,11.30000019
2014-06-03,8.027237892,11.27000046
2014-06-04,8.027237892,11.27000046
2014-06-05,8.034357071,11.27999973
2014-06-06,8.027237892,11.27000046
2014-06-09,8.020112991,11.26000023
2014-06-10,8.00586319,11.23999977
2014-06-11,8.012987137,11.25
2014-06-12,8.027237892,11.27000046
2014-06-13,8.020112991,11.26000023
2014-06-16,8.012987137,11.25
2014-06-17,7.991620541,11.22000027
2014-06-18,8.020112991,11.26000023
2014-06-19,8.012987137,11.25
2014-06-20,8.012987137,11.25
2014-06-23,8.00586319,11.23999977
2014-06-24,8.027237892,11.27000046
2014-06-25,8.034357071,11.27999973
2014-06-26,8.041479111,11.28999996
2014-06-27,8.048604965,11.30000019
2014-06-30,8.05930233,11.30000019
2014-07-01,8.045039177,11.27999973
2014-07-02,8.023640633,11.25
2014-07-03,8.00937748,11.22999954
2014-07-07,8.016511917,11.23999977
2014-07-08,8.037901878,11.27000046
2014-07-09,8.037901878,11.27000046
2014-07-10,8.052168846,11.28999996
2014-07-11,8.05930233,11.30000019
2014-07-14,8.045039177,11.27999973
2014-07-15,8.037901878,11.27000046
2014-07-16,8.037901878,11.27000046
2014-07-17,8.066431999,11.31000042
2014-07-18,8.052168846,11.28999996
2014-07-21,8.052168846,11.28999996
2014-07-22,8.05930233,11.30000019
2014-07-23,8.05930233,11.30000019
2014-07-24,8.037901878,11.27000046
2014-07-25,8.052168846,11.28999996
2014-07-28,8.045039177,11.27999973
2014-07-29,8.045039177,11.27999973
2014-07-30,8.016511917,11.23999977
2014-07-31,8.027937889,11.23999977
2014-08-01,8.06364727,11.28999996
2014-08-04,8.070789337,11.30000019
2014-08-05,8.06364727,11.28999996
2014-08-06,8.070789337,11.30000019
2014-08-07,8.092213631,11.32999992
2014-08-08,8.085074425,11.31999969
2014-08-11,8.085074425,11.31999969
2014-08-12,8.077929497,11.31000042
2014-08-13,8.092213631,11.32999992
2014-08-14,8.09936142,11.34000015
2014-08-15,8.113638878,11.35999966
2014-08-18,8.09936142,11.34000015
2014-08-19,8.09936142,11.34000015
2014-08-20,8.077929497,11.31000042
2014-08-21,8.085074425,11.31999969
2014-08-22,8.077929497,11.31000042
2014-08-25,8.077929497,11.31000042
2014-08-26,8.077929497,11.31000042
2014-08-27,8.092213631,11.32999992
2014-08-28,8.09936142,11.34000015
2014-08-29,8.110805511,11.34000015
2014-09-02,8.082193375,11.30000019
2014-09-03,8.089344978,11.31000042
2014-09-04,8.075042725,11.28999996
2014-09-05,8.075042725,11.28999996
2014-09-08,8.067891121,11.27999973
2014-09-09,8.053586006,11.26000023
2014-09-10,8.039282799,11.23999977
2014-09-11,8.039282799,11.23999977
2014-09-12,8.017819405,11.21000004
2014-09-15,8.03212738,11.22999954
2014-09-16,8.03212738,11.22999954
2014-09-17,8.017819405,11.21000004
2014-09-18,8.010667801,11.19999981
2014-09-19,8.024972916,11.22000027
2014-09-22,8.039282799,11.23999977
2014-09-23,8.046433449,11.25
2014-09-24,8.03212738,11.22999954
2014-09-25,8.053586006,11.26000023
2014-09-26,8.039282799,11.23999977
2014-09-29,8.053586006,11.26000023
2014-09-30,8.057879448,11.25
2014-10-01,8.100857735,11.31000042
2014-10-02,8.086530685,11.28999996
2014-10-03,8.079369545,11.27999973
2014-10-06,8.093693733,11.30000019
2014-10-07,8.122345924,11.34000015
2014-10-08,8.150994301,11.38000011
2014-10-09,8.143835068,11.36999989
2014-10-10,8.158155441,11.39000034
2014-10-13,8.179647446,11.42000008
2014-10-14,8.193972588,11.43999958
2014-10-15,8.23694706,11.5
2014-10-16,8.215456963,11.47000027
2014-10-17,8.201129913,11.44999981
2014-10-20,8.208296776,11.46000004
2014-10-21,8.201129913,11.44999981
2014-10-22,8.193972588,11.43999958
2014-10-23,8.172483444,11.40999985
2014-10-24,8.172483444,11.40999985
2014-10-27,8.179647446,11.42000008
2014-10-28,8.165317535,11.39999962
2014-10-29,8.136668205,11.35999966
2014-10-30,8.143835068,11.36999989
2014-10-31,8.148133278,11.35999966
2014-11-03,8.140963554,11.35000038
2014-11-04,8.140963554,11.35000038
2014-11-05,8.140963554,11.35000038
2014-11-06,8.126614571,11.32999992
2014-11-07,8.162482262,11.38000011
2014-11-10,8.140963554,11.35000038
2014-11-11,8.133791924,11.34000015
2014-11-12,8.133791924,11.34000015
2014-11-13,8.148133278,11.35999966
2014-11-14,8.155306816,11.36999989
2014-11-17,8.148133278,11.35999966
2014-11-18,8.155306816,11.36999989
2014-11-19,8.140963554,11.35000038
2014-11-20,8.148133278,11.35999966
2014-11-21,8.155306816,11.36999989
2014-11-24,8.162482262,11.38000011
2014-11-25,8.176825523,11.39999962
2014-11-26,8.183998108,11.40999985
2014-11-28,8.217038155,11.43999958
2014-12-01,8.209856987,11.43000031
2014-12-02,8.181123734,11.39000034
2014-12-03,8.173944473,11.38000011
2014-12-04,8.188307762,11.39999962
2014-12-05,8.152392387,11.35000038
2014-12-08,8.159579277,11.35999966
2014-12-09,8.181123734,11.39000034
2014-12-10,8.202672958,11.42000008
2014-12-11,8.188307762,11.39999962
2014-12-12,8.231406212,11.46000004
2014-12-15,8.202672958,11.42000008
2014-12-16,8.231406212,11.46000004
2014-12-17,8.190412521,11.39000034
2014-12-18,8.168844223,11.35999966
2014-12-19,8.17603302,11.36999989
2014-12-22,8.17603302,11.36999989
2014-12-23,8.140077591,11.31999969
2014-12-24,8.140077591,11.31999969
2014-12-26,8.140077591,11.31999969
2014-12-29,8.161650658,11.35000038
2014-12-30,8.168844223,11.35999966
2014-12-31,8.188289642,11.36999989
2015-01-02,8.209893227,11.39999962
2015-01-05,8.231498718,11.43000031
2015-01-06,8.267507553,11.47999954
2015-01-07,8.267507553,11.47999954
2015-01-08,8.253103256,11.46000004
2015-01-09,8.281908035,11.5
2015-01-12,8.296311378,11.52000046
2015-01-13,8.303513527,11.52999973
2015-01-14,8.332324982,11.56999969
2015-01-15,8.375535011,11.63000011
2015-01-16,8.332324982,11.56999969
2015-01-20,8.339518547,11.57999992
2015-01-21,8.317918777,11.55000019
2015-01-22,8.303513527,11.52999973
2015-01-23,8.332324982,11.56999969
2015-01-26,8.317918777,11.55000019
2015-01-27,8.325122833,11.56000042
2015-01-28,8.361132622,11.60999966
2015-01-29,8.346722603,11.59000015
2015-01-30,8.409470558,11.65999985
2015-02-02,8.395046234,11.64000034
2015-02-03,8.351771355,11.57999992
2015-02-04,8.366201401,11.60000038
2015-02-05,8.344561577,11.56999969
2015-02-06,8.272445679,11.47000027
2015-02-09,8.272445679,11.47000027
2015-02-10,8.258018494,11.44999981
2015-02-11,8.250802994,11.43999958
2015-02-12,8.265224457,11.46000004
2015-02-13,8.250802994,11.43999958
2015-02-17,8.207531929,11.38000011
2015-02-18,8.243588448,11.43000031
2015-02-19,8.22916317,11.40999985
2015-02-20,8.214742661,11.39000034
2015-02-23,8.236377716,11.42000008
2015-02-24,8.279652596,11.47999954
2015-02-25,8.279652596,11.47999954
2015-02-26,8.243588448,11.43000031
2015-02-27,8.276083946,11.46000004
2015-03-02,8.23997879,11.40999985
2015-03-03,8.225533485,11.39000034
2015-03-04,8.232757568,11.39999962
2015-03-05,8.23997879,11.40999985
2015-03-06,8.1822052,11.32999992
2015-03-09,8.203866959,11.35999966
2015-03-10,8.225533485,11.39000034
2015-03-11,8.232757568,11.39999962
2015-03-12,8.23997879,11.40999985
2015-03-13,8.232757568,11.39999962
2015-03-16,8.247203827,11.42000008
2015-03-17,8.254421234,11.43000031
2015-03-18,8.319415092,11.52000046
2015-03-19,8.290531158,11.47999954
2015-03-20,8.312200546,11.51000023
2015-03-23,8.319415092,11.52000046
2015-03-24,8.341086388,11.55000019
2015-03-25,8.319415092,11.52000046
2015-03-26,8.290531158,11.47999954
2015-03-27,8.304974556,11.5
2015-03-30,8.312200546,11.51000023
2015-03-31,8.339702606,11.52000046
2015-04-01,8.361428261,11.55000019
2015-04-02,8.346944809,11.52999973
2015-04-06,8.361428261,11.55000019
2015-04-07,8.361428261,11.55000019
2015-04-08,8.354185104,11.53999996
2015-04-09,8.332468033,11.51000023
2015-04-10,8.332468033,11.51000023
2015-04-13,8.339702606,11.52000046
2015-04-14,8.354185104,11.53999996
2015-04-15,8.361428261,11.55000019
2015-04-16,8.368662834,11.56000042
2015-04-17,8.3758955,11.56999969
2015-04-20,8.361428261,11.55000019
2015-04-21,8.354185104,11.53999996
2015-04-22,8.325228691,11.5
2015-04-23,8.346944809,11.52999973
2015-04-24,8.361428261,11.55000019
2015-04-27,8.354185104,11.53999996
2015-04-28,8.325228691,11.5
2015-04-29,8.310746193,11.47999954
2015-04-30,8.322349548,11.47999954
2015-05-01,8.293348312,11.43999958
2015-05-04,8.286100388,11.43000031
2015-05-05,8.27885437,11.42000008
2015-05-06,8.257104874,11.39000034
2015-05-07,8.271603584,11.40999985
2015-05-08,8.293348312,11.43999958
2015-05-11,8.249847412,11.38000011
2015-05-12,8.249847412,11.38000011
2015-05-13,8.249847412,11.38000011
2015-05-14,8.27885437,11.42000008
2015-05-15,8.300595284,11.44999981
2015-05-18,8.271603584,11.40999985
2015-05-19,8.242605209,11.36999989
2015-05-20,8.257104874,11.39000034
2015-05-21,8.286100388,11.43000031
2015-05-22,8.26434803,11.39999962
2015-05-26,8.286100388,11.43000031
2015-05-27,8.286100388,11.43000031
2015-05-28,8.293348312,11.43999958
2015-05-29,8.312226295,11.44999981
2015-06-01,8.290446281,11.42000008
2015-06-02,8.261404037,11.38000011
2015-06-03,8.217847824,11.31999969
2015-06-04,8.239626884,11.35000038
2015-06-05,8.20333004,11.30000019
2015-06-08,8.210594177,11.31000042
2015-06-09,8.196074486,11.28999996
2015-06-10,8.174285889,11.26000023
2015-06-11,8.210594177,11.31000042
2015-06-12,8.20333004,11.30000019
2015-06-15,8.217847824,11.31999969
2015-06-16,8.239626884,11.35000038
2015-06-17,8.246889114,11.35999966
2015-06-18,8.246889114,11.35999966
2015-06-19,8.268667221,11.39000034
2015-06-22,8.225111961,11.32999992
2015-06-23,8.217847824,11.31999969
2015-06-24,8.225111961,11.32999992
2015-06-25,8.217847824,11.31999969
2015-06-26,8.196074486,11.28999996
2015-06-29,8.254144669,11.36999989
2015-06-30,8.251238823,11.35000038
2015-07-01,8.222157478,11.31000042
2015-07-02,8.251238823,11.35000038
2015-07-06,8.280322075,11.39000034
2015-07-07,8.294861794,11.40999985
2015-07-08,8.316666603,11.43999958
2015-07-09,8.280322075,11.39000034
2015-07-10,8.243973732,11.34000015
2015-07-13,8.222157478,11.31000042
2015-07-14,8.243973732,11.34000015
2015-07-15,8.258509636,11.35999966
2015-07-16,8.258509636,11.35999966
2015-07-17,8.251238823,11.35000038
2015-07-20,8.236702919,11.32999992
2015-07-21,8.251238823,11.35000038
2015-07-22,8.251238823,11.35000038
2015-07-23,8.27304554,11.38000011
2015-07-24,8.27304554,11.38000011
2015-07-27,8.294861794,11.40999985
2015-07-28,8.280322075,11.39000034
2015-07-29,8.27304554,11.38000011
2015-07-30,8.27304554,11.38000011
2015-07-31,8.321098328,11.43000031
2015-08-03,8.335659027,11.44999981
2015-08-04,8.299254417,11.39999962
2015-08-05,8.277415276,11.36999989
2015-08-06,8.291976929,11.39000034
2015-08-07,8.306540489,11.40999985
2015-08-10,8.291976929,11.39000034
2015-08-11,8.328377724,11.43999958
2015-08-12,8.328377724,11.43999958
2015-08-13,8.306540489,11.40999985
2015-08-14,8.299254417,11.39999962
2015-08-17,8.313817978,11.42000008
2015-08-18,8.306540489,11.40999985
2015-08-19,8.342935562,11.46000004
2015-08-20,8.350215912,11.47000027
2015-08-21,8.372055054,11.5
2015-08-24,8.386619568,11.52000046
2015-08-25,8.35750103,11.47999954
2015-08-26,8.328377724,11.43999958
2015-08-27,8.328377724,11.43999958
2015-08-28,8.321098328,11.43000031
2015-08-31,8.318184853,11.40999985
2015-09-01,8.340052605,11.43999958
2015-09-02,8.332762718,11.43000031
2015-09-03,8.347343445,11.44999981
2015-09-04,8.35463047,11.46000004
2015-09-08,8.332762718,11.43000031
2015-09-09,8.340052605,11.43999958
2015-09-10,8.325471878,11.42000008
2015-09-11,8.340052605,11.43999958
2015-09-14,8.347343445,11.44999981
2015-09-15,8.303600311,11.39000034
2015-09-16,8.296305656,11.38000011
2015-09-17,8.35463047,11.46000004
2015-09-18,8.37650013,11.48999977
2015-09-21,8.347343445,11.44999981
2015-09-22,8.369215965,11.47999954
2015-09-23,8.36192131,11.47000027
2015-09-24,8.37650013,11.48999977
2015-09-25,8.36192131,11.47000027
2015-09-28,8.391087532,11.51000023
2015-09-29,8.40566349,11.52999973
2015-09-30,8.416614532,11.52999973
2015-10-01,8.423911095,11.53999996
2015-10-02,8.453116417,11.57999992
2015-10-05,8.423911095,11.53999996
2015-10-06,8.431213379,11.55000019
2015-10-07,8.416614532,11.52999973
2015-10-08,8.409313202,11.52000046
2015-10-09,8.402019501,11.51000023
2015-10-12,8.423911095,11.53999996
2015-10-13,8.431213379,11.55000019
2015-10-14,8.460410118,11.59000015
2015-10-15,8.438515663,11.56000042
2015-10-16,8.431213379,11.55000019
2015-10-19,8.431213379,11.55000019
2015-10-20,8.409313202,11.52000046
2015-10-21,8.423911095,11.53999996
2015-10-22,8.431213379,11.55000019
2015-10-23,8.402019501,11.51000023
2015-10-26,8.409313202,11.52000046
2015-10-27,8.423911095,11.53999996
2015-10-28,8.387411118,11.48999977
2015-10-29,8.358216286,11.44999981
2015-10-30,8.377221107,11.46000004
2015-11-02,8.355294228,11.43000031
2015-11-03,8.340669632,11.40999985
2015-11-04,8.326052666,11.39000034
2015-11-05,8.326052666,11.39000034
2015-11-06,8.282193184,11.32999992
2015-11-09,8.274882317,11.31999969
2015-11-10,8.289502144,11.34000015
2015-11-11,8.282193184,11.32999992
2015-11-12,8.289502144,11.34000015
2015-11-13,8.311432838,11.36999989
2015-11-16,8.318739891,11.38000011
2015-11-17,8.318739891,11.38000011
2015-11-18,8.311432838,11.36999989
2015-11-19,8.318739891,11.38000011
2015-11-20,8.311432838,11.36999989
2015-11-23,8.318739891,11.38000011
2015-11-24,8.326052666,11.39000034
2015-11-25,8.326052666,11.39000034
2015-11-27,8.326052666,11.39000034
2015-11-30,8.344351768,11.39999962
2015-12-01,8.366312981,11.43000031
2015-12-02,8.351668358,11.40999985
2015-12-03,8.300434113,11.34000015
2015-12-04,8.315074921,11.35999966
2015-12-07,8.329710007,11.38000011
2015-12-08,8.337033272,11.39000034
2015-12-09,8.344351768,11.39999962
2015-12-10,8.329710007,11.38000011
2015-12-11,8.373627663,11.43999958
2015-12-14,8.337033272,11.39000034
2015-12-15,8.315074921,11.35999966
2015-12-16,8.300434113,11.34000015
2015-12-17,8.315074921,11.35999966
2015-12-18,8.337033272,11.39000034
2015-12-21,8.337033272,11.39000034
2015-12-22,8.322393417,11.36999989
2015-12-23,8.307750702,11.35000038
2015-12-24,8.315858841,11.27999973
2015-12-28,8.315858841,11.27999973
2015-12-29,8.286371231,11.23999977
2015-12-30,8.286371231,11.23999977
2015-12-31,8.312945366,11.26000023
2016-01-04,8.335098267,11.28999996
2016-01-05,8.335098267,11.28999996
2016-01-06,8.364632607,11.32999992
2016-01-07,8.379397392,11.35000038
2016-01-08,8.394159317,11.36999989
2016-01-11,8.379397392,11.35000038
2016-01-12,8.401543617,11.38000011
2016-01-13,8.423694611,11.40999985
2016-01-14,8.416308403,11.39999962
2016-01-15,8.438456535,11.43000031
2016-01-19,8.431074142,11.42000008
2016-01-20,8.453221321,11.44999981
2016-01-21,8.445840836,11.43999958
2016-01-22,8.431074142,11.42000008
2016-01-25,8.445840836,11.43999958
2016-01-26,8.453221321,11.44999981
2016-01-27,8.460606575,11.46000004
2016-01-28,8.467987061,11.47000027
2016-01-29,8.509391785,11.51000023
2016-02-01,8.49460125,11.48999977
2016-02-02,8.531569481,11.53999996
2016-02-03,8.531569481,11.53999996
2016-02-04,8.546355247,11.56000042
2016-02-05,8.546355247,11.56000042
2016-02-08,8.583320618,11.60999966
2016-02-09,8.583320618,11.60999966
2016-02-10,8.598107338,11.63000011
2016-02-11,8.612884521,11.64999962
2016-02-12,8.575930595,11.60000038
2016-02-16,8.553743362,11.56999969
2016-02-17,8.546355247,11.56000042
2016-02-18,8.56853199,11.59000015
2016-02-19,8.561136246,11.57999992
2016-02-22,8.553743362,11.56999969
2016-02-23,8.56853199,11.59000015
2016-02-24,8.56853199,11.59000015
2016-02-25,8.590711594,11.61999989
2016-02-26,8.553743362,11.56999969
2016-02-29,8.578912735,11.59000015
2016-03-01,8.534499168,11.52999973
2016-03-02,8.519701958,11.51000023
2016-03-03,8.527099609,11.52000046
2016-03-04,8.504896164,11.48999977
2016-03-07,8.490087509,11.47000027
2016-03-08,8.527099609,11.52000046
2016-03-09,8.504896164,11.48999977
2016-03-10,8.482692719,11.46000004
2016-03-11,8.460482597,11.43000031
2016-03-14,8.46788311,11.43999958
2016-03-15,8.460482597,11.43000031
2016-03-16,8.504933357,11.47999954
2016-03-17,8.51234436,11.48999977
2016-03-18,8.527164459,11.51000023
2016-03-21,8.504933357,11.47999954
2016-03-22,8.490118027,11.46000004
2016-03-23,8.519748688,11.5
2016-03-24,8.51234436,11.48999977
2016-03-28,8.51234436,11.48999977
2016-03-29,8.55679512,11.55000019
2016-03-30,8.564202309,11.56000042
2016-03-31,8.598326683,11.59000015
2016-04-01,8.590910912,11.57999992
2016-04-04,8.598326683,11.59000015
2016-04-05,8.620585442,11.61999989
2016-04-06,8.605745316,11.60000038
2016-04-07,8.635420799,11.64000034
2016-04-08,8.620585442,11.61999989
2016-04-11,8.620585442,11.61999989
2016-04-12,8.598326683,11.59000015
2016-04-13,8.598326683,11.59000015
2016-04-14,8.583487511,11.56999969
2016-04-15,8.598326683,11.59000015
2016-04-18,8.598326683,11.59000015
2016-04-19,8.583487511,11.56999969
2016-04-20,8.561231613,11.53999996
2016-04-21,8.546395302,11.52000046
2016-04-22,8.53897953,11.51000023
2016-04-25,8.531556129,11.5
2016-04-26,8.524136543,11.48999977
2016-04-27,8.553812027,11.52999973
2016-04-28,8.576072693,11.56000042
2016-04-29,8.587213516,11.56000042
2016-05-02,8.564929008,11.52999973
2016-05-03,8.602071762,11.57999992
2016-05-04,8.609498024,11.59000015
2016-05-05,8.624355316,11.60999966
2016-05-06,8.609498024,11.59000015
2016-05-09,8.624355316,11.60999966
2016-05-10,8.624355316,11.60999966
2016-05-11,8.624355316,11.60999966
2016-05-12,8.609498024,11.59000015
2016-05-13,8.624355316,11.60999966
2016-05-16,8.602071762,11.57999992
2016-05-17,8.594641685,11.56999969
2016-05-18,8.54264164,11.5
2016-05-19,8.557497025,11.52000046
2016-05-20,8.557497025,11.52000046
2016-05-23,8.557497025,11.52000046
2016-05-24,8.54264164,11.5
2016-05-25,8.54264164,11.5
2016-05-26,8.564929008,11.52999973
2016-05-27,8.54264164,11.5
2016-05-31,8.569420815,11.52000046
2016-06-01,8.561985016,11.51000023
2016-06-02,8.576858521,11.52999973
2016-06-03,8.628935814,11.60000038
2016-06-06,8.621491432,11.59000015
2016-06-07,8.628935814,11.60000038
2016-06-08,8.628935814,11.60000038
2016-06-09,8.636372566,11.60999966
2016-06-10,8.658683777,11.64000034
2016-06-13,8.673569679,11.65999985
2016-06-14,8.666124344,11.64999962
2016-06-15,8.688441277,11.68000031
2016-06-16,8.688441277,11.68000031
2016-06-17,8.673569679,11.65999985
2016-06-20,8.651247978,11.63000011
2016-06-21,8.636372566,11.60999966
2016-06-22,8.651247978,11.63000011
2016-06-23,8.621491432,11.59000015
2016-06-24,8.695882797,11.68999958
2016-06-27,8.740515709,11.75
2016-06-28,8.740515709,11.75
2016-06-29,8.718196869,11.72000027
2016-06-30,8.745010376,11.73999977
2016-07-01,8.752466202,11.75
2016-07-05,8.782260895,11.78999996
2016-07-06,8.774813652,11.77999973
2016-07-07,8.774813652,11.77999973
2016-07-08,8.774813652,11.77999973
2016-07-11,8.745010376,11.73999977
2016-07-12,8.71522522,11.69999981
2016-07-13,8.722664833,11.71000004
2016-07-14,8.707766533,11.68999958
2016-07-15,8.685424805,11.65999985
2016-07-18,8.685424805,11.65999985
2016-07-19,8.700322151,11.68000031
2016-07-20,8.685424805,11.65999985
2016-07-21,8.700322151,11.68000031
2016-07-22,8.692873001,11.67000008
2016-07-25,8.685424805,11.65999985
2016-07-26,8.685424805,11.65999985
2016-07-27,8.71522522,11.69999981
2016-07-28,8.71522522,11.69999981
2016-07-29,8.748778343,11.72999954
2016-08-01,8.733864784,11.71000004
2016-08-02,8.71894455,11.68999958
2016-08-03,8.726408958,11.69999981
2016-08-04,8.741317749,11.72000027
2016-08-05,8.696572304,11.65999985
2016-08-08,8.696572304,11.65999985
2016-08-09,8.71894455,11.68999958
2016-08-10,8.726408958,11.69999981
2016-08-11,8.696572304,11.65999985
2016-08-12,8.71894455,11.68999958
2016-08-15,8.704032898,11.67000008
2016-08-16,8.68911171,11.64999962
2016-08-17,8.704032898,11.67000008
2016-08-18,8.711490631,11.68000031
2016-08-19,8.68911171,11.64999962
2016-08-22,8.704032898,11.67000008
2016-08-23,8.704032898,11.67000008
2016-08-24,8.704032898,11.67000008
2016-08-25,8.68911171,11.64999962
2016-08-26,8.659280777,11.60999966
2016-08-29,8.681656837,11.64000034
2016-08-30,8.681656837,11.64000034
2016-08-31,8.685388565,11.63000011
2016-09-01,8.692858696,11.64000034
2016-09-02,8.685388565,11.63000011
2016-09-06,8.715263367,11.67000008
2016-09-07,8.715263367,11.67000008
2016-09-08,8.685388565,11.63000011
2016-09-09,8.662988663,11.60000038
2016-09-12,8.670450211,11.60999966
2016-09-13,8.655514717,11.59000015
2016-09-14,8.662988663,11.60000038
2016-09-15,8.670450211,11.60999966
2016-09-16,8.670450211,11.60999966
2016-09-19,8.662988663,11.60000038
2016-09-20,8.670450211,11.60999966
2016-09-21,8.677918434,11.61999989
2016-09-22,8.692858696,11.64000034
2016-09-23,8.692858696,11.64000034
2016-09-26,8.715263367,11.67000008
2016-09-27,8.715263367,11.67000008
2016-09-28,8.715263367,11.67000008
2016-09-29,8.722733498,11.68000031
2016-09-30,8.710016251,11.64999962
2016-10-03,8.702544212,11.64000034
2016-10-04,8.672642708,11.60000038
2016-10-05,8.66516304,11.59000015
2016-10-06,8.650206566,11.56999969
2016-10-07,8.657684326,11.57999992
2016-10-10,8.64273262,11.56000042
2016-10-11,8.64273262,11.56000042
2016-10-12,8.64273262,11.56000042
2016-10-13,8.657684326,11.57999992
2016-10-14,8.64273262,11.56000042
2016-10-17,8.657684326,11.57999992
2016-10-18,8.66516304,11.59000015
2016-10-19,8.66516304,11.59000015
2016-10-20,8.66516304,11.59000015
2016-10-21,8.66516304,11.59000015
2016-10-24,8.657684326,11.57999992
2016-10-25,8.657684326,11.57999992
2016-10-26,8.64273262,11.56000042
2016-10-27,8.627779007,11.53999996
2016-10-28,8.627779007,11.53999996
2016-10-31,8.645746231,11.55000019
2016-11-01,8.653230667,11.56000042
2016-11-02,8.668200493,11.57999992
2016-11-03,8.668200493,11.57999992
2016-11-04,8.683176994,11.60000038
2016-11-07,8.653230667,11.56000042
2016-11-08,8.630773544,11.52999973
2016-11-09,8.555920601,11.43000031
2016-11-10,8.533462524,11.39999962
2016-11-11,8.518490791,11.38000011
2016-11-14,8.481059074,11.32999992
2016-11-15,8.473576546,11.31999969
2016-11-16,8.481059074,11.32999992
2016-11-17,8.45860672,11.30000019
2016-11-18,8.4286623,11.26000023
2016-11-21,8.436148643,11.27000046
2016-11-22,8.443636894,11.27999973
2016-11-23,8.413695335,11.23999977
2016-11-25,8.406206131,11.22999954
2016-11-28,8.436148643,11.27000046
2016-11-29,8.436148643,11.27000046
2016-11-30,8.416660309,11.22999954
2016-12-01,8.394182205,11.19999981
2016-12-02,8.42415905,11.23999977
2016-12-05,8.416660309,11.22999954
2016-12-06,8.42415905,11.23999977
2016-12-07,8.439143181,11.26000023
2016-12-08,8.42415905,11.23999977
2016-12-09,8.401674271,11.21000004
2016-12-12,8.401674271,11.21000004
2016-12-13,8.401674271,11.21000004
2016-12-14,8.34171772,11.13000011
2016-12-15,8.31923008,11.10000038
2016-12-16,8.334217072,11.11999989
2016-12-19,8.356702805,11.14999962
2016-12-20,8.3492136,11.14000034
2016-12-21,8.356702805,11.14999962
2016-12-22,8.3492136,11.14000034
2016-12-23,8.35602951,11.02999973
2016-12-27,8.348450661,11.02000046
2016-12-28,8.371182442,11.05000019
2016-12-29,8.386329651,11.06999969
2016-12-30,8.412120819,11.09000015
2017-01-03,8.412120819,11.09000015
2017-01-04,8.412120819,11.09000015
2017-01-05,8.450051308,11.14000034
2017-01-06,8.419711113,11.10000038
2017-01-09,8.442466736,11.13000011
2017-01-10,8.442466736,11.13000011
2017-01-11,8.442466736,11.13000011
2017-01-12,8.450051308,11.14000034
2017-01-13,8.434879303,11.11999989
2017-01-17,8.465220451,11.15999985
2017-01-18,8.419711113,11.10000038
2017-01-19,8.404532433,11.07999992
2017-01-20,8.412120819,11.09000015
2017-01-23,8.442466736,11.13000011
2017-01-24,8.419711113,11.10000038
2017-01-25,8.396949768,11.06999969
2017-01-26,8.404532433,11.07999992
2017-01-27,8.412120819,11.09000015
2017-01-30,8.412120819,11.09000015
2017-01-31,8.43794632,11.10999966
2017-02-01,8.430346489,11.10000038
2017-02-02,8.430346489,11.10000038
2017-02-03,8.430346489,11.10000038
2017-02-06,8.460733414,11.14000034
2017-02-07,8.46832943,11.14999962
2017-02-08,8.483511925,11.17000008
2017-02-09,8.460733414,11.14000034
2017-02-10,8.453138351,11.13000011
2017-02-13,8.445540428,11.11999989
2017-02-14,8.41516304,11.07999992
2017-02-15,8.407566071,11.06999969
2017-02-16,8.430346489,11.10000038
2017-02-17,8.445540428,11.11999989
2017-02-21,8.445540428,11.11999989
2017-02-22,8.453138351,11.13000011
2017-02-23,8.46832943,11.14999962
2017-02-24,8.491107941,11.18000031
2017-02-27,8.46832943,11.14999962
2017-02-28,8.471365929,11.14000034
2017-03-01,8.433339119,11.09000015
2017-03-02,8.418134689,11.06999969
2017-03-03,8.418134689,11.06999969
2017-03-06,8.418134689,11.06999969
2017-03-07,8.402927399,11.05000019
2017-03-08,8.387713432,11.02999973
2017-03-09,8.372507095,11.01000023
2017-03-10,8.38011837,11.02000046
2017-03-13,8.372507095,11.01000023
2017-03-14,8.372507095,11.01000023
2017-03-15,8.425737381,11.07999992
2017-03-16,8.410532951,11.06000042
2017-03-17,8.425737381,11.07999992
2017-03-20,8.433339119,11.09000015
2017-03-21,8.456159592,11.11999989
2017-03-22,8.463763237,11.13000011
2017-03-23,8.456159592,11.11999989
2017-03-24,8.456159592,11.11999989
2017-03-27,8.471365929,11.14000034
2017-03-28,8.448553085,11.10999966
2017-03-29,8.471365929,11.14000034
2017-03-30,8.456159592,11.11999989
2017-03-31,8.476719856,11.13000011
2017-04-03,8.507185936,11.17000008
2017-04-04,8.499573708,11.15999985
2017-04-05,8.514800072,11.18000031
2017-04-06,8.507185936,11.17000008
2017-04-07,8.484341621,11.14000034
2017-04-10,8.491959572,11.14999962
2017-04-11,8.522418976,11.18999958
2017-04-12,8.537648201,11.21000004
2017-04-13,8.552884102,11.22999954
2017-04-17,8.545266151,11.22000027
2017-04-18,8.575728416,11.26000023
2017-04-19,8.560497284,11.23999977
2017-04-20,8.545266151,11.22000027
2017-04-21,8.552884102,11.22999954
2017-04-24,8.537648201,11.21000004
2017-04-25,8.507185936,11.17000008
2017-04-26,8.522418976,11.18999958
2017-04-27,8.530032158,11.19999981
2017-04-28,8.542238235,11.19999981
2017-05-01,8.534612656,11.18999958
2017-05-02,8.549860954,11.21000004
2017-05-03,8.526979446,11.18000031
2017-05-04,8.511730194,11.15999985
2017-05-05,8.519356728,11.17000008
2017-05-08,8.504105568,11.14999962
2017-05-09,8.496477127,11.14000034
2017-05-10,8.496477127,11.14000034
2017-05-11,8.504105568,11.14999962
2017-05-12,8.526979446,11.18000031
2017-05-15,8.526979446,11.18000031
2017-05-16,8.526979446,11.18000031
2017-05-17,8.572745323,11.23999977
2017-05-18,8.56511879,11.22999954
2017-05-19,8.56511879,11.22999954
2017-05-22,8.557490349,11.22000027
2017-05-23,8.542238235,11.19999981
2017-05-24,8.557490349,11.22000027
2017-05-25,8.557490349,11.22000027
2017-05-26,8.557490349,11.22000027
2017-05-30,8.572745323,11.23999977
2017-05-31,8.59260273,11.25
2017-06-01,8.58496666,11.23999977
2017-06-02,8.607876778,11.27000046
2017-06-05,8.600237846,11.26000023
2017-06-06,8.61551857,11.27999973
2017-06-07,8.600237846,11.26000023
2017-06-08,8.59260273,11.25
2017-06-09,8.58496666,11.23999977
2017-06-12,8.58496666,11.23999977
2017-06-13,8.58496666,11.23999977
2017-06-14,8.607876778,11.27000046
2017-06-15,8.59260273,11.25
2017-06-16,8.600237846,11.26000023
2017-06-19,8.577325821,11.22999954
2017-06-20,8.59260273,11.25
2017-06-21,8.59260273,11.25
2017-06-22,8.59260273,11.25
2017-06-23,8.600237846,11.26000023
2017-06-26,8.600237846,11.26000023
2017-06-27,8.569689751,11.22000027
2017-06-28,8.577325821,11.22999954
2017-06-29,8.554413795,11.19999981
2017-06-30,8.552119255,11.18000031
2017-07-03,8.536822319,11.15999985
2017-07-05,8.536822319,11.15999985
2017-07-06,8.529168129,11.14999962
2017-07-07,8.521521568,11.14000034
2017-07-10,8.529168129,11.14999962
2017-07-11,8.544470787,11.17000008
2017-07-12,8.55976963,11.18999958
2017-07-13,8.552119255,11.18000031
2017-07-14,8.55976963,11.18999958
2017-07-17,8.567418098,11.19999981
2017-07-18,8.582718849,11.22000027
2017-07-19,8.582718849,11.22000027
2017-07-20,8.582718849,11.22000027
2017-07-21,8.590363503,11.22999954
2017-07-24,8.582718849,11.22000027
2017-07-25,8.552119255,11.18000031
2017-07-26,8.575066566,11.21000004
2017-07-27,8.575066566,11.21000004
2017-07-28,8.582718849,11.22000027
2017-07-31,8.588079453,11.21000004
2017-08-01,8.60340023,11.22999954
2017-08-02,8.595741272,11.22000027
2017-08-03,8.611059189,11.23999977
2017-08-04,8.595741272,11.22000027
2017-08-07,8.60340023,11.22999954
2017-08-08,8.595741272,11.22000027
2017-08-09,8.60340023,11.22999954
2017-08-10,8.626383781,11.26000023
2017-08-11,8.634041786,11.27000046
2017-08-14,8.618723869,11.25
2017-08-15,8.595741272,11.22000027
2017-08-16,8.611059189,11.23999977
2017-08-17,8.626383781,11.26000023
2017-08-18,8.626383781,11.26000023
2017-08-21,8.634041786,11.27000046
2017-08-22,8.618723869,11.25
2017-08-23,8.634041786,11.27000046
2017-08-24,8.626383781,11.26000023
2017-08-25,8.634041786,11.27000046
2017-08-28,8.641709328,11.27999973
2017-08-29,8.649366379,11.28999996
2017-08-30,8.641709328,11.27999973
2017-08-31,8.662425041,11.28999996
2017-09-01,8.647076607,11.27000046
2017-09-05,8.693115234,11.32999992
2017-09-06,8.677771568,11.31000042
2017-09-07,8.700787544,11.34000015
2017-09-08,8.693115234,11.32999992
2017-09-11,8.662425041,11.28999996
2017-09-12,8.647076607,11.27000046
2017-09-13,8.639408112,11.26000023
2017-09-14,8.639408112,11.26000023
2017-09-15,8.631731987,11.25
2017-09-18,8.616386414,11.22999954
2017-09-19,8.616386414,11.22999954
2017-09-20,8.593366623,11.19999981
2017-09-21,8.593366623,11.19999981
2017-09-22,8.601045609,11.21000004
2017-09-25,8.616386414,11.22999954
2017-09-26,8.608715057,11.22000027
2017-09-27,8.585697174,11.18999958
2017-09-28,8.593366623,11.19999981
2017-09-29,8.590294838,11.18000031
2017-10-02,8.582611084,11.17000008
2017-10-03,8.590294838,11.18000031
2017-10-04,8.590294838,11.18000031
2017-10-05,8.582611084,11.17000008
2017-10-06,8.57492733,11.15999985
2017-10-09,8.582611084,11.17000008
2017-10-10,8.582611084,11.17000008
2017-10-11,8.582611084,11.17000008
2017-10-12,8.590294838,11.18000031
2017-10-13,8.605660439,11.19999981
2017-10-16,8.590294838,11.18000031
2017-10-17,8.582611084,11.17000008
2017-10-18,8.57492733,11.15999985
2017-10-19,8.582611084,11.17000008
2017-10-20,8.55188179,11.13000011
2017-10-23,8.567245483,11.14999962
2017-10-24,8.544198036,11.11999989
2017-10-25,8.544198036,11.11999989
2017-10-26,8.528829575,11.10000038
2017-10-27,8.55188179,11.13000011
2017-10-30,8.567245483,11.14999962
2017-10-31,8.572627068,11.14000034
2017-11-01,8.572627068,11.14000034
2017-11-02,8.580330849,11.14999962
2017-11-03,8.588023186,11.15999985
2017-11-06,8.588023186,11.15999985
2017-11-07,8.588023186,11.15999985
2017-11-08,8.580330849,11.14999962
2017-11-09,8.580330849,11.14999962
2017-11-10,8.557239532,11.11999989
2017-11-13,8.549542427,11.10999966
2017-11-14,8.557239532,11.11999989
2017-11-15,8.572627068,11.14000034
2017-11-16,8.557239532,11.11999989
2017-11-17,8.564935684,11.13000011
2017-11-20,8.549542427,11.10999966
2017-11-21,8.541849136,11.10000038
2017-11-22,8.564935684,11.13000011
2017-11-24,8.557239532,11.11999989
2017-11-27,8.564935684,11.13000011
2017-11-28,8.564935684,11.13000011
2017-11-29,8.549542427,11.10999966
2017-11-30,8.539525032,11.07999992
2017-12-01,8.554945946,11.10000038
2017-12-04,8.547231674,11.09000015
2017-12-05,8.547231674,11.09000015
2017-12-06,8.562651634,11.10999966
2017-12-07,8.554945946,11.10000038
2017-12-08,8.547231674,11.09000015
2017-12-11,8.539525032,11.07999992
2017-12-12,8.539525032,11.07999992
2017-12-13,8.562651634,11.10999966
2017-12-14,8.554945946,11.10000038
2017-12-15,8.547231674,11.09000015
2017-12-18,8.539525032,11.07999992
2017-12-19,8.516404152,11.05000019
2017-12-20,8.500991821,11.02999973
2017-12-21,8.500991821,11.02999973
2017-12-22,8.500991821,11.02999973
2017-12-26,8.508694649,11.03999996
2017-12-27,8.531815529,11.06999969
2017-12-28,8.516404152,11.05000019
2017-12-29,8.545742035,11.06999969
2018-01-02,8.522580147,11.03999996
2018-01-03,8.530303955,11.05000019
2018-01-04,8.522580147,11.03999996
2018-01-05,8.514861107,11.02999973
2018-01-08,8.507139206,11.02000046
2018-01-09,8.49170208,11
2018-01-10,8.49170208,11
2018-01-11,8.49170208,11
2018-01-12,8.483980179,10.98999977
2018-01-16,8.483980179,10.98999977
2018-01-17,8.468542099,10.97000027
2018-01-18,8.453100204,10.94999981
2018-01-19,8.437664032,10.93000031
2018-01-22,8.437664032,10.93000031
2018-01-23,8.453100204,10.94999981
2018-01-24,8.437664032,10.93000031
2018-01-25,8.453100204,10.94999981
2018-01-26,8.429944038,10.92000008
2018-01-29,8.414498329,10.89999962
2018-01-30,8.406785965,10.89000034
2018-01-31,8.412968636,10.88000011
2018-02-01,8.389772415,10.85000038
2018-02-02,8.37430954,10.82999992
2018-02-05,8.42842865,10.89999962
2018-02-06,8.39750576,10.85999966
2018-02-07,8.382040024,10.84000015
2018-02-08,8.389772415,10.85000038
2018-02-09,8.389772415,10.85000038
2018-02-12,8.382040024,10.84000015
2018-02-13,8.389772415,10.85000038
2018-02-14,8.351111412,10.80000019
2018-02-15,8.351111412,10.80000019
2018-02-16,8.358841896,10.81000042
2018-02-20,8.358841896,10.81000042
2018-02-21,8.335646629,10.77999973
2018-02-22,8.351111412,10.80000019
2018-02-23,8.366576195,10.81999969
2018-02-26,8.37430954,10.82999992
2018-02-27,8.351111412,10.80000019
2018-02-28,8.372018814,10.81000042
2018-03-01,8.402999878,10.85000038
2018-03-02,8.37976265,10.81999969
2018-03-05,8.372018814,10.81000042
2018-03-06,8.372018814,10.81000042
2018-03-07,8.372018814,10.81000042
2018-03-08,8.37976265,10.81999969
2018-03-09,8.372018814,10.81000042
2018-03-12,8.37976265,10.81999969
2018-03-13,8.387517929,10.82999992
2018-03-14,8.395256042,10.84000015
2018-03-15,8.395256042,10.84000015
2018-03-16,8.387517929,10.82999992
2018-03-19,8.37976265,10.81999969
2018-03-20,8.364275932,10.80000019
2018-03-21,8.372018814,10.81000042
2018-03-22,8.395256042,10.84000015
2018-03-23,8.402999878,10.85000038
2018-03-26,8.387517929,10.82999992
2018-03-27,8.418488503,10.86999989
2018-03-28,8.410744667,10.85999966
2018-03-29,8.434800148,10.86999989
2018-04-02,8.442554474,10.88000011
2018-04-03,8.419281006,10.85000038
2018-04-04,8.419281006,10.85000038
2018-04-05,8.403759956,10.82999992
2018-04-06,8.427039146,10.85999966
2018-04-09,8.427039146,10.85999966
2018-04-10,8.419281006,10.85000038
2018-04-11,8.419281006,10.85000038
2018-04-12,8.395998001,10.81999969
2018-04-13,8.403759956,10.82999992
2018-04-16,8.395998001,10.81999969
2018-04-17,8.395998001,10.81999969
2018-04-18,8.372723579,10.78999996
2018-04-19,8.364959717,10.77999973
2018-04-20,8.341686249,10.75
2018-04-23,8.33392334,10.73999977
2018-04-24,8.33392334,10.73999977
2018-04-25,8.318408012,10.72000027
2018-04-26,8.33392334,10.73999977
2018-04-27,8.341686249,10.75
2018-04-30,8.35723114,10.75
2018-05-01,8.349455833,10.73999977
2018-05-02,8.35723114,10.75
2018-05-03,8.365004539,10.76000023
2018-05-04,8.365004539,10.76000023
2018-05-07,8.365004539,10.76000023
2018-05-08,8.35723114,10.75
2018-05-09,8.341683388,10.72999954
2018-05-10,8.349455833,10.73999977
2018-05-11,8.349455833,10.73999977
2018-05-14,8.333912849,10.72000027
2018-05-15,8.310588837,10.68999958
2018-05-16,8.295039177,10.67000008
2018-05-17,8.295039177,10.67000008
2018-05-18,8.318359375,10.69999981
2018-05-21,8.318359375,10.69999981
2018-05-22,8.318359375,10.69999981
2018-05-23,8.341683388,10.72999954
2018-05-24,8.349455833,10.73999977
2018-05-25,8.372778893,10.77000046
2018-05-29,8.434972763,10.85000038
2018-05-30,8.411644936,10.81999969
2018-05-31,8.420221329,10.81000042
2018-06-01,8.39685154,10.77999973
2018-06-04,8.373483658,10.75
2018-06-05,8.389060974,10.77000046
2018-06-06,8.373483658,10.75
2018-06-07,8.389060974,10.77000046
2018-06-08,8.38127327,10.76000023
2018-06-11,8.373483658,10.75
2018-06-12,8.373483658,10.75
2018-06-13,8.365694046,10.73999977
2018-06-14,8.373483658,10.75
2018-06-15,8.38127327,10.76000023
2018-06-18,8.38127327,10.76000023
2018-06-19,8.39685154,10.77999973
2018-06-20,8.38127327,10.76000023
2018-06-21,8.389060974,10.77000046
2018-06-22,8.389060974,10.77000046
2018-06-25,8.39685154,10.77999973
2018-06-26,8.404634476,10.78999996
2018-06-27,8.420221329,10.81000042
2018-06-28,8.420221329,10.81000042
2018-06-29,8.428804398,10.80000019
2018-07-02,8.421005249,10.78999996
2018-07-03,8.428804398,10.80000019
2018-07-05,8.428804398,10.80000019
2018-07-06,8.436609268,10.81000042
2018-07-09,8.421005249,10.78999996
2018-07-10,8.413196564,10.77999973
2018-07-11,8.421005249,10.78999996
2018-07-12,8.421005249,10.78999996
2018-07-13,8.428804398,10.80000019
2018-07-16,8.421005249,10.78999996
2018-07-17,8.413196564,10.77999973
2018-07-18,8.413196564,10.77999973
2018-07-19,8.428804398,10.80000019
2018-07-20,8.413196564,10.77999973
2018-07-23,8.389780998,10.75
2018-07-24,8.389780998,10.75
2018-07-25,8.381976128,10.73999977
2018-07-26,8.374174118,10.72999954
2018-07-27,8.381976128,10.73999977
2018-07-30,8.374174118,10.72999954
2018-07-31,8.399197578,10.73999977
2018-08-01,8.383558273,10.72000027
2018-08-02,8.391377449,10.72999954
2018-08-03,8.407018661,10.75
2018-08-06,8.41484642,10.76000023
2018-08-07,8.399197578,10.73999977
2018-08-08,8.399197578,10.73999977
2018-08-09,8.41484642,10.76000023
2018-08-10,8.438305855,10.78999996
2018-08-13,8.438305855,10.78999996
2018-08-14,8.43047905,10.77999973
2018-08-15,8.446124077,10.80000019
2018-08-16,8.446124077,10.80000019
2018-08-17,8.446124077,10.80000019
2018-08-20,8.461764336,10.81999969
2018-08-21,8.453944206,10.81000042
2018-08-22,8.461764336,10.81999969
2018-08-23,8.461764336,10.81999969
2018-08-24,8.461764336,10.81999969
2018-08-27,8.446124077,10.80000019
2018-08-28,8.43047905,10.77999973
2018-08-29,8.43047905,10.77999973
2018-08-30,8.438305855,10.78999996
2018-08-31,8.464165688,10.80000019
2018-09-04,8.448488235,10.77999973
2018-09-05,8.448488235,10.77999973
2018-09-06,8.456330299,10.78999996
2018-09-07,8.432818413,10.76000023
2018-09-10,8.432818413,10.76000023
2018-09-11,8.409303665,10.72999954
2018-09-12,8.417140007,10.73999977
2018-09-13,8.409303665,10.72999954
2018-09-14,8.401465416,10.72000027
2018-09-17,8.401465416,10.72000027
2018-09-18,8.385793686,10.69999981
2018-09-19,8.370118141,10.68000031
2018-09-20,8.370118141,10.68000031
2018-09-21,8.377951622,10.68999958
2018-09-24,8.370118141,10.68000031
2018-09-25,8.362277985,10.67000008
2018-09-26,8.377951622,10.68999958
2018-09-27,8.377951622,10.68999958
2018-09-28,8.39522934,10.68999958
2018-10-01,8.3873806,10.68000031
2018-10-02,8.403086662,10.69999981
2018-10-03,8.363818169,10.64999962
2018-10-04,8.348110199,10.63000011
2018-10-05,8.332408905,10.60999966
2018-10-08,8.332408905,10.60999966
2018-10-09,8.340257645,10.61999989
2018-10-10,8.348110199,10.63000011
2018-10-11,8.363818169,10.64999962
2018-10-12,8.355960846,10.64000034
2018-10-15,8.363818169,10.64999962
2018-10-16,8.355960846,10.64000034
2018-10-17,8.340257645,10.61999989
2018-10-18,8.355960846,10.64000034
2018-10-19,8.348110199,10.63000011
2018-10-22,8.348110199,10.63000011
2018-10-23,8.363818169,10.64999962
2018-10-24,8.39522934,10.68999958
2018-10-25,8.371666908,10.65999985
2018-10-26,8.403086662,10.69999981
2018-10-29,8.403086662,10.69999981
2018-10-30,8.3873806,10.68000031
2018-10-31,8.389739037,10.65999985
2018-11-01,8.397609711,10.67000008
2018-11-02,8.366127014,10.63000011
2018-11-05,8.366127014,10.63000011
2018-11-06,8.358262062,10.61999989
2018-11-07,8.358262062,10.61999989
2018-11-08,8.342518806,10.60000038
2018-11-09,8.366127014,10.63000011
2018-11-12,8.381869316,10.64999962
2018-11-13,8.389739037,10.65999985
2018-11-14,8.405477524,10.68000031
2018-11-15,8.405477524,10.68000031
2018-11-16,8.429089546,10.71000004
2018-11-19,8.436961174,10.72000027
2018-11-20,8.429089546,10.71000004
2018-11-21,8.429089546,10.71000004
2018-11-23,8.429089546,10.71000004
2018-11-26,8.421216965,10.69999981
2018-11-27,8.429089546,10.71000004
2018-11-28,8.429089546,10.71000004
2018-11-29,8.444829941,10.72999954
2018-11-30,8.470856667,10.73999977
2018-12-03,8.478745461,10.75
2018-12-04,8.494524002,10.77000046
2018-12-06,8.510297775,10.78999996
2018-12-07,8.526069641,10.81000042
2018-12-10,8.526069641,10.81000042
2018-12-11,8.510297775,10.78999996
2018-12-12,8.502407074,10.77999973
2018-12-13,8.502407074,10.77999973
2018-12-14,8.518183708,10.80000019
2018-12-17,8.53395462,10.81999969
2018-12-18,8.541847229,10.82999992
2018-12-19,8.557618141,10.85000038
2018-12-20,8.549729347,10.84000015
2018-12-21,8.557618141,10.85000038
2018-12-24,8.573394775,10.86999989
2018-12-26,8.541847229,10.82999992
2018-12-27,8.565504074,10.85999966
2018-12-28,8.59705162,10.89999962
2018-12-31,8.63183403,10.92000008
2019-01-02,8.639740944,10.93000031
2019-01-03,8.69507122,11
2019-01-04,8.639740944,10.93000031
2019-01-07,8.623929024,10.90999985
2019-01-08,8.608119011,10.89000034
2019-01-09,8.616025925,10.89999962
2019-01-10,8.608119011,10.89000034
2019-01-11,8.623929024,10.90999985
2019-01-14,8.623929024,10.90999985
2019-01-15,8.616025925,10.89999962
2019-01-16,8.616025925,10.89999962
2019-01-17,8.600216866,10.88000011
2019-01-18,8.584403038,10.85999966
2019-01-22,8.600216866,10.88000011
2019-01-23,8.600216866,10.88000011
2019-01-24,8.616025925,10.89999962
2019-01-25,8.600216866,10.88000011
2019-01-28,8.600216866,10.88000011
2019-01-29,8.616025925,10.89999962
2019-01-30,8.639740944,10.93000031
2019-01-31,8.682522774,10.96000004
2019-02-01,8.65083313,10.92000008
2019-02-04,8.634986877,10.89999962
2019-02-05,8.65083313,10.92000008
2019-02-06,8.65083313,10.92000008
2019-02-07,8.666671753,10.93999958
2019-02-08,8.674596786,10.94999981
2019-02-11,8.666671753,10.93999958
2019-02-12,8.658751488,10.93000031
2019-02-13,8.642907143,10.90999985
2019-02-14,8.666671753,10.93999958
2019-02-15,8.658751488,10.93000031
2019-02-19,8.674596786,10.94999981
2019-02-20,8.666671753,10.93999958
2019-02-21,8.65083313,10.92000008
2019-02-22,8.666671753,10.93999958
2019-02-25,8.666671753,10.93999958
2019-02-26,8.674596786,10.94999981
2019-02-27,8.658751488,10.93000031
2019-02-28,8.659543037,10.90999985
2019-03-01,8.643671036,10.89000034
2019-03-04,8.659543037,10.90999985
2019-03-05,8.659543037,10.90999985
2019-03-06,8.675418854,10.93000031
2019-03-07,8.691296577,10.94999981
2019-03-08,8.699235916,10.96000004
2019-03-11,8.699235916,10.96000004
2019-03-12,8.715106964,10.97999954
2019-03-13,8.70717144,10.97000027
2019-03-14,8.70717144,10.97000027
2019-03-15,8.723042488,10.98999977
2019-03-18,8.715106964,10.97999954
2019-03-19,8.70717144,10.97000027
2019-03-20,8.746852875,11.02000046
2019-03-21,8.746852875,11.02000046
2019-03-22,8.786541939,11.06999969
2019-03-25,8.802414894,11.09000015
2019-03-26,8.802414894,11.09000015
2019-03-27,8.818285942,11.10999966
2019-03-28,8.810344696,11.10000038
2019-03-29,8.813532829,11.07999992
2019-04-01,8.781716347,11.03999996
2019-04-02,8.789665222,11.05000019
2019-04-03,8.773763657,11.02999973
2019-04-04,8.781716347,11.03999996
2019-04-05,8.781716347,11.03999996
2019-04-08,8.773763657,11.02999973
2019-04-09,8.781716347,11.03999996
2019-04-10,8.797627449,11.06000042
2019-04-11,8.781716347,11.03999996
2019-04-12,8.749900818,11
2019-04-15,8.757854462,11.01000023
2019-04-16,8.733990669,10.97999954
2019-04-17,8.733990669,10.97999954
2019-04-18,8.749900818,11
2019-04-22,8.741943359,10.98999977
2019-04-23,8.757854462,11.01000023
2019-04-24,8.781716347,11.03999996
2019-04-25,8.773763657,11.02999973
2019-04-26,8.789665222,11.05000019
2019-04-29,8.773763657,11.02999973
2019-04-30,8.809642792,11.05000019
2019-05-01,8.801665306,11.03999996
2019-05-02,8.785723686,11.02000046
2019-05-03,8.793688774,11.02999973
2019-05-06,8.801665306,11.03999996
2019-05-07,8.825581551,11.06999969
2019-05-08,8.809642792,11.05000019
2019-05-09,8.825581551,11.06999969
2019-05-10,8.817613602,11.06000042
2019-05-13,8.857475281,11.10999966
2019-05-14,8.84950161,11.10000038
2019-05-15,8.865445137,11.11999989
2019-05-16,8.857475281,11.10999966
2019-05-17,8.857475281,11.10999966
2019-05-20,8.841531754,11.09000015
2019-05-21,8.833559036,11.07999992
2019-05-22,8.84950161,11.10000038
2019-05-23,8.889367104,11.14999962
2019-05-24,8.881387711,11.14000034
2019-05-28,8.90530777,11.17000008
2019-05-29,8.90530777,11.17000008
2019-05-30,8.921257019,11.18999958
2019-05-31,8.990781784,11.25
2019-06-03,9.022751808,11.28999996
2019-06-04,9.006763458,11.27000046
2019-06-05,9.006763458,11.27000046
2019-06-06,8.998776436,11.26000023
2019-06-07,9.022751808,11.28999996
2019-06-10,8.990781784,11.25
2019-06-11,8.990781784,11.25
2019-06-12,9.006763458,11.27000046
2019-06-13,9.022751808,11.28999996
2019-06-14,9.022751808,11.28999996
2019-06-17,9.01475811,11.27999973
2019-06-18,9.030741692,11.30000019
2019-06-19,9.054720879,11.32999992
2019-06-20,9.062712669,11.34000015
2019-06-21,9.038737297,11.31000042
2019-06-24,9.062712669,11.34000015
2019-06-25,9.070702553,11.35000038
2019-06-26,9.038737297,11.31000042
2019-06-27,9.054720879,11.32999992
2019-06-28,9.082749367,11.34000015
2019-07-01,9.066729546,11.31999969
2019-07-02,9.090759277,11.35000038
2019-07-03,9.090759277,11.35000038
2019-07-05,9.050712585,11.30000019
2019-07-08,9.042703629,11.28999996
2019-07-09,9.034695625,11.27999973
2019-07-10,9.050712585,11.30000019
2019-07-11,9.018675804,11.26000023
2019-07-12,9.026682854,11.27000046
2019-07-15,9.042703629,11.28999996
2019-07-16,9.026682854,11.27000046
2019-07-17,9.050712585,11.30000019
2019-07-18,9.07474041,11.32999992
2019-07-19,9.058727264,11.31000042
2019-07-22,9.058727264,11.31000042
2019-07-23,9.050712585,11.30000019
2019-07-24,9.050712585,11.30000019
2019-07-25,9.042703629,11.28999996
2019-07-26,9.034695625,11.27999973
2019-07-29,9.042703629,11.28999996
2019-07-30,9.042703629,11.28999996
2019-07-31,9.068384171,11.30000019
2019-08-01,9.140609741,11.39000034
2019-08-02,9.148633003,11.39999962
2019-08-05,9.204811096,11.47000027
2019-08-06,9.21284008,11.47999954
2019-08-07,9.21284008,11.47999954
2019-08-08,9.21284008,11.47999954
2019-08-09,9.196789742,11.46000004
2019-08-12,9.236909866,11.51000023
2019-08-13,9.204811096,11.47000027
2019-08-14,9.236909866,11.51000023
2019-08-15,9.277039528,11.56000042
2019-08-16,9.269011497,11.55000019
2019-08-19,9.236909866,11.51000023
2019-08-20,9.260986328,11.53999996
2019-08-21,9.244935036,11.52000046
2019-08-22,9.228886604,11.5
2019-08-23,9.269011497,11.55000019
2019-08-26,9.260986328,11.53999996
2019-08-27,9.28506279,11.56999969
2019-08-28,9.293084145,11.57999992
2019-08-29,9.277039528,11.56000042
2019-08-30,9.293112755,11.56000042
2019-09-03,9.309193611,11.57999992
2019-09-04,9.325270653,11.60000038
2019-09-05,9.268995285,11.52999973
2019-09-06,9.268995285,11.52999973
2019-09-09,9.236837387,11.48999977
2019-09-10,9.188606262,11.43000031
2019-09-11,9.180568695,11.42000008
2019-09-12,9.164489746,11.39999962
2019-09-13,9.108216286,11.32999992
2019-09-16,9.140377998,11.36999989
2019-09-17,9.148409843,11.38000011
2019-09-18,9.148409843,11.38000011
2019-09-19,9.148409843,11.38000011
2019-09-20,9.180568695,11.42000008
2019-09-23,9.196645737,11.43999958
2019-09-24,9.228800774,11.47999954
2019-09-25,9.180568695,11.42000008
2019-09-26,9.196645737,11.43999958
2019-09-27,9.204681396,11.44999981
2019-09-30,9.228845596,11.46000004
2019-10-01,9.253005028,11.48999977
2019-10-02,9.277164459,11.52000046
2019-10-03,9.317425728,11.56999969
2019-10-04,9.317425728,11.56999969
2019-10-07,9.293272018,11.53999996
2019-10-08,9.309373856,11.56000042
2019-10-09,9.293272018,11.53999996
2019-10-10,9.253005028,11.48999977
2019-10-11,9.20468235,11.43000031
2019-10-14,9.22079277,11.44999981
2019-10-15,9.188578606,11.40999985
2019-10-16,9.20468235,11.43000031
2019-10-17,9.20468235,11.43000031
2019-10-18,9.212739944,11.43999958
2019-10-21,9.188578606,11.40999985
2019-10-22,9.196630478,11.42000008
2019-10-23,9.196630478,11.42000008
2019-10-24,9.196630478,11.42000008
2019-10-25,9.180522919,11.39999962
2019-10-28,9.164419174,11.38000011
2019-10-29,9.164419174,11.38000011
2019-10-30,9.188578606,11.40999985
2019-10-31,9.244235992,11.46000004
2019-11-01,9.236171722,11.44999981
2019-11-04,9.203905106,11.40999985
2019-11-05,9.171638489,11.36999989
2019-11-06,9.187771797,11.39000034
2019-11-07,9.139371872,11.32999992
2019-11-08,9.131307602,11.31999969
2019-11-11,9.131307602,11.31999969
2019-11-12,9.139371872,11.32999992
2019-11-13,9.155506134,11.35000038
2019-11-14,9.187771797,11.39000034
2019-11-15,9.179704666,11.38000011
2019-11-18,9.187771797,11.39000034
2019-11-19,9.195837975,11.39999962
2019-11-20,9.22003746,11.43000031
2019-11-21,9.203905106,11.40999985
2019-11-22,9.203905106,11.40999985
2019-11-25,9.203905106,11.40999985
2019-11-26,9.211969376,11.42000008
2019-11-27,9.195837975,11.39999962
2019-11-29,9.210383415,11.39999962
2019-12-02,9.194223404,11.38000011
2019-12-03,9.242699623,11.43999958
2019-12-04,9.218461037,11.40999985
2019-12-05,9.202305794,11.39000034
2019-12-06,9.186145782,11.36999989
2019-12-09,9.186145782,11.36999989
2019-12-10,9.178061485,11.35999966
2019-12-11,9.202305794,11.39000034
2019-12-12,9.15382576,11.32999992
2019-12-13,9.194223404,11.38000011
2019-12-16,9.161906242,11.34000015
2019-12-17,9.161906242,11.34000015
2019-12-18,9.15382576,11.32999992
2019-12-19,9.15382576,11.32999992
2019-12-20,9.15382576,11.32999992
2019-12-23,9.145747185,11.31999969
2019-12-24,9.15382576,11.32999992
2019-12-26,9.161906242,11.34000015
2019-12-27,9.178061485,11.35999966
2019-12-30,9.178061485,11.35999966
2019-12-31,9.176445961,11.34000015
2020-01-02,9.19262886,11.35999966
2020-01-03,9.233090401,11.40999985
2020-01-06,9.225000381,11.39999962
2020-01-07,9.216909409,11.39000034
2020-01-08,9.208813667,11.38000011
2020-01-09,9.208813667,11.38000011
2020-01-10,9.216909409,11.39000034
2020-01-13,9.208813667,11.38000011
2020-01-14,9.216909409,11.39000034
2020-01-15,9.233090401,11.40999985
2020-01-16,9.225000381,11.39999962
2020-01-17,9.216909409,11.39000034
2020-01-21,9.241181374,11.42000008
2020-01-22,9.241181374,11.42000008
2020-01-23,9.257367134,11.43999958
2020-01-24,9.273550034,11.46000004
2020-01-27,9.314015388,11.51000023
2020-01-28,9.297827721,11.48999977
2020-01-29,9.322104454,11.52000046
2020-01-30,9.330197334,11.52999973
2020-01-31,9.377200127,11.56999969
2020-02-03,9.369096756,11.56000042
2020-02-04,9.328579903,11.51000023
2020-02-05,9.3042593,11.47999954
2020-02-06,9.3042593,11.47999954
2020-02-07,9.336681366,11.52000046
2020-02-10,9.344784737,11.52999973
2020-02-11,9.328579903,11.51000023
2020-02-12,9.320473671,11.5
2020-02-13,9.320473671,11.5
2020-02-14,9.328579903,11.51000023
2020-02-18,9.344784737,11.52999973
2020-02-19,9.336681366,11.52000046
2020-02-20,9.360993385,11.55000019
2020-02-21,9.385308266,11.57999992
2020-02-24,9.433939934,11.64000034
2020-02-25,9.458249092,11.67000008
2020-02-26,9.450143814,11.65999985
2020-02-27,9.482563972,11.69999981
2020-02-28,9.576711655,11.80000019
2020-03-02,9.568592072,11.78999996
2020-03-03,9.657866478,11.89999962
2020-03-04,9.641634941,11.88000011
2020-03-05,9.690330505,11.93999958
2020-03-06,9.730913162,11.98999977
2020-03-09,9.771492004,12.03999996
2020-03-10,9.682213783,11.93000031
2020-03-11,9.657866478,11.89999962
2020-03-12,9.665984154,11.90999985
2020-03-13,9.60916996,11.84000015
2020-03-16,9.730913162,11.98999977
2020-03-17,9.601058006,11.82999992
2020-03-18,9.536131859,11.75
2020-03-19,9.55236721,11.77000046
2020-03-20,9.690330505,11.93999958
2020-03-23,9.771492004,12.03999996
2020-03-24,9.730913162,11.98999977
2020-03-25,9.73902607,12
2020-03-26,9.755260468,12.02000046
2020-03-27,9.803954124,12.07999992
2020-03-30,9.795840263,12.06999969
2020-03-31,9.794216156,12.05000019
2020-04-01,9.802342415,12.06000042
2020-04-02,9.810466766,12.06999969
2020-04-03,9.810466766,12.06999969
2020-04-06,9.786088943,12.03999996
2020-04-07,9.769827843,12.02000046
2020-04-08,9.769827843,12.02000046
2020-04-09,9.794216156,12.05000019
2020-04-13,9.777955055,12.02999973
2020-04-14,9.794216156,12.05000019
2020-04-15,9.834853172,12.10000038
2020-04-16,9.834853172,12.10000038
2020-04-17,9.826724052,12.09000015
2020-04-20,9.834853172,12.10000038
2020-04-21,9.851106644,12.11999989
2020-04-22,9.834853172,12.10000038
2020-04-23,9.834853172,12.10000038
2020-04-24,9.834853172,12.10000038
2020-04-27,9.810466766,12.06999969
2020-04-28,9.834853172,12.10000038
2020-04-29,9.834853172,12.10000038
2020-04-30,9.839737892,12.09000015
2020-05-01,9.839737892,12.09000015
2020-05-04,9.847874641,12.10000038
2020-05-05,9.839737892,12.09000015
2020-05-06,9.831593513,12.07999992
2020-05-07,9.872289658,12.13000011
2020-05-08,9.856011391,12.10999966
2020-05-11,9.839737892,12.09000015
2020-05-12,9.847874641,12.10000038
2020-05-13,9.864151955,12.11999989
2020-05-14,9.864151955,12.11999989
2020-05-15,9.864151955,12.11999989
2020-05-18,9.831593513,12.07999992
2020-05-19,9.847874641,12.10000038
2020-05-20,9.856011391,12.10999966
2020-05-21,9.856011391,12.10999966
2020-05-22,9.864151955,12.11999989
2020-05-26,9.856011391,12.10999966
2020-05-27,9.856011391,12.10999966
2020-05-28,9.856011391,12.10999966
2020-05-29,9.88126564,12.13000011
2020-06-01,9.88126564,12.13000011
2020-06-02,9.873119354,12.11999989
2020-06-03,9.84868145,12.09000015
2020-06-04,9.824241638,12.06000042
2020-06-05,9.799803734,12.02999973
2020-06-08,9.807950974,12.03999996
2020-06-09,9.832389832,12.06999969
2020-06-10,9.873119354,12.11999989
2020-06-11,9.88126564,12.13000011
2020-06-12,9.873119354,12.11999989
2020-06-15,9.864970207,12.10999966
2020-06-16,9.864970207,12.10999966
2020-06-17,9.864970207,12.10999966
2020-06-18,9.873119354,12.11999989
2020-06-19,9.88126564,12.13000011
2020-06-22,9.873119354,12.11999989
2020-06-23,9.873119354,12.11999989
2020-06-24,9.88126564,12.13000011
2020-06-25,9.88126564,12.13000011
2020-06-26,9.897561073,12.14999962
2020-06-29,9.905701637,12.15999985
2020-06-30,9.910591125,12.15999985
2020-07-01,9.894300461,12.14000034
2020-07-02,9.910591125,12.15999985
2020-07-06,9.902444839,12.14999962
2020-07-07,9.918747902,12.17000008
2020-07-08,9.910591125,12.15999985
2020-07-09,9.918747902,12.17000008
2020-07-10,9.902444839,12.14999962
2020-07-13,9.910591125,12.15999985
2020-07-14,9.910591125,12.15999985
2020-07-15,9.910591125,12.15999985
2020-07-16,9.918747902,12.17000008
2020-07-17,9.918747902,12.17000008
2020-07-20,9.918747902,12.17000008
2020-07-21,9.926896095,12.18000031
2020-07-22,9.926896095,12.18000031
2020-07-23,9.926896095,12.18000031
2020-07-24,9.926896095,12.18000031
2020-07-27,9.918747902,12.17000008
2020-07-28,9.926896095,12.18000031
2020-07-29,9.943194389,12.19999981
2020-07-30,9.951343536,12.21000004
2020-07-31,9.958687782,12.21000004
2020-08-03,9.958687782,12.21000004
2020-08-04,9.974996567,12.22999954
2020-08-05,9.958687782,12.21000004
2020-08-06,9.958687782,12.21000004
2020-08-07,9.950525284,12.19999981
2020-08-10,9.950525284,12.19999981
2020-08-11,9.926063538,12.17000008
2020-08-12,9.917900085,12.15999985
2020-08-13,9.909749031,12.14999962
2020-08-14,9.917900085,12.15999985
2020-08-17,9.926063538,12.17000008
2020-08-18,9.93421936,12.18000031
2020-08-19,9.926063538,12.17000008
2020-08-20,9.93421936,12.18000031
2020-08-21,9.93421936,12.18000031
2020-08-24,9.93421936,12.18000031
2020-08-25,9.917900085,12.15999985
2020-08-26,9.926063538,12.17000008
2020-08-27,9.909749031,12.14999962
2020-08-28,9.926063538,12.17000008
2020-08-31,9.944843292,12.18000031
2020-09-01,9.953004837,12.18999958
2020-09-02,9.953004837,12.18999958
2020-09-03,9.961166382,12.19999981
2020-09-04,9.928506851,12.15999985
2020-09-08,9.944843292,12.18000031
2020-09-09,9.936676979,12.17000008
2020-09-10,9.944843292,12.18000031
2020-09-11,9.953004837,12.18999958
2020-09-14,9.944843292,12.18000031
2020-09-15,9.944843292,12.18000031
2020-09-16,9.944843292,12.18000031
2020-09-17,9.944843292,12.18000031
2020-09-18,9.936676979,12.17000008
2020-09-21,9.944843292,12.18000031
2020-09-22,9.944843292,12.18000031
2020-09-23,9.944843292,12.18000031
2020-09-24,9.944843292,12.18000031
2020-09-25,9.953004837,12.18999958
2020-09-28,9.953004837,12.18999958
2020-09-29,9.953004837,12.18999958
2020-09-30,9.952189445,12.18000031
2020-10-01,9.952189445,12.18000031
2020-10-02,9.952189445,12.18000031
2020-10-05,9.919505119,12.14000034
2020-10-06,9.927677155,12.14999962
2020-10-07,9.911334038,12.13000011
2020-10-08,9.919505119,12.14000034
2020-10-09,9.919505119,12.14000034
2020-10-12,9.919505119,12.14000034
2020-10-13,9.935845375,12.15999985
2020-10-14,9.935845375,12.15999985
2020-10-15,9.935845375,12.15999985
2020-10-16,9.927677155,12.14999962
2020-10-19,9.919505119,12.14000034
2020-10-20,9.911334038,12.13000011
2020-10-21,9.911334038,12.13000011
2020-10-22,9.886820793,12.10000038
2020-10-23,9.89498806,12.10999966
2020-10-26,9.911334038,12.13000011
2020-10-27,9.919505119,12.14000034
2020-10-28,9.919505119,12.14000034
2020-10-29,9.903160095,12.11999989
2020-10-30,9.893352509,12.10000038
2020-11-02,9.90152359,12.10999966
2020-11-03,9.885174751,12.09000015
2020-11-04,9.926059723,12.14000034
2020-11-05,9.926059723,12.14000034
2020-11-06,9.909702301,12.11999989
2020-11-09,9.876994133,12.07999992
2020-11-10,9.860642433,12.06000042
2020-11-11,9.860642433,12.06000042
2020-11-12,9.893352509,12.10000038
2020-11-13,9.885174751,12.09000015
2020-11-16,9.885174751,12.09000015
2020-11-17,9.90152359,12.10999966
2020-11-18,9.893352509,12.10000038
2020-11-19,9.90152359,12.10999966
2020-11-20,9.909702301,12.11999989
2020-11-23,9.90152359,12.10999966
2020-11-24,9.893352509,12.10000038
2020-11-25,9.90152359,12.10999966
2020-11-27,9.909702301,12.11999989
2020-11-30,9.915431023,12.11999989
2020-12-01,9.890886307,12.09000015
2020-12-02,9.882701874,12.07999992
2020-12-03,9.899068832,12.10000038
2020-12-04,9.882701874,12.07999992
2020-12-07,9.899068832,12.10000038
2020-12-08,9.899068832,12.10000038
2020-12-09,9.890886307,12.09000015
2020-12-10,9.907244682,12.10999966
2020-12-11,9.915431023,12.11999989
2020-12-14,9.915431023,12.11999989
2020-12-15,9.915431023,12.11999989
2020-12-16,9.915431023,12.11999989
2020-12-17,9.907244682,12.10999966
2020-12-18,9.907244682,12.10999966
2020-12-21,9.907244682,12.10999966
2020-12-22,9.915431023,12.11999989
2020-12-23,9.907244682,12.10999966
2020-12-24,9.907244682,12.10999966
2020-12-28,9.915431023,12.11999989
2020-12-29,9.914579391,11.68999958
2020-12-30,9.914579391,11.68999958
2020-12-31,9.92900753,11.69999981
2021-01-04,9.92900753,11.69999981
2021-01-05,9.920519829,11.68999958
2021-01-06,9.886581421,11.64999962
2021-01-07,9.869606018,11.63000011
2021-01-08,9.852627754,11.60999966
2021-01-11,9.844148636,11.60000038
2021-01-12,9.844148636,11.60000038
2021-01-13,9.861118317,11.61999989
2021-01-14,9.852627754,11.60999966
2021-01-15,9.869606018,11.63000011
2021-01-19,9.878093719,11.64000034
2021-01-20,9.878093719,11.64000034
2021-01-21,9.869606018,11.63000011
2021-01-22,9.878093719,11.64000034
2021-01-25,9.895065308,11.65999985
2021-01-26,9.895065308,11.65999985
2021-01-27,9.895065308,11.65999985
2021-01-28,9.886581421,11.64999962
2021-01-29,9.883185387,11.64000034
2021-02-01,9.891673088,11.64999962
2021-02-02,9.883185387,11.64000034
2021-02-03,9.874690056,11.63000011
2021-02-04,9.874690056,11.63000011
2021-02-05,9.866199493,11.61999989
2021-02-08,9.866199493,11.61999989
2021-02-09,9.866199493,11.61999989
2021-02-10,9.874690056,11.63000011
2021-02-11,9.874690056,11.63000011
2021-02-12,9.857703209,11.60999966
2021-02-16,9.815256119,11.56000042
2021-02-17,9.823742867,11.56999969
2021-02-18,9.823742867,11.56999969
2021-02-19,9.806765556,11.55000019
2021-02-22,9.798273087,11.53999996
2021-02-23,9.806765556,11.55000019
2021-02-24,9.798273087,11.53999996
2021-02-25,9.696383476,11.42000008
2021-02-26,9.752449989,11.47999954
2021-03-01,9.760950089,11.48999977
2021-03-02,9.786437035,11.52000046
2021-03-03,9.752449989,11.47999954
2021-03-04,9.726968765,11.44999981
2021-03-05,9.718473434,11.43999958
2021-03-08,9.684493065,11.39999962
2021-03-09,9.709979057,11.43000031
2021-03-10,9.718473434,11.43999958
2021-03-11,9.726968765,11.44999981
2021-03-12,9.692987442,11.40999985
2021-03-15,9.701481819,11.42000008
2021-03-16,9.701481819,11.42000008
2021-03-17,9.709979057,11.43000031
2021-03-18,9.675994873,11.39000034
2021-03-19,9.667500496,11.38000011
2021-03-22,9.684493065,11.39999962
2021-03-23,9.701481819,11.42000008
2021-03-24,9.709979057,11.43000031
2021-03-25,9.709979057,11.43000031
2021-03-26,9.701481819,11.42000008
2021-03-29,9.684493065,11.39999962
2021-03-30,9.667500496,11.38000011
2021-03-31,9.66664505,11.35000038
2021-04-01,9.683683395,11.36999989
2021-04-05,9.66664505,11.35000038
2021-04-06,9.692202568,11.38000011
2021-04-07,9.70071888,11.39000034
2021-04-08,9.717750549,11.40999985
2021-04-09,9.70071888,11.39000034
2021-04-12,9.692202568,11.38000011
2021-04-13,9.717750549,11.40999985
2021-04-14,9.717750549,11.40999985
2021-04-15,9.734786034,11.43000031
2021-04-16,9.726268768,11.42000008
2021-04-19,9.726268768,11.42000008
2021-04-20,9.743300438,11.43999958
2021-04-21,9.743300438,11.43999958
2021-04-22,9.743300438,11.43999958
2021-04-23,9.734786034,11.43000031
2021-04-26,9.726268768,11.42000008
2021-04-27,9.717750549,11.40999985
2021-04-28,9.726268768,11.42000008
2021-04-29,9.726268768,11.42000008
2021-04-30,9.736501694,11.42000008
2021-05-03,9.753549576,11.43999958
2021-05-04,9.753549576,11.43999958
2021-05-05,9.762075424,11.44999981
2021-05-06,9.770602226,11.46000004
2021-05-07,9.779129982,11.47000027
2021-05-10,9.770602226,11.46000004
2021-05-11,9.762075424,11.44999981
2021-05-12,9.736501694,11.42000008
2021-05-13,9.753549576,11.43999958
2021-05-14,9.762075424,11.44999981
2021-05-17,9.753549576,11.43999958
2021-05-18,9.762075424,11.44999981
2021-05-19,9.745025635,11.43000031
2021-05-20,9.762075424,11.44999981
2021-05-21,9.762075424,11.44999981
2021-05-24,9.770602226,11.46000004
2021-05-25,9.787650108,11.47999954
2021-05-26,9.779129982,11.47000027
2021-05-27,9.779129982,11.47000027
2021-05-28,9.786808968,11.47000027
2021-06-01,9.77827549,11.46000004
2021-06-02,9.786808968,11.47000027
2021-06-03,9.769745827,11.44999981
2021-06-04,9.795339584,11.47999954
2021-06-07,9.795339584,11.47999954
2021-06-08,9.803874016,11.48999977
2021-06-09,9.81240654,11.5
2021-06-10,9.829470634,11.52000046
2021-06-11,9.820935249,11.51000023
2021-06-14,9.803874016,11.48999977
2021-06-15,9.803874016,11.48999977
2021-06-16,9.752678871,11.43000031
2021-06-17,9.761210442,11.43999958
2021-06-18,9.769745827,11.44999981
2021-06-21,9.761210442,11.43999958
2021-06-22,9.77827549,11.46000004
2021-06-23,9.761210442,11.43999958
2021-06-24,9.761210442,11.43999958
2021-06-25,9.752678871,11.43000031
2021-06-28,9.761210442,11.43999958
2021-06-29,9.769745827,11.44999981
2021-06-30,9.778285027,11.44999981
2021-07-01,9.778285027,11.44999981
2021-07-02,9.795361519,11.47000027
2021-07-06,9.820983887,11.5
2021-07-07,9.829520226,11.51000023
2021-07-08,9.846601486,11.52999973
2021-07-09,9.829520226,11.51000023
2021-07-12,9.820983887,11.5
2021-07-13,9.803901672,11.47999954
2021-07-14,9.820983887,11.5
2021-07-15,9.838064194,11.52000046
2021-07-16,9.838064194,11.52000046
2021-07-19,9.872220039,11.56000042
2021-07-20,9.880756378,11.56999969
2021-07-21,9.846601486,11.52999973
2021-07-22,9.863681793,11.55000019
2021-07-23,9.863681793,11.55000019
2021-07-26,9.855142593,11.53999996
2021-07-27,9.872220039,11.56000042
2021-07-28,9.880756378,11.56999969
2021-07-29,9.863681793,11.55000019
2021-07-30,9.889321327,11.56999969
2021-08-02,9.9064188,11.59000015
2021-08-03,9.914968491,11.60000038
2021-08-04,9.9064188,11.59000015
2021-08-05,9.880772591,11.56000042
2021-08-06,9.846588135,11.52000046
2021-08-09,9.838040352,11.51000023
2021-08-10,9.820943832,11.48999977
2021-08-11,9.829494476,11.5
2021-08-12,9.820943832,11.48999977
2021-08-13,9.846588135,11.52000046
2021-08-16,9.863683701,11.53999996
2021-08-17,9.863683701,11.53999996
2021-08-18,9.855135918,11.52999973
2021-08-19,9.863683701,11.53999996
2021-08-20,9.855135918,11.52999973
2021-08-23,9.863683701,11.53999996
2021-08-24,9.846588135,11.52000046
2021-08-25,9.829494476,11.5
2021-08-26,9.829494476,11.5
2021-08-27,9.846588135,11.52000046
2021-08-30,9.863683701,11.53999996
2021-08-31,9.861973763,11.52999973
2021-09-01,9.861973763,11.52999973
2021-09-02,9.861973763,11.52999973
2021-09-03,9.853420258,11.52000046
2021-09-07,9.836313248,11.5
2021-09-08,9.844866753,11.51000023
2021-09-09,9.861973763,11.52999973
2021-09-10,9.844866753,11.51000023
2021-09-13,9.844866753,11.51000023
2021-09-14,9.861973763,11.52999973
2021-09-15,9.853420258,11.52000046
2021-09-16,9.836313248,11.5
2021-09-17,9.819201469,11.47999954
2021-09-20,9.844866753,11.51000023
2021-09-21,9.836313248,11.5
2021-09-22,9.836313248,11.5
2021-09-23,9.793545723,11.44999981
2021-09-24,9.776435852,11.43000031
2021-09-27,9.759331703,11.40999985
2021-09-28,9.742225647,11.39000034
2021-09-29,9.750779152,11.39999962
2021-09-30,9.766184807,11.40999985
2021-10-01,9.791863441,11.43999958
2021-10-04,9.783304214,11.43000031
2021-10-05,9.766184807,11.40999985
2021-10-06,9.766184807,11.40999985
2021-10-07,9.749069214,11.39000034
2021-10-08,9.731948853,11.36999989
2021-10-11,9.714827538,11.35000038
2021-10-12,9.731948853,11.36999989
2021-10-13,9.731948853,11.36999989
2021-10-14,9.749069214,11.39000034
2021-10-15,9.714827538,11.35000038
2021-10-18,9.697710037,11.32999992
2021-10-19,9.68915081,11.31999969
2021-10-20,9.68915081,11.31999969
2021-10-21,9.663473129,11.28999996
2021-10-22,9.672029495,11.30000019
2021-10-25,9.68915081,11.31999969
2021-10-26,9.68915081,11.31999969
2021-10-27,9.706273079,11.34000015
2021-10-28,9.68915081,11.31999969
2021-10-29,9.696003914,11.31999969
2021-11-01,9.696003914,11.31999969
2021-11-02,9.721699715,11.35000038
2021-11-03,9.704566956,11.32999992
2021-11-04,9.738830566,11.36999989
2021-11-05,9.76452446,11.39999962
2021-11-08,9.73026371,11.35999966
2021-11-09,9.755962372,11.39000034
2021-11-10,9.696003914,11.31999969
2021-11-11,9.670308113,11.28999996
2021-11-12,9.687440872,11.31000042
2021-11-15,9.670308113,11.28999996
2021-11-16,9.661738396,11.27999973
2021-11-17,9.687440872,11.31000042
2021-11-18,9.687440872,11.31000042
2021-11-19,9.696003914,11.31999969
2021-11-22,9.644613266,11.26000023
2021-11-23,9.627480507,11.23999977
2021-11-24,9.636047363,11.25
2021-11-26,9.721699715,11.35000038
2021-11-29,9.713135719,11.34000015
2021-11-30,9.73713398,11.35999966
2021-12-01,9.745703697,11.36999989
2021-12-02,9.719993591,11.34000015
2021-12-03,9.754279137,11.38000011
2021-12-06,9.728562355,11.35000038
2021-12-07,9.702849388,11.31999969
2021-12-08,9.685702324,11.30000019
2021-12-09,9.694278717,11.31000042
2021-12-10,9.702849388,11.31999969
2021-12-13,9.719993591,11.34000015
2021-12-14,9.711418152,11.32999992
2021-12-15,9.702849388,11.31999969
2021-12-16,9.728562355,11.35000038
2021-12-17,9.73713398,11.35999966
2021-12-20,9.73713398,11.35999966
2021-12-21,9.711418152,11.32999992
2021-12-22,9.711418152,11.32999992
2021-12-23,9.702849388,11.31999969
2021-12-27,9.702849388,11.31999969
2021-12-28,9.702849388,11.31999969
2021-12-29,9.677132607,11.28999996
2021-12-30,9.694278717,11.31000042
2021-12-31,9.703716278,11.31000042
2022-01-03,9.652237892,11.25
2022-01-04,9.652237892,11.25
2022-01-05,9.626501083,11.22000027
2022-01-06,9.600755692,11.18999958
2022-01-07,9.583597183,11.17000008
2022-01-10,9.575018883,11.15999985
2022-01-11,9.583597183,11.17000008
2022-01-12,9.592178345,11.18000031
2022-01-13,9.609337807,11.19999981
2022-01-14,9.566437721,11.14999962
2022-01-18,9.514961243,11.09000015
2022-01-19,9.532119751,11.10999966
2022-01-20,9.540703773,11.11999989
2022-01-21,9.566437721,11.14999962
2022-01-24,9.575018883,11.15999985
2022-01-25,9.566437721,11.14999962
2022-01-26,9.514961243,11.09000015
2022-01-27,9.523540497,11.10000038
2022-01-28,9.540703773,11.11999989
2022-01-31,9.549286842,11.11999989
2022-02-01,9.540703773,11.10999966
2022-02-02,9.557870865,11.13000011
2022-02-03,9.532113075,11.10000038
2022-02-04,9.471999168,11.02999973
2022-02-07,9.480587959,11.03999996
2022-02-08,9.454825401,11.01000023
2022-02-09,9.454825401,11.01000023
2022-02-10,9.386123657,10.93000031
2022-02-11,9.454825401,11.01000023
2022-02-14,9.411886215,10.96000004
2022-02-15,9.403299332,10.94999981
2022-02-16,9.411886215,10.96000004
2022-02-17,9.446235657,11
2022-02-18,9.463411331,11.02000046
2022-02-22,9.454825401,11.01000023
2022-02-23,9.437649727,10.98999977
2022-02-24,9.454825401,11.01000023
2022-02-25,9.446235657,11
2022-02-28,9.522727013,11.07999992
2022-03-01,9.591483116,11.15999985
2022-03-02,9.496946335,11.05000019
2022-03-03,9.514135361,11.06999969
2022-03-04,9.57429409,11.14000034
2022-03-07,9.548514366,11.10999966
2022-03-08,9.496946335,11.05000019
2022-03-09,9.462568283,11.01000023
2022-03-10,9.436782837,10.97999954
2022-03-11,9.428188324,10.97000027
2022-03-14,9.359435081,10.89000034
2022-03-15,9.350838661,10.88000011
2022-03-16,9.333649635,10.85999966
2022-03-17,9.325053215,10.85000038
2022-03-18,9.333649635,10.85999966
2022-03-21,9.256296158,10.77000046
2022-03-22,9.22191906,10.72999954
2022-03-23,9.256296158,10.77000046
2022-03-24,9.230513573,10.73999977
2022-03-25,9.161757469,10.65999985
2022-03-28,9.161757469,10.65999985
2022-03-29,9.187542915,10.68999958
2022-03-30,9.213326454,10.72000027
2022-03-31,9.226234436,10.72000027
2022-04-01,9.174594879,10.65999985
2022-04-04,9.183200836,10.67000008
2022-04-05,9.105740547,10.57999992
2022-04-06,9.097137451,10.56999969
2022-04-07,9.097137451,10.56999969
2022-04-08,9.071316719,10.53999996
2022-04-11,9.045495987,10.51000023
2022-04-12,9.08853054,10.56000042
2022-04-13,9.105740547,10.57999992
2022-04-14,9.045495987,10.51000023
2022-04-18,9.03689003,10.5
2022-04-19,8.993857384,10.44999981
2022-04-20,9.019682884,10.47999954
2022-04-21,8.985251427,10.43999958
2022-04-22,8.993857384,10.44999981
2022-04-25,9.028284073,10.48999977
2022-04-26,9.071316719,10.53999996
2022-04-27,9.045495987,10.51000023
2022-04-28,9.028284073,10.48999977
2022-04-29,9.005877495,10.44999981
2022-05-02,8.962788582,10.39999962
2022-05-03,8.971405029,10.40999985
2022-05-04,9.014493942,10.46000004
2022-05-05,8.962788582,10.39999962
2022-05-06,8.936936378,10.36999989
2022-05-09,8.988640785,10.43000031
2022-05-10,8.997260094,10.43999958
2022-05-11,9.023115158,10.47000027
2022-05-12,9.048967361,10.5
2022-05-13,9.023115158,10.47000027
2022-05-16,9.048967361,10.5
2022-05-17,8.997260094,10.43999958
2022-05-18,9.023115158,10.47000027
2022-05-19,9.048967361,10.5
2022-05-20,9.074824333,10.52999973
2022-05-23,9.040349007,10.48999977
2022-05-24,9.092059135,10.55000019
2022-05-25,9.109293938,10.56999969
2022-05-26,9.109293938,10.56999969
2022-05-27,9.109293938,10.56999969
2022-05-31,9.072174072,10.51000023
2022-06-01,9.029015541,10.46000004
2022-06-02,9.037651062,10.47000027
2022-06-03,9.029015541,10.46000004
2022-06-06,8.98585701,10.40999985
2022-06-07,9.003120422,10.43000031
2022-06-08,8.98585701,10.40999985
2022-06-09,8.977226257,10.39999962
2022-06-10,8.899539948,10.31000042
2022-06-13,8.795955658,10.18999958
2022-06-14,8.744163513,10.13000011
2022-06-15,8.830481529,10.22999954
2022-06-16,8.865012169,10.27000046
2022-06-17,8.856377602,10.26000023
2022-06-21,8.839112282,10.23999977
2022-06-22,8.908171654,10.31999969
2022-06-23,8.942698479,10.35999966
2022-06-24,8.925434113,10.34000015
2022-06-27,8.899539948,10.31000042
2022-06-28,8.899539948,10.31000042
2022-06-29,8.942698479,10.35999966
2022-06-30,8.99714756,10.40999985
2022-07-01,9.074933052,10.5
2022-07-05,9.092218399,10.52000046
2022-07-06,9.031720161,10.44999981
2022-07-07,8.988503456,10.39999962
2022-07-08,8.953932762,10.35999966
2022-07-11,8.99714756,10.40999985
2022-07-12,9.005788803,10.42000008
2022-07-13,9.014430046,10.43000031
2022-07-14,8.979860306,10.39000034
2022-07-15,8.99714756,10.40999985
2022-07-18,8.988503456,10.39999962
2022-07-19,8.953932762,10.35999966
2022-07-20,8.945289612,10.35000038
2022-07-21,9.023073196,10.43999958
2022-07-22,9.092218399,10.52000046
2022-07-25,9.074933052,10.5
2022-07-26,9.066287041,10.48999977
2022-07-27,9.092218399,10.52000046
2022-07-28,9.152719498,10.59000015
2022-07-29,9.17003727,10.59000015
2022-08-01,9.196015358,10.61999989
2022-08-02,9.100761414,10.51000023
2022-08-03,9.118082047,10.52999973
2022-08-04,9.152716637,10.56999969
2022-08-05,9.057465553,10.46000004
2022-08-08,9.083443642,10.48999977
2022-08-09,9.066127777,10.47000027
2022-08-10,9.074789047,10.47999954
2022-08-11,9.040146828,10.43999958
2022-08-12,9.057465553,10.46000004
2022-08-15,9.074789047,10.47999954
2022-08-16,9.057465553,10.46000004
2022-08-17,9.014170647,10.40999985
2022-08-18,9.031486511,10.43000031
2022-08-19,8.988193512,10.38000011
2022-08-22,8.962215424,10.35000038
2022-08-23,8.953560829,10.34000015
2022-08-24,8.927577972,10.31000042
2022-08-25,8.962215424,10.35000038
2022-08-26,8.944896698,10.32999992
2022-08-29,8.910262108,10.28999996
2022-08-30,8.910262108,10.28999996
2022-08-31,8.903321266,10.26000023
2022-09-01,8.868608475,10.22000027
2022-09-02,8.911997795,10.27000046
2022-09-06,8.842576027,10.18999958
2022-09-07,8.885962486,10.23999977
2022-09-08,8.859929085,10.21000004
2022-09-09,8.85125351,10.19999981
2022-09-12,8.842576027,10.18999958
2022-09-13,8.79918766,10.14000034
2022-09-14,8.79050827,10.13000011
2022-09-15,8.764474869,10.10000038
2022-09-16,8.773152351,10.10999966
2022-09-19,8.75579834,10.09000015
2022-09-20,8.721085548,10.05000019
2022-09-21,8.729763985,10.06000042
2022-09-22,8.651668549,9.970000267
2022-09-23,8.634308815,9.949999809
2022-09-26,8.547534943,9.850000381
2022-09-27,8.512825966,9.81000042
2022-09-28,8.642985344,9.960000038
2022-09-29,8.616957664,9.930000305
2022-09-30,8.613477707,9.909999847
2022-10-03,8.674321175,9.979999542
2022-10-04,8.691702843,10
2022-10-05,8.639551163,9.93999958
2022-10-06,8.604787827,9.899999619
2022-10-07,8.570022583,9.859999657
2022-10-10,8.552636147,9.840000153
2022-10-11,8.561327934,9.850000381
2022-10-12,8.578712463,9.869999886
2022-10-13,8.535254478,9.819999695
2022-10-14,8.509178162,9.789999962
2022-10-17,8.526563644,9.81000042
2022-10-18,8.543946266,9.829999924
2022-10-19,8.474411011,9.75
2022-10-20,8.430953979,9.699999809
2022-10-21,8.465718269,9.739999771
2022-10-24,8.465718269,9.739999771
2022-10-25,8.51787281,9.800000191
2022-10-26,8.543946266,9.829999924
2022-10-27,8.596095085,9.890000343
2022-10-28,8.552636147,9.840000153
2022-10-31,8.542186737,9.81000042
2022-11-01,8.533483505,9.800000191
2022-11-02,8.524772644,9.789999962
2022-11-03,8.489943504,9.75
2022-11-04,8.498650551,9.760000229
2022-11-07,8.472527504,9.729999542
2022-11-08,8.507357597,9.770000458
2022-11-09,8.533483505,9.800000191
2022-11-10,8.672801018,9.960000038
2022-11-11,8.664092064,9.949999809
2022-11-14,8.646679878,9.930000305
2022-11-15,8.690218925,9.979999542
2022-11-16,8.725048065,10.02000046
2022-11-17,8.681509018,9.970000267
2022-11-18,8.655385971,9.93999958
2022-11-21,8.655385971,9.93999958
2022-11-22,8.672801018,9.960000038
2022-11-23,8.698923111,9.989999771
2022-11-25,8.698923111,9.989999771
2022-11-28,8.707631111,10
2022-11-29,8.681509018,9.970000267
2022-11-30,8.760034561,10.03999996
2022-12-01,8.829838753,10.11999989
2022-12-02,8.838559151,10.13000011
2022-12-05,8.768759727,10.05000019
2022-12-06,8.79493618,10.07999992
2022-12-07,8.847287178,10.14000034
2022-12-08,8.812385559,10.10000038
2022-12-09,8.777484894,10.06000042
2022-12-12,8.768759727,10.05000019
2022-12-13,8.829838753,10.11999989
2022-12-14,8.838559151,10.13000011
2022-12-15,8.847287178,10.14000034
2022-12-16,8.838559151,10.13000011
2022-12-19,8.79493618,10.07999992
2022-12-20,8.760034561,10.03999996
2022-12-21,8.768759727,10.05000019
2022-12-22,8.760034561,10.03999996
2022-12-23,8.733859062,10.01000023
2022-12-27,8.690234184,9.960000038
2022-12-28,8.681507111,9.949999809
2022-12-29,8.698959351,9.970000267
2022-12-30,8.691963196,9.93999958
2023-01-03,8.735685349,9.989999771
2023-01-04,8.770665169,10.02999973
2023-01-05,8.753175735,10.01000023
2023-01-06,8.840618134,10.10999966
2023-01-09,8.858104706,10.13000011
2023-01-10,8.831874847,10.10000038
2023-01-11,8.858104706,10.13000011
2023-01-12,8.919318199,10.19999981
2023-01-13,8.884340286,10.15999985
2023-01-17,8.875594139,10.14999962
2023-01-18,8.954298019,10.23999977
2023-01-19,8.936808586,10.22000027
2023-01-20,8.901830673,10.18000031
2023-01-23,8.875594139,10.14999962
2023-01-24,8.901830673,10.18000031
2023-01-25,8.910573006,10.18999958
2023-01-26,8.884340286,10.15999985
2023-01-27,8.875594139,10.14999962
2023-01-30,8.849364281,10.11999989
2023-01-31,8.904579163,10.15999985
2023-02-01,8.957165718,10.22000027
2023-02-02,8.957165718,10.22000027
2023-02-03,8.878283501,10.13000011
2023-02-06,8.808169365,10.05000019
2023-02-07,8.799407005,10.03999996
2023-02-08,8.816936493,10.06000042
2023-02-09,8.790643692,10.02999973
2023-02-10,8.764348984,10
2023-02-13,8.773113251,10.01000023
2023-02-14,8.729290962,9.960000038
2023-02-15,8.720526695,9.949999809
2023-02-16,8.703001022,9.930000305
2023-02-17,8.720526695,9.949999809
2023-02-21,8.65041256,9.869999886
2023-02-22,8.659176826,9.880000114
2023-02-23,8.685469627,9.909999847
2023-02-24,8.641648293,9.859999657
2023-02-27,8.659176826,9.880000114
2023-02-28,8.679385185,9.880000114
2023-03-01,8.635458946,9.829999924
2023-03-02,8.609104156,9.800000191
2023-03-03,8.64424324,9.840000153
2023-03-06,8.635458946,9.829999924
2023-03-07,8.617889404,9.81000042
2023-03-08,8.609104156,9.800000191
2023-03-09,8.66181469,9.859999657
2023-03-10,8.776018143,9.989999771
2023-03-13,8.881432533,10.10999966
2023-03-14,8.811155319,10.02999973
2023-03-15,8.91656971,10.14999962
2023-03-16,8.846293449,10.06999969
2023-03-17,8.934141159,10.17000008
2023-03-20,8.907787323,10.14000034
2023-03-21,8.837509155,10.06000042
2023-03-22,8.934141159,10.17000008
2023-03-23,8.978066444,10.22000027
2023-03-24,8.978066444,10.22000027
2023-03-27,8.899001122,10.13000011
2023-03-28,8.881432533,10.10999966
2023-03-29,8.8726511,10.10000038
2023-03-30,8.8726511,10.10000038
2023-03-31,8.936987877,10.14000034
2023-04-03,8.972242355,10.18000031
2023-04-04,9.025123596,10.23999977
2023-04-05,9.042751312,10.26000023
2023-04-06,9.042751312,10.26000023
2023-04-10,8.972242355,10.18000031
2023-04-11,8.963428497,10.17000008
2023-04-12,8.989868164,10.19999981
2023-04-13,8.972242355,10.18000031
2023-04-14,8.928172112,10.13000011
2023-04-17,8.892920494,10.09000015
2023-04-18,8.892920494,10.09000015
2023-04-19,8.884106636,10.07999992
2023-04-20,8.919361115,10.11999989
2023-04-21,8.901734352,10.10000038
2023-04-24,8.936987877,10.14000034
2023-04-25,9.007497787,10.22000027
2023-04-26,8.981056213,10.18999958
2023-04-27,8.928172112,10.13000011
2023-04-28,8.999785423,10.18000031
2023-05-01,8.929056168,10.10000038
2023-05-02,9.017464638,10.19999981
2023-05-03,9.061665535,10.25
2023-05-04,9.07934761,10.27000046
2023-05-05,9.026304245,10.21000004
2023-05-08,8.990942001,10.17000008
2023-05-09,8.982100487,10.15999985
2023-05-10,9.035147667,10.22000027
2023-05-11,9.052825928,10.23999977
2023-05-12,9.008623123,10.18999958
2023-05-15,8.999785423,10.18000031
2023-05-16,8.973257065,10.14999962
2023-05-17,8.946737289,10.11999989
2023-05-18,8.902537346,10.06999969
2023-05-19,8.876014709,10.03999996
2023-05-22,8.867173195,10.02999973
2023-05-23,8.876014709,10.03999996
2023-05-24,8.858333588,10.02000046
2023-05-25,8.796443939,9.949999809
2023-05-26,8.796443939,9.949999809
2023-05-30,8.858333588,10.02000046
2023-05-31,8.900886536,10.03999996
2023-06-01,8.927485466,10.06999969
2023-06-02,8.86542511,10
2023-06-05,8.86542511,10
2023-06-06,8.86542511,10
2023-06-07,8.829960823,9.960000038
2023-06-08,8.86542511,10
2023-06-09,8.838830948,9.970000267
2023-06-12,8.847690582,9.979999542
2023-06-13,8.794501305,9.920000076
2023-06-14,8.794501305,9.920000076
2023-06-15,8.847690582,9.979999542
2023-06-16,8.812232018,9.93999958
2023-06-20,8.829960823,9.960000038
2023-06-21,8.829960823,9.960000038
2023-06-22,8.794501305,9.920000076
2023-06-23,8.821098328,9.949999809
2023-06-26,8.829960823,9.960000038
2023-06-27,8.803368568,9.930000305
2023-06-28,8.829960823,9.960000038
2023-06-29,8.759040833,9.880000114
2023-06-30,8.79193306,9.890000343
2023-07-03,8.76526165,9.859999657
2023-07-05,8.738593102,9.829999924
2023-07-06,8.676368713,9.760000229
2023-07-07,8.685254097,9.770000458
2023-07-10,8.685254097,9.770000458
2023-07-11,8.729703903,9.819999695
2023-07-12,8.800824165,9.899999619
2023-07-13,8.863050461,9.970000267
2023-07-14,8.818603516,9.920000076
2023-07-17,8.827494621,9.930000305
2023-07-18,8.836380005,9.93999958
2023-07-19,8.854162216,9.960000038
2023-07-20,8.800824165,9.899999619
2023-07-21,8.800824165,9.899999619
2023-07-24,8.783043861,9.880000114
2023-07-25,8.76526165,9.859999657
2023-07-26,8.79193306,9.890000343
2023-07-27,8.720814705,9.81000042
2023-07-28,8.747483253,9.840000153
2023-07-31,8.78225708,9.850000381
2023-08-01,8.746592522,9.81000042
2023-08-02,8.737675667,9.800000191
2023-08-03,8.702013969,9.760000229
2023-08-04,8.773342133,9.840000153
2023-08-07,8.764422417,9.829999924
2023-08-08,8.791171074,9.859999657
2023-08-09,8.791171074,9.859999657
2023-08-10,8.737675667,9.800000191
2023-08-11,8.702013969,9.760000229
2023-08-14,8.684181213,9.739999771
2023-08-15,8.675264359,9.729999542
2023-08-16,8.657430649,9.710000038
2023-08-17,8.648517609,9.699999809
2023-08-18,8.666348457,9.720000267
2023-08-21,8.630685806,9.680000305
2023-08-22,8.621767998,9.670000076
2023-08-23,8.684181213,9.739999771
2023-08-24,8.666348457,9.720000267
2023-08-25,8.657430649,9.710000038
2023-08-28,8.675264359,9.729999542
2023-08-29,8.719843864,9.779999733
2023-08-30,8.719843864,9.779999733
2023-08-31,8.764562607,9.800000191
2023-09-01,8.728788376,9.760000229
2023-09-05,8.693017006,9.720000267
2023-09-06,8.666185379,9.68999958
2023-09-07,8.693017006,9.720000267
2023-09-08,8.693017006,9.720000267
2023-09-11,8.684069633,9.710000038
2023-09-12,8.684069633,9.710000038
2023-09-13,8.693017006,9.720000267
2023-09-14,8.684069633,9.710000038
2023-09-15,8.657240868,9.680000305
2023-09-18,8.666185379,9.68999958
2023-09-19,8.639352798,9.659999847
2023-09-20,8.630409241,9.649999619
2023-09-21,8.594634056,9.609999657
2023-09-22,8.612522125,9.630000114
2023-09-25,8.576749802,9.590000153
2023-09-26,8.576749802,9.590000153
2023-09-27,8.549919128,9.56000042
2023-09-28,8.576749802,9.590000153
2023-09-29,8.602763176,9.590000153
2023-10-02,8.557910919,9.539999962
2023-10-03,8.513057709,9.489999771
2023-10-04,8.548936844,9.529999733
2023-10-05,8.56688118,9.550000191
2023-10-06,8.531001091,9.510000229
2023-10-09,8.611733437,9.600000381
2023-10-10,8.593792915,9.579999924
2023-10-11,8.611733437,9.600000381
2023-10-12,8.557910919,9.539999962
2023-10-13,8.584822655,9.569999695
2023-10-16,8.557910919,9.539999962
2023-10-17,8.486146927,9.460000038
2023-10-18,8.459234238,9.430000305
2023-10-19,8.441292763,9.409999847
2023-10-20,8.486146927,9.460000038
2023-10-23,8.513057709,9.489999771
2023-10-24,8.513057709,9.489999771
2023-10-25,8.468204498,9.43999958
2023-10-26,8.513057709,9.489999771
2023-10-27,8.522028923,9.5
2023-10-30,8.504090309,9.479999542
2023-10-31,8.52208519,9.470000267
2023-11-01,8.585078239,9.539999962
2023-11-02,8.612075806,9.569999695
2023-11-03,8.666070938,9.630000114
2023-11-06,8.630073547,9.590000153
2023-11-07,8.657072067,9.619999886
2023-11-08,8.675070763,9.640000343
2023-11-09,8.612075806,9.569999695
2023-11-10,8.612075806,9.569999695
2023-11-13,8.612075806,9.569999695
2023-11-14,8.711064339,9.680000305
2023-11-15,8.666070938,9.630000114
2023-11-16,8.711064339,9.680000305
2023-11-17,8.702066422,9.670000076
2023-11-20,8.711064339,9.680000305
2023-11-21,8.720067024,9.68999958
2023-11-22,8.711064339,9.680000305
2023-11-24,8.684067726,9.649999619
2023-11-27,8.729064941,9.699999809
2023-11-28,8.765058517,9.739999771
2023-11-29,8.801054001,9.779999733
2023-11-30,8.792027473,9.739999771
2023-12-01,8.85521698,9.81000042
2023-12-04,8.82813549,9.779999733
2023-12-05,8.864242554,9.819999695
2023-12-06,8.882297516,9.840000153
2023-12-07,8.873270035,9.829999924
2023-12-08,8.82813549,9.779999733
2023-12-11,8.82813549,9.779999733
2023-12-12,8.846190453,9.800000191
2023-12-13,8.945484161,9.909999847
2023-12-14,8.990617752,9.960000038
2023-12-15,8.981590271,9.949999809
2023-12-18,8.972563744,9.93999958
2023-12-19,8.981590271,9.949999809
2023-12-20,9.017695427,9.989999771
2023-12-21,9.008667946,9.979999542
2023-12-22,9.008667946,9.979999542
2023-12-26,8.999643326,9.970000267
2023-12-27,9.05380249,10.02999973
2023-12-28,9.026721954,10
2023-12-29,9.04573822,9.989999771
2024-01-02,9.018572807,9.960000038
2024-01-03,9.027628899,9.970000267
2024-01-04,8.991410255,9.930000305
2024-01-05,8.97329998,9.909999847
2024-01-08,8.991410255,9.930000305
2024-01-09,8.991410255,9.930000305
2024-01-10,8.982357025,9.920000076
2024-01-11,9.018572807,9.960000038
2024-01-12,9.036682129,9.979999542
2024-01-16,8.991410255,9.930000305
2024-01-17,8.964243889,9.899999619
2024-01-18,8.946137428,9.880000114
2024-01-19,8.946137428,9.880000114
2024-01-22,8.964243889,9.899999619
2024-01-23,8.946137428,9.880000114
2024-01-24,8.928026199,9.859999657
2024-01-25,8.955189705,9.890000343
2024-01-26,8.946137428,9.880000114
2024-01-29,8.982357025,9.920000076
2024-01-30,8.982357025,9.920000076
2024-01-31,9.065011978,9.979999542
2024-02-01,9.101346016,10.02000046
2024-02-02,9.010514259,9.920000076
2024-02-05,8.946928024,9.850000381
2024-02-06,8.983261108,9.890000343
2024-02-07,8.974182129,9.880000114
2024-02-08,8.946928024,9.850000381
2024-02-09,8.937848091,9.840000153
2024-02-12,8.946928024,9.850000381
2024-02-13,8.86518383,9.760000229
2024-02-14,8.892430305,9.789999962
2024-02-15,8.910598755,9.81000042
2024-02-16,8.883346558,9.779999733
2024-02-20,8.892430305,9.789999962
2024-02-21,8.874266624,9.770000458
2024-02-22,8.86518383,9.760000229
2024-02-23,8.892430305,9.789999962
2024-02-26,8.874266624,9.770000458
2024-02-27,8.86518383,9.760000229
2024-02-28,8.892430305,9.789999962
2024-02-29,8.927960396,9.800000191
2024-03-01,8.964402199,9.840000153
2024-03-04,8.94617939,9.819999695
2024-03-05,8.982622147,9.859999657
2024-03-06,8.991732597,9.869999886
2024-03-07,9.009951591,9.890000343
2024-03-08,9.019062996,9.899999619
2024-03-11,9.000843048,9.880000114
2024-03-12,8.973510742,9.850000381
2024-03-13,8.955293655,9.829999924
2024-03-14,8.900629997,9.770000458
2024-03-15,8.891522408,9.760000229
2024-03-18,8.882410049,9.75
2024-03-19,8.909740448,9.779999733
2024-03-20,8.927960396,9.800000191
2024-03-21,8.927960396,9.800000191
2024-03-22,8.955293655,9.829999924
2024-03-25,8.9370718,9.81000042
2024-03-26,8.94617939,9.819999695
2024-03-27,8.964402199,9.840000153
2024-03-28,8.979946136,9.819999695
2024-04-01,8.925082207,9.760000229
2024-04-02,8.915935516,9.75
2024-04-03,8.925082207,9.760000229
2024-04-04,8.943368912,9.779999733
2024-04-05,8.906791687,9.739999771
2024-04-08,8.879358292,9.710000038
2024-04-09,8.906791687,9.739999771
2024-04-10,8.806201935,9.630000114
2024-04-11,8.806201935,9.630000114
2024-04-12,8.833633423,9.659999847
2024-04-15,8.797057152,9.619999886
2024-04-16,8.769620895,9.590000153
2024-04-17,8.806201935,9.630000114
2024-04-18,8.778767586,9.600000381
2024-04-19,8.787909508,9.609999657
2024-04-22,8.787909508,9.609999657
2024-04-23,8.797057152,9.619999886
2024-04-24,8.778767586,9.600000381
2024-04-25,8.75133419,9.569999695
2024-04-26,8.769620895,9.590000153
2024-04-29,8.787909508,9.609999657
2024-04-30,8.79433918,9.579999924
2024-05-01,8.821874619,9.609999657
2024-05-02,8.84941864,9.640000343
2024-05-03,8.886137962,9.680000305
2024-05-06,8.895316124,9.68999958
2024-05-07,8.904497147,9.699999809
2024-05-08,8.886137962,9.680000305
2024-05-09,8.904497147,9.699999809
2024-05-10,8.886137962,9.680000305
2024-05-13,8.886137962,9.680000305
2024-05-14,8.904497147,9.699999809
2024-05-15,8.959576607,9.760000229
2024-05-16,8.941217422,9.739999771
2024-05-17,8.922857285,9.720000267
2024-05-20,8.913677216,9.710000038
2024-05-21,8.922857285,9.720000267
2024-05-22,8.913677216,9.710000038
2024-05-23,8.886137962,9.680000305
2024-05-24,8.886137962,9.680000305
2024-05-28,8.858596802,9.649999619
2024-05-29,8.831057549,9.619999886
2024-05-30,8.858596802,9.649999619
2024-05-31,8.927697182,9.68999958
2024-06-03,8.964549065,9.729999542
2024-06-04,8.992190361,9.760000229
2024-06-05,9.019828796,9.789999962
2024-06-06,9.019828796,9.789999962
2024-06-07,8.946125031,9.710000038
2024-06-10,8.936910629,9.699999809
2024-06-11,8.964549065,9.729999542
2024-06-12,9.001404762,9.770000458
2024-06-13,9.047472,9.819999695
2024-06-14,9.047472,9.819999695
2024-06-17,9.019828796,9.789999962
2024-06-18,9.047472,9.819999695
2024-06-20,9.029044151,9.800000191
2024-06-21,9.029044151,9.800000191
2024-06-24,9.038257599,9.81000042
2024-06-25,9.038257599,9.81000042
2024-06-26,9.001404762,9.770000458
2024-06-27,9.010615349,9.779999733
2024-06-28,9.021709442,9.760000229
2024-07-01,8.975491524,9.710000038
2024-07-02,8.9939785,9.729999542
2024-07-03,9.030952454,9.770000458
2024-07-05,9.077170372,9.819999695
2024-07-08,9.067927361,9.81000042
2024-07-09,9.067927361,9.81000042
2024-07-10,9.067927361,9.81000042
2024-07-11,9.114144325,9.859999657
2024-07-12,9.132633209,9.880000114
2024-07-15,9.114144325,9.859999657
2024-07-16,9.141874313,9.890000343
2024-07-17,9.141874313,9.890000343
2024-07-18,9.123387337,9.869999886
2024-07-19,9.104901314,9.850000381
2024-07-22,9.095657349,9.840000153
2024-07-23,9.104901314,9.850000381
2024-07-24,9.095657349,9.840000153
2024-07-25,9.104901314,9.850000381
2024-07-26,9.132633209,9.880000114
2024-07-29,9.141874313,9.890000343
2024-07-30,9.16036129,9.909999847
2024-07-31,9.237341881,9.960000038
2024-08-01,9.274438858,10
2024-08-02,9.385732651,10.11999989
2024-08-05,9.385732651,10.11999989
2024-08-06,9.320812225,10.05000019
2024-08-07,9.302259445,10.02999973
2024-08-08,9.283711433,10.01000023
2024-08-09,9.302259445,10.02999973
2024-08-12,9.320812225,10.05000019
2024-08-13,9.348632812,10.07999992
2024-08-14,9.357910156,10.09000015
2024-08-15,9.302259445,10.02999973
2024-08-16,9.311536789,10.03999996
2024-08-19,9.320812225,10.05000019
2024-08-20,9.348632812,10.07999992
2024-08-21,9.367184639,10.10000038
2024-08-22,9.330086708,10.06000042
2024-08-23,9.367184639,10.10000038
2024-08-26,9.357910156,10.09000015
2024-08-27,9.357910156,10.09000015
2024-08-28,9.357910156,10.09000015
2024-08-29,9.33935833,10.06999969
2024-08-30,9.351458549,10.05000019
2024-09-03,9.388677597,10.09000015
2024-09-04,9.435200691,10.14000034
2024-09-05,9.444502831,10.14999962
2024-09-06,9.463114738,10.17000008
2024-09-09,9.463114738,10.17000008
2024-09-10,9.500335693,10.21000004
2024-09-11,9.491030693,10.19999981
2024-09-12,9.472419739,10.18000031
2024-09-13,9.491030693,10.19999981
2024-09-16,9.50963974,10.22000027
2024-09-17,9.491030693,10.19999981
2024-09-18,9.463114738,10.17000008
2024-09-19,9.463114738,10.17000008
2024-09-20,9.463114738,10.17000008
2024-09-23,9.453810692,10.15999985
2024-09-24,9.463114738,10.17000008
2024-09-25,9.444502831,10.14999962
2024-09-26,9.425896645,10.13000011
2024-09-27,9.453810692,10.15999985
2024-09-30,9.454744339,10.13000011
2024-10-01,9.482745171,10.15999985
2024-10-02,9.464076042,10.14000034
2024-10-03,9.426743507,10.10000038
2024-10-04,9.342744827,10.01000023
2024-10-07,9.324077606,9.989999771
2024-10-08,9.324077606,9.989999771
2024-10-09,9.296074867,9.960000038
2024-10-10,9.305409431,9.970000267
2024-10-11,9.305409431,9.970000267
2024-10-14,9.28674221,9.949999809
2024-10-15,9.324077606,9.989999771
2024-10-16,9.333408356,10
2024-10-17,9.296074867,9.960000038
2024-10-18,9.305409431,9.970000267
2024-10-21,9.258741379,9.920000076
2024-10-22,9.249407768,9.909999847
2024-10-23,9.230742455,9.890000343
2024-10-24,9.240075111,9.899999619
2024-10-25,9.230742455,9.890000343
2024-10-28,9.21207428,9.869999886
2024-10-29,9.21207428,9.869999886
2024-10-30,9.193406105,9.850000381
2024-10-31,9.223372459,9.850000381
2024-11-01,9.185916901,9.81000042
2024-11-04,9.214008331,9.840000153
2024-11-05,9.214008331,9.840000153
2024-11-06,9.148463249,9.770000458
2024-11-07,9.204647064,9.829999924
2024-11-08,9.204647064,9.829999924
2024-11-11,9.185916901,9.81000042
2024-11-12,9.148463249,9.770000458
2024-11-13,9.148463249,9.770000458
2024-11-14,9.139095306,9.760000229
2024-11-15,9.148463249,9.770000458
2024-11-18,9.15782547,9.779999733
2024-11-19,9.167188644,9.789999962
2024-11-20,9.15782547,9.779999733
2024-11-21,9.15782547,9.779999733
2024-11-22,9.15782547,9.779999733
2024-11-25,9.223372459,9.850000381
2024-11-26,9.204647064,9.829999924
2024-11-27,9.232736588,9.859999657
2024-11-29,9.290981293,9.890000343
2024-12-02,9.281586647,9.880000114
2024-12-03,9.272190094,9.869999886
2024-12-04,9.290981293,9.890000343
2024-12-05,9.290981293,9.890000343
2024-12-06,9.309767723,9.909999847
2024-12-09,9.290981293,9.890000343
2024-12-10,9.281586647,9.880000114
2024-12-11,9.262798309,9.859999657
2024-12-12,9.234617233,9.829999924
2024-12-13,9.206432343,9.800000191
2024-12-16,9.206432343,9.800000191
2024-12-17,9.206432343,9.800000191
2024-12-18,9.140670776,9.729999542
2024-12-19,9.121883392,9.710000038
2024-12-20,9.140670776,9.729999542
2024-12-23,9.1124897,9.699999809
2024-12-24,9.1124897,9.699999809
2024-12-26,9.121883392,9.710000038
2024-12-27,9.103094101,9.68999958
2024-12-30,9.150064468,9.739999771
2024-12-31,9.1717453,9.729999542
2025-01-02,9.1717453,9.729999542
2025-01-03,9.15289402,9.710000038
2025-01-06,9.15289402,9.710000038
2025-01-07,9.124616623,9.680000305
2025-01-08,9.134041786,9.68999958
2025-01-10,9.077484131,9.630000114
2025-01-13,9.058631897,9.609999657
2025-01-14,9.068059921,9.619999886
2025-01-15,9.134041786,9.68999958
2025-01-16,9.15289402,9.710000038
2025-01-17,9.15289402,9.710000038
2025-01-21,9.1717453,9.729999542
2025-01-22,9.15289402,9.710000038
2025-01-23,9.134041786,9.68999958
2025-01-24,9.15289402,9.710000038
2025-01-27,9.200024605,9.760000229
2025-01-28,9.200024605,9.760000229
2025-01-29,9.190599442,9.75
2025-01-30,9.200024605,9.760000229
2025-01-31,9.221779823,9.75
2025-02-03,9.221779823,9.75
2025-02-04,9.231236458,9.760000229
2025-02-05,9.269071579,9.800000191
2025-02-06,9.259610176,9.789999962
2025-02-07,9.231236458,9.760000229
2025-02-10,9.231236458,9.760000229
2025-02-11,9.212320328,9.739999771
2025-02-12,9.165029526,9.68999958
2025-02-13,9.212320328,9.739999771
2025-02-14,9.240696907,9.770000458
2025-02-18,9.202861786,9.729999542
2025-02-19,9.212320328,9.739999771
2025-02-20,9.231236458,9.760000229
2025-02-21,9.269071579,9.800000191
2025-02-24,9.27852726,9.81000042
2025-02-25,9.335277557,9.869999886
2025-02-26,9.354194641,9.890000343
2025-02-27,9.344737053,9.880000114
2025-02-28,9.412101746,9.920000076
2025-03-03,9.431077957,9.93999958
2025-03-04,9.421587944,9.930000305
2025-03-05,9.374148369,9.880000114
2025-03-06,9.374148369,9.880000114
2025-03-07,9.364661217,9.869999886
2025-03-10,9.421587944,9.930000305
2025-03-11,9.39312458,9.899999619
2025-03-12,9.374148369,9.880000114
2025-03-13,9.39312458,9.899999619
2025-03-14,9.364661217,9.869999886
2025-03-17,9.364661217,9.869999886
2025-03-18,9.374148369,9.880000114
2025-03-19,9.402612686,9.909999847
2025-03-20,9.412101746,9.920000076
2025-03-21,9.402612686,9.909999847
2025-03-24,9.364661217,9.869999886
2025-03-25,9.374148369,9.880000114
2025-03-26,9.364661217,9.869999886
2025-03-27,9.355173111,9.859999657
2025-03-28,9.412101746,9.920000076
2025-03-31,9.463512421,9.93999958
2025-04-01,9.482554436,9.960000038
2025-04-02,9.473033905,9.949999809
2025-04-03,9.558720589,10.03999996
2025-04-04,9.568241119,10.05000019
2025-04-07,9.492076874,9.970000267
2025-04-08,9.463512421,9.93999958
2025-04-09,9.415909767,9.890000343
2025-04-10,9.396868706,9.869999886
2025-04-11,9.349266052,9.819999695
2025-04-14,9.40639019,9.880000114
2025-04-15,9.425431252,9.899999619
2025-04-16,9.463512421,9.93999958
2025-04-17,9.463512421,9.93999958
2025-04-21,9.415909767,9.890000343
2025-04-22,9.415909767,9.890000343
2025-04-23,9.40639019,9.880000114
2025-04-24,9.444469452,9.920000076
2025-04-25,9.473033905,9.949999809
2025-04-28,9.501596451,9.979999542
2025-04-29,9.530156136,10.01000023
2025-04-30,9.580783844,10.02999973
2025-05-01,9.542575836,9.989999771
2025-05-02,9.485262871,9.930000305
2025-05-05,9.475710869,9.920000076
2025-05-06,9.494812965,9.93999958
2025-05-07,9.494812965,9.93999958
2025-05-08,9.447053909,9.890000343
2025-05-09,9.447053909,9.890000343
2025-05-12,9.399294853,9.840000153
2025-05-13,9.389741898,9.829999924
2025-05-14,9.370635986,9.81000042
2025-05-15,9.41839695,9.859999657
2025-05-16,9.408843994,9.850000381
2025-05-19,9.408843994,9.850000381
2025-05-20,9.408843994,9.850000381
2025-05-21,9.370635986,9.81000042
2025-05-22,9.389741898,9.829999924
2025-05-23,9.399294853,9.840000153
2025-05-27,9.427949905,9.869999886
2025-05-28,9.408843994,9.850000381
2025-05-29,9.437502861,9.880000114
2025-05-30,9.498846054,9.909999847
2025-06-02,9.470089912,9.880000114
2025-06-03,9.460506439,9.869999886
2025-06-04,9.508431435,9.920000076
2025-06-05,9.4796772,9.890000343
2025-06-06,9.422164917,9.829999924
2025-06-09,9.431750298,9.840000153
2025-06-10,9.441334724,9.850000381
2025-06-11,9.470089912,9.880000114
2025-06-12,9.498846054,9.909999847
2025-06-13,9.4796772,9.890000343
2025-06-16,9.460506439,9.869999886
2025-06-17,9.489261627,9.899999619
2025-06-18,9.489261627,9.899999619
2025-06-20,9.498846054,9.909999847
2025-06-23,9.527601242,9.93999958
2025-06-24,9.527601242,9.93999958
2025-06-25,9.55635643,9.970000267
2025-06-26,9.575527191,9.989999771
2025-06-27,9.55635643,9.970000267
2025-06-30,9.616943359,10
2025-07-01,9.597709656,9.979999542
2025-07-02,9.578474998,9.960000038
2025-07-03,9.549625397,9.930000305
2025-07-07,9.530390739,9.909999847
2025-07-08,9.520774841,9.899999619
2025-07-09,9.559241295,9.93999958
2025-07-10,9.549625397,9.930000305
2025-07-11,9.520774841,9.899999619
2025-07-14,9.520774841,9.899999619
2025-07-15,9.491923332,9.869999886
2025-07-16,9.51115799,9.890000343
2025-07-17,9.51115799,9.890000343
2025-07-18,9.530390739,9.909999847
2025-07-21,9.549625397,9.930000305
2025-07-22,9.568858147,9.949999809
2025-07-23,9.540007591,9.920000076
2025-07-24,9.530390739,9.909999847
2025-07-25,9.540007591,9.920000076
2025-07-28,9.530390739,9.909999847
2025-07-29,9.568858147,9.949999809
2025-07-30,9.540007591,9.920000076
2025-07-31,9.571848869,9.920000076
2025-08-01,9.668340683,10.02000046
2025-08-04,9.668340683,10.02000046
2025-08-05,9.668340683,10.02000046
2025-08-06,9.658691406,10.01000023
2025-08-07,9.658691406,10.01000023
2025-08-08,9.629743576,9.979999542
2025-08-11,9.629743576,9.979999542
2025-08-12,9.629743576,9.979999542
2025-08-13,9.658691406,10.01000023
2025-08-14,9.639391899,9.989999771
2025-08-15,9.620094299,9.970000267
2025-08-18,9.610445023,9.960000038
2025-08-19,9.629743576,9.979999542
2025-08-20,9.639391899,9.989999771
2025-08-21,9.620094299,9.970000267
2025-08-22,9.658691406,10.01000023
2025-08-25,9.639391899,9.989999771
2025-08-26,9.668340683,10.02000046
2025-08-27,9.677988052,10.02999973
2025-08-28,9.687639236,10.03999996
2025-08-29,9.719585419,10.03999996
2025-09-02,9.700224876,10.02000046
2025-09-03,9.719585419,10.03999996
2025-09-04,9.748628616,10.06999969
2025-09-05,9.777671814,10.10000038
2025-09-08,9.797031403,10.11999989
2025-09-09,9.777671814,10.10000038
2025-09-10,9.787351608,10.10999966
2025-09-11,9.797031403,10.11999989
2025-09-12,9.767989159,10.09000015
2025-09-15,9.777671814,10.10000038
2025-09-16,9.787351608,10.10999966
2025-09-17,9.767989159,10.09000015
2025-09-18,9.748628616,10.06999969
2025-09-19,9.738945961,10.06000042
2025-09-22,9.72926712,10.05000019
2025-09-23,9.748628616,10.06999969
2025-09-24,9.72926712,10.05000019
2025-09-25,9.709903717,10.02999973
2025-09-26,9.700224876,10.02000046
2025-09-29,9.719585419,10.03999996
2025-09-30,9.750662804,10.03999996
2025-10-01,9.779798508,10.06999969
2025-10-02,9.779798508,10.06999969
2025-10-03,9.760375023,10.05000019
2025-10-06,9.740950584,10.02999973
2025-10-07,9.760375023,10.05000019
2025-10-08,9.760375023,10.05000019
2025-10-09,9.750662804,10.03999996
2025-10-10,9.799221992,10.09000015
2025-10-13,9.808934212,10.10000038
2025-10-14,9.818645477,10.10999966
2025-10-15,9.808934212,10.10000038
2025-10-16,9.847782135,10.14000034
2025-10-17,9.828356743,10.11999989
2025-10-20,9.838070869,10.13000011
2025-10-21,9.847782135,10.14000034
2025-10-22,9.847782135,10.14000034
2025-10-23,9.828356743,10.11999989
2025-10-24,9.828356743,10.11999989
2025-10-27,9.828356743,10.11999989
2025-10-28,9.828356743,10.11999989
2025-10-29,9.779798508,10.06999969
2025-10-30,9.770086288,10.06000042
2025-10-31,9.802241325,10.06000042
2025-11-03,9.802241325,10.06000042
2025-11-04,9.81198597,10.06999969
2025-11-05,9.773010254,10.02999973
2025-11-06,9.81198597,10.06999969
2025-11-07,9.821727753,10.07999992
2025-11-10,9.802241325,10.06000042
2025-11-11,9.831472397,10.09000015
2025-11-12,9.831472397,10.09000015
2025-11-13,9.81198597,10.06999969
2025-11-14,9.792496681,10.05000019
2025-11-17,9.802241325,10.06000042
2025-11-18,9.81198597,10.06999969
2025-11-19,9.81198597,10.06999969
2025-11-20,9.831472397,10.09000015
2025-11-21,9.850959778,10.10999966
2025-11-24,9.860705376,10.11999989
2025-11-25,9.880191803,10.14000034
2025-11-26,9.880191803,10.14000034
2025-11-28,9.891921997,10.11999989
2025-12-01,9.85282135,10.07999992
2025-12-02,9.862596512,10.09000015
2025-12-03,9.872372627,10.10000038
2025-12-04,9.85282135,10.07999992
2025-12-05,9.833272934,10.06000042
2025-12-08,9.813724518,10.03999996
2025-12-09,9.803948402,10.02999973
2025-12-10,9.823497772,10.05000019
2025-12-11,9.833272934,10.06000042
2025-12-12,9.813724518,10.03999996
2025-12-15,9.823497772,10.05000019
2025-12-16,9.843049049,10.06999969
2025-12-17,9.843049049,10.06999969
2025-12-18,9.85282135,10.07999992
2025-12-19,9.833272934,10.06000042
2025-12-22,9.823497772,10.05000019
2025-12-23,9.823497772,10.05000019
2025-12-24,9.833272934,10.06000042
2025-12-26,9.843049049,10.06999969
2025-12-29,9.85282135,10.07999992
2025-12-30,9.85282135,10.07999992
2025-12-31,9.865571022,10.06000042
2026-01-02,9.845957756,10.03999996
2026-01-05,9.865571022,10.06000042
2026-01-06,9.865571022,10.06000042
2026-01-07,9.875378609,10.06999969
2026-01-08,9.855763435,10.05000019
2026-01-09,9.845957756,10.03999996
2026-01-12,9.845957756,10.03999996
2026-01-13,9.855763435,10.05000019
2026-01-14,9.865571022,10.06000042
2026-01-15,9.845957756,10.03999996
2026-01-16,9.816537857,10.01000023
2026-01-20,9.796923637,9.989999771
2026-01-21,9.80673027,10
2026-01-22,9.80673027,10
2026-01-23,9.816537857,10.01000023
2026-01-26,9.816537857,10.01000023
2026-01-27,9.816537857,10.01000023
2026-01-28,9.80673027,10
2026-01-29,9.826343536,10.02000046
2026-01-30,9.858813286,10.02000046
2026-02-02,9.83913517,10
2026-02-03,9.83913517,10
2026-02-04,9.83913517,10
2026-02-05,9.88833046,10.05000019
2026-02-06,9.878491402,10.03999996
2026-02-09,9.88833046,10.05000019
2026-02-10,9.908008575,10.06999969
2026-02-11,9.88833046,10.05000019
2026-02-12,9.937525749,10.10000038
2026-02-13,9.957204819,10.11999989
2026-02-17,9.957204819,10.11999989
2026-02-18,9.937525749,10.10000038
2026-02-19,9.947364807,10.10999966
2026-02-20,9.937525749,10.10000038
2026-02-23,9.967043877,10.13000011
2026-02-24,9.967043877,10.13000011
2026-02-25,9.957204819,10.11999989
2026-02-26,9.976883888,10.14000034
2026-02-27,10.0360918,10.17000008
2026-03-02,9.986750603,10.11999989
2026-03-03,9.976882935,10.10999966
2026-03-04,9.957146645,10.09000015
2026-03-05,9.937409401,10.06999969
2026-03-06,9.927541733,10.06000042
2026-03-09,9.947278023,10.07999992
2026-03-10,9.927541733,10.06000042
2026-03-11,9.897935867,10.02999973
2026-03-12,9.858462334,9.989999771
2026-03-13,9.858462334,9.989999771
2026-03-16,9.888068199,10.02000046
2026-03-17,9.897935867,10.02999973
2026-03-18,9.858462334,9.989999771
2026-03-19,9.848593712,9.979999542
2026-03-20,9.779517174,9.909999847
2026-03-23,9.809121132,9.93999958
2026-03-24,9.779517174,9.909999847
2026-03-25,9.809121132,9.93999958
2026-03-26,9.749910355,9.880000114
2026-03-27,9.75977993,9.890000343
2026-03-30,9.809121132,9.93999958
2026-03-31,9.851696014,9.949999809
2026-04-01,9.841794968,9.93999958
2026-04-02,9.851696014,9.949999809
2026-04-06,9.831894875,9.930000305
2026-04-07,9.851696014,9.949999809
2026-04-08,9.871498108,9.970000267
2026-04-09,9.871498108,9.970000267
2026-04-10,9.861597061,9.960000038
2026-04-13,9.871498108,9.970000267
2026-04-14,9.901202202,10
2026-04-15,9.881399155,9.979999542
2026-04-16,9.871498108,9.970000267
2026-04-17,9.911103249,10.01000023
2026-04-20,9.901202202,10
2026-04-21,9.861597061,9.960000038
2026-04-22,9.871498108,9.970000267
2026-04-23,9.851696014,9.949999809
2026-04-24,9.871498108,9.970000267
2026-04-27,9.861597061,9.960000038
2026-04-28,9.841794968,9.93999958
2026-04-29,9.802190781,9.899999619
2026-04-30,9.853843689,9.920000076
2026-05-01,9.853843689,9.920000076
2026-05-04,9.824043274,9.890000343
2026-05-05,9.833976746,9.899999619
2026-05-06,9.873709679,9.93999958
2026-05-07,9.843910217,9.909999847
2026-05-08,9.863777161,9.930000305
2026-05-11,9.833976746,9.899999619
2026-05-12,9.814109802,9.880000114
2026-05-13,9.814109802,9.880000114
2026-05-14,9.804176331,9.869999886
2026-05-15,9.744576454,9.81000042
2026-05-18,9.744576454,9.81000042
2026-05-19,9.714776993,9.779999733
2026-05-20,9.754509926,9.819999695
2026-05-21,9.754509926,9.819999695
2026-05-22,9.754509926,9.819999695
2026-05-26,9.784310341,9.850000381
2026-05-27,9.784310341,9.850000381
2026-05-28,9.804176331,9.869999886
2026-05-29,9.847033501,9.880000114
2026-06-01,9.8270998,9.859999657
2026-06-02,9.8270998,9.859999657
2026-06-03,9.807167053,9.840000153
2026-06-04,9.8270998,9.859999657
2026-06-05,9.777267456,9.81000042
2026-06-08,9.767300606,9.800000191
2026-06-09,9.787233353,9.819999695
2026-06-10,9.787233353,9.819999695
2026-06-11,9.83706665,9.869999886
2026-06-12,9.817133904,9.850000381
2026-06-15,9.8270998,9.859999657
2026-06-16,9.83706665,9.869999886
2026-06-17,9.787233353,9.819999695
2026-06-18,9.817133904,9.850000381
2026-06-22,9.787233353,9.819999695
2026-06-23,9.797200203,9.829999924
2026-06-24,9.83706665,9.869999886
2026-06-25,9.847033501,9.880000114
2026-06-26,9.866966248,9.899999619
2026-06-29,9.857000351,9.890000343
2026-06-30,9.859999657,9.859999657
2026-07-01,9.840000153,9.840000153
2026-07-02,9.840000153,9.840000153
2026-07-06,9.850000381,9.850000381
2026-07-07,9.819999695,9.819999695
2026-07-08,9.800000191,9.800000191
2026-07-09,9.819999695,9.819999695
2026-07-10,9.800000191,9.800000191
2026-07-13,9.770000458,9.770000458
2026-07-14,9.800000191,9.800000191
2026-07-15,9.819999695,9.819999695
2026-07-16,9.81000042,9.81000042
2026-07-17,9.819999695,9.819999695
2026-07-20,9.789999962,9.789999962
2026-07-21,9.770000458,9.770000458
2026-07-22,9.75,9.75
2026-07-23,9.729999542,9.729999542
2026-07-24,9.739999771,9.739999771
2026-07-27,9.760000229,9.760000229
2026-07-28,9.779999733,9.779999733
2026-07-29,9.760000229,9.760000229
2026-07-30,9.760000229,9.760000229
2026-07-31,9.739999771,9.739999771
2026-08-03,9.75,9.75
2026-08-04,9.789999962,9.789999962
