Date,Open,High,Low,Close,Volume,Dividends,Stock Splits
2009-08-06 00:00:00-04:00,1.1623165386784085,1.191198350042441,1.096099729494442,1.1397746801376343,241978000,0.0,0.0
2009-08-07 00:00:00-04:00,1.1376610772957831,1.1806315499711422,1.1292078929592617,1.157385230064392,24543000,0.0,0.0
2009-08-10 00:00:00-04:00,1.171474173274018,1.171474173274018,1.0996218796297919,1.1249815225601196,24210000,0.0,0.0
2009-08-11 00:00:00-04:00,1.1256861743017077,1.1270950249232414,1.0918732555341615,1.1038486957550049,23054000,0.0,0.0
2009-08-12 00:00:00-04:00,1.1376611283149827,1.141183295611078,1.1031438384281933,1.1270946264266968,14513000,0.0,0.0
2009-08-13 00:00:00-04:00,1.1270946392962875,1.1778139161192653,1.1270946392962875,1.1658384799957275,11506000,0.0,0.0
2009-08-14 00:00:00-04:00,1.1623167770150538,1.1975385484246777,1.1447059332978051,1.1693611145019531,6378000,0.0,0.0
2009-08-17 00:00:00-04:00,1.1461143591339442,1.1531586940094987,1.1411833415160753,1.142592191696167,2544000,0.0,0.0
2009-08-18 00:00:00-04:00,1.1609077149178315,1.2116270027679072,1.151750061057395,1.2024693489074707,14467000,0.0,0.0
2009-08-19 00:00:00-04:00,1.186267089661495,1.263754854299311,1.1834493054341588,1.26023268699646,20708000,0.0,0.0
2009-08-20 00:00:00-04:00,1.2644592314714795,1.2644592314714795,1.2179665897008674,1.251075029373169,18821000,0.0,0.0
2009-08-21 00:00:00-04:00,1.2531885995343797,1.2658684211202729,1.2383954603549863,1.255301833152771,8636000,0.0,0.0
2009-08-24 00:00:00-04:00,1.2341688029237372,1.2574151280830392,1.2186712808092386,1.232759952545166,10216000,0.0,0.0
2009-08-25 00:00:00-04:00,1.2433261495505759,1.2609369848749294,1.2362818154208344,1.2574148178100586,5308000,0.0,0.0
2009-08-26 00:00:00-04:00,1.2461439335875244,1.2574148178100586,1.2081044789018687,1.2574148178100586,7086000,0.0,0.0
2009-08-27 00:00:00-04:00,1.2574151727963123,1.2827748164128057,1.236282164440938,1.2792526483535767,11611000,0.0,0.0
2009-08-28 00:00:00-04:00,1.2750258936825336,1.3384249967862545,1.2679815582237983,1.3010900020599365,12950000,0.0,0.0
2009-08-31 00:00:00-04:00,1.2926365416457584,1.2961587086267379,1.2545970878661286,1.2820700407028198,10048000,0.0,0.0
2009-09-01 00:00:00-04:00,1.2855922383041112,1.2989764395605852,1.193311343639377,1.2574148178100586,13835000,0.0,0.0
2009-09-02 00:00:00-04:00,1.2510752532994733,1.2855925492694693,1.2313510961702052,1.2454397678375244,12934000,0.0,0.0
2009-09-03 00:00:00-04:00,1.2658679178288403,1.2658679178288403,1.197537818665041,1.2292373180389404,36577000,0.0,0.0
2009-09-04 00:00:00-04:00,1.2503705623258505,1.2679813987578867,1.2320552588464964,1.251075029373169,11586000,0.0,0.0
2009-09-08 00:00:00-04:00,1.251075457419854,1.263050813495904,1.2292379791825525,1.2468488216400146,5749000,0.0,0.0
2009-09-09 00:00:00-04:00,1.2574148366367246,1.2574148366367246,1.213035514159866,1.215853214263916,5512000,0.0,0.0
2009-09-10 00:00:00-04:00,1.198242510715339,1.2299421022419978,1.1940159600935223,1.2010602951049805,4152000,0.0,0.0
2009-09-11 00:00:00-04:00,1.197537916791763,1.22078423503245,1.1651339478532194,1.1890846490859985,6203000,0.0,0.0
2009-09-14 00:00:00-04:00,1.1721784122632672,1.1904937157002105,1.1489320914317904,1.1728827953338623,16145000,0.0,0.0
2009-09-15 00:00:00-04:00,1.2151490901579283,1.2221934258941975,1.1714741414129741,1.210218071937561,19869000,0.0,0.0
2009-09-16 00:00:00-04:00,1.225715395016497,1.250370566095682,1.2052867743086881,1.2383952140808105,20211000,0.0,0.0
2009-09-17 00:00:00-04:00,1.2440310453388324,1.260937419487366,1.1644299414662134,1.1721787452697754,14464000,0.0,0.0
2009-09-18 00:00:00-04:00,1.1672476432154477,1.1989472417198503,1.1397747642134453,1.141183614730835,8999000,0.0,0.0
2009-09-21 00:00:00-04:00,1.146818959195363,1.17147413411879,1.1179371492664494,1.1700652837753296,5530000,0.0,0.0
2009-09-22 00:00:00-04:00,1.1947203045244437,1.2236021107262653,1.184858269417775,1.21514892578125,11141000,0.0,0.0
2009-09-23 00:00:00-04:00,1.2412130388645717,1.2531884760560819,1.2186711826969006,1.2257155179977417,5303000,0.0,0.0
2009-09-24 00:00:00-04:00,1.2207845391866043,1.2574150671293143,1.1799272923628576,1.232055425643921,7788000,0.0,0.0
2009-09-25 00:00:00-04:00,1.2313512111987934,1.2313512111987934,1.2045827157352451,1.2066960334777832,4685000,0.0,0.0
2009-09-28 00:00:00-04:00,1.2200798670079362,1.2574148558191436,1.1996512470291185,1.243326187133789,2336000,0.0,0.0
2009-09-29 00:00:00-04:00,1.2362819697388958,1.2567105916501868,1.1940159596846212,1.1996513605117798,3567000,0.0,0.0
2009-09-30 00:00:00-04:00,1.1975383303595777,1.2207846566283438,1.194720545492845,1.2024693489074707,5126000,0.0,0.0
2009-10-01 00:00:00-04:00,1.1975380585019273,1.2038779260563937,1.1418877647373424,1.1489320993423462,6605000,0.0,0.0
2009-10-02 00:00:00-04:00,1.1411836960613069,1.1524546689539208,1.120050684868997,1.1334348917007446,6296000,0.0,0.0
2009-10-05 00:00:00-04:00,1.134139308549523,1.1644299733728316,1.1270949717987593,1.1616122722625732,1889000,0.0,0.0
2009-10-06 00:00:00-04:00,1.1792226294213164,1.2116265987452615,1.1580896278557218,1.1602028608322144,4694000,0.0,0.0
2009-10-07 00:00:00-04:00,1.1672472003642804,1.1700649843051139,1.1214590300828027,1.1362521648406982,2917000,0.0,0.0
2009-10-08 00:00:00-04:00,1.1348434888184893,1.139774590841955,1.122868135279579,1.127799153327942,5573000,0.0,0.0
2009-10-09 00:00:00-04:00,1.125685846196505,1.1587942040404624,1.1228680617996185,1.1447055339813232,8705000,0.0,0.0
2009-10-12 00:00:00-04:00,1.1425922560954143,1.1587942440173917,1.1299124358097319,1.1510454416275024,12888000,0.0,0.0
2009-10-13 00:00:00-04:00,1.1404788756249569,1.17429178383291,1.1376611752618422,1.1644296646118164,5573000,0.0,0.0
2009-10-14 00:00:00-04:00,1.1862669837018067,1.1975379516542222,1.1651339817723414,1.1876758337020874,6955000,0.0,0.0
2009-10-15 00:00:00-04:00,1.2257157143693074,1.2644595647310741,1.2045827050810711,1.20880925655365,20920000,0.0,0.0
2009-10-16 00:00:00-04:00,1.213739988249741,1.213739988249741,1.1418877114515882,1.157385230064392,12638000,0.0,0.0
2009-10-19 00:00:00-04:00,1.159498489690797,1.1721783075548562,1.131321070006729,1.1440008878707886,21429000,0.0,0.0
2009-10-20 00:00:00-04:00,1.1510453779492813,1.1785183343775825,1.1461143603262824,1.1644296646118164,4890000,0.0,0.0
2009-10-21 00:00:00-04:00,1.153159000981562,1.191198469820758,1.1348436918395286,1.1616122722625732,2338000,0.0,0.0
2009-10-22 00:00:00-04:00,1.1503412830088102,1.1503412830088102,1.0996219919666939,1.1468191146850586,9834000,0.0,0.0
2009-10-23 00:00:00-04:00,1.1362526279269909,1.155976787651185,1.1214594871400656,1.1306171417236328,11341000,0.0,0.0
2009-10-26 00:00:00-04:00,1.1207547635369948,1.1355479009404605,1.1137104283877441,1.115823745727539,1624000,0.0,0.0
2009-10-27 00:00:00-04:00,1.1235726551477476,1.1263903558861597,1.074966687596838,1.0883508920669556,3288000,0.0,0.0
2009-10-28 00:00:00-04:00,1.0918728313420891,1.0918728313420891,1.04890235824102,1.051720142364502,6220000,0.0,0.0
2009-10-29 00:00:00-04:00,1.0531288795435068,1.0707397135208068,1.0369268954893747,1.0594687461853027,11833000,0.0,0.0
2009-10-30 00:00:00-04:00,1.063695929484993,1.0700358833773862,1.0474939370601533,1.0566515922546387,2781000,0.0,0.0
2009-11-02 00:00:00-05:00,1.063695442806038,1.063695442806038,1.0369269567832125,1.0474934577941895,2766000,0.0,0.0
2009-11-03 00:00:00-05:00,1.0341090558048793,1.0439710879085347,1.01720260708781,1.0207247734069824,3637000,0.0,0.0
2009-11-04 00:00:00-05:00,1.028474085907087,1.0742622708956995,1.0094543111163439,1.041153907775879,8053000,0.0,0.0
2009-11-05 00:00:00-05:00,1.0580604608135014,1.1087797569105828,1.0460851041142392,1.0791934728622437,2741000,0.0,0.0
2009-11-06 00:00:00-05:00,1.0791926477303835,1.1052567431757798,1.0474931538941499,1.07707941532135,2575000,0.0,0.0
2009-11-09 00:00:00-05:00,1.0749667058806611,1.1087795351922538,1.0629912676009556,1.1031440496444702,2529000,0.0,0.0
2009-11-10 00:00:00-05:00,1.1052573484227486,1.1052573484227486,1.069331202144907,1.0883508920669556,1468000,0.0,0.0
2009-11-11 00:00:00-05:00,1.0939863380900794,1.0939863380900794,1.065104528674316,1.0820109844207764,1535000,0.0,0.0
2009-11-12 00:00:00-05:00,1.0848285761448204,1.123572501850047,1.0848285761448204,1.0989172458648682,1300000,0.0,0.0
2009-11-13 00:00:00-05:00,1.0996217478009795,1.1094838673027179,1.0855330776342944,1.097508430480957,621000,0.0,0.0
2009-11-16 00:00:00-05:00,1.1010306616688406,1.14188790828414,1.093986326178293,1.127799153327942,1556000,0.0,0.0
2009-11-17 00:00:00-05:00,1.11511949902277,1.1404791441623732,1.0975086576689108,1.132025957107544,985000,0.0,0.0
2009-11-18 00:00:00-05:00,1.1376612737171372,1.1376612737171372,1.1137104826575321,1.1292080879211426,1155000,0.0,0.0
2009-11-19 00:00:00-05:00,1.115823589016462,1.119345756096419,1.0742619670879177,1.096803903579712,1166000,0.0,0.0
2009-11-20 00:00:00-05:00,1.096099309967617,1.1024392603642894,1.0784884766019895,1.0876461267471313,4237000,0.0,0.0
2009-11-23 00:00:00-05:00,1.0946907500630951,1.0996217679166194,1.0672177923504311,1.0700355768203735,4653000,0.0,0.0
2009-11-24 00:00:00-05:00,1.0636956983729,1.079897687277489,1.0573558298331114,1.0749666690826416,5228000,0.0,0.0
2009-11-25 00:00:00-05:00,1.0834198636249688,1.1256859621304522,1.0820110132689773,1.091873049736023,1353000,0.0,0.0
2009-11-27 00:00:00-05:00,1.065808785608651,1.1186413759178058,1.0608777684791555,1.1172324419021606,616000,0.0,0.0
2009-11-30 00:00:00-05:00,1.1179369089099833,1.1263900931284165,1.0742619698270843,1.1172324419021606,2765000,0.0,0.0
2009-12-01 00:00:00-05:00,1.1200503259505878,1.1510453655102804,1.1200503259505878,1.124276876449585,4178000,0.0,0.0
2009-12-02 00:00:00-05:00,1.1292080479679387,1.134843448982477,1.083419784911566,1.0996217727661133,8465000,0.0,0.0
2009-12-03 00:00:00-05:00,1.0975082807610528,1.1228679171916136,1.0975082807610528,1.1221635341644287,5079000,0.0,0.0
2009-12-04 00:00:00-05:00,1.1552721897674088,1.1771096648457577,1.098917418080544,1.1637253761291504,9468000,0.0,0.0
2009-12-07 00:00:00-05:00,1.1623162563962057,1.192606910817261,1.1623162563962057,1.1883803606033325,3084000,0.0,0.0
2009-12-08 00:00:00-05:00,1.1700655488952316,1.1954251967240703,1.1658389129320503,1.1799275875091553,2495000,0.0,0.0
2009-12-09 00:00:00-05:00,1.1700651257601435,1.1841537952423096,1.1510453547791444,1.1841537952423096,967000,0.0,0.0
2009-12-10 00:00:00-05:00,1.183449278418594,1.1968335642489494,1.1799271111961462,1.1813360452651978,2555000,0.0,0.0
2009-12-11 00:00:00-05:00,1.175700504177072,1.176404887202515,1.1594985189406732,1.1679517030715942,774000,0.0,0.0
2009-12-14 00:00:00-05:00,1.1792230639271781,1.19049403583852,1.175700895701773,1.1869717836380005,2248000,0.0,0.0
2009-12-15 00:00:00-05:00,1.186971540311685,1.1904937917901512,1.17710950489229,1.179222822189331,1404000,0.0,0.0
2009-12-16 00:00:00-05:00,1.1890848681726496,1.2066957898210497,1.1792228326656398,1.197538137435913,3157000,0.0,0.0
2009-12-17 00:00:00-05:00,1.1911981069723685,1.1961291244008525,1.1369566633337658,1.1489320993423462,1490000,0.0,0.0
2009-12-18 00:00:00-05:00,1.148227884791411,1.1834495655618087,1.1432968662785774,1.154567837715149,4178000,0.0,0.0
2009-12-21 00:00:00-05:00,1.1827452825148648,1.1869718341802524,1.1524546176915564,1.1616122722625732,1443000,0.0,0.0
2009-12-22 00:00:00-05:00,1.1623166615111156,1.1785186529159546,1.1432969689815735,1.1785186529159546,3127000,0.0,0.0
2009-12-23 00:00:00-05:00,1.1799271357846273,1.1862670873022056,1.172882801192935,1.1820404529571533,2235000,0.0,0.0
2009-12-24 00:00:00-05:00,1.1778139025871934,1.19753805623895,1.1778139025871934,1.1820404529571533,308000,0.0,0.0
2009-12-28 00:00:00-05:00,1.1799271732958965,1.2538927728352092,1.1799271732958965,1.224306583404541,7954000,0.0,0.0
2009-12-29 00:00:00-05:00,1.234168827639375,1.2454397988438741,1.2257156412235553,1.2348732948303223,2276000,0.0,0.0
2009-12-30 00:00:00-05:00,1.219375716517714,1.252484163702891,1.219375716517714,1.2461442947387695,3025000,0.0,0.0
2009-12-31 00:00:00-05:00,1.24050880343229,1.2884103059768677,1.24050880343229,1.2884103059768677,5558000,0.0,0.0
2010-01-04 00:00:00-05:00,1.289114315340329,1.3313803171670213,1.2686856974057126,1.328562617301941,5387000,0.0,0.0
2010-01-05 00:00:00-05:00,1.3349029912969044,1.355331616995131,1.2750260486452913,1.3384251594543457,3011000,0.0,0.0
2010-01-06 00:00:00-05:00,1.334902606267545,1.35955777625828,1.3095429692584681,1.3489912748336792,5331000,0.0,0.0
2010-01-07 00:00:00-05:00,1.3412426111581546,1.3504002628874732,1.3137696559701992,1.3405381441116333,2718000,0.0,0.0
2010-01-08 00:00:00-05:00,1.3313803221444083,1.3595576568008778,1.3278581553123496,1.3504000902175903,2899000,0.0,0.0
2010-01-11 00:00:00-05:00,1.3525136264628992,1.3771688837917877,1.3405382733432218,1.3588535785675049,5127000,0.0,0.0
2010-01-12 00:00:00-05:00,1.3482872806802486,1.3482872806802486,1.3201098514456062,1.3384251594543457,9167000,0.0,0.0
2010-01-13 00:00:00-05:00,1.3356071838440033,1.3356071838440033,1.2855923727040945,1.2975677251815796,9439000,0.0,0.0
2010-01-14 00:00:00-05:00,1.3017940610801155,1.329266927166329,1.2785477445590474,1.298271894454956,10654000,0.0,0.0
2010-01-15 00:00:00-05:00,1.3074296434400656,1.3074296434400656,1.2785479234575803,1.2848877906799316,1587000,0.0,0.0
2010-01-19 00:00:00-05:00,1.2609376535775878,1.2785485822164866,1.218671626384546,1.254597783088684,3813000,0.0,0.0
2010-01-20 00:00:00-05:00,1.2475528241528886,1.2686858272287485,1.228533054204543,1.2651636600494385,1938000,0.0,0.0
2010-01-21 00:00:00-05:00,1.258823733756201,1.3024986748275982,1.2531883333373934,1.2672770023345947,3386000,0.0,0.0
2010-01-22 00:00:00-05:00,1.2595282532359222,1.2722080726563396,1.224306579276482,1.2369863986968994,9235000,0.0,0.0
2010-01-25 00:00:00-05:00,1.2447350372073067,1.253892688647805,1.229941985472738,1.243326187133789,2614000,0.0,0.0
2010-01-26 00:00:00-05:00,1.199651286221513,1.2679813987578867,1.1862670841232024,1.251075029373169,7654000,0.0,0.0
2010-01-27 00:00:00-05:00,1.2426217921074185,1.2644591779741823,1.215148838050725,1.2264198064804077,6963000,0.0,0.0
2010-01-28 00:00:00-05:00,1.2362821632201053,1.2496664522170249,1.2151491548856002,1.2482575178146362,144576000,0.0,0.0
2010-01-29 00:00:00-05:00,1.2482572881876783,1.258119407314631,1.2151489313491903,1.224306583404541,33570000,0.0,0.0
2010-02-01 00:00:00-05:00,1.224306766298631,1.2461442410793617,1.2179668136323991,1.232759952545166,5095000,0.0,0.0
2010-02-02 00:00:00-05:00,1.2334646149623916,1.2538931586229995,1.2221936421995676,1.2468488216400146,17729000,0.0,0.0
2010-02-03 00:00:00-05:00,1.2355774793618743,1.2461440656513991,1.2313509288211602,1.2412129640579224,12857000,0.0,0.0
2010-02-04 00:00:00-05:00,1.2243066728236371,1.2383953434839043,1.2017647325871292,1.2130357027053833,13767000,0.0,0.0
2010-02-05 00:00:00-05:00,1.215148935532127,1.22007995312503,1.1693606750977554,1.2116267681121826,5387000,0.0,0.0
2010-02-08 00:00:00-05:00,1.2031735629824847,1.2179667005214323,1.1883805094186366,1.1982425451278687,4983000,0.0,0.0
2010-02-09 00:00:00-05:00,1.20035577789333,1.2243065663172887,1.1848582583102354,1.196833610534668,1896000,0.0,0.0
2010-02-10 00:00:00-05:00,1.1876763811022064,1.1933118676758103,1.1630212008209226,1.1834497451782227,5780000,0.0,0.0
2010-02-11 00:00:00-05:00,1.1806319212783378,1.215149220472821,1.1623166128098272,1.2066960334777832,3700000,0.0,0.0
2010-02-12 00:00:00-05:00,1.1961293929264811,1.2250112048808695,1.1827451877623176,1.2228978872299194,1632000,0.0,0.0
2010-02-16 00:00:00-05:00,1.2257157701754116,1.233464574190609,1.2165581156052105,1.2313512563705444,4227000,0.0,0.0
2010-02-17 00:00:00-05:00,1.2398040080124535,1.2398040080124535,1.2095133538358835,1.2264198064804077,5077000,0.0,0.0
2010-02-18 00:00:00-05:00,1.2306461678827652,1.2327594846360403,1.2186708182476405,1.2292373180389404,4619000,0.0,0.0
2010-02-19 00:00:00-05:00,1.23275997723259,1.2412131636484096,1.222897856434876,1.2348732948303223,3746000,0.0,0.0
2010-02-22 00:00:00-05:00,1.2327599836061462,1.2390998524570118,1.2137402930784398,1.2221934795379639,8465000,0.0,0.0
2010-02-23 00:00:00-05:00,1.22219326616483,1.232055301316688,1.2066957463654415,1.224306583404541,18202000,0.0,0.0
2010-02-24 00:00:00-05:00,1.2327596425629834,1.2588236619255295,1.2264197754660433,1.2496660947799683,8523000,0.0,0.0
2010-02-25 00:00:00-05:00,1.2679813663342605,1.2954543208507796,1.2461439801019962,1.2743213176727295,23197000,0.0,0.0
2010-02-26 00:00:00-05:00,1.2715038207028484,1.2813659414650431,1.2651639519075946,1.278548240661621,2807000,0.0,0.0
2010-03-01 00:00:00-05:00,1.3172924223714402,1.3243367601401272,1.276435246518029,1.289115071296692,8722000,0.0,0.0
2010-03-02 00:00:00-05:00,1.2813660287715731,1.3201098793215564,1.2813660287715731,1.3187010288238525,9810000,0.0,0.0
2010-03-03 00:00:00-05:00,1.320814398641153,1.4046420562490032,1.320814398641153,1.332085371017456,10634000,0.0,0.0
2010-03-04 00:00:00-05:00,1.339129556841605,1.3553315463159394,1.3032034099191727,1.3426517248153687,3966000,0.0,0.0
2010-03-05 00:00:00-05:00,1.3419471967924128,1.3849176777142744,1.3419471967924128,1.363784670829773,3767000,0.0,0.0
2010-03-08 00:00:00-05:00,1.3722376265053358,1.3750554106687967,1.3447647557559088,1.3602622747421265,2220000,0.0,0.0
2010-03-09 00:00:00-05:00,1.3694204553923055,1.4088687771208843,1.3489918272212074,1.3630805015563965,9227000,0.0,0.0
2010-03-10 00:00:00-05:00,1.3708289609000215,1.4074595721291983,1.3637846255059647,1.3905531167984009,5449000,0.0,0.0
2010-03-11 00:00:00-05:00,1.394075467311563,1.406755289478691,1.394075467311563,1.3990064859390259,3947000,0.0,0.0
2010-03-12 00:00:00-05:00,1.4018242885882177,1.4088686249951845,1.3694203075261249,1.3842134475708008,4984000,0.0,0.0
2010-03-15 00:00:00-04:00,1.3778732719783968,1.3778732719783968,1.3405382782537356,1.368011236190796,1792000,0.0,0.0
2010-03-16 00:00:00-04:00,1.368010776191999,1.386326075324784,1.349695477059214,1.3736462593078613,1623000,0.0,0.0
2010-03-17 00:00:00-04:00,1.379987053722237,1.408164404282936,1.3778737356351587,1.4011200666427612,3094000,0.0,0.0
2010-03-18 00:00:00-04:00,1.4046420699704902,1.408868705646672,1.372238087053413,1.4074598550796509,2112000,0.0,0.0
2010-03-19 00:00:00-04:00,1.4166169166564941,1.4285924360853892,1.3870307294811064,1.4166169166564941,6365000,0.0,0.0
2010-03-22 00:00:00-04:00,1.3997101356806474,1.419434366621076,1.3877347877293749,1.4046411514282227,4734000,0.0,0.0
2010-03-23 00:00:00-04:00,1.4074597779301463,1.4300016376922133,1.4053464602078964,1.4243662357330322,2819000,0.0,0.0
2010-03-24 00:00:00-04:00,1.4229570270481757,1.4229570270481757,1.3785776993337817,1.3820998668670654,1535000,0.0,0.0
2010-03-25 00:00:00-04:00,1.3912577839777676,1.3912577839777676,1.3602626534020452,1.3842134475708008,5835000,0.0,0.0
2010-03-26 00:00:00-04:00,1.3849178377369757,1.4229573049094766,1.3849178377369757,1.4025287628173828,5250000,0.0,0.0
2010-03-29 00:00:00-04:00,1.4152085815866917,1.437045974116304,1.4046419929754417,1.4243662357330322,2961000,0.0,0.0
2010-03-30 00:00:00-04:00,1.4285921873336593,1.4447941701484646,1.4060502543869353,1.4356365203857422,3539000,0.0,0.0
2010-03-31 00:00:00-04:00,1.4363418131637522,1.456770442340453,1.4208442034520732,1.4483171701431274,6620000,0.0,0.0
2010-04-01 00:00:00-04:00,1.4574740549009564,1.4652227716836497,1.4152080521678123,1.4440897703170776,3246000,0.0,0.0
2010-04-05 00:00:00-04:00,1.4574741632110964,1.4581785462572776,1.3940750704248832,1.4271835088729858,6120000,0.0,0.0
2010-04-06 00:00:00-04:00,1.4123908464619788,1.467336602061458,1.4088685943599712,1.4567701816558838,2358000,0.0,0.0
2010-04-07 00:00:00-04:00,1.4497258874376593,1.4609966914103483,1.4370459810430407,1.4426815509796143,1446000,0.0,0.0
2010-04-08 00:00:00-04:00,1.4426808366015704,1.4426808366015704,1.4145033367719262,1.4159122705459595,1402000,0.0,0.0
2010-04-09 00:00:00-04:00,1.4159126723848712,1.418730372782461,1.3968929847633982,1.409572720527649,1983000,0.0,0.0
2010-04-12 00:00:00-04:00,1.4032329472192426,1.4194350195101941,1.3856221086096465,1.4102773666381836,2867000,0.0,0.0
2010-04-13 00:00:00-04:00,1.399006317045798,1.425774808617007,1.3912575984167,1.4194350242614746,2367000,0.0,0.0
2010-04-14 00:00:00-04:00,1.453247383425825,1.5187597027616775,1.444089732942305,1.5180553197860718,4783000,0.0,0.0
2010-04-15 00:00:00-04:00,1.5215781785882772,1.5497555242741332,1.5215781785882772,1.5469378232955933,6148000,0.0,0.0
2010-04-16 00:00:00-04:00,1.5476419176945728,1.5483463008201819,1.52650891237453,1.541301965713501,3439000,0.0,0.0
2010-04-19 00:00:00-04:00,1.5272131778762397,1.5525728158971654,1.5004447737125968,1.542710781097412,4867000,0.0,0.0
2010-04-20 00:00:00-04:00,1.5828637087516029,1.6117456023620471,1.5624350850662074,1.5758193731307983,8506000,0.0,0.0
2010-04-21 00:00:00-04:00,1.5849763682868359,1.6082226829806383,1.5117151738820576,1.538483738899231,5402000,0.0,0.0
2010-04-22 00:00:00-04:00,1.5384840084113565,1.5398929423775503,1.4771981520597126,1.5166466236114502,6441000,0.0,0.0
2010-04-23 00:00:00-04:00,1.5096024771095036,1.5229867651135784,1.4849473865232692,1.5138291120529175,1886000,0.0,0.0
2010-04-26 00:00:00-04:00,1.503967016292723,1.5518685971718318,1.5004449326127514,1.5349620580673218,2550000,0.0,0.0
2010-04-27 00:00:00-04:00,1.539892815354109,1.539892815354109,1.4666316141586149,1.4793113470077515,2506000,0.0,0.0
2010-04-28 00:00:00-04:00,1.4919915841356075,1.4997403021818072,1.4567699094480733,1.4800162315368652,3139000,0.0,0.0
2010-04-29 00:00:00-04:00,1.5025577811035422,1.5356663015851058,1.5025577811035422,1.5074889659881592,3185000,0.0,0.0
2010-04-30 00:00:00-04:00,1.5194645184682107,1.527917619498995,1.4433856014900093,1.4447945356369019,3603000,0.0,0.0
2010-05-03 00:00:00-04:00,1.4546568301576528,1.5124204532755734,1.4363415227336618,1.4877651929855347,4239000,0.0,0.0
2010-05-04 00:00:00-04:00,1.4771984953770978,1.4771984953770978,1.4032329719150578,1.4123907089233398,5540000,0.0,0.0
2010-05-05 00:00:00-04:00,1.4046420608861063,1.4130953321837993,1.3525139184425121,1.3799868822097778,6266000,0.0,0.0
2010-05-06 00:00:00-04:00,1.3785776578541789,1.3792820409545827,1.3067253751570547,1.3525135517120361,9155000,0.0,0.0
2010-05-07 00:00:00-04:00,1.355331410945535,1.3736467161698178,1.2947500942576147,1.3588535785675049,6025000,0.0,0.0
2010-05-10 00:00:00-04:00,1.4088683439656071,1.4729719100473075,1.4088683439656071,1.460996389389038,8944000,0.0,0.0
2010-05-11 00:00:00-04:00,1.432114686022399,1.4652230441926586,1.4208437162739667,1.455361008644104,2174000,0.0,0.0
2010-05-12 00:00:00-04:00,1.4483164865029887,1.4736761231743543,1.4440898523993986,1.4595874547958374,3533000,0.0,0.0
2010-05-13 00:00:00-04:00,1.4673367658490353,1.4673367658490353,1.4314106973296168,1.4412727355957031,2919000,0.0,0.0
2010-05-14 00:00:00-04:00,1.437750141485732,1.4433857105489227,1.3891442610480547,1.4250704050064087,5049000,0.0,0.0
2010-05-17 00:00:00-04:00,1.4264793733890044,1.445499062538147,1.4032329653537916,1.445499062538147,2929000,0.0,0.0
2010-05-18 00:00:00-04:00,1.451134301444108,1.4708585395052856,1.4046416585251327,1.4145036935806274,3384000,0.0,0.0
2010-05-19 00:00:00-04:00,1.3975974620691514,1.4285926723822047,1.3334939759401803,1.4102773666381836,5790000,0.0,0.0
2010-05-20 00:00:00-04:00,1.3926659549503586,1.4300009364857087,1.369419639354758,1.4159122705459595,11123000,0.0,0.0
2010-05-21 00:00:00-04:00,1.4018238023852152,1.426479055233383,1.3764641665257247,1.3954838514328003,8233000,0.0,0.0
2010-05-24 00:00:00-04:00,1.3912574125817232,1.408868248897929,1.360262290280146,1.36589777469635,4802000,0.0,0.0
2010-05-25 00:00:00-04:00,1.3384249067371488,1.3623756960705036,1.3046120820151224,1.3546268939971924,6804000,0.0,0.0
2010-05-26 00:00:00-04:00,1.3778733060313832,1.4384547084135375,1.372237820881292,1.4102773666381836,9462000,0.0,0.0
2010-05-27 00:00:00-04:00,1.4349323213233118,1.518055572487625,1.4292969206800519,1.5032625198364258,10657000,0.0,0.0
2010-05-28 00:00:00-04:00,1.5096022229041786,1.51382885713586,1.4300012273581701,1.4546564817428589,7955000,0.0,0.0
2010-06-01 00:00:00-04:00,1.4553610940026505,1.4786074179877784,1.4328191531836758,1.436341404914856,4561000,0.0,0.0
2010-06-02 00:00:00-04:00,1.4328191322769748,1.4870606660842896,1.4328191322769748,1.4870606660842896,8618000,0.0,0.0
2010-06-03 00:00:00-04:00,1.483538388719588,1.5497552747813759,1.483538388719588,1.5258044004440308,6463000,0.0,0.0
2010-06-04 00:00:00-04:00,1.5074892284882973,1.5103069289486064,1.4497256132760712,1.4659276008605957,3157000,0.0,0.0
2010-06-07 00:00:00-04:00,1.4708581385111104,1.4863555699589737,1.4476118233891726,1.4631092548370361,7353000,0.0,0.0
2010-06-08 00:00:00-04:00,1.4750850756316238,1.4863558761151885,1.4525431387641403,1.4856514930725098,11924000,0.0,0.0
2010-06-09 00:00:00-04:00,1.4969225320142272,1.542710790948589,1.4764939112627284,1.4842427968978882,8025000,0.0,0.0
2010-06-10 00:00:00-04:00,1.5145335793710883,1.5476419380121182,1.5138290282860332,1.535666584968567,10099000,0.0,0.0
2010-06-11 00:00:00-04:00,1.5145334674691993,1.548346206746818,1.509602282038951,1.5448241233825684,7929000,0.0,0.0
2010-06-14 00:00:00-04:00,1.5603218835903578,1.5610264347699658,1.501149493566347,1.5152381658554077,13409000,0.0,0.0
2010-06-15 00:00:00-04:00,1.5321442115852815,1.5990654746320188,1.5194644764149388,1.5673658847808838,12082000,0.0,0.0
2010-06-16 00:00:00-04:00,1.565252432168284,1.6547156254999138,1.5532770811129064,1.6117452383041382,26923000,0.0,0.0
2010-06-17 00:00:00-04:00,1.6406266012010116,1.668803931201265,1.6223113031108198,1.6448532342910767,20536000,0.0,0.0
2010-06-18 00:00:00-04:00,1.640627159429987,1.6575335295925624,1.606814251154645,1.6230162382125854,12720000,0.0,0.0
2010-06-21 00:00:00-04:00,1.6476714188402872,1.648375801912651,1.5765235220758163,1.619494080543518,7111000,0.0,0.0
2010-06-22 00:00:00-04:00,1.6124498586038798,1.6230162772281729,1.5567995611953622,1.5680705308914185,12008000,0.0,0.0
2010-06-23 00:00:00-04:00,1.5849766039864137,1.5990652714747242,1.5152376495342272,1.587794303894043,11441000,0.0,0.0
2010-06-24 00:00:00-04:00,1.5955429352486816,1.5976560838812695,1.4602915137049366,1.4962177276611328,17771000,0.0,0.0
2010-06-25 00:00:00-04:00,1.5103066221376658,1.5546859412102485,1.4884690701185108,1.5124199390411377,95883000,0.0,0.0
2010-06-28 00:00:00-04:00,1.5173510186847283,1.539892954622059,1.4454987448408863,1.5321440696716309,9663000,0.0,0.0
2010-06-29 00:00:00-04:00,1.499035918209286,1.499740301317573,1.434227969641492,1.4771983623504639,13274000,0.0,0.0
2010-06-30 00:00:00-04:00,1.4715627995144076,1.5011490701565042,1.456065197187562,1.4835381507873535,13444000,0.0,0.0
2010-07-01 00:00:00-04:00,1.5018534226819749,1.5180554077104405,1.4567697185789346,1.5081933736801147,11503000,0.0,0.0
2010-07-02 00:00:00-04:00,1.5131248973048996,1.527917953303254,1.498331841306545,1.5194648504257202,5534000,0.0,0.0
2010-07-06 00:00:00-04:00,1.5363710552080467,1.5645483976022005,1.4617010642734976,1.4701541662216187,10588000,0.0,0.0
2010-07-07 00:00:00-04:00,1.4617012048446647,1.527917932248918,1.4440902801795794,1.526509165763855,9493000,0.0,0.0
2010-07-08 00:00:00-04:00,1.5328489086294599,1.549755279783768,1.503967016292723,1.5349620580673218,2914000,0.0,0.0
2010-07-09 00:00:00-04:00,1.531440288520913,1.5504599809646606,1.5145339138987193,1.5504599809646606,3255000,0.0,0.0
2010-07-12 00:00:00-04:00,1.5391888454055183,1.5765238430448967,1.5110115013720415,1.5567997694015503,4995000,0.0,0.0
2010-07-13 00:00:00-04:00,1.5715921508295472,1.5849764338921357,1.5596168015446534,1.583567500114441,6589000,0.0,0.0
2010-07-14 00:00:00-04:00,1.5849768063335268,1.6103364446400736,1.5652525685616856,1.5701837539672852,5384000,0.0,0.0
2010-07-15 00:00:00-04:00,1.5673657052868009,1.6201982930049308,1.543415003846653,1.6138583421707153,8355000,0.0,0.0
2010-07-16 00:00:00-04:00,1.5983609565851888,1.616676258690368,1.548346067305635,1.5490504503250122,6599000,0.0,0.0
2010-07-19 00:00:00-04:00,1.5532769799198598,1.575818914526224,1.5342572960739351,1.5687745809555054,5262000,0.0,0.0
2010-07-20 00:00:00-04:00,1.5518686523172862,1.5560952872436067,1.5215779926122668,1.549755334854126,7122000,0.0,0.0
2010-07-21 00:00:00-04:00,1.5617305830219805,1.57511487006786,1.5300309911659913,1.5335532426834106,5036000,0.0,0.0
2010-07-22 00:00:00-04:00,1.5518687504283575,1.615972157696222,1.5420065456600398,1.6096323728561401,8397000,0.0,0.0
2010-07-23 00:00:00-04:00,1.6131540043399641,1.629355989403162,1.584976668221389,1.6117452383041382,6317000,0.0,0.0
2010-07-26 00:00:00-04:00,1.6124500486697921,1.616676683797798,1.5434154561129378,1.6061100959777832,6892000,0.0,0.0
2010-07-27 00:00:00-04:00,1.6096320674636186,1.624425119884109,1.5659571253338354,1.5793414115905762,9720000,0.0,0.0
2010-07-28 00:00:00-04:00,1.5765236619436125,1.588499182937363,1.5335532676137993,1.535666584968567,3550000,0.0,0.0
2010-07-29 00:00:00-04:00,1.5434152782118709,1.5490506790995062,1.5046713512712393,1.5335532426834106,5103000,0.0,0.0
2010-07-30 00:00:00-04:00,1.5201692859417442,1.5434156135670738,1.4856519861419766,1.5328491926193237,2775000,0.0,0.0
2010-08-02 00:00:00-04:00,1.5483464662770674,1.6061100875045728,1.5215780571912758,1.5377800464630127,10105000,0.0,0.0
2010-08-03 00:00:00-04:00,1.5300305764956252,1.5427104769815807,1.505375494356519,1.5215774774551392,4176000,0.0,0.0
2010-08-04 00:00:00-04:00,1.5279171873530102,1.5814541505400321,1.496922156439516,1.5737054347991943,6168000,0.0,0.0
2010-08-05 00:00:00-04:00,1.5575037321136354,1.602587604755373,1.5575037321136354,1.601883053779602,4639000,0.0,0.0
2010-08-06 00:00:00-04:00,1.5892036209724947,1.6011789744297438,1.5772282675152454,1.5913169384002686,2716000,0.0,0.0
2010-08-09 00:00:00-04:00,1.5976568053608071,1.6152677288529882,1.5835681337471479,1.613154411315918,2267000,0.0,0.0
2010-08-10 00:00:00-04:00,1.5906119903777702,1.6075185255811923,1.5638435895559568,1.5708879232406616,3722000,0.0,0.0
2010-08-11 00:00:00-04:00,1.4469077942569892,1.461701016091437,1.3581491350511157,1.4250704050064087,23300000,0.0,0.0
2010-08-12 00:00:00-04:00,1.4405680889599308,1.4715631326808212,1.4229571656036129,1.437750220298767,18324000,0.0,0.0
2010-08-13 00:00:00-04:00,1.4356368250274603,1.4476121769621526,1.4053460857057296,1.4081637859344482,39578000,0.0,0.0
2010-08-16 00:00:00-04:00,1.4081636457923168,1.430001114304417,1.3884394942289817,1.4278877973556519,14858000,0.0,0.0
2010-08-17 00:00:00-04:00,1.4363415239302026,1.4588834666170039,1.4292971878343548,1.4349325895309448,7749000,0.0,0.0
2010-08-18 00:00:00-04:00,1.431410026010327,1.4666316946921416,1.415208041621676,1.461700677871704,8339000,0.0,0.0
2010-08-19 00:00:00-04:00,1.456065337011281,1.468745240482743,1.4356368835575761,1.4447945356369019,5891000,0.0,0.0
2010-08-20 00:00:00-04:00,1.4292968816419491,1.4476121851575852,1.4292968816419491,1.4391589164733887,4158000,0.0,0.0
2010-08-23 00:00:00-04:00,1.4398635132697208,1.4490211663868335,1.4243660756486147,1.4370458126068115,5772000,0.0,0.0
2010-08-24 00:00:00-04:00,1.4088679699352276,1.4426808697373341,1.4053458033693924,1.425774335861206,10926000,0.0,0.0
2010-08-25 00:00:00-04:00,1.4264787940507218,1.4384541428014201,1.3884392632512896,1.4292964935302734,11221000,0.0,0.0
2010-08-26 00:00:00-04:00,1.4454990421148854,1.4807207192916196,1.427183736392943,1.451134443283081,7769000,0.0,0.0
2010-08-27 00:00:00-04:00,1.4525435846989163,1.4546569024259233,1.4095730148500818,1.4307060241699219,10518000,0.0,0.0
2010-08-30 00:00:00-04:00,1.423661365627595,1.4342279518719465,1.4039372952383928,1.4088683128356934,5904000,0.0,0.0
2010-08-31 00:00:00-04:00,1.3947797661504089,1.4264793597288927,1.3877354306829908,1.4194350242614746,6339000,0.0,0.0
2010-09-01 00:00:00-04:00,1.4300010135608678,1.50467098065618,1.420138980461522,1.4793113470077515,11095000,0.0,0.0
2010-09-02 00:00:00-04:00,1.4941042306886032,1.4962175470161787,1.467335669172725,1.4828332662582397,3047000,0.0,0.0
2010-09-03 00:00:00-04:00,1.4912868149248997,1.4941045145803464,1.460291614864536,1.4779025316238403,5240000,0.0,0.0
2010-09-07 00:00:00-04:00,1.4645188018533613,1.4786074734057095,1.441976860189519,1.4497257471084595,4393000,0.0,0.0
2010-09-08 00:00:00-04:00,1.4483166011354223,1.4574742531012925,1.3940751564049196,1.4145036935806274,10604000,0.0,0.0
2010-09-09 00:00:00-04:00,1.4180263651930056,1.4300017210167266,1.3729425590667772,1.3856223821640015,15500000,0.0,0.0
2010-09-10 00:00:00-04:00,1.3764644530658243,1.3842132556290465,1.2968633619348378,1.313769817352295,25537000,0.0,0.0
2010-09-13 00:00:00-04:00,1.322222707216009,1.343355708777833,1.321518324215665,1.3349025249481201,11641000,0.0,0.0
2010-09-14 00:00:00-04:00,1.3264498848131627,1.421548430821041,1.3109522768021549,1.4018243551254272,12115000,0.0,0.0
2010-09-15 00:00:00-04:00,1.3947798505353701,1.4166172414204787,1.3320852106972276,1.346173882484436,11064000,0.0,0.0
2010-09-16 00:00:00-04:00,1.3391296926108769,1.3842134976309923,1.3384252253546576,1.3560360670089722,8576000,0.0,0.0
2010-09-17 00:00:00-04:00,1.3666025826068304,1.4314105435954063,1.3595581623481867,1.4116863012313843,15408000,0.0,0.0
2010-09-20 00:00:00-04:00,1.4187303745816664,1.4779029227570613,1.3940752021586498,1.4532476663589478,12498000,0.0,0.0
2010-09-21 00:00:00-04:00,1.4617004890418535,1.5441191663150224,1.439158556817507,1.4631092548370361,9719000,0.0,0.0
2010-09-22 00:00:00-04:00,1.4652229049547465,1.5110111627221274,1.4581785705251633,1.4624052047729492,14238000,0.0,0.0
2010-09-23 00:00:00-04:00,1.4546565828472653,1.525099931770783,1.4243659260151338,1.5025579929351807,10337000,0.0,0.0
2010-09-24 00:00:00-04:00,1.5060801127271441,1.534257449833891,1.5018534785710966,1.5201687812805176,7934000,0.0,0.0
2010-09-27 00:00:00-04:00,1.5483458979157156,1.5575035479664532,1.5307351487067113,1.5462325811386108,6663000,0.0,0.0
2010-09-28 00:00:00-04:00,1.5567992558712518,1.5793411908423727,1.5363706378005586,1.5708879232406616,6547000,0.0,0.0
2010-09-29 00:00:00-04:00,1.5708880676404184,1.584976736304892,1.5582081650722852,1.5730013847351074,3880000,0.0,0.0
2010-09-30 00:00:00-04:00,1.5765239036971184,1.6201988558093625,1.5737062027754114,1.5856815576553345,10464000,0.0,0.0
2010-10-01 00:00:00-04:00,1.59342994772652,1.5962476477686602,1.5744100945541841,1.5941343307495117,6330000,0.0,0.0
2010-10-04 00:00:00-04:00,1.5920213116010458,1.5941346290156004,1.5441197301214782,1.5715926885604858,7856000,0.0,0.0
2010-10-05 00:00:00-04:00,1.5807501323954902,1.593430035206513,1.5673658465228049,1.5814545154571533,4099000,0.0,0.0
2010-10-06 00:00:00-04:00,1.579341310120299,1.598360995710426,1.5384840708932173,1.5694791078567505,10263000,0.0,0.0
2010-10-07 00:00:00-04:00,1.5737057001839247,1.6180850213656977,1.5680703001402783,1.6117452383041382,8158000,0.0,0.0
2010-10-08 00:00:00-04:00,1.5955434370820671,1.5997699036266968,1.5532772600840552,1.563843846321106,11144000,0.0,0.0
2010-10-11 00:00:00-04:00,1.5680700357058837,1.582158701389303,1.5546857529215925,1.5737054347991943,3876000,0.0,0.0
2010-10-12 00:00:00-04:00,1.5772277377291857,1.5772277377291857,1.5314394887578933,1.5511635541915894,8550000,0.0,0.0
2010-10-13 00:00:00-04:00,1.5645483891460399,1.5666617066092001,1.5173513576859463,1.549755334854126,9490000,0.0,0.0
2010-10-14 00:00:00-04:00,1.5518684559952196,1.5849768121459478,1.5349619184287315,1.5793414115905762,8488000,0.0,0.0
2010-10-15 00:00:00-04:00,1.588499217832974,1.6004745711395958,1.5434153372078065,1.5983612537384033,8650000,0.0,0.0
2010-10-18 00:00:00-04:00,1.6032919877809713,1.6047009217823405,1.5786367344331351,1.601883053779602,4626000,0.0,0.0
2010-10-19 00:00:00-04:00,1.5758193734194965,1.6004746320719332,1.556799684034861,1.577228307723999,5217000,0.0,0.0
2010-10-20 00:00:00-04:00,1.5877948142483311,1.5955437014226899,1.5553908350197891,1.5567997694015503,3061000,0.0,0.0
2010-10-21 00:00:00-04:00,1.5638434982977683,1.5645478812400855,1.5427104984768711,1.5462325811386108,3467000,0.0,0.0
2010-10-22 00:00:00-04:00,1.5497547689512288,1.5842720509783617,1.5462325184820649,1.583567500114441,5244000,0.0,0.0
2010-10-25 00:00:00-04:00,1.584977136951657,1.6286520880316473,1.578637184064992,1.6103367805480957,6475000,0.0,0.0
2010-10-26 00:00:00-04:00,1.606109976120049,1.654011557412381,1.5948390059365471,1.6497849225997925,14787000,0.0,0.0
2010-10-27 00:00:00-04:00,1.6490803619993928,1.673031066093255,1.6335827586709133,1.6695088148117065,11251000,0.0,0.0
2010-10-28 00:00:00-04:00,1.6878239593901037,1.6941639103295103,1.626538270826346,1.6504889726638794,13518000,0.0,0.0
2010-10-29 00:00:00-04:00,1.6561243525465807,1.7575627163082894,1.6455577688473662,1.7385430335998535,13607000,0.0,0.0
2010-11-01 00:00:00-04:00,1.725863543099665,1.7420655284100914,1.6744398871035664,1.678666353225708,8575000,0.0,0.0
2010-11-02 00:00:00-04:00,1.697686672011281,1.7216373810541454,1.6814846822587037,1.6962777376174927,4040000,0.0,0.0
2010-11-03 00:00:00-04:00,1.6990947343730363,1.7448829838193822,1.687823767743924,1.7385430335998535,5849000,0.0,0.0
2010-11-04 00:00:00-04:00,1.7582677263180104,1.7871494493873863,1.737839104465182,1.781514048576355,9831000,0.0,0.0
2010-11-05 00:00:00-04:00,1.786445284539977,1.8103959928384297,1.7716522296409705,1.7871496677398682,6295000,0.0,0.0
2010-11-08 00:00:00-05:00,1.7716514888579837,1.8019421371406337,1.7561538892889033,1.778695821762085,3744000,0.0,0.0
2010-11-09 00:00:00-05:00,1.7843314133447847,1.7927846809214458,1.7455874942186385,1.7491097450256348,4079000,0.0,0.0
2010-11-10 00:00:00-05:00,1.7505192695411036,1.7561548396843276,1.717410903769265,1.7336128950119019,2680000,0.0,0.0
2010-11-11 00:00:00-05:00,1.7188194931541763,1.768129840267148,1.6800755650188832,1.7505189180374146,12118000,0.0,0.0
2010-11-12 00:00:00-05:00,1.7477014331214273,1.8181449627808102,1.7300906766692483,1.811805009841919,10075000,0.0,0.0
2010-11-15 00:00:00-05:00,1.8280067129245412,1.8287110960460133,1.7667208467011832,1.7730607986450195,4987000,0.0,0.0
2010-11-16 00:00:00-05:00,1.7624944645797747,1.7660165483063068,1.7202282842099628,1.7540411949157715,5697000,0.0,0.0
2010-11-17 00:00:00-05:00,1.751927697320487,1.7751740185554934,1.7258636758040038,1.732908010482788,6378000,0.0,0.0
2010-11-18 00:00:00-05:00,1.7448830067438006,1.77235595677255,1.738543056440977,1.7660160064697266,6640000,0.0,0.0
2010-11-19 00:00:00-05:00,1.7561538205897211,1.784331151103854,1.749813870839,1.7801045179367065,3454000,0.0,0.0
2010-11-22 00:00:00-05:00,1.7843320797981301,1.8322336673736574,1.7843320797981301,1.8322336673736572,9078000,0.0,0.0
2010-11-23 00:00:00-05:00,1.8244846365159912,1.8357556072922196,1.8075782643267546,1.8301202058792114,6454000,0.0,0.0
2010-11-24 00:00:00-05:00,1.8399823001927487,1.85970654165901,1.8364602161864054,1.852662205696106,8239000,0.0,0.0
2010-11-26 00:00:00-05:00,1.8491397213653855,1.905494401986744,1.8435043204833281,1.9026767015457153,6268000,0.0,0.0
2010-11-29 00:00:00-05:00,1.906903380738032,1.9090166981057313,1.8568884829528178,1.8963367938995361,10205000,0.0,0.0
2010-11-30 00:00:00-05:00,1.8963365640355105,1.9195828843122038,1.8378685718168846,1.8392775058746338,54355000,0.0,0.0
2010-12-01 00:00:00-05:00,1.8653418902879482,1.9019725034351087,1.8519576019533759,1.8921104669570923,16522000,0.0,0.0
2010-12-02 00:00:00-05:00,1.8991549882301242,2.0062289694653006,1.8899973340488112,2.001297950744629,19060000,0.0,0.0
2010-12-03 00:00:00-05:00,1.9724156998093143,1.9724156998093143,1.863228420435874,1.8702727556228638,26279000,0.0,0.0
2010-12-06 00:00:00-05:00,1.8914062976837156,1.8942239989677165,1.851957975856965,1.8914062976837158,8971000,0.0,0.0
2010-12-07 00:00:00-05:00,1.7441797033829654,1.7815147094693435,1.724455457326814,1.7512240409851074,117381000,0.0,0.0
2010-12-08 00:00:00-05:00,1.7603811657425836,1.8132135978495776,1.7512235128266662,1.7892628908157349,49077000,0.0,0.0
2010-12-09 00:00:00-05:00,1.813213726521722,1.8674552647037006,1.8012383721549867,1.8604109287261963,34051000,0.0,0.0
2010-12-10 00:00:00-05:00,1.8808396492525195,1.8808396492525195,1.8428000986761581,1.8597066402435303,14052000,0.0,0.0
2010-12-13 00:00:00-05:00,1.878776719461796,1.8858397828719387,1.861118976738082,1.8773640394210815,12177000,0.007,0.0
2010-12-14 00:00:00-05:00,1.8823075999119523,1.8893706611943049,1.8342786821539558,1.85688054561615,9460000,0.0,0.0
2010-12-15 00:00:00-05:00,1.8575870686131672,1.8978465032283427,1.8300410776250624,1.8646501302719116,18005000,0.0,0.0
2010-12-16 00:00:00-05:00,1.8787771156116095,1.9529393812539593,1.8660634977545922,1.9522329568862915,24425000,0.0,0.0
2010-12-17 00:00:00-05:00,1.9578825315581625,2.0059112815172666,1.9444626644356682,1.989666223526001,36401000,0.0,0.0
2010-12-20 00:00:00-05:00,1.969889909582727,2.0087368350749055,1.956470041162215,1.9642393589019775,14602000,0.0,0.0
2010-12-21 00:00:00-05:00,1.9741276905585852,1.9840159433035636,1.9543510166719538,1.9691835641860962,14950000,0.0,0.0
2010-12-22 00:00:00-05:00,1.9741281717670638,1.991079490375705,1.9345749827490908,1.9875478744506836,9600000,0.0,0.0
2010-12-23 00:00:00-05:00,1.9868403673171997,2.0101484788734583,1.9713015701474907,1.9868403673171997,5885000,0.0,0.0
2010-12-27 00:00:00-05:00,1.9847222118810688,2.044052065530609,1.9649457062623392,2.0313384532928467,13311000,0.0,0.0
2010-12-28 00:00:00-05:00,2.0320452242607914,2.0341641599954983,1.9931982936534365,1.9988486766815186,5836000,0.0,0.0
2010-12-29 00:00:00-05:00,2.009443980680924,2.0249827914387835,1.9882547851366192,2.0221574306488037,6296000,0.0,0.0
2010-12-30 00:00:00-05:00,2.022863864617909,2.043346635863275,2.002380924975785,2.0398151874542236,6815000,0.0,0.0
2010-12-31 00:00:00-05:00,2.0412270796260907,2.0412270796260907,1.9981422805751143,2.006618022918701,6177000,0.0,0.0
2011-01-03 00:00:00-05:00,2.027100723489254,2.027100723489254,1.9550574209895268,1.9635331630706787,14436000,0.0,0.0
2011-01-04 00:00:00-05:00,1.963533338085884,1.9988486525772895,1.9049098991904803,1.9776594638824463,16262000,0.0,0.0
2011-01-05 00:00:00-05:00,1.9670646575339927,1.9896663543671214,1.9600015956992631,1.9769529104232788,9537000,0.0,0.0
2011-01-06 00:00:00-05:00,1.980485505330307,2.0150945789041224,1.961415244160206,2.0143883228302,9598000,0.0,0.0
2011-01-07 00:00:00-05:00,2.010856347645888,2.013681708232088,1.9621213192867373,1.9974366426467896,8774000,0.0,0.0
2011-01-10 00:00:00-05:00,1.9960238334185396,2.055353707548351,1.9727157046668427,2.0412275791168213,15385000,0.0,0.0
2011-01-11 00:00:00-05:00,2.0581785123540848,2.0666542551771707,2.0369893236930725,2.065241575241089,13549000,0.0,0.0
2011-01-12 00:00:00-05:00,2.068066322613557,2.0715979374970206,1.9790717156689437,1.989666223526001,15599000,0.0,0.0
2011-01-13 00:00:00-05:00,2.0059108631697216,2.0242748525817857,1.9790713029189875,2.0023794174194336,9645000,0.0,0.0
2011-01-14 00:00:00-05:00,2.001673712608245,2.052527656820054,1.9776591676340458,2.0489962100982666,9776000,0.0,0.0
2011-01-18 00:00:00-05:00,1.9529392387394704,1.9698905595817313,1.9232743009679603,1.9600023031234741,100182000,0.0,0.0
2011-01-19 00:00:00-05:00,1.97765921807797,2.012974528180014,1.9430501636589623,1.9607079029083252,29795000,0.0,0.0
2011-01-20 00:00:00-05:00,1.9557636378224874,1.964945634638399,1.926804967712047,1.9564698934555054,20963000,0.0,0.0
2011-01-21 00:00:00-05:00,1.9769526617616464,1.9896661041063888,1.9536445437990722,1.961413860321045,12490000,0.0,0.0
2011-01-24 00:00:00-05:00,1.9931982979858618,1.9931982979858618,1.947994560076131,1.9840162992477417,21495000,0.0,0.0
2011-01-25 00:00:00-05:00,1.9882536132902775,1.9882536132902775,1.9352805714526402,1.9790716171264648,14548000,0.0,0.0
2011-01-26 00:00:00-05:00,1.9868411216772648,2.0044988600924003,1.9635330012714232,1.9953168630599976,15209000,0.0,0.0
2011-01-27 00:00:00-05:00,2.007324904481008,2.0793682316726856,2.007324904481008,2.0638294219970703,37302000,0.0,0.0
2011-01-28 00:00:00-05:00,2.06947878510168,2.073716655158502,1.9684768328684754,1.9811904430389404,13722000,0.0,0.0
2011-01-31 00:00:00-05:00,1.9804838663398137,2.0398137057657943,1.9741272301415294,2.027806520462036,13104000,0.0,0.0
2011-02-01 00:00:00-05:00,2.0426391860943256,2.083605041437162,2.0313382546757275,2.0532338619232178,15835000,0.0,0.0
2011-02-02 00:00:00-05:00,2.0497025878095507,2.0765423254386444,2.027100721216281,2.0341639518737793,11300000,0.0,0.0
2011-02-03 00:00:00-05:00,2.0327514976997914,2.089256002058318,2.0200378831810992,2.0772488117218018,12326000,0.0,0.0
2011-02-04 00:00:00-05:00,2.1040887451458365,2.205090572782038,2.0991444490043416,2.2036778926849365,25500000,0.0,0.0
2011-02-07 00:00:00-05:00,2.201558593396862,2.2234540350348904,2.1584737974037345,2.1747188568115234,9762000,0.0,0.0
2011-02-08 00:00:00-05:00,2.2178040917801174,2.277840046347028,2.1895516698468067,2.2538256645202637,34684000,0.0,0.0
2011-02-09 00:00:00-05:00,2.255237879407354,2.3272811784252516,2.2425242669000713,2.3145675659179688,42916000,0.0,0.0
2011-02-10 00:00:00-05:00,2.3301065234558465,2.330812779176239,2.2707766646289125,2.2940847873687744,35043000,0.0,0.0
2011-02-11 00:00:00-05:00,2.2976159358086075,2.3555331030272812,2.2827835583146743,2.351295232772827,27725000,0.0,0.0
2011-02-14 00:00:00-05:00,2.3717783860054955,2.426163943727302,2.3717783860054955,2.404268503189087,25997000,0.0,0.0
2011-02-15 00:00:00-05:00,2.393674148182206,2.4198076312868055,2.3604777708938762,2.380960702896118,19788000,0.0,0.0
2011-02-16 00:00:00-05:00,2.395086837154666,2.4438220196637297,2.388023774547412,2.428283214569092,12605000,0.0,0.0
2011-02-17 00:00:00-05:00,2.4247517896717143,2.4311084281987756,2.3527084830592093,2.375310182571411,34387000,0.0,0.0
2011-02-18 00:00:00-05:00,2.3851994439538586,2.4063886394223712,2.375311018017814,2.3908498287200928,15639000,0.0,0.0
2011-02-22 00:00:00-05:00,2.347763161852386,2.347763161852386,2.2693632509671335,2.3025596141815186,20118000,0.0,0.0
2011-02-23 00:00:00-05:00,2.3294009327183502,2.3308134445623705,2.183901603789724,2.213566541671753,33272000,0.0,0.0
2011-02-24 00:00:00-05:00,2.2495876631360563,2.409919344271186,2.236167792960728,2.400031089782715,35331000,0.0,0.0
2011-02-25 00:00:00-05:00,2.4183948424147292,2.4431156445303963,2.38731740214086,2.426870584487915,19132000,0.0,0.0
2011-02-28 00:00:00-05:00,2.4254585713618395,2.4388784438675377,2.3654224414335987,2.400737762451172,16263000,0.0,0.0
2011-03-01 00:00:00-05:00,2.277840392251658,2.2933792014151395,2.2488818784981253,2.265126943588257,101318000,0.0,0.0
2011-03-02 00:00:00-05:00,2.2679513559895037,2.2983225395517257,2.263007229409221,2.2926721572875977,26617000,0.0,0.0
2011-03-03 00:00:00-05:00,2.3159812602899987,2.336464199371935,2.2849036394771463,2.3308136463165283,32848000,0.0,0.0
2011-03-04 00:00:00-05:00,2.335050445954455,2.3414072520717837,2.296203521988571,2.3159801959991455,20498000,0.0,0.0
2011-03-07 00:00:00-05:00,2.3308140472416103,2.3308140472416103,2.2298121832183164,2.258770704269409,16709000,0.0,0.0
2011-03-08 00:00:00-05:00,2.2545312925750802,2.299028764741475,2.2312231730577627,2.2877278327941895,19603000,0.0,0.0
2011-03-09 00:00:00-05:00,2.2418179055521934,2.2524124137455153,2.185313412796685,2.1895511150360107,43929000,0.0,0.0
2011-03-10 00:00:00-05:00,2.1761321366738207,2.1980275843499006,2.129515881030718,2.190258264541626,36191000,0.0,0.0
2011-03-11 00:00:00-05:00,2.1881386714264077,2.2262791715365906,2.1690684213713163,2.205796241760254,13135000,0.0,0.0
2011-03-14 00:00:00-04:00,2.195907920990007,2.201558471303561,2.1697746099302515,2.1895511150360107,16414000,0.0,0.0
2011-03-15 00:00:00-04:00,2.1358725384110686,2.209328538650371,2.10832653832133,2.1944961547851562,19796000,0.0,0.0
2011-03-16 00:00:00-04:00,2.1916631712741412,2.2015769516766284,2.0819030014184894,2.093233108520508,28724000,0.008,0.0
2011-03-17 00:00:00-04:00,2.143509575095525,2.1463420587603768,2.001883534708015,2.076237201690674,38143000,0.0,0.0
2011-03-18 00:00:00-04:00,2.129347298185795,2.159088803078467,2.1144766301551496,2.147050619125366,30697000,0.0,0.0
2011-03-21 00:00:00-04:00,2.1810416389905107,2.2058262644632025,2.165462885910715,2.1944961547851562,19947000,0.0,0.0
2011-03-22 00:00:00-04:00,2.2058257412548072,2.216447769318323,2.1562566708983533,2.174668073654175,15176000,0.0,0.0
2011-03-23 00:00:00-04:00,2.1753765490339347,2.196620440201162,2.1491757668108313,2.1959123611450195,12364000,0.0,0.0
2011-03-24 00:00:00-04:00,2.214322853234364,2.2185714946489163,2.1668780305967332,2.200160264968872,13371000,0.0,0.0
2011-03-25 00:00:00-04:00,2.205826124414718,2.2086586094465326,2.178917094533889,2.184582233428955,9122000,0.0,0.0
2011-03-28 00:00:00-04:00,2.1859985303187597,2.2306108899358943,2.1767928267573127,2.1944961547851562,10740000,0.0,0.0
2011-03-29 00:00:00-04:00,2.1994529280143027,2.202993660962332,2.1675871756392358,2.193079710006714,14708000,0.0,0.0
2011-03-30 00:00:00-04:00,2.23061051526359,2.2369835637114677,2.1675869279409876,2.2299022674560547,17353000,0.0,0.0
2011-03-31 00:00:00-04:00,2.2327340842916845,2.2518535601330094,2.1817487028272464,2.202284336090088,15803000,0.0,0.0
2011-04-01 00:00:00-04:00,2.2306099425700494,2.25893512031941,2.1994521119806514,2.2320261001586914,16029000,0.0,0.0
2011-04-04 00:00:00-04:00,2.2369833383532782,2.2369833383532782,2.1215582041350625,2.1668784618377686,18790000,0.0,0.0
2011-04-05 00:00:00-04:00,2.1775010743538337,2.294342566591841,2.167587291698839,2.2426490783691406,20444000,0.0,0.0
2011-04-06 00:00:00-04:00,2.2759310995796334,2.326916507365688,2.247605910549924,2.3205432891845703,21373000,0.0,0.0
2011-04-07 00:00:00-04:00,2.3276251512712376,2.3347064502470363,2.287969843240467,2.299299955368042,16580000,0.0,0.0
2011-04-08 00:00:00-04:00,2.3269163213848296,2.3467438845883133,2.285136620255855,2.3063805103302,8340000,0.0,0.0
2011-04-11 00:00:00-04:00,2.2872609391505434,2.310629234226654,2.247605645420434,2.282304048538208,8896000,0.0,0.0
2011-04-12 00:00:00-04:00,2.267432644941851,2.277346592536644,2.1867059195378182,2.2214043140411377,18839000,0.0,0.0
2011-04-13 00:00:00-04:00,2.2568113102384113,2.2865528222507883,2.217156017165716,2.251854419708252,8770000,0.0,0.0
2011-04-14 00:00:00-04:00,2.232734251745778,2.251145481425822,2.1739593247294793,2.200160264968872,11746000,0.0,0.0
2011-04-15 00:00:00-04:00,2.195203835561323,2.2546868583700324,2.1654624929883863,2.247605562210083,12119000,0.0,0.0
2011-04-18 00:00:00-04:00,2.222820801669695,2.244772936569216,2.1619216247515403,2.237691640853882,8052000,0.0,0.0
2011-04-19 00:00:00-04:00,2.23485950595306,2.26530910147594,2.2263620504222343,2.249730348587036,7237000,0.0,0.0
2011-04-20 00:00:00-04:00,2.2787626717977405,2.309920502313117,2.261767598954775,2.3056716918945312,11153000,0.0,0.0
2011-04-21 00:00:00-04:00,2.3283320701446435,2.341078333491857,2.3028393746188285,2.308504343032837,8335000,0.0,0.0
2011-04-25 00:00:00-04:00,2.3042555599353163,2.315585665730573,2.2660166006037916,2.2830116748809814,6000000,0.0,0.0
2011-04-26 00:00:00-04:00,2.307088764041262,2.307088764041262,2.2553952773963464,2.290801763534546,11000000,0.0,0.0
2011-04-27 00:00:00-04:00,2.2844284505324537,2.372236492253692,2.2773471541221695,2.3644471168518066,9822000,0.0,0.0
2011-04-28 00:00:00-04:00,2.358073790636959,2.3948965978040855,2.326916121635538,2.32904052734375,7214000,0.0,0.0
2011-04-29 00:00:00-04:00,2.3325812675748425,2.372236562411506,2.317002516310337,2.3694040775299072,8180000,0.0,0.0
2011-05-02 00:00:00-04:00,2.3892318653815696,2.3892318653815696,2.3311651642059497,2.347452163696289,7082000,0.0,0.0
2011-05-03 00:00:00-04:00,2.357365505055382,2.3672792849371547,2.2752224439195197,2.2773468494415283,11762000,0.0,0.0
2011-05-04 00:00:00-04:00,2.283720388877086,2.309213091798545,2.260352091935035,2.3042562007904053,7482000,0.0,0.0
2011-05-05 00:00:00-04:00,2.3014239987674534,2.365155679492458,2.271682480229868,2.353825569152832,8190000,0.0,0.0
2011-05-06 00:00:00-04:00,2.3970217722482174,2.478456787741556,2.3807347691495497,2.472083568572998,19072000,0.0,0.0
2011-05-09 00:00:00-04:00,2.478456198688066,2.5237764636198015,2.4536715759218706,2.5110301971435547,13743000,0.0,0.0
2011-05-10 00:00:00-04:00,2.532274029444678,2.562015542319982,2.5216521690951295,2.5358147621154785,16750000,0.0,0.0
2011-05-11 00:00:00-04:00,2.5358145003740615,2.5542259031664147,2.5159867708932935,2.5400631427764893,13834000,0.0,0.0
2011-05-12 00:00:00-04:00,2.5464370335712,2.554226579171963,2.4664183532045745,2.4827053546905518,20255000,0.0,0.0
2011-05-13 00:00:00-04:00,2.482704593977904,2.507489043755021,2.469958160808471,2.4706664085388184,10121000,0.0,0.0
2011-05-16 00:00:00-04:00,2.4572123887137525,2.477039952507421,2.41755709229498,2.4260547161102295,7560000,0.0,0.0
2011-05-17 00:00:00-04:00,2.414724156848008,2.438800528057998,2.394896427921648,2.426762342453003,12570000,0.0,0.0
2011-05-18 00:00:00-04:00,2.4352602398830623,2.4607529423900587,2.3835667558312585,2.4522554874420166,6843000,0.0,0.0
2011-05-19 00:00:00-04:00,2.4572122077300627,2.4827049084667348,2.4522553171467405,2.4650015830993652,7067000,0.0,0.0
2011-05-20 00:00:00-04:00,2.46712573386542,2.4933265108823095,2.4288867711289543,2.4352598190307617,13164000,0.0,0.0
2011-05-23 00:00:00-04:00,2.401977559248267,2.4026856381085504,2.250437709107024,2.268141031265259,24924000,0.0,0.0
2011-05-24 00:00:00-04:00,2.2752230069251467,2.2879692743798707,2.2291944906108383,2.245481491088867,28000000,0.0,0.0
2011-05-25 00:00:00-04:00,2.322667005946719,2.45579545617667,2.3092124945010712,2.443049192428589,67195000,0.0,0.0
2011-05-26 00:00:00-04:00,2.4458818885384734,2.4678338547734215,2.3828583055436,2.4579200744628906,18410000,0.0,0.0
2011-05-27 00:00:00-04:00,2.4642929781220877,2.4869531892360923,2.4196808035629696,2.479163646697998,17129000,0.0,0.0
2011-05-31 00:00:00-04:00,2.3977293270228928,2.4126001684971015,2.3701122188307955,2.3927724361419678,107163000,0.0,0.0
2011-06-01 00:00:00-04:00,2.396312881650135,2.4253461444235365,2.382858368682816,2.3913559913635254,33826000,0.0,0.0
2011-06-02 00:00:00-04:00,2.394188024826742,2.41826439277666,2.335413262577601,2.373652219772339,23147000,0.0,0.0
2011-06-03 00:00:00-04:00,2.3878157560291164,2.4175572727713295,2.3439116444251735,2.3998539447784424,40817000,0.0,0.0
2011-06-06 00:00:00-04:00,2.408351418589071,2.408351418589071,2.3552416067638027,2.360198497772217,13823000,0.0,0.0
2011-06-07 00:00:00-04:00,2.3934806765323815,2.4253464276433383,2.3651553205661284,2.4111838340759277,49845000,0.0,0.0
2011-06-08 00:00:00-04:00,2.393480669656795,2.4196814507980955,2.3545334530425817,2.365863561630249,17524000,0.0,0.0
2011-06-09 00:00:00-04:00,2.428887058809876,2.4529634331006687,2.389939843713596,2.4239301681518555,32459000,0.0,0.0
2011-06-10 00:00:00-04:00,2.427470550093714,2.4352599249967555,2.363738886482633,2.3913559913635254,14248000,0.0,0.0
2011-06-13 00:00:00-04:00,2.391355999061419,2.4295949635848775,2.3354137101732984,2.3701119422912598,23053000,0.0,0.0
2011-06-14 00:00:00-04:00,2.390646654137331,2.440215872076919,2.3899385755137565,2.423220634460449,21844000,0.0,0.0
2011-06-15 00:00:00-04:00,2.4239308952060914,2.435290875443076,2.3777810283922647,2.382750988006592,19194000,0.009,0.0
2011-06-16 00:00:00-04:00,2.3721025806559424,2.376362427745659,2.318852714629577,2.369262456893921,21770000,0.0,0.0
2011-06-17 00:00:00-04:00,2.3912712554461346,2.4026312368229914,2.285481693368795,2.3074915409088135,20208000,0.0,0.0
2011-06-20 00:00:00-04:00,2.304652555071952,2.3536424001010317,2.285482652512017,2.325242519378662,19129000,0.0,0.0
2011-06-21 00:00:00-04:00,2.3401515285943004,2.442391196283967,2.332341615106771,2.4189612865448,18439000,0.0,0.0
2011-06-22 00:00:00-04:00,2.4125717333605965,2.5765811333747943,2.3820418501758596,2.5559911727905273,38382000,0.0,0.0
2011-06-23 00:00:00-04:00,2.519071362010401,2.5609612280537397,2.472921480898824,2.5432112216949463,38113000,0.0,0.0
2011-06-24 00:00:00-04:00,2.54037157577432,2.5439214759100923,2.4849917117326106,2.52191162109375,102656000,0.0,0.0
2011-06-27 00:00:00-04:00,2.5240410384439356,2.557410870586564,2.484991130425519,2.5169410705566406,18084000,0.0,0.0
2011-06-28 00:00:00-04:00,2.5425006755675112,2.653970140737233,2.5425006755675112,2.6234402656555176,31148000,0.0,0.0
2011-06-29 00:00:00-04:00,2.6454503444778967,2.683080187462484,2.6014304802478403,2.6774001121520996,25680000,0.0,0.0
2011-06-30 00:00:00-04:00,2.683791429933706,2.747691165428561,2.6376415363268735,2.697991371154785,26329000,0.0,0.0
2011-07-01 00:00:00-04:00,2.7136112766577125,2.768281031465892,2.7129013304051757,2.7448511123657227,19479000,0.0,0.0
2011-07-05 00:00:00-04:00,2.751240590543741,2.774670504994746,2.734200698927541,2.76615047454834,9519000,0.0,0.0
2011-07-06 00:00:00-04:00,2.7455607779875044,2.7746706008911133,2.7185807934924946,2.7746706008911133,12312000,0.0,0.0
2011-07-07 00:00:00-04:00,2.778221125384635,2.800940928955622,2.736331249505345,2.7448511123657227,23121000,0.0,0.0
2011-07-08 00:00:00-04:00,2.7129003796723263,2.7129003796723263,2.6291206572742545,2.695150375366211,20213000,0.0,0.0
2011-07-11 00:00:00-04:00,2.6561008595480087,2.706510757339661,2.6340910066938266,2.6546809673309326,14573000,0.0,0.0
2011-07-12 00:00:00-04:00,2.6404807317234638,2.6440306311424298,2.4857011559842856,2.514101028442383,34677000,0.0,0.0
2011-07-13 00:00:00-04:00,2.5382413417530283,2.575161247823559,2.4885415593454896,2.5119714736938477,19458000,0.0,0.0
2011-07-14 00:00:00-04:00,2.5169415709973264,2.590781217851333,2.492091593812607,2.4977715015411377,22356000,0.0,0.0
2011-07-15 00:00:00-04:00,2.511261518030178,2.552441441924378,2.4814415789783997,2.5212016105651855,13745000,0.0,0.0
2011-07-18 00:00:00-04:00,2.504871565456109,2.535401449459381,2.442391735921449,2.4849915504455566,11983000,0.0,0.0
2011-07-19 00:00:00-04:00,2.506292121489219,2.588651818570458,2.4949321340854858,2.5701918601989746,17896000,0.0,0.0
2011-07-20 00:00:00-04:00,2.5751604647474333,2.626990238996415,2.5503104964619423,2.560960531234741,14829000,0.0,0.0
2011-07-21 00:00:00-04:00,2.5488913192951026,2.640481142272672,2.536821388551405,2.6099512577056885,20498000,0.0,0.0
2011-07-22 00:00:00-04:00,2.6071108942237213,2.654680835950366,2.5758710663981628,2.631960868835449,14929000,0.0,0.0
2011-07-25 00:00:00-04:00,2.60143142426814,2.60143142426814,2.5481815664521363,2.5623815059661865,14361000,0.0,0.0
2011-07-26 00:00:00-04:00,2.576581518916564,2.6234413545038295,2.570901610659711,2.602851390838623,27251000,0.0,0.0
2011-07-27 00:00:00-04:00,2.5879411384698177,2.6021410763790573,2.3735218390530406,2.3877217769622803,40519000,0.0,0.0
2011-07-28 00:00:00-04:00,2.406181795019729,2.4707916327436075,2.301102150090281,2.4594316482543945,47042000,0.0,0.0
2011-07-29 00:00:00-04:00,2.387011830849802,2.4352917213071845,2.3309220253253216,2.3877217769622803,38414000,0.0,0.0
2011-08-01 00:00:00-04:00,2.413990987265965,2.4210909537877128,2.3394412541493375,2.3571910858154297,23795000,0.0,0.0
2011-08-02 00:00:00-04:00,2.33234218245882,2.4005019210732153,2.274832313074721,2.2755422592163086,21037000,0.0,0.0
2011-08-03 00:00:00-04:00,2.277672123264996,2.3316319199846753,2.2237123265453165,2.3273720741271973,17009000,0.0,0.0
2011-08-04 00:00:00-04:00,2.2869019439389042,2.3074919028341645,2.19105228705378,2.193892240524292,26030000,0.0,0.0
2011-08-05 00:00:00-04:00,2.2201623213313635,2.3067820042626344,2.0653827380453804,2.083132743835449,43748000,0.0,0.0
2011-08-08 00:00:00-04:00,2.031303086709718,2.058993016255638,1.8758135474428645,1.9304834604263306,43697000,0.0,0.0
2011-08-09 00:00:00-04:00,1.968113287716625,2.107982825894854,1.9475233273445602,2.1037228107452393,42112000,0.0,0.0
2011-08-10 00:00:00-04:00,2.0774530028934213,2.1562626083260144,2.029173111934126,2.0767428874969482,30432000,0.0,0.0
2011-08-11 00:00:00-04:00,2.101593666191684,2.211643312791202,2.101593666191684,2.180403470993042,27065000,0.0,0.0
2011-08-12 00:00:00-04:00,2.235782403393282,2.2719923651342433,2.1938925339516233,2.2038326263427734,25743000,0.0,0.0
2011-08-15 00:00:00-04:00,2.214482806822702,2.3003925654866375,2.214482806822702,2.244302749633789,17067000,0.0,0.0
2011-08-16 00:00:00-04:00,2.2251316268838752,2.249271478684244,2.1768517540065875,2.198861598968506,17459000,0.0,0.0
2011-08-17 00:00:00-04:00,2.224422084952109,2.274122031620779,2.173302415486217,2.179692268371582,19023000,0.0,0.0
2011-08-18 00:00:00-04:00,2.1165030461067054,2.1228930699155706,2.0078734877391837,2.0313034057617188,23055000,0.0,0.0
2011-08-19 00:00:00-04:00,2.0327226874180595,2.112242395556976,1.9986429092308595,2.008582830429077,12609000,0.0,0.0
2011-08-22 00:00:00-04:00,2.044083442072075,2.0518935282009183,1.939003775959924,1.9624336957931519,25793000,0.0,0.0
2011-08-23 00:00:00-04:00,1.9752134404408457,2.08029309038271,1.9354535774703194,2.077453136444092,35977000,0.0,0.0
2011-08-24 00:00:00-04:00,2.2734124812980094,2.3756521841916958,2.2279727073878357,2.2911624908447266,69346000,0.0,0.0
2011-08-25 00:00:00-04:00,2.279802089442633,2.291162073168423,2.1875024967450725,2.192472457885742,25065000,0.0,0.0
2011-08-26 00:00:00-04:00,2.171172045145187,2.238621816397186,2.1086922338739105,2.2379117012023926,20916000,0.0,0.0
2011-08-29 00:00:00-04:00,2.2698623178264237,2.335892047758996,2.2542423180070883,2.3323421478271484,13459000,0.0,0.0
2011-08-30 00:00:00-04:00,2.311042447220053,2.397662146194065,2.291162430282155,2.352222204208374,17145000,0.0,0.0
2011-08-31 00:00:00-04:00,2.3642922462797755,2.4494920568423058,2.3245323798243653,2.350802421569824,22913000,0.0,0.0
2011-09-01 00:00:00-04:00,2.343702520491899,2.3536424450793527,2.2350727884486057,2.240752696990967,31135000,0.0,0.0
2011-09-02 00:00:00-04:00,2.1896331626806256,2.239332958308304,2.1662032420999116,2.2102229595184326,16862000,0.0,0.0
2011-09-06 00:00:00-04:00,2.1647824385916645,2.2350721762531163,2.145612540916105,2.233652114868164,11800000,0.0,0.0
2011-09-07 00:00:00-04:00,2.2869020921200307,2.3600317874263417,2.281932130905453,2.3216919898986816,14595000,0.0,0.0
2011-09-08 00:00:00-04:00,2.284061447736126,2.3678411555066257,2.2790914880245277,2.3493812084198,19383000,0.0,0.0
2011-09-09 00:00:00-04:00,2.322402348797645,2.3607423224168014,2.2719926123205054,2.29329252243042,19032000,0.0,0.0
2011-09-12 00:00:00-04:00,2.261341872031072,2.391271469651799,2.2577919727508817,2.3806214332580566,20470000,0.0,0.0
2011-09-13 00:00:00-04:00,2.380622444493922,2.448782198536874,2.3500925528988845,2.4367122650146484,20511000,0.0,0.0
2011-09-14 00:00:00-04:00,2.449491428189943,2.6106608606078927,2.4423914599049645,2.5957508087158203,47206000,0.0,0.0
2011-09-15 00:00:00-04:00,2.621387823650872,2.678358979918745,2.5786594564499667,2.6164028644561768,29980000,0.011,0.0
2011-09-16 00:00:00-04:00,2.6042973685304616,2.6249494704161784,2.558008203922388,2.598600149154663,18030000,0.0,0.0
2011-09-19 00:00:00-04:00,2.562992440672553,2.7054205078043765,2.5216882485702157,2.6598434448242188,41148000,0.0,0.0
2011-09-20 00:00:00-04:00,2.6705263136128607,2.689754067755075,2.582933117083055,2.586493730545044,27096000,0.0,0.0
2011-09-21 00:00:00-04:00,2.602871866881487,2.7054200722913957,2.555158545930658,2.5622799396514893,32939000,0.0,0.0
2011-09-22 00:00:00-04:00,2.4818081298956836,2.4932023943852344,2.347925819271463,2.4198520183563232,35534000,0.0,0.0
2011-09-23 00:00:00-04:00,2.412019121330484,2.496051693776213,2.3778363195637997,2.478248119354248,20868000,0.0,0.0
2011-09-26 00:00:00-04:00,2.4796729758703107,2.4981884729536294,2.3899431664684387,2.428398847579956,25446000,0.0,0.0
2011-09-27 00:00:00-04:00,2.469702694159154,2.503173411586499,2.4469143265040887,2.456171989440918,23268000,0.0,0.0
2011-09-28 00:00:00-04:00,2.3514873305446944,2.3920792724264457,2.3422294983872356,2.3507752418518066,106504000,0.0,0.0
2011-09-29 00:00:00-04:00,2.3742757918700295,2.389942761345374,2.2980767011423135,2.3621692657470703,49076000,0.0,0.0
2011-09-30 00:00:00-04:00,2.358608700810065,2.3771243649206717,2.3094710160059493,2.333683729171753,51674000,0.0,0.0
2011-10-03 00:00:00-04:00,2.335108633486703,2.3664427503415686,2.2553489089583922,2.2710158824920654,36639000,0.0,0.0
2011-10-04 00:00:00-04:00,2.2738638145840784,2.330834978764932,2.1976647296834706,2.3030614852905273,37205000,0.0,0.0
2011-10-05 00:00:00-04:00,2.298076517701113,2.3286985353244343,2.2503631848383123,2.322289228439331,35119000,0.0,0.0
2011-10-06 00:00:00-04:00,2.3322595118953804,2.360745096258916,2.2995010559198197,2.3465023040771484,24844000,0.0,0.0
2011-10-07 00:00:00-04:00,2.360745201751143,2.380685043781659,2.316592476099665,2.341517448425293,18240000,0.0,0.0
2011-10-10 00:00:00-04:00,2.350062726228474,2.4255495526141773,2.350062726228474,2.397063970565796,37583000,0.0,0.0
2011-10-11 00:00:00-04:00,2.394215627545462,2.4148677270300105,2.350062904113403,2.373563528060913,13002000,0.0,0.0
2011-10-12 00:00:00-04:00,2.3885185680034042,2.411306933393281,2.3436535863144083,2.3963520526885986,28894000,0.0,0.0
2011-10-13 00:00:00-04:00,2.3778357076261014,2.487505310726427,2.370002225185873,2.425549030303955,60207000,0.0,0.0
2011-10-14 00:00:00-04:00,2.491066636217815,2.5501744099337156,2.4768238441817476,2.5423407554626465,35004000,0.0,0.0
2011-10-17 00:00:00-04:00,2.5174155639751876,2.541628272724896,2.4789598956102683,2.4967634677886963,21298000,0.0,0.0
2011-10-18 00:00:00-04:00,2.487506350867775,2.561568845256644,2.4860820035615,2.5523111820220947,13948000,0.0,0.0
2011-10-19 00:00:00-04:00,2.5238254424035005,2.524537700955464,2.456884344493735,2.466142177581787,30312000,0.0,0.0
2011-10-20 00:00:00-04:00,2.4590197707040105,2.4796718644796067,2.3586079952889882,2.4198520183563232,27141000,0.0,0.0
2011-10-21 00:00:00-04:00,2.4440651754626512,2.456883789050043,2.37997261688807,2.4098825454711914,27170000,0.0,0.0
2011-10-24 00:00:00-04:00,2.4269736567671387,2.535931183965152,2.421276608842544,2.5174155235290527,25690000,0.0,0.0
2011-10-25 00:00:00-04:00,2.4810960693571675,2.5181273869182683,2.4469134452910972,2.452610492706299,24614000,0.0,0.0
2011-10-26 00:00:00-04:00,2.477535993931214,2.5017487053726843,2.3956398584233383,2.404897689819336,23137000,0.0,0.0
2011-10-27 00:00:00-04:00,2.426261498784131,2.4746869141195904,2.383532961422778,2.4041850566864014,43170000,0.0,0.0
2011-10-28 00:00:00-04:00,2.4006243792751283,2.4205642156880223,2.2140436082190957,2.3920786380767822,71596000,0.0,0.0
2011-10-31 00:00:00-04:00,2.3514871371337707,2.4348074499102816,2.348638612809033,2.404897689819336,35767000,0.0,0.0
2011-11-01 00:00:00-04:00,2.3279870432081795,2.379973260648083,2.298789195330799,2.3500633239746094,16196000,0.0,0.0
2011-11-02 00:00:00-04:00,2.3806854035048586,2.3856703647657187,2.307334992428975,2.321577787399292,21439000,0.0,0.0
2011-11-03 00:00:00-04:00,2.386381046331393,2.4568828857797462,2.336531127090972,2.4447765350341797,31449000,0.0,0.0
2011-11-04 00:00:00-04:00,2.394214926825662,2.4711260835407134,2.394214926825662,2.4483375549316406,17113000,0.0,0.0
2011-11-07 00:00:00-05:00,2.445488893410631,2.4640045506380477,2.3935027034047685,2.4625802040100098,17289000,0.0,0.0
2011-11-08 00:00:00-05:00,2.4732630252838135,2.4825208563157264,2.4120189906669105,2.4732630252838135,9475000,0.0,0.0
2011-11-09 00:00:00-05:00,2.424836987914985,2.4597318700093487,2.3550472237262574,2.366441488265991,15446000,0.0,0.0
2011-11-10 00:00:00-05:00,2.3970641599075955,2.404185555982203,2.342229427111864,2.357896566390991,9560000,0.0,0.0
2011-11-11 00:00:00-05:00,2.3742756887199565,2.4490502592831978,2.3671541231746818,2.4419288635253906,11553000,0.0,0.0
2011-11-14 00:00:00-05:00,2.429822651421727,2.443353355098041,2.337956589776583,2.3564722537994385,16063000,0.0,0.0
2011-11-15 00:00:00-05:00,2.3479270586140975,2.3870948316363156,2.3294113902685947,2.349351406097412,16231000,0.0,0.0
2011-11-16 00:00:00-05:00,2.3336835449082702,2.3714269588343613,2.2695909840542887,2.2859702110290527,17180000,0.0,0.0
2011-11-17 00:00:00-05:00,2.281696947084367,2.287393994709481,2.204073696914439,2.221877098083496,17349000,0.0,0.0
2011-11-18 00:00:00-05:00,2.2411061177801224,2.248939604563197,2.101526514672487,2.1264514923095703,32279000,0.0,0.0
2011-11-21 00:00:00-05:00,2.0915565108134397,2.117905665146454,2.0502523025603265,2.0972535610198975,36389000,0.0,0.0
2011-11-22 00:00:00-05:00,2.1086477304598654,2.1520883729114937,2.0723286551072793,2.094404935836792,24014000,0.0,0.0
2011-11-23 00:00:00-05:00,2.06520625553944,2.0922674842753106,2.0417056388376005,2.0630698204040527,23819000,0.0,0.0
2011-11-25 00:00:00-05:00,2.062357637938818,2.0744641607466177,2.0160686610712153,2.0253264904022217,8951000,0.0,0.0
2011-11-28 00:00:00-05:00,2.0887069817342083,2.1036618586784535,2.0025379927145575,2.0352964401245117,47653000,0.0,0.0
2011-11-29 00:00:00-05:00,2.0402815975413526,2.09084362033462,2.031023767164767,2.0559487342834473,31500000,0.0,0.0
2011-11-30 00:00:00-05:00,2.095828355671838,2.144253768043848,2.063781997058797,2.130723237991333,36586000,0.0,0.0
2011-12-01 00:00:00-05:00,2.1236021831972485,2.163482030822961,2.0737522463245153,2.1300113201141357,48612000,0.0,0.0
2011-12-02 00:00:00-05:00,2.156360504422566,2.2532115085431004,2.1478147626696718,2.2190287113189697,57689000,0.0,0.0
2011-12-05 00:00:00-05:00,2.2446659427226625,2.274575871414627,2.1919676505492838,2.2104833126068115,28980000,0.0,0.0
2011-12-06 00:00:00-05:00,2.202649528351708,2.2218772778766605,2.1406934088185388,2.194103956222534,27058000,0.0,0.0
2011-12-07 00:00:00-05:00,2.1819974557617416,2.235408003749539,2.1677546656033226,2.223301649093628,25019000,0.0,0.0
2011-12-08 00:00:00-05:00,2.220453623015037,2.253212081683844,2.1784373316881975,2.1848466396331787,29397000,0.0,0.0
2011-12-09 00:00:00-05:00,2.1385564098904943,2.1827091151809808,2.1214651003477725,2.1798605918884277,33703000,0.0,0.0
2011-12-12 00:00:00-05:00,2.0381456125073165,2.1100718359602086,1.9647952116278733,2.0979654788970947,36729000,0.0,0.0
2011-12-13 00:00:00-05:00,2.1036627085445603,2.1428304775201865,2.07019215912607,2.082298517227173,32928000,0.0,0.0
2011-12-14 00:00:00-05:00,2.0623581149047143,2.090843867748606,2.0132204331961434,2.0445547103881836,21125000,0.0,0.0
2011-12-15 00:00:00-05:00,2.0645782482796324,2.091753066236321,2.044554545653559,2.0481302738189697,23917000,0.012,0.0
2011-12-16 00:00:00-05:00,2.0681536599396093,2.0860319585043037,2.0145189347456176,2.059572219848633,90364000,0.0,0.0
2011-12-19 00:00:00-05:00,2.0617177428227493,2.0617177428227493,1.9587392537042183,1.9701813459396362,31124000,0.0,0.0
2011-12-20 00:00:00-05:00,1.9973564024244685,2.073875328719706,1.9966413248563306,2.061717987060547,29613000,0.0,0.0
2011-12-21 00:00:00-05:00,2.061718054152362,2.0781660322557296,1.9701816434467987,1.9959261417388916,27523000,0.0,0.0
2011-12-22 00:00:00-05:00,2.0009318802061253,2.083886835206419,1.9937805939216193,2.075305223464966,27874000,0.0,0.0
2011-12-23 00:00:00-05:00,2.0896075109798513,2.117497574834832,2.0631477723866993,2.101764678955078,11767000,0.0,0.0
2011-12-27 00:00:00-05:00,2.0931839464216773,2.1117773286099264,2.0760208899787354,2.0981898307800293,7993000,0.0,0.0
2011-12-28 00:00:00-05:00,2.0996189504777996,2.1003340276896294,2.0488447174367628,2.055280923843384,13375000,0.0,0.0
2011-12-29 00:00:00-05:00,2.0567128649286595,2.088893754417177,2.0559977870956434,2.0824575424194336,10221000,0.0,0.0
2011-12-30 00:00:00-05:00,2.071014324981434,2.085316896910856,2.0495604670873018,2.0638630390167236,8364000,0.0,0.0
2012-01-03 00:00:00-05:00,2.1082004938437486,2.157544404426253,2.0660078672369666,2.070298671722412,23032000,0.0,0.0
2012-01-04 00:00:00-05:00,2.066008907063008,2.080311482212965,2.009513684070632,2.03454327583313,20254000,0.0,0.0
2012-01-05 00:00:00-05:00,2.035258418554045,2.055997204335017,2.015234880903555,2.0374038219451904,20075000,0.0,0.0
2012-01-06 00:00:00-05:00,2.031682172989675,2.041693938429938,2.0037921088345767,2.0245308876037598,24357000,0.0,0.0
2012-01-09 00:00:00-05:00,2.0953292188205124,2.173278301314327,2.091753489930821,2.161121129989624,33485000,0.0,0.0
2012-01-10 00:00:00-05:00,2.182574003090587,2.226196784582207,2.172562239535141,2.19187068939209,26829000,0.0,0.0
2012-01-11 00:00:00-05:00,2.194731809544269,2.2633841904640106,2.187580523417215,2.231203317642212,27103000,0.0,0.0
2012-01-12 00:00:00-05:00,2.231203591070416,2.2834081737455683,2.2040287686574502,2.2655298709869385,19873000,0.0,0.0
2012-01-13 00:00:00-05:00,2.254087759664863,2.288414039307021,2.2319188212814756,2.2576634883880615,24275000,0.0,0.0
2012-01-17 00:00:00-05:00,2.2669593543611812,2.3070065808019447,2.250511383314081,2.263383626937866,31782000,0.0,0.0
2012-01-18 00:00:00-05:00,2.359926362418874,2.5029522387321586,2.344193637079477,2.4271485805511475,44274000,0.0,0.0
2012-01-19 00:00:00-05:00,2.422857586058306,2.4564686072494704,2.4028338865081995,2.404264211654663,31546000,0.0,0.0
2012-01-20 00:00:00-05:00,2.3963983050409654,2.434300138374785,2.3842411357357927,2.4178521633148193,23462000,0.0,0.0
2012-01-23 00:00:00-05:00,2.420713449104111,2.4242891785895733,2.379951121870802,2.407125949859619,20124000,0.0,0.0
2012-01-24 00:00:00-05:00,2.4021183332260096,2.4486017600248267,2.4021183332260096,2.4221420288085938,30778000,0.0,0.0
2012-01-25 00:00:00-05:00,2.4707713085523837,2.4707713085523837,2.409985299835451,2.427863597869873,30352000,0.0,0.0
2012-01-26 00:00:00-05:00,2.4285788808801434,2.4621900772110066,2.4199974403170277,2.4371604919433594,25537000,0.0,0.0
2012-01-27 00:00:00-05:00,2.4199971236477023,2.4657653121622802,2.417136643834306,2.430008888244629,29468000,0.0,0.0
2012-01-30 00:00:00-05:00,2.4028348569712636,2.4321552555651884,2.3849567231702253,2.4121315479278564,16590000,0.0,0.0
2012-01-31 00:00:00-05:00,2.4314393858255614,2.4371603458580533,2.386386100944306,2.4271485805511475,16225000,0.0,0.0
2012-02-01 00:00:00-05:00,2.4593291766670444,2.4958008494802644,2.4414510494351442,2.4757771492004395,39361000,0.0,0.0
2012-02-02 00:00:00-05:00,2.488649054952085,2.5158238641607307,2.485073327937763,2.5029516220092773,36188000,0.0,0.0
2012-02-03 00:00:00-05:00,2.5229767246986756,2.5372792997292684,2.500807614051156,2.512249708175659,23816000,0.0,0.0
2012-02-06 00:00:00-05:00,2.5029524977751656,2.5065282260406105,2.44145140381042,2.4528934955596924,18853000,0.0,0.0
2012-02-07 00:00:00-05:00,2.455753316901433,2.477207169236907,2.4278632577152983,2.4729163646698,15076000,0.0,0.0
2012-02-08 00:00:00-05:00,2.470771912076122,2.5029527881987175,2.462905547679541,2.494371175765991,15032000,0.0,0.0
2012-02-09 00:00:00-05:00,2.503668094957246,2.5251219575031354,2.48793536472368,2.512249708175659,11790000,0.0,0.0
2012-02-10 00:00:00-05:00,2.472917657435162,2.5315582860076677,2.4564696783294613,2.4664814472198486,8898000,0.0,0.0
2012-02-13 00:00:00-05:00,2.492225581285145,2.515109765681769,2.432869887850259,2.4893651008605957,14360000,0.0,0.0
2012-02-14 00:00:00-05:00,2.472201571662026,2.4986613088681073,2.445026586612479,2.4679107666015625,18319000,0.0,0.0
2012-02-15 00:00:00-05:00,2.497231429176119,2.5372786633169695,2.4893648955323138,2.5015220642089844,19864000,0.0,0.0
2012-02-16 00:00:00-05:00,2.5050979104979514,2.570889810440236,2.482928804365164,2.564453601837158,16769000,0.0,0.0
2012-02-17 00:00:00-05:00,2.5508654377147835,2.5594470469333586,2.4915097619531417,2.5201148986816406,18402000,0.0,0.0
2012-02-21 00:00:00-05:00,2.537279121342359,2.565884269392421,2.5229765473173287,2.5365638732910156,20449000,0.0,0.0
2012-02-22 00:00:00-05:00,2.5272666761933946,2.5973493771585976,2.5272666761933946,2.5673139095306396,24333000,0.0,0.0
2012-02-23 00:00:00-05:00,2.5601625970391466,2.664571569981585,2.5537265594366043,2.6595656871795654,47606000,0.0,0.0
2012-02-24 00:00:00-05:00,2.6710079097705246,2.674583638176564,2.5866227994893856,2.5973496437072754,19325000,0.0,0.0
2012-02-27 00:00:00-05:00,2.5894828230450777,2.6595655188375327,2.541569059758358,2.644547700881958,26216000,0.0,0.0
2012-02-28 00:00:00-05:00,2.633820746911946,2.676013378069921,2.614512124644678,2.646692991256714,21581000,0.0,0.0
2012-02-29 00:00:00-05:00,2.641688051916705,2.6960378694945653,2.625240074077347,2.6896016597747803,34503000,0.0,0.0
2012-03-01 00:00:00-05:00,2.698897157076818,2.703187961659622,2.6574197772765245,2.6688618659973145,12550000,0.0,0.0
2012-03-02 00:00:00-05:00,2.663856259073882,2.667431986990804,2.598064365803329,2.617372989654541,19601000,0.0,0.0
2012-03-05 00:00:00-05:00,2.6116518594289677,2.613797262079383,2.5236910327623097,2.535133123397827,24881000,0.0,0.0
2012-03-06 00:00:00-05:00,2.4807835790330937,2.5372787902089673,2.474347370411763,2.5251214504241943,19936000,0.0,0.0
2012-03-07 00:00:00-05:00,2.539424403742977,2.5723201860362024,2.521546101811761,2.5565874576568604,12857000,0.0,0.0
2012-03-08 00:00:00-05:00,2.5959181416547965,2.6331047088798574,2.5816154059528174,2.604499578475952,17478000,0.0,0.0
2012-03-09 00:00:00-05:00,2.6116516558100584,2.633105510141457,2.5780406344075417,2.6295299530029297,13307000,0.0,0.0
2012-03-12 00:00:00-04:00,2.6266696776384273,2.635966365622314,2.5816163924856905,2.617372989654541,8724000,0.0,0.0
2012-03-13 00:00:00-04:00,2.642402609622885,2.693891936250732,2.63739672654797,2.6910314559936523,12902000,0.0,0.0
2012-03-14 00:00:00-04:00,2.688885704011087,2.743950581184818,2.6459779942263557,2.6538443565368652,22282000,0.0,0.0
2012-03-15 00:00:00-04:00,2.6653273118488485,2.710538815526731,2.6473861602007114,2.7098212242126465,16248000,0.013,0.0
2012-03-16 00:00:00-04:00,2.7155615789352043,2.784455459857003,2.703361674323883,2.719867467880249,23520000,0.0,0.0
2012-03-19 00:00:00-04:00,2.7105384979215525,2.7385266090854006,2.6997739450736002,2.7313501834869385,10058000,0.0,0.0
2012-03-20 00:00:00-04:00,2.705515041915668,2.7378090429545487,2.6911621905871614,2.7291972637176514,17642000,0.0,0.0
2012-03-21 00:00:00-04:00,2.733502812990224,2.7701025279910736,2.7162794277603814,2.7528791427612305,13604000,0.0,0.0
2012-03-22 00:00:00-04:00,2.7399614604569105,2.7514437735298354,2.7169968343110598,2.7234556674957275,19680000,0.0,0.0
2012-03-23 00:00:00-04:00,2.713409530641431,2.739244701745023,2.692598012365897,2.7342212200164795,14863000,0.0,0.0
2012-03-26 00:00:00-04:00,2.760055344485195,2.7880434501590674,2.7248908146205437,2.787325859069824,16678000,0.0,0.0
2012-03-27 00:00:00-04:00,2.7765611863155404,2.800243403673689,2.7543143222607003,2.78302001953125,17597000,0.0,0.0
2012-03-28 00:00:00-04:00,2.786608232608574,2.789478939304268,2.7119734516091234,2.724890947341919,16691000,0.0,0.0
2012-03-29 00:00:00-04:00,2.701926482422836,2.753596636280413,2.6911617600986806,2.751443862915039,13024000,0.0,0.0
2012-03-30 00:00:00-04:00,2.760056001471215,2.814596872523584,2.7378091325141334,2.7966558933258057,24210000,0.0,0.0
2012-04-02 00:00:00-04:00,2.7909143488917483,2.799526127481405,2.7349383013573925,2.7765614986419678,14370000,0.0,0.0
2012-04-03 00:00:00-04:00,2.7708205792285923,2.7980909277617956,2.7363736340766986,2.7535970211029053,12313000,0.0,0.0
2012-04-04 00:00:00-04:00,2.730632853591106,2.7363739261795303,2.6617391270325226,2.6847035884857178,13125000,0.0,0.0
2012-04-05 00:00:00-04:00,2.689008711976283,2.7263261864622104,2.6803969344489307,2.6990556716918945,13792000,0.0,0.0
2012-04-09 00:00:00-04:00,2.6725027072435066,2.705514290348653,2.660302804113246,2.6969025135040283,12198000,0.0,0.0
2012-04-10 00:00:00-04:00,2.683267552448604,2.708384950908496,2.6244208071863007,2.6409265995025635,20072000,0.0,0.0
2012-04-11 00:00:00-04:00,2.658868653514964,2.742115411066055,2.6481040986899353,2.689727306365967,15944000,0.0,0.0
2012-04-12 00:00:00-04:00,2.700490991928441,2.759337738413077,2.6911616234211406,2.7378084659576416,12525000,0.0,0.0
2012-04-13 00:00:00-04:00,2.721303050465164,2.722020641649967,2.670350312155749,2.6753737926483154,8941000,0.0,0.0
2012-04-16 00:00:00-04:00,2.683268779318141,2.6961862799895697,2.6552806615806026,2.6588687896728516,17633000,0.0,0.0
2012-04-17 00:00:00-04:00,2.681832238601884,2.7234556010888915,2.671067516889918,2.7083849906921387,11296000,0.0,0.0
2012-04-18 00:00:00-04:00,2.694750959197096,2.7134095323004463,2.663174543884781,2.689727306365967,8837000,0.0,0.0
2012-04-19 00:00:00-04:00,2.653843933242863,2.6689145425038174,2.5555269474806637,2.5627033710479736,28969000,0.0,0.0
2012-04-20 00:00:00-04:00,2.5655744654684747,2.5655744654684747,2.411998830773906,2.460080862045288,80400000,0.0,0.0
2012-04-23 00:00:00-04:00,2.423479812468896,2.4277855283004173,2.3782681707938376,2.3847270011901855,43912000,0.0,0.0
2012-04-24 00:00:00-04:00,2.3818574028705934,2.3868808825641246,2.323728248660763,2.345257520675659,37246000,0.0,0.0
2012-04-25 00:00:00-04:00,2.4780225375065297,2.531128060555744,2.4514696048824147,2.5103163719177246,40196000,0.0,0.0
2012-04-26 00:00:00-04:00,2.4895049669953124,2.5296929923179095,2.469410868784256,2.5160577297210693,16242000,0.0,0.0
2012-04-27 00:00:00-04:00,2.518210597300837,2.533998633516227,2.4758696280786805,2.483046054840088,17007000,0.0,0.0
2012-04-30 00:00:00-04:00,2.4701275332948303,2.484480381874506,2.44644531602842,2.474433422088623,13464000,0.0,0.0
2012-05-01 00:00:00-04:00,2.4780220997427906,2.5081629837219936,2.4521869341181324,2.47299861907959,11762000,0.0,0.0
2012-05-02 00:00:00-04:00,2.449316182815049,2.5017041006671055,2.429939681975711,2.4959628582000732,8848000,0.0,0.0
2012-05-03 00:00:00-04:00,2.4909395782916572,2.4923749317987074,2.3890342700764435,2.3940577507019043,18368000,0.0,0.0
2012-05-04 00:00:00-04:00,2.3631995926431975,2.3940582450714913,2.2656001536955137,2.2699060440063477,38604000,0.0,0.0
2012-05-07 00:00:00-04:00,2.264882019492223,2.2957406668554596,2.2397646153009165,2.2462234497070312,19848000,0.0,0.0
2012-05-08 00:00:00-04:00,2.231152855334454,2.2727762270668457,2.217517595170448,2.264164447784424,28533000,0.0,0.0
2012-05-09 00:00:00-04:00,2.2368936789948215,2.2419171589341813,2.2045996838424213,2.229717254638672,24596000,0.0,0.0
2012-05-10 00:00:00-04:00,2.2390465524064638,2.249811274971641,2.198140948857712,2.2160820960998535,22290000,0.0,0.0
2012-05-11 00:00:00-04:00,2.2024472617803794,2.2354588558679236,2.19670618937363,2.220388412475586,29039000,0.0,0.0
2012-05-14 00:00:00-04:00,2.20172903339143,2.256987480939393,2.186658423260572,2.234022855758667,18594000,0.0,0.0
2012-05-15 00:00:00-04:00,2.2383289350024405,2.2720581134784252,2.2182350145825205,2.2282819747924805,21493000,0.0,0.0
2012-05-16 00:00:00-04:00,2.228999259900201,2.2720578015451545,2.2038818628236956,2.2081875801086426,19452000,0.0,0.0
2012-05-17 00:00:00-04:00,2.2031652485589395,2.220388811070074,2.1565185563566813,2.1579537391662598,18872000,0.0,0.0
2012-05-18 00:00:00-04:00,2.1694357450620014,2.170871098764625,2.132118259788785,2.154365301132202,22855000,0.0,0.0
2012-05-21 00:00:00-04:00,2.152929432267605,2.2182350158691406,2.1314001584768643,2.2182350158691406,28360000,0.0,0.0
2012-05-22 00:00:00-04:00,2.2203878361456506,2.2548346038440386,2.21249364976104,2.244070053100586,28475000,0.0,0.0
2012-05-23 00:00:00-04:00,2.274210320147168,2.4105625142723386,2.2605752376141734,2.405539035797119,47735000,0.0,0.0
2012-05-24 00:00:00-04:00,2.4012342470818333,2.4055401366309024,2.327317046821086,2.3330581188201904,27487000,0.0,0.0
2012-05-25 00:00:00-04:00,2.339516183970859,2.396927569484438,2.3373632399041577,2.3789865970611572,15457000,0.0,0.0
2012-05-29 00:00:00-04:00,2.407692915257347,2.4765866299898467,2.383293104295693,2.472280740737915,19163000,0.0,0.0
2012-05-30 00:00:00-04:00,2.436399036777234,2.4435754630715905,2.3588935301384852,2.3725287914276123,26237000,0.0,0.0
2012-05-31 00:00:00-04:00,2.388316781521634,2.3954932071663717,2.3301876140296214,2.375399112701416,19157000,0.0,0.0
2012-06-01 00:00:00-04:00,2.327316737505542,2.344540122313237,2.2146467173772337,2.2232584953308105,38892000,0.0,0.0
2012-06-04 00:00:00-04:00,2.2404818405317153,2.2713404828539074,2.1658468891853215,2.190964460372925,39732000,0.0,0.0
2012-06-05 00:00:00-04:00,2.194552906229476,2.259858321964461,2.180917647490497,2.254117250442505,36053000,0.0,0.0
2012-06-06 00:00:00-04:00,2.2821058588998473,2.3675053858643365,2.2663176521074235,2.366070032119751,25299000,0.0,0.0
2012-06-07 00:00:00-04:00,2.399081529732594,2.402669828396805,2.358175917337679,2.3646347522735596,23101000,0.0,0.0
2012-06-08 00:00:00-04:00,2.3560224581481948,2.442857316335781,2.332340239651531,2.428504467010498,25119000,0.0,0.0
2012-06-11 00:00:00-04:00,2.4464462641148583,2.4586463441250612,2.378270121390951,2.385446548461914,15443000,0.0,0.0
2012-06-12 00:00:00-04:00,2.3904699146800636,2.4521872143076657,2.3904699146800636,2.434246063232422,18471000,0.0,0.0
2012-06-13 00:00:00-04:00,2.4335288465274774,2.47515205651377,2.4148701012889755,2.4428582191467285,20580000,0.0,0.0
2012-06-14 00:00:00-04:00,2.43564884525699,2.4363697843076926,2.3534755420165907,2.4010496139526367,23709000,0.015,0.0
2012-06-15 00:00:00-04:00,2.4046542170948513,2.475294575293263,2.4032126823500604,2.4558324813842773,18289000,0.0,0.0
2012-06-18 00:00:00-04:00,2.447182296073378,2.528634842651924,2.437090866626146,2.505568742752075,17163000,0.0,0.0
2012-06-19 00:00:00-04:00,2.5171016733299436,2.522868154870386,2.479619027746801,2.5012435913085938,19152000,0.0,0.0
2012-06-20 00:00:00-04:00,2.5084520342902596,2.561792595463119,2.5077312669885856,2.542330503463745,29267000,0.0,0.0
2012-06-21 00:00:00-04:00,2.5408883733016876,2.550979800586882,2.4788977597548576,2.4853851795196533,23173000,0.0,0.0
2012-06-22 00:00:00-04:00,2.4839450770959632,2.526473455863404,2.478178421139778,2.508452892303467,55520000,0.0,0.0
2012-06-25 00:00:00-04:00,2.4781776901525516,2.496919015732578,2.453669882174108,2.46592378616333,23592000,0.0,0.0
2012-06-26 00:00:00-04:00,2.4724110375320714,2.495477137394452,2.447903059384188,2.478898286819458,18656000,0.0,0.0
2012-06-27 00:00:00-04:00,2.4810613470292284,2.527193901372744,2.474574096208329,2.5156607627868652,11415000,0.0,0.0
2012-06-28 00:00:00-04:00,2.487548512260021,2.5041273650382547,2.445740910695157,2.4731321334838867,16941000,0.0,0.0
2012-06-29 00:00:00-04:00,2.5243096347071785,2.5906250257563426,2.5243096347071785,2.5877416133880615,18990000,0.0,0.0
2012-07-02 00:00:00-04:00,2.5783724980414697,2.608646971197882,2.5423315404061415,2.558189630508423,21855000,0.0,0.0
2012-07-03 00:00:00-04:00,2.563233685449102,2.5805332995260133,2.5545837924822803,2.5762083530426025,9803000,0.0,0.0
2012-07-05 00:00:00-04:00,2.576208771305447,2.592066853700363,2.5567466808270436,2.564675807952881,8576000,0.0,0.0
2012-07-06 00:00:00-04:00,2.558908754617145,2.5603504607393432,2.455831664796803,2.4853851795196533,14716000,0.0,0.0
2012-07-09 00:00:00-04:00,2.4868273326612846,2.494035520854521,2.3873542324805626,2.3996081352233887,21974000,0.0,0.0
2012-07-10 00:00:00-04:00,2.4219533421130692,2.455831979544516,2.3967247706667036,2.4096994400024414,21338000,0.0,0.0
2012-07-11 00:00:00-04:00,2.408258643009791,2.4183500746785382,2.3736592277581936,2.385913133621216,18940000,0.0,0.0
2012-07-12 00:00:00-04:00,2.3729386187642825,2.377984334935581,2.316714629672407,2.348430633544922,21140000,0.0,0.0
2012-07-13 00:00:00-04:00,2.3462669967248364,2.396724301599226,2.341221111566349,2.3895161151885986,16791000,0.0,0.0
2012-07-16 00:00:00-04:00,2.376541789726218,2.385191684029518,2.3340134291629218,2.3599629402160645,13761000,0.0,0.0
2012-07-17 00:00:00-04:00,2.3859129301975384,2.394562826237147,2.347709509117255,2.3815879821777344,18038000,0.0,0.0
2012-07-18 00:00:00-04:00,2.3779841146692173,2.454390961368925,2.372217459681299,2.4356496334075928,21230000,0.0,0.0
2012-07-19 00:00:00-04:00,2.488990325536364,2.6237836275403756,2.4810611965699643,2.5978341102600098,34675000,0.0,0.0
2012-07-20 00:00:00-04:00,2.591345599488974,2.5949496068951956,2.5408882928047873,2.543050765991211,14961000,0.0,0.0
2012-07-23 00:00:00-04:00,2.496919003404639,2.5084521400013116,2.431324364198404,2.4861066341400146,15101000,0.0,0.0
2012-07-24 00:00:00-04:00,2.499801790724223,2.5293554801105587,2.434207335284133,2.4637608528137207,9758000,0.0,0.0
2012-07-25 00:00:00-04:00,2.4601573037649125,2.504847971994597,2.43781179779329,2.46592378616333,20470000,0.0,0.0
2012-07-26 00:00:00-04:00,2.5235890383696087,2.5754880620517886,2.5228682711080337,2.554584264755249,13101000,0.0,0.0
2012-07-27 00:00:00-04:00,2.579812959553364,2.628828741386647,2.562513342612047,2.604320764541626,11498000,0.0,0.0
2012-07-30 00:00:00-04:00,2.61801745076398,2.6454086797285665,2.5747683046842615,2.5927886962890625,12044000,0.0,0.0
2012-07-31 00:00:00-04:00,2.612250054473575,2.7131646934192353,2.610808348031643,2.6598241329193115,23597000,0.0,0.0
2012-08-01 00:00:00-04:00,2.6749609168429345,2.675681684038416,2.624503604167533,2.644686460494995,15423000,0.0,0.0
2012-08-02 00:00:00-04:00,2.620178333352693,2.6771230593176845,2.6021577808395286,2.63387393951416,13151000,0.0,0.0
2012-08-03 00:00:00-04:00,2.677844330913299,2.7001898339879147,2.643245097294889,2.6749610900878906,14333000,0.0,0.0
2012-08-06 00:00:00-04:00,2.6807285062604223,2.698748895438575,2.6670328936223977,2.6720786094665527,11303000,0.0,0.0
2012-08-07 00:00:00-04:00,2.6872150214216637,2.712443765593325,2.6713571107828,2.6958649158477783,15424000,0.0,0.0
2012-08-08 00:00:00-04:00,2.7001904880241745,2.717490109023669,2.6850531692749176,2.701632022857666,17173000,0.0,0.0
2012-08-09 00:00:00-04:00,2.669915257080219,2.7081186689259416,2.667752783593032,2.690098285675049,9996000,0.0,0.0
2012-08-10 00:00:00-04:00,2.6836111783077503,2.698027555333109,2.6504534767780714,2.677844524383545,14662000,0.0,0.0
2012-08-13 00:00:00-04:00,2.6778440482100927,2.6778440482100927,2.6014372291909758,2.6144120693206787,21116000,0.0,0.0
2012-08-14 00:00:00-04:00,2.6475708023805047,2.650454044031297,2.5935092910367175,2.6057631969451904,24324000,0.0,0.0
2012-08-15 00:00:00-04:00,2.5985537296891597,2.6403613145758613,2.594949550504534,2.6367571353912354,15984000,0.0,0.0
2012-08-16 00:00:00-04:00,2.645407728158013,2.677123722836656,2.645407728158013,2.6605448722839355,25881000,0.0,0.0
2012-08-17 00:00:00-04:00,2.721094344975366,2.730465009010194,2.6237836956135037,2.6554996967315674,29985000,0.0,0.0
2012-08-20 00:00:00-04:00,2.6634288553064436,2.6634288553064436,2.5524225852199294,2.5920677185058594,25468000,0.0,0.0
2012-08-21 00:00:00-04:00,2.5949501759607383,2.6353160645315628,2.5733256112110214,2.6223413944244385,19231000,0.0,0.0
2012-08-22 00:00:00-04:00,2.6129706259680243,2.6439658513644413,2.5978334828174803,2.63027024269104,13251000,0.0,0.0
2012-08-23 00:00:00-04:00,2.612249999374707,2.616574946752508,2.5747673512427847,2.5963919162750244,12060000,0.0,0.0
2012-08-24 00:00:00-04:00,2.596392375553211,2.6194586510771876,2.583417702981472,2.598554849624634,13030000,0.0,0.0
2012-08-27 00:00:00-04:00,2.5999960226681784,2.60432079806661,2.56900062462488,2.578371286392212,13306000,0.0,0.0
2012-08-28 00:00:00-04:00,2.582695908019232,2.625224264238691,2.5718837131012195,2.6144120693206787,15320000,0.0,0.0
2012-08-29 00:00:00-04:00,2.6230622516511244,2.6569408922586466,2.6108083483917097,2.6381995677948,11952000,0.0,0.0
2012-08-30 00:00:00-04:00,2.630991323440668,2.630991323440668,2.584138013275765,2.5963919162750244,13671000,0.0,0.0
2012-08-31 00:00:00-04:00,2.615853370465183,2.6526152423655005,2.5884623301721237,2.6360363960266113,13266000,0.0,0.0
2012-09-04 00:00:00-04:00,2.621620034496708,2.637477941947505,2.546654756159396,2.5870206356048584,21527000,0.0,0.0
2012-09-05 00:00:00-04:00,2.5668390171911923,2.567559784643107,2.526473118318235,2.53584361076355,16184000,0.0,0.0
2012-09-06 00:00:00-04:00,2.569000492704753,2.653336444280023,2.5365637336699782,2.6389200687408447,22883000,0.0,0.0
2012-09-07 00:00:00-04:00,2.646128053618487,2.654777947021464,2.6021579912956723,2.6093661785125732,15846000,0.0,0.0
2012-09-10 00:00:00-04:00,2.5920667942450564,2.6086456435050422,2.5192639765755303,2.5228681564331055,16238000,0.0,0.0
2012-09-11 00:00:00-04:00,2.525751920131083,2.5639553408758062,2.5106147740515175,2.5199854373931885,12420000,0.0,0.0
2012-09-12 00:00:00-04:00,2.53872677862308,2.558909640178145,2.5235894605999896,2.539447546005249,13803000,0.0,0.0
2012-09-13 00:00:00-04:00,2.5430516029466665,2.551701326682385,2.4832234448598394,2.52791428565979,21875000,0.0,0.0
2012-09-14 00:00:00-04:00,2.5293564974624143,2.5589100268789537,2.5012445030280572,2.527194023132324,34024000,0.0,0.0
2012-09-17 00:00:00-04:00,2.53656334643194,2.5509797197702793,2.5142178474578065,2.543050765991211,15298000,0.0,0.0
2012-09-18 00:00:00-04:00,2.5401555780318197,2.546672556582923,2.509019132918461,2.5459485054016113,10544000,0.016,0.0
2012-09-19 00:00:00-04:00,2.5437759332623355,2.564774969247888,2.516259919355801,2.5379831790924072,20797000,0.0,0.0
2012-09-20 00:00:00-04:00,2.50394938737566,2.5278447928127643,2.405471389467527,2.4438488483428955,40250000,0.0,0.0
2012-09-21 00:00:00-04:00,2.4858472171520676,2.6154616633933974,2.4858472171520676,2.571291446685791,68640000,0.0,0.0
2012-09-24 00:00:00-04:00,2.534362146241269,2.5444995506304657,2.478606249460967,2.5053980350494385,44190000,0.0,0.0
2012-09-25 00:00:00-04:00,2.502501972911143,2.5336384136187955,2.3844730150697617,2.390265941619873,34009000,0.0,0.0
2012-09-26 00:00:00-04:00,2.3707146638213454,2.4286430576958327,2.345371153350992,2.4228501319885254,41268000,0.0,0.0
2012-09-27 00:00:00-04:00,2.4025760024046763,2.533638760824905,2.387369719186563,2.5271217823028564,41134000,0.0,0.0
2012-09-28 00:00:00-04:00,2.494535742412657,2.535809745240118,2.4691922381919436,2.5249481201171875,25908000,0.0,0.0
2012-10-01 00:00:00-04:00,2.5444997482103116,2.573463861651199,2.5017776290930818,2.5119152069091797,20091000,0.0,0.0
2012-10-02 00:00:00-04:00,2.527120964647314,2.527120964647314,2.469192745789059,2.492363929748535,17096000,0.0,0.0
2012-10-03 00:00:00-04:00,2.5003287122471787,2.537982116506479,2.493087686246519,2.503225088119507,27255000,0.0,0.0
2012-10-04 00:00:00-04:00,2.503225557104313,2.503225557104313,2.461951718431777,2.492363929748535,11425000,0.0,0.0
2012-10-05 00:00:00-04:00,2.514087371480131,2.5546373376495493,2.474261801637578,2.4938125610351562,15117000,0.0,0.0
2012-10-08 00:00:00-04:00,2.461951869939501,2.4786062511501252,2.4409528375191964,2.4532625675201416,10039000,0.0,0.0
2012-10-09 00:00:00-04:00,2.4257459223853357,2.4431245226683207,2.3924371686958485,2.432262897491455,20770000,0.0,0.0
2012-10-10 00:00:00-04:00,2.438781508438353,2.4409538349308386,2.3569578435672764,2.359854221343994,14476000,0.0,0.0
2012-10-11 00:00:00-04:00,2.3902652951310186,2.4242981035890905,2.357680588439004,2.384472370147705,13768000,0.0,0.0
2012-10-12 00:00:00-04:00,2.3699912877534146,2.3902662745431495,2.3562332795003553,2.388093948364258,26733000,0.0,0.0
2012-10-15 00:00:00-04:00,2.396782117328535,2.415608821553853,2.3750590369084823,2.40329909324646,17144000,0.0,0.0
2012-10-16 00:00:00-04:00,2.411264279542461,2.5046737539873476,2.4061955778134627,2.487295150756836,18602000,0.0,0.0
2012-10-17 00:00:00-04:00,2.4684683077060527,2.505397664866982,2.45326220336902,2.469916582107544,13410000,0.0,0.0
2012-10-18 00:00:00-04:00,2.4670201547119914,2.4909155596823505,2.4481934510820493,2.465571880340576,12752000,0.0,0.0
2012-10-19 00:00:00-04:00,2.470640659812593,2.4749853104245427,2.3823000637151663,2.40329909324646,19088000,0.0,0.0
2012-10-22 00:00:00-04:00,2.4242985947972056,2.439504702260016,2.3895415557739854,2.4185056686401367,12707000,0.0,0.0
2012-10-23 00:00:00-04:00,2.386645855763549,2.4148859256076127,2.3765084479138174,2.4069206714630127,10953000,0.0,0.0
2012-10-24 00:00:00-04:00,2.4279188078432163,2.4322634589168133,2.359853183155914,2.369990587234497,13522000,0.0,0.0
2012-10-25 00:00:00-04:00,2.3946104405554482,2.443125488675301,2.3924381146611418,2.4402289390563965,15396000,0.0,0.0
2012-10-26 00:00:00-04:00,2.440229302170823,2.461228340514018,2.4185062126350325,2.4496426582336426,12623000,0.0,0.0
2012-10-31 00:00:00-04:00,2.4344352474621576,2.440227999189369,2.3757828161856716,2.3917131423950195,22851000,0.0,0.0
2012-11-01 00:00:00-04:00,2.410540006466291,2.5025011979536127,2.393161577477076,2.4981565475463867,18725000,0.0,0.0
2012-11-02 00:00:00-04:00,2.5133630712299224,2.5235004754472747,2.4576071753947684,2.4597795009613037,19223000,0.0,0.0
2012-11-05 00:00:00-05:00,2.3895412882686604,2.492363946488558,2.3888172373199823,2.4851229190826416,13881000,0.0,0.0
2012-11-06 00:00:00-05:00,2.4851228859242878,2.5546369552612305,2.4771578076759693,2.5546369552612305,20045000,0.0,0.0
2012-11-07 00:00:00-05:00,2.518431190737602,2.54232659380193,2.453986007544726,2.459054708480835,20751000,0.0,0.0
2012-11-08 00:00:00-05:00,2.5336376739330926,2.5336376739330926,2.4496415582768893,2.4503657817840576,13265000,0.0,0.0
2012-11-09 00:00:00-05:00,2.461951455308924,2.461951455308924,2.419953397541436,2.424298048019409,14186000,0.0,0.0
2012-11-12 00:00:00-05:00,2.431539203424001,2.451089958970975,2.4054714718148023,2.433711528778076,7607000,0.0,0.0
2012-11-13 00:00:00-05:00,2.4083679905712265,2.448917778513695,2.40257523771075,2.409816265106201,11113000,0.0,0.0
2012-11-14 00:00:00-05:00,2.4387798975774047,2.4539860003410934,2.380127466300919,2.3917131423950195,12054000,0.0,0.0
2012-11-15 00:00:00-05:00,2.3996788893562875,2.4054718153410106,2.3236481816644967,2.335233688354492,13745000,0.0,0.0
2012-11-16 00:00:00-05:00,2.332336616387075,2.3446463430553255,2.2939591621579565,2.3127858638763428,23888000,0.0,0.0
2012-11-19 00:00:00-05:00,2.33740599342147,2.3772317333964907,2.3178552352547284,2.371438980102539,16664000,0.0,0.0
2012-11-20 00:00:00-05:00,2.4127125644165375,2.424298242406877,2.353336072615863,2.3757832050323486,11905000,0.0,0.0
2012-11-21 00:00:00-05:00,2.3736109060977735,2.3866446851345016,2.3547842021027368,2.37650728225708,7802000,0.0,0.0
2012-11-23 00:00:00-05:00,2.3895420312499915,2.4431257888263627,2.3786805730838148,2.429367780685425,8177000,0.0,0.0
2012-11-26 00:00:00-05:00,2.443849247247978,2.4793303357551464,2.4192297869122785,2.464848279953003,16562000,0.0,0.0
2012-11-27 00:00:00-05:00,2.451814191712406,2.500329231365221,2.4329874856739573,2.4706408977508545,20547000,0.0,0.0
2012-11-28 00:00:00-05:00,2.4344359248967637,2.5090185304971486,2.433711873889299,2.5025017261505127,20702000,0.0,0.0
2012-11-29 00:00:00-05:00,2.525673232552841,2.565498977891027,2.5140875517650185,2.5416035652160645,19060000,0.0,0.0
2012-11-30 00:00:00-05:00,2.5046743695546443,2.565498977891027,2.4547112182670183,2.5416035652160645,41634000,0.0,0.0
2012-12-03 00:00:00-05:00,2.562602925457454,2.576360933925696,2.5075710642242544,2.5206048488616943,17504000,0.0,0.0
2012-12-04 00:00:00-05:00,2.5191561062649512,2.545947892561808,2.511915078275538,2.528569459915161,16899000,0.0,0.0
2012-12-05 00:00:00-05:00,2.5365351195482404,2.5459484753532555,2.4981576451554144,2.5003299713134766,15875000,0.0,0.0
2012-12-06 00:00:00-05:00,2.501052946934433,2.5452233296336666,2.4952601947638895,2.54305100440979,11963000,0.0,0.0
2012-12-07 00:00:00-05:00,2.4786065147973213,2.502501926352572,2.458331531208758,2.4800546169281006,85050000,0.0,0.0
2012-12-10 00:00:00-05:00,2.4894674597271913,2.4996048631182677,2.469192652945038,2.4945361614227295,26845000,0.0,0.0
2012-12-11 00:00:00-05:00,2.509742754144339,2.525672912146922,2.485847344500739,2.5025017261505127,43625000,0.0,0.0
2012-12-12 00:00:00-05:00,2.519155414376829,2.525672216929648,2.4945357878628447,2.503225088119507,49274000,0.0,0.0
2012-12-13 00:00:00-05:00,2.5468866423616485,2.547614271517629,2.4442834711743324,2.4522879123687744,66194000,0.017,0.0
2012-12-14 00:00:00-05:00,2.4129928799038733,2.4209973201623405,2.219429494123086,2.2660012245178223,98714000,0.0,0.0
2012-12-17 00:00:00-05:00,2.2841935209968054,2.328582197589675,2.257269332764614,2.3278543949127197,70583000,0.0,0.0
2012-12-18 00:00:00-05:00,2.3453184801167746,2.364965852652294,2.306023561552875,2.348229169845581,41414000,0.0,0.0
2012-12-19 00:00:00-05:00,2.349685005363568,2.3649662591862706,2.3242160754995056,2.3278543949127197,25023000,0.0,0.0
2012-12-20 00:00:00-05:00,2.332220166637572,2.3460461600150913,2.2863762385636255,2.3213050365448,23788000,0.0,0.0
2012-12-21 00:00:00-05:00,2.2660019083379157,2.2972922232363495,2.256542033590046,2.282010793685913,35064000,0.0,0.0
2012-12-24 00:00:00-05:00,2.2769168580753107,2.2798275484954424,2.254358790453162,2.2667293548583984,7995000,0.0,0.0
2012-12-26 00:00:00-05:00,2.2718228829682747,2.297291811997862,2.239077141857789,2.247081756591797,16339000,0.0,0.0
2012-12-27 00:00:00-05:00,2.26163540149475,2.29147027925218,2.2332557820711147,2.282738208770752,27545000,0.0,0.0
2012-12-28 00:00:00-05:00,2.2601801712934253,2.290015225205257,2.2529033584966447,2.2667293548583984,19617000,0.0,0.0
2012-12-31 00:00:00-05:00,2.2798266457402243,2.3125723771056843,2.2536300953464234,2.303112506866455,26644000,0.0,0.0
2013-01-02 00:00:00-05:00,2.3598718519964383,2.4057157742153286,2.346045860384736,2.3678762912750244,36716000,0.0,0.0
2013-01-03 00:00:00-05:00,2.353322932346441,2.3998946622182875,2.353322932346441,2.380247116088867,23295000,0.0,0.0
2013-01-04 00:00:00-05:00,2.3795192983189177,2.3846130483397805,2.342407616669981,2.3649656772613525,27113000,0.0,0.0
2013-01-07 00:00:00-05:00,2.355505994590167,2.364238237320147,2.3358586219405746,2.35186767578125,16822000,0.0,0.0
2013-01-08 00:00:00-05:00,2.3613280582260896,2.3795201780200395,2.3351316694320285,2.3358592987060547,20969000,0.0,0.0
2013-01-09 00:00:00-05:00,2.364965827517051,2.3984391927747164,2.3547783268280726,2.387523889541626,29456000,0.0,0.0
2013-01-10 00:00:00-05:00,2.434824026617316,2.444283901281204,2.402806082712648,2.439190149307251,44591000,0.0,0.0
2013-01-11 00:00:00-05:00,2.440644216270904,2.5010417503857827,2.437005724900062,2.498858690261841,47871000,0.0,0.0
2013-01-14 00:00:00-05:00,2.4624756433468735,2.5192347091250467,2.447922018942943,2.515596389770508,49258000,0.0,0.0
2013-01-15 00:00:00-05:00,2.4959488059716555,2.5061363075060252,2.4610200062201213,2.464658498764038,33736000,0.0,0.0
2013-01-16 00:00:00-05:00,2.460292791778487,2.518507294349933,2.4573821013484958,2.514868974685669,27669000,0.0,0.0
2013-01-17 00:00:00-05:00,2.5308774898122537,2.544703484205106,2.5170516689122784,2.5330605506896973,21065000,0.0,0.0
2013-01-18 00:00:00-05:00,2.5134127510812307,2.5286940011452694,2.4966760695141583,2.506135940551758,18830000,0.0,0.0
2013-01-22 00:00:00-05:00,2.5068635695568506,2.5185065011025767,2.498131501017192,2.506135940551758,13809000,0.0,0.0
2013-01-23 00:00:00-05:00,2.535970696329159,2.546885998373323,2.4864884563765233,2.5046803951263428,22791000,0.0,0.0
2013-01-24 00:00:00-05:00,2.4530153016746445,2.496676166548377,2.444283059302756,2.469024181365967,44567000,0.0,0.0
2013-01-25 00:00:00-05:00,2.46174766967127,2.4952210381735904,2.461020040549486,2.4857611656188965,35089000,0.0,0.0
2013-01-28 00:00:00-05:00,2.5032256514449833,2.512685523995748,2.482122845486133,2.509047031402588,38462000,0.0,0.0
2013-01-29 00:00:00-05:00,2.495949014174491,2.525783892154682,2.487216770134977,2.515596389770508,23732000,0.0,0.0
2013-01-30 00:00:00-05:00,2.5097745973780095,2.5708999528593224,2.5097745973780095,2.550524950027466,25185000,0.0,0.0
2013-01-31 00:00:00-05:00,2.5847262041995056,2.6262040165901968,2.565078828514067,2.6029181480407715,67764000,0.0,0.0
2013-02-01 00:00:00-05:00,2.613833236946805,2.6414852252487315,2.606556425313594,2.6385743618011475,27973000,0.0,0.0
2013-02-04 00:00:00-05:00,2.6014626663125138,2.6349360344182573,2.5570739940449516,2.5599846839904785,43401000,0.0,0.0
2013-02-05 00:00:00-05:00,2.552708169782598,2.5883646028748455,2.5512529113867273,2.576721668243408,29392000,0.0,0.0
2013-02-06 00:00:00-05:00,2.5636232986835443,2.6043734803410477,2.5534357966423893,2.5934581756591797,20811000,0.0,0.0
2013-02-07 00:00:00-05:00,2.59345808016627,2.59345808016627,2.513413151587116,2.543975830078125,42435000,0.0,0.0
2013-02-08 00:00:00-05:00,2.567261619985639,2.585453561916852,2.5505249362529154,2.5701723098754883,32966000,0.0,0.0
2013-02-11 00:00:00-05:00,2.5745392329256287,2.597097303460509,2.5468872366316546,2.5759944915771484,29999000,0.0,0.0
2013-02-12 00:00:00-05:00,2.5614406694225273,2.5723559759439336,2.530877984655501,2.557074546813965,31224000,0.0,0.0
2013-02-13 00:00:00-05:00,2.5730842229956354,2.582544099754474,2.5388832101719676,2.559258222579956,26590000,0.0,0.0
2013-02-14 00:00:00-05:00,2.5534357966423893,2.5956412365955535,2.546158984685438,2.5934581756591797,32372000,0.0,0.0
2013-02-15 00:00:00-05:00,2.589092663614816,2.603646289981417,2.5454316110221016,2.557074546813965,25317000,0.0,0.0
2013-02-19 00:00:00-05:00,2.546886182160386,2.5869087278866196,2.5323325607131837,2.5861809253692627,24396000,0.0,0.0
2013-02-20 00:00:00-05:00,2.5818154625989025,2.6000074060779585,2.5228731632232666,2.5228731632232666,33262000,0.0,0.0
2013-02-21 00:00:00-05:00,2.5083199345975307,2.523601190348893,2.3984399332627464,2.4501054286956787,61853000,0.0,0.0
2013-02-22 00:00:00-05:00,2.4719350453756332,2.5083190994501834,2.453015302558296,2.4806671142578125,18964000,0.0,0.0
2013-02-25 00:00:00-05:00,2.4835784814013957,2.490127491018888,2.3969841895896025,2.397711992263794,30632000,0.0,0.0
2013-02-26 00:00:00-05:00,2.4108095169067383,2.4304568873003047,2.3766085259629124,2.4108095169067383,34556000,0.0,0.0
2013-02-27 00:00:00-05:00,2.4595643950791013,2.501042197869525,2.447193660999133,2.4515597820281982,35971000,0.0,0.0
2013-02-28 00:00:00-05:00,2.4515599704072257,2.4966762686862447,2.4253634157127264,2.4901270866394043,34786000,0.0,0.0
2013-03-01 00:00:00-05:00,2.4682969682505416,2.4806675313666364,2.4202699740981237,2.4522879123687744,31500000,0.0,0.0
2013-03-04 00:00:00-05:00,2.4421004762468193,2.452287978677553,2.4020780956995393,2.440645217895508,17005000,0.0,0.0
2013-03-05 00:00:00-05:00,2.4522878842734888,2.5003150513685553,2.4508326259781996,2.4981319904327393,30510000,0.0,0.0
2013-03-06 00:00:00-05:00,2.496676529753395,2.530149899058046,2.489399717882509,2.5257837772369385,24610000,0.0,0.0
2013-03-07 00:00:00-05:00,2.5243284800542285,2.5563464170940984,2.503225673906026,2.544703483581543,30738000,0.0,0.0
2013-03-08 00:00:00-05:00,2.5505261075402865,2.576722502072069,2.545432181027659,2.566534996032715,19688000,0.0,0.0
2013-03-11 00:00:00-04:00,2.5527075486845763,2.5949131547678994,2.5447031089761607,2.5658059120178223,28173000,0.0,0.0
2013-03-12 00:00:00-04:00,2.5628958347464943,2.5861815304140636,2.5468867780120643,2.579632520675659,22477000,0.0,0.0
2013-03-13 00:00:00-04:00,2.5832701023639606,2.627658766930448,2.565805792227842,2.618926525115967,27495000,0.0,0.0
2013-03-14 00:00:00-04:00,2.6232934281415456,2.6909678019019294,2.621837996240923,2.667681932449341,43449000,0.0,0.0
2013-03-15 00:00:00-04:00,2.670592997241473,2.676414378296294,2.605829308915274,2.619655132293701,34447000,0.0,0.0
2013-03-18 00:00:00-04:00,2.589091775615025,2.612377465719376,2.5505246616218873,2.5658059120178223,28689000,0.0,0.0
2013-03-19 00:00:00-04:00,2.5752661855583616,2.606556493752023,2.5497972574269667,2.5687170028686523,33400000,0.0,0.0
2013-03-20 00:00:00-04:00,2.5963696106203296,2.625476864853779,2.572356108528442,2.6145615577697754,29636000,0.0,0.0
2013-03-21 00:00:00-04:00,2.5904201274596343,2.6160244566409787,2.5699368036467374,2.601393461227417,27816000,0.019,0.0
2013-03-22 00:00:00-04:00,2.616755938651845,2.6365079393173443,2.5882256198543456,2.618950605392456,17306000,0.0,0.0
2013-03-25 00:00:00-04:00,2.6240707829906973,2.625533951925221,2.578714813417774,2.598466634750366,12888000,0.0,0.0
2013-03-26 00:00:00-04:00,2.6094407077504673,2.6321188749167557,2.6013937118223995,2.6182193756103516,9556000,0.0,0.0
2013-03-27 00:00:00-04:00,2.5948086436714113,2.613828966601193,2.5787146584348024,2.6072449684143066,14861000,0.0,0.0
2013-03-28 00:00:00-04:00,2.6189505108295044,2.628460674890359,2.595541023800274,2.6277291774749756,14740000,0.0,0.0
2013-04-01 00:00:00-04:00,2.6204127798933308,2.633580600922822,2.5743251446673794,2.5852982997894287,18501000,0.0,0.0
2013-04-02 00:00:00-04:00,2.6021246435040344,2.605050981764487,2.5436006689382156,2.551647663116455,23020000,0.0,0.0
2013-04-03 00:00:00-04:00,2.5516475193938595,2.5662785122112175,2.4945867171722402,2.509949207305908,18297000,0.0,0.0
2013-04-04 00:00:00-04:00,2.5048288195442265,2.537016974542906,2.4843453213339957,2.5311646461486816,15348000,0.0,0.0
2013-04-05 00:00:00-04:00,2.4880034323868165,2.517996923948988,2.438257937876729,2.511413097381592,14449000,0.0,0.0
2013-04-08 00:00:00-04:00,2.5055597988925786,2.536284952646997,2.485076479333091,2.535553455352783,12357000,0.0,0.0
2013-04-09 00:00:00-04:00,2.5392111973817904,2.5699363521180585,2.5033652125920094,2.5443320274353027,16008000,0.0,0.0
2013-04-10 00:00:00-04:00,2.546526875139663,2.5970038563668223,2.545063880400305,2.5882253646850586,14817000,0.0,0.0
2013-04-11 00:00:00-04:00,2.577983958736905,2.627729450878342,2.5611582955259284,2.6065144538879395,18282000,0.0,0.0
2013-04-12 00:00:00-04:00,2.597002577067341,2.5991972425104772,2.5282369745661297,2.5538411140441895,16125000,0.0,0.0
2013-04-15 00:00:00-04:00,2.537017059480191,2.5406748956604597,2.466788244322181,2.471177577972412,24634000,0.0,0.0
2013-04-16 00:00:00-04:00,2.4931230430215634,2.531163686405796,2.4770288844170443,2.529700517654419,22491000,0.0,0.0
2013-04-17 00:00:00-04:00,2.4689830766960923,2.4704462461493533,2.3614450927157744,2.3702237606048584,64010000,0.0,0.0
2013-04-18 00:00:00-04:00,2.421432084621208,2.4346000855573595,2.2860952855748327,2.2948739528656006,41056000,0.0,0.0
2013-04-19 00:00:00-04:00,2.2860948748088874,2.3321825209739244,2.2553697192271303,2.2868263721466064,37180000,0.0,0.0
2013-04-22 00:00:00-04:00,2.2941418152123756,2.3292563028310886,2.2363493409170223,2.3102359771728516,36395000,0.0,0.0
2013-04-23 00:00:00-04:00,2.330719188859838,2.3716859988993244,2.3204773555385874,2.368028163909912,25542000,0.0,0.0
2013-04-24 00:00:00-04:00,2.3680293713450937,2.402412200584212,2.343888206234179,2.3863182067871094,32062000,0.0,0.0
2013-04-25 00:00:00-04:00,2.40021726405446,2.4280162629008846,2.3797339380962454,2.387049436569214,25126000,0.0,0.0
2013-04-26 00:00:00-04:00,2.384122570327403,2.384122570327403,2.3380349260714812,2.349008083343506,30945000,0.0,0.0
2013-04-29 00:00:00-04:00,2.3665653255481693,2.3987536500558324,2.355592167877754,2.3797333240509033,20430000,0.0,0.0
2013-04-30 00:00:00-04:00,2.3753440884467936,2.3753440884467936,2.308041447340662,2.3380351066589355,52511000,0.0,0.0
2013-05-01 00:00:00-04:00,2.345351203777652,2.3460827013287786,2.2860955417552233,2.2912163734436035,37068000,0.0,0.0
2013-05-02 00:00:00-04:00,2.3080417951168344,2.357787286078175,2.2904846348308676,2.347545623779297,32536000,0.0,0.0
2013-05-03 00:00:00-04:00,2.3526649395239425,2.3694905914979856,2.329986788280818,2.332181453704834,46901000,0.0,0.0
2013-05-06 00:00:00-04:00,2.34461833453172,2.4068001294207626,2.3380345111031176,2.399484634399414,32848000,0.0,0.0
2013-05-07 00:00:00-04:00,2.4082633011791406,2.410457967129784,2.375343486334647,2.3804643154144287,16093000,0.0,0.0
2013-05-08 00:00:00-04:00,2.38704857267214,2.4521565378428978,2.383390737551843,2.450693368911743,25437000,0.0,0.0
2013-05-09 00:00:00-04:00,2.449231249218607,2.493124239848917,2.4433787458187544,2.477761745452881,29769000,0.0,0.0
2013-05-10 00:00:00-04:00,2.4843453356163163,2.4975133362018576,2.4748351711096115,2.4916608333587646,15644000,0.0,0.0
2013-05-13 00:00:00-04:00,2.4748351490476246,2.4967818164945483,2.457277989505308,2.45947265625,14952000,0.0,0.0
2013-05-14 00:00:00-04:00,2.4565473367847717,2.4741045023643973,2.4382584990951703,2.4653258323669434,15938000,0.0,0.0
2013-05-15 00:00:00-04:00,2.462398044485237,2.5011701873981935,2.453619554687974,2.500438690185547,16947000,0.0,0.0
2013-05-16 00:00:00-04:00,2.499708122526601,2.525312278642198,2.479956295118788,2.502634286880493,24749000,0.0,0.0
2013-05-17 00:00:00-04:00,2.5231166987047176,2.544331687819789,2.5136067115998606,2.5187275409698486,27443000,0.0,0.0
2013-05-20 00:00:00-04:00,2.504828729551146,2.5275067192830223,2.504828729551146,2.5194597244262695,13881000,0.0,0.0
2013-05-21 00:00:00-04:00,2.5318961474337573,2.569936805299572,2.5194598187657538,2.5670106410980225,20743000,0.0,0.0
2013-05-22 00:00:00-04:00,2.558964003895709,2.577984336785637,2.5040978468527344,2.5282390117645264,33873000,0.0,0.0
2013-05-23 00:00:00-04:00,2.5048284896262634,2.5128754837122353,2.4755665026788742,2.485076665878296,28513000,0.0,0.0
2013-05-24 00:00:00-04:00,2.477029612066559,2.494586944580078,2.4638617870966284,2.494586944580078,15118000,0.0,0.0
2013-05-28 00:00:00-04:00,2.5260437244446403,2.531896052628603,2.4880030680032323,2.5194597244262695,20919000,0.0,0.0
2013-05-29 00:00:00-04:00,2.5143382088198103,2.5384793612298506,2.498244049074727,2.5187275409698486,22858000,0.0,0.0
2013-05-30 00:00:00-04:00,2.648212566233181,2.7967173589897243,2.6408970686519098,2.766723871231079,82607000,0.0,0.0
2013-05-31 00:00:00-04:00,2.7308779510904797,2.799643595242403,2.7147837862310995,2.7601399421691895,33432000,0.0,0.0
2013-06-03 00:00:00-04:00,2.7564818136521434,2.7601396493565487,2.676742844097294,2.7286829948425293,27210000,0.0,0.0
2013-06-04 00:00:00-04:00,2.7359989420402813,2.793791430123977,2.735267444545116,2.765260934829712,33120000,0.0,0.0
2013-06-05 00:00:00-04:00,2.760871938282179,2.763066605450999,2.6935692768790473,2.7067372798919678,15019000,0.0,0.0
2013-06-06 00:00:00-04:00,2.7206360406310566,2.7228305327878433,2.665769725161587,2.6884477138519287,29731000,0.0,0.0
2013-06-07 00:00:00-04:00,2.6891793747195725,2.73087769058754,2.6445547204907025,2.7279515266418457,30733000,0.0,0.0
2013-06-10 00:00:00-04:00,2.7433144726094407,2.744045970113238,2.6913743127046303,2.694300651550293,26360000,0.0,0.0
2013-06-11 00:00:00-04:00,2.6650380228651973,2.6891793548809027,2.6526016953763354,2.6547963619232178,21699000,0.0,0.0
2013-06-12 00:00:00-04:00,2.6818630463994726,2.6833262152215696,2.613097425649067,2.632117748260498,21307000,0.0,0.0
2013-06-13 00:00:00-04:00,2.6299110801847054,2.7344012613327577,2.6210810500510524,2.730721950531006,29106000,0.021,0.0
2013-06-14 00:00:00-04:00,2.7329281991647987,2.7814939557862646,2.726305548142114,2.7660412788391113,21762000,0.0,0.0
2013-06-17 00:00:00-04:00,2.7814944935047943,2.821230231883505,2.776343600193306,2.8028340339660645,24727000,0.0,0.0
2013-06-18 00:00:00-04:00,2.799155055004092,2.85507944714159,2.794740128386175,2.851400136947632,27383000,0.0,0.0
2013-06-19 00:00:00-04:00,2.8469846995615993,2.860230004172765,2.8013622760772705,2.8013622760772705,24035000,0.0,0.0
2013-06-20 00:00:00-04:00,2.7748722423083927,2.7917966836807664,2.716740473048465,2.7270424365997314,31638000,0.0,0.0
2013-06-21 00:00:00-04:00,2.725570455944007,2.7579475768538964,2.694664918679611,2.75058913230896,80030000,0.0,0.0
2013-06-24 00:00:00-04:00,2.721155291442539,2.721891083248335,2.6564008756753372,2.6998157501220703,36858000,0.0,0.0
2013-06-25 00:00:00-04:00,2.7321937422151885,2.7660426300587058,2.7086466440355594,2.7299861907958984,26019000,0.0,0.0
2013-06-26 00:00:00-04:00,2.7513259833574395,2.7756088756998465,2.7218920202836987,2.7410240173339844,20661000,0.0,0.0
2013-06-27 00:00:00-04:00,2.757947467514975,2.7844379019143632,2.7439665462412792,2.7461740970611572,26359000,0.0,0.0
2013-06-28 00:00:00-04:00,2.7226271132138637,2.768249539568133,2.7049668813938474,2.75058913230896,22998000,0.0,0.0
2013-07-01 00:00:00-04:00,2.7851741603893956,2.7866457441304298,2.747645967966338,2.7675137519836426,27147000,0.0,0.0
2013-07-02 00:00:00-04:00,2.79253176029677,2.8683237386369975,2.782965767118372,2.831531524658203,40377000,0.0,0.0
2013-07-03 00:00:00-04:00,2.8249101353463106,2.8602307818065134,2.8057781404436004,2.8396270275115967,15203000,0.0,0.0
2013-07-05 00:00:00-04:00,2.8418343117394986,2.8830416410165274,2.807985427853397,2.8558154106140137,14447000,0.0,0.0
2013-07-08 00:00:00-04:00,2.8646450327687973,2.872003652553281,2.7366081362478574,2.742494821548462,22643000,0.0,0.0
2013-07-09 00:00:00-04:00,2.7756077192537663,2.794003741141109,2.7505888698370526,2.765305757522583,13855000,0.0,0.0
2013-07-10 00:00:00-04:00,2.7653057583994665,2.821965933901951,2.7550039721041566,2.8204941749572754,17363000,0.0,0.0
2013-07-11 00:00:00-04:00,2.7616274639477423,2.840362819488103,2.757948153186824,2.8396270275115967,16769000,0.0,0.0
2013-07-12 00:00:00-04:00,2.846984771973498,2.8683243129859304,2.8462489801783226,2.866116762161255,18342000,0.0,0.0
2013-07-15 00:00:00-04:00,2.8683251061075916,2.875683552411481,2.79326888363224,2.796948194503784,21551000,0.0,0.0
2013-07-16 00:00:00-04:00,2.807985362003995,2.880098230407488,2.807985362003995,2.8602304458618164,31254000,0.0,0.0
2013-07-17 00:00:00-04:00,2.8705323750279774,2.924249045303553,2.859494618938868,2.8639097213745117,23992000,0.0,0.0
2013-07-18 00:00:00-04:00,2.8514006901330156,2.8609666879661564,2.7557407118016077,2.7667784690856934,37050000,0.0,0.0
2013-07-19 00:00:00-04:00,2.7778154486586897,2.807249225923345,2.7601550419485754,2.7851738929748535,17757000,0.0,0.0
2013-07-22 00:00:00-04:00,2.8131362195983507,2.8131362195983507,2.762362895618911,2.78075909614563,9869000,0.0,0.0
2013-07-23 00:00:00-04:00,2.8020986014854636,2.807985287327936,2.760155306960968,2.7675137519836426,16501000,0.0,0.0
2013-07-24 00:00:00-04:00,2.742494807385621,2.7954756765740645,2.712325238357309,2.7145326137542725,20506000,0.0,0.0
2013-07-25 00:00:00-04:00,2.6858348343435074,2.7211552972451885,2.6711179455612815,2.715268611907959,25512000,0.0,0.0
2013-07-26 00:00:00-04:00,2.6880427540484892,2.711589674067584,2.67479744706352,2.7064387798309326,12256000,0.0,0.0
2013-07-29 00:00:00-04:00,2.694664988479838,2.715268739002856,2.6770047562023667,2.692457437515259,13094000,0.0,0.0
2013-07-30 00:00:00-04:00,2.704231367453957,2.7226275696197115,2.6740617923940078,2.711589813232422,11651000,0.0,0.0
2013-07-31 00:00:00-04:00,2.723362634094735,2.7270419437207343,2.6902495492172966,2.699079751968384,13124000,0.0,0.0
2013-08-01 00:00:00-04:00,2.7248348989971314,2.7608913330070672,2.710118008638689,2.752061128616333,19499000,0.0,0.0
2013-08-02 00:00:00-04:00,2.7439667916653177,2.758683681488037,2.717476354896589,2.758683681488037,15183000,0.0,0.0
2013-08-05 00:00:00-04:00,2.738815092002079,2.752060395057659,2.7196832799870045,2.7240982055664062,11773000,0.0,0.0
2013-08-06 00:00:00-04:00,2.7174762282028415,2.718947811853006,2.7005517881518455,2.71232533454895,10730000,0.0,0.0
2013-08-07 00:00:00-04:00,2.7204197237390657,2.7454384015886535,2.6990801806606917,2.743966817855835,18035000,0.0,0.0
2013-08-08 00:00:00-04:00,2.7667776707944873,2.7667776707944873,2.743230579008553,2.7461740970611572,19396000,0.0,0.0
2013-08-09 00:00:00-04:00,2.735873488932318,2.740288592757421,2.70349635328029,2.7101190090179443,13858000,0.0,0.0
2013-08-12 00:00:00-04:00,2.7108538778399316,2.781494988663014,2.7034954324508433,2.774136543273926,9880000,0.0,0.0
2013-08-13 00:00:00-04:00,2.784437933911677,2.8050416833209244,2.746174128618763,2.7976832389831543,13754000,0.0,0.0
2013-08-14 00:00:00-04:00,2.788853073475619,2.7917964161628683,2.733664652473292,2.7388155460357666,15271000,0.0,0.0
2013-08-15 00:00:00-04:00,2.6593440898222984,2.7182116380972987,2.630646107406496,2.6505138874053955,25111000,0.0,0.0
2013-08-16 00:00:00-04:00,2.6468347585145366,2.6747969511165266,2.6409480734610358,2.667438507080078,13543000,0.0,0.0
2013-08-19 00:00:00-04:00,2.6725894003616775,2.6792120526262244,2.6549291697620307,2.667438507080078,23389000,0.0,0.0
2013-08-20 00:00:00-04:00,2.674061152370794,2.7299853619897814,2.6696460508726103,2.707174062728882,17417000,0.0,0.0
2013-08-21 00:00:00-04:00,2.696136747602611,2.721891216457432,2.6770047562023667,2.692457437515259,14425000,0.0,0.0
2013-08-22 00:00:00-04:00,2.6652309724380863,2.73219293638199,2.6549291858126076,2.6939289569854736,9940000,0.0,0.0
2013-08-23 00:00:00-04:00,2.7071748762852086,2.7263068715674272,2.6843637456082843,2.703495740890503,18312000,0.0,0.0
2013-08-26 00:00:00-04:00,2.7189483782908117,2.775608571165933,2.711589932189533,2.757948160171509,13890000,0.0,0.0
2013-08-27 00:00:00-04:00,2.7844376585197135,2.7844376585197135,2.67479679609911,2.689513683319092,29863000,0.0,0.0
2013-08-28 00:00:00-04:00,2.8646451792525975,2.902909161980614,2.7888531810761386,2.8168153762817383,67806000,0.0,0.0
2013-08-29 00:00:00-04:00,2.825645230961065,2.869796072015431,2.805777448978133,2.866116762161255,35955000,0.0,0.0
2013-08-30 00:00:00-04:00,2.866853152783449,2.869060704069237,2.817551583425616,2.833740234375,25073000,0.0,0.0
2013-09-03 00:00:00-04:00,2.8565508427017012,2.879362143347621,2.799154870618729,2.8219661712646484,17351000,0.0,0.0
2013-09-04 00:00:00-04:00,2.838890503049041,2.8793620337807737,2.8079849673004604,2.8683242797851562,12588000,0.0,0.0
2013-09-05 00:00:00-04:00,2.8808345724956252,2.8845138835270903,2.8491932344696917,2.854344129562378,14372000,0.0,0.0
2013-09-06 00:00:00-04:00,2.883041461814187,2.883041461814187,2.81313614722592,2.837419033050537,17155000,0.0,0.0
2013-09-09 00:00:00-04:00,2.860229861714813,2.8697958560889356,2.8425694564461943,2.8528714179992676,16364000,0.0,0.0
2013-09-10 00:00:00-04:00,2.86979543057183,2.9190969786119156,2.866116121540036,2.918361186981201,24344000,0.0,0.0
2013-09-11 00:00:00-04:00,2.886720831483894,2.9043810646004746,2.846249295795859,2.8881924152374268,23927000,0.0,0.0
2013-09-12 00:00:00-04:00,2.894079368088617,2.902909397206555,2.84109849162429,2.8720040321350098,20006000,0.0,0.0
2013-09-13 00:00:00-04:00,2.88156865857514,2.890398859471621,2.8477197890574324,2.8690593242645264,14480000,0.0,0.0
2013-09-16 00:00:00-04:00,2.8970223470282446,2.919833472014969,2.8727394629872482,2.890399694442749,21556000,0.0,0.0
2013-09-17 00:00:00-04:00,2.9422117730497983,2.9873626009385914,2.923707401929248,2.9695985317230225,37247000,0.023,0.0
2013-09-18 00:00:00-04:00,2.9769996789180073,3.0110479141670328,2.9488729756314833,3.010307788848877,23648000,0.0,0.0
2013-09-19 00:00:00-04:00,3.016230344772339,3.0199313257809126,2.9718196315043817,3.016230344772339,25017000,0.0,0.0
2013-09-20 00:00:00-04:00,3.046578000126537,3.1516832501715077,3.0221520899043632,3.0806262493133545,87192000,0.0,0.0
2013-09-23 00:00:00-04:00,3.1516834350712535,3.1598255232713095,3.0710040905152427,3.099130630493164,29711000,0.0,0.0
2013-09-24 00:00:00-04:00,3.0976501031600736,3.152423279851465,3.082106406754472,3.1391003131866455,29753000,0.0,0.0
2013-09-25 00:00:00-04:00,3.147241249452703,3.153162958629499,3.065821807137862,3.124295949935913,20584000,0.0,0.0
2013-09-26 00:00:00-04:00,3.1435417372038104,3.15760483088753,3.1117138626345926,3.1287381649017334,16874000,0.0,0.0
2013-09-27 00:00:00-04:00,3.116894554211339,3.165746369622193,3.0969097527200753,3.160565137863159,21998000,0.0,0.0
2013-09-30 00:00:00-04:00,3.1161533288330374,3.2042345905936314,3.106530994256004,3.1886909008026123,35229000,0.0,0.0
2013-10-01 00:00:00-04:00,3.1931327263564526,3.2294013440571234,3.181289660309878,3.213857650756836,27411000,0.0,0.0
2013-10-02 00:00:00-04:00,3.1879518054077782,3.216078339996877,3.178329467722185,3.213117837905884,17366000,0.0,0.0
2013-10-03 00:00:00-04:00,3.2116376792157357,3.2264412489311978,3.1701874722454764,3.2049758434295654,22817000,0.0,0.0
2013-10-04 00:00:00-04:00,3.2138576580231764,3.236803311772564,3.2042353212519714,3.2197790145874023,17246000,0.0,0.0
2013-10-07 00:00:00-04:00,3.219778754049622,3.219778754049622,3.173887803209145,3.182770013809204,14587000,0.0,0.0
2013-10-08 00:00:00-04:00,3.1909132704153773,3.217559914945025,3.1353999570628357,3.1531643867492676,21682000,0.0,0.0
2013-10-09 00:00:00-04:00,3.1805502839732513,3.1872121204887907,3.096169962651261,3.12355637550354,27594000,0.0,0.0
2013-10-10 00:00:00-04:00,3.2057171595734935,3.232363806724827,3.1516840923969864,3.2205207347869873,32464000,0.0,0.0
2013-10-11 00:00:00-04:00,3.2012754133668713,3.21977996693012,3.166487036199366,3.2042362689971924,18979000,0.0,0.0
2013-10-14 00:00:00-04:00,3.1923935386457196,3.2797347204972764,3.183511324737934,3.273813009262085,20183000,0.0,0.0
2013-10-15 00:00:00-04:00,3.2767735398338607,3.28935638083421,3.2257009914028325,3.237544059753418,18761000,0.0,0.0
2013-10-16 00:00:00-04:00,3.262709864110967,3.30119921587649,3.2471661688852613,3.293797254562378,16999000,0.0,0.0
2013-10-17 00:00:00-04:00,3.2634505735241524,3.340429290827622,3.2567890895055847,3.3382089138031006,23286000,0.0,0.0
2013-10-18 00:00:00-04:00,3.4255488608369626,3.4255488608369626,3.334507073280287,3.4092650413513184,27417000,0.0,0.0
2013-10-21 00:00:00-04:00,3.415926518519066,3.494385819782656,3.408524910743958,3.4825427532196045,43360000,0.0,0.0
2013-10-22 00:00:00-04:00,3.4832838467771916,3.4832838467771916,3.4388731289491727,3.4692203998565674,47814000,0.0,0.0
2013-10-23 00:00:00-04:00,3.442574052711816,3.4470151597147782,3.30934190145796,3.3596739768981934,56673000,0.0,0.0
2013-10-24 00:00:00-04:00,3.3515307966198677,3.3826185355120337,3.3278450179693717,3.367074489593506,30021000,0.0,0.0
2013-10-25 00:00:00-04:00,3.344129945658922,3.397422871439481,3.344129945658922,3.3774380683898926,21912000,0.0,0.0
2013-10-28 00:00:00-04:00,3.3567124784186633,3.3863196174718095,3.347090140579144,3.3685555458068848,19048000,0.0,0.0
2013-10-29 00:00:00-04:00,3.3952013630396114,3.4255486234555184,3.3737363137076013,3.3900201320648193,22162000,0.0,0.0
2013-10-30 00:00:00-04:00,3.4092665866437586,3.4092665866437586,3.286396876962791,3.319705009460449,20740000,0.0,0.0
2013-10-31 00:00:00-04:00,3.330806549598934,3.375957386825801,3.330806549598934,3.3626344203948975,17394000,0.0,0.0
2013-11-01 00:00:00-04:00,3.389281783991423,3.3966837480912675,3.2989797278767226,3.3100826740264893,22074000,0.0,0.0
2013-11-04 00:00:00-05:00,3.33746875808099,3.3530128105365313,3.3012001258898165,3.333768129348755,13911000,0.0,0.0
2013-11-05 00:00:00-05:00,3.33376664909329,3.3456093616681306,3.3004585346773374,3.333026170730591,12484000,0.0,0.0
2013-11-06 00:00:00-05:00,3.3441294773701977,3.367074779617012,3.3285857830577017,3.3581929206848145,10405000,0.0,0.0
2013-11-07 00:00:00-05:00,3.357452870412582,3.367815687554057,3.2257009852863043,3.2316226959228516,32309000,0.0,0.0
2013-11-08 00:00:00-05:00,3.2368043245141256,3.2856561491074783,3.1901728769727393,3.2826952934265137,36069000,0.0,0.0
2013-11-11 00:00:00-05:00,3.2893558980638438,3.2997187137040447,3.248646172768803,3.272331953048706,9140000,0.0,0.0
2013-11-12 00:00:00-05:00,3.298238024238115,3.344129332635397,3.2797338287307265,3.340428352355957,13438000,0.0,0.0
2013-11-13 00:00:00-05:00,3.282694633136758,3.3589332103729252,3.282694633136758,3.358933210372925,9863000,0.0,0.0
2013-11-14 00:00:00-05:00,3.323404228013048,3.3374676714518117,3.151682757670915,3.1790695190429688,59660000,0.0,0.0
2013-11-15 00:00:00-05:00,3.181290654496766,3.316743536770251,3.174629170413401,3.3019399642944336,48369000,0.0,0.0
2013-11-18 00:00:00-05:00,3.3019392603952253,3.3100813470519683,3.2464259636813484,3.2538275718688965,13463000,0.0,0.0
2013-11-19 00:00:00-05:00,3.2449452773141,3.275292893652971,3.1775892680320226,3.1790695190429688,12296000,0.0,0.0
2013-11-20 00:00:00-05:00,3.201274866390557,3.2020153448803694,3.1420605874616356,3.160565137863159,11085000,0.0,0.0
2013-11-21 00:00:00-05:00,3.17758888904275,3.199053937921046,3.162044843502046,3.1864707469940186,15434000,0.0,0.0
2013-11-22 00:00:00-05:00,3.187211771537976,3.2212600171780332,3.1790696846637423,3.2049758434295654,11219000,0.0,0.0
2013-11-25 00:00:00-05:00,3.251607364851713,3.256788596736653,3.212377886460761,3.235323190689087,16001000,0.0,0.0
2013-11-26 00:00:00-05:00,3.2412441794614835,3.3204432441736143,3.223479758128161,3.3123011589050293,18712000,0.0,0.0
2013-11-27 00:00:00-05:00,3.2937973170355224,3.316742974010548,3.236803766793611,3.3063805103302,19086000,0.0,0.0
2013-11-29 00:00:00-05:00,3.33006572935721,3.337467336614287,3.3056398254025465,3.310821056365967,11401000,0.0,0.0
2013-12-02 00:00:00-05:00,3.3670739123873417,3.4203668169789125,3.32636419687156,3.3308053016662598,24454000,0.0,0.0
2013-12-03 00:00:00-05:00,3.3256248545161604,3.328585709391312,3.301939074349686,3.3145222663879395,16189000,0.0,0.0
2013-12-04 00:00:00-05:00,3.292317003477532,3.323404393928943,3.287875897278053,3.293797254562378,26443000,0.0,0.0
2013-12-05 00:00:00-05:00,3.3700358696220842,3.5291745101766354,3.335247498130938,3.522512674331665,45947000,0.0,0.0
2013-12-06 00:00:00-05:00,3.575804603339246,3.575804603339246,3.4751404975187437,3.4758806228637695,27552000,0.0,0.0
2013-12-09 00:00:00-05:00,3.485503996185817,3.5188121172447384,3.445534392093092,3.5062289237976074,20719000,0.0,0.0
2013-12-10 00:00:00-05:00,3.5062286230332376,3.5091894779859194,3.440352512131677,3.4492347240448,15997000,0.0,0.0
2013-12-11 00:00:00-05:00,3.4610796329849327,3.478103587424897,3.4092669378789666,3.4129679203033447,13005000,0.0,0.0
2013-12-12 00:00:00-05:00,3.438132065350897,3.4410929202430593,3.3848391479063813,3.386319398880005,13678000,0.0,0.0
2013-12-13 00:00:00-05:00,3.4070443390496625,3.4159261969547,3.375956601074952,3.3789174556732178,15876000,0.0,0.0
2013-12-16 00:00:00-05:00,3.6794309536481538,3.7416057354953693,3.5795065920595053,3.7082979679107666,121534000,0.0,0.0
2013-12-17 00:00:00-05:00,3.726804679885326,4.036940084581154,3.723104049620362,3.964402437210083,87230000,0.0,0.0
2013-12-18 00:00:00-05:00,3.974808928562632,3.974808928562632,3.8677236479037904,3.9524996280670166,42787000,0.025,0.0
2013-12-19 00:00:00-05:00,3.9376286289591422,3.9420905622287945,3.8156699469889173,3.8253374099731445,30366000,0.0,0.0
2013-12-20 00:00:00-05:00,3.8245934046461154,3.8684687816069423,3.8171567317917003,3.8409535884857178,28889000,0.0,0.0
2013-12-23 00:00:00-05:00,3.887803810518545,3.887803810518545,3.8521083472133397,3.871443271636963,12988000,0.0,0.0
2013-12-24 00:00:00-05:00,3.8900326878784925,3.9257277790408898,3.8848271611381415,3.9130859375,7448000,0.0,0.0
2013-12-26 00:00:00-05:00,3.9287046285650624,3.937628494800322,3.901189433439695,3.9205243587493896,7010000,0.0,0.0
2013-12-27 00:00:00-05:00,3.933166154589109,3.9458083562139086,3.912344038595386,3.924985885620117,8043000,0.0,0.0
2013-12-30 00:00:00-05:00,3.9257288706200764,3.93019080258104,3.881109905610454,3.9190361499786377,10962000,0.0,0.0
2013-12-31 00:00:00-05:00,3.9316799950757426,3.9636567738118496,3.907139536320062,3.9324235916137695,8655000,0.0,0.0
2014-01-02 00:00:00-05:00,3.9301912406504513,3.9324223841796284,3.858801030517721,3.915318250656128,14537000,0.0,0.0
2014-01-03 00:00:00-05:00,3.900445534796937,3.938371786058051,3.8640068308598408,3.9301915168762207,11661000,0.0,0.0
2014-01-06 00:00:00-05:00,3.9264725104158327,3.971091471891014,3.8989573246028106,3.903419256210327,12634000,0.0,0.0
2014-01-07 00:00:00-05:00,3.9279606937258293,3.94580842465865,3.9034202409932384,3.9406025409698486,13359000,0.0,0.0
2014-01-08 00:00:00-05:00,3.949526992253869,4.009762915786656,3.9309356622079488,3.9993515014648438,22968000,0.0,0.0
2014-01-09 00:00:00-05:00,4.0157105251470355,4.028352369490613,3.9234978608174376,3.958449363708496,12339000,0.0,0.0
2014-01-10 00:00:00-05:00,4.0112486980403474,4.017197822274816,3.9316782305793327,3.9636549949645996,16691000,0.0,0.0
2014-01-13 00:00:00-05:00,3.987453837021892,3.9993520914303846,3.895984720830959,3.9145760536193848,13944000,0.0,0.0
2014-01-14 00:00:00-05:00,3.9651436317640165,4.152543772914398,3.9220121994025487,4.1101555824279785,34855000,0.0,0.0
2014-01-15 00:00:00-05:00,4.140644579755187,4.252192191055074,4.128746328635236,4.236575603485107,27187000,0.0,0.0
2014-01-16 00:00:00-05:00,4.220959032805096,4.235832024064589,4.101231151756107,4.122053623199463,24084000,0.0,0.0
2014-01-17 00:00:00-05:00,4.109411752158566,4.195675321174024,4.1071806082598314,4.1748528480529785,31181000,0.0,0.0
2014-01-21 00:00:00-05:00,4.209802584619109,4.225419521514221,4.155516167345516,4.1726202964782715,16597000,0.0,0.0
2014-01-22 00:00:00-05:00,4.179314402468345,4.252192165286627,4.153286756676129,4.2499613761901855,25526000,0.0,0.0
2014-01-23 00:00:00-05:00,4.218728063149118,4.249961594302794,4.1451067001870285,4.1681599617004395,15551000,0.0,0.0
2014-01-24 00:00:00-05:00,4.14213214810761,4.163697861346951,4.026866199772982,4.052150249481201,17426000,0.0,0.0
2014-01-27 00:00:00-05:00,4.061817586453082,4.108667702557936,3.9963764977765304,4.04917573928833,21031000,0.0,0.0
2014-01-28 00:00:00-05:00,4.045457067255516,4.075203046422097,3.9383714004158064,4.069253921508789,25223000,0.0,0.0
2014-01-29 00:00:00-05:00,4.011249001357547,4.159978891465713,3.9688608231067075,4.02091646194458,23974000,0.0,0.0
2014-01-30 00:00:00-05:00,4.076690687759254,4.110155006655394,4.022404252074434,4.093794822692871,11989000,0.0,0.0
2014-01-31 00:00:00-05:00,4.00306946011948,4.111642335071765,4.00306946011948,4.063305377960205,15784000,0.0,0.0
2014-02-03 00:00:00-05:00,4.075204660221514,4.102719861416764,3.938372960029253,3.9606826305389404,11421000,0.0,0.0
2014-02-04 00:00:00-05:00,3.9792720452833685,4.027609350226827,3.948782469734431,4.016454696655273,13487000,0.0,0.0
2014-02-05 00:00:00-05:00,3.9948890081067576,4.06999755296128,3.955475213040472,4.014223575592041,9017000,0.0,0.0
2014-02-06 00:00:00-05:00,4.014969329863484,4.154775425030011,3.9874541269678434,4.104950904846191,18053000,0.0,0.0
2014-02-07 00:00:00-05:00,4.125028387970661,4.226908547035687,4.099744335964767,4.206830024719238,17039000,0.0,0.0
2014-02-10 00:00:00-05:00,4.178569937386272,4.200135645902056,4.132463780911146,4.187493801116943,12347000,0.0,0.0
2014-02-11 00:00:00-05:00,4.179313758807743,4.3250692619963464,4.1785701625567855,4.318376541137695,17344000,0.0,0.0
2014-02-12 00:00:00-05:00,4.328044728029441,4.4470286585539345,4.328044728029441,4.383074760437012,25864000,0.0,0.0
2014-02-13 00:00:00-05:00,4.270784213766965,4.425463631100594,4.267065876711797,4.393486499786377,22614000,0.0,0.0
2014-02-14 00:00:00-05:00,4.275989574605926,4.34143067302677,4.271527641236309,4.319121360778809,28180000,0.0,0.0
2014-02-18 00:00:00-05:00,4.351098335071041,4.351098335071041,4.293093553215347,4.340687274932861,15872000,0.0,0.0
2014-02-19 00:00:00-05:00,4.327302230801136,4.344406371590176,4.275246921008846,4.290863513946533,14598000,0.0,0.0
2014-02-20 00:00:00-05:00,4.316145957378065,4.389767314768418,4.290861908567247,4.387536525726318,22282000,0.0,0.0
2014-02-21 00:00:00-05:00,4.419513664624393,4.424719194089905,4.342917915460414,4.354072570800781,17998000,0.0,0.0
2014-02-24 00:00:00-05:00,4.351098067618058,4.461158497999604,4.351098067618058,4.429924964904785,20672000,0.0,0.0
2014-02-25 00:00:00-05:00,4.461901479464038,4.461901479464038,4.342173957136319,4.387536525726318,26929000,0.0,0.0
2014-02-26 00:00:00-05:00,4.461901135095823,4.721435034099761,4.459670346225894,4.603194713592529,49125000,0.0,0.0
2014-02-27 00:00:00-05:00,4.550395257942398,4.626991345733299,4.519905683916904,4.5645246505737305,16460000,0.0,0.0
2014-02-28 00:00:00-05:00,4.547422116542162,4.608401640624771,4.520650868979171,4.58832311630249,15225000,0.0,0.0
2014-03-03 00:00:00-05:00,4.547420822645134,4.645582981379335,4.525111515123762,4.591296195983887,15340000,0.0,0.0
2014-03-04 00:00:00-05:00,4.647814926666435,4.766798875317051,4.631454740107016,4.711025238037109,36761000,0.0,0.0
2014-03-05 00:00:00-05:00,4.696896182762102,4.77646668648295,4.680535995012069,4.69094705581665,24656000,0.0,0.0
2014-03-06 00:00:00-05:00,4.706563026772585,4.752669197773973,4.688715293688116,4.732590675354004,12162000,0.0,0.0
2014-03-07 00:00:00-05:00,4.7556431422454075,4.7556431422454075,4.644095538336434,4.666405200958252,15133000,0.0,0.0
2014-03-10 00:00:00-04:00,4.679792472042803,4.716231185431714,4.645584548318447,4.6701250076293945,13519000,0.0,0.0
2014-03-11 00:00:00-04:00,4.683510868328156,4.733335387903952,4.596504035525741,4.612120628356934,16191000,0.0,0.0
2014-03-12 00:00:00-04:00,4.593527374517382,4.708049362013666,4.495365569634839,4.6983819007873535,23598000,0.0,0.0
2014-03-13 00:00:00-04:00,4.714744333476263,4.796545634031704,4.613607748094754,4.661201477050781,35377000,0.0,0.0
2014-03-14 00:00:00-04:00,4.6678942011288935,4.703589320545817,4.626249954242516,4.661201477050781,13939000,0.0,0.0
2014-03-17 00:00:00-04:00,4.687226788211347,4.758617345957267,4.667148271414061,4.715485572814941,13968000,0.0,0.0
2014-03-18 00:00:00-04:00,4.723701193564188,4.780460452161546,4.689346999180633,4.766270637512207,13109000,0.027,0.0
2014-03-19 00:00:00-04:00,4.7804600727830735,4.845434219672116,4.764029931074461,4.810333251953125,17558000,0.0,0.0
2014-03-20 00:00:00-04:00,4.803612043869324,4.88352278254908,4.802118135588117,4.8775482177734375,19966000,0.0,0.0
2014-03-21 00:00:00-04:00,4.902196032166381,4.9163858530951225,4.752829702247118,4.772247314453125,23267000,0.0,0.0
2014-03-24 00:00:00-04:00,4.781955101089544,4.806600499318656,4.6564877810670176,4.716980934143066,24811000,0.0,0.0
2014-03-25 00:00:00-04:00,4.756562739616078,4.852903999868961,4.725942776135381,4.779714584350586,16145000,0.0,0.0
2014-03-26 00:00:00-04:00,4.808839890362277,4.84543441165478,4.639309253544634,4.690840721130371,28414000,0.0,0.0
2014-03-27 00:00:00-04:00,4.687852810467149,4.7132449757176795,4.618397655008931,4.688599586486816,25247000,0.0,0.0
2014-03-28 00:00:00-04:00,4.704284070001854,4.830498506366989,4.695322399518249,4.787929058074951,14330000,0.0,0.0
2014-03-31 00:00:00-04:00,4.817054592625651,4.879041635267521,4.797636990553479,4.810333251953125,14819000,0.0,0.0
2014-04-01 00:00:00-04:00,4.820788330024614,4.873813342203279,4.796142941954682,4.858129978179932,21962000,0.0,0.0
2014-04-02 00:00:00-04:00,4.834979428525695,4.877548876015281,4.767764586408758,4.827511310577393,20979000,0.0,0.0
2014-04-03 00:00:00-04:00,4.83498017212416,4.897714010673725,4.740132816060028,4.774487018585205,21592000,0.0,0.0
2014-04-04 00:00:00-04:00,4.8215354721711865,4.834978509261968,4.48396848563388,4.615410327911377,38830000,0.0,0.0
2014-04-07 00:00:00-04:00,4.55566457036003,4.62586651309503,4.393602396264859,4.507867336273193,43274000,0.0,0.0
2014-04-08 00:00:00-04:00,4.527286118347546,4.554172203060714,4.484717018393137,4.493679046630859,22055000,0.0,0.0
2014-04-09 00:00:00-04:00,4.55865277926641,4.6721709617675815,4.55865277926641,4.665449619293213,19256000,0.0,0.0
2014-04-10 00:00:00-04:00,4.671423608865944,4.671423608865944,4.452602165873223,4.470526218414307,20396000,0.0,0.0
2014-04-11 00:00:00-04:00,4.426462086529109,4.477993190222246,4.365968958858989,4.371196746826172,21903000,0.0,0.0
2014-04-14 00:00:00-04:00,4.365222790217552,4.448867772270207,4.3398306207559925,4.392855644226074,19419000,0.0,0.0
2014-04-15 00:00:00-04:00,4.410779347023003,4.433184054020754,4.277096812771711,4.401817321777344,25014000,0.0,0.0
2014-04-16 00:00:00-04:00,4.440652388243806,4.440652388243806,4.339830141557324,4.429450035095215,17916000,0.0,0.0
2014-04-17 00:00:00-04:00,4.431689813212684,4.604954301945111,4.400323085843342,4.547448635101318,19092000,0.0,0.0
2014-04-21 00:00:00-04:00,4.553423446046809,4.643789753216557,4.54222073756443,4.622131824493408,12560000,0.0,0.0
2014-04-22 00:00:00-04:00,4.601222116504227,4.764031458118583,4.601222116504227,4.737892150878906,22830000,0.0,0.0
2014-04-23 00:00:00-04:00,4.778220240529367,4.8252707019762076,4.7632836482808605,4.82452392578125,26984000,0.0,0.0
2014-04-24 00:00:00-04:00,4.886510974300418,4.890244855271252,4.7453599462258635,4.882776737213135,27519000,0.0,0.0
2014-04-25 00:00:00-04:00,4.843193124825842,4.856635804042965,4.6445361230636975,4.655738830566406,19266000,0.0,0.0
2014-04-28 00:00:00-04:00,4.698308865491416,4.699055641587142,4.504879968158752,4.539234161376953,30708000,0.0,0.0
2014-04-29 00:00:00-04:00,4.554170305159163,4.5967397434897315,4.481727689229854,4.549689292907715,21656000,0.0,0.0
2014-04-30 00:00:00-04:00,4.563133404986388,4.755068776541148,4.508614825215305,4.742372512817383,25375000,0.0,0.0
2014-05-01 00:00:00-04:00,4.69905444679878,4.8469267596463235,4.673662285418339,4.741623878479004,18863000,0.0,0.0
2014-05-02 00:00:00-04:00,4.833485539137506,4.853649919143307,4.718473468151622,4.799878120422363,13407000,0.0,0.0
2014-05-05 00:00:00-04:00,4.770005036180673,4.813321257720381,4.706524434222147,4.798384666442871,13529000,0.0,0.0
2014-05-06 00:00:00-04:00,5.07321680919103,5.0844191604808575,4.947749192726187,5.029153823852539,127802000,0.0,0.0
2014-05-07 00:00:00-04:00,5.05977445823846,5.124001827031041,4.955218334455528,4.989572525024414,560280000,0.0,0.0
2014-05-08 00:00:00-04:00,4.989572327000316,5.14790023652552,4.98210385468261,5.074710845947266,53700000,0.0,0.0
2014-05-09 00:00:00-04:00,5.072469933992424,5.120267157553276,4.9798633030032455,5.034381866455078,38700000,0.0,0.0
2014-05-12 00:00:00-04:00,5.073218899537181,5.166572696355582,5.034383685873546,5.162838459014893,27394000,0.0,0.0
2014-05-13 00:00:00-04:00,5.173293223439311,5.178521012445863,5.120268201130211,5.135204792022705,23021000,0.0,0.0
2014-05-14 00:00:00-04:00,5.118775394754823,5.19793937363201,5.044839205645953,5.11653470993042,30243000,0.0,0.0
2014-05-15 00:00:00-04:00,5.128482734944599,5.149393888052096,5.0119771285747765,5.073217391967773,32093000,0.0,0.0
2014-05-16 00:00:00-04:00,5.085166695853263,5.147900513454556,5.027660666709046,5.114293098449707,52044000,0.0,0.0
2014-05-19 00:00:00-04:00,5.160595399278573,5.183747232796699,5.088899927136962,5.10234260559082,37789000,0.0,0.0
2014-05-20 00:00:00-04:00,5.105334008541881,5.106827561497823,4.997790361149181,5.042600154876709,29085000,0.0,0.0
2014-05-21 00:00:00-04:00,5.042597475826118,5.111305860927989,5.031395122375011,5.109065532684326,16896000,0.0,0.0
2014-05-22 00:00:00-04:00,5.1105591955299445,5.169558780620949,5.069483661242021,5.12923002243042,15679000,0.0,0.0
2014-05-23 00:00:00-04:00,5.162091051439255,5.273368532873925,5.132964644753727,5.268887519836426,32017000,0.0,0.0
2014-05-27 00:00:00-04:00,5.304736388662702,5.323406863540595,5.251711356840612,5.297267913818359,31637000,0.0,0.0
2014-05-28 00:00:00-04:00,5.268887097841213,5.283823688064432,5.215862434024444,5.2352800369262695,34927000,0.0,0.0
2014-05-29 00:00:00-04:00,5.263659986148463,5.291292841868293,5.213622420270023,5.286811828613281,27566000,0.0,0.0
2014-05-30 00:00:00-04:00,5.365977126974636,5.377179484818809,5.183750515388896,5.277851104736328,38938000,0.0,0.0
2014-06-02 00:00:00-04:00,5.318177864231845,5.377177448842895,5.272621317613748,5.350291728973389,26599000,0.0,0.0
2014-06-03 00:00:00-04:00,5.3271404593694935,5.383152945606551,5.290545934165758,5.336102485656738,22308000,0.0,0.0
2014-06-04 00:00:00-04:00,5.321911652752289,5.366721419506525,5.312949628178167,5.348050594329834,19379000,0.0,0.0
2014-06-05 00:00:00-04:00,5.34058311311965,5.377177635680641,5.319671957370513,5.36746883392334,27288000,0.0,0.0
2014-06-06 00:00:00-04:00,5.398090453021521,5.403318243223095,5.3204200201792755,5.349546432495117,15866000,0.0,0.0
2014-06-09 00:00:00-04:00,5.368215283927889,5.4145186023616425,5.337594974196474,5.3614935874938965,17420000,0.0,0.0
2014-06-10 00:00:00-04:00,5.35850721345204,5.395848512472124,5.33983638588379,5.366722106933594,16409000,0.0,0.0
2014-06-11 00:00:00-04:00,5.352531282599121,5.40630307067238,5.328633026669982,5.358506202697754,24943000,0.0,0.0
2014-06-12 00:00:00-04:00,5.32788679395622,5.380165038887942,5.317431216193158,5.359253883361816,13604000,0.0,0.0
2014-06-13 00:00:00-04:00,5.390622176371965,5.410786561623143,5.295774816835585,5.333863258361816,13508000,0.0,0.0
2014-06-16 00:00:00-04:00,5.337595365114777,5.372696333551112,5.2726212168978845,5.293532371520996,15668000,0.0,0.0
2014-06-17 00:00:00-04:00,5.293533537005032,5.370773205717559,5.293533537005032,5.360274314880371,13817000,0.029,0.0
2014-06-18 00:00:00-04:00,5.3677726164752775,5.390269725286315,5.290532960066696,5.340776443481445,13833000,0.0,0.0
2014-06-19 00:00:00-04:00,5.3340282413482205,5.348276353628441,5.274786259668115,5.319030284881592,12734000,0.0,0.0
2014-06-20 00:00:00-04:00,5.336277239201787,5.395519210975974,5.314529973534895,5.36702299118042,21834000,0.0,0.0
2014-06-23 00:00:00-04:00,5.37002163387179,5.396268317898931,5.308530138314353,5.342275619506836,13349000,0.0,0.0
2014-06-24 00:00:00-04:00,5.382772157947343,5.4217669196718195,5.296533990150188,5.299533367156982,15304000,0.0,0.0
2014-06-25 00:00:00-04:00,5.292783078729064,5.376771692625007,5.253788326822438,5.371522426605225,12827000,0.0,0.0
2014-06-26 00:00:00-04:00,5.378272574232853,5.389520952831431,5.277786295915941,5.321280479431152,8126000,0.0,0.0
2014-06-27 00:00:00-04:00,5.3047823926427045,5.3370281970522235,5.268037522928116,5.319780349731445,16935000,0.0,0.0
2014-06-30 00:00:00-04:00,5.318280443937743,5.4045186042785645,5.318280443937743,5.4045186042785645,17773000,0.0,0.0
2014-07-01 00:00:00-04:00,5.435263414026267,5.558996614638755,5.425514726778634,5.551497459411621,21429000,0.0,0.0
2014-07-02 00:00:00-04:00,5.517752297828303,5.594242112256371,5.517752297828303,5.573245048522949,16081000,0.0,0.0
2014-07-03 00:00:00-04:00,5.599491413043518,5.6519844302832345,5.57999403728986,5.6377363204956055,7994000,0.0,0.0
2014-07-07 00:00:00-04:00,5.656484528498906,5.665483015816965,5.581494392739162,5.588993549346924,19066000,0.0,0.0
2014-07-08 00:00:00-04:00,5.573996068523235,5.5867441352311,5.406768652267501,5.503505706787109,19169000,0.0,0.0
2014-07-09 00:00:00-04:00,5.523752869002677,5.566496849060059,5.4810085313658,5.566496849060059,9798000,0.0,0.0
2014-07-10 00:00:00-04:00,5.404518242637333,5.514753555058423,5.403018554363952,5.485507488250732,15479000,0.0,0.0
2014-07-11 00:00:00-04:00,5.494506125163369,5.510253924176426,5.449512260449157,5.489256858825684,12517000,0.0,0.0
2014-07-14 00:00:00-04:00,5.591994520092178,5.616741171825417,5.505006495636301,5.552249908447266,12242000,0.0,0.0
2014-07-15 00:00:00-04:00,5.549999933188001,5.577746317724775,5.451013334141571,5.50575590133667,14556000,0.0,0.0
2014-07-16 00:00:00-04:00,5.48250817736862,5.577745541669749,5.455511998466386,5.523002624511719,15180000,0.0,0.0
2014-07-17 00:00:00-04:00,5.493756192268494,5.524501945689395,5.373772197390248,5.391769886016846,17816000,0.0,0.0
2014-07-18 00:00:00-04:00,5.45476063879214,5.643734911344109,5.445011951812103,5.624237537384033,33949000,0.0,0.0
2014-07-21 00:00:00-04:00,5.58824250148558,5.66173257554621,5.585992611956094,5.655733108520508,15368000,0.0,0.0
2014-07-22 00:00:00-04:00,5.6677324548398476,5.732223694701152,5.646735390136037,5.653484344482422,23997000,0.0,0.0
2014-07-23 00:00:00-04:00,5.676730692740882,5.677480536746013,5.518502165117167,5.521501541137695,24450000,0.0,0.0
2014-07-24 00:00:00-04:00,5.526750746673132,5.540998855353958,5.419515545937542,5.4375128746032715,20676000,0.0,0.0
2014-07-25 00:00:00-04:00,5.420267010233931,5.421766698676199,5.227543099801749,5.243290901184082,36838000,0.0,0.0
2014-07-28 00:00:00-04:00,5.250788540718703,5.305531090139702,5.184797615307211,5.287533760070801,31813000,0.0,0.0
2014-07-29 00:00:00-04:00,5.279283956857077,5.337026231291577,5.237289835507892,5.240289211273193,19111000,0.0,0.0
2014-07-30 00:00:00-04:00,5.320529043986833,5.327278355644669,5.228291788737719,5.287533760070801,17545000,0.0,0.0
2014-07-31 00:00:00-04:00,5.250039382237825,5.2717866505826505,5.15930180325066,5.20279598236084,18476000,0.0,0.0
2014-08-01 00:00:00-04:00,5.243290456641539,5.30253243604248,5.152552519566752,5.282285213470459,19141000,0.0,0.0
2014-08-04 00:00:00-04:00,5.273285854029104,5.36927269084361,5.24403978926027,5.349775314331055,15452000,0.0,0.0
2014-08-05 00:00:00-04:00,5.310780086823167,5.355774303662545,5.237290367004132,5.25828742980957,15388000,0.0,0.0
2014-08-06 00:00:00-04:00,5.234290336570888,5.322028518063813,5.231290603091878,5.271035194396973,10354000,0.0,0.0
2014-08-07 00:00:00-04:00,5.316030829756834,5.316030829756834,5.208045401757442,5.221543312072754,11222000,0.0,0.0
2014-08-08 00:00:00-04:00,5.229041654312747,5.286783937772575,5.198295902436511,5.281534671783447,12822000,0.0,0.0
2014-08-11 00:00:00-04:00,5.287533453680975,5.3580237969199365,5.287533453680975,5.310780048370361,14173000,0.0,0.0
2014-08-12 00:00:00-04:00,5.316028975037206,5.353523673779616,5.283783183690963,5.335525989532471,9421000,0.0,0.0
2014-08-13 00:00:00-04:00,5.371523372602386,5.409018085407089,5.330278723663873,5.397019863128662,10836000,0.0,0.0
2014-08-14 00:00:00-04:00,5.450260639418602,5.566494669289426,5.450260639418602,5.537248611450195,18997000,0.0,0.0
2014-08-15 00:00:00-04:00,5.589743409913678,5.615989742959015,5.5057547865891285,5.608490943908691,21143000,0.0,0.0
2014-08-18 00:00:00-04:00,5.6474866988737045,5.654235654970403,5.57549628433094,5.651986122131348,12531000,0.0,0.0
2014-08-19 00:00:00-04:00,5.667733121475296,5.745722636781891,5.656484743715146,5.670732498168945,18734000,0.0,0.0
2014-08-20 00:00:00-04:00,5.674481213727165,5.736722919188889,5.672231681549002,5.727724075317383,11375000,0.0,0.0
2014-08-21 00:00:00-04:00,5.708978164857251,5.747223083382941,5.680481937031068,5.719476699829102,15550000,0.0,0.0
2014-08-22 00:00:00-04:00,5.737473422995669,5.737473422995669,5.662483644742489,5.7149763107299805,15837000,0.0,0.0
2014-08-25 00:00:00-04:00,5.7742178695308715,5.78996602576205,5.65573392122813,5.681980609893799,17100000,0.0,0.0
2014-08-26 00:00:00-04:00,5.6887293483954835,5.710476256530244,5.644485330483876,5.696228504180908,13544000,0.0,0.0
2014-08-27 00:00:00-04:00,5.69922836140165,5.737473272460144,5.662483496174489,5.711226940155029,13434000,0.0,0.0
2014-08-28 00:00:00-04:00,5.66473303239047,5.735973588094705,5.620489010715037,5.726224899291992,18587000,0.0,0.0
2014-08-29 00:00:00-04:00,6.135669825505591,6.359139121578667,5.736723763277748,6.155916690826416,62934000,0.0,0.0
2014-09-02 00:00:00-04:00,6.221906520336497,6.384634467010722,6.179162194501718,6.375635623931885,41604000,0.0,0.0
2014-09-03 00:00:00-04:00,6.394384172480622,6.463374833108921,6.3366415304941865,6.403382301330566,32681000,0.0,0.0
2014-09-04 00:00:00-04:00,6.413884112363917,6.542866641167923,6.40938433098145,6.455878257751465,28061000,0.0,0.0
2014-09-05 00:00:00-04:00,6.476122559923573,6.6036053494240186,6.467873917539512,6.590107440948486,26594000,0.0,0.0
2014-09-08 00:00:00-04:00,6.604356314682418,6.724339962165208,6.563111667675602,6.6133551597595215,28949000,0.0,0.0
2014-09-09 00:00:00-04:00,6.627603596748604,6.682346156477794,6.5961072798537534,6.629852771759033,21896000,0.0,0.0
2014-09-10 00:00:00-04:00,6.62010422809222,6.681595741205842,6.578110093786231,6.674096584320068,18855000,0.0,0.0
2014-09-11 00:00:00-04:00,6.667345006369806,6.682343314241281,6.585605944851103,6.679343223571777,17888000,0.0,0.0
2014-09-12 00:00:00-04:00,6.6748455912898725,6.679344655520636,6.554111761612275,6.587857246398926,18244000,0.0,0.0
2014-09-15 00:00:00-04:00,6.609603400289829,6.617102554572608,6.469372218868448,6.5023674964904785,15998000,0.0,0.0
2014-09-16 00:00:00-04:00,6.476873160683434,6.619353555585401,6.424380496534117,6.593107223510742,21146000,0.0,0.0
2014-09-17 00:00:00-04:00,6.620956775265409,6.655578486805099,6.575798894892069,6.603646278381348,15653000,0.032,0.0
2014-09-18 00:00:00-04:00,6.636760339683731,6.738366620152122,6.6254712314792705,6.737613677978516,18165000,0.0,0.0
2014-09-19 00:00:00-04:00,6.783522723508873,6.839971120929373,6.690948902125021,6.706001281738281,41834000,0.0,0.0
2014-09-22 00:00:00-04:00,6.671381301099487,6.711270723128901,6.50429562762457,6.561496257781982,23869000,0.0,0.0
2014-09-23 00:00:00-04:00,6.548701881370098,6.619449733617894,6.501285187303771,6.590096473693848,20829000,0.0,0.0
2014-09-24 00:00:00-04:00,6.599879646156948,6.7022381262095445,6.574289667258198,6.699980735778809,14503000,0.0,0.0
2014-09-25 00:00:00-04:00,6.686433825266003,6.686433825266003,6.455373908991304,6.507306098937988,17940000,0.0,0.0
2014-09-26 00:00:00-04:00,6.514080976326762,6.5976238311238244,6.507307367137816,6.5855817794799805,9834000,0.0,0.0
2014-09-29 00:00:00-04:00,6.503543500164615,6.571281021438808,6.477954232469258,6.5562286376953125,9826000,0.0,0.0
2014-09-30 00:00:00-04:00,6.593859166130108,6.61719104002066,6.487737397138407,6.547948360443115,14885000,0.0,0.0
2014-10-01 00:00:00-04:00,6.556980872991832,6.556980872991832,6.385379678511394,6.438064098358154,22257000,0.0,0.0
2014-10-02 00:00:00-04:00,6.403443575795954,6.427527678673764,6.084324547150624,6.262700080871582,34278000,0.0,0.0
2014-10-03 00:00:00-04:00,6.293555962383379,6.356024303233334,6.250655498591615,6.282266139984131,20650000,0.0,0.0
2014-10-06 00:00:00-04:00,6.327424649689697,6.360541178383915,6.212271176815475,6.237861156463623,19536000,0.0,0.0
2014-10-07 00:00:00-04:00,6.20323987403209,6.222808472190457,6.094107776691645,6.098623275756836,15266000,0.0,0.0
2014-10-08 00:00:00-04:00,6.096366255566521,6.304094298384934,5.968417417698928,6.269472599029541,27681000,0.0,0.0
2014-10-09 00:00:00-04:00,6.240871835203905,6.269472148948678,6.064754453719854,6.06626033782959,18880000,0.0,0.0
2014-10-10 00:00:00-04:00,5.851757845789589,5.85401559510522,5.174383883773084,5.370822429656982,105981000,0.0,0.0
2014-10-13 00:00:00-04:00,5.328673726762665,5.428774442081878,5.178146362289077,5.19620943069458,65240000,0.0,0.0
2014-10-14 00:00:00-04:00,5.423508704582338,5.487482956080755,5.197717545369448,5.420498371124268,69034000,0.0,0.0
2014-10-15 00:00:00-04:00,5.28803356960479,5.5281248694484555,5.257928084211585,5.460387706756592,31955000,0.0,0.0
2014-10-16 00:00:00-04:00,5.318891414405029,5.726821334417122,5.30609678103863,5.689941883087158,33985000,0.0,0.0
2014-10-17 00:00:00-04:00,5.826921753355582,5.99852293126819,5.782516112980212,5.806600570678711,41607000,0.0,0.0
2014-10-20 00:00:00-04:00,5.770473858940592,5.875090825801589,5.704994450910807,5.869822025299072,14370000,0.0,0.0
2014-10-21 00:00:00-04:00,5.945087469027378,6.206252937268348,5.942829359876818,6.200231552124023,24112000,0.0,0.0
2014-10-22 00:00:00-04:00,6.207755864701147,6.246140117556258,6.076044123519596,6.08582878112793,17307000,0.0,0.0
2014-10-23 00:00:00-04:00,6.182167741455654,6.239368384675223,6.105399212683557,6.124967098236084,18205000,0.0,0.0
2014-10-24 00:00:00-04:00,6.1490514364044095,6.202488799658238,6.0790558046325005,6.160341262817383,11269000,0.0,0.0
2014-10-27 00:00:00-04:00,6.13475099124406,6.168619751135502,6.030134378441588,6.139266490936279,14977000,0.0,0.0
2014-10-28 00:00:00-04:00,6.183671249632831,6.340220034235438,6.140018554436151,6.337209701538086,18230000,0.0,0.0
2014-10-29 00:00:00-04:00,6.365056762036777,6.407957230846053,6.289040481862855,6.388388633728027,14214000,0.0,0.0
2014-10-30 00:00:00-04:00,6.310115154753488,6.365057679453387,6.109913655892403,6.200983047485352,19976000,0.0,0.0
2014-10-31 00:00:00-04:00,6.405699906374692,6.617191225978668,6.359789099397502,6.4915008544921875,25461000,0.0,0.0
2014-11-03 00:00:00-05:00,6.505802308402577,6.614182210539226,6.479460095690799,6.4982757568359375,15941000,0.0,0.0
2014-11-04 00:00:00-05:00,6.465158086140442,6.514832163841854,6.386883694881096,6.424515724182129,18288000,0.0,0.0
2014-11-05 00:00:00-05:00,6.4568791831677395,6.532142522491625,6.383120292371113,6.526121139526367,14789000,0.0,0.0
2014-11-06 00:00:00-05:00,6.505801064521781,6.6149331702866325,6.498274514394184,6.595364570617676,17114000,0.0,0.0
2014-11-07 00:00:00-05:00,6.611172703940451,6.617946314089079,6.377854600591628,6.400433540344238,19751000,0.0,0.0
2014-11-10 00:00:00-05:00,6.391399788080583,6.4787059031999465,6.2845257910984,6.465910911560059,14364000,0.0,0.0
2014-11-11 00:00:00-05:00,6.460643040558995,6.494511801292478,6.42602205541046,6.48472785949707,7927000,0.0,0.0
2014-11-12 00:00:00-05:00,6.4659101439931215,6.569774513479758,6.443331214102164,6.551711082458496,10396000,0.0,0.0
2014-11-13 00:00:00-05:00,6.5532154104413385,6.651058384480773,6.512573054728212,6.581815719604492,12281000,0.0,0.0
2014-11-14 00:00:00-05:00,6.590094989129355,6.7022381262095445,6.49601528212226,6.699980735778809,12955000,0.0,0.0
2014-11-17 00:00:00-05:00,6.681919734837123,6.702240562728345,6.5923554939027,6.662351131439209,11200000,0.0,0.0
2014-11-18 00:00:00-05:00,6.649555775154297,6.906957938823311,6.648802832930538,6.8798627853393555,20025000,0.0,0.0
2014-11-19 00:00:00-05:00,6.887388320221604,6.9242674105441795,6.706002483745407,6.717292308807373,18763000,0.0,0.0
2014-11-20 00:00:00-05:00,6.686435927317658,6.842984770707531,6.624719777218662,6.7684736251831055,15121000,0.0,0.0
2014-11-21 00:00:00-05:00,6.901688694753137,6.903946803390649,6.732344902366566,6.78954553604126,17461000,0.0,0.0
2014-11-24 00:00:00-05:00,6.815134825262568,6.8753457858028835,6.802339834649216,6.8595404624938965,11876000,0.0,0.0
2014-11-25 00:00:00-05:00,6.912225099972555,6.966414679125615,6.854272245941029,6.860292911529541,25923000,0.0,0.0
2014-11-26 00:00:00-05:00,6.89265610274606,7.064257264208914,6.89265610274606,7.058236598968506,16143000,0.0,0.0
2014-11-28 00:00:00-05:00,7.084579863005747,7.107158796575445,6.9746948104561675,7.029637336730957,8700000,0.0,0.0
2014-12-01 00:00:00-05:00,7.003294062607049,7.026625934780781,6.775244499598188,6.845240116119385,17168000,0.0,0.0
2014-12-02 00:00:00-05:00,6.82567224174444,6.955125888816161,6.75266628487627,6.9393205642700195,19794000,0.0,0.0
2014-12-03 00:00:00-05:00,7.001790186973118,7.188443763227194,7.001790186973118,7.159843444824219,31727000,0.0,0.0
2014-12-04 00:00:00-05:00,7.64303503264929,7.810873622566363,7.489497315857514,7.757436275482178,61855000,0.0,0.0
2014-12-05 00:00:00-05:00,7.815389406327525,7.902695507817122,7.656583243229141,7.826679229736328,29596000,0.0,0.0
2014-12-08 00:00:00-05:00,7.827433355539995,7.840228348290773,7.500788517045127,7.579815864562988,34818000,0.0,0.0
2014-12-09 00:00:00-05:00,7.518097792279668,7.754426114047926,7.319401496892302,7.725072860717773,22903000,0.0,0.0
2014-12-10 00:00:00-05:00,7.676905276073476,7.789801374671973,7.463908788310288,7.469930171966553,22194000,0.0,0.0
2014-12-11 00:00:00-05:00,7.532400366272341,7.737117392232737,7.5150891548502665,7.567774295806885,15685000,0.0,0.0
2014-12-12 00:00:00-05:00,7.449607754659481,7.615188249147924,7.438318648566314,7.466166019439697,13177000,0.0,0.0
2014-12-15 00:00:00-05:00,7.524121361243029,7.59035372452653,7.318651379710676,7.39165735244751,16749000,0.0,0.0
2014-12-16 00:00:00-05:00,7.357035804658918,7.502295528771772,7.226076959816455,7.325425148010254,22113000,0.0,0.0
2014-12-17 00:00:00-05:00,7.351861515222842,7.542210644358754,7.213632004886592,7.477250576019287,27875000,0.035,0.0
2014-12-18 00:00:00-05:00,7.6215211882704725,7.70460986036064,7.55353922003232,7.678172588348389,33281000,0.0,0.0
2014-12-19 00:00:00-05:00,7.684973641496792,7.731050150759175,7.511997456669309,7.564872741699219,65173000,0.0,0.0
2014-12-22 00:00:00-05:00,7.629074175476763,7.67439500308814,7.553538502309046,7.660043239593506,15924000,0.0,0.0
2014-12-23 00:00:00-05:00,7.7302945339824,7.742380044795628,7.596596814729048,7.612459182739258,13011000,0.0,0.0
2014-12-24 00:00:00-05:00,7.6230323635589405,7.646448440645332,7.574689610922792,7.607924938201904,6358000,0.0,0.0
2014-12-26 00:00:00-05:00,7.626810546739877,7.654003484896302,7.569403472974695,7.600373268127441,5761000,0.0,0.0
2014-12-29 00:00:00-05:00,7.6003754966312425,7.65853752663227,7.492359371878156,7.650983810424805,13677000,0.0,0.0
2014-12-30 00:00:00-05:00,7.634363902243369,7.700079626097535,7.598862312579185,7.617745876312256,11730000,0.0,0.0
2014-12-31 00:00:00-05:00,7.636632045417677,7.782416030991956,7.586023731573469,7.598109245300293,15121000,0.0,0.0
2015-01-02 00:00:00-05:00,7.623789161467521,7.720473960816521,7.487825194396824,7.560338973999023,13500000,0.0,0.0
2015-01-05 00:00:00-05:00,7.55882911823969,7.615480536633275,7.432685110791635,7.439483165740967,15596000,0.0,0.0
2015-01-06 00:00:00-05:00,7.474229665457607,7.4840489178781615,7.189460539833723,7.2702836990356445,22194000,0.0,0.0
2015-01-07 00:00:00-05:00,7.330708975330869,7.507461929868954,7.291430540989072,7.466672897338867,30907000,0.0,0.0
2015-01-08 00:00:00-05:00,7.593577342253785,7.878345812271896,7.580736168939113,7.839822292327881,33265000,0.0,0.0
2015-01-09 00:00:00-05:00,7.891184175472652,7.991646556118037,7.748422868753911,7.923664569854736,23432000,0.0,0.0
2015-01-12 00:00:00-05:00,7.936508527799797,7.97956384891566,7.759000506036581,7.792235851287842,18692000,0.0,0.0
2015-01-13 00:00:00-05:00,7.839064063201951,8.110991245788759,7.684216549739248,7.748421669006348,24337000,0.0,0.0
2015-01-14 00:00:00-05:00,7.63738510546959,7.817159312093499,7.554296416473226,7.809605598449707,20984000,0.0,0.0
2015-01-15 00:00:00-05:00,7.822448111666308,7.9720082097750415,7.6328539006560305,7.6532487869262695,18372000,0.0,0.0
2015-01-16 00:00:00-05:00,7.605661612071001,7.848885324071904,7.576958071836291,7.842087268829346,15375000,0.0,0.0
2015-01-20 00:00:00-05:00,7.832264948724381,7.949344601988614,7.74842061938789,7.921396732330322,12840000,0.0,0.0
2015-01-21 00:00:00-05:00,7.880607863012304,8.07322321639854,7.863990559359121,7.959920406341553,16451000,0.0,0.0
2015-01-22 00:00:00-05:00,8.005241291380733,8.043764794511576,7.6683540561029995,7.946324348449707,20639000,0.0,0.0
2015-01-23 00:00:00-05:00,7.933484303060159,8.12005656969997,7.8745666314325655,8.080778121948242,15088000,0.0,0.0
2015-01-26 00:00:00-05:00,8.062648402203383,8.086820139271593,7.902513435528109,8.061893463134766,9611000,0.0,0.0
2015-01-27 00:00:00-05:00,7.936506461187447,8.005243392892721,7.766551480080496,7.915356636047363,15242000,0.0,0.0
2015-01-28 00:00:00-05:00,8.09135216483195,8.183505159143047,7.920642283448529,7.931217193603516,23302000,0.0,0.0
2015-01-29 00:00:00-05:00,7.903270297659333,8.052074717694676,7.725006681145595,8.04678726196289,15842000,0.0,0.0
2015-01-30 00:00:00-05:00,7.95312334446391,8.06189437263759,7.75144365468752,7.771082878112793,16938000,0.0,0.0
2015-02-02 00:00:00-05:00,7.799030758393908,7.817159383159102,7.490091359316795,7.7363362312316895,21581000,0.0,0.0
2015-02-03 00:00:00-05:00,7.742379199401476,7.834532199787658,7.656268593581212,7.795253753662109,15390000,0.0,0.0
2015-02-04 00:00:00-05:00,7.7748607503522456,7.952368723515765,7.73860349610528,7.916111469268799,16658000,0.0,0.0
2015-02-05 00:00:00-05:00,7.9115794383752025,8.02337167517689,7.836799393976784,8.02186107635498,16585000,0.0,0.0
2015-02-06 00:00:00-05:00,8.02714918924843,8.090599387493532,7.875322829614336,7.9115800857543945,10682000,0.0,0.0
2015-02-09 00:00:00-05:00,7.851907539802514,7.882121680084829,7.6910168646091766,7.722741603851318,20346000,0.0,0.0
2015-02-10 00:00:00-05:00,7.783167934798737,8.11703471359517,7.771837364895357,8.085309982299805,20398000,0.0,0.0
2015-02-11 00:00:00-05:00,8.06642709935871,8.180485596216243,8.031681164869012,8.153292655944824,17169000,0.0,0.0
2015-02-12 00:00:00-05:00,8.218250978241878,8.311914561648885,8.192568644534559,8.286232948303223,21072000,0.0,0.0
2015-02-13 00:00:00-05:00,8.308896097121531,8.324003526708188,8.164623458233667,8.320226669311523,14614000,0.0,0.0
2015-02-17 00:00:00-05:00,8.324001654269512,8.410867193767182,8.240157311864815,8.37460994720459,15312000,0.0,0.0
2015-02-18 00:00:00-05:00,8.333067087568534,8.353461973358703,8.255265842513587,8.3088960647583,16681000,0.0,0.0
2015-02-19 00:00:00-05:00,8.308894848851653,8.391983538009926,8.282457571408646,8.376876831054688,13196000,0.0,0.0
2015-02-20 00:00:00-05:00,8.41691354235902,8.472054377201365,8.343644075718242,8.46450138092041,19283000,0.0,0.0
2015-02-23 00:00:00-05:00,8.535502401284724,8.552875368822223,8.456945497196347,8.524171829223633,23854000,0.0,0.0
2015-02-24 00:00:00-05:00,8.573269756418634,8.580822750325375,8.430507726334556,8.549098014831543,23213000,0.0,0.0
2015-02-25 00:00:00-05:00,8.557406872923107,8.603483374605506,8.483381774203764,8.511329650878906,38216000,0.0,0.0
2015-02-26 00:00:00-05:00,9.308984165233934,9.811294611083637,9.294632397046124,9.762951850891113,89263000,0.0,0.0
2015-02-27 00:00:00-05:00,9.721408694967499,9.721408694967499,9.528038343729051,9.639830589294434,33825000,0.0,0.0
2015-03-02 00:00:00-05:00,9.608858199699851,9.885317901394373,9.608858199699851,9.745577812194824,27893000,0.0,0.0
2015-03-03 00:00:00-05:00,9.686660511761806,9.739535064220421,9.636051497007308,9.685149192810059,18682000,0.0,0.0
2015-03-04 00:00:00-05:00,9.645116311078532,9.810538751264648,9.394338923038779,9.77428150177002,36143000,0.0,0.0
2015-03-05 00:00:00-05:00,9.771258546872554,9.93592601828644,9.727448311914866,9.862656593322754,21688000,0.0,0.0
2015-03-06 00:00:00-05:00,9.819601113716253,9.856613295014636,9.63076263076017,9.660221099853516,22329000,0.0,0.0
2015-03-09 00:00:00-04:00,9.652671249150599,9.713099525731984,9.587710455626576,9.602062225341797,17835000,0.0,0.0
2015-03-10 00:00:00-04:00,9.4963105617778,9.587708618750304,9.40491322516704,9.450989723205566,17688000,0.0,0.0
2015-03-11 00:00:00-04:00,9.464583435982686,9.55296027345246,9.40566578445669,9.416240692138672,17742000,0.0,0.0
2015-03-12 00:00:00-04:00,9.281791446964116,9.533324505600117,9.181329067274687,9.52652645111084,22305000,0.0,0.0
2015-03-13 00:00:00-04:00,9.495555258023087,9.574112143584061,9.361857564754319,9.441925048828125,18414000,0.0,0.0
2015-03-16 00:00:00-04:00,9.583176632433245,9.853593221002587,9.570335464293878,9.809782981872559,23077000,0.0,0.0
2015-03-17 00:00:00-04:00,9.729713861302628,9.789387180405692,9.630762822745996,9.751619338989258,19006000,0.0,0.0
2015-03-18 00:00:00-04:00,9.747075069851245,9.94556212499491,9.673589335457565,9.881924629211426,21250000,0.038,0.0
2015-03-19 00:00:00-04:00,9.886473231078535,10.072081259798477,9.85010893782342,10.003141403198242,24461000,0.0,0.0
2015-03-20 00:00:00-04:00,10.108444532508294,10.16526319311661,10.01526158231619,10.097838401794434,55522000,0.0,0.0
2015-03-23 00:00:00-04:00,10.22738201508173,10.324352944778573,10.143290161162922,10.184957504272461,23849000,0.0,0.0
2015-03-24 00:00:00-04:00,10.225115541802635,10.255418886210695,10.066780693706054,10.084962844848633,25819000,0.0,0.0
2015-03-25 00:00:00-04:00,10.047079105422544,10.100867644742523,9.424344673850987,9.426617622375488,48853000,0.0,0.0
2015-03-26 00:00:00-04:00,9.110701860322447,9.480402653169199,8.860699289800834,9.447826385498047,45058000,0.0,0.0
2015-03-27 00:00:00-04:00,9.469046315626306,9.772837651904076,9.458440181154531,9.71298885345459,24297000,0.0,0.0
2015-03-30 00:00:00-04:00,9.835715207932815,9.91677698065052,9.719804921469182,9.89026165008545,19523000,0.0,0.0
2015-03-31 00:00:00-04:00,9.796317470455177,9.810711605373795,9.600861258649559,9.619800567626953,16402000,0.0,0.0
2015-04-01 00:00:00-04:00,9.595558256250179,9.61828557166736,9.364494928295784,9.517526626586914,21830000,0.0,0.0
2015-04-02 00:00:00-04:00,9.553890274830454,9.614496926910649,9.441768040730926,9.4713134765625,14508000,0.0,0.0
2015-04-06 00:00:00-04:00,9.34631461022815,9.600863193515435,9.280404876918945,9.53268051147461,14227000,0.0,0.0
2015-04-07 00:00:00-04:00,9.584197450623696,9.634197994798345,9.500105560649187,9.519044876098633,16132000,0.0,0.0
2015-04-08 00:00:00-04:00,9.505407591064886,9.656924265616905,9.492528511168052,9.605408668518066,13607000,0.0,0.0
2015-04-09 00:00:00-04:00,9.533435421437895,9.692528067689892,9.519041287027612,9.637982368469238,13961000,0.0,0.0
2015-04-10 00:00:00-04:00,9.663741085389779,9.694802306538762,9.550861665761623,9.607680320739746,11669000,0.0,0.0
2015-04-13 00:00:00-04:00,9.640256362154764,9.656922724077505,9.47737569207888,9.496315002441406,10483000,0.0,0.0
2015-04-14 00:00:00-04:00,9.474347475528884,9.495560462690655,9.2531330325215,9.392528533935547,16047000,0.0,0.0
2015-04-15 00:00:00-04:00,9.4523797903326,9.568290099433492,9.443288714865009,9.537986755371094,16893000,0.0,0.0
2015-04-16 00:00:00-04:00,9.475107172445536,9.55768402030102,9.454652071903217,9.494804382324219,15456000,0.0,0.0
2015-04-17 00:00:00-04:00,9.37055851763486,9.415255993266358,9.162222446519497,9.231163024902344,26817000,0.0,0.0
2015-04-20 00:00:00-04:00,9.280408144376814,9.38040925391495,9.257680816524163,9.320560455322266,13295000,0.0,0.0
2015-04-21 00:00:00-04:00,9.418286044704056,9.473589651627147,9.31373906463718,9.325860977172852,20616000,0.0,0.0
2015-04-22 00:00:00-04:00,9.387220923768812,9.697073005588457,9.299341068027342,9.689496994018555,22580000,0.0,0.0
2015-04-23 00:00:00-04:00,9.486466191486054,9.504647610443179,9.284191132259899,9.399343490600586,28053000,0.0,0.0
2015-04-24 00:00:00-04:00,9.37358848905312,9.37358848905312,8.778127176027407,9.053130149841309,55059000,0.0,0.0
2015-04-27 00:00:00-04:00,9.091010054179653,9.237981568345964,8.994039083751513,9.102374076843262,27320000,0.0,0.0
2015-04-28 00:00:00-04:00,9.119796574369044,9.166766991998289,8.67888283941217,8.89782428741455,31023000,0.0,0.0
2015-04-29 00:00:00-04:00,8.789490983590795,8.903128310580744,8.693277911874784,8.866006851196289,20903000,0.0,0.0
2015-04-30 00:00:00-04:00,8.840249681619193,9.010706413693292,8.807674116257616,8.854643821716309,21339000,0.0,0.0
2015-05-01 00:00:00-04:00,8.933431099382158,9.35086036739551,8.930400982777774,9.303132057189941,25334000,0.0,0.0
2015-05-04 00:00:00-04:00,9.305407616782313,9.382681391783107,9.156163856059214,9.1788911819458,14207000,0.0,0.0
2015-05-05 00:00:00-04:00,9.09858270583,9.141765109002261,8.835701003130499,8.847822189331055,22090000,0.0,0.0
2015-05-06 00:00:00-04:00,8.927370748134509,8.967522321321308,8.741762020045204,8.847066879272461,14475000,0.0,0.0
2015-05-07 00:00:00-04:00,9.09100683105817,9.36676761435634,9.09100683105817,9.278887748718262,23542000,0.0,0.0
2015-05-08 00:00:00-04:00,9.333432785962316,9.464495046119776,9.29782639708809,9.343281745910645,14846000,0.0,0.0
2015-05-11 00:00:00-04:00,9.361467739998607,9.383437172027792,9.287981983929402,9.3038911819458,12418000,0.0,0.0
2015-05-12 00:00:00-04:00,9.244038517993848,9.362221710745517,9.189492818063707,9.314494132995605,10264000,0.0,0.0
2015-05-13 00:00:00-04:00,9.366010063043698,9.457677938210471,9.266009007402976,9.328130722045898,11857000,0.0,0.0
2015-05-14 00:00:00-04:00,9.404648585657403,9.748592121882243,9.366769959036901,9.616772651672363,23279000,0.0,0.0
2015-05-15 00:00:00-04:00,9.681165109720931,9.810711601448325,9.588739345679514,9.687225341796875,22627000,0.0,0.0
2015-05-18 00:00:00-04:00,9.69328654536621,9.878894523494022,9.642528126740478,9.862227439880371,17984000,0.0,0.0
2015-05-19 00:00:00-04:00,9.913743138241633,9.988743926151622,9.791771940987518,9.808438301086426,16053000,0.0,0.0
2015-05-20 00:00:00-04:00,9.84404663986679,9.92965356667388,9.705408342767376,9.781167030334473,18721000,0.0,0.0
2015-05-21 00:00:00-04:00,9.811470399382452,9.85086480147386,9.684954011988726,9.817530632019043,21309000,0.0,0.0
2015-05-22 00:00:00-04:00,9.834954224774513,10.138745378881945,9.834954224774513,10.048592567443848,22856000,0.0,0.0
2015-05-26 00:00:00-04:00,10.178898264247202,10.191777342193928,9.897077220003988,9.947077751159668,26781000,0.0,0.0
2015-05-27 00:00:00-04:00,10.00692409482387,10.971328811493025,9.971317708392252,10.719053268432617,114248000,0.0,0.0
2015-05-28 00:00:00-04:00,10.985725865081534,11.020574370647179,10.303142665310908,10.786480903625488,249123000,0.0,0.0
2015-05-29 00:00:00-04:00,10.918301363020998,11.306184469430953,10.917544195106325,11.217547416687012,118244000,0.0,0.0
2015-06-01 00:00:00-04:00,11.230422747304909,11.401636562368834,10.996329336866546,11.107693672180176,83579000,0.0,0.0
2015-06-02 00:00:00-04:00,11.091784469344892,11.111481665856829,10.844054816379375,10.9213285446167,41264000,0.0,0.0
2015-06-03 00:00:00-04:00,11.060726652057697,11.060726652057697,10.81905717190773,10.837996482849121,30450000,0.0,0.0
2015-06-04 00:00:00-04:00,10.794813491319692,10.866784169493842,10.642539676693195,10.6970853805542,28017000,0.0,0.0
2015-06-05 00:00:00-04:00,10.679661070698646,10.912239465490437,10.553901857150146,10.894814491271973,38593000,0.0,0.0
2015-06-08 00:00:00-04:00,10.876634864145524,10.891786169998177,10.419054012077504,10.502388000488281,54422000,0.0,0.0
2015-06-09 00:00:00-04:00,10.526631345161784,10.661480932576623,10.34178049655614,10.622086524963379,44071000,0.0,0.0
2015-06-10 00:00:00-04:00,10.600871306127981,10.907692576683285,10.59405318411356,10.822843551635742,42617000,0.0,0.0
2015-06-11 00:00:00-04:00,10.771329255595791,10.853148174518935,10.683449381664557,10.756935119628906,31517000,0.0,0.0
2015-06-12 00:00:00-04:00,10.703902564648562,10.718296699021236,10.597083392191337,10.641780853271484,19145000,0.0,0.0
2015-06-15 00:00:00-04:00,10.54253851996146,10.910724365702555,10.531174500621768,10.842541694641113,34565000,0.0,0.0
2015-06-16 00:00:00-04:00,10.810723656927435,10.870572426745674,10.710721872980018,10.756935119628906,20998000,0.0,0.0
2015-06-17 00:00:00-04:00,10.750096714638211,10.826069421442563,10.59511334913618,10.688559532165527,25429000,0.04,0.0
2015-06-18 00:00:00-04:00,10.691602762209255,10.921039594022849,10.691602762209255,10.864060401916504,25298000,0.0,0.0
2015-06-19 00:00:00-04:00,10.864815339524307,10.933190632364987,10.757694385520985,10.855698585510254,26881000,0.0,0.0
2015-06-22 00:00:00-04:00,10.952182328841342,11.026634962143504,10.788081508731313,10.885326385498047,22846000,0.0,0.0
2015-06-23 00:00:00-04:00,10.936986983662829,10.936986983662829,10.701472941879262,10.760730743408203,21497000,0.0,0.0
2015-06-24 00:00:00-04:00,10.792641473642313,10.80479690348709,10.623222589044744,10.633858680725098,22402000,0.0,0.0
2015-06-25 00:00:00-04:00,10.646017024083477,10.715911670480882,10.547253495602662,10.577642440795898,17538000,0.0,0.0
2015-06-26 00:00:00-04:00,10.548772357575421,10.563207160229746,10.237285502285733,10.267674446105957,71798000,0.0,0.0
2015-06-29 00:00:00-04:00,10.092936047208278,10.272231007729417,9.955426150224362,10.029119491577148,40473000,0.0,0.0
2015-06-30 00:00:00-04:00,10.16511308834448,10.209176810231229,10.037479214406407,10.099017143249512,28695000,0.0,0.0
2015-07-01 00:00:00-04:00,10.211453739110027,10.461403379332339,10.204616354102177,10.29426383972168,43059000,0.0,0.0
2015-07-02 00:00:00-04:00,10.301862830052267,10.465202961854517,10.282869285984825,10.456846237182617,32797000,0.0,0.0
2015-07-06 00:00:00-04:00,10.34440544745389,10.454565086162,10.170428525891259,10.195499420166016,30188000,0.0,0.0
2015-07-07 00:00:00-04:00,10.17650490716136,10.214490533433294,9.584679604849775,10.092175483703613,59268000,0.0,0.0
2015-07-08 00:00:00-04:00,9.884012026557834,9.978217520259049,9.637861113069015,9.72826862335205,51371000,0.0,0.0
2015-07-09 00:00:00-04:00,9.890091113084633,9.979738607678858,9.399309262890386,9.472243309020996,73469000,0.0,0.0
2015-07-10 00:00:00-04:00,9.618868824330136,9.938712371014836,9.610511376576126,9.864259719848633,50948000,0.0,0.0
2015-07-13 00:00:00-04:00,9.981257204711838,9.981257204711838,9.75941785478068,9.814118385314941,25304000,0.0,0.0
2015-07-14 00:00:00-04:00,9.827031428183616,10.064824859815976,9.763214158279503,10.051149368286133,26289000,0.0,0.0
2015-07-15 00:00:00-04:00,10.003286139412365,10.141556034254803,9.938709568039277,10.007084846496582,23100000,0.0,0.0
2015-07-16 00:00:00-04:00,10.152196357675944,10.23880517644106,9.944031759645148,10.233487129211426,33977000,0.0,0.0
2015-07-17 00:00:00-04:00,10.25323657001751,10.25627524612981,10.025319197419865,10.154472351074219,29000000,0.0,0.0
2015-07-20 00:00:00-04:00,10.22208832095915,10.303379071164164,10.161310447274253,10.228925704956055,23563000,0.0,0.0
2015-07-21 00:00:00-04:00,10.263872231222921,10.361116383509392,10.190938211346413,10.219048500061035,31532000,0.0,0.0
2015-07-22 00:00:00-04:00,9.651537294727254,9.876415314836903,9.525422790180004,9.845266342163086,61346000,0.0,0.0
2015-07-23 00:00:00-04:00,9.966061335694349,10.256275935270391,9.914400215667259,10.026079177856445,30608000,0.0,0.0
2015-07-24 00:00:00-04:00,10.143078227875552,10.16890915350897,9.750300644041962,9.760936737060547,36311000,0.0,0.0
2015-07-27 00:00:00-04:00,9.675086299744768,9.686482422248575,9.428176108397247,9.469961166381836,34893000,0.0,0.0
2015-07-28 00:00:00-04:00,9.540617132392772,9.842227906661831,9.384114407320377,9.756379127502441,27869000,0.0,0.0
2015-07-29 00:00:00-04:00,9.752581472100243,9.809560653866718,9.530742099365392,9.768535614013672,33407000,0.0,0.0
2015-07-30 00:00:00-04:00,9.552771539490479,9.784486907829702,9.501869726871709,9.69787883758545,39169000,0.0,0.0
2015-07-31 00:00:00-04:00,9.75030227050078,9.75030227050078,9.493515932334846,9.507190704345703,30593000,0.0,0.0
2015-08-03 00:00:00-04:00,9.604433239380342,9.685723268781055,9.438813055055364,9.557330131530762,27273000,0.0,0.0
2015-08-04 00:00:00-04:00,9.538335660815127,9.538335660815127,9.022483107232066,9.3803129196167,47467000,0.0,0.0
2015-08-05 00:00:00-04:00,9.344609098695788,9.548974977364521,9.192664382564464,9.477560997009277,34158000,0.0,0.0
2015-08-06 00:00:00-04:00,9.499593086646497,9.52694335462165,9.16227601307135,9.365121841430664,46052000,0.0,0.0
2015-08-07 00:00:00-04:00,9.194186095046124,9.419064188079583,9.178991257244805,9.310423851013184,30527000,0.0,0.0
2015-08-10 00:00:00-04:00,9.38183403833096,9.678886041180432,9.34460771518299,9.669769287109375,28907000,0.0,0.0
2015-08-11 00:00:00-04:00,9.545173017101979,9.589996747430153,9.338527838844302,9.436532020568848,26744000,0.0,0.0
2015-08-12 00:00:00-04:00,9.237488801789565,9.624188368015231,9.163795446072774,9.552014350891113,27205000,0.0,0.0
2015-08-13 00:00:00-04:00,9.543655744778981,9.634822563131873,9.421339955563825,9.435014724731445,14571000,0.0,0.0
2015-08-14 00:00:00-04:00,9.420579760926257,9.458566115714156,9.205577818790326,9.265596389770508,26496000,0.0,0.0
2015-08-17 00:00:00-04:00,9.216974196153766,9.53605842590332,9.177468502012223,9.53605842590332,21293000,0.0,0.0
2015-08-18 00:00:00-04:00,9.55505146689622,9.55505146689622,9.25192209356183,9.286869049072266,19502000,0.0,0.0
2015-08-19 00:00:00-04:00,9.236728479798845,9.32789531325926,9.063511568677015,9.226852416992188,30891000,0.0,0.0
2015-08-20 00:00:00-04:00,9.122768911837182,9.16531328358265,8.739108085632324,8.739108085632324,41756000,0.0,0.0
2015-08-21 00:00:00-04:00,8.565891322903147,8.774055911784776,8.458011044490604,8.467127799987793,56472000,0.0,0.0
2015-08-24 00:00:00-04:00,7.680051423300309,8.73758756800661,7.597241336236977,8.352407455444336,69040000,0.0,0.0
2015-08-25 00:00:00-04:00,8.67072996781199,8.736825873709297,8.220213329327558,8.243764877319336,43921000,0.0,0.0
2015-08-26 00:00:00-04:00,8.554492071061228,8.869017458274877,8.446611116682528,8.82799243927002,59354000,0.0,0.0
2015-08-27 00:00:00-04:00,9.154681710524025,9.648502418027583,9.145564951430343,9.592283248901367,91882000,0.0,0.0
2015-08-28 00:00:00-04:00,9.536820302810225,9.70319983453486,9.473003009793226,9.695602416992188,36322000,0.0,0.0
2015-08-31 00:00:00-04:00,9.62114491726547,9.727506543816375,9.496550510746077,9.570243835449219,30087000,0.0,0.0
2015-09-01 00:00:00-04:00,9.232169412471698,9.498072465308216,8.972343713122484,9.068828582763672,49749000,0.0,0.0
2015-09-02 00:00:00-04:00,9.280032235927152,9.425898869391297,9.128846831135608,9.423620223999023,36700000,0.0,0.0
2015-09-03 00:00:00-04:00,9.52693795521929,9.640896253735372,9.36055852059297,9.40310287475586,29954000,0.0,0.0
2015-09-04 00:00:00-04:00,9.210896986127658,9.406146105501715,9.166073241418527,9.204059600830078,24923000,0.0,0.0
2015-09-08 00:00:00-04:00,9.526939764902316,9.825511056409193,9.482876064653405,9.812596321105957,35477000,0.0,0.0
2015-09-09 00:00:00-04:00,9.890086988461269,10.012402746496038,9.595314423382444,9.661410331726074,31502000,0.0,0.0
2015-09-10 00:00:00-04:00,9.765494314539179,9.812597420604384,9.481357064502587,9.779169082641602,36224000,0.0,0.0
2015-09-11 00:00:00-04:00,9.73662436367736,9.96909976019164,9.643938217601496,9.958463668823242,39606000,0.0,0.0
2015-09-14 00:00:00-04:00,10.066347132351076,10.159793332840263,9.921999831887728,9.96682357788086,34643000,0.0,0.0
2015-09-15 00:00:00-04:00,10.038238511855207,10.25248047514662,9.95238972022173,10.209176063537598,30804000,0.0,0.0
2015-09-16 00:00:00-04:00,10.203841352494248,10.203841352494248,9.927196825531814,10.020936012268066,27317000,0.042,0.0
2015-09-17 00:00:00-04:00,10.022456618981938,10.140582852496793,9.922621058470884,9.953866958618164,19918000,0.0,0.0
2015-09-18 00:00:00-04:00,9.796114174787414,9.868514474757934,9.64826537067957,9.723713874816895,44021000,0.0,0.0
2015-09-21 00:00:00-04:00,9.783159336210941,9.860131951238445,9.619306351278452,9.698565483093262,16515000,0.0,0.0
2015-09-22 00:00:00-04:00,9.525568135021448,9.59034721183098,9.427256624696883,9.503467559814453,22483000,0.0,0.0
2015-09-23 00:00:00-04:00,9.512610686487761,9.739717882951256,9.435637354682466,9.567481994628906,21879000,0.0,0.0
2015-09-24 00:00:00-04:00,9.45773696899414,9.553000235364832,9.103357501806999,9.45773696899414,44995000,0.0,0.0
2015-09-25 00:00:00-04:00,9.599489304682745,9.825834789617698,9.541569798538603,9.658933639526367,35087000,0.0,0.0
2015-09-28 00:00:00-04:00,9.599488473389918,9.767914437595444,9.20700428670157,9.210052490234375,39887000,0.0,0.0
2015-09-29 00:00:00-04:00,9.290834643622341,9.334274809638389,8.997423646265686,9.120122909545898,47991000,0.0,0.0
2015-09-30 00:00:00-04:00,9.281691488404181,9.543855920900011,9.221485463911772,9.527090072631836,43955000,0.0,0.0
2015-10-01 00:00:00-04:00,9.382291184560666,9.518708145747734,9.107170745444506,9.308366775512695,45674000,0.0,0.0
2015-10-02 00:00:00-04:00,9.144509718214204,9.401340089331349,9.008855232001327,9.399053573608398,35207000,0.0,0.0
2015-10-05 00:00:00-04:00,9.447067949503246,9.516420034954923,9.218435954692978,9.238250732421875,39085000,0.0,0.0
2015-10-06 00:00:00-04:00,9.203192558425712,9.222244918408427,8.499768438633566,8.925024032592773,115846000,0.0,0.0
2015-10-07 00:00:00-04:00,9.042391478956294,9.110219477611594,8.826715392237288,9.041629791259766,37284000,0.0,0.0
2015-10-08 00:00:00-04:00,8.956269847117213,8.989802262017193,8.67200419084859,8.893014907836914,41409000,0.0,0.0
2015-10-09 00:00:00-04:00,8.883111664895361,8.9989514281791,8.805376637433135,8.909785270690918,34479000,0.0,0.0
2015-10-12 00:00:00-04:00,8.961605076857387,8.99132760293202,8.822139963617738,8.968463897705078,24184000,0.0,0.0
2015-10-13 00:00:00-04:00,8.866343231568491,8.89149272988464,8.627804204739805,8.643808364868164,32475000,0.0,0.0
2015-10-14 00:00:00-04:00,8.61179983088965,8.974562238398502,8.564549039225556,8.951699256896973,33530000,0.0,0.0
2015-10-15 00:00:00-04:00,8.992852306828915,9.296932774781999,8.969226912592827,9.287787437438965,49316000,0.0,0.0
2015-10-16 00:00:00-04:00,9.290074219144158,9.296171353624556,9.137653125145288,9.22681999206543,19866000,0.0,0.0
2015-10-19 00:00:00-04:00,9.221486238133703,9.24130101876972,8.94484172366981,9.06601619720459,18593000,0.0,0.0
2015-10-20 00:00:00-04:00,9.028669307654399,9.150606143703545,8.962366171222698,9.13688850402832,21920000,0.0,0.0
2015-10-21 00:00:00-04:00,9.279406056001868,9.349519841571015,9.1536585452964,9.183381080627441,28197000,0.0,0.0
2015-10-22 00:00:00-04:00,9.268733531633918,9.57357638700066,9.23748763136648,9.552237510681152,34344000,0.0,0.0
2015-10-23 00:00:00-04:00,9.714566255039143,9.895185755344206,9.454688377394595,9.875370979309082,35498000,0.0,0.0
2015-10-26 00:00:00-04:00,9.75952896392283,9.75952896392283,9.354088897782795,9.420392036437988,58129000,0.0,0.0
2015-10-27 00:00:00-04:00,9.380765036375367,9.537759160397526,9.216912090424302,9.258828163146973,32280000,0.0,0.0
2015-10-28 00:00:00-04:00,9.510323824090671,9.743528147110531,9.42725408706952,9.68560791015625,30966000,0.0,0.0
2015-10-29 00:00:00-04:00,9.22148411395307,9.462309630269834,9.047723434493445,9.152132034301758,61582000,0.0,0.0
2015-10-30 00:00:00-04:00,9.210052938905708,9.451640887274824,9.158229842318285,9.38381290435791,25516000,0.0,0.0
2015-11-02 00:00:00-05:00,9.424205094671196,9.542331348303044,9.332752440878691,9.434874534606934,26068000,0.0,0.0
2015-11-03 00:00:00-05:00,9.258067767995648,9.522518764717358,9.258067767995648,9.308366775512695,26222000,0.0,0.0
2015-11-04 00:00:00-05:00,9.335799681370894,9.51565676664563,9.149845462418654,9.45849895477295,43098000,0.0,0.0
2015-11-05 00:00:00-05:00,9.519465144101165,9.52632396362362,9.190997679896437,9.226054191589355,28308000,0.0,0.0
2015-11-06 00:00:00-05:00,9.39295663113678,9.89137418759473,9.391432529557543,9.88222885131836,45287000,0.0,0.0
2015-11-09 00:00:00-05:00,9.78315718824295,9.826597363657816,9.580437096441345,9.640643119812012,28250000,0.0,0.0
2015-11-10 00:00:00-05:00,9.38228880996896,9.456213200307184,9.127745632351624,9.134604454040527,44759000,0.0,0.0
2015-11-11 00:00:00-05:00,9.161278057279096,9.351042909294431,9.131556254347167,9.141463279724121,25953000,0.0,0.0
2015-11-12 00:00:00-05:00,9.161280396183532,9.252733071292877,9.062968897631206,9.133844375610352,26588000,0.0,0.0
2015-11-13 00:00:00-05:00,9.069066429322898,9.136894438037249,8.78022830683383,8.957798957824707,39824000,0.0,0.0
2015-11-16 00:00:00-05:00,8.952460355155429,9.280166217911676,8.922738553839904,9.257303237915039,27796000,0.0,0.0
2015-11-17 00:00:00-05:00,9.256540389933116,9.42572803294345,9.221483870700864,9.302267074584961,19868000,0.0,0.0
2015-11-18 00:00:00-05:00,9.291599079873029,9.610158913047664,9.267211268668534,9.596441268920898,20270000,0.0,0.0
2015-11-19 00:00:00-05:00,9.610158955730851,9.61244547202917,9.374668127435086,9.54233169555664,32780000,0.0,0.0
2015-11-20 00:00:00-05:00,9.618542250331714,9.653598773869092,9.429539808561913,9.63302230834961,28057000,0.0,0.0
2015-11-23 00:00:00-05:00,9.659696305688506,9.659696305688506,9.466120823525392,9.481363296508789,16003000,0.0,0.0
2015-11-24 00:00:00-05:00,9.405152984565063,9.799924483739847,9.405152984565063,9.780871391296387,35659000,0.0,0.0
2015-11-25 00:00:00-05:00,9.831168741388899,9.844124696714356,9.729046654166597,9.784680366516113,21396000,0.0,0.0
2015-11-27 00:00:00-05:00,9.802974068175107,9.941677548129567,9.744292134148754,9.910430908203125,13262000,0.0,0.0
2015-11-30 00:00:00-05:00,9.8639363906033,9.960723727947983,9.687889971099011,9.941671371459961,32615000,0.0,0.0
2015-12-01 00:00:00-05:00,9.99654894446848,10.194696774587099,9.976734161456617,10.127631187438965,43255000,0.0,0.0
2015-12-02 00:00:00-05:00,10.141348093133574,10.288434478764426,10.024745928738126,10.075806617736816,54364000,0.0,0.0
2015-12-03 00:00:00-05:00,11.039868648398253,11.192289718030226,10.88897168044245,11.033771514892578,120661000,0.0,0.0
2015-12-04 00:00:00-05:00,11.035300324504691,11.270791213762733,10.916412348231852,11.245641708374023,60329000,0.0,0.0
2015-12-07 00:00:00-05:00,11.179334106406014,11.410252597250553,11.092454493792088,11.342425346374512,44769000,0.0,0.0
2015-12-08 00:00:00-05:00,11.190767516954113,11.324136248083331,11.109221885621118,11.262405395507812,34560000,0.0,0.0
2015-12-09 00:00:00-05:00,11.213627738807062,11.279169193484499,11.006335390657167,11.10007381439209,30803000,0.0,0.0
2015-12-10 00:00:00-05:00,11.135134501973253,11.388916023605688,11.065020720927707,11.228111267089844,33078000,0.0,0.0
2015-12-11 00:00:00-05:00,11.021580820679585,11.257834084715308,10.997193733961621,11.006339073181152,27777000,0.0,0.0
2015-12-14 00:00:00-05:00,10.98500054403127,11.077978047439414,10.763989732561663,10.860777854919434,36993000,0.0,0.0
2015-12-15 00:00:00-05:00,10.873730221919189,10.991857197826983,10.76932161597546,10.918694496154785,35398000,0.0,0.0
2015-12-16 00:00:00-05:00,10.94468872637861,11.029543170998434,10.732934631883321,10.998964309692383,29644000,0.044,0.0
2015-12-17 00:00:00-05:00,11.079231703862517,11.12280570378488,10.733698756896636,10.739049911499023,24378000,0.0,0.0
2015-12-18 00:00:00-05:00,10.71993943032475,10.848367885468592,10.591510975180908,10.717646598815918,51964000,0.0,0.0
2015-12-21 00:00:00-05:00,10.939336413007501,11.16102803071848,10.844543702693505,11.14573860168457,26627000,0.0,0.0
2015-12-22 00:00:00-05:00,11.255057107126705,11.255057107126705,10.913346477051777,11.092228889465332,21684000,0.0,0.0
2015-12-23 00:00:00-05:00,11.162556036558156,11.211481185342475,11.037949969116855,11.200014114379883,16170000,0.0,0.0
2015-12-24 00:00:00-05:00,11.1923676971069,11.259639857577605,11.13962019936237,11.185487747192383,7436000,0.0,0.0
2015-12-28 00:00:00-05:00,11.153384658195286,11.191607506338995,11.002786826059522,11.187785148620605,13873000,0.0,0.0
2015-12-29 00:00:00-05:00,11.237473325007665,11.373546477128562,11.085347438385007,11.309331893920898,22533000,0.0,0.0
2015-12-30 00:00:00-05:00,11.276458914167748,11.381953188421148,11.24664482361266,11.265756607055664,17396000,0.0,0.0
2015-12-31 00:00:00-05:00,11.205364991896667,11.275694754843947,11.093754795158597,11.096048355102539,19673000,0.0,0.0
2016-01-04 00:00:00-05:00,10.860596394645645,10.882001010541295,10.693181095427478,10.876649856567383,30970000,0.0,0.0
2016-01-05 00:00:00-05:00,10.94239398439938,10.954625090176965,10.489072475241873,10.512770652770996,38173000,0.0,0.0
2016-01-06 00:00:00-05:00,10.287254037754753,10.401157775847073,10.112194057431907,10.189404487609863,50824000,0.0,0.0
2016-01-07 00:00:00-05:00,10.038042771568577,10.226098632796656,9.799533698957324,9.865276336669922,50056000,0.0,0.0
2016-01-08 00:00:00-05:00,9.940196119607853,10.202403442266773,9.789598288200908,9.800300598144531,64641000,0.0,0.0
2016-01-11 00:00:00-05:00,9.89967705435196,9.93560633224004,9.587779894341402,9.788066864013672,38941000,0.0,0.0
2016-01-12 00:00:00-05:00,9.927198238934784,10.06556420606628,9.697861926664212,9.931784629821777,41112000,0.0,0.0
2016-01-13 00:00:00-05:00,9.765896258505382,9.936369845332829,9.408896355302678,9.42647933959961,48470000,0.0,0.0
2016-01-14 00:00:00-05:00,9.493752380308454,9.684101814257849,9.19561583697956,9.570198059082031,63942000,0.0,0.0
2016-01-15 00:00:00-05:00,9.189498178946213,9.463172461472658,9.119933193095036,9.171151161193848,75916000,0.0,0.0
2016-01-19 00:00:00-05:00,9.384437806669094,9.540386063295331,9.097767541848343,9.178799629211426,54773000,0.0,0.0
2016-01-20 00:00:00-05:00,9.007557883768042,9.600009205870192,8.957103951554751,9.466230392456055,103988000,0.0,0.0
2016-01-21 00:00:00-05:00,9.540384726792372,9.632119840239293,9.429539285690803,9.519744873046875,48475000,0.0,0.0
2016-01-22 00:00:00-05:00,9.66881224583999,9.66881224583999,9.496810564668612,9.51821517944336,58428000,0.0,0.0
2016-01-25 00:00:00-05:00,9.512099319726385,9.554144515594235,9.479227634394066,9.51668643951416,61359000,0.0,0.0
2016-01-26 00:00:00-05:00,9.555673373105158,9.671105924949229,9.479227694504308,9.509041786193848,119134000,0.0,0.0
2016-01-27 00:00:00-05:00,9.452475132581542,9.587019514241772,9.180329503412793,9.353096008300781,58156000,0.0,0.0
2016-01-28 00:00:00-05:00,9.398196197062072,9.67416410753018,9.32633763390507,9.660404205322266,49969000,0.0,0.0
2016-01-29 00:00:00-05:00,9.895092807373468,10.269675094097451,9.793420139130033,10.221514701843262,259449000,0.0,0.0
2016-02-01 00:00:00-05:00,10.193226658661207,10.602210052827507,10.164177332695902,10.524999618530273,45619000,0.0,0.0
2016-02-02 00:00:00-05:00,10.320893410341702,10.518122092343955,10.067858894200688,10.185585021972656,59005000,0.0,0.0
2016-02-03 00:00:00-05:00,10.492127202104573,10.519646998411211,9.96006735727167,10.041863441467285,56234000,0.0,0.0
2016-02-04 00:00:00-05:00,10.044925059716325,10.493659441990223,9.976124088294144,10.405747413635254,60833000,0.0,0.0
2016-02-05 00:00:00-05:00,10.473017179770135,10.473017179770135,9.707034563560175,9.812529563903809,70953000,0.0,0.0
2016-02-08 00:00:00-05:00,9.707801922302494,9.707801922302494,9.113820819203129,9.31563663482666,91242000,0.0,0.0
2016-02-09 00:00:00-05:00,9.160446280039547,9.610709206012478,9.079414248616912,9.151272773742676,63400000,0.0,0.0
2016-02-10 00:00:00-05:00,9.363794363527948,9.453999935993616,9.070244236074917,9.112289428710938,45473000,0.0,0.0
2016-02-11 00:00:00-05:00,8.905887809117436,8.993035800296667,8.733886115840614,8.891363143920898,66673000,0.0,0.0
2016-02-12 00:00:00-05:00,9.002207246545597,9.351562436076414,8.847023085062123,9.300344467163086,39965000,0.0,0.0
2016-02-16 00:00:00-05:00,9.423422272559456,9.692510206283572,9.398960064511808,9.65046501159668,38521000,0.0,0.0
2016-02-17 00:00:00-05:00,9.70856529170029,10.000586685467715,9.687925436901088,9.989884376525879,32742000,0.0,0.0
2016-02-18 00:00:00-05:00,10.0724455984644,10.090028588647748,9.63823585029747,9.713916778564453,39202000,0.0,0.0
2016-02-19 00:00:00-05:00,9.712386120566006,9.845400927361535,9.555673139402996,9.836227416992188,31118000,0.0,0.0
2016-02-22 00:00:00-05:00,9.937897946775134,10.123660216340282,9.89891108279523,9.986823081970215,24204000,0.0,0.0
2016-02-23 00:00:00-05:00,9.950127971529422,9.97611969739648,9.789592685215831,9.797237396240234,22352000,0.0,0.0
2016-02-24 00:00:00-05:00,9.671106792506219,10.033457941822503,9.587017121733947,9.963892936706543,25680000,0.0,0.0
2016-02-25 00:00:00-05:00,9.99752891404404,10.128250179242839,9.837758316792153,10.126721382141113,25652000,0.0,0.0
2016-02-26 00:00:00-05:00,10.258970499864166,10.317833188398474,10.109902235683006,10.175644874572754,27142000,0.0,0.0
2016-02-29 00:00:00-05:00,10.193228159175588,10.543348190040746,10.159592437914853,10.241389274597168,35911000,0.0,0.0
2016-03-01 00:00:00-05:00,10.348413905478479,10.598390843987302,10.291079999430828,10.582337379455566,44906000,0.0,0.0
2016-03-02 00:00:00-05:00,10.537996272522639,10.567810363627407,10.323949397294585,10.470724105834961,43834000,0.0,0.0
2016-03-03 00:00:00-05:00,10.530353119618631,10.614443522700553,10.266617025516554,10.498246192932129,59437000,0.0,0.0
2016-03-04 00:00:00-05:00,11.161027736947402,11.303216069635733,10.833841108826658,11.165614128112793,72399000,0.0,0.0
2016-03-07 00:00:00-05:00,11.066234109680508,11.178609067856806,10.745928188480882,10.970677375793457,41363000,0.0,0.0
2016-03-08 00:00:00-05:00,10.877413000713023,10.91792866647418,10.657250228495586,10.674068450927734,33216000,0.0,0.0
2016-03-09 00:00:00-05:00,10.759687071724946,10.895760192010906,10.738282458676807,10.85218620300293,31152000,0.0,0.0
2016-03-10 00:00:00-05:00,10.966856958305142,11.145739353247468,10.855246743376034,11.040245056152344,54546000,0.0,0.0
2016-03-11 00:00:00-05:00,11.160261739124739,11.46833654737064,11.141914718412924,11.376602172851562,55822000,0.0,0.0
2016-03-14 00:00:00-04:00,11.245882680847378,11.404888517400199,11.237473203102292,11.324621200561523,28444000,0.0,0.0
2016-03-15 00:00:00-04:00,11.352141353708733,11.46528035655593,11.167143056107143,11.349847793579102,30891000,0.0,0.0
2016-03-16 00:00:00-04:00,11.309964135577232,11.448788271415445,11.263178137217873,11.399701118469238,34906000,0.049,0.0
2016-03-17 00:00:00-04:00,11.30306177452059,11.636699942408038,11.30306177452059,11.623661041259766,44708000,0.0,0.0
2016-03-18 00:00:00-04:00,11.653570373249652,11.734870742957954,11.571502708398578,11.695754051208496,70568000,0.0,0.0
2016-03-21 00:00:00-04:00,11.703423456130816,11.734870120600387,11.568434377204627,11.726432800292969,28207000,0.0,0.0
2016-03-22 00:00:00-04:00,11.688853067430568,11.935055367320448,11.623659302893323,11.869861602783203,33945000,0.0,0.0
2016-03-23 00:00:00-04:00,11.874464784311582,11.912813458013904,11.684252349157314,11.734106063842773,27577000,0.0,0.0
2016-03-24 00:00:00-04:00,11.639767185020075,11.757116559101807,11.590680763922936,11.73487377166748,25651000,0.0,0.0
2016-03-28 00:00:00-04:00,11.756349639136948,11.773223554086673,11.663544204094629,11.742544174194336,17224000,0.0,0.0
2016-03-29 00:00:00-04:00,11.75558167455488,11.882901496159834,11.67198086283898,11.821542739868164,26765000,0.0,0.0
2016-03-30 00:00:00-04:00,11.888271671448408,12.063144072892106,11.852990711869886,12.036299705505371,26794000,0.0,0.0
2016-03-31 00:00:00-04:00,12.043202355484691,12.070047454140889,11.84608716608204,11.849922180175781,24968000,0.0,0.0
2016-04-01 00:00:00-04:00,11.814641303834545,12.112231231348808,11.593749464371472,12.10302734375,25671000,0.0,0.0
2016-04-04 00:00:00-04:00,12.118366724251086,12.143677230872408,11.938892023266954,11.965736389160156,17760000,0.0,0.0
2016-04-05 00:00:00-04:00,11.846086020217248,12.045502345077555,11.846086020217248,11.890571594238281,56915000,0.0,0.0
2016-04-06 00:00:00-04:00,11.865261682526562,12.100726270417955,11.78933016250588,12.083085060119629,28149000,0.0,0.0
2016-04-07 00:00:00-04:00,12.07848178361206,12.114530031595343,11.864492718574352,11.885968208312988,22975000,0.0,0.0
2016-04-08 00:00:00-04:00,11.986445944932843,12.033998510664913,11.860659969155716,11.97647476196289,18526000,0.0,0.0
2016-04-11 00:00:00-04:00,12.074647151894425,12.103025374024034,11.934289168900161,11.93505573272705,18568000,0.0,0.0
2016-04-12 00:00:00-04:00,11.965737098007667,11.993348760899575,11.734874806195776,11.921252250671387,16537000,0.0,0.0
2016-04-13 00:00:00-04:00,12.001017913030541,12.244919088800954,11.935056845068843,12.231880187988281,21730000,0.0,0.0
2016-04-14 00:00:00-04:00,12.063910511061883,12.203501943007986,11.964969640737257,12.181259155273438,27549000,0.0,0.0
2016-04-15 00:00:00-04:00,12.12833876239052,12.144445384034194,11.85145701259441,11.925854682922363,27685000,0.0,0.0
2016-04-18 00:00:00-04:00,11.915113862645958,11.995647681551533,11.79699793626299,11.957298278808594,15297000,0.0,0.0
2016-04-19 00:00:00-04:00,11.999485482503307,12.024028696346031,11.56537181032192,11.586847305297852,24560000,0.0,0.0
2016-04-20 00:00:00-04:00,11.61675747344199,11.819241514277593,11.535457085271757,11.752513885498047,19435000,0.0,0.0
2016-04-21 00:00:00-04:00,11.727201764317448,11.756347279082403,11.53929050876779,11.608319282531738,16117000,0.0,0.0
2016-04-22 00:00:00-04:00,11.535457297638338,11.730271314706597,11.407370910578074,11.530088424682617,25699000,0.0,0.0
2016-04-25 00:00:00-04:00,11.523950253104344,11.570736973818452,11.410436645435938,11.435747146606445,10870000,0.0,0.0
2016-04-26 00:00:00-04:00,11.619057312947367,11.820007471860396,11.507844123265345,11.563067436218262,26309000,0.0,0.0
2016-04-27 00:00:00-04:00,11.290787925301794,11.762484337956698,11.236331904792788,11.622125625610352,38930000,0.0,0.0
2016-04-28 00:00:00-04:00,11.534689862988678,11.813106152354543,11.299992583525759,11.350613594055176,25520000,0.0,0.0
2016-04-29 00:00:00-04:00,11.221757277972303,11.335271608799626,10.987060053624223,11.17880630493164,35067000,0.0,0.0
2016-05-02 00:00:00-04:00,11.210254896463391,11.261642467619241,11.082935082848907,11.204118728637695,19525000,0.0,0.0
2016-05-03 00:00:00-04:00,11.128957258738716,11.197218759666775,10.916501995689302,10.983229637145996,23986000,0.0,0.0
2016-05-04 00:00:00-04:00,10.93030276432237,11.076796877154194,10.835196209798932,10.896554946899414,20888000,0.0,0.0
2016-05-05 00:00:00-04:00,11.030781478763581,11.113615730892743,10.898092777412202,10.935675621032715,16841000,0.0,0.0
2016-05-06 00:00:00-04:00,10.872782189840585,10.929539371075016,10.674900448056796,10.882753372192383,30027000,0.0,0.0
2016-05-09 00:00:00-04:00,10.891187045648635,11.038448466677067,10.834430611075627,10.921866416931152,17300000,0.0,0.0
2016-05-10 00:00:00-04:00,10.929538285396378,11.132022316291716,10.852839478531282,11.0913724899292,18461000,0.0,0.0
2016-05-11 00:00:00-04:00,11.05148978144862,11.214857121822341,11.007004207913168,11.033082008361816,16716000,0.0,0.0
2016-05-12 00:00:00-04:00,11.04995536973369,11.100576380815017,10.700977165113802,10.817559242248535,26452000,0.0,0.0
2016-05-13 00:00:00-04:00,10.809891101575563,10.97786078298606,10.708649061741609,10.741629600524902,21716000,0.0,0.0
2016-05-16 00:00:00-04:00,10.804522030050192,11.015443430148846,10.790716563581443,10.941045761108398,20373000,0.0,0.0
2016-05-17 00:00:00-04:00,10.930303633904671,10.96711844022153,10.72858620276207,10.827527046203613,21248000,0.0,0.0
2016-05-18 00:00:00-04:00,10.778442941016914,11.125119980441713,10.76310288651646,11.035382270812988,22620000,0.0,0.0
2016-05-19 00:00:00-04:00,10.970188379499993,11.095206302966348,10.823694235114152,10.947945594787598,17478000,0.0,0.0
2016-05-20 00:00:00-04:00,11.054558572516372,11.326071423258421,11.022345332215615,11.253974914550781,25889000,0.0,0.0
2016-05-23 00:00:00-04:00,11.36595252845821,11.5308544440845,11.34217588472696,11.359049797058105,17609000,0.0,0.0
2016-05-24 00:00:00-04:00,11.397399192435994,11.633631054284105,11.378224856054358,11.613689422607422,19907000,0.0,0.0
2016-05-25 00:00:00-04:00,11.645904354141207,11.811572868215512,11.54236116711769,11.778593063354492,21737000,0.0,0.0
2016-05-26 00:00:00-04:00,11.793931980626484,11.830747529794166,11.6443700921775,11.736408233642578,18431000,0.0,0.0
2016-05-27 00:00:00-04:00,11.734872768870304,11.80620197130637,11.693455647450065,11.757882118225098,18693000,0.0,0.0
2016-05-31 00:00:00-04:00,11.811569291879987,11.884433075292533,11.7578805732886,11.839180946350098,32058000,0.0,0.0
2016-06-01 00:00:00-04:00,11.76631789955645,11.91281203927315,11.760949027361198,11.870628356933594,30777000,0.0,0.0
2016-06-02 00:00:00-04:00,11.904378945288824,11.928155595266173,11.764787495761743,11.881369590759277,46746000,0.0,0.0
2016-06-03 00:00:00-04:00,12.714314561814605,12.731955773076042,12.36380319461757,12.46811294555664,82985000,0.0,0.0
2016-06-06 00:00:00-04:00,12.53253685551341,12.573953244063953,12.349993731648997,12.489585876464844,34010000,0.0,0.0
2016-06-07 00:00:00-04:00,12.527934059417262,12.72811692022502,12.48728423624357,12.64298152923584,32340000,0.0,0.0
2016-06-08 00:00:00-04:00,12.585458840135615,12.626108664324645,12.527934372335526,12.555546760559082,25620000,0.0,0.0
2016-06-09 00:00:00-04:00,12.435896390883498,12.65908786292367,12.434361800479477,12.589292526245117,29143000,0.0,0.0
2016-06-10 00:00:00-04:00,12.438195546398273,12.500322317104592,12.271760519948764,12.334653854370117,26657000,0.0,0.0
2016-06-13 00:00:00-04:00,12.282500784023789,12.44433499848446,12.244151378238666,12.272529602050781,21568000,0.0,0.0
2016-06-14 00:00:00-04:00,12.21577423779693,12.312413958975647,12.128337672626925,12.19429874420166,25669000,0.0,0.0
2016-06-15 00:00:00-04:00,12.219685156107824,12.319707119221949,12.170443156587408,12.187370300292969,30884000,0.05,0.0
2016-06-16 00:00:00-04:00,12.083503576810427,12.221226973963494,11.971940250811633,12.205069541931152,22804000,0.0,0.0
2016-06-17 00:00:00-04:00,12.231228282353772,12.291241909270976,11.920388527584779,12.002715110778809,43333000,0.0,0.0
2016-06-20 00:00:00-04:00,12.187370114782013,12.27969858731685,12.055801546130875,12.074267387390137,20265000,0.0,0.0
2016-06-21 00:00:00-04:00,12.12659052925092,12.187373881033015,11.972709694139231,11.98809814453125,16126000,0.0,0.0
2016-06-22 00:00:00-04:00,11.981942179086547,12.092736523064262,11.910387208153608,11.93654727935791,16039000,0.0,0.0
2016-06-23 00:00:00-04:00,12.106584889875151,12.205068908950896,12.00040738006039,12.204299926757812,24435000,0.0,0.0
2016-06-24 00:00:00-04:00,11.694954626178644,11.9157743428377,11.417969119395021,11.44258975982666,64177000,0.0,0.0
2016-06-27 00:00:00-04:00,11.27178045143697,11.329486400621738,10.946322684244857,11.0509614944458,37864000,0.0,0.0
2016-06-28 00:00:00-04:00,11.287169055810871,11.535686783785032,11.277936133164502,11.52337646484375,37233000,0.0,0.0
2016-06-29 00:00:00-04:00,11.695722700080472,11.975785564155528,11.601085796765712,11.925774574279785,47860000,0.0,0.0
2016-06-30 00:00:00-04:00,11.925771581744955,12.09811819860635,11.861910857554063,11.956547737121582,42626000,0.0,0.0
2016-07-01 00:00:00-04:00,11.884994674547128,11.992711602320338,11.819595976046635,11.86575984954834,19779000,0.0,0.0
2016-07-05 00:00:00-04:00,11.662640329745328,11.672642236108373,11.504912372296301,11.599549293518066,26321000,0.0,0.0
2016-07-06 00:00:00-04:00,11.491830943786324,11.638787261004586,11.322561668328564,11.589545249938965,20603000,0.0,0.0
2016-07-07 00:00:00-04:00,11.551845273747373,11.771895271757954,11.551845273747373,11.617244720458984,19248000,0.0,0.0
2016-07-08 00:00:00-04:00,11.744965775063982,11.94501048650675,11.690337952190395,11.93654727935791,26741000,0.0,0.0
2016-07-11 00:00:00-04:00,12.087350573507235,12.192759105586186,12.024259544209652,12.107355117797852,25201000,0.0,0.0
2016-07-12 00:00:00-04:00,12.201221365310289,12.380492534019588,12.17583101236516,12.201991081237793,20306000,0.0,0.0
2016-07-13 00:00:00-04:00,12.226609789140554,12.339712519418631,12.105813569609353,12.111199378967285,15734000,0.0,0.0
2016-07-14 00:00:00-04:00,12.275854021303795,12.392034902169948,12.222764900115767,12.371260643005371,23550000,0.0,0.0
2016-07-15 00:00:00-04:00,12.39588048947606,12.431272745501497,12.284316443883082,12.399726867675781,19259000,0.0,0.0
2016-07-18 00:00:00-04:00,12.496675151473887,12.595159180775358,12.460512439318338,12.489749908447266,14626000,0.0,0.0
2016-07-19 00:00:00-04:00,12.423581284145712,12.464360826755748,12.294321815558842,12.35125732421875,14797000,0.0,0.0
2016-07-20 00:00:00-04:00,12.433584498489624,12.600546120649247,12.38126434877454,12.515911102294922,18064000,0.0,0.0
2016-07-21 00:00:00-04:00,12.54206832343704,12.57822956308113,12.296628000073746,12.342022895812988,19530000,0.0,0.0
2016-07-22 00:00:00-04:00,12.278929199255067,12.333557742465947,12.055801867900241,12.28508472442627,19664000,0.0,0.0
2016-07-25 00:00:00-04:00,12.282777917521132,12.364334784460478,12.254310169123524,12.293549537658691,9627000,0.0,0.0
2016-07-26 00:00:00-04:00,12.418963898077251,12.579769225287876,12.338945725562407,12.575152397155762,28631000,0.0,0.0
2016-07-27 00:00:00-04:00,12.767502521346673,12.895223993666939,12.518984818317035,12.745959281921387,30493000,0.0,0.0
2016-07-28 00:00:00-04:00,12.695181613312858,12.846754775152547,12.61208603173907,12.635937690734863,19512000,0.0,0.0
2016-07-29 00:00:00-04:00,12.612852802840615,12.66825033668572,12.395111980853285,12.46281909942627,26030000,0.0,0.0
2016-08-01 00:00:00-04:00,12.524373179494033,12.609008190204593,12.456666051439635,12.58053970336914,17876000,0.0,0.0
2016-08-02 00:00:00-04:00,12.548991482890884,12.617469047988326,12.48513074561472,12.53283405303955,22689000,0.0,0.0
2016-08-03 00:00:00-04:00,12.455124417080134,12.629780218572407,12.408960541002173,12.626701354980469,15019000,0.0,0.0
2016-08-04 00:00:00-04:00,12.639015642950243,12.849063754300195,12.63362983157008,12.84829330444336,19978000,0.0,0.0
2016-08-05 00:00:00-04:00,12.922154070327775,13.095270449132574,12.86675653560559,13.08911418914795,25594000,0.0,0.0
2016-08-08 00:00:00-04:00,13.079881997029815,13.174518168072591,12.91522882478336,12.952929496765137,19084000,0.0,0.0
2016-08-09 00:00:00-04:00,12.998326269684956,13.24684402828711,12.979861889639887,13.169904708862305,32743000,0.0,0.0
2016-08-10 00:00:00-04:00,13.173749082344731,13.247612461374365,13.06757084187044,13.222221374511719,19523000,0.0,0.0
2016-08-11 00:00:00-04:00,13.239153220195687,13.323017795131365,13.149132383481522,13.240691184997559,15745000,0.0,0.0
2016-08-12 00:00:00-04:00,13.243764095811573,13.281464766017695,13.186059617291724,13.26992416381836,16530000,0.0,0.0
2016-08-15 00:00:00-04:00,13.339172433223949,13.526906826337626,13.272234290289017,13.506134033203125,25807000,0.0,0.0
2016-08-16 00:00:00-04:00,13.449964259158387,13.463813273740113,13.241454188286767,13.26453685760498,19069000,0.0,0.0
2016-08-17 00:00:00-04:00,13.252999223976223,13.332246951418153,13.215298549581618,13.31301212310791,16613000,0.0,0.0
2016-08-18 00:00:00-04:00,13.296853481498827,13.401492288108141,13.283004465076347,13.382257461547852,21120000,0.0,0.0
2016-08-19 00:00:00-04:00,13.401493001445543,13.469201590373315,13.34378851869317,13.459198951721191,15349000,0.0,0.0
2016-08-22 00:00:00-04:00,13.464584522060811,13.565376953935134,13.392260573718273,13.536139488220215,15393000,0.0,0.0
2016-08-23 00:00:00-04:00,13.596924767398077,13.654629257327926,13.550759414426047,13.64462661743164,19741000,0.0,0.0
2016-08-24 00:00:00-04:00,13.662318528808349,13.671550715541049,13.416109272327882,13.487664222717285,21802000,0.0,0.0
2016-08-25 00:00:00-04:00,13.504593308620413,13.629237393114009,13.440732568279877,13.544602394104004,18735000,0.0,0.0
2016-08-26 00:00:00-04:00,13.60538773609147,13.7454188220848,13.474588840016233,13.630777359008789,22586000,0.0,0.0
2016-08-29 00:00:00-04:00,13.64154912935357,13.747727385945108,13.610773695101837,13.649243354797363,16726000,0.0,0.0
2016-08-30 00:00:00-04:00,13.707716740749982,13.804661328813523,13.536908770815199,13.6184663772583,27838000,0.0,0.0
2016-08-31 00:00:00-04:00,13.626154983216756,13.720023613883226,13.491509763035893,13.573836326599121,32753000,0.0,0.0
2016-09-01 00:00:00-04:00,13.609232621569253,13.670015967977626,13.45073570560934,13.62539005279541,39128000,0.0,0.0
2016-09-02 00:00:00-04:00,13.618465557618416,13.644624158560426,12.987552388407435,13.319167137145996,80668000,0.0,0.0
2016-09-06 00:00:00-04:00,13.358408514252726,13.387645984858054,13.052186256493803,13.164519309997559,36132000,0.0,0.0
2016-09-07 00:00:00-04:00,13.189138491189583,13.23376440822944,12.903689060121811,12.995247840881348,31437000,0.0,0.0
2016-09-08 00:00:00-04:00,12.956008792010715,12.989861619190155,12.815207270260613,12.955238342285156,18680000,0.0,0.0
2016-09-09 00:00:00-04:00,12.797508999508073,12.852906529968251,12.3620259146193,12.370489120483398,45022000,0.0,0.0
2016-09-12 00:00:00-04:00,12.24354082479721,12.675946610013009,12.214303355057334,12.655172348022461,35673000,0.0,0.0
2016-09-13 00:00:00-04:00,12.655172900375256,12.876761613724591,12.64132388095158,12.713647842407227,36003000,0.0,0.0
2016-09-14 00:00:00-04:00,12.712878023675348,13.074497807161789,12.699027537639411,13.049877166748047,40324000,0.0,0.0
2016-09-15 00:00:00-04:00,13.067626814996594,13.350849016244895,12.98042117237912,13.329240798950195,36322000,0.051,0.0
2016-09-16 00:00:00-04:00,13.30608856042717,13.350076291817336,13.107755174569396,13.215024948120117,83067000,0.0,0.0
2016-09-19 00:00:00-04:00,13.238946936231388,13.39560647595089,13.073025892951655,13.175664901733398,28306000,0.0,0.0
2016-09-20 00:00:00-04:00,13.289881902877326,13.289881902877326,12.978103928007881,12.982734680175781,18722000,0.0,0.0
2016-09-21 00:00:00-04:00,12.995082959399804,13.12087426661005,12.934887596613404,13.106210708618164,17977000,0.0,0.0
2016-09-22 00:00:00-04:00,13.194187892291506,13.215796107050107,12.970386842921156,13.029810905456543,20619000,0.0,0.0
2016-09-23 00:00:00-04:00,13.019008206663646,13.044474403120487,12.772827614500544,12.860804557800293,26875000,0.0,0.0
2016-09-26 00:00:00-04:00,12.741183174421932,12.905560134972074,12.5605985834453,12.863887786865234,32033000,0.0,0.0
2016-09-27 00:00:00-04:00,12.879323526415575,13.187242065723417,12.812183504457419,13.185699462890625,25353000,0.0,0.0
2016-09-28 00:00:00-04:00,13.25669843099454,13.328469210585494,13.1023542353472,13.173352241516113,20843000,0.0,0.0
2016-09-29 00:00:00-04:00,13.119333653399833,13.42725226103178,13.079975193191359,13.309178352355957,38570000,0.0,0.0
2016-09-30 00:00:00-04:00,13.350847181876803,13.478182563681688,13.307630753225217,13.31380558013916,34220000,0.0,0.0
2016-10-03 00:00:00-04:00,13.35162070632536,13.419532030605566,13.097722701764662,13.124732971191406,22807000,0.0,0.0
2016-10-04 00:00:00-04:00,13.166407870538142,13.188787389326846,12.971161141405837,13.046018600463867,19596000,0.0,0.0
2016-10-05 00:00:00-04:00,13.235088291555423,13.436508342864563,13.171807725153801,13.387889862060547,26149000,0.0,0.0
2016-10-06 00:00:00-04:00,13.373999127879149,13.478182217970188,13.216566804722746,13.442683219909668,21014000,0.0,0.0
2016-10-07 00:00:00-04:00,13.495933854335275,13.501335908339088,13.30377381452878,13.44422721862793,21842000,0.0,0.0
2016-10-10 00:00:00-04:00,13.484353432339695,13.574645723809228,13.409495997385267,13.48744010925293,16336000,0.0,0.0
2016-10-11 00:00:00-04:00,13.527572240530384,13.54377840114682,13.083058303695001,13.209622383117676,26181000,0.0,0.0
2016-10-12 00:00:00-04:00,13.177212580773558,13.201136175582723,12.99585662991848,13.155604362487793,21740000,0.0,0.0
2016-10-13 00:00:00-04:00,13.024409072552691,13.111613234464095,12.87237879331734,13.037527084350586,22373000,0.0,0.0
2016-10-14 00:00:00-04:00,13.117787719525698,13.323067252842728,13.068397929828796,13.126277923583984,19570000,0.0,0.0
2016-10-17 00:00:00-04:00,13.096177562221158,13.192643222887943,13.021320115338984,13.032896995544434,12741000,0.0,0.0
2016-10-18 00:00:00-04:00,13.169490715376165,13.340813800926762,13.161001985614924,13.286791801452637,14167000,0.0,0.0
2016-10-19 00:00:00-04:00,13.209620828391781,13.295282373553508,13.127817261611195,13.263641357421875,20440000,0.0,0.0
2016-10-20 00:00:00-04:00,13.247435966654072,13.472779599070575,13.198044714428379,13.382487297058105,18961000,0.0,0.0
2016-10-21 00:00:00-04:00,13.296052776547269,13.381714315921629,13.173348170640928,13.344671249389648,15842000,0.0,0.0
2016-10-24 00:00:00-04:00,13.440370453649066,13.659540783274236,13.39406733971188,13.624813079833984,19772000,0.0,0.0
2016-10-25 00:00:00-04:00,13.584684717874465,13.620955028068432,13.390209264234716,13.401013374328613,21622000,0.0,0.0
2016-10-26 00:00:00-04:00,13.285254146561558,13.488218322949377,13.204223325096677,13.350850105285645,21075000,0.0,0.0
2016-10-27 00:00:00-04:00,13.451943457159878,13.524485529062819,13.256696756927226,13.292197227478027,19840000,0.0,0.0
2016-10-28 00:00:00-04:00,13.311491652595238,13.340817299792771,13.045245451466394,13.069169044494629,20651000,0.0,0.0
2016-10-31 00:00:00-04:00,13.119330543923681,13.24743723067272,13.018234125832663,13.140938758850098,20317000,0.0,0.0
2016-11-01 00:00:00-04:00,13.174896171986708,13.238949520300732,12.797522211128532,13.026723861694336,28452000,0.0,0.0
2016-11-02 00:00:00-04:00,13.343906714986028,13.439601106729757,13.104672207576373,13.316896438598633,43501000,0.0,0.0
2016-11-03 00:00:00-04:00,13.308404318997887,13.531432603833126,13.285252028577718,13.350076675415039,20654000,0.0,0.0
2016-11-04 00:00:00-04:00,13.150197880109895,13.468918992508264,13.137078398861076,13.286791801452637,21753000,0.0,0.0
2016-11-07 00:00:00-05:00,13.458115952910592,13.727448782552024,13.436507740189123,13.656449317932129,26126000,0.0,0.0
2016-11-08 00:00:00-05:00,13.664941276591946,13.738254654612469,13.513682296152114,13.659539222717285,18923000,0.0,0.0
2016-11-09 00:00:00-05:00,13.232773571322406,13.620951607580656,13.208849980415087,13.383259773254395,32506000,0.0,0.0
2016-11-10 00:00:00-05:00,13.406411332811398,13.466606693476221,12.602273734227754,12.960354804992676,51217000,0.0,0.0
2016-11-11 00:00:00-05:00,12.914822282661126,13.119328998974375,12.78980228820277,12.929484367370605,29793000,0.0,0.0
2016-11-14 00:00:00-05:00,12.846911898520972,12.947237022151974,12.580667172483642,12.639318466186523,28187000,0.0,0.0
2016-11-15 00:00:00-05:00,12.72034932073199,12.92640015084612,12.626199024296014,12.845369338989258,25380000,0.0,0.0
2016-11-16 00:00:00-05:00,12.833791748882613,12.978104599337177,12.791348091645334,12.95186710357666,13333000,0.0,0.0
2016-11-17 00:00:00-05:00,12.914825159152791,13.043703160834447,12.81218465552924,12.890901565551758,18100000,0.0,0.0
2016-11-18 00:00:00-05:00,12.868521112244904,13.054507814520363,12.868521112244904,12.977334976196289,19524000,0.0,0.0
2016-11-21 00:00:00-05:00,13.052191887184652,13.332327409102858,13.052191887184652,13.318436622619629,21384000,0.0,0.0
2016-11-22 00:00:00-05:00,13.406409210450457,13.691948165840838,13.37476819643884,13.661078453063965,31024000,0.0,0.0
2016-11-23 00:00:00-05:00,13.610147743921575,13.718188819664043,13.5237148833276,13.665712356567383,22123000,0.0,0.0
2016-11-25 00:00:00-05:00,13.642557952427534,13.661079487105816,13.549178977743003,13.640242576599121,8198000,0.0,0.0
2016-11-28 00:00:00-05:00,13.58699760084733,13.664941733925966,13.46969501452922,13.47818374633789,26570000,0.0,0.0
2016-11-29 00:00:00-05:00,13.417212394634502,13.657990838752019,13.38402878043097,13.5399169921875,18514000,0.0,0.0
2016-11-30 00:00:00-05:00,13.514452856004528,13.574648218697181,13.153286567645422,13.157144546508789,31249000,0.0,0.0
2016-12-01 00:00:00-05:00,13.120101569966298,13.157144643905344,12.440983944897575,12.562915802001953,46389000,0.0,0.0
2016-12-02 00:00:00-05:00,12.623112431573507,12.727295535498449,12.395453383429972,12.673274993896484,26945000,0.0,0.0
2016-12-05 00:00:00-05:00,12.811412437602527,12.8577155465716,12.532819538458984,12.820673942565918,21372000,0.0,0.0
2016-12-06 00:00:00-05:00,12.87315038481961,12.962671396882289,12.613850325528382,12.714946746826172,39184000,0.0,0.0
2016-12-07 00:00:00-05:00,12.714944535968977,13.007428169250488,12.630827064384777,13.007428169250488,32659000,0.0,0.0
2016-12-08 00:00:00-05:00,13.084608953347537,13.225835189648508,12.927176548286614,13.174128532409668,38361000,0.0,0.0
2016-12-09 00:00:00-05:00,13.964370431932723,14.03768528618669,13.651822590363686,13.820830345153809,75744000,0.0,0.0
2016-12-12 00:00:00-05:00,13.7405728512057,13.95048169397794,13.625585621436093,13.749061584472656,37194000,0.0,0.0
2016-12-13 00:00:00-05:00,13.793817868529159,14.040769718855637,13.736709185978038,13.847838401794434,69076000,0.0,0.0
2016-12-14 00:00:00-05:00,13.873453621476648,13.909932759845953,13.6778664028868,13.785749435424805,46795000,0.102,0.0
2016-12-15 00:00:00-05:00,13.839300488840301,14.063605253240226,13.704252795881303,13.971243858337402,38103000,0.0,0.0
2016-12-16 00:00:00-05:00,14.028677753274746,14.05506524049336,13.774879718423643,13.8478364944458,41541000,0.0,0.0
2016-12-19 00:00:00-05:00,13.898290098176414,14.079907123652431,13.824557588738477,14.006173133850098,22219000,0.0,0.0
2016-12-20 00:00:00-05:00,14.048079475499081,14.225037721980021,13.981331352528125,14.131126403808594,27352000,0.0,0.0
2016-12-21 00:00:00-05:00,14.259965936856913,14.280146258874352,14.108619443182109,14.148202896118164,21013000,0.0,0.0
2016-12-22 00:00:00-05:00,14.191667591857911,14.203309175327846,13.922347907534645,14.017036437988281,17557000,0.0,0.0
2016-12-23 00:00:00-05:00,13.974348629468512,14.12414371412531,13.944079624290254,14.121039390563965,8977000,0.0,0.0
2016-12-27 00:00:00-05:00,14.134230476119729,14.257636560274774,14.129573251715904,14.14975357055664,8283000,0.0,0.0
2016-12-28 00:00:00-05:00,14.17536654814478,14.203306936213542,13.958047648659651,13.985212326049805,14039000,0.0,0.0
2016-12-29 00:00:00-05:00,13.947183208466948,14.022468602203881,13.8641377464201,13.96037769317627,13671000,0.0,0.0
2016-12-30 00:00:00-05:00,13.9991908610092,14.040325752592647,13.661570024507588,13.719780921936035,25421000,0.0,0.0
2017-01-03 00:00:00-05:00,13.837752807732425,14.040324401927437,13.701927886920474,13.841632843017578,32098000,0.0,0.0
2017-01-04 00:00:00-05:00,13.835420023661456,13.892853706827804,13.712789628369709,13.743060111999512,23965000,0.0,0.0
2017-01-05 00:00:00-05:00,13.685629784247586,13.737632030172692,13.495476957753622,13.526521682739258,24861000,0.0,0.0
2017-01-06 00:00:00-05:00,13.521089172079478,13.72987091267229,13.451236688198907,13.705810546875,23142000,0.0,0.0
2017-01-09 00:00:00-05:00,13.710465897987508,13.838527780670317,13.709688706680348,13.735301971435547,20265000,0.0,0.0
2017-01-10 00:00:00-05:00,13.775659308429606,14.027903005070941,13.729867202719827,14.014708518981934,30181000,0.0,0.0
2017-01-11 00:00:00-05:00,13.974351530444787,14.006950635516548,13.796616016475138,13.925455093383789,18787000,0.0,0.0
2017-01-12 00:00:00-05:00,13.822231924049,13.900621676596424,13.61345164774698,13.881994247436523,23137000,0.0,0.0
2017-01-13 00:00:00-05:00,13.885089362456682,14.031002893789646,13.845507397065159,14.005391120910645,20902000,0.0,0.0
2017-01-17 00:00:00-05:00,13.930104788675933,13.94174636824479,13.781086944812794,13.901387214660645,26316000,0.0,0.0
2017-01-18 00:00:00-05:00,13.9984100990597,14.363971244080364,13.97046970442489,14.360091209411621,35642000,0.0,0.0
2017-01-19 00:00:00-05:00,14.366302291556734,14.504454346784621,14.333704665504014,14.40200424194336,45718000,0.0,0.0
2017-01-20 00:00:00-05:00,14.637948625535854,14.866131976257824,14.599140875833138,14.830430030822754,57623000,0.0,0.0
2017-01-23 00:00:00-05:00,14.824997321919648,14.865356494012653,14.623977172351323,14.82422161102295,33394000,0.0,0.0
2017-01-24 00:00:00-05:00,14.957715841317658,15.494803833805124,14.923566798819419,15.348113059997559,62008000,0.0,0.0
2017-01-25 00:00:00-05:00,15.516536118101582,15.723764914685265,15.369845339216175,15.715226173400879,60888000,0.0,0.0
2017-01-26 00:00:00-05:00,15.867343892274612,15.931763400821316,15.61044304905174,15.84638786315918,38820000,0.0,0.0
2017-01-27 00:00:00-05:00,15.940308662362797,15.972130577314267,15.797499380940511,15.965920448303223,25780000,0.0,0.0
2017-01-30 00:00:00-05:00,15.868121623119185,15.900719236842791,15.570085874685077,15.77265739440918,33234000,0.0,0.0
2017-01-31 00:00:00-05:00,15.714450179308393,15.714450179308393,15.434264593960233,15.483938217163086,26749000,0.0,0.0
2017-02-01 00:00:00-05:00,15.697372398647307,15.870450632132261,15.539040070630755,15.809135437011719,31184000,0.0,0.0
2017-02-02 00:00:00-05:00,15.675641435199982,15.913139198854022,15.600356041585304,15.837078094482422,22712000,0.0,0.0
2017-02-03 00:00:00-05:00,15.906929811156205,16.034991657193547,15.757910452381733,16.00084114074707,24367000,0.0,0.0
2017-02-06 00:00:00-05:00,16.00006705464073,16.03965051087992,15.85648209742439,16.031888961791992,18716000,0.0,0.0
2017-02-07 00:00:00-05:00,16.082342086746348,16.097087997239136,15.90538227864604,15.981443405151367,22840000,0.0,0.0
2017-02-08 00:00:00-05:00,15.986093158038054,16.20185913949985,15.92322654945129,16.057497024536133,21069000,0.0,0.0
2017-02-09 00:00:00-05:00,16.091649451410294,16.11958984069285,15.804479569277937,15.937198638916016,27519000,0.0,0.0
2017-02-10 00:00:00-05:00,15.988425765487829,16.02723203127764,15.821556157936161,15.951170921325684,23842000,0.0,0.0
2017-02-13 00:00:00-05:00,16.04896244647278,16.074575704847398,15.924004919053903,16.043529510498047,12463000,0.0,0.0
2017-02-14 00:00:00-05:00,16.065265666986257,16.066042858313278,15.89529170322029,15.93642807006836,17357000,0.0,0.0
2017-02-15 00:00:00-05:00,15.974460196496011,16.061387204479246,15.895293259627357,15.987654685974121,17088000,0.0,0.0
2017-02-16 00:00:00-05:00,16.0241270185694,16.160727614501617,15.924781265197248,16.157623291015625,17188000,0.0,0.0
2017-02-17 00:00:00-05:00,16.221264016520266,16.330699920654297,16.05206582019968,16.330699920654297,30945000,0.0,0.0
2017-02-21 00:00:00-05:00,16.376494247648317,16.57984150697728,16.369508409272818,16.512317657470703,30333000,0.0,0.0
2017-02-22 00:00:00-05:00,16.531719008729066,16.681514079159957,16.415298744232324,16.62175178527832,23949000,0.0,0.0
2017-02-23 00:00:00-05:00,16.693155753919964,16.76145678761767,16.270938180054806,16.343894958496094,29364000,0.0,0.0
2017-02-24 00:00:00-05:00,16.17314625250986,16.34933031834938,15.7253153545199,16.327598571777344,27651000,0.0,0.0
2017-02-27 00:00:00-05:00,16.350881885783526,16.56664793173723,16.313627039795332,16.55345344543457,26991000,0.0,0.0
2017-02-28 00:00:00-05:00,16.620202624922683,16.635725725113794,16.32216679914775,16.371063232421875,27548000,0.0,0.0
2017-03-01 00:00:00-05:00,16.537159646579894,16.71722380317779,16.3423495775072,16.69782066345215,51155000,0.0,0.0
2017-03-02 00:00:00-05:00,17.394015907545054,17.461539783028986,16.766120696472907,16.86469078063965,71171000,0.0,0.0
2017-03-03 00:00:00-05:00,16.919788306512597,17.075016319746826,16.8965051407823,16.944625854492188,30747000,0.0,0.0
2017-03-06 00:00:00-05:00,16.793277836704004,16.960924623541473,16.70014221326945,16.915132522583008,22771000,0.0,0.0
2017-03-07 00:00:00-05:00,16.86856347172889,17.18134663423086,16.84916033993289,17.01680564880371,29129000,0.0,0.0
2017-03-08 00:00:00-05:00,17.014474747493708,17.171254149400298,16.962472530148375,17.046295166015625,24532000,0.0,0.0
2017-03-09 00:00:00-05:00,16.980327725243747,17.296990916874847,16.92910268833548,17.231019973754883,25675000,0.0,0.0
2017-03-10 00:00:00-05:00,17.28690596636663,17.572524505330502,17.28690596636663,17.567867279052734,39430000,0.0,0.0
2017-03-13 00:00:00-04:00,17.529839976067947,17.676529307796585,17.491032217149122,17.575632095336914,26669000,0.0,0.0
2017-03-14 00:00:00-04:00,17.444459620079936,17.56243280637335,17.347442469839947,17.41263771057129,22165000,0.0,0.0
2017-03-15 00:00:00-04:00,17.411083157329152,17.591147228175572,17.326483317474416,17.53526496887207,20727000,0.0,0.0
2017-03-16 00:00:00-04:00,17.57970760774564,17.606216257033196,17.27486111509436,17.336454391479492,27835000,0.102,0.0
2017-03-17 00:00:00-04:00,17.426894511503406,17.44170878121623,17.218725916266504,17.244455337524414,51635000,0.0,0.0
2017-03-20 00:00:00-04:00,17.244457623479025,17.35828750098951,17.21327062231437,17.249135971069336,17215000,0.0,0.0
2017-03-21 00:00:00-04:00,17.327099629255454,17.38479378906612,16.803169382772147,16.842151641845703,30557000,0.0,0.0
2017-03-22 00:00:00-04:00,16.842154277525136,17.02537419541478,16.79303608805777,16.95130729675293,19131000,0.0,0.0
2017-03-23 00:00:00-04:00,16.93883169299192,17.032391208526114,16.87412000455536,16.90764617919922,19223000,0.0,0.0
2017-03-24 00:00:00-04:00,16.997303166398346,17.26160595649153,16.976252093741273,17.0721492767334,23794000,0.0,0.0
2017-03-27 00:00:00-04:00,16.905306141871684,17.1664905689712,16.838255283087097,17.07839012145996,15358000,0.0,0.0
2017-03-28 00:00:00-04:00,17.036290297440708,17.291237954348205,17.023815198609633,17.226526260375977,17929000,0.0,0.0
2017-03-29 00:00:00-04:00,17.214826110742603,17.257707482704127,17.127504909411606,17.254589080810547,15927000,0.0,0.0
2017-03-30 00:00:00-04:00,17.300589739788755,17.499401626144607,17.063573338818312,17.15557289123535,34168000,0.0,0.0
2017-03-31 00:00:00-04:00,17.151680088743277,17.229646110330307,16.998866448500195,17.071374893188477,25897000,0.0,0.0
2017-04-03 00:00:00-04:00,17.074494335812435,17.15168113313629,16.892055113077006,17.058900833129883,19210000,0.0,0.0
2017-04-04 00:00:00-04:00,17.00978160229769,17.184425550135757,16.987172065739504,17.071374893188477,12634000,0.0,0.0
2017-04-05 00:00:00-04:00,17.116595866194565,17.19144199957756,16.902969645949916,16.92869758605957,15690000,0.0,0.0
2017-04-06 00:00:00-04:00,16.895169909098104,17.03316925551164,16.808627920888295,16.957542419433594,14615000,0.0,0.0
2017-04-07 00:00:00-04:00,16.957546834255822,17.139986065537936,16.921682966068456,17.016021728515625,16412000,0.0,0.0
2017-04-10 00:00:00-04:00,16.924020027971185,17.078392123505004,16.860866793154067,16.99808692932129,17994000,0.0,0.0
2017-04-11 00:00:00-04:00,16.884250045763512,17.027706928214236,16.686996646509073,16.961435317993164,22219000,0.0,0.0
2017-04-12 00:00:00-04:00,16.814866326144138,16.851510904404364,16.25117450586488,16.310428619384766,61026000,0.0,0.0
2017-04-13 00:00:00-04:00,16.311209514198524,16.682326246980068,16.294836782770435,16.475717544555664,42579000,0.0,0.0
2017-04-17 00:00:00-04:00,16.558360553526636,16.712732645877676,16.54354628131516,16.674528121948242,14507000,0.0,0.0
2017-04-18 00:00:00-04:00,16.611370200030436,16.662048316373408,16.53340421036684,16.61448860168457,8486000,0.0,0.0
2017-04-19 00:00:00-04:00,16.66750950501978,16.749373142731976,16.626967300570232,16.65581512451172,12081000,0.0,0.0
2017-04-20 00:00:00-04:00,16.762624461474022,17.083843637127668,16.701811909245713,17.012893676757812,16916000,0.0,0.0
2017-04-21 00:00:00-04:00,16.951308389318022,17.022256889788178,16.853070516973457,16.970020294189453,14683000,0.0,0.0
2017-04-24 00:00:00-04:00,17.206254588006967,17.30059333332857,17.12750934326769,17.249135971069336,17531000,0.0,0.0
2017-04-25 00:00:00-04:00,17.30994745572826,17.464319532823538,17.304489879574557,17.401947021484375,14848000,0.0,0.0
2017-04-26 00:00:00-04:00,17.424556958322402,17.458860870824747,17.22028599261354,17.283437728881836,14726000,0.0,0.0
2017-04-27 00:00:00-04:00,17.3777761763049,17.471335679493347,17.313064496407446,17.393369674682617,11850000,0.0,0.0
2017-04-28 00:00:00-04:00,17.373098637589404,17.397266625929277,17.134522285550844,17.215606689453125,16490000,0.0,0.0
2017-05-01 00:00:00-04:00,17.315402515367214,17.328656839396757,17.145436963369406,17.255369186401367,15339000,0.0,0.0
2017-05-02 00:00:00-04:00,17.422218388264955,17.58126732119608,17.269404773094553,17.577369689941406,27277000,0.0,0.0
2017-05-03 00:00:00-04:00,17.504084298947003,17.635066140017248,17.429236682862218,17.53449058532715,18002000,0.0,0.0
2017-05-04 00:00:00-04:00,17.562554971361653,17.609335467691373,17.297472927549364,17.417539596557617,16245000,0.0,0.0
2017-05-05 00:00:00-04:00,17.539173019100105,17.658460505601102,17.46822450532526,17.65534210205078,23128000,0.0,0.0
2017-05-08 00:00:00-04:00,17.660798204820335,17.706017283140536,17.453408771723335,17.548526763916016,17448000,0.0,0.0
2017-05-09 00:00:00-04:00,17.590619365234634,17.885329878580542,17.519670895947804,17.812042236328125,19261000,0.0,0.0
2017-05-10 00:00:00-04:00,17.892345957895813,18.19875084980549,17.829973464598876,18.035802841186523,24433000,0.0,0.0
2017-05-11 00:00:00-04:00,17.985132729820705,18.076351586309507,17.794895292314916,18.01709747314453,14823000,0.0,0.0
2017-05-12 00:00:00-04:00,18.047503203853566,18.40380558436764,17.997604304533663,18.39678955078125,25852000,0.0,0.0
2017-05-15 00:00:00-04:00,18.36950075205646,18.703972812095866,18.321941028670793,18.63614273071289,29172000,0.0,0.0
2017-05-16 00:00:00-04:00,18.70709202552507,18.812345912320314,18.60963488816776,18.764787673950195,18128000,0.0,0.0
2017-05-17 00:00:00-04:00,18.555838220266253,18.631465053467156,18.017095180850593,18.024112701416016,31447000,0.0,0.0
2017-05-18 00:00:00-04:00,18.055297986942882,18.604175410138264,17.75123073826359,18.529329299926758,30699000,0.0,0.0
2017-05-19 00:00:00-04:00,18.455258315507365,18.477088613776186,18.091938505395515,18.251768112182617,35812000,0.0,0.0
2017-05-22 00:00:00-04:00,18.363262334491203,18.63224497181701,18.26112834226335,18.585464477539062,20419000,0.0,0.0
2017-05-23 00:00:00-04:00,18.583126720382367,18.628347273466286,18.387433211762172,18.44200897216797,13696000,0.0,0.0
2017-05-24 00:00:00-04:00,18.59170427908154,18.712550181420372,18.475535236888103,18.680583953857422,16392000,0.0,0.0
2017-05-25 00:00:00-04:00,18.798314985318925,18.83339961915392,18.6127558917503,18.778823852539062,19010000,0.0,0.0
2017-05-26 00:00:00-04:00,18.781940903307905,18.836516665994104,18.580789810242212,18.806110382080078,13120000,0.0,0.0
2017-05-30 00:00:00-04:00,18.750754466915833,18.820144502746643,18.63380618806275,18.697738647460938,29364000,0.0,0.0
2017-05-31 00:00:00-04:00,18.90823904145444,18.937085370121157,18.521529007904935,18.671222686767578,44830000,0.0,0.0
2017-06-01 00:00:00-04:00,18.83651592848763,18.857567003864663,18.229163554548066,18.289976119995117,63774000,0.0,0.0
2017-06-02 00:00:00-04:00,19.377598264880053,19.94518915179455,19.03532942926817,19.84461212158203,108613000,0.0,0.0
2017-06-05 00:00:00-04:00,19.80329609340679,20.02004073825931,19.50702695919715,19.663738250732422,39532000,0.0,0.0
2017-06-06 00:00:00-04:00,19.551461500576984,19.907765378444775,19.539767119543793,19.792375564575195,29653000,0.0,0.0
2017-06-07 00:00:00-04:00,19.778341914917302,19.947526772973674,19.72298692540961,19.82512092590332,29290000,0.0,0.0
2017-06-08 00:00:00-04:00,19.881260837080262,19.967023614595455,19.672312957591387,19.877363204956055,28273000,0.0,0.0
2017-06-09 00:00:00-04:00,19.921023044424434,19.95922608347781,18.82482483363592,18.972179412841797,58191000,0.0,0.0
2017-06-12 00:00:00-04:00,18.742953659183826,18.954240619759165,18.380413061032726,18.91993522644043,54872000,0.0,0.0
2017-06-13 00:00:00-04:00,19.098480923572396,19.328479832082834,18.841973363827954,18.940990447998047,30853000,0.0,0.0
2017-06-14 00:00:00-04:00,18.990113412600827,19.097706502295587,18.526997076571842,18.753877639770508,34509000,0.0,0.0
2017-06-15 00:00:00-04:00,18.426584788005897,18.75151953272556,18.42110397178227,18.63407325744629,27527000,0.102,0.0
2017-06-16 00:00:00-04:00,18.707672760607064,18.746822514133306,18.41014210085961,18.497835159301758,35819000,0.0,0.0
2017-06-19 00:00:00-04:00,19.168068926752927,19.168068926752927,18.818860209454815,18.881498336791992,28519000,0.0,0.0
2017-06-20 00:00:00-04:00,18.948054750518775,19.077245252262042,18.77971448051168,18.79067611694336,24429000,0.0,0.0
2017-06-21 00:00:00-04:00,19.071759069301994,19.25419260720249,18.941784563366646,19.192337036132812,34998000,0.0,0.0
2017-06-22 00:00:00-04:00,19.222871453704286,19.29333951293103,19.032607992474144,19.107772827148438,18666000,0.0,0.0
2017-06-23 00:00:00-04:00,19.068627287355103,19.329358844979662,19.009903398491534,19.203298568725586,34985000,0.0,0.0
2017-06-26 00:00:00-04:00,19.260458658801547,19.410007305931185,18.885412473516542,19.006772994995117,32103000,0.0,0.0
2017-06-27 00:00:00-04:00,18.897940378719248,18.94726773491709,18.417976093108816,18.425806045532227,33582000,0.0,0.0
2017-06-28 00:00:00-04:00,18.524465185583235,18.926915577192457,18.360823173029715,18.873672485351562,24533000,0.0,0.0
2017-06-29 00:00:00-04:00,18.689665210992548,18.710804435137295,18.05310351024891,18.324796676635742,34513000,0.0,0.0
2017-06-30 00:00:00-04:00,18.499399121502222,18.532284013751234,18.232402768597808,18.24728012084961,26534000,0.0,0.0
2017-07-03 00:00:00-04:00,18.36160344239615,18.418760757587712,17.93644728146664,17.989688873291016,21123000,0.0,0.0
2017-07-05 00:00:00-04:00,18.086777878321655,18.190913416449956,17.9387943044127,18.134538650512695,29699000,0.0,0.0
2017-07-06 00:00:00-04:00,17.817427106573138,18.457118948501485,17.81272883781491,18.403093338012695,26334000,0.0,0.0
2017-07-07 00:00:00-04:00,18.423450399758412,18.806324932106488,18.42110126552048,18.761695861816406,24731000,0.0,0.0
2017-07-10 00:00:00-04:00,18.831387556893116,18.943353036294802,18.69828135581282,18.930042266845703,22499000,0.0,0.0
2017-07-11 00:00:00-04:00,18.948055567389527,18.995033797920453,18.7436972030874,18.86114501953125,20502000,0.0,0.0
2017-07-12 00:00:00-04:00,19.02634376335246,19.353629125382938,18.87444750157424,19.29412269592285,27710000,0.0,0.0
2017-07-13 00:00:00-04:00,19.348934136327763,19.564252586046766,19.304305053372527,19.363811492919922,20400000,0.0,0.0
2017-07-14 00:00:00-04:00,19.46716253708496,19.6057495354224,19.406089515856177,19.597135543823242,14417000,0.0,0.0
2017-07-17 00:00:00-04:00,19.63628674609711,19.75921385128827,19.48517151618102,19.497699737548828,18746000,0.0,0.0
2017-07-18 00:00:00-04:00,19.35989792258698,19.647251065487065,19.265941476421858,19.643335342407227,13003000,0.0,0.0
2017-07-19 00:00:00-04:00,19.73103091723435,19.92990694822189,19.617498836737127,19.9189453125,25526000,0.0,0.0
2017-07-20 00:00:00-04:00,19.926771623186333,19.96591988834827,19.75843139485094,19.842992782592773,12135000,0.0,0.0
2017-07-21 00:00:00-04:00,19.694232390853376,19.850044442891086,19.610453525995055,19.817943572998047,15504000,0.0,0.0
2017-07-24 00:00:00-04:00,19.832030383047044,19.862566148167044,19.706754147273767,19.81167221069336,13638000,0.0,0.0
2017-07-25 00:00:00-04:00,19.793665542108545,19.919724330576223,19.58852468890307,19.91111183166504,16123000,0.0,0.0
2017-07-26 00:00:00-04:00,19.941649536778883,20.215691901325673,19.93616871935616,20.123300552368164,19971000,0.0,0.0
2017-07-27 00:00:00-04:00,20.217256553510293,20.239181316132292,19.492220588293037,19.648815155029297,32010000,0.0,0.0
2017-07-28 00:00:00-04:00,19.48986912868701,19.66212357957528,19.378686208057395,19.60340118408203,31919000,0.0,0.0
2017-07-31 00:00:00-04:00,19.65116327014682,19.76626192094299,19.21895977945684,19.312917709350586,18902000,0.0,0.0
2017-08-01 00:00:00-04:00,19.43584557228052,19.574432590865705,19.33640682151279,19.448373794555664,17582000,0.0,0.0
2017-08-02 00:00:00-04:00,19.93460109064218,20.14444022302822,19.657428551652412,19.837512969970703,36970000,0.0,0.0
2017-08-03 00:00:00-04:00,19.79444642871792,19.80932229042375,19.357544715072148,19.597135543823242,23447000,0.0,0.0
2017-08-04 00:00:00-04:00,19.632368464902726,19.650377500757386,19.42722913393799,19.509441375732422,13454000,0.0,0.0
2017-08-07 00:00:00-04:00,19.526673592401902,19.80071599313888,19.488307865376257,19.76548194885254,18730000,0.0,0.0
2017-08-08 00:00:00-04:00,19.729456812785042,19.91032522670053,19.607312278384917,19.680912017822266,20439000,0.0,0.0
2017-08-09 00:00:00-04:00,19.53762800337326,19.602615249766114,19.380250923399796,19.509441375732422,21256000,0.0,0.0
2017-08-10 00:00:00-04:00,19.312916392710225,19.339537928816107,18.827469859273553,18.847043991088867,29033000,0.0,0.0
2017-08-11 00:00:00-04:00,18.79536900740843,19.201735005505597,18.689668388483003,19.117956161499023,16976000,0.0,0.0
2017-08-14 00:00:00-04:00,19.328582188318798,19.672308647493598,19.261245780407272,19.645687103271484,16736000,0.0,0.0
2017-08-15 00:00:00-04:00,19.818718928450487,19.892318677082468,19.673868565869846,19.86334800720215,20942000,0.0,0.0
2017-08-16 00:00:00-04:00,19.912680762996647,19.945567164083602,19.716153864243676,19.842212677001953,15394000,0.0,0.0
2017-08-17 00:00:00-04:00,19.809323661330176,19.907195816758506,19.312134425955552,19.335622787475586,22793000,0.0,0.0
2017-08-18 00:00:00-04:00,19.365376788231234,19.69031307420963,19.271420351536477,19.525104522705078,20126000,0.0,0.0
2017-08-21 00:00:00-04:00,19.72241300590636,19.72241300590636,19.275333671986527,19.544677734375,20693000,0.0,0.0
2017-08-22 00:00:00-04:00,19.717717590735532,20.059094841863853,19.6527303321181,19.980796813964844,26917000,0.0,0.0
2017-08-23 00:00:00-04:00,19.88136030011642,20.27206641359363,19.839862896343043,20.116252899169922,27928000,0.0,0.0
2017-08-24 00:00:00-04:00,20.253276108098586,20.307301737850022,19.660562262191675,19.969837188720703,52119000,0.0,0.0
2017-08-25 00:00:00-04:00,19.750604450332183,19.918944704298795,19.087422522585506,19.229141235351562,69099000,0.0,0.0
2017-08-28 00:00:00-04:00,19.342671399822834,19.38964961920701,18.98719933874401,19.045923233032227,34174000,0.0,0.0
2017-08-29 00:00:00-04:00,18.892457005721486,19.150056879985712,18.793802306671132,18.926908493041992,33536000,0.0,0.0
2017-08-30 00:00:00-04:00,18.91359687794898,19.287860471979567,18.860353808421113,19.26280403137207,21924000,0.0,0.0
2017-08-31 00:00:00-04:00,19.30978663599608,19.772525908460377,19.22600779032691,19.736509323120117,29491000,0.0,0.0
2017-09-01 00:00:00-04:00,19.756867216300375,19.9925438633905,19.754518081158512,19.78818702697754,23242000,0.0,0.0
2017-09-05 00:00:00-04:00,19.58382310986421,19.788181381384266,19.341100620008294,19.500045776367188,24306000,0.0,0.0
2017-09-06 00:00:00-04:00,19.622199348312506,19.67700753318148,19.394352614004898,19.52589225769043,13996000,0.0,0.0
2017-09-07 00:00:00-04:00,19.557992144060695,19.574434597438824,19.271423030865815,19.30430793762207,16088000,0.0,0.0
2017-09-08 00:00:00-04:00,19.254978983755535,19.29256216082711,19.034179685223563,19.11326026916504,18094000,0.0,0.0
2017-09-11 00:00:00-04:00,19.34580542273658,19.4366301903234,19.262026567534036,19.39748191833496,16878000,0.0,0.0
2017-09-12 00:00:00-04:00,19.547815291966554,19.55408015116836,19.22209637626905,19.350505828857422,18396000,0.0,0.0
2017-09-13 00:00:00-04:00,19.247146304847657,19.410788254621586,19.19468578053888,19.280031204223633,29664000,0.0,0.0
2017-09-14 00:00:00-04:00,19.153189245071875,19.379469321950925,19.04513800316589,19.335622787475586,28645000,0.0,0.0
2017-09-15 00:00:00-04:00,19.388867262245558,19.667606392525183,19.1915563494391,19.617496490478516,50066000,0.0,0.0
2017-09-18 00:00:00-04:00,19.737000017203535,19.876940816808883,19.54517297667469,19.640300750732422,25743000,0.102,0.0
2017-09-19 00:00:00-04:00,19.746429821904357,19.79988904082022,19.523154997127104,19.635578155517578,22088000,0.0,0.0
2017-09-20 00:00:00-04:00,19.634009720509965,19.645016164310622,18.700028991155865,19.097049713134766,57010000,0.0,0.0
2017-09-21 00:00:00-04:00,19.061672757321542,19.080541162012786,18.72518895610626,18.898147583007812,28620000,0.0,0.0
2017-09-22 00:00:00-04:00,18.73776133433123,18.92723107120755,18.720465926626435,18.808517456054688,23100000,0.0,0.0
2017-09-25 00:00:00-04:00,18.647353264906034,18.69609651001614,18.202376591163084,18.515275955200195,38692000,0.0,0.0
2017-09-26 00:00:00-04:00,18.701600154585037,18.864339557312366,18.49955245627413,18.653642654418945,39010000,0.0,0.0
2017-09-27 00:00:00-04:00,18.828960895036857,19.07817884005666,18.756631774055204,18.913867950439453,26489000,0.0,0.0
2017-09-28 00:00:00-04:00,18.829745960712685,19.13242461463119,18.828960214718595,19.09940528869629,21932000,0.0,0.0
2017-09-29 00:00:00-04:00,19.099408578499233,19.204755541432803,18.986983902338714,19.067960739135742,17319000,0.0,0.0
2017-10-02 00:00:00-04:00,19.28573342641849,19.28573342641849,18.84861863221405,18.905223846435547,19431000,0.0,0.0
2017-10-03 00:00:00-04:00,18.87455767909653,18.94295506920484,18.702384835064215,18.828960418701172,25611000,0.0,0.0
2017-10-04 00:00:00-04:00,18.772353513774952,19.051446269939294,18.67250829843661,19.025503158569336,23271000,0.0,0.0
2017-10-05 00:00:00-04:00,19.125353381620396,19.31953915830234,19.05459723633345,19.156801223754883,22811000,0.0,0.0
2017-10-06 00:00:00-04:00,18.891856417876937,19.320323454700585,18.891856417876937,19.319536209106445,17489000,0.0,0.0
2017-10-09 00:00:00-04:00,19.339972241552466,19.438244456703124,19.292014752768466,19.37299156188965,16551000,0.0,0.0
2017-10-10 00:00:00-04:00,19.46026038964759,19.509789377922946,19.107267005301242,19.339189529418945,15348000,0.0,0.0
2017-10-11 00:00:00-04:00,19.277868785850536,19.746431355981045,19.272365564379513,19.685895919799805,26603000,0.0,0.0
2017-10-12 00:00:00-04:00,19.68746095423277,19.755072581348884,19.519218382005096,19.555383682250977,20067000,0.0,0.0
2017-10-13 00:00:00-04:00,19.66623716106115,19.720483621127112,19.455541786851498,19.494064331054688,15257000,0.0,0.0
2017-10-16 00:00:00-04:00,19.54281441917255,19.612784819621957,19.31010608100995,19.392654418945312,14899000,0.0,0.0
2017-10-17 00:00:00-04:00,19.32739897036378,19.335260930023452,19.05223638033724,19.074249267578125,26965000,0.0,0.0
2017-10-18 00:00:00-04:00,19.130065785670368,19.230696754497377,18.85254450052695,19.1827392578125,19905000,0.0,0.0
2017-10-19 00:00:00-04:00,18.932737768962614,19.21183057839906,18.739337767366532,19.205541610717773,25844000,0.0,0.0
2017-10-20 00:00:00-04:00,19.41545046911987,19.418596452587987,19.163873758722907,19.201610565185547,23548000,0.0,0.0
2017-10-23 00:00:00-04:00,19.275508012314273,19.31245906658296,19.081322289696768,19.20396614074707,23418000,0.0,0.0
2017-10-24 00:00:00-04:00,19.266863239562323,19.508219249456765,19.191389627581362,19.472055435180664,22887000,0.0,0.0
2017-10-25 00:00:00-04:00,19.330540713063474,19.570325200375436,19.200822145862983,19.325824737548828,20955000,0.0,0.0
2017-10-26 00:00:00-04:00,19.43982394148117,19.485422711916325,19.163875579833984,19.163875579833984,24446000,0.0,0.0
2017-10-27 00:00:00-04:00,19.227552362929323,19.889513372645293,19.08761160118794,19.88243865966797,44753000,0.0,0.0
2017-10-30 00:00:00-04:00,19.913882699735296,20.613580429766,19.91152396250953,20.537321090698242,50202000,0.0,0.0
2017-10-31 00:00:00-04:00,20.637170404911362,20.96736519137056,20.54282839470214,20.748022079467773,32845000,0.0,0.0
2017-11-01 00:00:00-04:00,20.773960922702543,20.884025329047955,20.19611979035899,20.384803771972656,27333000,0.0,0.0
2017-11-02 00:00:00-04:00,20.6112238302549,20.805411053660823,19.56560735579453,20.401315689086914,67196000,0.0,0.0
2017-11-03 00:00:00-04:00,20.757450823734402,21.855740625348457,20.21341627018773,21.512182235717773,120503000,0.0,0.0
2017-11-06 00:00:00-05:00,21.879331512349662,22.154494084991352,21.22916263467913,21.818010330200195,78088000,0.0,0.0
2017-11-07 00:00:00-05:00,21.42649134612277,21.5805830356925,21.033402412864366,21.330577850341797,36789000,0.0,0.0
2017-11-08 00:00:00-05:00,21.17412750961696,21.52712088027587,21.009816634387796,21.415483474731445,30254000,0.0,0.0
2017-11-09 00:00:00-05:00,21.119879803753342,21.258247558719493,20.63716640245919,20.88402557373047,30980000,0.0,0.0
2017-11-10 00:00:00-05:00,20.8958212183881,20.96264561513959,20.72364837908711,20.830568313598633,20338000,0.0,0.0
2017-11-13 00:00:00-05:00,20.63716347722021,20.910752965712593,20.562477139699432,20.83449363708496,28064000,0.0,0.0
2017-11-14 00:00:00-05:00,20.700059155782217,20.879308178464445,20.539678530198906,20.696914672851562,19718000,0.0,0.0
2017-11-15 00:00:00-05:00,20.621447412550637,20.9909520113196,20.285749389569148,20.88088607788086,29032000,0.0,0.0
2017-11-16 00:00:00-05:00,20.975228147787956,21.59237772451616,20.92098167677791,21.392688751220703,31000000,0.0,0.0
2017-11-17 00:00:00-05:00,21.36595349706199,21.39268385339858,21.103370407259852,21.373029708862305,24069000,0.0,0.0
2017-11-20 00:00:00-05:00,21.432784587892822,21.757476195495673,21.33608532681942,21.610462188720703,28639000,0.0,0.0
2017-11-21 00:00:00-05:00,21.706369576039243,21.872251940503492,21.61281332602759,21.744892120361328,20903000,0.0,0.0
2017-11-22 00:00:00-05:00,21.778695829037233,21.832942285880716,21.55463528960593,21.648977279663086,18642000,0.0,0.0
2017-11-24 00:00:00-05:00,21.75118764274741,22.248052138984857,21.73860820632388,22.200096130371094,11572000,0.0,0.0
2017-11-27 00:00:00-05:00,22.033417929922813,22.45952764610084,21.99489538629987,22.376192092895508,26230000,0.0,0.0
2017-11-28 00:00:00-05:00,22.395059698147588,22.39820418125832,21.764545099236006,21.808570861816406,26796000,0.0,0.0
2017-11-29 00:00:00-05:00,21.8557398698261,21.86674630984791,20.823488746309245,21.344724655151367,47231000,0.0,0.0
2017-11-30 00:00:00-05:00,21.366740116537326,21.8832586136242,21.23387707436984,21.85102653503418,31452000,0.0,0.0
2017-12-01 00:00:00-05:00,21.636398139164015,21.65998401187467,20.759024367635874,21.349443435668945,47729000,0.0,0.0
2017-12-04 00:00:00-05:00,21.53420157030336,21.58215757520782,20.451633859451537,20.724437713623047,48439000,0.0,0.0
2017-12-05 00:00:00-05:00,20.649750673463963,20.921767273149168,20.476004818255806,20.57034683227539,38117000,0.0,0.0
2017-12-06 00:00:00-05:00,20.348643963087184,20.78811746077613,19.984644078427166,20.746450424194336,48751000,0.0,0.0
2017-12-07 00:00:00-05:00,21.61124649200818,21.67492641580417,20.57191881870154,20.746450424194336,79282000,0.0,0.0
2017-12-08 00:00:00-05:00,20.894248543561247,20.9862318082514,20.385591976305438,20.433547973632812,41848000,0.0,0.0
2017-12-11 00:00:00-05:00,20.388739502226677,20.71972005598064,20.345499473919737,20.436697006225586,34941000,0.0,0.0
2017-12-12 00:00:00-05:00,20.390306679841185,20.50980453367863,20.10413772821312,20.33841896057129,28541000,0.0,0.0
2017-12-13 00:00:00-05:00,20.47285230260078,20.699271547905045,20.45476965298242,20.60021209716797,26943000,0.0,0.0
2017-12-14 00:00:00-05:00,20.624591413519674,20.676479145370763,20.181187704797793,20.38873863220215,37595000,0.0,0.0
2017-12-15 00:00:00-05:00,20.570345819019778,20.9123327914037,20.30383095461847,20.89110565185547,45091000,0.0,0.0
2017-12-18 00:00:00-05:00,20.899025594938873,21.091331858711197,20.781108364935733,20.92355728149414,29786000,0.175,0.0
2017-12-19 00:00:00-05:00,20.83729357329437,20.994779674053124,20.676642142742637,20.86894989013672,19094000,0.0,0.0
2017-12-20 00:00:00-05:00,21.062046588576905,21.07866570050096,20.796139288335887,21.022476196289062,19845000,0.0,0.0
2017-12-21 00:00:00-05:00,21.047005977448435,21.070748208975342,20.660808671795063,20.69721221923828,17758000,0.0,0.0
2017-12-22 00:00:00-05:00,20.720163086916873,20.842829025470426,20.473250809420104,20.762107849121094,14617000,0.0,0.0
2017-12-26 00:00:00-05:00,20.356917078635604,20.762109429437132,20.05302432499053,20.42576789855957,22256000,0.0,0.0
2017-12-27 00:00:00-05:00,20.484329986810607,20.70354374499504,20.45742242517678,20.506488800048828,35615000,0.0,0.0
2017-12-28 00:00:00-05:00,20.58879388351131,20.639442169413545,20.461379194911032,20.6093692779541,13641000,0.0,0.0
2017-12-29 00:00:00-05:00,20.55793078348654,20.73045407347899,20.310226011323795,20.33080291748047,17980000,0.0,0.0
2018-01-02 00:00:00-05:00,20.55793247179993,21.169677360848414,20.383827257470106,21.13089942932129,33135000,0.0,0.0
2018-01-03 00:00:00-05:00,21.153053622928986,21.425291548643887,21.05333896365851,21.361980438232422,31161000,0.0,0.0
2018-01-04 00:00:00-05:00,21.493348399925328,21.506802178819004,21.243269322374594,21.36910057067871,19067000,0.0,0.0
2018-01-05 00:00:00-05:00,21.52342605779108,21.704654371447255,21.32399521348924,21.4957275390625,28633000,0.0,0.0
2018-01-08 00:00:00-05:00,21.440327135665978,21.569323730056354,21.293129521661992,21.547164916992188,20971000,0.0,0.0
2018-01-09 00:00:00-05:00,21.609684895507637,21.67220505019434,21.224278534759023,21.248811721801758,26027000,0.0,0.0
2018-01-10 00:00:00-05:00,21.049381253656883,21.062044079571763,20.633901995593117,20.800094604492188,31607000,0.0,0.0
2018-01-11 00:00:00-05:00,20.858660508088295,20.88081932510945,20.698800039733907,20.853120803833008,17726000,0.0,0.0
2018-01-12 00:00:00-05:00,20.844414680771198,20.99715201733536,20.735202511469904,20.915639877319336,19881000,0.0,0.0
2018-01-16 00:00:00-05:00,20.98607513878657,21.130108968714204,20.707506487448658,20.833337783813477,33528000,0.0,0.0
2018-01-17 00:00:00-05:00,21.009813627351775,21.092909182024364,20.61253536539097,21.03592872619629,37365000,0.0,0.0
2018-01-18 00:00:00-05:00,21.008232836002612,21.372272921634078,20.93067697527299,21.351696014404297,30319000,0.0,0.0
2018-01-19 00:00:00-05:00,21.300257243920942,21.323207016848777,21.05650873812246,21.081832885742188,29963000,0.0,0.0
2018-01-22 00:00:00-05:00,21.023272279384813,21.111907558236123,20.62520297024259,20.743120193481445,27230000,0.0,0.0
2018-01-23 00:00:00-05:00,20.71383145668099,20.925132639265097,20.426557849761128,20.805633544921875,35398000,0.0,0.0
2018-01-24 00:00:00-05:00,20.65289539582188,20.834914649555053,20.259574952615313,20.327634811401367,45405000,0.0,0.0
2018-01-25 00:00:00-05:00,20.397280557738426,20.405194636764424,19.54732839516858,19.57027816772461,59520000,0.0,0.0
2018-01-26 00:00:00-05:00,19.73883643165961,19.859918928367097,19.40803620080243,19.847257614135742,49014000,0.0,0.0
2018-01-29 00:00:00-05:00,19.648621923701963,19.744380302708908,19.269547710754868,19.42624282836914,50401000,0.0,0.0
2018-01-30 00:00:00-05:00,19.09227545160425,19.391420946867733,18.7567264065087,19.070907592773438,46002000,0.0,0.0
2018-01-31 00:00:00-05:00,19.784743671425105,20.033239399853148,19.3779693898432,19.62883949279785,80482000,0.0,0.0
2018-02-01 00:00:00-05:00,19.129476425763738,19.460276808121865,18.842992172967065,18.897598266601562,66851000,0.0,0.0
2018-02-02 00:00:00-05:00,18.737726283346024,18.83190120847576,18.525634208413276,18.635637283325195,58352000,0.0,0.0
2018-02-05 00:00:00-05:00,18.572332736529013,19.309907266536925,18.012028716275044,18.051597595214844,70776000,0.0,0.0
2018-02-06 00:00:00-05:00,17.855342130193282,19.025017105377337,17.7983616493581,19.023433685302734,77744000,0.0,0.0
2018-02-07 00:00:00-05:00,18.895219487194133,19.238682618976274,18.755935942593094,18.786008834838867,40475000,0.0,0.0
2018-02-08 00:00:00-05:00,18.786798881630286,18.876225089635277,18.163183761973038,18.167932510375977,43200000,0.0,0.0
2018-02-09 00:00:00-05:00,18.422755806050237,18.76542790945314,17.905187599690354,18.637222290039062,43282000,0.0,0.0
2018-02-12 00:00:00-05:00,18.823990637626927,19.427030275265725,18.795501170280104,19.34156036376953,35063000,0.0,0.0
2018-02-13 00:00:00-05:00,19.073281186113476,19.47055941718169,18.99809971527339,19.45710563659668,23719000,0.0,0.0
2018-02-14 00:00:00-05:00,19.389047624952088,19.6779046839442,19.268756052589328,19.599557876586914,25491000,0.0,0.0
2018-02-15 00:00:00-05:00,19.727760229444936,19.930356384591438,19.343937286661568,19.9295654296875,25540000,0.0,0.0
2018-02-16 00:00:00-05:00,19.885250862631764,19.97230270858939,19.62963200993815,19.6968994140625,32639000,0.0,0.0
2018-02-20 00:00:00-05:00,19.68582027223845,20.239001243310017,19.588479971806247,19.754671096801758,41693000,0.0,0.0
2018-02-21 00:00:00-05:00,19.98180003875404,20.059355895383977,19.662077604726093,19.6755313873291,28156000,0.0,0.0
2018-02-22 00:00:00-05:00,19.715100142059086,20.030072291434898,19.647831234633184,19.733301162719727,19342000,0.0,0.0
2018-02-23 00:00:00-05:00,19.954100303850545,20.182811575266925,19.807692123623905,20.07834815979004,18280000,0.0,0.0
2018-02-26 00:00:00-05:00,19.939857313571196,20.136122859215526,19.863884868654683,20.018205642700195,28878000,0.0,0.0
2018-02-27 00:00:00-05:00,19.95014305310513,20.233460414340016,19.917695784946122,19.9279842376709,21176000,0.0,0.0
2018-02-28 00:00:00-05:00,20.107628810288087,20.14007456603045,19.46660211225915,19.504589080810547,28834000,0.0,0.0
2018-03-01 00:00:00-05:00,19.457111504072024,19.71510476823259,19.09702917711543,19.255306243896484,26044000,0.0,0.0
2018-03-02 00:00:00-05:00,19.027382463296632,19.87812701630119,19.011555816079138,19.853593826293945,27402000,0.0,0.0
2018-03-05 00:00:00-05:00,19.776825743762963,19.89078664212361,19.264004720051748,19.545740127563477,25900000,0.0,0.0
2018-03-06 00:00:00-05:00,19.730137739648146,19.88762382955133,19.57265164974496,19.8607177734375,30030000,0.0,0.0
2018-03-07 00:00:00-05:00,19.68106660596185,19.73725609808104,19.336021614315545,19.551279067993164,31549000,0.0,0.0
2018-03-08 00:00:00-05:00,19.647043676689886,19.65020900650616,19.46185754260334,19.543371200561523,33554000,0.0,0.0
2018-03-09 00:00:00-05:00,19.672367849163834,20.123459801854064,19.59718636020089,20.083890914916992,30782000,0.0,0.0
2018-03-12 00:00:00-04:00,20.627575710088905,20.916432808060847,20.546062052917108,20.80088996887207,53881000,0.0,0.0
2018-03-13 00:00:00-04:00,21.08499188432913,21.672203399926104,20.59433119974851,20.672677993774414,66855000,0.0,0.0
2018-03-14 00:00:00-04:00,20.734414087307883,20.761320145957413,20.192310968582742,20.622827529907227,39619000,0.0,0.0
2018-03-15 00:00:00-04:00,20.871318557673302,21.28046716288794,20.85311753766025,21.190248489379883,57990000,0.0,0.0
2018-03-16 00:00:00-04:00,20.813548456694754,20.861032925390138,20.133745297719024,20.170148849487305,113955000,0.0,0.0
2018-03-19 00:00:00-04:00,20.0300674017175,20.298348992063232,19.2125628261509,19.385086059570312,71267000,0.0,0.0
2018-03-20 00:00:00-04:00,19.39695944590989,19.630419440319486,19.09464864023074,19.180118560791016,61918000,0.0,0.0
2018-03-21 00:00:00-04:00,19.318230384840202,20.122018627819887,19.276475091766958,19.753448486328125,54912000,0.35,0.0
2018-03-22 00:00:00-04:00,19.434665907256548,19.811267693958104,19.39210806134421,19.558326721191406,43078000,0.0,0.0
2018-03-23 00:00:00-04:00,19.543067334965947,19.690816730346825,19.304581379861794,19.47079849243164,59070000,0.0,0.0
2018-03-26 00:00:00-04:00,19.88754998513698,19.98069571547746,19.312612455950852,19.89236831665039,48713000,0.0,0.0
2018-03-27 00:00:00-04:00,19.920476154534825,20.41591742601621,19.40014067643904,19.622568130493164,63917000,0.0,0.0
2018-03-28 00:00:00-04:00,19.599278680705382,19.828129517188717,18.91834551592388,19.005067825317383,41744000,0.0,0.0
2018-03-29 00:00:00-04:00,19.11829142549308,19.33911224306592,18.85089697208165,18.92236328125,46874000,0.0,0.0
2018-04-02 00:00:00-04:00,18.785859701116657,18.960106920740984,18.102518682108432,18.282386779785156,53088000,0.0,0.0
2018-04-03 00:00:00-04:00,18.537725340263524,19.029152120093674,18.244635789169614,19.013092041015625,45569000,0.0,0.0
2018-04-04 00:00:00-04:00,18.472688272458896,19.104638645039888,18.428525338505036,19.02996063232422,37720000,0.0,0.0
2018-04-05 00:00:00-04:00,19.332685476533666,19.406559407355687,18.870165503714855,18.975357055664062,35798000,0.0,0.0
2018-04-06 00:00:00-04:00,18.76819240310294,18.99383159469875,18.288809630528775,18.377941131591797,30248000,0.0,0.0
2018-04-09 00:00:00-04:00,18.467070049833676,19.244360772724566,18.40925618923226,18.849292755126953,37494000,0.0,0.0
2018-04-10 00:00:00-04:00,19.23632746772763,19.396925241570106,19.08376126730855,19.251585006713867,33244000,0.0,0.0
2018-04-11 00:00:00-04:00,19.1206974260094,19.329473910546632,19.037186832194507,19.297353744506836,19922000,0.0,0.0
2018-04-12 00:00:00-04:00,19.386487366588845,19.48364888860054,19.038794035317395,19.22589111328125,41036000,0.0,0.0
2018-04-13 00:00:00-04:00,20.07464527054165,20.23524304533554,19.665122323233735,19.82893180847168,48312000,0.0,0.0
2018-04-16 00:00:00-04:00,20.001579599240728,20.065818421210878,19.727761678027,20.024063110351562,25172000,0.0,0.0
2018-04-17 00:00:00-04:00,20.14611194546125,20.30349648116001,20.04573871724449,20.214365005493164,25084000,0.0,0.0
2018-04-18 00:00:00-04:00,20.15494485496116,20.2087444528009,19.87068779458422,20.041723251342773,20511000,0.0,0.0
2018-04-19 00:00:00-04:00,19.555915926500003,19.775934166875846,19.324655934118603,19.501312255859375,50141000,0.0,0.0
2018-04-20 00:00:00-04:00,19.369625553203534,19.400139102985314,18.87097107954987,19.040401458740234,41530000,0.0,0.0
2018-04-23 00:00:00-04:00,19.110258672552416,19.136757963321703,18.638906098902925,18.745702743530273,31337000,0.0,0.0
2018-04-24 00:00:00-04:00,18.92958321156699,18.960096751996936,18.202882179433228,18.33938980102539,44889000,0.0,0.0
2018-04-25 00:00:00-04:00,18.38837242126465,18.55700021649483,18.136235570395318,18.38837242126465,34023000,0.0,0.0
2018-04-26 00:00:00-04:00,18.548973076309498,18.619635302857567,18.33216653349805,18.502399444580078,32751000,0.0,0.0
2018-04-27 00:00:00-04:00,18.755338414623576,18.805926296246206,18.524880977880038,18.69190216064453,27211000,0.0,0.0
2018-04-30 00:00:00-04:00,18.67584550539552,18.7995063258516,18.333774567389025,18.422101974487305,39682000,0.0,0.0
2018-05-01 00:00:00-04:00,18.536926982226422,18.536926982226422,18.17638682567833,18.499187469482422,44947000,0.0,0.0
2018-05-02 00:00:00-04:00,18.733659435571916,18.744901188231317,18.211718950076044,18.36749839782715,52950000,0.0,0.0
2018-05-03 00:00:00-04:00,18.186831915263333,18.298446931707826,17.88089380127721,18.087261199951172,58011000,0.0,0.0
2018-05-04 00:00:00-04:00,17.95878159780478,18.636501667440445,17.82468308364538,18.510433197021484,51303000,0.0,0.0
2018-05-07 00:00:00-04:00,18.57306014172882,19.02273327458509,18.548971548893746,18.948055267333984,36953000,0.0,0.0
2018-05-08 00:00:00-04:00,18.9295957400006,19.188157694440147,18.855721771060495,19.179325103759766,40149000,0.0,0.0
2018-05-09 00:00:00-04:00,18.93440774325019,19.20180219897099,18.793885821283137,19.115079879760742,35031000,0.0,0.0
2018-05-10 00:00:00-04:00,19.249978014069818,19.571172023979837,19.16004399760978,19.55350685119629,25747000,0.0,0.0
2018-05-11 00:00:00-04:00,19.51897743326631,19.6330015653634,19.400134970236937,19.543066024780273,24052000,0.0,0.0
2018-05-14 00:00:00-04:00,19.775937181627274,19.947775198254774,19.57679579394334,19.65388298034668,27580000,0.0,0.0
2018-05-15 00:00:00-04:00,19.457148884440844,19.628184326314035,19.151210889975424,19.398530960083008,24984000,0.0,0.0
2018-05-16 00:00:00-04:00,19.44350506949348,19.449125947422463,19.19056403111477,19.312618255615234,29330000,0.0,0.0
2018-05-17 00:00:00-04:00,19.120704235402123,19.404961373475846,19.11106756952878,19.227500915527344,22825000,0.0,0.0
2018-05-18 00:00:00-04:00,19.260421854225786,19.32144896052389,18.940832856838174,18.94966697692871,25262000,0.0,0.0
2018-05-21 00:00:00-04:00,19.22830426414431,19.311814891189915,19.004271683692366,19.195383071899414,25720000,0.0,0.0
2018-05-22 00:00:00-04:00,19.290929683965555,19.381666240027613,19.077334875293445,19.150407791137695,19218000,0.0,0.0
2018-05-23 00:00:00-04:00,18.96893417440965,19.32224837891267,18.952875621330307,19.316627502441406,23454000,0.0,0.0
2018-05-24 00:00:00-04:00,19.340719253199925,19.621764631932585,19.271662108652063,19.555116653442383,22799000,0.0,0.0
2018-05-25 00:00:00-04:00,19.596063854708394,20.129247573060734,19.596063854708394,20.07705307006836,32214000,0.0,0.0
2018-05-29 00:00:00-04:00,19.965441943379563,20.16377925505253,19.951791023612294,20.049755096435547,28281000,0.0,0.0
2018-05-30 00:00:00-04:00,20.16940128025027,20.23765435139845,20.02084930713575,20.026470184326172,26844000,0.0,0.0
2018-05-31 00:00:00-04:00,20.01522467828859,20.499424102343507,19.99434626316668,20.240863800048828,34698000,0.0,0.0
2018-06-01 00:00:00-04:00,20.42555161504883,20.692946054424514,20.27860474879284,20.583740234375,26360000,0.0,0.0
2018-06-04 00:00:00-04:00,20.717031249623275,20.82623858332155,20.574902738461677,20.746742248535156,25886000,0.0,0.0
2018-06-05 00:00:00-04:00,20.834269154021207,20.986034342146475,20.720246541215303,20.81821060180664,42374000,0.0,0.0
2018-06-06 00:00:00-04:00,20.937052171038047,21.181160550872757,20.8543456470491,21.160282135009766,37465000,0.0,0.0
2018-06-07 00:00:00-04:00,21.118523058620255,21.397963267562286,21.11209963869127,21.25342559814453,46077000,0.0,0.0
2018-06-08 00:00:00-04:00,20.615858172287457,20.87201084989314,20.374963034229676,20.71462631225586,73694000,0.0,0.0
2018-06-11 00:00:00-04:00,20.705794995636126,21.022172266354378,20.5821356993308,20.94428253173828,31859000,0.0,0.0
2018-06-12 00:00:00-04:00,20.904132842698072,21.016550379392097,20.749155925763535,20.992460250854492,27594000,0.0,0.0
2018-06-13 00:00:00-04:00,21.01895542128002,21.36504208268883,20.934640753728786,21.165098190307617,34868000,0.0,0.0
2018-06-14 00:00:00-04:00,21.279121737237475,21.60593659687248,21.206852899377562,21.556955337524414,37042000,0.0,0.0
2018-06-15 00:00:00-04:00,21.683829603163698,21.825958134995,21.38592162080357,21.699087142944336,60969000,0.0,0.0
2018-06-18 00:00:00-04:00,21.600322104100716,21.600322104100716,21.217298375520258,21.23897933959961,30191000,0.0,0.0
2018-06-19 00:00:00-04:00,20.832101716027744,21.249557895441807,20.6815576678053,21.234909057617188,36221000,0.35,0.0
2018-06-20 00:00:00-04:00,21.27966290767821,21.48472953636508,21.217817441123636,21.256877899169922,24951000,0.0,0.0
2018-06-21 00:00:00-04:00,21.286175019458664,21.36673585986817,21.030655416458966,21.129119873046875,18186000,0.0,0.0
2018-06-22 00:00:00-04:00,21.253623985086097,21.279663774139806,21.072970523350413,21.134002685546875,52412000,0.0,0.0
2018-06-25 00:00:00-04:00,20.866274593382357,20.866274593382357,20.37883532161009,20.540773391723633,29705000,0.0,0.0
2018-06-26 00:00:00-04:00,20.587968045982617,20.718983372979036,20.388599258115036,20.469160079956055,24233000,0.0,0.0
2018-06-27 00:00:00-04:00,20.513919936291664,20.763743267729357,20.08751279416127,20.108671188354492,24720000,0.0,0.0
2018-06-28 00:00:00-04:00,20.041129526288355,20.12575999906735,19.714813445940337,19.928831100463867,33238000,0.0,0.0
2018-06-29 00:00:00-04:00,20.095644511987373,20.095644511987373,19.739220665638367,19.744916915893555,42794000,0.0,0.0
2018-07-02 00:00:00-04:00,19.537417699055954,19.710746742996523,19.320145249887215,19.69691276550293,33369000,0.0,0.0
2018-07-03 00:00:00-04:00,19.803516166317696,19.805957639215425,19.448718779355605,19.472318649291992,11591000,0.0,0.0
2018-07-05 00:00:00-04:00,19.675753494967083,19.986607416510523,19.585426775017105,19.969518661499023,25299000,0.0,0.0
2018-07-06 00:00:00-04:00,19.928838176189682,20.22992788297003,19.889777705329088,20.155061721801758,23112000,0.0,0.0
2018-07-09 00:00:00-04:00,20.26246932332006,20.281186244326943,19.98009665519337,20.13471031188965,17955000,0.0,0.0
2018-07-10 00:00:00-04:00,20.208764182040944,20.49032357956016,20.10379016420001,20.38941764831543,16413000,0.0,0.0
2018-07-11 00:00:00-04:00,19.932901891530644,20.143663226733118,19.742482540709673,19.81002426147461,35761000,0.0,0.0
2018-07-12 00:00:00-04:00,16.85121050918172,17.111611425382026,16.068379595206988,17.08719825744629,435083000,0.0,0.0
2018-07-13 00:00:00-04:00,17.29227437142802,17.41433717421555,16.429695472668357,16.475265502929688,161678000,0.0,0.0
2018-07-16 00:00:00-04:00,16.405278733475146,16.794253624724693,16.318206779346387,16.539548873901367,102277000,0.0,0.0
2018-07-17 00:00:00-04:00,16.454918463966727,17.014780934064476,16.438643013157368,16.95130729675293,110827000,0.0,0.0
2018-07-18 00:00:00-04:00,16.862607736494958,17.07906687361156,16.814596245910295,16.989553451538086,80834000,0.0,0.0
2018-07-19 00:00:00-04:00,16.949679402829283,17.209267080817522,16.929335866910215,17.118940353393555,63247000,0.0,0.0
2018-07-20 00:00:00-04:00,17.09696949347598,17.18729622534737,16.987925838454597,17.115686416625977,62893000,0.0,0.0
2018-07-23 00:00:00-04:00,17.122194439896724,17.791913797103348,17.12138113308432,17.63567352294922,82211000,0.0,0.0
2018-07-24 00:00:00-04:00,17.723560555688906,17.93432189759156,17.577084604896967,17.686126708984375,81158000,0.0,0.0
2018-07-25 00:00:00-04:00,17.716236312818083,18.606482979244646,17.716236312818083,18.388397216796875,92271000,0.0,0.0
2018-07-26 00:00:00-04:00,18.4315231840302,18.69762040236777,18.03034253744077,18.161357879638672,85069000,0.0,0.0
2018-07-27 00:00:00-04:00,18.228902180912836,18.658565735893003,17.908283844820726,17.9880313873291,79443000,0.0,0.0
2018-07-30 00:00:00-04:00,17.992909894048296,18.555213744073942,17.988026949189774,18.324920654296875,75275000,0.0,0.0
2018-07-31 00:00:00-04:00,18.446175826985467,18.621947927414816,18.027906303624118,18.04662322998047,63860000,0.0,0.0
2018-08-01 00:00:00-04:00,18.167872132504154,18.223206498541483,17.593362312706137,17.642187118530273,42669000,0.0,0.0
2018-08-02 00:00:00-04:00,17.436305062539045,17.76099300913521,17.353302747333693,17.605566024780273,40312000,0.0,0.0
2018-08-03 00:00:00-04:00,17.556740078389407,17.739833454449155,17.446883121486174,17.72437286376953,24832000,0.0,0.0
2018-08-06 00:00:00-04:00,17.62835054594797,17.7650606029912,17.565691769803156,17.654390335083008,22638000,0.0,0.0
2018-08-07 00:00:00-04:00,17.8391102123453,18.052312984508625,17.669849285385673,17.92780876159668,29798000,0.0,0.0
2018-08-08 00:00:00-04:00,17.946525557453224,18.002673211696514,17.817138390818002,17.858638763427734,15801000,0.0,0.0
2018-08-09 00:00:00-04:00,17.91478977556467,17.922927499984045,17.57219980370389,17.62428092956543,27563000,0.0,0.0
2018-08-10 00:00:00-04:00,17.317498100511656,17.453394862562043,17.126265423611116,17.270299911499023,37017000,0.0,0.0
2018-08-13 00:00:00-04:00,17.223102638528292,17.412707142414,17.125451484196894,17.17671775817871,29842000,0.0,0.0
2018-08-14 00:00:00-04:00,17.217403596735284,17.217403596735284,16.831683539751424,16.869115829467773,36327000,0.0,0.0
2018-08-15 00:00:00-04:00,16.692531226807418,16.891900028234456,16.500485290348326,16.81052589416504,41132000,0.0,0.0
2018-08-16 00:00:00-04:00,16.90736654491037,16.99606511901578,16.81948127776475,16.98223114013672,29239000,0.0,0.0
2018-08-17 00:00:00-04:00,16.92363925888509,17.185666851899168,16.723455579173024,17.02942657470703,39093000,0.0,0.0
2018-08-20 00:00:00-04:00,17.04651183560652,17.088827063681563,16.751933404516098,16.821916580200195,54489000,0.0,0.0
2018-08-21 00:00:00-04:00,16.887020717103734,17.2060108387054,16.853656510924534,17.130332946777344,29952000,0.0,0.0
2018-08-22 00:00:00-04:00,17.125449746596303,17.227982284156674,16.87969604791902,16.888647079467773,26890000,0.0,0.0
2018-08-23 00:00:00-04:00,16.904109102908496,17.01396605756843,16.704738729167367,16.729965209960938,35578000,0.0,0.0
2018-08-24 00:00:00-04:00,16.79180589422702,17.029421798857836,16.655909190637967,17.007450103759766,20541000,0.0,0.0
2018-08-27 00:00:00-04:00,17.109174732892985,17.44444185982062,16.977347624704493,17.330516815185547,28213000,0.0,0.0
2018-08-28 00:00:00-04:00,17.4655937325711,17.57382404628663,17.29796099286827,17.44931983947754,24340000,0.0,0.0
2018-08-29 00:00:00-04:00,17.48025055587086,17.560811407877175,17.369578719568104,17.494897842407227,18125000,0.0,0.0
2018-08-30 00:00:00-04:00,17.493264682342453,17.65357458570408,17.463970117632694,17.629976272583008,26529000,0.0,0.0
2018-08-31 00:00:00-04:00,17.579522946332112,17.847246765384902,17.564874112172333,17.82364845275879,27623000,0.0,0.0
2018-09-04 00:00:00-04:00,17.78784269510359,17.926180895327988,17.6690347215554,17.856199264526367,36663000,0.0,0.0
2018-09-05 00:00:00-04:00,17.898517584569024,18.04906162039371,17.868408156559134,18.018138885498047,37194000,0.0,0.0
2018-09-06 00:00:00-04:00,18.024645699203248,18.132061172034042,17.407820813244154,17.57464027404785,62509000,0.0,0.0
2018-09-07 00:00:00-04:00,18.244363339102744,19.15658173887475,18.2280878878473,18.926288604736328,104703000,0.0,0.0
2018-09-10 00:00:00-04:00,19.095544619670715,19.60739547762332,18.8831551578484,19.579729080200195,60880000,0.0,0.0
2018-09-11 00:00:00-04:00,19.342931533171534,19.50568138996181,18.74889152926771,18.923847198486328,60755000,0.0,0.0
2018-09-12 00:00:00-04:00,18.5617252865384,18.785507289720087,18.132878202725244,18.707387924194336,53077000,0.0,0.0
2018-09-13 00:00:00-04:00,19.016612816179716,19.46661982617137,18.80747810686755,19.157392501831055,43757000,0.0,0.0
2018-09-14 00:00:00-04:00,19.136244359408323,19.293298013441238,19.016621461506713,19.232267379760742,28095000,0.0,0.0
2018-09-17 00:00:00-04:00,19.530097454851443,19.554510635430574,19.067071195688914,19.109386444091797,36739000,0.0,0.0
2018-09-18 00:00:00-04:00,19.26679545692509,19.791507683857574,19.25613682932701,19.654590606689453,50511000,0.175,0.0
2018-09-19 00:00:00-04:00,19.71525864724859,19.88087080185808,19.65786688770406,19.8234806060791,31160000,0.0,0.0
2018-09-20 00:00:00-04:00,19.921863634263254,20.17192225978442,19.817741867236577,20.080917358398438,39986000,0.0,0.0
2018-09-21 00:00:00-04:00,20.1957005957979,20.395748462647465,20.10141646472345,20.340816497802734,135321000,0.0,0.0
2018-09-24 00:00:00-04:00,20.336723313576574,20.50479534245877,20.27605387578368,20.45150375366211,45326000,0.0,0.0
2018-09-25 00:00:00-04:00,20.412967523876755,20.443301455738812,20.152250209938746,20.303924560546875,47037000,0.0,0.0
2018-09-26 00:00:00-04:00,20.139130972312877,20.336719047025568,20.070262722709803,20.12191390991211,33428000,0.0,0.0
2018-09-27 00:00:00-04:00,20.143227990366505,20.32277799727779,20.079277794557125,20.205537796020508,29572000,0.0,0.0
2018-09-28 00:00:00-04:00,20.130931302237226,20.248171507948943,19.992373842523907,20.22849464416504,26739000,0.0,0.0
2018-10-01 00:00:00-04:00,20.322779227899485,20.672041613235894,20.30556216717087,20.456417083740234,27709000,0.0,0.0
2018-10-02 00:00:00-04:00,20.42608239153775,20.636787322279847,20.326059239995868,20.340816497802734,24888000,0.0,0.0
2018-10-03 00:00:00-04:00,20.399026760245555,20.605631487762754,20.253910864780305,20.449037551879883,19607000,0.0,0.0
2018-10-04 00:00:00-04:00,20.22275895772845,20.474456470983856,20.185045614161382,20.3465576171875,25660000,0.0,0.0
2018-10-05 00:00:00-04:00,20.3645964915235,20.50069261203637,19.873497336613802,20.02353286743164,33860000,0.0,0.0
2018-10-08 00:00:00-04:00,19.948102904389565,20.121094505564383,19.707883443995705,19.78904914855957,33397000,0.0,0.0
2018-10-09 00:00:00-04:00,19.725099828034356,20.14650969965225,19.707063352921768,20.062063217163086,24675000,0.0,0.0
2018-10-10 00:00:00-04:00,19.91694843900677,20.09239984781769,18.99132255124793,19.006900787353516,56327000,0.0,0.0
2018-10-11 00:00:00-04:00,19.01838076815939,19.315990473533194,18.626485350728753,18.766681671142578,37424000,0.0,0.0
2018-10-12 00:00:00-04:00,19.247121412365832,19.32172868895324,18.78389795203149,19.098726272583008,32589000,0.0,0.0
2018-10-15 00:00:00-04:00,18.94130851796849,19.29385010205809,18.8601412617001,19.059368133544922,30099000,0.0,0.0
2018-10-16 00:00:00-04:00,19.348781376796264,19.575062968495367,19.199565287554712,19.538990020751953,30355000,0.0,0.0
2018-10-17 00:00:00-04:00,19.655410537891765,19.655410537891765,19.178249326372175,19.444704055786133,20262000,0.0,0.0
2018-10-18 00:00:00-04:00,19.302050766849973,19.416011772752196,18.572372563736867,18.69453239440918,37442000,0.0,0.0
2018-10-19 00:00:00-04:00,18.85686813476035,18.946232679446144,18.60517058887962,18.715850830078125,32231000,0.0,0.0
2018-10-22 00:00:00-04:00,18.902772821508133,19.05608752253407,18.696168118426325,18.74371910095215,25619000,0.0,0.0
2018-10-23 00:00:00-04:00,18.2673829557971,18.819151493372466,17.940257206478904,18.77897834777832,35990000,0.0,0.0
2018-10-24 00:00:00-04:00,18.56171455927682,18.562535536417585,17.859912024031487,17.93124008178711,37810000,0.0,0.0
2018-10-25 00:00:00-04:00,18.027169404685633,18.314941516062476,17.96731937333812,18.220657348632812,35193000,0.0,0.0
2018-10-26 00:00:00-04:00,17.67379920064389,17.818915097229663,17.15154679384374,17.475393295288086,53324000,0.0,0.0
2018-10-29 00:00:00-04:00,17.7246324537755,17.929598373558097,17.07202135300165,17.340116500854492,28636000,0.0,0.0
2018-10-30 00:00:00-04:00,17.52705075918055,18.16490477665884,17.299128693861213,18.11981201171875,29697000,0.0,0.0
2018-10-31 00:00:00-04:00,18.446934036839334,18.501864444207637,18.17719848022003,18.323135375976562,28146000,0.0,0.0
2018-11-01 00:00:00-04:00,18.460051071276784,19.203667084794017,18.341989876715516,18.847026824951172,36830000,0.0,0.0
2018-11-02 00:00:00-04:00,18.473988967898148,18.526459567561226,17.85253121374953,18.100130081176758,40241000,0.0,0.0
2018-11-05 00:00:00-05:00,17.956654487385766,18.127186281216414,17.521306765133346,18.04438018798828,27609000,0.0,0.0
2018-11-06 00:00:00-05:00,18.0615967784753,18.787995709904738,18.01404422388477,18.713388442993164,29464000,0.0,0.0
2018-11-07 00:00:00-05:00,19.020017513114205,19.290572471915052,18.792095504299127,19.217605590820312,29004000,0.0,0.0
2018-11-08 00:00:00-05:00,19.079046715675265,19.89153094593347,19.079046715675265,19.697223663330078,29796000,0.0,0.0
2018-11-09 00:00:00-05:00,19.266794049366002,19.596379557430158,19.065107371837705,19.59391975402832,33611000,0.0,0.0
2018-11-12 00:00:00-05:00,18.93884904456635,19.01017708858282,18.059954872403043,18.334609985351562,50306000,0.0,0.0
2018-11-13 00:00:00-05:00,18.48710774551732,18.8421092164033,18.227211396522403,18.43299674987793,26697000,0.0,0.0
2018-11-14 00:00:00-05:00,18.591228861011782,18.90031656041783,18.49776414096382,18.545316696166992,25411000,0.0,0.0
2018-11-15 00:00:00-05:00,18.546960126599217,19.620161937540356,18.517445602948673,19.376663208007812,36694000,0.0,0.0
2018-11-16 00:00:00-05:00,19.17004781273864,19.61113445136221,18.992138213685212,19.480775833129883,36005000,0.0,0.0
2018-11-19 00:00:00-05:00,19.392236691844,19.765274626178574,18.73716574718077,18.785537719726562,35326000,0.0,0.0
2018-11-20 00:00:00-05:00,18.360022056440254,18.781433399422742,18.248520885730642,18.669111251831055,32123000,0.0,0.0
2018-11-21 00:00:00-05:00,18.874901405010505,19.12823929852596,18.652718419383746,18.85686492919922,19926000,0.0,0.0
2018-11-23 00:00:00-05:00,18.658458469868762,19.077408577180886,18.658458469868762,18.84866714477539,8066000,0.0,0.0
2018-11-26 00:00:00-05:00,19.202848906846075,19.525055063278224,18.9839451294763,19.292213439941406,28714000,0.0,0.0
2018-11-27 00:00:00-05:00,19.15037684456099,19.543091646329753,19.055273289888305,19.33484649658203,30406000,0.0,0.0
2018-11-28 00:00:00-05:00,19.38977667697671,19.512755922297917,18.989684032063344,19.284833908081055,31080000,0.0,0.0
2018-11-29 00:00:00-05:00,19.20694514563963,19.564406361039413,19.083144937840643,19.33074378967285,17920000,0.0,0.0
2018-11-30 00:00:00-05:00,19.299590967493884,19.535710221225187,19.134798199591106,19.46438217163086,40083000,0.0,0.0
2018-12-03 00:00:00-05:00,20.10305645089489,20.25391137033441,19.79724641818394,19.846439361572266,35241000,0.0,0.0
2018-12-04 00:00:00-05:00,19.716898760371304,19.769370916912074,18.986401272472182,19.02411460876465,36455000,0.0,0.0
2018-12-06 00:00:00-05:00,18.54859233174425,18.63139840788904,17.841049415978397,18.630578994750977,57859000,0.0,0.0
2018-12-07 00:00:00-05:00,19.188906868046104,19.535707859659325,18.405937243719507,18.738801956176758,78396000,0.0,0.0
2018-12-10 00:00:00-05:00,18.688792906545057,19.702963892403094,18.570731709324345,19.615238189697266,43344000,0.0,0.0
2018-12-11 00:00:00-05:00,19.96039923684453,20.524465153790036,19.95711845645654,20.237512588500977,57730000,0.0,0.0
2018-12-12 00:00:00-05:00,20.696637304149256,21.33203131243704,20.660564354837547,20.904882431030273,68703000,0.0,0.0
2018-12-13 00:00:00-05:00,21.19019858713923,21.439436298696847,20.872091058507582,21.177080154418945,54355000,0.0,0.0
2018-12-14 00:00:00-05:00,20.936040027415864,21.446816041537748,20.876190011531055,20.892587661743164,42727000,0.0,0.0
2018-12-17 00:00:00-05:00,20.823715593739998,21.424675446437405,20.749108331834176,20.835193634033203,56238000,0.0,0.0
2018-12-18 00:00:00-05:00,21.1334525573606,21.175706700425156,20.613982123113804,20.685232162475586,51849000,0.265,0.0
2018-12-19 00:00:00-05:00,20.629722688660735,21.203875877860032,20.092853774851353,20.206357955932617,59728000,0.0,0.0
2018-12-20 00:00:00-05:00,20.24861240767696,20.588298488529762,19.755652144303674,20.04065704345703,75365000,0.0,0.0
2018-12-21 00:00:00-05:00,20.0406607852539,20.85673684369987,20.0406607852539,20.290868759155273,102138000,0.0,0.0
2018-12-24 00:00:00-05:00,20.049771289324404,20.19061684888658,19.346371539322995,19.370397567749023,28494000,0.0,0.0
2018-12-26 00:00:00-05:00,19.70014502600891,20.588300694951247,19.345546144916895,20.558473587036133,36741000,0.0,0.0
2018-12-27 00:00:00-05:00,20.29832363171967,20.814480334045626,20.061372353711864,20.782997131347656,37507000,0.0,0.0
2018-12-28 00:00:00-05:00,20.96112045780574,21.380343309430092,20.808675928146315,21.01000213623047,28702000,0.0,0.0
2018-12-31 00:00:00-05:00,21.361292758092173,21.41680198906692,20.791281364744258,21.06717300415039,26590000,0.0,0.0
2019-01-02 00:00:00-05:00,20.617297744971257,21.101971250865386,20.421770982606752,21.003379821777344,30346000,0.0,0.0
2019-01-03 00:00:00-05:00,20.26187011627467,20.425913682603383,19.082911575697615,19.135107040405273,68580000,0.0,0.0
2019-01-04 00:00:00-05:00,19.41099941018688,19.589955747153315,19.193930743116454,19.323177337646484,54248000,0.0,0.0
2019-01-07 00:00:00-05:00,19.35797446150094,19.90395832518403,19.118537435685475,19.716716766357422,53433000,0.0,0.0
2019-01-08 00:00:00-05:00,19.893186353717525,20.041489106764423,19.33477547821477,19.5584716796875,36795000,0.0,0.0
2019-01-09 00:00:00-05:00,19.753172471032475,20.437516289849086,19.705948446108753,20.404376983642578,52971000,0.0,0.0
2019-01-10 00:00:00-05:00,20.345552365871423,20.759803964667146,20.245304819010144,20.67281150817871,29594000,0.0,0.0
2019-01-11 00:00:00-05:00,20.66535572308728,20.954502527277654,20.656240873235006,20.759803771972656,20158000,0.0,0.0
2019-01-14 00:00:00-05:00,20.55599422016973,20.84348494068847,20.372894451002445,20.78466033935547,25498000,0.0,0.0
2019-01-15 00:00:00-05:00,20.941240233779926,21.72500491327007,20.879103459368547,21.250272750854492,39247000,0.0,0.0
2019-01-16 00:00:00-05:00,21.309096268573533,21.321524887951373,20.82525082730397,20.85342025756836,24484000,0.0,0.0
2019-01-17 00:00:00-05:00,20.717547622902256,21.321526420010965,20.606527569865747,21.1541690826416,35154000,0.0,0.0
2019-01-18 00:00:00-05:00,21.468995099492247,21.701804521265426,21.292524530629688,21.609012603759766,34634000,0.0,0.0
2019-01-22 00:00:00-05:00,21.37537310417973,21.496334445595334,21.118537660669467,21.39940071105957,37156000,0.0,0.0
2019-01-23 00:00:00-05:00,21.502966760068713,21.61647094787071,21.014977922745928,21.335609436035156,31771000,0.0,0.0
2019-01-24 00:00:00-05:00,21.631387348289746,22.100320101733967,21.541081127633507,21.8351993560791,35999000,0.0,0.0
2019-01-25 00:00:00-05:00,21.969415963632585,22.229565243669366,21.616473164509873,22.198911666870117,30333000,0.0,0.0
2019-01-28 00:00:00-05:00,21.670323742002083,22.274302481448213,21.429229074938203,22.172395706176758,31320000,0.0,0.0
2019-01-29 00:00:00-05:00,22.150031711726694,22.170743973951677,21.85839762355852,22.064695358276367,27870000,0.0,0.0
2019-01-30 00:00:00-05:00,22.369581220004438,22.680269848060057,22.15168452431895,22.437519073486328,28727000,0.0,0.0
2019-01-31 00:00:00-05:00,22.415981326773107,22.45243598418544,22.067181887814467,22.224597930908203,21063000,0.0,0.0
2019-02-01 00:00:00-05:00,22.29915820774981,22.336439324385093,21.94621544930877,22.105287551879883,22878000,0.0,0.0
2019-02-04 00:00:00-05:00,22.162456818830968,22.546882819573444,21.951189234183193,22.545225143432617,20761000,0.0,0.0
2019-02-05 00:00:00-05:00,22.531972867783796,22.753183391914515,22.3621297708588,22.369586944580078,22619000,0.0,0.0
2019-02-06 00:00:00-05:00,22.640506155285614,23.198089074374856,22.59742395193591,22.88408660888672,27064000,0.0,0.0
2019-02-07 00:00:00-05:00,22.60654000270031,22.748215252464153,22.063041735171506,22.2941951751709,28646000,0.0,0.0
2019-02-08 00:00:00-05:00,22.148368933850932,22.725007852468288,22.125999000493078,22.705951690673828,23903000,0.0,0.0
2019-02-11 00:00:00-05:00,22.73411871260851,22.866679042574663,22.641325217437174,22.843481063842773,18012000,0.0,0.0
2019-02-12 00:00:00-05:00,23.086238033572887,23.230397391874863,22.954505715738392,23.147546768188477,19809000,0.0,0.0
2019-02-13 00:00:00-05:00,23.198086956167998,23.37704329828192,23.029901558969122,23.307449340820312,19190000,0.0,0.0
2019-02-14 00:00:00-05:00,23.247791787569195,23.43337721516189,23.11108962576232,23.322357177734375,16015000,0.0,0.0
2019-02-15 00:00:00-05:00,23.53694085301169,23.53694085301169,23.09783371656111,23.35798454284668,17352000,0.0,0.0
2019-02-19 00:00:00-05:00,23.293362917104755,23.43255240207459,23.210512296568165,23.335617065429688,15152000,0.0,0.0
2019-02-20 00:00:00-05:00,23.467343106913045,23.747376517642394,23.38697823190076,23.481426239013672,16150000,0.0,0.0
2019-02-21 00:00:00-05:00,23.46651621459527,23.475629481234897,23.109431658322883,23.27596092224121,13254000,0.0,0.0
2019-02-22 00:00:00-05:00,23.193942305466987,23.198084125181946,22.755663192103782,22.90810775756836,27225000,0.0,0.0
2019-02-25 00:00:00-05:00,23.262708530702657,23.266851931000893,23.072153203333112,23.082096099853516,19245000,0.0,0.0
2019-02-26 00:00:00-05:00,23.02658717810938,23.033216303083726,22.738268439177507,22.783836364746094,27211000,0.0,0.0
2019-02-27 00:00:00-05:00,22.636359941404624,22.79211828169053,22.334784576486673,22.49302864074707,29146000,0.0,0.0
2019-02-28 00:00:00-05:00,22.367098755467595,22.842659058408646,22.256080271702267,22.813661575317383,31460000,0.0,0.0
2019-03-01 00:00:00-05:00,23.01001321414152,23.045638234471415,22.4632013890549,22.5974178314209,19035000,0.0,0.0
2019-03-04 00:00:00-05:00,22.783832505802568,22.914736763636963,22.440832630331833,22.77471923828125,17382000,0.0,0.0
2019-03-05 00:00:00-05:00,22.825258389576607,23.234540046589895,22.744893492611496,22.950363159179688,21699000,0.0,0.0
2019-03-06 00:00:00-05:00,22.921367223929824,22.943737161756708,22.409352279362924,22.48143196105957,19973000,0.0,0.0
2019-03-07 00:00:00-05:00,22.384501265551272,22.396929889282774,21.879115340733744,21.997591018676758,25411000,0.0,0.0
2019-03-08 00:00:00-05:00,21.670321265825056,21.93544193241773,21.474794537176383,21.88821792602539,22167000,0.0,0.0
2019-03-11 00:00:00-04:00,21.946216664411626,22.415149358998892,21.876622714448786,22.291702270507812,27161000,0.0,0.0
2019-03-12 00:00:00-04:00,22.34969916734495,22.37206910470018,21.894851148928346,22.33892822265625,23324000,0.0,0.0
2019-03-13 00:00:00-04:00,22.411830798717485,22.624756003131566,22.28838373660156,22.469825744628906,32089000,0.0,0.0
2019-03-14 00:00:00-04:00,22.54274285808676,22.556827576577696,22.19477145716419,22.220455169677734,43094000,0.0,0.0
2019-03-15 00:00:00-04:00,23.733300994166346,24.8178116226239,23.488064455370672,24.050617218017578,144066000,0.0,0.0
2019-03-18 00:00:00-04:00,24.04565019293354,24.604889249329823,24.043992516425433,24.34473991394043,56746000,0.0,0.0
2019-03-19 00:00:00-04:00,24.3712454860627,24.936283896350822,24.367102085967122,24.797924041748047,51556000,0.0,0.0
2019-03-20 00:00:00-04:00,24.90993242580927,24.993523124089158,24.26545067710366,24.327308654785156,41263000,0.265,0.0
2019-03-21 00:00:00-04:00,24.398362337333214,25.02445480564364,24.3248033439989,24.809627532958984,27379000,0.0,0.0
2019-03-22 00:00:00-04:00,24.736063024463174,24.779530057807353,24.358234809379105,24.462722778320312,23307000,0.0,0.0
2019-03-25 00:00:00-04:00,24.425107746538643,24.590616655825702,24.15761879347187,24.421764373779297,23878000,0.0,0.0
2019-03-26 00:00:00-04:00,24.60649657086625,25.032807634019154,24.5947939705022,24.828845977783203,28009000,0.0,0.0
2019-03-27 00:00:00-04:00,24.873988387010623,24.966773756233916,24.446841829618677,24.740243911743164,21862000,0.0,0.0
2019-03-28 00:00:00-04:00,24.835537960514806,25.352961974649237,24.715166972516258,24.999374389648438,33030000,0.0,0.0
2019-03-29 00:00:00-04:00,25.179096668310773,25.30030311457668,24.933340402573574,25.136465072631836,24493000,0.0,0.0
2019-04-01 00:00:00-04:00,25.337081885901572,25.641349555987937,25.056217826846428,25.56110382080078,27040000,0.0,0.0
2019-04-02 00:00:00-04:00,25.59203269225838,25.691506415265987,25.295287195734478,25.332067489624023,22857000,0.0,0.0
2019-04-03 00:00:00-04:00,25.597048255592075,25.695684938398752,25.229250103996304,25.42819595336914,22266000,0.0,0.0
2019-04-04 00:00:00-04:00,25.474174117990867,25.578662115526217,25.216715220133107,25.244300842285156,15228000,0.0,0.0
2019-04-05 00:00:00-04:00,25.411476005225573,25.448256296539487,25.227577737376055,25.43488121032715,18875000,0.0,0.0
2019-04-08 00:00:00-04:00,25.42317805997994,25.520143845620005,25.24429565260945,25.45159912109375,13899000,0.0,0.0
2019-04-09 00:00:00-04:00,25.292779761027784,25.42067295588853,25.101357691099448,25.365503311157227,11621000,0.0,0.0
2019-04-10 00:00:00-04:00,25.37804231295637,25.726614077939676,25.327886932205303,25.704879760742188,14992000,0.0,0.0
2019-04-11 00:00:00-04:00,25.758377441358864,25.928900626854663,25.597882780619205,25.86370086669922,16669000,0.0,0.0
2019-04-12 00:00:00-04:00,26.025871216697485,26.53493612742215,25.96066985015698,26.50066375732422,30087000,0.0,0.0
2019-04-15 00:00:00-04:00,26.500657850170274,26.541618552808863,26.177999246126657,26.447996139526367,16216000,0.0,0.0
2019-04-16 00:00:00-04:00,26.748926150755516,26.749761595521978,26.42292412348846,26.6235408782959,21116000,0.0,0.0
2019-04-17 00:00:00-04:00,26.768984309469722,26.8275005144965,26.568369164624503,26.793228149414062,18138000,0.0,0.0
2019-04-18 00:00:00-04:00,26.835855102706084,26.953716566636107,26.595114724126546,26.63356590270996,26548000,0.0,0.0
2019-04-22 00:00:00-04:00,26.524902668356454,26.572548527079647,26.264100423736505,26.33097267150879,13504000,0.0,0.0
2019-04-23 00:00:00-04:00,26.478092408877608,26.589267142787307,26.263265132289902,26.384469985961914,19777000,0.0,0.0
2019-04-24 00:00:00-04:00,26.295868289511716,26.49899298782834,26.179677684069713,26.27497100830078,23335000,0.0,0.0
2019-04-25 00:00:00-04:00,26.159610983789076,26.159610983789076,25.62630392067302,26.065153121948242,26732000,0.0,0.0
2019-04-26 00:00:00-04:00,25.84197079907106,25.992432167428728,25.504264577711297,25.947294235229492,16404000,0.0,0.0
2019-04-29 00:00:00-04:00,26.016670000771565,26.303383750560982,25.949797761393167,26.140382766723633,13404000,0.0,0.0
2019-04-30 00:00:00-04:00,26.190540385185507,26.616849951260246,26.124503584764955,26.61517906188965,18953000,0.0,0.0
2019-05-01 00:00:00-04:00,26.79072312242538,27.01641758979093,26.639424699339994,26.656978607177734,18158000,0.0,0.0
2019-05-02 00:00:00-04:00,26.747249854125794,26.93198675459583,26.26660611248481,26.39951515197754,20428000,0.0,0.0
2019-05-03 00:00:00-04:00,26.32679444995072,26.468898178980997,25.970698885457413,26.390321731567383,19214000,0.0,0.0
2019-05-06 00:00:00-04:00,25.644697102162596,26.07435166646218,25.52432609573739,26.04425811767578,14371000,0.0,0.0
2019-05-07 00:00:00-04:00,25.800171759299378,25.881254533595357,25.388906586465332,25.68648910522461,21734000,0.0,0.0
2019-05-08 00:00:00-04:00,25.520148442365098,25.717421827709597,25.33708559013714,25.360490798950195,15099000,0.0,0.0
2019-05-09 00:00:00-04:00,25.077113503929148,25.566116451962998,24.81380336571711,25.41649055480957,22282000,0.0,0.0
2019-05-10 00:00:00-04:00,25.347109709456568,25.52850162917184,24.797921282798075,25.408130645751953,21025000,0.0,0.0
2019-05-13 00:00:00-04:00,24.56052869286934,24.716007509112977,24.090750465196624,24.52374839782715,37864000,0.0,0.0
2019-05-14 00:00:00-04:00,24.716844997060694,25.46163447412161,24.69929109000405,25.244300842285156,34277000,0.0,0.0
2019-05-15 00:00:00-04:00,25.09968901319695,25.726616994415362,24.960928647236766,25.44240951538086,18166000,0.0,0.0
2019-05-16 00:00:00-04:00,25.05622045259239,25.336247501971595,24.634088077931533,24.850587844848633,34233000,0.0,0.0
2019-05-17 00:00:00-04:00,24.473593365247545,24.53963016627477,24.108303145045433,24.232017517089844,39094000,0.0,0.0
2019-05-20 00:00:00-04:00,23.23813052030172,23.40113313927013,22.455725283310954,22.785907745361328,65162000,0.0,0.0
2019-05-21 00:00:00-04:00,23.16206015419306,23.386919138273075,22.958100042465254,23.014942169189453,25060000,0.0,0.0
2019-05-22 00:00:00-04:00,22.609527220471264,22.99237133014243,22.483304925013723,22.50420379638672,31809000,0.0,0.0
2019-05-23 00:00:00-04:00,22.116344350825585,22.192411270011178,21.580529354728693,21.741024017333984,46607000,0.0,0.0
2019-05-24 00:00:00-04:00,21.959190663440353,22.21330450910028,21.377400805986692,21.394119262695312,27963000,0.0,0.0
2019-05-28 00:00:00-04:00,21.44678689862773,21.543752698870836,20.90512214406508,21.272083282470703,61965000,0.0,0.0
2019-05-29 00:00:00-04:00,21.12663589354239,21.43006815030736,21.029671688958036,21.24199104309082,28132000,0.0,0.0
2019-05-30 00:00:00-04:00,21.287127841053326,21.511149787158523,21.24198991169518,21.450965881347656,17310000,0.0,0.0
2019-05-31 00:00:00-04:00,21.151710845785896,21.377403664087648,20.981186072150795,21.034683227539062,22192000,0.0,0.0
2019-06-03 00:00:00-04:00,21.110752597581318,21.593905913329618,20.99790697249005,21.163415908813477,28911000,0.0,0.0
2019-06-04 00:00:00-04:00,21.479389871392385,22.23504816984937,21.37908227768848,22.209970474243164,36805000,0.0,0.0
2019-06-05 00:00:00-04:00,22.48664673335126,22.695622677660012,21.934114923323374,22.21163558959961,23651000,0.0,0.0
2019-06-06 00:00:00-04:00,22.320305573545568,22.98735716385313,22.17485847405898,22.802621841430664,32687000,0.0,0.0
2019-06-07 00:00:00-04:00,22.968967829536215,23.227262146599774,22.843580969432228,22.976490020751953,25963000,0.0,0.0
2019-06-10 00:00:00-04:00,23.131966924094424,23.80403272204634,23.131131479441706,23.422861099243164,23280000,0.0,0.0
2019-06-11 00:00:00-04:00,24.282172040119267,24.387495471595702,23.355990691308953,23.696203231811523,37105000,0.0,0.0
2019-06-12 00:00:00-04:00,23.544901744321407,23.669451548512242,23.188806234693658,23.382736206054688,27057000,0.0,0.0
2019-06-13 00:00:00-04:00,23.532362377483558,23.6468804625039,23.188804933702826,23.539884567260742,37735000,0.0,0.0
2019-06-14 00:00:00-04:00,21.57551437777139,22.409745721507417,21.522015627221332,22.229190826416016,100797000,0.0,0.0
2019-06-17 00:00:00-04:00,22.13807844740128,22.460738682002237,21.845513355447316,22.23253631591797,35785000,0.0,0.0
2019-06-18 00:00:00-04:00,22.414764851653256,23.657753616369696,22.273496561241437,23.2423095703125,54920000,0.0,0.0
2019-06-19 00:00:00-04:00,23.303325039900223,23.327565687519357,22.879521862694755,23.195493698120117,28920000,0.0,0.0
2019-06-20 00:00:00-04:00,23.615116981139987,23.86087321282434,23.167908591094044,23.325895309448242,57291000,0.0,0.0
2019-06-21 00:00:00-04:00,23.343620557423804,23.714101558639356,23.119982751239128,23.122514724731445,45399000,0.265,0.0
2019-06-24 00:00:00-04:00,23.251634801317238,23.583294365106592,23.20775101531132,23.562196731567383,20506000,0.0,0.0
2019-06-25 00:00:00-04:00,23.558817764172503,23.872755075469296,23.293826569018513,23.33517837524414,24436000,0.0,0.0
2019-06-26 00:00:00-04:00,23.509870255686792,23.96980568444136,23.469361903600653,23.751230239868164,24774000,0.0,0.0
2019-06-27 00:00:00-04:00,23.876976465873412,24.342819340201228,23.817902450774156,24.11158561706543,21813000,0.0,0.0
2019-06-28 00:00:00-04:00,24.293031692504883,24.414556778103712,24.0364814167625,24.293031692504883,49265000,0.0,0.0
2019-07-01 00:00:00-04:00,25.459322765475843,25.802798723046934,25.007826672747427,25.347082138061523,44832000,0.0,0.0
2019-07-02 00:00:00-04:00,25.22302769465217,25.37408816465202,24.8027555018801,24.923437118530273,19011000,0.0,0.0
2019-07-03 00:00:00-04:00,23.941957377172287,24.370667285718472,23.884570276347436,24.042383193969727,49411000,0.0,0.0
2019-07-05 00:00:00-04:00,23.937739812341952,24.08880189292,23.795962171291382,23.85419273376465,24565000,0.0,0.0
2019-07-08 00:00:00-04:00,23.629706885274604,23.7301327017133,23.15626813409898,23.20437240600586,34291000,0.0,0.0
2019-07-09 00:00:00-04:00,23.076942506455936,23.29045402910671,22.989174936746892,23.252477645874023,26131000,0.0,0.0
2019-07-10 00:00:00-04:00,23.449107380395127,23.52843556470352,23.12335526913137,23.165552139282227,30134000,0.0,0.0
2019-07-11 00:00:00-04:00,23.228001163931303,23.414507624507372,23.03474384810912,23.297203063964844,20712000,0.0,0.0
2019-07-12 00:00:00-04:00,23.324211854891583,24.130153679495354,23.324211854891583,24.08458137512207,21971000,0.0,0.0
2019-07-15 00:00:00-04:00,24.566456460981904,24.852543680224887,24.243234707646007,24.333534240722656,30334000,0.0,0.0
2019-07-16 00:00:00-04:00,24.21960476288626,24.287118145700937,23.83140321411337,23.97824478149414,14617000,0.0,0.0
2019-07-17 00:00:00-04:00,24.098924718104243,24.244922830645393,23.898916543290973,24.05841636657715,15453000,0.0,0.0
2019-07-18 00:00:00-04:00,24.151246139148178,24.4989409202309,23.950392914584697,24.45505714416504,19357000,0.0,0.0
2019-07-19 00:00:00-04:00,24.628060754262496,24.74030136478102,24.43395838081352,24.473623275756836,22047000,0.0,0.0
2019-07-22 00:00:00-04:00,24.7268010599581,25.316700952069297,24.66266471016037,24.99263572692871,33905000,0.0,0.0
2019-07-23 00:00:00-04:00,25.27534931300746,25.516709312289624,25.250874643532548,25.38336944580078,19692000,0.0,0.0
2019-07-24 00:00:00-04:00,25.41881519600626,25.72937709863631,25.35973957384564,25.63570213317871,19006000,0.0,0.0
2019-07-25 00:00:00-04:00,25.4973035667681,25.4973035667681,25.266914870565472,25.350461959838867,15741000,0.0,0.0
2019-07-26 00:00:00-04:00,25.451731034310026,25.572411048822758,25.36227493936191,25.395187377929688,14996000,0.0,0.0
2019-07-29 00:00:00-04:00,25.42134756274797,25.532744740737332,25.060994448369804,25.464387893676758,12068000,0.0,0.0
2019-07-30 00:00:00-04:00,25.240751286300014,25.396032257252507,25.072810447031884,25.280414581298828,11164000,0.0,0.0
2019-07-31 00:00:00-04:00,25.32007371323183,25.387587093486385,24.192598814299473,24.472780227661133,20819000,0.0,0.0
2019-08-01 00:00:00-04:00,24.400209006643998,25.133573544728666,23.825500871374157,24.080364227294922,21911000,0.0,0.0
2019-08-02 00:00:00-04:00,23.804400491445172,23.95377404649393,23.284545944675735,23.505653381347656,20080000,0.0,0.0
2019-08-05 00:00:00-04:00,22.95035405778824,22.97482872743003,22.286191523123502,22.588314056396484,27765000,0.0,0.0
2019-08-06 00:00:00-04:00,22.796760425739535,22.96976357472512,22.326697096204356,22.485353469848633,22199000,0.0,0.0
2019-08-07 00:00:00-04:00,22.281970432488894,23.015334854543006,22.19504632367609,22.790008544921875,22244000,0.0,0.0
2019-08-08 00:00:00-04:00,22.817861297830177,23.00183582049996,22.152853639391303,22.86849594116211,29163000,0.0,0.0
2019-08-09 00:00:00-04:00,22.750344425247917,23.67612268929286,22.750344425247917,23.26935386657715,30735000,0.0,0.0
2019-08-12 00:00:00-04:00,23.07103155553237,23.4786438143772,23.00014274697605,23.261756896972656,20040000,0.0,0.0
2019-08-13 00:00:00-04:00,23.2330698347818,24.093865220256102,22.957107242669128,23.94196128845215,22340000,0.0,0.0
2019-08-14 00:00:00-04:00,23.527590892020466,23.642363475525464,22.81785615218449,22.917438507080078,27108000,0.0,0.0
2019-08-15 00:00:00-04:00,22.954571624256435,23.020396485339212,22.35117008919856,22.6710147857666,20010000,0.0,0.0
2019-08-16 00:00:00-04:00,22.967234786782733,23.27104586504735,22.952888009451677,23.104793548583984,17458000,0.0,0.0
2019-08-19 00:00:00-04:00,23.58751118446017,23.635613845824686,23.259227100001254,23.526748657226562,17489000,0.0,0.0
2019-08-20 00:00:00-04:00,23.474426072483908,24.04829064330185,23.37737568324941,23.660932540893555,17920000,0.0,0.0
2019-08-21 00:00:00-04:00,24.02128384536431,24.32678176584102,23.971492667790407,24.262643814086914,19381000,0.0,0.0
2019-08-22 00:00:00-04:00,24.337758680759645,24.423837735889023,24.01369342032933,24.272775650024414,12294000,0.0,0.0
2019-08-23 00:00:00-04:00,23.966429363999666,24.09217329782888,22.87439885562373,22.96554183959961,25742000,0.0,0.0
2019-08-26 00:00:00-04:00,23.372311583223503,23.45670371537393,23.20774781083549,23.395097732543945,14249000,0.0,0.0
2019-08-27 00:00:00-04:00,23.557977817100078,23.648275752912568,23.200155063469282,23.2558536529541,14298000,0.0,0.0
2019-08-28 00:00:00-04:00,23.151204954157382,23.326740067724042,22.82545284866594,23.297203063964844,17202000,0.0,0.0
2019-08-29 00:00:00-04:00,23.755451897615117,24.09301883215634,23.718318971439444,23.914108276367188,16429000,0.0,0.0
2019-08-30 00:00:00-04:00,24.082040318740052,24.127612605925172,23.62126154995295,23.852495193481445,16720000,0.0,0.0
2019-09-03 00:00:00-04:00,23.62970753361976,23.7014398017167,22.864274140839274,23.12757682800293,22210000,0.0,0.0
2019-09-04 00:00:00-04:00,23.5275915424936,23.996809781656406,23.477800363669218,23.88456916809082,19865000,0.0,0.0
2019-09-05 00:00:00-04:00,24.335220702096663,24.784184746660564,24.335220702096663,24.559701919555664,20938000,0.0,0.0
2019-09-06 00:00:00-04:00,24.62974936227884,24.752117873414246,24.414550954459717,24.63481330871582,13748000,0.0,0.0
2019-09-09 00:00:00-04:00,24.895582487696036,25.08124387931818,24.507380957128113,24.693885803222656,21686000,0.0,0.0
2019-09-10 00:00:00-04:00,24.58755690056752,24.849171091338935,24.37404537748626,24.84832763671875,20850000,0.0,0.0
2019-09-11 00:00:00-04:00,25.00698400137723,25.21458812261859,24.85761044179532,25.149606704711914,19260000,0.0,0.0
2019-09-12 00:00:00-04:00,25.438229323518478,25.51418210019426,25.019645597069783,25.366497039794922,33109000,0.0,0.0
2019-09-13 00:00:00-04:00,25.11922316766371,25.147916719510707,23.95799225924567,24.50063133239746,62557000,0.0,0.0
2019-09-16 00:00:00-04:00,24.203570635082237,24.49641030996171,24.11073913179715,24.360538482666016,22176000,0.0,0.0
2019-09-17 00:00:00-04:00,24.306528722162717,24.414550455951737,23.946175661245686,24.37488555908203,21912000,0.0,0.0
2019-09-18 00:00:00-04:00,24.346194358722148,24.537763164605487,23.957147736289425,24.282899856567383,16510000,0.0,0.0
2019-09-19 00:00:00-04:00,24.347041900345616,24.638193117911193,24.239863599815408,24.527639389038086,19421000,0.0,0.0
2019-09-20 00:00:00-04:00,24.500382805978827,24.562555671100846,24.00214704477096,24.209959030151367,35524000,0.265,0.0
2019-09-23 00:00:00-04:00,24.155452586128284,24.456948692686428,24.024293868666327,24.312162399291992,14850000,0.0,0.0
2019-09-24 00:00:00-04:00,24.470569595729614,24.60513476436563,23.82584523923103,24.04387664794922,20292000,0.0,0.0
2019-09-25 00:00:00-04:00,23.14450404268053,23.609524567385368,22.995460044030104,23.486881256103516,55588000,0.0,0.0
2019-09-26 00:00:00-04:00,23.443438655058777,23.733011167935146,23.22370481126644,23.583967208862305,27477000,0.0,0.0
2019-09-27 00:00:00-04:00,23.560122654993364,23.956155644447165,23.247554291404583,23.348052978515625,28660000,0.0,0.0
2019-09-30 00:00:00-04:00,23.48857934261947,23.567786257967867,23.208375071913338,23.512426376342773,19826000,0.0,0.0
2019-10-01 00:00:00-04:00,23.69980239841533,23.81733516668375,23.283328789802525,23.408527374267578,19429000,0.0,0.0
2019-10-02 00:00:00-04:00,23.290140406941028,23.319096362906826,22.85237508646489,23.001419067382812,19543000,0.0,0.0
2019-10-03 00:00:00-04:00,22.99545664189331,23.378714902374533,22.75868871080502,23.372753143310547,17096000,0.0,0.0
2019-10-04 00:00:00-04:00,23.718539199382512,23.99192892832172,23.438334870494998,23.96893310546875,25884000,0.0,0.0
2019-10-07 00:00:00-04:00,23.847992227400557,23.934012128811695,23.48091680047343,23.513280868530273,18658000,0.0,0.0
2019-10-08 00:00:00-04:00,23.341240676562744,23.41278178650907,22.902624145809177,23.023563385009766,22757000,0.0,0.0
2019-10-09 00:00:00-04:00,23.308877435393658,23.413633832320677,23.16749764198798,23.26373863220215,16329000,0.0,0.0
2019-10-10 00:00:00-04:00,23.38382465243641,23.743235889437162,23.306321781849714,23.37445640563965,17340000,0.0,0.0
2019-10-11 00:00:00-04:00,23.803707123731687,24.194631252939146,23.769640620593883,23.924646377563477,23697000,0.0,0.0
2019-10-14 00:00:00-04:00,23.882910438389654,24.07283551001996,23.836920422455776,23.9885196685791,13312000,0.0,0.0
2019-10-15 00:00:00-04:00,24.07198718155305,24.751631035684376,24.03451256727482,24.7260799407959,21230000,0.0,0.0
2019-10-16 00:00:00-04:00,24.613652127461183,24.70733782963212,24.404137745482124,24.569364547729492,20046000,0.0,0.0
2019-10-17 00:00:00-04:00,24.710754544883606,24.844468555057688,24.555748763891405,24.650285720825195,13125000,0.0,0.0
2019-10-18 00:00:00-04:00,24.656244899898375,24.69371789278794,24.187817868658456,24.42032814025879,16981000,0.0,0.0
2019-10-21 00:00:00-04:00,24.56596754644249,24.860650714685523,24.448434765529612,24.662208557128906,13031000,0.0,0.0
2019-10-22 00:00:00-04:00,24.66390238253766,24.772066876763336,24.463757862900163,24.482494354248047,13046000,0.0,0.0
2019-10-23 00:00:00-04:00,24.09923979875335,24.14863793055739,23.741532606100463,23.8743953704834,20957000,0.0,0.0
2019-10-24 00:00:00-04:00,24.09327314526182,24.14522653835086,23.736418865347225,24.04387664794922,16896000,0.0,0.0
2019-10-25 00:00:00-04:00,24.12479000537689,24.815504487147606,24.121383517870456,24.683494567871094,20869000,0.0,0.0
2019-10-28 00:00:00-04:00,24.797620340024114,24.91004255515005,24.5557434714635,24.83083724975586,12999000,0.0,0.0
2019-10-29 00:00:00-04:00,24.893008454867594,25.01394769330225,24.534448442742143,24.5421142578125,13272000,0.0,0.0
2019-10-30 00:00:00-04:00,24.69967565050726,24.781437848031352,24.40243890541133,24.71926498413086,17281000,0.0,0.0
2019-10-31 00:00:00-04:00,24.68178936814019,25.046311130215305,24.511453629508885,24.941553115844727,27881000,0.0,0.0
2019-11-01 00:00:00-04:00,24.953481305737338,25.260087966918945,24.876829640441933,25.260087966918945,21234000,0.0,0.0
2019-11-04 00:00:00-05:00,25.50962786791206,26.015527828520792,25.47385731130456,25.976350784301758,34075000,0.0,0.0
2019-11-05 00:00:00-05:00,25.976347880379524,26.979630658181357,25.93120908177202,26.74626922607422,38711000,0.0,0.0
2019-11-06 00:00:00-05:00,26.577638059815794,26.766711924197846,26.292324831719313,26.671323776245117,18076000,0.0,0.0
2019-11-07 00:00:00-05:00,26.877433619440588,27.211293785542804,26.45755354600233,26.550386428833008,23981000,0.0,0.0
2019-11-08 00:00:00-05:00,26.391117549280683,26.708796446726257,25.98742038134248,26.69261360168457,17830000,0.0,0.0
2019-11-11 00:00:00-05:00,26.504392222360746,26.678134441242747,26.47373058856119,26.636402130126953,9154000,0.0,0.0
2019-11-12 00:00:00-05:00,26.74286337236906,26.94726723117119,26.679839295964207,26.873170852661133,16875000,0.0,0.0
2019-11-13 00:00:00-05:00,26.613408296217973,26.888502058503107,26.572528822198038,26.714759826660156,12625000,0.0,0.0
2019-11-14 00:00:00-05:00,26.466063509444087,26.55889636748237,26.070881796056284,26.314462661743164,17268000,0.0,0.0
2019-11-15 00:00:00-05:00,26.5955195630531,26.662802961202537,26.40900099688491,26.650028228759766,18120000,0.0,0.0
2019-11-18 00:00:00-05:00,26.557203404395338,26.692621465608447,26.234415493196583,26.493328094482422,15850000,0.0,0.0
2019-11-19 00:00:00-05:00,26.968562729846003,27.73678172246273,26.968562729846003,27.0579891204834,31743000,0.0,0.0
2019-11-20 00:00:00-05:00,26.904684592179386,26.98389151650275,26.31702246341758,26.544422149658203,19927000,0.0,0.0
2019-11-21 00:00:00-05:00,26.499281935577194,26.887649096982084,26.3851556784424,26.849323272705078,19317000,0.0,0.0
2019-11-22 00:00:00-05:00,26.96770910629204,27.209587586334944,26.718166435535743,26.82122039794922,13216000,0.0,0.0
2019-11-25 00:00:00-05:00,26.965158342488984,27.269211361569962,26.93620238184787,27.221515655517578,19636000,0.0,0.0
2019-11-26 00:00:00-05:00,27.168709732251713,27.269210059401185,26.917462975522394,26.936201095581055,30793000,0.0,0.0
2019-11-27 00:00:00-05:00,27.07843201361026,27.248767778451175,26.95323343142639,27.121015548706055,20182000,0.0,0.0
2019-11-29 00:00:00-05:00,26.985594542796726,27.065652684626333,26.828033530876205,26.931087493896484,9229000,0.0,0.0
2019-12-02 00:00:00-05:00,27.059691897657736,27.077577176013648,26.449886753059445,26.46351432800293,23158000,0.0,0.0
2019-12-03 00:00:00-05:00,26.046186854989788,26.317021274219822,25.817083123161016,26.105804443359375,18736000,0.0,0.0
2019-12-04 00:00:00-05:00,26.38089503871772,26.518866691189658,26.157753092381093,26.378339767456055,14439000,0.0,0.0
2019-12-05 00:00:00-05:00,26.452441384411163,26.611706454176275,26.32213389541381,26.503541946411133,15494000,0.0,0.0
2019-12-06 00:00:00-05:00,26.797373089324577,26.94215936468805,26.57763759235287,26.91745948791504,16937000,0.0,0.0
2019-12-09 00:00:00-05:00,26.91320180092382,27.011145218955487,26.737753889539537,26.77522850036621,24694000,0.0,0.0
2019-12-10 00:00:00-05:00,26.83655162923612,26.905537471094387,26.678990611048846,26.833145141601562,14563000,0.0,0.0
2019-12-11 00:00:00-05:00,26.843365275616677,27.368852962795938,26.843365275616677,27.230030059814453,20829000,0.0,0.0
2019-12-12 00:00:00-05:00,27.230878227383332,28.119183560827015,27.205328760116597,27.91818618774414,38935000,0.0,0.0
2019-12-13 00:00:00-05:00,27.088646357862274,27.234283839759158,26.45499424846808,26.863801956176758,70952000,0.0,0.0
2019-12-16 00:00:00-05:00,27.080984740413346,27.90115388082567,27.04351012841985,27.52045249938965,37921000,0.0,0.0
2019-12-17 00:00:00-05:00,27.572404105212847,27.67545643867932,27.402917958740844,27.5775146484375,20248000,0.0,0.0
2019-12-18 00:00:00-05:00,27.628620591570275,28.20776582058349,27.55622825017257,27.88753318786621,35155000,0.0,0.0
2019-12-19 00:00:00-05:00,28.038277164152465,28.0425332429559,27.569848582565154,27.603065490722656,31787000,0.0,0.0
2019-12-20 00:00:00-05:00,27.74243244081567,27.74243244081567,27.26409840074189,27.44390296936035,50540000,0.325,0.0
2019-12-23 00:00:00-05:00,27.57639481427134,27.73039113622741,27.3243228149754,27.489501953125,20254000,0.0,0.0
2019-12-24 00:00:00-05:00,27.529943112804943,27.588444924539246,27.444771550534412,27.57295799255371,7024000,0.0,0.0
2019-12-26 00:00:00-05:00,27.6391982620354,27.67963362243941,27.256360299810787,27.356157302856445,15848000,0.0,0.0
2019-12-27 00:00:00-05:00,27.469715457003545,27.474016287647764,27.118707947234572,27.231409072875977,14487000,0.0,0.0
2019-12-30 00:00:00-05:00,27.23055721137164,27.30024184642251,26.906219351144877,26.967302322387695,13104000,0.0,0.0
2019-12-31 00:00:00-05:00,26.938043227503186,27.2167833239045,26.910513645311468,27.187532424926758,12487000,0.0,0.0
2020-01-02 00:00:00-05:00,27.471439053940458,27.74501852386508,27.299377908107306,27.735553741455078,20329000,0.0,0.0
2020-01-03 00:00:00-05:00,27.315721983397967,27.529939800049842,27.020636727641413,27.030099868774414,22870000,0.0,0.0
2020-01-06 00:00:00-05:00,26.742752479742457,27.006868775113663,26.637794816510482,26.989662170410156,20789000,0.0,0.0
2020-01-07 00:00:00-05:00,27.121292201897447,27.235714657422072,26.863199670030045,26.896751403808594,18565000,0.0,0.0
2020-01-08 00:00:00-05:00,26.925999279710943,26.96987562874295,26.532836737055288,26.561227798461914,31979000,0.0,0.0
2020-01-09 00:00:00-05:00,26.869224665071737,26.926864997507476,26.07171658955272,26.347875595092773,42397000,0.0,0.0
2020-01-10 00:00:00-05:00,26.278187004027767,26.28679030682638,25.706079674761803,25.74221420288086,40705000,0.0,0.0
2020-01-13 00:00:00-05:00,25.811039903736724,26.13623590018157,25.78092752241288,25.91083526611328,22054000,0.0,0.0
2020-01-14 00:00:00-05:00,25.981381894115206,26.596504130851482,25.946108842942564,26.51305389404297,28911000,0.0,0.0
2020-01-15 00:00:00-05:00,26.438205420113306,26.48724244094634,25.869539085124938,26.07945442199707,22733000,0.0,0.0
2020-01-16 00:00:00-05:00,26.239472730691503,26.485520953097375,26.171507787819877,26.415836334228516,21508000,0.0,0.0
2020-01-17 00:00:00-05:00,26.554344412554606,26.57843300261487,26.15946219042774,26.565528869628906,26896000,0.0,0.0
2020-01-21 00:00:00-05:00,26.480362515821344,26.627475230681153,26.353895760141555,26.503589630126953,21967000,0.0,0.0
2020-01-22 00:00:00-05:00,26.73845216215909,27.350993189514803,26.712642254608507,26.925140380859375,29264000,0.0,0.0
2020-01-23 00:00:00-05:00,27.115270949599527,27.51273438071769,26.740176435680958,27.49983024597168,30266000,0.0,0.0
2020-01-24 00:00:00-05:00,28.433265333043884,28.526180350256094,27.596183467395083,27.874065399169922,55782000,0.0,0.0
2020-01-27 00:00:00-05:00,27.221093642762725,27.519621584159093,26.552631808726613,26.586183547973633,38843000,0.0,0.0
2020-01-28 00:00:00-05:00,26.973320779734646,27.463697595304993,26.90793698553695,27.38454818725586,23166000,0.0,0.0
2020-01-29 00:00:00-05:00,27.6004854244247,27.99708735260191,27.283891095934965,27.31572151184082,23668000,0.0,0.0
2020-01-30 00:00:00-05:00,27.041284534375837,27.144522537684225,26.548326555517143,27.116992950439453,21128000,0.0,0.0
2020-01-31 00:00:00-05:00,27.027519846470952,27.06365273644526,26.120751681175673,26.25324058532715,22123000,0.0,0.0
2020-02-03 00:00:00-05:00,26.29367174718058,26.377121977592303,26.12247045550317,26.259260177612305,21288000,0.0,0.0
2020-02-04 00:00:00-05:00,26.823628263972527,27.062794535458142,26.63952116885107,26.807281494140625,22559000,0.0,0.0
2020-02-05 00:00:00-05:00,27.31486361387928,27.51359615200586,27.173773045510284,27.304540634155273,24825000,0.0,0.0
2020-02-06 00:00:00-05:00,27.430141680602304,27.51961405472286,27.033538144531136,27.503267288208008,22683000,0.0,0.0
2020-02-07 00:00:00-05:00,27.385409600608615,27.402614566741217,27.088601372276237,27.11957359313965,15883000,0.0,0.0
2020-02-10 00:00:00-05:00,26.873520855635547,27.065369745185635,26.695437578443354,27.03095817565918,19218000,0.0,0.0
2020-02-11 00:00:00-05:00,27.241735844952466,27.597902410549853,27.186675034699622,27.543703079223633,15527000,0.0,0.0
2020-02-12 00:00:00-05:00,27.705439323019803,27.96783429957272,27.670166275917836,27.934284210205078,15310000,0.0,0.0
2020-02-13 00:00:00-05:00,27.657265030280474,27.999670917937383,27.611670641133912,27.871482849121094,13857000,0.0,0.0
2020-02-14 00:00:00-05:00,27.946333083891673,28.02031854203737,27.28045083328124,27.338092803955078,19137000,0.0,0.0
2020-02-18 00:00:00-05:00,27.099785112553512,27.100644950609258,26.50186948134632,26.734153747558594,26693000,0.0,0.0
2020-02-19 00:00:00-05:00,26.927719047913644,27.257219124389074,26.815879400536183,27.159143447875977,20525000,0.0,0.0
2020-02-20 00:00:00-05:00,27.01031286802819,27.159146898063153,26.3358289826273,26.604246139526367,25521000,0.0,0.0
2020-02-21 00:00:00-05:00,26.540584665875258,26.622313589314732,26.00633148700091,26.196460723876953,24522000,0.0,0.0
2020-02-24 00:00:00-05:00,25.310343292893954,25.706085465301403,24.95417500954473,25.08666229248047,36849000,0.0,0.0
2020-02-25 00:00:00-05:00,25.302598322514996,25.441969225504145,24.180754034324075,24.319263458251953,31892000,0.0,0.0
2020-02-26 00:00:00-05:00,24.462931299854894,24.794151075710534,24.432820560314582,24.594558715820312,23074000,0.0,0.0
2020-02-27 00:00:00-05:00,24.114510011895707,24.545525208952757,23.532939454668476,23.568212509155273,34837000,0.0,0.0
2020-02-28 00:00:00-05:00,22.654561049994946,23.583696508752357,22.603802707294275,23.45378875732422,44586000,0.0,0.0
2020-03-02 00:00:00-05:00,23.80995545270172,24.55326404853672,23.327320522055967,24.51626968383789,31976000,0.0,0.0
2020-03-03 00:00:00-05:00,24.488744780090634,24.8182432870673,23.363457872435927,23.59402084350586,29930000,0.0,0.0
2020-03-04 00:00:00-05:00,23.877059701999915,24.58079444242225,23.63875330263681,24.557565689086914,23477000,0.0,0.0
2020-03-05 00:00:00-05:00,23.852972993053264,24.354534260698983,23.43916443584122,23.575952529907227,24374000,0.0,0.0
2020-03-06 00:00:00-05:00,22.96857192935302,23.30839500380909,22.583152827151526,23.181068420410156,30169000,0.0,0.0
2020-03-09 00:00:00-04:00,21.600675884511965,22.391301773005864,21.013083326726207,21.31161117553711,43934000,0.0,0.0
2020-03-10 00:00:00-04:00,22.07471061303111,22.684670529576966,20.93996069145451,22.61756706237793,55071000,0.0,0.0
2020-03-11 00:00:00-04:00,21.841560439713763,22.066101174168434,20.861666965266494,21.161054611206055,36030000,0.0,0.0
2020-03-12 00:00:00-04:00,19.5281888517989,20.884898313500806,18.61023797175994,18.821874618530273,64281000,0.0,0.0
2020-03-13 00:00:00-04:00,19.40086894986564,20.171707331496464,17.30601101499237,20.15019989013672,84714000,0.0,0.0
2020-03-16 00:00:00-04:00,17.909941535693658,18.823589722098497,15.505374043582844,16.1377010345459,76935000,0.0,0.0
2020-03-17 00:00:00-04:00,16.502475233507347,17.207069738993354,15.612915481223801,17.16405487060547,70662000,0.0,0.0
2020-03-18 00:00:00-04:00,15.972526713328786,16.12910256115284,13.39245555131089,14.442034721374512,98993000,0.0,0.0
2020-03-19 00:00:00-04:00,14.422247999140765,17.848865222289373,14.195126035088546,16.728740692138672,74438000,0.0,0.0
2020-03-20 00:00:00-04:00,17.67366774618041,18.25812302657465,16.440885373632,16.817981719970703,74044000,0.325,0.0
2020-03-23 00:00:00-04:00,16.875726066992474,17.146080670026837,15.55195057766928,16.92734718322754,46921000,0.0,0.0
2020-03-24 00:00:00-04:00,17.99214590538841,19.135685862687122,17.611550001206208,18.61509895324707,62970000,0.0,0.0
2020-03-25 00:00:00-04:00,18.565225194935632,21.348390150625065,18.30537068064984,19.034189224243164,64442000,0.0,0.0
2020-03-26 00:00:00-04:00,19.77613255062711,21.41838260674141,19.77613255062711,21.275768280029297,60213000,0.0,0.0
2020-03-27 00:00:00-04:00,20.38596395363776,21.18127940120546,20.12348438998578,20.183855056762695,39448000,0.0,0.0
2020-03-30 00:00:00-04:00,20.31596453266514,21.11740430450643,19.986989867278474,21.008037567138672,52343000,0.0,0.0
2020-03-31 00:00:00-04:00,20.823424583233273,22.110452840562328,20.653688874621558,20.744680404663086,50191000,0.0,0.0
2020-04-01 00:00:00-04:00,19.94762095821438,20.509328784525287,19.22055131953914,19.566150665283203,41858000,0.0,0.0
2020-04-02 00:00:00-04:00,19.458533165592776,20.81905588691331,19.37541503121143,20.741186141967773,45049000,0.0,0.0
2020-04-03 00:00:00-04:00,20.704435833375687,21.22152143142749,20.171601731871245,20.49620246887207,28960000,0.0,0.0
2020-04-06 00:00:00-04:00,21.399136428042773,22.171702660627375,21.309893785445308,22.086833953857422,38868000,0.0,0.0
2020-04-07 00:00:00-04:00,22.909271160204156,23.229496313419627,22.094707845025535,22.159452438354492,45892000,0.0,0.0
2020-04-08 00:00:00-04:00,22.46568126694908,22.940769807349017,22.19182715417752,22.844528198242188,27565000,0.0,0.0
2020-04-09 00:00:00-04:00,23.254878086514232,23.40449143095698,21.987973319387013,22.24957847595215,34828000,0.0,0.0
2020-04-13 00:00:00-04:00,22.179577515408198,22.881274632369998,22.118332401639144,22.74128532409668,25729000,0.0,0.0
2020-04-14 00:00:00-04:00,23.28374712629416,23.48148209694624,22.951272884229134,23.415863037109375,23094000,0.0,0.0
2020-04-15 00:00:00-04:00,22.83577690191127,22.951268159003348,22.41230784670424,22.52429962158203,25926000,0.0,0.0
2020-04-16 00:00:00-04:00,22.902275100736787,22.902275100736787,22.232949391769164,22.59867286682129,26896000,0.0,0.0
2020-04-17 00:00:00-04:00,23.03001724787302,23.39836411293501,22.65554420162792,23.26274871826172,34089000,0.0,0.0
2020-04-20 00:00:00-04:00,22.748286834877867,23.20850136185309,22.56542592650025,22.597797393798828,23801000,0.0,0.0
2020-04-21 00:00:00-04:00,22.272321206373256,22.29244531751495,21.593373180362303,21.667741775512695,29138000,0.0,0.0
2020-04-22 00:00:00-04:00,22.290698403521233,22.942525129006494,21.93810002111918,22.745664596557617,35438000,0.0,0.0
2020-04-23 00:00:00-04:00,22.770158167774536,23.20325125395081,22.61879428441021,22.654666900634766,21659000,0.0,0.0
2020-04-24 00:00:00-04:00,22.731661410863786,23.19187588796176,22.650292187080556,23.16912841796875,23373000,0.0,0.0
2020-04-27 00:00:00-04:00,23.12888506808299,23.729965102708388,23.12888506808299,23.487607955932617,16588000,0.0,0.0
2020-04-28 00:00:00-04:00,23.994188930896367,24.1840504428664,23.108756517016314,23.162126541137695,18988000,0.0,0.0
2020-04-29 00:00:00-04:00,23.717715825804998,24.234801584478742,23.55585346807832,24.149932861328125,28871000,0.0,0.0
2020-04-30 00:00:00-04:00,23.93207364695674,23.977570261441727,23.518228511442796,23.76496124267578,23379000,0.0,0.0
2020-05-01 00:00:00-04:00,23.27324378643944,23.43510610258578,22.59079469344856,22.722034454345703,26836000,0.0,0.0
2020-05-04 00:00:00-04:00,22.679161205170594,22.960890361499242,22.33881197151533,22.946016311645508,17046000,0.0,0.0
2020-05-05 00:00:00-04:00,23.321365468353235,23.530473297816776,23.07288387485692,23.174375534057617,26462000,0.0,0.0
2020-05-06 00:00:00-04:00,23.477102520457134,23.665213450646664,23.065008048206792,23.114004135131836,22727000,0.0,0.0
2020-05-07 00:00:00-04:00,23.623223521103114,23.664346203039237,23.273250173069904,23.426362991333008,18238000,0.0,0.0
2020-05-08 00:00:00-04:00,23.815703467327747,24.108807232343725,23.62584361236628,24.063310623168945,16757000,0.0,0.0
2020-05-11 00:00:00-04:00,23.918075335049355,24.21292805717246,23.776335425303053,24.095687866210938,20851000,0.0,0.0
2020-05-12 00:00:00-04:00,24.198930887748325,24.29867199792332,23.467485510702897,23.487607955932617,18764000,0.0,0.0
2020-05-13 00:00:00-04:00,23.6293414408841,23.652090578281296,22.692287916957127,23.023887634277344,21927000,0.0,0.0
2020-05-14 00:00:00-04:00,22.83227874839158,23.356363371371188,22.28894446890701,23.325740814208984,19912000,0.0,0.0
2020-05-15 00:00:00-04:00,22.69753941833441,23.10350944573431,22.465682421060468,22.78415870666504,21650000,0.0,0.0
2020-05-18 00:00:00-04:00,23.502481824535412,24.2120541747557,23.448235664355305,23.93207550048828,26531000,0.0,0.0
2020-05-19 00:00:00-04:00,23.93207511402911,24.150808658368955,23.76408657713774,23.793834686279297,18702000,0.0,0.0
2020-05-20 00:00:00-04:00,24.2330504083349,24.612771824220353,24.155180658671995,24.38266372680664,18605000,0.0,0.0
2020-05-21 00:00:00-04:00,24.403655701944633,24.454402360425384,24.030058898999958,24.043182373046875,14847000,0.0,0.0
2020-05-22 00:00:00-04:00,23.950447179099747,24.257548909616474,23.66784349723937,24.205053329467773,17452000,0.0,0.0
2020-05-26 00:00:00-04:00,24.935626949060495,25.118487892943104,24.619775620970646,24.674896240234375,23573000,0.0,0.0
2020-05-27 00:00:00-04:00,24.762384028138847,25.18060307328596,24.49815389959901,25.162229537963867,22812000,0.0,0.0
2020-05-28 00:00:00-04:00,24.935618999116855,25.311840886112197,24.710760987825687,24.77288055419922,18543000,0.0,0.0
2020-05-29 00:00:00-04:00,24.751887378778356,25.548077304862357,24.665268085391638,25.484207153320312,27300000,0.0,0.0
2020-06-01 00:00:00-04:00,25.409836797697746,25.469333012653713,25.14298162151748,25.372215270996094,18444000,0.0,0.0
2020-06-02 00:00:00-04:00,25.46320546529063,26.101032448991944,25.380961787175288,26.078283309936523,31847000,0.0,0.0
2020-06-03 00:00:00-04:00,26.339891039963167,27.197326069168323,26.292645519097487,27.08183479309082,31926000,0.0,0.0
2020-06-04 00:00:00-04:00,26.751108382672513,27.385434213401325,26.431755996184332,27.025836944580078,34997000,0.0,0.0
2020-06-05 00:00:00-04:00,27.97164071037565,28.7074615610856,27.568297398822505,27.742408752441406,50958000,0.0,0.0
2020-06-08 00:00:00-04:00,27.779154194343754,27.896396029925835,27.416931909491883,27.78090476989746,23916000,0.0,0.0
2020-06-09 00:00:00-04:00,27.297940008729018,27.899894328252984,27.26031682075622,27.588417053222656,22335000,0.0,0.0
2020-06-10 00:00:00-04:00,27.704788323028176,27.928770231638794,27.534174776378915,27.563922882080078,25914000,0.0,0.0
2020-06-11 00:00:00-04:00,26.91472186995212,26.99609110125048,25.67056648131643,25.701189041137695,45115000,0.0,0.0
2020-06-12 00:00:00-04:00,26.494751662931883,26.593619968277633,25.611944223692582,26.269893646240234,39439000,0.0,0.0
2020-06-15 00:00:00-04:00,25.810553911999655,26.838600730803375,25.583945317120484,26.60586929321289,29824000,0.0,0.0
2020-06-16 00:00:00-04:00,27.122961249553963,27.52105625920652,26.598000375479092,27.185956954956055,30387000,0.0,0.0
2020-06-17 00:00:00-04:00,27.422180546256655,27.71003424555307,27.27956787988871,27.423931121826172,20279000,0.0,0.0
2020-06-18 00:00:00-04:00,27.308443103962475,27.920897643014108,27.255947525096563,27.885025024414062,33625000,0.0,0.0
2020-06-19 00:00:00-04:00,28.0812600122134,28.11838566669936,26.763294219970703,26.763294219970703,58465000,0.325,0.0
2020-06-22 00:00:00-04:00,27.004612248316977,27.771879182557,26.830475723391697,27.715307235717773,27195000,0.0,0.0
2020-06-23 00:00:00-04:00,27.849671081469587,28.0600498255657,27.5164219115561,27.517305374145508,22419000,0.0,0.0
2020-06-24 00:00:00-04:00,27.331675869252347,27.488134726563654,26.917104323404494,27.13455581665039,19096000,0.0,0.0
2020-06-25 00:00:00-04:00,27.054116453557313,27.356425868722557,26.783626863676297,27.300737380981445,15029000,0.0,0.0
2020-06-26 00:00:00-04:00,27.717957713390028,27.913309128632562,26.796884060336804,27.173444747924805,31425000,0.0,0.0
2020-06-29 00:00:00-04:00,27.231785821136782,27.43863068191837,26.911797071035235,27.38294219970703,14516000,0.0,0.0
2020-06-30 00:00:00-04:00,27.39797033328382,28.027341245453204,27.115105543300096,27.898284912109375,25125000,0.0,0.0
2020-07-01 00:00:00-04:00,27.854084066717345,28.007890823932904,27.57387306061745,27.643705368041992,15661000,0.0,0.0
2020-07-02 00:00:00-04:00,28.087450992067797,28.231534629101127,27.814311011286552,27.88591194152832,16638000,0.0,0.0
2020-07-06 00:00:00-04:00,28.286336475591362,28.37384646583224,28.05120564272717,28.179378509521484,17561000,0.0,0.0
2020-07-07 00:00:00-04:00,28.051203922939138,28.123688303136767,27.62779276885114,27.678178787231445,16150000,0.0,0.0
2020-07-08 00:00:00-04:00,27.945128949329376,28.272188725309405,27.76657177182718,28.248323440551758,18023000,0.0,0.0
2020-07-09 00:00:00-04:00,28.287214269479563,28.669079034002255,27.86645524709004,28.41892433166504,25225000,0.0,0.0
2020-07-10 00:00:00-04:00,28.45517593935275,28.550640476098792,27.883260379458918,28.236839294433594,13280000,0.0,0.0
2020-07-13 00:00:00-04:00,28.43484154081709,28.598373151552533,27.45366030639035,27.5181884765625,21549000,0.0,0.0
2020-07-14 00:00:00-04:00,27.313107263962326,27.952201240309673,26.977206106077873,27.851430892944336,18363000,0.0,0.0
2020-07-15 00:00:00-04:00,27.928338568837628,28.089218101647802,27.417417368433846,27.736522674560547,15253000,0.0,0.0
2020-07-16 00:00:00-04:00,27.45630581437458,27.745356474244854,27.34050818356527,27.52083396911621,12929000,0.0,0.0
2020-07-17 00:00:00-04:00,27.76922857156725,27.862926173889917,27.40238932455668,27.641939163208008,13354000,0.0,0.0
2020-07-20 00:00:00-04:00,27.565923554842424,28.07861343242785,27.425375443363553,28.03264808654785,14323000,0.0,0.0
2020-07-21 00:00:00-04:00,28.218274990070988,28.218274990070988,27.638404925414836,27.78602409362793,14312000,0.0,0.0
2020-07-22 00:00:00-04:00,27.84524110488214,27.904466798555703,27.435090362617462,27.738283157348633,14404000,0.0,0.0
2020-07-23 00:00:00-04:00,27.700281988147527,27.940715308956833,27.259191393150605,27.373220443725586,19417000,0.0,0.0
2020-07-24 00:00:00-04:00,27.100962508289804,27.48282734891198,26.887930038834043,27.03024673461914,15631000,0.0,0.0
2020-07-27 00:00:00-04:00,27.252117056016292,27.664036477613394,27.180517820278588,27.639286041259766,20646000,0.0,0.0
2020-07-28 00:00:00-04:00,27.506691959055846,27.588899481457393,27.062949379359175,27.168140411376953,13974000,0.0,0.0
2020-07-29 00:00:00-04:00,27.272451405842702,27.511116112447873,27.176100037467616,27.300737380981445,16562000,0.0,0.0
2020-07-30 00:00:00-04:00,27.048807501741297,27.66138244408079,27.048807501741297,27.588014602661133,21259000,0.0,0.0
2020-07-31 00:00:00-04:00,27.81784088131624,28.144902358797125,27.52613813048059,27.99905014038086,24719000,0.0,0.0
2020-08-03 00:00:00-04:00,28.1095503187785,28.59483766124411,28.045907293272855,28.39506721496582,20796000,0.0,0.0
2020-08-04 00:00:00-04:00,28.330529361622453,29.045644908194323,28.32080790402129,29.027965545654297,25258000,0.0,0.0
2020-08-05 00:00:00-04:00,29.015594154512065,29.309949004223917,28.799027835833304,29.129621505737305,22299000,0.0,0.0
2020-08-06 00:00:00-04:00,28.9731643765568,29.248072936730313,28.764552591703993,29.096033096313477,14193000,0.0,0.0
2020-08-07 00:00:00-04:00,29.027971433324062,29.146419477173783,28.41716164145382,28.810518264770508,14192000,0.0,0.0
2020-08-10 00:00:00-04:00,28.659365015973385,29.105756362056567,28.64521949999071,28.93692398071289,11989000,0.0,0.0
2020-08-11 00:00:00-04:00,28.95548242286189,29.463753158885847,28.530304357169598,28.64256477355957,19316000,0.0,0.0
2020-08-12 00:00:00-04:00,28.80343639902263,29.69003790062512,28.76012314844326,29.49203109741211,18471000,0.0,0.0
2020-08-13 00:00:00-04:00,29.365643320139952,29.471716158444337,28.98024118217386,29.119022369384766,15095000,0.0,0.0
2020-08-14 00:00:00-04:00,28.995260831622886,29.15702550168568,28.816703631242774,28.977584838867188,10140000,0.0,0.0
2020-08-17 00:00:00-04:00,29.12696933392353,29.328510034711265,29.08188914806077,29.198570251464844,10594000,0.0,0.0
2020-08-18 00:00:00-04:00,29.334699384547395,29.45138049487687,29.005869268167025,29.050065994262695,8857000,0.0,0.0
2020-08-19 00:00:00-04:00,29.123434470434596,29.44342322531587,29.014711263727918,29.100454330444336,11273000,0.0,0.0
2020-08-20 00:00:00-04:00,28.96608963374597,29.169397246165968,28.82200434559135,29.066858291625977,8910000,0.0,0.0
2020-08-21 00:00:00-04:00,29.020012114696527,29.210944516588103,28.728307679699505,29.172048568725586,11508000,0.0,0.0
2020-08-24 00:00:00-04:00,29.34795414098346,29.717443712289025,29.27104908282505,29.523860931396484,11996000,0.0,0.0
2020-08-25 00:00:00-04:00,29.612253577853465,29.796998358553175,29.435463329855637,29.713022232055664,11140000,0.0,0.0
2020-08-26 00:00:00-04:00,29.58927990498723,30.187714536989603,29.48055668194555,30.025066375732422,14844000,0.0,0.0
2020-08-27 00:00:00-04:00,30.09754576221729,30.169146684394498,29.71302716192372,29.978214263916016,12552000,0.0,0.0
2020-08-28 00:00:00-04:00,29.965840142485074,30.480295181274414,29.850925952215213,30.480295181274414,14589000,0.0,0.0
2020-08-31 00:00:00-04:00,30.365382299267576,30.989447339039987,30.365382299267576,30.686254501342773,22229000,0.0,0.0
2020-09-01 00:00:00-04:00,30.938184108964073,32.00511013408757,30.710126007218296,31.781469345092773,29205000,0.0,0.0
2020-09-02 00:00:00-04:00,32.34011273938749,33.49808556498289,32.13768861336483,33.14892578125,37053000,0.0,0.0
2020-09-03 00:00:00-04:00,32.353374350860086,32.608833183059666,30.952314551759056,31.12291717529297,41795000,0.0,0.0
2020-09-04 00:00:00-04:00,31.90787338133149,32.929715778941365,31.247562720672562,32.08289337158203,58514000,0.0,0.0
2020-09-08 00:00:00-04:00,31.17331134652928,32.06521731546116,30.93818218699438,30.985916137695312,26685000,0.0,0.0
2020-09-09 00:00:00-04:00,31.482684643003942,31.985651137841845,31.035406614660058,31.824769973754883,26273000,0.0,0.0
2020-09-10 00:00:00-04:00,32.010412974735054,32.51426311132602,31.32623532543103,31.56401824951172,22851000,0.0,0.0
2020-09-11 00:00:00-04:00,31.866320690768653,32.19956807343944,31.351862372485208,31.79560661315918,17362000,0.0,0.0
2020-09-14 00:00:00-04:00,32.211950849937324,32.34277410231961,31.764672701826672,32.016597747802734,16447000,0.0,0.0
2020-09-15 00:00:00-04:00,32.37901225756139,32.805073766119435,32.295036128707075,32.43293380737305,16618000,0.0,0.0
2020-09-16 00:00:00-04:00,32.54519953572199,32.88286765896388,32.3834348598586,32.444427490234375,18498000,0.0,0.0
2020-09-17 00:00:00-04:00,31.380150563369458,32.71668071018031,31.380150563369458,32.345420837402344,22862000,0.0,0.0
2020-09-18 00:00:00-04:00,32.45149730329412,32.515140311998486,31.384571527193035,31.79825782775879,35295000,0.0,0.0
2020-09-21 00:00:00-04:00,31.22113104500224,31.39507210729735,30.638650684978835,31.37990951538086,24198000,0.325,0.0
2020-09-22 00:00:00-04:00,31.788447120737363,32.27280615773365,31.48337823758904,32.25407409667969,19500000,0.0,0.0
2020-09-23 00:00:00-04:00,32.12830111606102,32.22017498196852,31.224697825710308,31.3620662689209,15542000,0.0,0.0
2020-09-24 00:00:00-04:00,31.238078394715206,31.89548696761639,31.139065585945648,31.445022583007812,13611000,0.0,0.0
2020-09-25 00:00:00-04:00,31.40311074413219,31.908876551254483,31.066821653728923,31.826812744140625,18183000,0.0,0.0
2020-09-28 00:00:00-04:00,32.26209684859331,32.86420067517393,32.02571562356603,32.763404846191406,22192000,0.0,0.0
2020-09-29 00:00:00-04:00,32.78035693527321,33.075612316350934,32.46815252742186,32.49223709106445,13722000,0.0,0.0
2020-09-30 00:00:00-04:00,32.375387061750665,33.09345284986779,32.264781124838876,32.49759292602539,22403000,0.0,0.0
2020-10-01 00:00:00-04:00,32.91327393309912,33.06759144686301,32.54219868644568,32.87937927246094,16016000,0.0,0.0
2020-10-02 00:00:00-04:00,32.11225428379732,32.55112227622523,31.768833061577617,31.829486846923828,17100000,0.0,0.0
2020-10-05 00:00:00-04:00,32.187171825485116,32.72326944362861,32.103325013327165,32.656368255615234,18923000,0.0,0.0
2020-10-06 00:00:00-04:00,32.657260831529854,33.18265345997418,32.29242969843065,32.467262268066406,16672000,0.0,0.0
2020-10-07 00:00:00-04:00,32.85707532303269,32.99176924414254,32.65280564896878,32.713462829589844,12747000,0.0,0.0
2020-10-08 00:00:00-04:00,32.99443669977894,33.38692185275866,32.853502190258595,33.30128860473633,17045000,0.0,0.0
2020-10-09 00:00:00-04:00,33.53322157549667,33.89626979905952,33.361066900169185,33.601905822753906,17253000,0.0,0.0
2020-10-12 00:00:00-04:00,34.05593414071926,34.35118618205096,33.87753206999146,34.11302185058594,18839000,0.0,0.0
2020-10-13 00:00:00-04:00,34.28963256645722,34.592020072800906,33.772267027167516,34.0291633605957,16731000,0.0,0.0
2020-10-14 00:00:00-04:00,34.21203464625453,34.229875193585144,33.70448247386577,33.92302322387695,17298000,0.0,0.0
2020-10-15 00:00:00-04:00,33.45472378352808,33.9399744524985,33.45204582974998,33.89002227783203,14361000,0.0,0.0
2020-10-16 00:00:00-04:00,34.188833781463025,34.188833781463025,33.731233885078204,33.77583694458008,10295000,0.0,0.0
2020-10-19 00:00:00-04:00,34.00687623229772,34.21828146118257,33.46364292089945,33.51894760131836,14803000,0.0,0.0
2020-10-20 00:00:00-04:00,33.62954868913663,33.99794589288891,33.50020729430147,33.62776565551758,13297000,0.0,0.0
2020-10-21 00:00:00-04:00,33.51894316614357,33.61617295320996,33.03190611663704,33.18711853027344,11896000,0.0,0.0
2020-10-22 00:00:00-04:00,33.10060089847544,33.38871744876675,32.74647124969052,33.30487060546875,13547000,0.0,0.0
2020-10-23 00:00:00-04:00,33.29506017163333,33.35571736760699,33.0720583767646,33.246891021728516,8868000,0.0,0.0
2020-10-26 00:00:00-04:00,32.968573980367026,33.00068560244247,31.89905994682523,32.383419036865234,15509000,0.0,0.0
2020-10-27 00:00:00-04:00,32.57430680491074,32.57430680491074,32.04267013537116,32.07656478881836,9620000,0.0,0.0
2020-10-28 00:00:00-04:00,31.577036336860715,31.65374760105545,30.821506605812896,30.971363067626953,22331000,0.0,0.0
2020-10-29 00:00:00-04:00,30.975830093891865,32.062293056640165,30.807238138740207,31.667133331298828,15697000,0.0,0.0
2020-10-30 00:00:00-04:00,31.16582295820283,31.48694593114593,30.7224975382701,31.187232971191406,18530000,0.0,0.0
2020-11-02 00:00:00-05:00,31.66981337975969,31.701033484124416,31.073058523850854,31.331741333007812,11757000,0.0,0.0
2020-11-03 00:00:00-05:00,31.75099421792405,32.04446327813409,30.92231884925257,31.55564308166504,15457000,0.0,0.0
2020-11-04 00:00:00-05:00,32.15506956355675,32.91327417434671,31.85713954362009,32.52525329589844,21277000,0.0,0.0
2020-11-05 00:00:00-05:00,33.214769879686045,34.132644405688275,33.18354977345251,33.97386932373047,21783000,0.0,0.0
2020-11-06 00:00:00-05:00,33.900724915392956,34.22363099410321,33.643825118452455,33.951568603515625,13545000,0.0,0.0
2020-11-09 00:00:00-05:00,34.70799672428727,35.13526821423181,33.45115834479739,33.498435974121094,24088000,0.0,0.0
2020-11-10 00:00:00-05:00,33.03280356724547,33.28969996944966,32.14436266191279,32.391448974609375,26784000,0.0,0.0
2020-11-11 00:00:00-05:00,33.080958457283224,33.64114058557571,32.87490581234192,33.53231430053711,15133000,0.0,0.0
2020-11-12 00:00:00-05:00,33.649170879426386,33.771376732009536,32.85082441489427,33.022090911865234,12160000,0.0,0.0
2020-11-13 00:00:00-05:00,33.45025823509934,33.65809736402592,33.14519272387382,33.31645584106445,10997000,0.0,0.0
2020-11-16 00:00:00-05:00,33.43330359056086,34.01846183353839,33.36105330432489,33.968509674072266,12100000,0.0,0.0
2020-11-17 00:00:00-05:00,33.776737566692,34.113914737693364,33.631338631210234,33.94978713989258,11950000,0.0,0.0
2020-11-18 00:00:00-05:00,33.88645043596085,34.33691489618993,33.862369270063105,33.951568603515625,13517000,0.0,0.0
2020-11-19 00:00:00-05:00,33.6928815156497,34.327991986671854,33.39227700965154,34.28249740600586,14555000,0.0,0.0
2020-11-20 00:00:00-05:00,34.28072227790242,34.68569219394156,34.137109770811335,34.19330596923828,16140000,0.0,0.0
2020-11-23 00:00:00-05:00,34.37527290572579,34.71245348705819,34.163867680659735,34.52067184448242,12212000,0.0,0.0
2020-11-24 00:00:00-05:00,34.665175664524455,35.03892545491733,34.447526418881786,34.98719024658203,13455000,0.0,0.0
2020-11-25 00:00:00-05:00,35.041602093362336,35.27887491247643,34.699072424776624,34.862308502197266,11787000,0.0,0.0
2020-11-27 00:00:00-05:00,35.06925110302343,35.606240334624054,35.05587154355892,35.22981262207031,6846000,0.0,0.0
2020-11-30 00:00:00-05:00,35.14686259709051,35.87295560972157,35.032683760532954,35.82122039794922,15454000,0.0,0.0
2020-12-01 00:00:00-05:00,35.988912133774626,36.27613711252573,35.690982146337916,36.08792495727539,18181000,0.0,0.0
2020-12-02 00:00:00-05:00,36.10308369795681,36.162849353547806,35.7792861430304,36.01299285888672,10031000,0.0,0.0
2020-12-03 00:00:00-05:00,36.08167793463688,36.27256802754812,35.51079409235977,35.66243362426758,16120000,0.0,0.0
2020-12-04 00:00:00-05:00,35.89435724256357,36.78636409508245,35.89346232296895,36.722137451171875,20083000,0.0,0.0
2020-12-07 00:00:00-05:00,37.144053765915494,37.717615521096675,36.870208388727264,37.54367446899414,19707000,0.0,0.0
2020-12-08 00:00:00-05:00,37.40006967512465,38.061935964613696,37.30016532954139,37.76846694946289,18121000,0.0,0.0
2020-12-09 00:00:00-05:00,37.41700902342615,38.00841134484593,36.899646834523665,37.12710952758789,20908000,0.0,0.0
2020-12-10 00:00:00-05:00,36.70073185881683,37.04058694184825,36.394771431032126,36.57585144042969,26244000,0.0,0.0
2020-12-11 00:00:00-05:00,36.037083992876646,36.30468541108017,35.52685384072878,36.19942855834961,26664000,0.0,0.0
2020-12-14 00:00:00-05:00,36.26274974581492,36.95583936110093,36.215472136579216,36.73283767700195,26116000,0.0,0.0
2020-12-15 00:00:00-05:00,37.04325909051328,37.40987326721649,36.8389894471865,37.291236877441406,21207000,0.0,0.0
2020-12-16 00:00:00-05:00,37.28588037039161,38.10206733923976,37.193111589460464,37.9013671875,23160000,0.0,0.0
2020-12-17 00:00:00-05:00,38.04410013373084,38.35719274147433,37.87015903993186,38.008419036865234,17152000,0.0,0.0
2020-12-18 00:00:00-05:00,38.215323406435985,39.191396649270736,37.96343442292508,39.09334182739258,45243000,0.36,0.0
2020-12-21 00:00:00-05:00,38.516690112895866,38.86304088831645,38.11636508905748,38.58236312866211,19096000,0.0,0.0
2020-12-22 00:00:00-05:00,38.58237041943583,39.00248630919722,38.50320382660531,38.962005615234375,17929000,0.0,0.0
2020-12-23 00:00:00-05:00,39.13292048840963,39.22287985247269,38.240509458177456,38.274696350097656,10533000,0.0,0.0
2020-12-24 00:00:00-05:00,38.54727277229531,38.86303650317572,38.46450975079136,38.814456939697266,4123000,0.0,0.0
2020-12-28 00:00:00-05:00,39.07353579363926,39.337123465087096,38.7865643209019,38.85223388671875,10625000,0.0,0.0
2020-12-29 00:00:00-05:00,39.207586310696186,39.207586310696186,38.39434189079606,38.59675216674805,9593000,0.0,0.0
2020-12-30 00:00:00-05:00,38.83335993907024,39.402811011157695,38.69212020487049,39.117637634277344,10553000,0.0,0.0
2020-12-31 00:00:00-05:00,39.25076619586168,39.44777835326161,38.957494026702825,39.389305114746094,10211000,0.0,0.0
2021-01-04 00:00:00-05:00,39.522450569464546,39.78423665147095,37.89506249022235,38.25310516357422,24171000,0.0,0.0
2021-01-05 00:00:00-05:00,38.23780746948288,38.62823531739175,37.99941209514401,38.51218795776367,15069000,0.0,0.0
2021-01-06 00:00:00-05:00,38.08038151560683,39.095137143695574,37.832089003640306,38.274696350097656,17226000,0.0,0.0
2021-01-07 00:00:00-05:00,38.868444311629666,39.99565107051652,38.73710169387661,39.887699127197266,21267000,0.0,0.0
2021-01-08 00:00:00-05:00,40.21244352987212,40.481425897207906,39.461272322741166,40.09009552001953,15271000,0.0,0.0
2021-01-11 00:00:00-05:00,39.637601491288024,40.372578496613556,39.62050804510004,40.10089874267578,11660000,0.0,0.0
2021-01-12 00:00:00-05:00,40.281724430953204,40.91055123865585,40.08651045927597,40.427459716796875,13846000,0.0,0.0
2021-01-13 00:00:00-05:00,40.50932260192953,40.796297599715416,40.3123104086849,40.5911865234375,13118000,0.0,0.0
2021-01-14 00:00:00-05:00,40.798096770283784,41.246997925411186,40.60198027055348,40.66855239868164,19692000,0.0,0.0
2021-01-15 00:00:00-05:00,40.318607418289794,40.48233526043213,39.64210360405372,40.1089973449707,18165000,0.0,0.0
2021-01-19 00:00:00-05:00,40.32760123007115,41.33606313963349,40.32760123007115,41.31626892089844,18819000,0.0,0.0
2021-01-20 00:00:00-05:00,41.33875235542417,41.902805117003425,40.93213017741217,41.55105972290039,14710000,0.0,0.0
2021-01-21 00:00:00-05:00,41.57176759337186,42.233878875446486,41.417936827373055,41.9954833984375,15749000,0.0,0.0
2021-01-22 00:00:00-05:00,41.71659538023843,42.06114448905694,41.59604557401562,41.83354187011719,16248000,0.0,0.0
2021-01-25 00:00:00-05:00,42.24196473751256,42.28154630865521,41.02929438943933,41.81285095214844,14692000,0.0,0.0
2021-01-26 00:00:00-05:00,41.620337505198194,42.0143653153442,41.551068034572275,41.7300910949707,10742000,0.0,0.0
2021-01-27 00:00:00-05:00,40.980720769078154,41.1084634964927,39.71857155807603,40.00554656982422,21857000,0.0,0.0
2021-01-28 00:00:00-05:00,40.979815253697254,41.2451977771537,40.21514694013836,40.63886260986328,16946000,0.0,0.0
2021-01-29 00:00:00-05:00,40.47334279361501,41.211020666500374,40.26913082112834,40.52731704711914,22069000,0.0,0.0
2021-02-01 00:00:00-05:00,41.00860430233625,42.220375633050075,40.805294887888515,41.988277435302734,17027000,0.0,0.0
2021-02-02 00:00:00-05:00,42.25996345021322,42.90857762943558,42.10163027912801,42.900482177734375,16141000,0.0,0.0
2021-02-03 00:00:00-05:00,42.904977733363374,43.04801567116847,41.79486112510495,41.848838806152344,17857000,0.0,0.0
2021-02-04 00:00:00-05:00,41.381936363136035,42.38589913939015,41.155236308789135,42.338218688964844,15243000,0.0,0.0
2021-02-05 00:00:00-05:00,42.67107803100383,42.90407877137609,41.864130742601645,41.922607421875,12488000,0.0,0.0
2021-02-08 00:00:00-05:00,42.16909165982262,42.589207412596636,41.88391494132235,42.524436950683594,17610000,0.0,0.0
2021-02-09 00:00:00-05:00,42.4614657348452,42.7484406864774,42.157397338339756,42.698062896728516,12758000,0.0,0.0
2021-02-10 00:00:00-05:00,42.930171335319734,42.95536023622244,41.87583051910161,42.28605270385742,14587000,0.0,0.0
2021-02-11 00:00:00-05:00,42.61349937248841,43.12267882608801,42.20867538551039,43.03631591796875,17123000,0.0,0.0
2021-02-12 00:00:00-05:00,43.0354191585235,43.812678510647956,42.72145362832149,43.74970626831055,13551000,0.0,0.0
2021-02-16 00:00:00-05:00,44.1599403362719,44.51078676185598,43.81269036452026,44.002506256103516,15163000,0.0,0.0
2021-02-17 00:00:00-05:00,43.56168550780147,43.73171054983058,42.73674576104179,43.40425491333008,14084000,0.0,0.0
2021-02-18 00:00:00-05:00,43.20184397157132,43.66784199275068,42.74304571951094,43.47442626953125,16715000,0.0,0.0
2021-02-19 00:00:00-05:00,43.833373961422865,44.54316559503318,43.790192499532445,44.07716751098633,17992000,0.0,0.0
2021-02-22 00:00:00-05:00,43.541002592152296,43.775798135920226,42.760143286630445,42.853702545166016,16967000,0.0,0.0
2021-02-23 00:00:00-05:00,42.38410994814454,42.69717643226533,41.02750224387671,42.45248031616211,21303000,0.0,0.0
2021-02-24 00:00:00-05:00,42.072833635574135,43.30799195721969,41.621228348738924,43.26031494140625,15125000,0.0,0.0
2021-02-25 00:00:00-05:00,42.7088579104878,43.12537724247982,40.95102642484486,41.12644958496094,23148000,0.0,0.0
2021-02-26 00:00:00-05:00,42.05934630930836,42.79972492734741,41.44851550387666,42.26985549926758,22640000,0.0,0.0
2021-03-01 00:00:00-05:00,43.1541652596346,44.080759723005514,42.62879490176973,44.04297637939453,24677000,0.0,0.0
2021-03-02 00:00:00-05:00,44.11405239804757,44.158132973916416,43.14517541054463,43.2270393371582,18546000,0.0,0.0
2021-03-03 00:00:00-05:00,43.00123976167037,43.3062073494242,41.55916829731182,41.6572265625,23991000,0.0,0.0
2021-03-04 00:00:00-05:00,41.532174384825545,42.01166597678977,39.711370584643866,39.90568542480469,34575000,0.0,0.0
2021-03-05 00:00:00-05:00,40.86466830303123,41.02209892264318,38.9530024449701,40.494930267333984,42414000,0.0,0.0
2021-03-08 00:00:00-05:00,40.19716033126153,40.29881847609188,37.7169425048636,37.895965576171875,45243000,0.0,0.0
2021-03-09 00:00:00-05:00,39.19499214814073,40.20345051433319,38.737093031003056,39.90658187866211,37884000,0.0,0.0
2021-03-10 00:00:00-05:00,40.243931648802544,40.84486864442301,39.14191068740291,39.36591339111328,19914000,0.0,0.0
2021-03-11 00:00:00-05:00,40.39417327357602,41.152540993092536,39.77074460974654,40.81428909301758,26170000,0.0,0.0
2021-03-12 00:00:00-05:00,40.06492372101127,40.79630445781704,39.989357011531474,40.58759689331055,18906000,0.0,0.0
2021-03-15 00:00:00-04:00,40.948328665957355,42.392198047673844,40.769305623192324,42.35081481933594,31241000,0.0,0.0
2021-03-16 00:00:00-04:00,42.39579138844213,43.54099381940304,42.048544981736775,43.01742172241211,31190000,0.0,0.0
2021-03-17 00:00:00-04:00,42.308531951643225,43.835167771049306,42.28244394286039,43.504112243652344,23754000,0.0,0.0
2021-03-18 00:00:00-04:00,42.69176730156241,43.48252018084811,41.71929060891657,41.75527572631836,28728000,0.0,0.0
2021-03-19 00:00:00-04:00,41.43796146677153,43.21769254379253,41.17050100640467,43.01641845703125,108602000,0.36,0.0
2021-03-22 00:00:00-04:00,42.87588617234143,43.634741558978355,42.76346238353114,43.09075927734375,31805000,0.0,0.0
2021-03-23 00:00:00-04:00,42.95476288294684,43.09891891691471,41.94567410372683,42.073509216308594,24712000,0.0,0.0
2021-03-24 00:00:00-04:00,42.56218252019684,42.611141818100435,41.42163078349482,41.4578971862793,20882000,0.0,0.0
2021-03-25 00:00:00-04:00,41.248460516977595,42.06987758434124,40.736210552706424,41.859535217285156,17537000,0.0,0.0
2021-03-26 00:00:00-04:00,41.40078599338788,43.79068561115604,41.40078599338788,43.70364761352539,28925000,0.0,0.0
2021-03-29 00:00:00-04:00,43.55496336672762,43.62386816392019,42.455208494665655,42.8495979309082,28410000,0.0,0.0
2021-03-30 00:00:00-04:00,42.05718277637207,42.06806338830702,40.94564145750429,41.35725784301758,27935000,0.0,0.0
2021-03-31 00:00:00-04:00,41.61475307062708,42.34641040378737,41.01637115856503,42.03724670410156,28684000,0.0,0.0
2021-04-01 00:00:00-04:00,42.79973176079349,43.20862637107679,42.53952389880533,43.15150833129883,23528000,0.0,0.0
2021-04-05 00:00:00-04:00,43.545889608057436,44.39269255724068,43.23037948180432,44.28752136230469,22966000,0.0,0.0
2021-04-06 00:00:00-04:00,43.80156159707586,44.26394615511618,43.31378778873392,43.86956024169922,18063000,0.0,0.0
2021-04-07 00:00:00-04:00,43.51961160829905,43.8732005368465,43.33737683547839,43.741737365722656,12074000,0.0,0.0
2021-04-08 00:00:00-04:00,44.24218181253168,44.24218181253168,43.52956400828456,44.01552200317383,18121000,0.0,0.0
2021-04-09 00:00:00-04:00,43.51868898157277,44.000112873662054,43.20499115645831,43.980167388916016,16614000,0.0,0.0
2021-04-12 00:00:00-04:00,43.6936815234638,44.010097848054826,43.39177038059426,43.851436614990234,23247000,0.0,0.0
2021-04-13 00:00:00-04:00,43.972015628177125,44.263952273620006,43.544987816154475,43.968387603759766,15281000,0.0,0.0
2021-04-14 00:00:00-04:00,43.74262971136278,44.35188869139827,43.08259569110305,43.273895263671875,18220000,0.0,0.0
2021-04-15 00:00:00-04:00,43.667382209076706,43.72812480887296,43.226755397071734,43.51869201660156,18370000,0.0,0.0
2021-04-16 00:00:00-04:00,43.562213676101656,43.68007777591416,43.22675803969466,43.408992767333984,16263000,0.0,0.0
2021-04-19 00:00:00-04:00,43.204087904959565,43.228567556507215,41.709947229054954,41.886741638183594,26319000,0.0,0.0
2021-04-20 00:00:00-04:00,41.706313015161065,41.88945384534155,41.21038052668883,41.45698928833008,19128000,0.0,0.0
2021-04-21 00:00:00-04:00,41.272043555256396,41.73624392917579,41.03450306082546,41.686378479003906,25947000,0.0,0.0
2021-04-22 00:00:00-04:00,41.261160102169725,41.80877041635184,40.70811293944563,41.26206970214844,27057000,0.0,0.0
2021-04-23 00:00:00-04:00,41.56851219234467,42.417127483674015,41.47875577016655,42.26118469238281,22890000,0.0,0.0
2021-04-26 00:00:00-04:00,42.3418767374924,42.95929800270854,42.0290850098084,42.77978515625,18271000,0.0,0.0
2021-04-27 00:00:00-04:00,42.94751620796764,42.998287803421356,42.16418104464995,42.28113555908203,13267000,0.0,0.0
2021-04-28 00:00:00-04:00,42.19227435528259,42.246673961438,41.3472871992856,41.632877349853516,15940000,0.0,0.0
2021-04-29 00:00:00-04:00,42.5839456920379,42.5839456920379,41.6174664191201,42.27568817138672,14650000,0.0,0.0
2021-04-30 00:00:00-04:00,41.67911376072342,41.77159204371451,41.14691488610628,41.36088180541992,19367000,0.0,0.0
2021-05-03 00:00:00-04:00,41.68274925534099,41.69091144559068,40.64283433920238,40.81147003173828,15098000,0.0,0.0
2021-05-04 00:00:00-04:00,40.546722194428376,40.590241184439684,39.6482416397048,40.303741455078125,23497000,0.0,0.0
2021-05-05 00:00:00-04:00,40.83594565257299,40.92933009205067,40.10700679837971,40.239376068115234,16388000,0.0,0.0
2021-05-06 00:00:00-04:00,40.23665827902795,40.71626992172663,39.8776291530425,40.6700325012207,13495000,0.0,0.0
2021-05-07 00:00:00-04:00,41.21492286594556,41.55854068759474,40.72624286908846,41.03268814086914,11712000,0.0,0.0
2021-05-10 00:00:00-04:00,40.651893512709044,40.66549254865464,39.50861993226166,39.53853988647461,25239000,0.0,0.0
2021-05-11 00:00:00-04:00,38.532177617686145,40.051704185290056,38.355383197065876,39.89848327636719,17887000,0.0,0.0
2021-05-12 00:00:00-04:00,38.921125341952546,39.06346563140474,38.00088686259883,38.29463577270508,29940000,0.0,0.0
2021-05-13 00:00:00-04:00,38.97552002227904,39.42249327752411,38.59019896607913,39.039894104003906,21841000,0.0,0.0
2021-05-14 00:00:00-04:00,39.56483398520092,40.35633112272961,39.17135422825477,40.039005279541016,16964000,0.0,0.0
2021-05-17 00:00:00-04:00,40.08615764939868,40.08615764939868,39.24298267641643,39.886695861816406,15725000,0.0,0.0
2021-05-18 00:00:00-04:00,40.24754198995253,40.29468901807768,39.28287824056183,39.3245849609375,17824000,0.0,0.0
2021-05-19 00:00:00-04:00,38.62283729811881,40.118793700896205,38.595639222686266,40.04807662963867,21369000,0.0,0.0
2021-05-20 00:00:00-04:00,40.41345348361666,41.64194950230924,40.37537479337917,41.25209426879883,21886000,0.0,0.0
2021-05-21 00:00:00-04:00,41.52317470702672,41.52317470702672,40.73893016054359,40.91119384765625,13216000,0.0,0.0
2021-05-24 00:00:00-04:00,41.42616850317673,41.92663176203908,41.37539691834367,41.63197326660156,14420000,0.0,0.0
2021-05-25 00:00:00-04:00,41.877674697398405,41.973781024014244,41.38809202585825,41.6637077331543,9600000,0.0,0.0
2021-05-26 00:00:00-04:00,41.77523321064018,41.895815753661516,41.30015562976999,41.749847412109375,9873000,0.0,0.0
2021-05-27 00:00:00-04:00,41.705413830773054,42.470619115394136,41.67368158902662,42.40171432495117,19098000,0.0,0.0
2021-05-28 00:00:00-04:00,42.612058474631574,43.03092757547992,42.40171951197505,42.823307037353516,19946000,0.0,0.0
2021-06-01 00:00:00-04:00,43.105267241389434,43.33736742383621,42.35819856193365,42.45883560180664,16277000,0.0,0.0
2021-06-02 00:00:00-04:00,42.77796594388645,43.310164908492325,42.56399898839345,42.95022964477539,13286000,0.0,0.0
2021-06-03 00:00:00-04:00,42.503255435378804,42.590293425245505,42.000976440212256,42.14059829711914,20389000,0.0,0.0
2021-06-04 00:00:00-04:00,42.657384036168594,43.37363000830519,42.56853376033158,43.065372467041016,23865000,0.0,0.0
2021-06-07 00:00:00-04:00,42.88404088057806,43.01822588485646,41.92935182377108,42.048118591308594,24142000,0.0,0.0
2021-06-08 00:00:00-04:00,42.43525616745893,42.82873594024559,42.02364319216968,42.025455474853516,16615000,0.0,0.0
2021-06-09 00:00:00-04:00,42.35729027225019,42.35729027225019,41.861357688339446,42.06172561645508,12126000,0.0,0.0
2021-06-10 00:00:00-04:00,42.20406063369593,42.57034231877043,41.72444903099144,42.4914665222168,15413000,0.0,0.0
2021-06-11 00:00:00-04:00,42.470619404518246,42.80516888650955,42.35366145068235,42.67551803588867,14508000,0.0,0.0
2021-06-14 00:00:00-04:00,42.6564754034181,43.14696763320614,42.25483344427775,43.140621185302734,14675000,0.0,0.0
2021-06-15 00:00:00-04:00,43.20680716791566,43.20771676787074,42.480590172604835,42.67914581298828,11131000,0.0,0.0
2021-06-16 00:00:00-04:00,42.63653104724465,42.713594565461435,41.83959355576712,42.22673034667969,20437000,0.0,0.0
2021-06-17 00:00:00-04:00,42.14784680397727,43.087124481652324,42.06262456363059,42.71812438964844,20881000,0.0,0.0
2021-06-18 00:00:00-04:00,42.364541118412774,42.59029483128399,41.751650603691616,42.022735595703125,28537000,0.0,0.0
2021-06-21 00:00:00-04:00,42.13877868390941,42.52345950219647,41.88932975438011,42.453102111816406,18591000,0.36,0.0
2021-06-22 00:00:00-04:00,42.63310734413975,42.81585529352506,42.15248117837573,42.438480377197266,13722000,0.0,0.0
2021-06-23 00:00:00-04:00,42.38457016296396,42.75188903173786,42.309643122955194,42.64041519165039,17674000,0.0,0.0
2021-06-24 00:00:00-04:00,42.93556013750506,43.279128022709486,42.81769014444376,42.95109558105469,12502000,0.0,0.0
2021-06-25 00:00:00-04:00,43.06896100239927,43.16947255785014,42.03187178655919,42.23289489746094,19100000,0.0,0.0
2021-06-28 00:00:00-04:00,42.58011315639891,43.5203507468526,42.53534026977041,43.201454162597656,13987000,0.0,0.0
2021-06-29 00:00:00-04:00,43.162163795204194,43.61354908094956,43.01322641441659,43.59893035888672,14184000,0.0,0.0
2021-06-30 00:00:00-04:00,43.688475884136096,43.73050906686338,43.176782272928925,43.57060241699219,15381000,0.0,0.0
2021-07-01 00:00:00-04:00,43.66197558191897,43.66197558191897,42.8478376008562,42.91271209716797,11153000,0.0,0.0
2021-07-02 00:00:00-04:00,43.56420695203786,43.729596496570274,41.63987908848474,42.77839660644531,37054000,0.0,0.0
2021-07-06 00:00:00-04:00,42.98217248809769,43.562393722251265,42.790288629775596,43.24532699584961,13870000,0.0,0.0
2021-07-07 00:00:00-04:00,43.40247726223765,43.435371129965134,42.61392372870076,42.9035758972168,12581000,0.0,0.0
2021-07-08 00:00:00-04:00,42.43575261115736,43.04430146698451,42.17442112264278,42.991302490234375,16011000,0.0,0.0
2021-07-09 00:00:00-04:00,42.90632216762257,43.939758542911015,42.765607371021076,43.875797271728516,16782000,0.0,0.0
2021-07-12 00:00:00-04:00,43.9799605992567,45.14040625139869,43.24348928021362,44.38474655151367,33142000,0.0,0.0
2021-07-13 00:00:00-04:00,44.34636695399152,44.54738657992622,44.0420925834007,44.22575378417969,11806000,0.0,0.0
2021-07-14 00:00:00-04:00,44.69997852269606,44.955827059210975,43.92787371251695,44.0046272277832,14020000,0.0,0.0
2021-07-15 00:00:00-04:00,44.1590562823284,44.26596398147938,43.23070106807153,43.61629867553711,12624000,0.0,0.0
2021-07-16 00:00:00-04:00,43.77345585197595,43.88493320236402,42.695250070030205,42.76926040649414,13980000,0.0,0.0
2021-07-19 00:00:00-04:00,42.34985880913518,42.5773796990151,41.81166737058187,42.54996871948242,14938000,0.0,0.0
2021-07-20 00:00:00-04:00,42.752807386622614,43.15119366491888,42.33065958751907,42.816768646240234,20727000,0.0,0.0
2021-07-21 00:00:00-04:00,42.91180061374194,43.79355631582254,42.80854587042267,43.769798278808594,13660000,0.0,0.0
2021-07-22 00:00:00-04:00,43.548680980213724,43.76706255133372,43.35771038839666,43.524009704589844,12583000,0.0,0.0
2021-07-23 00:00:00-04:00,43.862088815015206,44.186468318504794,43.56969343312219,44.14717483520508,13489000,0.0,0.0
2021-07-26 00:00:00-04:00,44.05671651708746,44.19012195575735,43.83010887256502,44.06402587890625,11160000,0.0,0.0
2021-07-27 00:00:00-04:00,43.92878601674456,44.0247279087959,42.74458247583152,43.435367584228516,14715000,0.0,0.0
2021-07-28 00:00:00-04:00,43.557809106731085,43.775280890452066,43.34034080863757,43.644615173339844,8359000,0.0,0.0
2021-07-29 00:00:00-04:00,43.719543433463706,44.39205344565601,43.62542800343331,44.23488998413086,9162000,0.0,0.0
2021-07-30 00:00:00-04:00,44.038433414121116,44.43864965783117,43.82005189102021,44.352760314941406,11548000,0.0,0.0
2021-08-02 00:00:00-04:00,44.686278930909396,45.19340292769648,44.180071654248465,44.2869758605957,15619000,0.0,0.0
2021-08-03 00:00:00-04:00,44.360987768514015,44.56840701639901,43.85569026252486,44.479774475097656,11135000,0.0,0.0
2021-08-04 00:00:00-04:00,44.638764088269035,44.77125628203182,44.225755550036446,44.572059631347656,12123000,0.0,0.0
2021-08-05 00:00:00-04:00,44.81238047086789,44.81238047086789,44.30616964682675,44.56018829345703,8372000,0.0,0.0
2021-08-06 00:00:00-04:00,44.32261683868332,44.60130675293266,44.2275881580397,44.35551071166992,9964000,0.0,0.0
2021-08-09 00:00:00-04:00,44.45236193111295,44.48342933219456,43.95072082694354,44.2869758605957,5952000,0.0,0.0
2021-08-10 00:00:00-04:00,44.398455561233284,44.448711346323485,43.661070949232204,44.06585693359375,9319000,0.0,0.0
2021-08-11 00:00:00-04:00,44.29885755945488,44.40485202334205,43.840162848359604,44.1837272644043,9816000,0.0,0.0
2021-08-12 00:00:00-04:00,44.06767817504583,44.31621388174564,43.56055421156946,44.24859619140625,8702000,0.0,0.0
2021-08-13 00:00:00-04:00,44.09783089666476,44.67896517253268,44.05214129122294,44.42220687866211,8582000,0.0,0.0
2021-08-16 00:00:00-04:00,44.300685889925994,44.67348774052746,44.26139240616821,44.60313034057617,9188000,0.0,0.0
2021-08-17 00:00:00-04:00,44.370116028441714,44.42768464580741,43.35861144021194,43.73963928222656,16499000,0.0,0.0
2021-08-18 00:00:00-04:00,43.553248664901446,43.592538662955945,42.79484573936049,42.851497650146484,15616000,0.0,0.0
2021-08-19 00:00:00-04:00,42.61209314054641,43.47831690116948,42.27492490150528,43.268157958984375,14044000,0.0,0.0
2021-08-20 00:00:00-04:00,43.2032855868117,43.51486933494412,42.98581378730471,43.41801071166992,10007000,0.0,0.0
2021-08-23 00:00:00-04:00,43.52401131436711,44.42495558272852,43.466446164324985,44.08321762084961,15707000,0.0,0.0
2021-08-24 00:00:00-04:00,44.078649487675264,44.137127869710284,43.87396992211061,43.99001693725586,9429000,0.0,0.0
2021-08-25 00:00:00-04:00,44.00280319394227,44.43225691232071,44.00280319394227,44.170928955078125,10017000,0.0,0.0
2021-08-26 00:00:00-04:00,44.13346915923545,44.60038992802685,43.91417436655919,44.38383483886719,10836000,0.0,0.0
2021-08-27 00:00:00-04:00,44.59124969431419,45.36153161323392,44.4660703427016,45.31584548950195,16459000,0.0,0.0
2021-08-30 00:00:00-04:00,45.68682443369841,46.40410743788235,45.526921245306085,45.58539962768555,19614000,0.0,0.0
2021-08-31 00:00:00-04:00,45.80468620742463,45.80468620742463,45.019785704704006,45.431880950927734,17378000,0.0,0.0
2021-09-01 00:00:00-04:00,45.34599407847825,45.61737459052014,45.03715352606857,45.061824798583984,12586000,0.0,0.0
2021-09-02 00:00:00-04:00,45.30214067827179,45.319502591998834,44.78770727910828,44.94669723510742,16991000,0.0,0.0
2021-09-03 00:00:00-04:00,45.3131013151781,46.23506030829129,45.233608089025886,45.47483444213867,25191000,0.0,0.0
2021-09-07 00:00:00-04:00,45.467514347068644,45.467514347068644,44.86444856042276,45.37522888183594,12398000,0.0,0.0
2021-09-08 00:00:00-04:00,45.65209763055559,45.67676541702046,44.600386188634715,45.17329788208008,13987000,0.0,0.0
2021-09-09 00:00:00-04:00,45.03349778977453,45.56803274075724,45.03349778977453,45.091976165771484,13174000,0.0,0.0
2021-09-10 00:00:00-04:00,45.41727222171563,46.234150048013824,45.36792967230756,45.51778030395508,16110000,0.0,0.0
2021-09-13 00:00:00-04:00,45.86956587928197,45.912512296783454,45.07095980027581,45.59178924560547,14927000,0.0,0.0
2021-09-14 00:00:00-04:00,45.8695717388404,46.182068748832265,45.53696962635745,45.85769271850586,14134000,0.0,0.0
2021-09-15 00:00:00-04:00,45.880536656854915,46.66452061345397,45.633827395013434,46.57680130004883,23346000,0.0,0.0
2021-09-16 00:00:00-04:00,46.161971639661225,46.52289800078001,45.70601659221468,46.35842514038086,17569000,0.0,0.0
2021-09-17 00:00:00-04:00,46.049577759553515,46.383093115401365,45.778197210655115,46.23506546020508,34470000,0.0,0.0
2021-09-20 00:00:00-04:00,45.59544943694258,45.96094191905436,44.6305439860131,45.213504791259766,30105000,0.0,0.0
2021-09-21 00:00:00-04:00,45.422441442174744,45.44637359599186,44.82508210223058,45.19233322143555,16935000,0.36,0.0
2021-09-22 00:00:00-04:00,45.4923934137934,46.29777216647979,45.30554635776223,46.07594680786133,20610000,0.0,0.0
2021-09-23 00:00:00-04:00,46.252676405192815,46.69264395221231,46.075952040031126,46.41743469238281,18370000,0.0,0.0
2021-09-24 00:00:00-04:00,46.23057700151601,46.527874983150475,46.09803375807403,46.474491119384766,10605000,0.0,0.0
2021-09-27 00:00:00-04:00,46.00139249442229,46.55733400712585,45.78048707065784,46.46805191040039,9831000,0.0,0.0
2021-09-28 00:00:00-04:00,45.74551737648244,46.15510974991537,45.15091778727847,45.195098876953125,20124000,0.0,0.0
2021-09-29 00:00:00-04:00,45.435329349895916,45.49423629845976,44.88491085607901,45.05335235595703,15783000,0.0,0.0
2021-09-30 00:00:00-04:00,45.517254583482206,45.517254583482206,44.59314182973037,44.634559631347656,15735000,0.0,0.0
2021-10-01 00:00:00-04:00,44.903320749362614,44.977876997110485,43.95067279877842,44.8572998046875,16052000,0.0,0.0
2021-10-04 00:00:00-04:00,44.634550072956856,44.78457896972855,43.516224023522796,43.80800247192383,20093000,0.0,0.0
2021-10-05 00:00:00-04:00,43.80708832612108,45.081886442407104,43.75094115663669,44.679656982421875,16557000,0.0,0.0
2021-10-06 00:00:00-04:00,44.46887497378052,45.04138576121629,44.15316786170546,44.98891830444336,12042000,0.0,0.0
2021-10-07 00:00:00-04:00,45.3432870506608,46.01244287401745,45.3432870506608,45.46202087402344,13261000,0.0,0.0
2021-10-08 00:00:00-04:00,45.728944272786435,45.83755537753068,45.21902368571769,45.36353302001953,10279000,0.0,0.0
2021-10-11 00:00:00-04:00,45.21534879844787,45.98390946998587,45.179450565062126,45.31659698486328,11186000,0.0,0.0
2021-10-12 00:00:00-04:00,45.638744026328574,45.71789990648393,44.36670580195304,44.66676712036133,20991000,0.0,0.0
2021-10-13 00:00:00-04:00,44.288472967454894,44.67597304999562,44.139363980618334,44.64191818237305,16424000,0.0,0.0
2021-10-14 00:00:00-04:00,45.272409339489194,45.943404948004165,45.17668424215978,45.80073547363281,19233000,0.0,0.0
2021-10-15 00:00:00-04:00,46.426633337710896,46.56101645431216,46.12105245769301,46.32078552246094,25103000,0.0,0.0
2021-10-18 00:00:00-04:00,46.05755522717773,46.3879882805634,45.89831998502136,46.3309211730957,16042000,0.0,0.0
2021-10-19 00:00:00-04:00,46.41927288448929,47.02215884239353,46.18456150376058,46.97797775268555,16383000,0.0,0.0
2021-10-20 00:00:00-04:00,47.03412198012191,47.257787213347406,46.79849418038098,46.88593292236328,13458000,0.0,0.0
2021-10-21 00:00:00-04:00,46.888690383406725,47.38296166062582,46.81321421732777,47.32405471801758,11787000,0.0,0.0
2021-10-22 00:00:00-04:00,47.37836271807163,47.989531518699955,47.220047442934145,47.440032958984375,15367000,0.0,0.0
2021-10-25 00:00:00-04:00,47.631481127499434,48.27670476643212,47.41886206133504,48.05303955078125,12416000,0.0,0.0
2021-10-26 00:00:00-04:00,48.34389269227473,49.242236740237566,48.23068195353621,49.1391487121582,24043000,0.0,0.0
2021-10-27 00:00:00-04:00,48.950461120698606,49.34164439587528,48.03371145296153,48.148765563964844,23500000,0.0,0.0
2021-10-28 00:00:00-04:00,48.243568070375005,48.778337217292915,48.178214614273216,48.74336242675781,11872000,0.0,0.0
2021-10-29 00:00:00-04:00,48.184658263288426,48.98083422296296,48.184658263288426,48.93665313720703,15564000,0.0,0.0
2021-11-01 00:00:00-04:00,48.81423761787488,49.020413683690286,48.31628309379551,48.603458404541016,16896000,0.0,0.0
2021-11-02 00:00:00-04:00,48.54823103394845,49.77885144573582,48.47735801151986,49.43368911743164,16262000,0.0,0.0
2021-11-03 00:00:00-04:00,49.61593203577086,50.05221982232563,49.12994359960535,49.92151641845703,14038000,0.0,0.0
2021-11-04 00:00:00-04:00,50.053140810954545,50.5382093301578,49.788054288603426,50.496788024902344,15956000,0.0,0.0
2021-11-05 00:00:00-04:00,50.62381106368713,51.51386883470869,50.606321911097275,51.4448356628418,18674000,0.0,0.0
2021-11-08 00:00:00-05:00,51.725566526748985,51.90229087995182,51.36936154963553,51.44759750366211,17231000,0.0,0.0
2021-11-09 00:00:00-05:00,51.469695052366966,51.7191323271164,51.09692078700475,51.34175491333008,15838000,0.0,0.0
2021-11-10 00:00:00-05:00,51.019590228561185,51.62707573425285,50.44431973032391,50.510589599609375,18450000,0.0,0.0
2021-11-11 00:00:00-05:00,50.87140475873532,51.27915724678024,50.514276358976225,51.12084197998047,14157000,0.0,0.0
2021-11-12 00:00:00-05:00,51.39789463793802,52.081776329810346,51.046289288416254,51.84062194824219,13592000,0.0,0.0
2021-11-15 00:00:00-05:00,52.25204934165242,52.25204934165242,51.528589823640495,52.07532501220703,13972000,0.0,0.0
2021-11-16 00:00:00-05:00,51.920702078325085,52.42141641793773,51.79644166516651,52.351463317871094,13194000,0.0,0.0
2021-11-17 00:00:00-05:00,52.29347129590268,52.589852893312276,51.921617041655466,52.43153762817383,12532000,0.0,0.0
2021-11-18 00:00:00-05:00,52.56591913494574,53.08412256199927,52.431536026923894,52.90739822387695,12712000,0.0,0.0
2021-11-19 00:00:00-05:00,53.042699319345566,53.128301703631095,52.09005152189009,52.34685516357422,19612000,0.0,0.0
2021-11-22 00:00:00-05:00,52.619305383817306,52.65244032092145,50.8520759673175,50.92570877075195,25898000,0.0,0.0
2021-11-23 00:00:00-05:00,50.84655638782777,51.16318343335472,50.48850803469376,51.09507369995117,17109000,0.0,0.0
2021-11-24 00:00:00-05:00,50.92110791419054,51.459560284954364,50.383571959488705,51.427345275878906,12084000,0.0,0.0
2021-11-26 00:00:00-05:00,50.78672633448606,51.295727039587014,50.00896289210911,50.30994415283203,14219000,0.0,0.0
2021-11-29 00:00:00-05:00,51.194474919467275,52.239168186505125,50.962526848925684,51.94370651245117,18703000,0.0,0.0
2021-11-30 00:00:00-05:00,51.84521915151219,52.00353441116974,50.807892374422714,50.9625244140625,22574000,0.0,0.0
2021-12-01 00:00:00-05:00,51.86455476661886,52.32477123534774,50.93031589688691,51.06193923950195,21980000,0.0,0.0
2021-12-02 00:00:00-05:00,50.26207522072737,51.46232044394851,50.07154845775434,50.84931182861328,22619000,0.0,0.0
2021-12-03 00:00:00-05:00,51.99893506037147,52.37263269462377,50.66062696236709,51.37120056152344,20305000,0.0,0.0
2021-12-06 00:00:00-05:00,51.97224553955669,52.314648106387295,51.171469873482515,52.002620697021484,22482000,0.0,0.0
2021-12-07 00:00:00-05:00,52.64876470544918,54.58811547140061,52.64876470544918,54.34236145019531,29562000,0.0,0.0
2021-12-08 00:00:00-05:00,54.392065932137726,54.392065932137726,53.608775896991766,54.17300033569336,17998000,0.0,0.0
2021-12-09 00:00:00-05:00,53.61061565849028,54.327632301470196,53.61061565849028,53.69989776611328,29080000,0.0,0.0
2021-12-10 00:00:00-05:00,57.4331767279383,59.34491574295988,56.93706550823141,58.141910552978516,57087000,0.0,0.0
2021-12-13 00:00:00-05:00,58.35545033553664,58.39410835083479,57.18005706712795,57.219635009765625,26898000,0.0,0.0
2021-12-14 00:00:00-05:00,56.86802523963541,56.93981818945173,55.74509600608249,56.59833908081055,35956000,0.0,0.0
2021-12-15 00:00:00-05:00,56.65908513685049,58.98685923431993,56.17769984397223,58.89481735229492,29092000,0.0,0.0
2021-12-16 00:00:00-05:00,58.66470631969919,58.968450835910545,56.284468393521905,57.129425048828125,42748000,0.0,0.0
2021-12-17 00:00:00-05:00,56.83948370828038,58.906777745930974,56.61581851558846,58.44379806518555,50661000,0.0,0.0
2021-12-20 00:00:00-05:00,57.64671344295914,59.46825023420485,57.53533903975334,59.37068176269531,32770000,0.0,0.0
2021-12-21 00:00:00-05:00,60.03485318326647,60.161760103309085,58.66390225653113,59.8625602722168,36534000,0.41,0.0
2021-12-22 00:00:00-05:00,59.59207757465403,60.87410820422643,59.215989390446346,60.692543029785156,28383000,0.0,0.0
2021-12-23 00:00:00-05:00,60.778697086699815,62.1311248602401,60.778697086699815,61.58182144165039,23596000,0.0,0.0
2021-12-27 00:00:00-05:00,61.581806856925674,62.64707007058281,61.55030805014761,62.459957122802734,19442000,0.0,0.0
2021-12-28 00:00:00-05:00,62.76287912764019,62.78233531818537,61.78839465771531,61.97087860107422,17247000,0.0,0.0
2021-12-29 00:00:00-05:00,62.0449956107619,62.71194092240161,61.98200503566315,62.30529022216797,14797000,0.0,0.0
2021-12-30 00:00:00-05:00,62.3506694436059,62.59151490250858,61.492900875339956,61.607765197753906,11473000,0.0,0.0
2021-12-31 00:00:00-05:00,61.782825347341934,62.18484687554337,61.44009112862598,61.63832092285156,12046000,0.0,0.0
2022-01-03 00:00:00-05:00,61.72261649866094,62.22097193153786,61.25019087012949,61.44471740722656,22591000,0.0,0.0
2022-01-04 00:00:00-05:00,61.40396081768009,62.266365337246796,60.880587255046656,62.14872360229492,21103000,0.0,0.0
2022-01-05 00:00:00-05:00,62.175585549652325,62.175585549652325,59.47072322077077,59.562435150146484,34961000,0.0,0.0
2022-01-06 00:00:00-05:00,59.299352836545275,60.08579831206262,58.768572813241406,59.00941467285156,28581000,0.0,0.0
2022-01-07 00:00:00-05:00,58.90011118751788,59.27619935167919,57.289240677799,57.35315704345703,27832000,0.0,0.0
2022-01-10 00:00:00-05:00,56.39997808756096,57.62086628491467,55.90995139976187,57.53935241699219,29793000,0.0,0.0
2022-01-11 00:00:00-05:00,57.01876359372026,58.172958060815375,56.9289103436941,57.62179946899414,19037000,0.0,0.0
2022-01-12 00:00:00-05:00,58.12755854993726,58.449917806645246,57.40780686114433,57.617156982421875,18806000,0.0,0.0
2022-01-13 00:00:00-05:00,58.12386981890329,58.161845788441624,55.037367329200514,55.3189697265625,30048000,0.0,0.0
2022-01-14 00:00:00-05:00,55.18834531690535,55.614452079409055,54.838197546048924,55.24300003051758,25661000,0.0,0.0
2022-01-18 00:00:00-05:00,54.49731360142076,54.749272300587876,53.355158312308205,53.52189636230469,35825000,0.0,0.0
2022-01-19 00:00:00-05:00,53.872966904857485,54.1647566898522,52.182430708567146,52.24171447753906,22692000,0.0,0.0
2022-01-20 00:00:00-05:00,52.61502104642244,52.81325434899082,50.64844095863151,50.73644256591797,25225000,0.0,0.0
2022-01-21 00:00:00-05:00,50.636406768301086,51.44786336359169,49.21913339588123,49.39421081542969,38010000,0.0,0.0
2022-01-24 00:00:00-05:00,49.177445488623185,50.346463296690885,47.55730990429499,50.16768264770508,54256000,0.0,0.0
2022-01-25 00:00:00-05:00,48.90974110453667,50.52154096902485,48.55959334309942,49.4785041809082,38158000,0.0,0.0
2022-01-26 00:00:00-05:00,51.1329194984993,53.18657226276237,50.95413881193071,51.60719680786133,49715000,0.0,0.0
2022-01-27 00:00:00-05:00,52.774356324956834,52.82437844688895,50.11674204789773,50.23530960083008,34183000,0.0,0.0
2022-01-28 00:00:00-05:00,50.33257482680024,51.9202896182376,49.31640061048602,51.883235931396484,30254000,0.0,0.0
2022-01-31 00:00:00-05:00,51.81838966116895,54.31667935146963,51.503440415116515,54.27128982543945,40288000,0.0,0.0
2022-02-01 00:00:00-05:00,54.27036064014647,55.014194040302485,53.33940720791526,54.90488815307617,25719000,0.0,0.0
2022-02-02 00:00:00-05:00,55.4866229285034,56.02388720918961,54.98918623414221,55.89698028564453,24443000,0.0,0.0
2022-02-03 00:00:00-05:00,55.178153166056326,55.488469790644366,53.73772401773454,53.80534362792969,30602000,0.0,0.0
2022-02-04 00:00:00-05:00,53.391275230482364,55.257810955014435,53.36904161044004,54.66774368286133,20548000,0.0,0.0
2022-02-07 00:00:00-05:00,54.66775304642474,55.72561346258944,54.111961921034734,54.43339538574219,18671000,0.0,0.0
2022-02-08 00:00:00-05:00,54.50287381371796,55.7506282601479,54.374115256791995,55.59963607788086,14570000,0.0,0.0
2022-02-09 00:00:00-05:00,56.2600954969581,56.66489794920797,55.72375353786884,56.629695892333984,22004000,0.0,0.0
2022-02-10 00:00:00-05:00,55.14387556684077,56.935381757890525,54.52046136343206,54.778907775878906,24920000,0.0,0.0
2022-02-11 00:00:00-05:00,54.77891023824054,55.55701987913488,52.715066829119685,53.117088317871094,27281000,0.0,0.0
2022-02-14 00:00:00-05:00,53.26345304134046,53.98690804217411,52.806776798299545,53.59507751464844,19291000,0.0,0.0
2022-02-15 00:00:00-05:00,54.5630879622119,56.13876024498185,54.490835741085526,55.835853576660156,34284000,0.0,0.0
2022-02-16 00:00:00-05:00,55.02901887433205,55.654288321562156,54.395417118420475,55.3208122253418,22931000,0.0,0.0
2022-02-17 00:00:00-05:00,54.62514673096757,54.79929481252759,53.623792611772025,53.63398361206055,21424000,0.0,0.0
2022-02-18 00:00:00-05:00,53.813682912868586,54.44357781433084,53.10411871119166,53.72568130493164,19708000,0.0,0.0
2022-02-22 00:00:00-05:00,53.72568274262316,54.67238204453855,52.78268668868341,53.4913215637207,20204000,0.0,0.0
2022-02-23 00:00:00-05:00,53.74791712851103,54.196257523760245,52.313046234933786,52.354732513427734,22416000,0.0,0.0
2022-02-24 00:00:00-05:00,51.09400897494348,54.25368890824832,50.8568703444501,53.72661209106445,35316000,0.0,0.0
2022-02-25 00:00:00-05:00,53.71086214417301,54.59549669727832,53.17081693192327,54.468589782714844,22380000,0.0,0.0
2022-02-28 00:00:00-05:00,53.81924655401418,54.865990231955614,53.391288134730445,54.41579818725586,25005000,0.0,0.0
2022-03-01 00:00:00-05:00,54.17031699044892,54.43246666694561,52.36491644094548,52.811405181884766,24898000,0.0,0.0
2022-03-02 00:00:00-05:00,53.21898337781961,54.70202462025263,53.13191111486837,54.262020111083984,21771000,0.0,0.0
2022-03-03 00:00:00-05:00,54.993815103667686,54.99566672764257,53.201383024207225,53.596923828125,26454000,0.0,0.0
2022-03-04 00:00:00-05:00,54.91137180682895,56.126704989041485,54.09806364540099,55.207794189453125,44757000,0.0,0.0
2022-03-07 00:00:00-05:00,55.30876626750996,55.466239118103964,52.800289200442926,52.86513137817383,26494000,0.0,0.0
2022-03-08 00:00:00-05:00,53.001308155592625,55.213363171545986,52.208378306862826,53.35145950317383,26993000,0.0,0.0
2022-03-09 00:00:00-05:00,54.54085090480768,55.73117314474279,54.37503866872178,55.3032112121582,22560000,0.0,0.0
2022-03-10 00:00:00-05:00,54.241635308733635,54.65477355416545,53.390347762914594,54.44264602661133,19323000,0.0,0.0
2022-03-11 00:00:00-05:00,54.838199329897336,55.06329534237976,53.45983475808498,53.5274543762207,19813000,0.0,0.0
2022-03-14 00:00:00-04:00,53.44500294119921,53.72475362603107,52.31396464669123,52.596492767333984,25234000,0.0,0.0
2022-03-15 00:00:00-04:00,53.473721513813686,55.279118421098154,53.26715237276554,54.908592224121094,28260000,0.0,0.0
2022-03-16 00:00:00-04:00,55.2689299327313,56.29343977782298,54.10268958839398,56.23878860473633,29454000,0.0,0.0
2022-03-17 00:00:00-04:00,56.016481355756035,56.227683128850444,55.3597201325914,55.82658386230469,18174000,0.0,0.0
2022-03-18 00:00:00-04:00,55.94700082727599,56.802921110756415,55.20779646422921,56.54355239868164,41538000,0.0,0.0
2022-03-21 00:00:00-04:00,56.47735287126539,56.47735287126539,54.916205670180105,56.075408935546875,25789000,0.41,0.0
2022-03-22 00:00:00-04:00,56.115500902440665,57.2140836951448,55.89261102788782,57.01264572143555,19262000,0.0,0.0
2022-03-23 00:00:00-04:00,56.70115401438029,57.01543676495853,55.876750120407394,55.89726638793945,13839000,0.0,0.0
2022-03-24 00:00:00-04:00,56.573393110855335,58.49358711116948,56.14160871570174,58.41991424560547,26016000,0.0,0.0
2022-03-25 00:00:00-04:00,58.480523658564245,58.79107454568459,57.826781560941335,58.647457122802734,14538000,0.0,0.0
2022-03-28 00:00:00-04:00,58.368624390822845,59.060602921472245,57.42671165763079,59.02143096923828,14427000,0.0,0.0
2022-03-29 00:00:00-04:00,59.685424475812916,60.180625331317444,58.75283971837834,59.82251739501953,23001000,0.0,0.0
2022-03-30 00:00:00-04:00,59.58005845751451,60.08551935331605,58.50385600095767,58.85450744628906,18626000,0.0,0.0
2022-03-31 00:00:00-04:00,58.797611885538984,59.59217531403501,58.5709937310143,58.72300338745117,21731000,0.0,0.0
2022-04-01 00:00:00-04:00,58.910455041366646,59.179041374081464,57.69809536870135,58.47121047973633,16267000,0.0,0.0
2022-04-04 00:00:00-04:00,58.41897563761922,59.379540403859416,58.24178580575389,59.20514678955078,16484000,0.0,0.0
2022-04-05 00:00:00-04:00,58.710877577951074,58.96360797245064,57.167447320448474,57.27189636230469,19778000,0.0,0.0
2022-04-06 00:00:00-04:00,56.1490655148138,57.03595385418611,55.374086354746794,56.141605377197266,23742000,0.0,0.0
2022-04-07 00:00:00-04:00,55.93923764885788,56.667584752962064,55.324663873738416,56.23952865600586,16583000,0.0,0.0
2022-04-08 00:00:00-04:00,55.71075830721645,55.82360313435487,54.64667996969867,54.74273681640625,20464000,0.0,0.0
2022-04-11 00:00:00-04:00,54.330530354387186,54.95536408489789,54.03676739272807,54.146812438964844,23512000,0.0,0.0
2022-04-12 00:00:00-04:00,54.93950396908964,55.82359611923311,54.29228987288018,54.562740325927734,17350000,0.0,0.0
2022-04-13 00:00:00-04:00,54.88260936746865,55.64826418348849,54.65412710709967,55.259376525878906,20266000,0.0,0.0
2022-04-14 00:00:00-04:00,55.48786677006437,55.68091251799102,53.42405532019068,53.516380310058594,27385000,0.0,0.0
2022-04-18 00:00:00-04:00,53.42312227383502,55.13628229947448,53.42312227383502,54.696102142333984,21375000,0.0,0.0
2022-04-19 00:00:00-04:00,54.03023513542534,55.83385242063175,54.03023513542534,55.73313522338867,16581000,0.0,0.0
2022-04-20 00:00:00-04:00,56.34677989905057,57.20755610458171,55.50092752847577,55.74246597290039,13920000,0.0,0.0
2022-04-21 00:00:00-04:00,56.471742685401374,57.435103698639814,55.0840574237314,55.277099609375,20352000,0.0,0.0
2022-04-22 00:00:00-04:00,55.032762369610694,55.83758207349521,54.673715234242934,54.73806381225586,21064000,0.0,0.0
2022-04-25 00:00:00-04:00,54.22887312568104,54.906863400391806,53.26178383332354,54.82479476928711,26959000,0.0,0.0
2022-04-26 00:00:00-04:00,54.44430622256418,54.59911565397376,52.19770887946481,52.23128128051758,35809000,0.0,0.0
2022-04-27 00:00:00-04:00,51.83213112080506,53.16479564469461,51.75845825659317,52.18185043334961,19313000,0.0,0.0
2022-04-28 00:00:00-04:00,52.77871016543312,54.55807943500864,52.035439193317345,53.99106979370117,22334000,0.0,0.0
2022-04-29 00:00:00-04:00,53.401680331462764,53.929521619742154,51.609251233662135,51.701576232910156,26108000,0.0,0.0
2022-05-02 00:00:00-04:00,51.95803367681911,53.8698319331774,51.88715702805717,53.74952697753906,26725000,0.0,0.0
2022-05-03 00:00:00-04:00,53.717819150372044,54.71941290047239,53.322399833454305,54.199031829833984,17064000,0.0,0.0
2022-05-04 00:00:00-04:00,54.25685394482051,56.334653556108776,53.528503281414196,56.296417236328125,23896000,0.0,0.0
2022-05-05 00:00:00-04:00,55.416993794092996,55.75645322369246,53.55741995482363,54.088993072509766,32806000,0.0,0.0
2022-05-06 00:00:00-04:00,53.618030484469394,55.02063954454197,53.104177478886996,54.0992431640625,20745000,0.0,0.0
2022-05-09 00:00:00-04:00,53.42592338737575,53.903407835579166,52.24993587712028,52.4970703125,30074000,0.0,0.0
2022-05-10 00:00:00-04:00,54.13562211556651,55.12975941021457,53.32520629951363,54.21955490112305,29271000,0.0,0.0
2022-05-11 00:00:00-04:00,53.5844559287205,54.52730061188426,52.77124047177104,52.887813568115234,26660000,0.0,0.0
2022-05-12 00:00:00-04:00,52.54182983543084,53.493998868202176,52.062481286347236,53.30375289916992,25518000,0.0,0.0
2022-05-13 00:00:00-04:00,53.814813526845924,55.170790637965766,53.483742755706906,54.858375549316406,19449000,0.0,0.0
2022-05-16 00:00:00-04:00,54.498386290605886,54.94229824509272,53.870756453159224,54.33891296386719,14189000,0.0,0.0
2022-05-17 00:00:00-04:00,55.530761951013076,56.79441752529346,55.359168106962464,56.715145111083984,24676000,0.0,0.0
2022-05-18 00:00:00-04:00,55.95509304914372,56.02223785163202,52.80109099940055,53.21049499511719,35024000,0.0,0.0
2022-05-19 00:00:00-04:00,52.038227457556204,52.29468968247604,50.26258674974046,50.9387092590332,34884000,0.0,0.0
2022-05-20 00:00:00-04:00,51.655875388349756,51.757528220684804,47.789378602092604,50.65707778930664,40281000,0.0,0.0
2022-05-23 00:00:00-04:00,48.86744578464328,49.94644425384916,47.95910552699782,49.0875358581543,58586000,0.0,0.0
2022-05-24 00:00:00-04:00,49.11551104785451,49.321612913224975,48.139093944272766,48.88609313964844,25060000,0.0,0.0
2022-05-25 00:00:00-04:00,48.858115464098525,50.12176739881231,48.858115464098525,49.579002380371094,17842000,0.0,0.0
2022-05-26 00:00:00-04:00,49.57061690784838,51.718361231293464,49.21436950623792,51.353721618652344,39743000,0.0,0.0
2022-05-27 00:00:00-04:00,52.41966600483259,54.59911866606099,52.225688168572034,54.39581298828125,37301000,0.0,0.0
2022-05-31 00:00:00-04:00,54.509586814258604,54.74552925146932,53.716887533678936,54.102046966552734,30009000,0.0,0.0
2022-06-01 00:00:00-04:00,54.79681468990114,55.11016536014154,53.01091402386981,53.49492645263672,18345000,0.0,0.0
2022-06-02 00:00:00-04:00,53.88009663236333,53.88196077768533,52.98294823592011,53.78590393066406,29488000,0.0,0.0
2022-06-03 00:00:00-04:00,53.05195144613049,53.120028313742395,52.31614068725164,52.534366607666016,20562000,0.0,0.0
2022-06-06 00:00:00-04:00,53.29908761167992,53.410996793091265,51.99533515352795,52.33945846557617,14557000,0.0,0.0
2022-06-07 00:00:00-04:00,52.275116682821505,53.58073345579157,51.994406283972516,53.43618392944336,15895000,0.0,0.0
2022-06-08 00:00:00-04:00,53.327062880448715,53.74206282863094,52.42432219559451,52.724613189697266,24004000,0.0,0.0
2022-06-09 00:00:00-04:00,52.3329346098678,53.49679801672707,51.845190266033164,51.87223815917969,18787000,0.0,0.0
2022-06-10 00:00:00-04:00,51.300555655911104,51.38915234936307,50.333466395629124,50.4780158996582,24018000,0.0,0.0
2022-06-13 00:00:00-04:00,49.12670128967031,49.70676698963404,48.1232398888272,48.27245330810547,31619000,0.0,0.0
2022-06-14 00:00:00-04:00,48.957909216364826,48.957909216364826,47.989884247692316,48.5102653503418,24380000,0.0,0.0
2022-06-15 00:00:00-04:00,49.34772461102465,49.784172894605874,48.07660896282221,49.120174407958984,19141000,0.0,0.0
2022-06-16 00:00:00-04:00,47.743677925977934,47.97495997791651,45.90928453067474,46.366249084472656,37244000,0.0,0.0
2022-06-17 00:00:00-04:00,46.16294666439103,46.66281145247473,45.4980125485982,46.50334167480469,43504000,0.0,0.0
2022-06-21 00:00:00-04:00,47.399474915231146,48.04170982065814,47.28757773981731,47.370323181152344,21901000,0.41,0.0
2022-06-22 00:00:00-04:00,46.66883636842641,47.37031077118415,46.47042742974428,46.64908981323242,24721000,0.0,0.0
2022-06-23 00:00:00-04:00,47.1803633519553,47.1803633519553,46.17046613333257,46.69422149658203,16707000,0.0,0.0
2022-06-24 00:00:00-04:00,47.485977546420365,48.12539297658148,47.152165659457516,47.870567321777344,21201000,0.0,0.0
2022-06-27 00:00:00-04:00,48.31344818697701,48.33601414048123,47.28098138345862,47.552730560302734,13207000,0.0,0.0
2022-06-28 00:00:00-04:00,48.201555835086005,48.34636391543795,46.83809646886119,46.87006759643555,15667000,0.0,0.0
2022-06-29 00:00:00-04:00,46.59079215224785,46.63310466379945,45.762373007594505,46.114051818847656,14444000,0.0,0.0
2022-06-30 00:00:00-04:00,45.89026127489895,46.427181120428216,45.20194756629541,45.68151092529297,18890000,0.0,0.0
2022-07-01 00:00:00-04:00,45.07970274191403,45.53669290594757,44.14126609923106,44.932071685791016,21315000,0.0,0.0
2022-07-05 00:00:00-04:00,44.38292570674633,44.846501625691346,43.62220808709974,44.787261962890625,20711000,0.0,0.0
2022-07-06 00:00:00-04:00,45.18502543566677,45.798112132200266,44.71204424750514,45.380611419677734,22975000,0.0,0.0
2022-07-07 00:00:00-04:00,45.89777938929203,47.14651859521011,45.89777938929203,46.8785285949707,21319000,0.0,0.0
2022-07-08 00:00:00-04:00,46.356659086586355,46.98103056820131,46.07550467728597,46.89263916015625,12713000,0.0,0.0
2022-07-11 00:00:00-04:00,46.02754152482929,46.22782647633881,45.227330757448,45.404109954833984,21449000,0.0,0.0
2022-07-12 00:00:00-04:00,45.870512023819884,46.31998023935322,45.14176544267176,45.264007568359375,21159000,0.0,0.0
2022-07-13 00:00:00-04:00,44.663146382189176,45.66552178899524,44.410200340707874,45.29785919189453,17665000,0.0,0.0
2022-07-14 00:00:00-04:00,45.365564098427235,45.76331825465898,44.51739829668653,45.571495056152344,19957000,0.0,0.0
2022-07-15 00:00:00-04:00,46.15354303579379,46.52120560199571,45.71159324695297,46.494876861572266,18714000,0.0,0.0
2022-07-18 00:00:00-04:00,47.03086246625915,47.2424358016991,45.905305091517945,46.175174713134766,18042000,0.0,0.0
2022-07-19 00:00:00-04:00,46.71491171778795,48.083070000118155,46.62934331184858,47.862098693847656,27257000,0.0,0.0
2022-07-20 00:00:00-04:00,47.91287608699087,48.671714192869345,47.436135744766105,48.12256622314453,27412000,0.0,0.0
2022-07-21 00:00:00-04:00,48.19591997366415,48.69052375068761,47.58189345520428,48.67830276489258,13912000,0.0,0.0
2022-07-22 00:00:00-04:00,48.78455671040938,48.87670731789191,47.64395171555135,48.19309616088867,17867000,0.0,0.0
2022-07-25 00:00:00-04:00,47.99939763287198,48.26832749312126,47.629851783133255,48.24858093261719,15061000,0.0,0.0
2022-07-26 00:00:00-04:00,48.391503988099586,48.59649155684096,47.854580541076075,48.058631896972656,17958000,0.0,0.0
2022-07-27 00:00:00-04:00,48.72719280875338,49.854633342607244,48.60777366576105,49.62895584106445,25699000,0.0,0.0
2022-07-28 00:00:00-04:00,49.70418595253851,50.449856173148056,48.95099015889241,50.17622375488281,14867000,0.0,0.0
2022-07-29 00:00:00-04:00,50.02295671434289,50.57304098173047,49.86216125120412,50.35206604003906,18482000,0.0,0.0
2022-08-01 00:00:00-04:00,49.97123326476728,50.757336356158596,49.87813927734815,50.43574905395508,11485000,0.0,0.0
2022-08-02 00:00:00-04:00,50.139546233929785,50.70185499983014,49.576297668226765,49.95054244995117,13072000,0.0,0.0
2022-08-03 00:00:00-04:00,50.33419172148381,51.52933367952853,50.22417416668636,51.41085433959961,19228000,0.0,0.0
2022-08-04 00:00:00-04:00,51.567884304398014,52.013593299088996,51.248176628408025,51.980682373046875,16293000,0.0,0.0
2022-08-05 00:00:00-04:00,51.237836056237384,51.90545975911322,51.085502407266645,51.85280227661133,14357000,0.0,0.0
2022-08-08 00:00:00-04:00,51.65627029925755,51.998543894321294,50.65859406405472,51.29706954956055,13722000,0.0,0.0
2022-08-09 00:00:00-04:00,50.69151621986731,50.71596536408165,49.62519850423642,50.10005569458008,20072000,0.0,0.0
2022-08-10 00:00:00-04:00,51.346912037093716,51.81331099806695,50.70561705277762,51.755950927734375,19519000,0.0,0.0
2022-08-11 00:00:00-04:00,52.08882459893474,52.4480254156644,51.176716592283825,51.28767395019531,14268000,0.0,0.0
2022-08-12 00:00:00-04:00,51.511466583254865,52.50820317226798,51.308358631493846,52.49127960205078,18399000,0.0,0.0
2022-08-15 00:00:00-04:00,52.115148261842414,52.63796387151085,51.76440926468711,52.55991744995117,14329000,0.0,0.0
2022-08-16 00:00:00-04:00,52.424514753553574,52.46400786705304,51.342213331496,51.87255096435547,14782000,0.0,0.0
2022-08-17 00:00:00-04:00,51.18800662062722,51.219977752836236,49.93456462614127,50.64450454711914,19022000,0.0,0.0
2022-08-18 00:00:00-04:00,51.097725709218494,52.71036824483589,50.93034809426715,52.511962890625,23459000,0.0,0.0
2022-08-19 00:00:00-04:00,51.79826772641436,52.242097181085946,51.517113324266056,51.56977081298828,16923000,0.0,0.0
2022-08-22 00:00:00-04:00,51.01875182854735,51.067646535617094,49.55938238483781,49.719234466552734,18555000,0.0,0.0
2022-08-23 00:00:00-04:00,50.198777056151464,50.553278805487466,49.73426135694108,49.816070556640625,9003000,0.0,0.0
2022-08-24 00:00:00-04:00,49.79539346856998,49.95900831138999,49.219920325753264,49.91575241088867,11883000,0.0,0.0
2022-08-25 00:00:00-04:00,50.16117496276896,51.762532814745406,50.049277809138495,51.72962188720703,17345000,0.0,0.0
2022-08-26 00:00:00-04:00,51.60831934909154,51.8104874994293,48.89644817003505,48.97731399536133,25682000,0.0,0.0
2022-08-29 00:00:00-04:00,48.89645461209059,49.15409967955663,48.14420218161678,48.34918975830078,16580000,0.0,0.0
2022-08-30 00:00:00-04:00,48.599301233859755,48.699917191878434,47.14651441072033,47.61667251586914,18282000,0.0,0.0
2022-08-31 00:00:00-04:00,47.971170249154525,47.971170249154525,46.69046004174657,46.93212127685547,32445000,0.0,0.0
2022-09-01 00:00:00-04:00,46.21372940472183,46.38486624303805,45.21417333202514,46.26450729370117,31930000,0.0,0.0
2022-09-02 00:00:00-04:00,48.70838120714406,48.878578219434566,46.85596062718068,47.0364990234375,40426000,0.0,0.0
2022-09-06 00:00:00-04:00,46.87759657901002,47.39195050928935,46.11029657673618,46.84656524658203,24738000,0.0,0.0
2022-09-07 00:00:00-04:00,47.28944152598661,47.90252807933917,46.92930097295446,47.498191833496094,20440000,0.0,0.0
2022-09-08 00:00:00-04:00,47.26029773307815,48.21377844571618,46.89357493391309,48.13761520385742,22535000,0.0,0.0
2022-09-09 00:00:00-04:00,48.46765704433904,49.45781132371435,48.46765704433904,49.12211990356445,23019000,0.0,0.0
2022-09-12 00:00:00-04:00,49.5311704060875,49.95525334405987,49.32524301736871,49.748382568359375,18157000,0.0,0.0
2022-09-13 00:00:00-04:00,48.317215231682766,48.73377612915337,47.17379090029543,47.35903549194336,35136000,0.0,0.0
2022-09-14 00:00:00-04:00,47.68626684101954,48.23823067469672,47.27628811520991,48.02666091918945,20605000,0.0,0.0
2022-09-15 00:00:00-04:00,47.8555198192663,48.102819882933254,46.76005044828212,47.02898025512695,36574000,0.0,0.0
2022-09-16 00:00:00-04:00,46.80142841561911,47.362797435086954,46.06234036695296,47.25090026855469,59012000,0.0,0.0
2022-09-19 00:00:00-04:00,46.49112343617626,47.334586621220225,46.49112343617626,47.18883514404297,17948000,0.0,0.0
2022-09-20 00:00:00-04:00,46.639691099321105,46.90580152493407,46.04917396118423,46.36323928833008,17132000,0.0,0.0
2022-09-21 00:00:00-04:00,46.55572436581934,47.398675076482924,45.68148212216247,45.71656799316406,20669000,0.41,0.0
2022-09-22 00:00:00-04:00,45.74405296417935,45.81801179022697,44.849898823394696,45.28702163696289,23540000,0.0,0.0
2022-09-23 00:00:00-04:00,45.03480958311395,45.32306352359291,43.80689091250669,44.44028854370117,29649000,0.0,0.0
2022-09-26 00:00:00-04:00,44.4687429007984,44.8783687221859,43.74147413295947,43.8315544128418,19361000,0.0,0.0
2022-09-27 00:00:00-04:00,44.52278189751611,44.55501749219215,43.28632692201375,44.06764221191406,17850000,0.0,0.0
2022-09-28 00:00:00-04:00,43.74430626821788,44.44692431850642,43.27115342234355,44.182376861572266,27605000,0.0,0.0
2022-09-29 00:00:00-04:00,43.702589697228916,43.74715598896656,42.18357037682606,42.68137741088867,39997000,0.0,0.0
2022-09-30 00:00:00-04:00,42.57991698539002,43.41054424653717,42.06599216200066,42.101078033447266,27202000,0.0,0.0
2022-10-03 00:00:00-04:00,42.59698268817745,43.7073274496194,42.38173992674681,43.311927795410156,21479000,0.0,0.0
2022-10-04 00:00:00-04:00,44.42321226110858,45.52881489615094,44.172887272687646,45.500370025634766,27277000,0.0,0.0
2022-10-05 00:00:00-04:00,44.807243265187374,46.280744943773826,44.70388824736841,45.968788146972656,18493000,0.0,0.0
2022-10-06 00:00:00-04:00,45.873022828491564,46.43340930580848,45.39228489681561,45.466243743896484,17250000,0.0,0.0
2022-10-07 00:00:00-04:00,44.79112353385439,44.882151478006676,43.524328226185645,43.66276550292969,28425000,0.0,0.0
2022-10-10 00:00:00-04:00,43.61724982205487,43.62673024136172,40.947113777997004,41.50276184082031,33454000,0.0,0.0
2022-10-11 00:00:00-04:00,41.26571282893996,41.597581771305094,40.35354165191035,40.84471130371094,28046000,0.0,0.0
2022-10-12 00:00:00-04:00,40.98598775112652,41.315013621684464,40.58395072014015,40.826690673828125,15046000,0.0,0.0
2022-10-13 00:00:00-04:00,39.5798051890848,42.07831313770082,39.356977383808875,41.528358459472656,27980000,0.0,0.0
2022-10-14 00:00:00-04:00,42.03185075222532,42.09632916899762,40.43223549371891,40.49766159057617,22816000,0.0,0.0
2022-10-17 00:00:00-04:00,41.67817696248349,41.83842171718098,41.09408407202021,41.28182601928711,24120000,0.0,0.0
2022-10-18 00:00:00-04:00,42.499327439179375,42.531566657875416,40.78782389262864,41.23063659667969,20341000,0.0,0.0
2022-10-19 00:00:00-04:00,41.07891376131194,41.5596516402314,40.85608594717909,41.27518844604492,12702000,0.0,0.0
2022-10-20 00:00:00-04:00,41.259076828035255,41.92850805082064,40.59628298431884,40.80109405517578,23402000,0.0,0.0
2022-10-21 00:00:00-04:00,40.97082118518217,42.73163277790936,40.69394663623435,42.64344787597656,26980000,0.0,0.0
2022-10-24 00:00:00-04:00,42.927911252501865,43.50252383457182,42.77430384646658,43.28728103637695,25287000,0.0,0.0
2022-10-25 00:00:00-04:00,43.426648722081225,44.02116958860248,43.316656357390386,43.62387466430664,18246000,0.0,0.0
2022-10-26 00:00:00-04:00,43.42665725643781,44.73232898750368,43.17538457098386,43.72913360595703,29291000,0.0,0.0
2022-10-27 00:00:00-04:00,44.19091665885718,44.63846774269479,43.134622022781365,43.18108367919922,18512000,0.0,0.0
2022-10-28 00:00:00-04:00,43.32899328453126,44.97696568427375,43.2047784581691,44.84042739868164,23094000,0.0,0.0
2022-10-31 00:00:00-04:00,44.266774159383196,44.83189909198882,44.092303316213965,44.57683563232422,19259000,0.0,0.0
2022-11-01 00:00:00-04:00,45.11540891090419,45.21307061225866,43.91783048949502,44.366329193115234,16324000,0.0,0.0
2022-11-02 00:00:00-04:00,44.59200001675462,45.5563188890801,43.21141803690865,43.240814208984375,21070000,0.0,0.0
2022-11-03 00:00:00-04:00,42.758183451430114,42.940235724581,41.84980659491079,42.111507415771484,23887000,0.0,0.0
2022-11-04 00:00:00-04:00,43.31951320459791,44.4601982089109,42.98005561409069,44.11979293823242,28891000,0.0,0.0
2022-11-07 00:00:00-05:00,44.259178503746355,45.299355168007246,43.76611714237578,45.06040954589844,17687000,0.0,0.0
2022-11-08 00:00:00-05:00,45.632178322682044,46.34807117201295,44.89732101713904,45.713722229003906,20743000,0.0,0.0
2022-11-09 00:00:00-05:00,45.37142715883167,45.418840113751116,44.47348193005905,44.515201568603516,23695000,0.0,0.0
2022-11-10 00:00:00-05:00,46.55666448360043,48.089905946017105,46.19540305236916,48.033016204833984,33970000,0.0,0.0
2022-11-11 00:00:00-05:00,47.86518184956529,49.21162903241295,47.5996867503134,49.12533950805664,26728000,0.0,0.0
2022-11-14 00:00:00-05:00,48.86933657199415,49.782451776128106,48.64271440278194,48.66357421875,21608000,0.0,0.0
2022-11-15 00:00:00-05:00,50.25086750356648,50.49834951282236,48.91864602164526,49.72556686401367,23315000,0.0,0.0
2022-11-16 00:00:00-05:00,48.995453643722335,49.168025511167805,48.38481111104549,48.522300720214844,25405000,0.0,0.0
2022-11-17 00:00:00-05:00,47.88415334441345,48.61805931261142,47.7077871666434,48.55832290649414,20375000,0.0,0.0
2022-11-18 00:00:00-05:00,49.00967029769996,49.09121420297007,48.45307454720939,48.84752655029297,14536000,0.0,0.0
2022-11-21 00:00:00-05:00,48.63702567294759,49.38705308512155,48.46350614606238,49.063716888427734,18622000,0.0,0.0
2022-11-22 00:00:00-05:00,49.588072873719646,50.28120691043491,49.21258533168551,50.2593994140625,18920000,0.0,0.0
2022-11-23 00:00:00-05:00,50.287847110798346,51.343193991477136,50.14087709216787,50.59980392456055,13964000,0.0,0.0
2022-11-25 00:00:00-05:00,50.32007929199518,50.68892942452529,50.20534850420885,50.24612045288086,7455000,0.0,0.0
2022-11-28 00:00:00-05:00,49.80331676857486,50.13708471005525,48.949937883009675,49.516014099121094,23505000,0.0,0.0
2022-11-29 00:00:00-05:00,49.590922669053626,49.861159869816156,48.81624462265466,49.438262939453125,12694000,0.0,0.0
2022-11-30 00:00:00-05:00,49.69615999659921,52.308454661944985,49.100691354537844,52.24871826171875,47349000,0.0,0.0
2022-12-01 00:00:00-05:00,52.24871747956422,52.38051735354902,51.38869780126147,52.22216796875,23006000,0.0,0.0
2022-12-02 00:00:00-05:00,50.92313784154041,51.45887011911657,50.831162226263984,51.27871322631836,19320000,0.0,0.0
2022-12-05 00:00:00-05:00,50.991402782356545,51.15354650448331,49.827011410616414,50.31533432006836,18548000,0.0,0.0
2022-12-06 00:00:00-05:00,50.31628213248777,50.59315663639297,49.47238386533974,49.85830307006836,19655000,0.0,0.0
2022-12-07 00:00:00-05:00,49.26852541093057,49.78055484313538,48.93191447413851,49.164222717285156,16524000,0.0,0.0
2022-12-08 00:00:00-05:00,49.383256663076075,50.48411733995432,49.342481098147495,50.357059478759766,27514000,0.0,0.0
2022-12-09 00:00:00-05:00,52.24018462035152,52.40137704503499,51.29766975443686,51.6504020690918,37028000,0.0,0.0
2022-12-12 00:00:00-05:00,51.65325383744065,52.8024752859611,51.41525588053613,52.77971649169922,23416000,0.0,0.0
2022-12-13 00:00:00-05:00,54.599309246802726,55.170123745291335,53.57619813752259,54.14606857299805,40414000,0.0,0.0
2022-12-14 00:00:00-05:00,53.90997278756221,55.531395790867215,53.832219603338906,54.46846389770508,35218000,0.0,0.0
2022-12-15 00:00:00-05:00,53.45768160492405,53.71464402367247,52.88117731602919,52.90962219238281,36876000,0.0,0.0
2022-12-16 00:00:00-05:00,52.85746718165609,53.08029500993366,52.23355360299892,52.71144485473633,49549000,0.0,0.0
2022-12-19 00:00:00-05:00,52.97054820631162,53.20575034850906,52.176973034582126,52.55081558227539,25092000,0.46,0.0
2022-12-20 00:00:00-05:00,52.12439335960865,52.490587609069124,51.718046199924174,52.014442443847656,29831000,0.0,0.0
2022-12-21 00:00:00-05:00,52.363420652174995,53.72492852918226,52.29458188254399,53.659912109375,25619000,0.0,0.0
2022-12-22 00:00:00-05:00,52.9064936216229,53.05851591518996,52.31848637313331,52.88163375854492,27553000,0.0,0.0
2022-12-23 00:00:00-05:00,52.586195633762266,52.93230794544533,52.3423858873127,52.81853103637695,13761000,0.0,0.0
2022-12-27 00:00:00-05:00,52.73439205694142,53.3616039104421,52.29362552573571,52.924659729003906,16677000,0.0,0.0
2022-12-28 00:00:00-05:00,52.74300088977309,53.32909696621566,51.86433092156112,52.09762191772461,15410000,0.0,0.0
2022-12-29 00:00:00-05:00,52.76307614471695,53.79089429138629,52.63399889879202,53.332916259765625,18176000,0.0,0.0
2022-12-30 00:00:00-05:00,52.760200596503395,53.50883760811213,52.39592122844428,53.4591178894043,14376000,0.0,0.0
2023-01-03 00:00:00-05:00,54.020360709031394,54.26608161263583,52.66172336300748,52.91891860961914,20173000,0.0,0.0
2023-01-04 00:00:00-05:00,53.82817898602793,54.32249117608571,53.16272548382232,53.56524658203125,17074000,0.0,0.0
2023-01-05 00:00:00-05:00,53.13213411423306,53.5270105559603,52.69327876745393,53.066162109375,16277000,0.0,0.0
2023-01-06 00:00:00-05:00,53.84061307714264,56.5062532885525,53.7622111435435,56.26053237915039,35261000,0.0,0.0
2023-01-09 00:00:00-05:00,56.63055070075455,57.52642849867372,53.59584941397791,55.15718078613281,37739000,0.0,0.0
2023-01-10 00:00:00-05:00,54.68964727628688,54.98891028936726,52.58524301522843,54.96978759765625,44635000,0.0,0.0
2023-01-11 00:00:00-05:00,54.78525719479668,55.29582175791055,54.19916109946489,55.27669906616211,22502000,0.0,0.0
2023-01-12 00:00:00-05:00,55.032881129287304,55.94310361433591,54.85791381434051,55.6400146484375,19514000,0.0,0.0
2023-01-13 00:00:00-05:00,55.18204651185522,55.63906901081392,55.13615277972643,55.35892868041992,19647000,0.0,0.0
2023-01-17 00:00:00-05:00,54.96691160648975,55.967003048829646,54.932488578821086,55.38186264038086,15835000,0.0,0.0
2023-01-18 00:00:00-05:00,55.76144304334545,56.17735334419654,54.85409456366038,54.908592224121094,15703000,0.0,0.0
2023-01-19 00:00:00-05:00,54.41428054512087,54.504156824254196,53.57194482604116,53.85017395019531,22692000,0.0,0.0
2023-01-20 00:00:00-05:00,53.83201668005208,54.62845876365984,53.457218474499854,54.573001861572266,22950000,0.0,0.0
2023-01-23 00:00:00-05:00,54.68964048410806,55.91250783600146,54.477383373941734,55.610374450683594,23429000,0.0,0.0
2023-01-24 00:00:00-05:00,55.305380370381684,56.09417036814747,55.03671076782642,55.935455322265625,13825000,0.0,0.0
2023-01-25 00:00:00-05:00,55.231759535738135,56.12094461966556,55.075914890459195,55.99760818481445,13766000,0.0,0.0
2023-01-26 00:00:00-05:00,56.44984606202367,57.420299796603224,56.053058445760236,57.23099136352539,24525000,0.0,0.0
2023-01-27 00:00:00-05:00,56.72807831796615,57.295051708351025,56.42881531126648,56.50530242919922,19344000,0.0,0.0
2023-01-30 00:00:00-05:00,55.74136645882046,56.373356245893284,55.431588354540935,55.593170166015625,16984000,0.0,0.0
2023-01-31 00:00:00-05:00,55.6524444771,56.145797449259426,55.525282061013634,55.93354034423828,23719000,0.0,0.0
2023-02-01 00:00:00-05:00,55.79586504756968,58.160334896061904,55.712685171859974,57.62969207763672,26553000,0.0,0.0
2023-02-02 00:00:00-05:00,58.096275705475925,58.623092541697055,57.3428569818573,57.91843795776367,24188000,0.0,0.0
2023-02-03 00:00:00-05:00,57.175536492278546,58.135475151946515,57.00821750578473,57.13920593261719,19093000,0.0,0.0
2023-02-06 00:00:00-05:00,56.729991260064864,57.674629626734486,56.6267331005471,57.491058349609375,18709000,0.0,0.0
2023-02-07 00:00:00-05:00,57.429863382940034,58.993105937449954,57.339987102849435,58.74834060668945,24025000,0.0,0.0
2023-02-08 00:00:00-05:00,58.005444115120056,58.340085745787235,57.42604078647887,57.53025817871094,15290000,0.0,0.0
2023-02-09 00:00:00-05:00,58.57146154452595,58.7942374343645,56.934598551719155,57.31035232543945,18837000,0.0,0.0
2023-02-10 00:00:00-05:00,57.013956204968075,57.21952057881826,56.37527362954082,56.72138595581055,21035000,0.0,0.0
2023-02-13 00:00:00-05:00,56.888705927148116,57.508265821814945,56.74242080004842,57.473846435546875,19847000,0.0,0.0
2023-02-14 00:00:00-05:00,56.809348639103774,57.900272130983026,56.728079934209674,57.587623596191406,17571000,0.0,0.0
2023-02-15 00:00:00-05:00,57.25776192975228,58.158417655159504,57.05123833568467,58.10200881958008,12683000,0.0,0.0
2023-02-16 00:00:00-05:00,57.43846282824708,58.22151924908723,57.323730342172034,57.41838455200195,17449000,0.0,0.0
2023-02-17 00:00:00-05:00,57.366765485811406,57.44803419490227,56.644899332209675,56.94511795043945,14215000,0.0,0.0
2023-02-21 00:00:00-05:00,56.410648091844514,56.70608510076596,55.439238718222605,55.601776123046875,22737000,0.0,0.0
2023-02-22 00:00:00-05:00,55.669655212378785,55.74996832141358,54.699201497594785,55.088340759277344,23475000,0.0,0.0
2023-02-23 00:00:00-05:00,56.00429367683362,56.02246077827294,54.850265121882636,55.81785202026367,18939000,0.0,0.0
2023-02-24 00:00:00-05:00,55.21836907408511,55.47747549956394,54.84357457116139,55.23940658569336,15353000,0.0,0.0
2023-02-27 00:00:00-05:00,56.01576902595306,56.39151910788579,55.86183192554682,55.975608825683594,18321000,0.0,0.0
2023-02-28 00:00:00-05:00,55.98613245556811,57.23099300118232,55.66296518150758,56.82081985473633,27822000,0.0,0.0
2023-03-01 00:00:00-05:00,56.79309943828656,57.1956206345941,56.43933509082409,56.751983642578125,15484000,0.0,0.0
2023-03-02 00:00:00-05:00,56.352319683261335,57.45663221522963,56.04062677174732,57.2376823425293,27525000,0.0,0.0
2023-03-03 00:00:00-05:00,59.059079136089984,60.78295159522689,58.87263746015036,60.498985290527344,46088000,0.0,0.0
2023-03-06 00:00:00-05:00,60.71315383466519,61.57843462376181,60.40050531619381,60.5142822265625,24983000,0.0,0.0
2023-03-07 00:00:00-05:00,60.70072685920729,60.78773273607913,59.614584955914616,59.771385192871094,19334000,0.0,0.0
2023-03-08 00:00:00-05:00,60.02284304901144,60.4961178149441,59.62988139985376,60.4511833190918,20912000,0.0,0.0
2023-03-09 00:00:00-05:00,60.24274196861791,61.42450084436677,59.45872993071419,59.519920349121094,21775000,0.0,0.0
2023-03-10 00:00:00-05:00,60.06203679831853,60.250389635639735,58.592492949333725,58.784671783447266,26098000,0.0,0.0
2023-03-13 00:00:00-04:00,58.04464152678103,59.698715945340766,58.02456324900887,58.94147491455078,22364000,0.0,0.0
2023-03-14 00:00:00-04:00,59.60311057607357,60.55731210588791,59.13556933341104,60.47030258178711,25893000,0.0,0.0
2023-03-15 00:00:00-04:00,60.0123204689547,60.241789107465294,58.915659883105086,59.856475830078125,22963000,0.0,0.0
2023-03-16 00:00:00-04:00,59.45586602935546,60.9110688595369,59.069593516150576,60.856571197509766,31716000,0.0,0.0
2023-03-17 00:00:00-04:00,60.85657052574805,61.15009634533086,59.95591114196888,60.32783889770508,79303000,0.0,0.0
2023-03-20 00:00:00-04:00,60.49706587353122,61.644401701827654,60.38807055640988,61.54592514038086,25857000,0.0,0.0
2023-03-21 00:00:00-04:00,61.929194176447204,62.26624068786906,61.0856117591187,61.31865692138672,25000000,0.46,0.0
2023-03-22 00:00:00-04:00,61.333098968601035,62.45017208806964,60.73315620055763,60.75722885131836,25799000,0.0,0.0
2023-03-23 00:00:00-04:00,61.52570395082534,62.419363994370876,60.81597763679977,61.5574836730957,27162000,0.0,0.0
2023-03-24 00:00:00-04:00,61.44192748907474,61.56422670881849,60.529007087891955,61.26280975341797,17228000,0.0,0.0
2023-03-27 00:00:00-04:00,61.53533460184003,61.54496292807337,60.28247666140413,60.36433029174805,14707000,0.0,0.0
2023-03-28 00:00:00-04:00,60.2092890902729,60.33544183818134,59.59586441977724,60.15825271606445,12439000,0.0,0.0
2023-03-29 00:00:00-04:00,60.9363509692576,61.054800321802766,60.15247443120872,60.23529052734375,26395000,0.0,0.0
2023-03-30 00:00:00-04:00,60.931539514287344,61.25125433936053,60.60123389685403,61.02976608276367,21523000,0.0,0.0
2023-03-31 00:00:00-04:00,60.72064169879703,61.84541830408704,60.27477414558111,61.77993392944336,22097000,0.0,0.0
2023-04-03 00:00:00-04:00,61.5353362575247,62.00720139981762,61.28880922105809,61.8694953918457,15682000,0.0,0.0
2023-04-04 00:00:00-04:00,61.93498416208461,62.03995166331163,60.861243842173195,61.093326568603516,13429000,0.0,0.0
2023-04-05 00:00:00-04:00,60.77841853255394,60.832345976305255,60.25455088653219,60.57330322265625,16908000,0.0,0.0
2023-04-06 00:00:00-04:00,60.106248735131565,60.514558086485195,59.60645375560214,59.95987319946289,14493000,0.0,0.0
2023-04-10 00:00:00-04:00,59.517862516540376,60.46352141257239,59.36378357674715,60.41729736328125,15400000,0.0,0.0
2023-04-11 00:00:00-04:00,60.74374594309624,60.75337794205937,59.784605298825404,59.85683059692383,16518000,0.0,0.0
2023-04-12 00:00:00-04:00,60.412484324538646,60.429816046861184,59.34548501573934,59.387855529785156,14112000,0.0,0.0
2023-04-13 00:00:00-04:00,59.616086257029316,60.33159101155422,59.42733653405824,60.11395263671875,17265000,0.0,0.0
2023-04-14 00:00:00-04:00,59.75187342316466,60.47893518200146,59.24437499207263,59.66135025024414,17465000,0.0,0.0
2023-04-17 00:00:00-04:00,59.57178963647342,60.508782666125136,59.49474833023168,60.41440963745117,13201000,0.0,0.0
2023-04-18 00:00:00-04:00,60.82465001324541,61.198292304056096,60.3922679451217,60.892059326171875,16806000,0.0,0.0
2023-04-19 00:00:00-04:00,60.359517452395785,61.322511702934634,60.240105636340424,61.101985931396484,19060000,0.0,0.0
2023-04-20 00:00:00-04:00,60.46255350422878,61.894529090975894,60.39321927329962,60.95945739746094,20239000,0.0,0.0
2023-04-21 00:00:00-04:00,60.72641825917244,61.03457612291353,59.89728015753993,60.947906494140625,14807000,0.0,0.0
2023-04-24 00:00:00-04:00,61.01916914191379,61.52088908277377,60.84101754792692,61.105838775634766,12338000,0.0,0.0
2023-04-25 00:00:00-04:00,61.052864387856516,61.24546395239599,59.87319802454041,59.90016174316406,23670000,0.0,0.0
2023-04-26 00:00:00-04:00,59.70275904820321,60.00706339474879,59.080664820192034,59.3387451171875,17179000,0.0,0.0
2023-04-27 00:00:00-04:00,59.338747336454475,59.714314538755126,58.09070897251986,59.55253219604492,18250000,0.0,0.0
2023-04-28 00:00:00-04:00,59.6160877869279,60.358556281854916,59.18177716490093,60.33159255981445,16183000,0.0,0.0
2023-05-01 00:00:00-04:00,60.33159037772328,61.534367034401086,60.3026980526309,61.4342155456543,17030000,0.0,0.0
2023-05-02 00:00:00-04:00,60.26032434620855,60.33158717961688,58.26307314216321,58.967987060546875,28357000,0.0,0.0
2023-05-03 00:00:00-04:00,59.407107126411425,59.89342019530952,58.97376270258439,59.05080032348633,19816000,0.0,0.0
2023-05-04 00:00:00-04:00,58.7426460355244,59.123991649491906,57.903879647250186,58.758052825927734,17684000,0.0,0.0
2023-05-05 00:00:00-04:00,59.315628445977715,60.81019363963643,59.06717650275897,60.68019104003906,24876000,0.0,0.0
2023-05-08 00:00:00-04:00,60.64745528146469,60.73894091495014,59.76149862050308,60.57811737060547,13934000,0.0,0.0
2023-05-09 00:00:00-04:00,59.96854125413286,60.097585072962346,59.30696392367117,59.56216049194336,16990000,0.0,0.0
2023-05-10 00:00:00-04:00,59.90401853155628,60.476035118222455,59.53904217161816,60.3094367980957,19174000,0.0,0.0
2023-05-11 00:00:00-04:00,60.33929963307247,60.52226723327947,59.51208638694617,60.44426345825195,14430000,0.0,0.0
2023-05-12 00:00:00-04:00,60.51263858832207,60.928651372552196,60.111070131199234,60.779388427734375,11942000,0.0,0.0
2023-05-15 00:00:00-04:00,60.84872713115454,61.633566240992295,60.52130888975294,61.61238098144531,14614000,0.0,0.0
2023-05-16 00:00:00-04:00,61.67593260058893,62.29706805813391,61.50933793166896,61.77030563354492,14967000,0.0,0.0
2023-05-17 00:00:00-04:00,62.33944025860816,63.64429349736882,62.07269041041003,63.31399154663086,24133000,0.0,0.0
2023-05-18 00:00:00-04:00,63.1724273689554,65.42198074134397,63.1724273689554,65.28138732910156,26389000,0.0,0.0
2023-05-19 00:00:00-04:00,65.48361460983516,65.96029944936438,65.33050180245257,65.70028686523438,22968000,0.0,0.0
2023-05-22 00:00:00-04:00,65.61841820647868,65.93428309649883,64.91736154929309,65.32662963867188,17796000,0.0,0.0
2023-05-23 00:00:00-04:00,66.50823914388823,67.31233847769741,65.6781385533533,66.10955810546875,36088000,0.0,0.0
2023-05-24 00:00:00-04:00,65.62227322766593,65.89865502816889,65.10418776208385,65.43834686279297,23021000,0.0,0.0
2023-05-25 00:00:00-04:00,67.35279310232687,70.52874528090106,66.52076746953568,70.18302917480469,49263000,0.0,0.0
2023-05-26 00:00:00-04:00,71.97707563648406,78.48210650213328,71.93759986660909,78.26543426513672,82500000,0.0,0.0
2023-05-30 00:00:00-04:00,80.42158831214836,88.76689802937784,76.92495151695788,77.36119079589844,116912000,0.0,0.0
2023-05-31 00:00:00-04:00,76.54839837046765,79.12633543743708,76.08905271564551,77.80606842041016,89998000,0.0,0.0
2023-06-01 00:00:00-04:00,77.09924808552503,77.59712185187962,75.61046115432467,76.07173919677734,80792000,0.0,0.0
2023-06-02 00:00:00-04:00,76.13817208687135,79.32856775653346,75.80690039592231,78.19512176513672,62815000,0.0,0.0
2023-06-05 00:00:00-04:00,77.92549314266019,77.92549314266019,76.5079654855426,77.26103210449219,26222000,0.0,0.0
2023-06-06 00:00:00-04:00,77.2321358759802,77.2321358759802,74.76494801764176,76.07654571533203,37823000,0.0,0.0
2023-06-07 00:00:00-04:00,76.05921142571913,77.56436744894152,75.83675705786162,76.3298110961914,28957000,0.0,0.0
2023-06-08 00:00:00-04:00,76.549385253193,77.5220116542307,75.95907068527886,77.44400787353516,21909000,0.0,0.0
2023-06-09 00:00:00-04:00,77.59808833286966,78.74886631462176,77.41319212018652,77.48445129394531,19241000,0.0,0.0
2023-06-12 00:00:00-04:00,78.1103843637624,82.62490454099249,78.1103843637624,82.37067413330078,51065000,0.0,0.0
2023-06-13 00:00:00-04:00,82.92630545098699,83.13142071458536,80.98779796227346,81.96234893798828,38990000,0.0,0.0
2023-06-14 00:00:00-04:00,82.42266176132526,85.56587445520393,81.58678652394082,85.33860778808594,43524000,0.0,0.0
2023-06-15 00:00:00-04:00,85.16818742950183,85.5110087840118,83.87873361058178,85.07381439208984,33814000,0.0,0.0
2023-06-16 00:00:00-04:00,85.63715083749874,85.70167274293715,83.34233250976452,83.5984878540039,68299000,0.0,0.0
2023-06-20 00:00:00-04:00,83.0736670051609,84.4613436442368,82.91477206049753,83.5907974243164,27535000,0.0,0.0
2023-06-21 00:00:00-04:00,83.25872338732665,83.8395967244158,81.76781047753455,82.06405639648438,23229000,0.46,0.0
2023-06-22 00:00:00-04:00,81.81525142818009,82.1850713344052,80.86842117474804,81.55772399902344,23464000,0.0,0.0
2023-06-23 00:00:00-04:00,80.74256835610034,80.93715793283882,79.27489244621914,79.59436798095703,37413000,0.0,0.0
2023-06-26 00:00:00-04:00,79.87026997839872,81.03201640542125,79.40750954742701,79.54401397705078,21372000,0.0,0.0
2023-06-27 00:00:00-04:00,80.2265543750582,82.29059990928178,79.48303678807699,82.13569641113281,24923000,0.0,0.0
2023-06-28 00:00:00-04:00,81.19952310121275,83.11640584908942,81.03784645542444,82.0911636352539,19445000,0.0,0.0
2023-06-29 00:00:00-04:00,82.72140149307282,83.53365497315909,81.9430285312522,83.50752258300781,23386000,0.0,0.0
2023-06-30 00:00:00-04:00,84.08356168536386,84.66928036334254,83.67791868764749,83.97803497314453,23145000,0.0,0.0
2023-07-03 00:00:00-04:00,84.0932400736285,84.87838624322539,83.7350313060301,84.85031127929688,9038000,0.0,0.0
2023-07-05 00:00:00-04:00,83.97513125860395,84.89485412081352,83.42814584624978,83.43878936767578,14440000,0.0,0.0
2023-07-06 00:00:00-04:00,81.80653687039728,82.66816725955593,81.74167121574686,82.09697723388672,23939000,0.0,0.0
2023-07-07 00:00:00-04:00,82.33222599453404,83.06413244391037,81.77362207537455,81.97595977783203,19409000,0.0,0.0
2023-07-10 00:00:00-04:00,82.12409988910396,85.11463462009831,82.12409988910396,84.97522735595703,30622000,0.0,0.0
2023-07-11 00:00:00-04:00,85.30243481191734,85.48541327413214,83.70696277834718,85.39344024658203,25498000,0.0,0.0
2023-07-12 00:00:00-04:00,86.06629112778066,86.89791140470004,85.3885993759743,86.15826416015625,28197000,0.0,0.0
2023-07-13 00:00:00-04:00,87.0285898137318,87.0285898137318,85.02748235775522,86.19794464111328,25912000,0.0,0.0
2023-07-14 00:00:00-04:00,85.79134431057061,87.4555525482651,85.79134431057061,86.025634765625,18510000,0.0,0.0
2023-07-17 00:00:00-04:00,86.26087346668417,88.41011139729152,86.1417930696904,88.13323211669922,26819000,0.0,0.0
2023-07-18 00:00:00-04:00,87.71016413074624,88.08966737150314,86.96276876434473,87.46329498291016,24513000,0.0,0.0
2023-07-19 00:00:00-04:00,86.8669203176786,87.70919144536651,85.74002916215379,87.26385498046875,24118000,0.0,0.0
2023-07-20 00:00:00-04:00,86.40899093044831,87.80889827494367,85.77583809196635,86.00238037109375,28268000,0.0,0.0
2023-07-21 00:00:00-04:00,87.56590483477385,88.2106762120257,86.53388950299404,86.81658172607422,74287000,0.0,0.0
2023-07-24 00:00:00-04:00,87.20867185355357,87.65787868586914,86.57260880597057,87.28514862060547,19992000,0.0,0.0
2023-07-25 00:00:00-04:00,87.19125455277234,89.37534835310758,87.19125455277234,88.87289428710938,20042000,0.0,0.0
2023-07-26 00:00:00-04:00,88.00253951166458,88.15937081362209,85.93559114315856,86.46224975585938,19877000,0.0,0.0
2023-07-27 00:00:00-04:00,87.9541289606228,88.08482786540436,85.77584834988869,86.50484466552734,21922000,0.0,0.0
2023-07-28 00:00:00-04:00,87.06538659716881,87.47587494138249,86.54550117034339,87.11088562011719,18791000,0.0,0.0
2023-07-31 00:00:00-04:00,86.889186533246,87.22802868036867,86.25990403932971,87.00051879882812,14952000,0.0,0.0
2023-08-01 00:00:00-04:00,87.03247128670804,89.12748703622366,86.90854554220404,89.06746673583984,19683000,0.0,0.0
2023-08-02 00:00:00-04:00,88.32201436013396,88.38978278964153,86.19116812268017,86.3857650756836,26877000,0.0,0.0
2023-08-03 00:00:00-04:00,85.83589029195905,86.67912180050918,85.29954828306073,85.67711639404297,18281000,0.0,0.0
2023-08-04 00:00:00-04:00,85.67711445260606,86.51357279071397,84.55311848275662,85.35472869873047,21156000,0.0,0.0
2023-08-07 00:00:00-04:00,85.93849891604404,86.87661354835538,85.70518344229454,86.84660339355469,11146000,0.0,0.0
2023-08-08 00:00:00-04:00,86.17180374440494,86.22117313468662,84.55599766750173,85.50089263916016,14081000,0.0,0.0
2023-08-09 00:00:00-04:00,85.45831074874395,85.53672270793602,82.16668513136008,82.36127471923828,24672000,0.0,0.0
2023-08-10 00:00:00-04:00,82.59264476340172,83.40393810538531,81.03880887311605,81.60322570800781,20186000,0.0,0.0
2023-08-11 00:00:00-04:00,80.74256401960879,80.97394427216234,79.72312741496124,80.33110809326172,20331000,0.0,0.0
2023-08-14 00:00:00-04:00,80.46375105427802,82.69527889049048,80.10070427432721,82.68753814697266,17688000,0.0,0.0
2023-08-15 00:00:00-04:00,82.2141109161116,82.7378667051397,80.97975789905868,81.56643676757812,14035000,0.0,0.0
2023-08-16 00:00:00-04:00,82.07663435055943,82.72624364900027,80.54409294013297,80.64381408691406,16003000,0.0,0.0
2023-08-17 00:00:00-04:00,80.98460031513984,81.2663249576908,80.0648774173945,80.07359313964844,19228000,0.0,0.0
2023-08-18 00:00:00-04:00,79.38620715140262,80.1771661494561,78.61170461495627,79.95159149169922,17759000,0.0,0.0
2023-08-21 00:00:00-04:00,80.74739945697475,83.96932099331893,80.52570252589285,83.75633239746094,30012000,0.0,0.0
2023-08-22 00:00:00-04:00,84.55697175845764,84.68669566516186,82.37578130163361,82.85113525390625,17079000,0.0,0.0
2023-08-23 00:00:00-04:00,82.36515251469211,85.01974744069952,82.29060354102164,84.86387634277344,19692000,0.0,0.0
2023-08-24 00:00:00-04:00,87.35873215917515,88.08579327094101,82.52875960791074,82.72238159179688,30934000,0.0,0.0
2023-08-25 00:00:00-04:00,82.97021817593465,84.1726258022913,81.09689204466999,82.46678924560547,24181000,0.0,0.0
2023-08-28 00:00:00-04:00,82.90922906338646,83.65855957160866,82.01080800505619,83.36328125,14306000,0.0,0.0
2023-08-29 00:00:00-04:00,83.10382157170756,86.43804330973487,82.91213476997149,86.15631866455078,27822000,0.0,0.0
2023-08-30 00:00:00-04:00,86.39447048711273,87.00632890384782,85.10880555565423,86.38381958007812,23234000,0.0,0.0
2023-08-31 00:00:00-04:00,86.93856633535616,89.42276869620859,86.5280779869948,89.34725952148438,55203000,0.0,0.0
2023-09-01 00:00:00-04:00,87.31224550230588,87.31224550230588,83.70986078225336,84.4708023071289,65017000,0.0,0.0
2023-09-05 00:00:00-04:00,84.17940798900518,85.48541466071289,83.93640921913288,84.43693542480469,24808000,0.0,0.0
2023-09-06 00:00:00-04:00,84.46887890571666,84.94035515537298,83.91124257252478,84.44660949707031,20142000,0.0,0.0
2023-09-07 00:00:00-04:00,83.21031240888877,83.42233342515941,81.37281663109005,82.97119140625,27789000,0.0,0.0
2023-09-08 00:00:00-04:00,82.77465340768512,83.3390702274883,82.3022096067943,83.02152252197266,16810000,0.0,0.0
2023-09-11 00:00:00-04:00,84.10776235163145,84.13003175895861,81.86946163600732,83.17546081542969,15710000,0.0,0.0
2023-09-12 00:00:00-04:00,82.3138367719365,83.0912422676491,81.48318412210097,81.76007080078125,16680000,0.0,0.0
2023-09-13 00:00:00-04:00,82.01855575820828,83.17256166660556,81.7329607528057,82.57425689697266,17413000,0.0,0.0
2023-09-14 00:00:00-04:00,83.16482089153995,84.87259290398616,82.77466673260533,84.38562774658203,19648000,0.0,0.0
2023-09-15 00:00:00-04:00,84.04871140417512,84.04871140417512,81.60322759406303,82.45323944091797,50190000,0.0,0.0
2023-09-18 00:00:00-04:00,81.57225064313218,82.9034220491488,81.3224713493796,82.29059600830078,16541000,0.0,0.0
2023-09-19 00:00:00-04:00,81.90236761326612,82.39030025776933,81.17724179569403,82.213134765625,13126000,0.0,0.0
2023-09-20 00:00:00-04:00,82.7378045364128,82.7378045364128,80.82605510978775,80.84746551513672,13681000,0.46,0.0
2023-09-21 00:00:00-04:00,77.39579835491708,80.06193215580893,77.39385262962047,78.685546875,53654000,0.0,0.0
2023-09-22 00:00:00-04:00,78.96590051535091,80.84844946698045,78.88218975496396,80.70243835449219,27764000,0.0,0.0
2023-09-25 00:00:00-04:00,80.59731855160523,81.62522610687684,80.11159264884722,81.17064666748047,15648000,0.0,0.0
2023-09-26 00:00:00-04:00,80.71119754299598,80.81827185841429,78.96297801039437,79.4477310180664,17641000,0.0,0.0
2023-09-27 00:00:00-04:00,79.74654928097434,80.17678476628073,78.29813511501132,79.50806427001953,15352000,0.0,0.0
2023-09-28 00:00:00-04:00,79.83512843609226,81.65441128336364,79.3007372144771,80.98665618896484,16180000,0.0,0.0
2023-09-29 00:00:00-04:00,81.41982440595066,82.15863566616959,80.10184791563752,80.84844207763672,16481000,0.0,0.0
2023-10-02 00:00:00-04:00,80.70047592640107,81.6252078298138,80.15926725789983,81.27381134033203,14676000,0.0,0.0
2023-10-03 00:00:00-04:00,80.49996582197066,81.35168858730894,78.73909168372957,79.31534576416016,18761000,0.0,0.0
2023-10-04 00:00:00-04:00,79.85070362686994,80.8484374159816,79.4584246057499,80.18944549560547,16417000,0.0,0.0
2023-10-05 00:00:00-04:00,79.82930424411065,80.65863636281372,79.37861626861313,80.19432830810547,11474000,0.0,0.0
2023-10-06 00:00:00-04:00,79.76018527757441,82.58205893178956,79.01261084668013,82.27738952636719,21103000,0.0,0.0
2023-10-09 00:00:00-04:00,81.81015572288632,83.38219787398349,81.5541517308954,83.3111343383789,15760000,0.0,0.0
2023-10-10 00:00:00-04:00,83.4347638454862,84.93379689919303,83.29557020004661,83.55741882324219,14718000,0.0,0.0
2023-10-11 00:00:00-04:00,83.68395214149618,85.20536836280654,83.37635670806219,85.12944793701172,14334000,0.0,0.0
2023-10-12 00:00:00-04:00,85.31147845836182,89.3510797374123,85.31147845836182,88.15087890625,43871000,0.0,0.0
2023-10-13 00:00:00-04:00,88.4818341743714,90.12785118749372,85.8624196619192,85.96852111816406,28312000,0.0,0.0
2023-10-16 00:00:00-04:00,86.72678204597423,89.14275641770784,86.72678204597423,87.85592651367188,21150000,0.0,0.0
2023-10-17 00:00:00-04:00,86.16027448204126,86.92244189118948,84.29621747867543,86.08727264404297,33008000,0.0,0.0
2023-10-18 00:00:00-04:00,85.65411897225836,87.18040708316568,85.19174920087204,86.3432846069336,20404000,0.0,0.0
2023-10-19 00:00:00-04:00,86.34229810405809,86.58272143547715,84.26409261073069,84.4743423461914,26620000,0.0,0.0
2023-10-20 00:00:00-04:00,85.16254023137141,85.16254023137141,82.91788596486089,83.09212493896484,26953000,0.0,0.0
2023-10-23 00:00:00-04:00,83.51359871575548,85.0359951186335,82.03987515211152,83.92826843261719,16456000,0.0,0.0
2023-10-24 00:00:00-04:00,84.10153959913916,85.95099620498503,84.01587569398276,85.76702117919922,14972000,0.0,0.0
2023-10-25 00:00:00-04:00,85.37377227370256,85.53535660954685,82.35721447678799,82.70276641845703,21432000,0.0,0.0
2023-10-26 00:00:00-04:00,82.53533796484676,83.16902061258025,79.65700118666676,80.47563171386719,27917000,0.0,0.0
2023-10-27 00:00:00-04:00,80.79198460361293,81.78582697807708,80.64986495840374,81.60574340820312,18236000,0.0,0.0
2023-10-30 00:00:00-04:00,81.87246170483479,82.68330197467816,80.51456807689107,81.8870620727539,20889000,0.0,0.0
2023-10-31 00:00:00-04:00,82.14404541726358,82.30076545209221,81.04508172708029,81.89875030517578,14747000,0.0,0.0
2023-11-01 00:00:00-04:00,81.96005728173344,83.11159251368501,81.33416495807828,83.02495574951172,18684000,0.0,0.0
2023-11-02 00:00:00-04:00,83.90685858992994,85.70764984298992,83.71218206732344,84.81211853027344,18759000,0.0,0.0
2023-11-03 00:00:00-04:00,85.41562030579985,86.38901768820213,84.78875512446,85.91983795166016,18041000,0.0,0.0
2023-11-06 00:00:00-05:00,85.81081745990659,86.23229721717416,84.80335503626839,85.73976135253906,12870000,0.0,0.0
2023-11-07 00:00:00-05:00,85.88480831411269,87.778066108172,85.28519065647392,87.39356994628906,19365000,0.0,0.0
2023-11-08 00:00:00-05:00,87.60576529117395,88.862421680875,87.50842703724808,88.68915557861328,15280000,0.0,0.0
2023-11-09 00:00:00-05:00,88.8225133814513,90.50649416305339,88.43899753605211,88.71349334716797,24486000,0.0,0.0
2023-11-10 00:00:00-05:00,89.72193861574216,93.34394369591789,89.37832498439238,93.20475006103516,36272000,0.0,0.0
2023-11-13 00:00:00-05:00,92.47762387160094,92.70637287093747,91.54608178080242,92.1739273071289,16893000,0.0,0.0
2023-11-14 00:00:00-05:00,93.67392751522716,95.07854075069305,92.98378910776673,94.70767211914062,23886000,0.0,0.0
2023-11-15 00:00:00-05:00,95.34524473319324,95.56329222552449,94.11876936251421,94.94518280029297,16099000,0.0,0.0
2023-11-16 00:00:00-05:00,93.83551293498364,94.29301091140127,92.5233736264428,93.40235137939453,26198000,0.0,0.0
2023-11-17 00:00:00-05:00,93.27190679477013,95.77159196599754,92.570086650749,95.17198181152344,19789000,0.0,0.0
2023-11-20 00:00:00-05:00,94.71157546671725,97.32709098587935,94.71157546671725,96.92215728759766,18674000,0.0,0.0
2023-11-21 00:00:00-05:00,94.90624133752333,96.46367560751929,94.57820839214513,95.50975036621094,43344000,0.0,0.0
2023-11-22 00:00:00-05:00,95.75213507021996,96.17069626248473,94.51688903713699,94.61422729492188,33743000,0.0,0.0
2023-11-24 00:00:00-05:00,94.90235410418819,95.37931674603747,94.10319567850657,95.28295135498047,23158000,0.0,0.0
2023-11-27 00:00:00-05:00,95.01819304181356,95.49126427705774,92.40754176975247,92.49612426757812,96962000,0.0,0.0
2023-11-28 00:00:00-05:00,91.4935231507796,92.556468532402,90.93089657276163,92.11746978759766,39025000,0.0,0.0
2023-11-29 00:00:00-05:00,92.31116769448175,93.39066652843171,91.43802714656135,91.58014678955078,34843000,0.0,0.0
2023-11-30 00:00:00-05:00,91.59669938026761,91.73492015588481,89.39390045589246,90.11032104492188,49571000,0.0,0.0
2023-12-01 00:00:00-05:00,89.79202329126808,90.9055872408896,88.38449141064594,90.52596282958984,29612000,0.0,0.0
2023-12-04 00:00:00-05:00,89.61486907898431,90.62038588987092,89.20603649069861,89.93901062011719,25009000,0.0,0.0
2023-12-05 00:00:00-05:00,88.73490888489383,89.2868190809648,88.17520093452876,88.88285827636719,37066000,0.0,0.0
2023-12-06 00:00:00-05:00,89.58760029986945,89.64697462623963,87.90751109048199,87.96007537841797,24813000,0.0,0.0
2023-12-07 00:00:00-05:00,88.14503478226088,89.95360893380045,87.96008688765178,89.77255249023438,43517000,0.0,0.0
2023-12-08 00:00:00-05:00,90.31570712115634,92.54381534578914,88.63076080170917,91.91792297363281,69668000,0.0,0.0
2023-12-11 00:00:00-05:00,93.15510233615008,101.18563099511672,93.06555440822906,100.18595886230469,101184000,0.0,0.0
2023-12-12 00:00:00-05:00,100.06427977584347,105.06754166512576,99.73234794552575,104.37545013427734,90242000,0.0,0.0
2023-12-13 00:00:00-05:00,103.95883942998896,107.05229013282936,103.4273593701649,106.07013702392578,71654000,0.0,0.0
2023-12-14 00:00:00-05:00,106.31252051022165,109.16262949121378,106.12757262598976,107.70545196533203,66964000,0.0,0.0
2023-12-15 00:00:00-05:00,106.60844100843423,111.92902749052857,106.55003211014467,109.9686050415039,118544000,0.0,0.0
2023-12-18 00:00:00-05:00,109.09837023062589,112.11784607463575,108.88811308858767,111.64866638183594,54741000,0.0,0.0
2023-12-19 00:00:00-05:00,111.6731274649704,112.50040893025835,110.74512815375475,111.43648529052734,36020000,0.525,0.0
2023-12-20 00:00:00-05:00,110.76370847769992,111.61055161342328,108.47157912870945,108.58110046386719,34523000,0.0,0.0
2023-12-21 00:00:00-05:00,110.75882333027936,111.02969466342806,109.0328774809035,110.23468017578125,24106000,0.0,0.0
2023-12-22 00:00:00-05:00,110.3021460557208,110.69525152929458,108.88911947453232,109.71542358398438,19089000,0.0,0.0
2023-12-26 00:00:00-05:00,109.93643676319991,111.03752161554804,109.8171346032949,110.68450927734375,16793000,0.0,0.0
2023-12-27 00:00:00-05:00,111.08641139433024,111.43551438963829,109.81126370659786,110.12516021728516,20055000,0.0,0.0
2023-12-28 00:00:00-05:00,110.66494462136161,110.71872795244497,109.4289128031851,109.75747680664062,21247000,0.0,0.0
2023-12-29 00:00:00-05:00,109.6645888787859,109.95012771930912,109.00061203534835,109.15511322021484,20558000,0.0,0.0
2024-01-02 00:00:00-05:00,106.79549623531491,107.76163403533405,105.32575428563521,106.13641357421875,28831000,0.0,0.0
2024-01-03 00:00:00-05:00,104.65200040742894,105.12138288809673,103.19594857206359,103.51571655273438,34735000,0.0,0.0
2024-01-04 00:00:00-05:00,103.45508070579264,104.58354583077168,102.41951473745586,102.57988739013672,25658000,0.0,0.0
2024-01-05 00:00:00-05:00,102.83316154236536,103.21061473374714,101.84648473991001,102.60629272460938,22475000,0.0,0.0
2024-01-08 00:00:00-05:00,103.31233072776307,105.4147601219774,102.8722832021374,105.10672760009766,33110000,0.0,0.0
2024-01-09 00:00:00-05:00,104.20412931480315,106.44639949694687,104.1151469642965,105.85380554199219,23225000,0.0,0.0
2024-01-10 00:00:00-05:00,105.64454491648037,105.89976393747784,103.90881832721657,105.66605377197266,17643000,0.0,0.0
2024-01-11 00:00:00-05:00,106.03275834322972,107.69318531948258,105.0734618772855,107.5641098022461,25757000,0.0,0.0
2024-01-12 00:00:00-05:00,108.74927600937043,109.10033361679619,107.56702768680469,108.31705474853516,26882000,0.0,0.0
2024-01-16 00:00:00-05:00,108.77276497956366,110.13200833461424,107.43209847260616,109.02896881103516,26145000,0.0,0.0
2024-01-17 00:00:00-05:00,108.18114584219981,108.8480546734526,106.60873132618217,107.92494201660156,18314000,0.0,0.0
2024-01-18 00:00:00-05:00,110.00097086744074,112.11806756189814,109.70565866691037,111.85990905761719,32228000,0.0,0.0
2024-01-19 00:00:00-05:00,113.17025850531815,119.00717854855137,113.04215286441469,118.44001770019531,53077000,0.0,0.0
2024-01-22 00:00:00-05:00,118.93384238365158,120.40847851149756,118.14860873600988,119.34944152832031,31222000,0.0,0.0
2024-01-23 00:00:00-05:00,119.39833064981433,119.98309847625497,117.68900701542431,119.9175796508789,16952000,0.0,0.0
2024-01-24 00:00:00-05:00,121.48119751864066,125.61271052098668,120.37717330392655,122.61259460449219,34805000,0.0,0.0
2024-01-25 00:00:00-05:00,125.26557149640398,125.26557149640398,120.16106438736158,120.27841186523438,36356000,0.0,0.0
2024-01-26 00:00:00-05:00,119.27120905284073,119.41886887790034,117.36729108721137,117.8219985961914,25818000,0.0,0.0
2024-01-29 00:00:00-05:00,118.80281417837823,119.65943073648054,117.83276693241599,119.08248901367188,21526000,0.0,0.0
2024-01-30 00:00:00-05:00,118.98469496766891,120.08284779050604,117.76430797870162,118.14274597167969,20683000,0.0,0.0
2024-01-31 00:00:00-05:00,116.31313565590023,117.07294360353015,114.83263558666104,115.38904571533203,27400000,0.0,0.0
2024-02-01 00:00:00-05:00,116.10778534207547,117.64695544891897,115.30202020056589,117.34577178955078,19411000,0.0,0.0
2024-02-02 00:00:00-05:00,118.20044235084859,120.73704757670333,117.84840734451866,119.72494506835938,26689000,0.0,0.0
2024-02-05 00:00:00-05:00,119.98114695826716,122.0141479677791,119.51078713439372,121.55943298339844,22045000,0.0,0.0
2024-02-06 00:00:00-05:00,123.56112954443421,124.39622963947521,118.51236810416421,119.5596694946289,25354000,0.0,0.0
2024-02-07 00:00:00-05:00,120.66956964226821,123.1641194776314,119.95571883327844,122.92454528808594,25768000,0.0,0.0
2024-02-08 00:00:00-05:00,123.89654199691313,126.72944400193852,123.70194766062738,124.6553726196289,29326000,0.0,0.0
2024-02-09 00:00:00-05:00,122.43267419490218,125.73005712822297,122.13539987478131,125.50416564941406,26293000,0.0,0.0
2024-02-12 00:00:00-05:00,126.14664935866709,126.15251337590796,123.11425861103503,123.70098114013672,24778000,0.0,0.0
2024-02-13 00:00:00-05:00,120.77908342873997,122.80816746446727,119.99384982610025,122.3955078125,31907000,0.0,0.0
2024-02-14 00:00:00-05:00,124.11560105043345,124.48328089421544,121.38537882630852,123.42913055419922,27306000,0.0,0.0
2024-02-15 00:00:00-05:00,125.1628992032951,125.16778588412188,121.73056173579114,123.70782470703125,21873000,0.0,0.0
2024-02-16 00:00:00-05:00,123.11815125839809,124.74533375566027,121.48999142506165,121.79215240478516,21268000,0.0,0.0
2024-02-20 00:00:00-05:00,120.85146284093986,121.03335183277659,118.57301598577344,119.9410629272461,26329000,0.0,0.0
2024-02-21 00:00:00-05:00,119.10497039777734,120.08773037412422,117.60295397169926,120.02906036376953,20579000,0.0,0.0
2024-02-22 00:00:00-05:00,125.3350182279121,128.19725561487255,124.82261053072297,127.60270690917969,40819000,0.0,0.0
2024-02-23 00:00:00-05:00,127.94201458573829,129.04212204946487,126.03027049156728,126.7685546875,23115000,0.0,0.0
2024-02-26 00:00:00-05:00,128.10139210682564,128.960940520483,127.26628455525852,128.0163116455078,16282000,0.0,0.0
2024-02-27 00:00:00-05:00,128.016325208062,128.29111334233528,126.36274702450956,126.75487518310547,12126000,0.0,0.0
2024-02-28 00:00:00-05:00,126.43902380267744,126.97881178754206,125.4582110094138,126.08894348144531,10967000,0.0,0.0
2024-02-29 00:00:00-05:00,127.44720577145452,127.94494593429067,125.87967789008904,127.17144775390625,27536000,0.0,0.0
2024-03-01 00:00:00-05:00,129.659171346039,137.66110814860448,129.07929014577624,136.8211212158203,44488000,0.0,0.0
2024-03-04 00:00:00-05:00,137.21028037067404,140.6347912408858,135.454014971551,137.1232452392578,34854000,0.0,0.0
2024-03-05 00:00:00-05:00,136.41334996089705,136.41334996089705,130.2889279005875,131.303955078125,36040000,0.0,0.0
2024-03-06 00:00:00-05:00,136.07889545740457,136.39670129128282,131.72539272332494,132.0128936767578,43196000,0.0,0.0
2024-03-07 00:00:00-05:00,135.14110041865177,138.30158127954024,134.25123224507487,137.58773803710938,62832000,0.0,0.0
2024-03-08 00:00:00-05:00,136.33999398119454,138.17350650132582,127.27804337286797,127.97623443603516,74025000,0.0,0.0
2024-03-11 00:00:00-04:00,124.96536541938883,127.02769394042083,122.4844982808772,126.45075225830078,31105000,0.0,0.0
2024-03-12 00:00:00-04:00,127.80802854368403,127.88529031735769,123.14162183370665,126.3294906616211,42789000,0.0,0.0
2024-03-13 00:00:00-04:00,125.44940683475373,125.44940683475373,122.46494301636474,123.00375366210938,37838000,0.0,0.0
2024-03-14 00:00:00-04:00,123.4604239952373,124.49599751858275,122.01024355711242,123.43402099609375,38029000,0.0,0.0
2024-03-15 00:00:00-04:00,122.57250410578308,123.93272469642422,120.2852615609474,120.81624603271484,88823000,0.0,0.0
2024-03-18 00:00:00-04:00,122.62336023645922,123.49366688794456,120.44465413871191,120.98639678955078,25737000,0.0,0.0
2024-03-19 00:00:00-04:00,119.0022949293305,121.28269625749523,117.73790542631394,121.06169891357422,24491000,0.0,0.0
2024-03-20 00:00:00-04:00,121.67644768589574,126.4854824078994,120.45577092664955,125.30802154541016,40946000,0.525,0.0
2024-03-21 00:00:00-04:00,130.4460550797196,137.839810051983,129.23618969838006,132.3787078857422,72468000,0.0,0.0
2024-03-22 00:00:00-04:00,132.57512625842705,135.15002394775095,132.19704703359315,132.9158935546875,38624000,0.0,0.0
2024-03-25 00:00:00-04:00,132.08705200678412,133.4039532271664,131.34461959249398,132.73028564453125,21237000,0.0,0.0
2024-03-26 00:00:00-04:00,134.01772812108405,135.51534495075745,130.66112320547717,130.7573699951172,23522000,0.0,0.0
2024-03-27 00:00:00-04:00,132.5751192170627,132.5751192170627,127.27408343920516,129.50428771972656,25583000,0.0,0.0
2024-03-28 00:00:00-04:00,129.4227761184451,130.61988962192723,128.79722441149718,130.16029357910156,19856000,0.0,0.0
2024-04-01 00:00:00-04:00,130.18679020548504,133.84980226557025,130.1602822556618,132.60064697265625,17252000,0.0,0.0
2024-04-02 00:00:00-04:00,129.21554530494134,131.82580642779342,127.99979103139529,131.47129821777344,24694000,0.0,0.0
2024-04-03 00:00:00-04:00,130.41462419457088,135.20893650028765,130.14651780265632,133.87237548828125,28650000,0.0,0.0
2024-04-04 00:00:00-04:00,136.043646116741,137.87612585104344,129.1379591997932,129.3834686279297,27014000,0.0,0.0
2024-04-05 00:00:00-04:00,130.21821483389454,133.67792899691477,129.059402468459,131.53707885742188,19438000,0.0,0.0
2024-04-08 00:00:00-04:00,130.9694732891963,131.83857132578788,129.21161728008306,131.21006774902344,17139000,0.0,0.0
2024-04-09 00:00:00-04:00,133.29887989773164,133.5060884591229,128.51340806230854,131.01171875,17986000,0.0,0.0
2024-04-10 00:00:00-04:00,129.9235967079252,131.17568883937508,129.1851054023142,129.86172485351562,17467000,0.0,0.0
2024-04-11 00:00:00-04:00,130.87423570014334,136.6869094376575,129.9874555721427,135.7628173828125,31713000,0.0,0.0
2024-04-12 00:00:00-04:00,132.77249632066477,134.19644813122332,131.2611387105862,131.9927520751953,27823000,0.0,0.0
2024-04-15 00:00:00-04:00,134.53917209116273,134.53917209116273,128.25413646910798,128.71470642089844,24370000,0.0,0.0
2024-04-16 00:00:00-04:00,129.1752835456735,131.23167994415732,128.74516249445347,130.5187225341797,18923000,0.0,0.0
2024-04-17 00:00:00-04:00,131.89849071890615,132.28049589168864,125.84029296601011,125.95912170410156,24718000,0.0,0.0
2024-04-18 00:00:00-04:00,126.48648133625848,126.94312535194531,123.29092475545885,123.63758850097656,24888000,0.0,0.0
2024-04-19 00:00:00-04:00,123.63757801410824,123.73676179318097,117.60491458317763,118.30707550048828,44797000,0.0,0.0
2024-04-22 00:00:00-04:00,120.25053091300873,121.10490653391206,117.89757207658903,120.2466049194336,25162000,0.0,0.0
2024-04-23 00:00:00-04:00,120.61093765215358,123.53053560837253,120.5962076845601,122.67517852783203,22025000,0.0,0.0
2024-04-24 00:00:00-04:00,124.1197595805285,126.25274285039691,122.25978270498462,123.42447662353516,20108000,0.0,0.0
2024-04-25 00:00:00-04:00,124.95940010434244,128.4534817171189,123.44214603894879,127.11693572998047,30410000,0.0,0.0
2024-04-26 00:00:00-04:00,128.64695157414482,133.14762349110603,127.97229508318145,131.9927520751953,24100000,0.0,0.0
2024-04-29 00:00:00-04:00,131.99374786906267,132.86776095518795,130.18876482023077,131.45755004882812,13372000,0.0,0.0
2024-04-30 00:00:00-04:00,130.50105479175267,132.41308872402243,127.57163401607932,127.69143676757812,22113000,0.0,0.0
2024-05-01 00:00:00-04:00,125.53684369988643,126.91562417142671,121.90526967637082,122.05355834960938,30958000,0.0,0.0
2024-05-02 00:00:00-04:00,123.37144836525093,124.17377460061651,120.13367247805913,121.63226318359375,29480000,0.0,0.0
2024-05-03 00:00:00-04:00,123.63856601709058,126.08187515319258,122.4738645791413,125.5152359008789,24898000,0.0,0.0
2024-05-06 00:00:00-04:00,126.31167300914726,128.7225778538996,125.21671033991318,128.6774139404297,16287000,0.0,0.0
2024-05-07 00:00:00-04:00,129.27937062113375,129.52979503438777,127.346718113987,127.97032165527344,12413000,0.0,0.0
2024-05-08 00:00:00-04:00,127.0265906775298,131.38781475012243,126.53458280520935,130.15634155273438,13918000,0.0,0.0
2024-05-09 00:00:00-04:00,129.41588673599892,129.78708789838973,127.86131329053343,128.2217254638672,12170000,0.0,0.0
2024-05-10 00:00:00-04:00,129.1684243646073,131.9858791681578,129.1684243646073,130.88600158691406,16300000,0.0,0.0
2024-05-13 00:00:00-04:00,132.37869492870215,133.39903361439355,130.6218279125299,131.34854125976562,18507000,0.0,0.0
2024-05-14 00:00:00-04:00,130.8408193731264,135.7166484937107,130.19857479633558,135.524169921875,19420000,0.0,0.0
2024-05-15 00:00:00-04:00,135.52122717986794,141.31034466707425,134.53722630489574,141.03733825683594,32757000,0.0,0.0
2024-05-16 00:00:00-04:00,140.03859332431065,141.9437340290291,137.98219698384375,138.67649841308594,28395000,0.0,0.0
2024-05-17 00:00:00-04:00,138.70499443422128,139.4032219075876,135.6960200301013,137.02276611328125,18174000,0.0,0.0
2024-05-20 00:00:00-04:00,137.0924900126912,139.14887151884528,136.8135796348344,138.86309814453125,27170000,0.0,0.0
2024-05-21 00:00:00-04:00,137.35565514036273,138.40741675321235,136.8430283074461,137.40672302246094,15333000,0.0,0.0
2024-05-22 00:00:00-04:00,137.0934632729502,137.97631733424052,135.93563981361388,136.72323608398438,21002000,0.0,0.0
2024-05-23 00:00:00-04:00,140.27724363298321,140.33321152236437,135.32482716586412,136.82635498046875,31039000,0.0,0.0
2024-05-24 00:00:00-04:00,137.4646700280642,138.8188979667718,136.70161876227016,138.2552032470703,16730000,0.0,0.0
2024-05-28 00:00:00-04:00,138.46732180775902,139.17242718513637,136.752681750129,138.70791625976562,22919000,0.0,0.0
2024-05-29 00:00:00-04:00,137.39690612702594,137.39690612702594,135.81582473945653,136.5690460205078,26861000,0.0,0.0
2024-05-30 00:00:00-04:00,135.42301452093628,135.79423070498262,133.12897552493155,133.95782470703125,21717000,0.0,0.0
2024-05-31 00:00:00-04:00,133.69069971071266,133.8075654457944,128.37787160797777,130.4686279296875,73091000,0.0,0.0
2024-06-03 00:00:00-04:00,132.8402761840039,132.86973612339264,127.91339352307925,129.8155975341797,26278000,0.0,0.0
2024-06-04 00:00:00-04:00,129.668268109417,130.80646157926824,128.3533300080388,130.69155883789062,23048000,0.0,0.0
2024-06-05 00:00:00-04:00,132.1823058899944,138.89452647173653,131.64610804771158,138.7707977294922,32947000,0.0,0.0
2024-06-06 00:00:00-04:00,139.63299594685301,139.71352376038712,136.33041155543566,137.61000061035156,20172000,0.0,0.0
2024-06-07 00:00:00-04:00,138.24932563547924,139.9403949490571,137.1926489429184,138.1373748779297,17859000,0.0,0.0
2024-06-10 00:00:00-04:00,138.44768350454112,142.30218482907176,138.38188565392548,141.4595947265625,31042000,0.0,0.0
2024-06-11 00:00:00-04:00,141.2366861837748,143.86952933419593,139.07914298377088,143.47866821289062,34844000,0.0,0.0
2024-06-12 00:00:00-04:00,147.3056555399494,147.87523920620194,144.98804596006596,146.86471557617188,56697000,0.0,0.0
2024-06-13 00:00:00-04:00,167.9284761141277,170.4670506065517,162.28372134690113,164.8831787109375,89061000,0.0,0.0
2024-06-14 00:00:00-04:00,165.65604518958182,171.5855843520019,165.18859719998426,170.3874969482422,69705000,0.0,0.0
2024-06-17 00:00:00-04:00,176.76682228011722,180.98958825375075,174.66329877327126,179.60195922851562,87528000,0.0,0.0
2024-06-18 00:00:00-04:00,180.65469718929512,181.8360915783338,175.29474201441946,177.0142822265625,86797000,0.0,0.0
2024-06-20 00:00:00-04:00,177.1065714618698,177.23326715726512,169.12850381335346,170.34033203125,68157000,0.0,0.0
2024-06-21 00:00:00-04:00,166.52021717848638,168.3212741572264,162.17568587547308,162.8837432861328,99289000,0.0,0.0
2024-06-24 00:00:00-04:00,161.76755522679298,163.63443019943074,156.70483069736113,156.85752868652344,58575000,0.525,0.0
2024-06-25 00:00:00-04:00,157.63778042237416,158.22001103330166,154.0784050088497,155.73248291015625,53329000,0.0,0.0
2024-06-26 00:00:00-04:00,157.39049197274448,159.41597254022676,155.02316214085232,156.8368377685547,46479000,0.0,0.0
2024-06-27 00:00:00-04:00,156.8368610491816,158.17864328701629,154.76804208792237,156.310791015625,31649000,0.0,0.0
2024-06-28 00:00:00-04:00,157.21906687553857,161.48972457787914,156.2457413250479,158.16973876953125,69377000,0.0,0.0
2024-07-01 00:00:00-04:00,158.432790859207,162.4275911158845,156.9846103757121,161.64439392089844,47623000,0.0,0.0
2024-07-02 00:00:00-04:00,161.64443409965025,163.45711793354002,159.79233559894624,163.2876739501953,32539000,0.0,0.0
2024-07-03 00:00:00-04:00,164.52108665819082,170.3551788330078,163.97530927740868,170.3551788330078,39954000,0.0,0.0
2024-07-05 00:00:00-04:00,172.95007451018236,173.92636161864013,167.08249067717443,167.80262756347656,45240000,0.0,0.0
2024-07-08 00:00:00-04:00,167.9691146867747,173.08207723988443,167.9691146867747,171.9944610595703,36398000,0.0,0.0
2024-07-09 00:00:00-04:00,173.0485716724181,174.4691679765173,168.02426995602514,170.75807189941406,37802000,0.0,0.0
2024-07-10 00:00:00-04:00,172.0082481329082,174.02682886142807,170.07339724850752,171.87918090820312,41074000,0.0,0.0
2024-07-11 00:00:00-04:00,173.8465517263996,173.8672361552837,164.37329374951628,168.0626983642578,51026000,0.0,0.0
2024-07-12 00:00:00-04:00,168.56315876007403,170.02907751089467,166.62043083702588,167.54254150390625,30453000,0.0,0.0
2024-07-15 00:00:00-04:00,167.476522765656,170.93441497113503,166.74750190199362,168.8754425048828,22999200,0.0,10.0
2024-07-16 00:00:00-04:00,169.84089838696323,170.24481597849407,163.9299620389396,166.86573791503906,22244900,0.0,0.0
2024-07-17 00:00:00-04:00,159.9006662943103,160.4227977663051,153.3001241693126,153.6646270751953,43343400,0.0,0.0
2024-07-18 00:00:00-04:00,156.53144364134374,159.11254767307645,151.6155095572374,158.1372528076172,37973500,0.0,0.0
2024-07-19 00:00:00-04:00,159.4376538525716,161.51633374971877,154.78771602608396,155.01431274414062,26309500,0.0,0.0
2024-07-22 00:00:00-04:00,157.8515690625167,160.57060971500854,155.55615338032487,158.66925048828125,28813300,0.0,0.0
2024-07-23 00:00:00-04:00,158.01904841922752,162.87587630054776,157.5264703193767,161.3390350341797,21570200,0.0,0.0
2024-07-24 00:00:00-04:00,157.96980339990657,159.01406657147976,148.85710850854605,149.09353637695312,37162600,0.0,0.0
2024-07-25 00:00:00-04:00,149.01469993354263,151.27071572462717,143.3599137808286,147.0443878173828,30872100,0.0,0.0
2024-07-26 00:00:00-04:00,151.22146381122133,151.30027810437878,147.69460311194482,149.3792266845703,20839900,0.0,0.0
2024-07-29 00:00:00-04:00,149.7634267161912,152.69918753195844,146.9360186347724,147.99014282226562,16625800,0.0,0.0
2024-07-30 00:00:00-04:00,151.00473674058694,151.19191881830818,141.2221431746687,141.38961791992188,31102300,0.0,0.0
2024-07-31 00:00:00-04:00,149.2215823847005,158.93522126720728,148.75855785633945,158.29486083984375,45827500,0.0,0.0
2024-08-01 00:00:00-04:00,155.16207766538665,156.55115130175932,144.0002578300909,144.837646484375,40320000,0.0,0.0
2024-08-02 00:00:00-04:00,139.82320584161846,143.19245311960273,137.52780522924533,141.68516540527344,33745800,0.0,0.0
2024-08-05 00:00:00-04:00,127.68608025135322,143.26139548577868,126.59255640022316,139.97097778320312,41309300,0.0,0.0
2024-08-06 00:00:00-04:00,139.62618170009446,146.69961091551383,138.16815475732938,141.78367614746094,24751300,0.0,0.0
2024-08-07 00:00:00-04:00,146.04938850071625,147.87193325714827,133.81375182109076,134.24722290039062,29749800,0.0,0.0
2024-08-08 00:00:00-04:00,139.10405768025842,144.09880701814953,136.34561720975765,143.57667541503906,27583200,0.0,0.0
2024-08-09 00:00:00-04:00,142.0595033501877,147.33009437702867,141.97084291097377,146.05923461914062,18438700,0.0,0.0
2024-08-12 00:00:00-04:00,145.88191697395754,148.88664608298663,144.197293430112,146.4138946533203,17778500,0.0,0.0
2024-08-13 00:00:00-04:00,149.30039495584398,154.05870024447955,147.58621810250528,153.8419647216797,22053600,0.0,0.0
2024-08-14 00:00:00-04:00,155.67437701079433,157.8712709877291,152.42335875154697,155.34927368164062,20184200,0.0,0.0
2024-08-15 00:00:00-04:00,158.80715886069697,164.19596388098068,157.9599240211563,163.6639862060547,27945000,0.0,0.0
2024-08-16 00:00:00-04:00,162.0286105267601,163.62455845616878,160.2651728468666,163.2600555419922,19296900,0.0,0.0
2024-08-19 00:00:00-04:00,162.4128493946227,165.33876446907414,158.03875352444112,165.22055053710938,20441700,0.0,0.0
2024-08-20 00:00:00-04:00,164.57034162101513,165.87073995191184,161.71337970141823,163.48666381835938,19417500,0.0,0.0
2024-08-21 00:00:00-04:00,162.66897669080154,163.99894348997307,160.46223656242054,163.31918334960938,16097700,0.0,0.0
2024-08-22 00:00:00-04:00,168.30406362190902,169.86061205551246,159.0928631552294,159.93023681640625,30044500,0.0,0.0
2024-08-23 00:00:00-04:00,162.58033486499855,165.78209268006032,161.03364736805258,163.89059448242188,18848000,0.0,0.0
2024-08-26 00:00:00-04:00,162.51138683777714,163.24039286554293,156.30489925682505,157.25064086914062,18521200,0.0,0.0
2024-08-27 00:00:00-04:00,155.26060406403752,159.62483827852918,153.51687359515856,158.9943389892578,16683100,0.0,0.0
2024-08-28 00:00:00-04:00,157.7037910925091,159.8711315170545,153.9306414064788,155.8319854736328,18063600,0.0,0.0
2024-08-29 00:00:00-04:00,156.13741172073023,160.77748900973236,153.10312881753018,154.60055541992188,23519300,0.0,0.0
2024-08-30 00:00:00-04:00,158.7283445677515,160.8168857025775,156.3541298130385,160.4031219482422,25158500,0.0,0.0
2024-09-03 00:00:00-04:00,157.99933384103116,158.3539906242098,149.1329292938539,150.52198791503906,37179100,0.0,0.0
2024-09-04 00:00:00-04:00,148.0689565972433,155.44776575498855,146.93601812591154,151.83224487304688,20324100,0.0,0.0
2024-09-05 00:00:00-04:00,148.33497330108997,154.03902097150444,147.88179484388976,150.55157470703125,31548500,0.0,0.0
2024-09-06 00:00:00-04:00,141.1236104756376,141.3698994991553,134.5723284629826,134.9663848876953,76634600,0.0,0.0
2024-09-09 00:00:00-04:00,137.0450669903484,139.48824993280522,132.8975531552517,138.7296905517578,39516700,0.0,0.0
2024-09-10 00:00:00-04:00,139.12374784718887,147.63549608465522,138.94641192959094,146.00999450683594,36067500,0.0,0.0
2024-09-11 00:00:00-04:00,146.18732189056007,156.5117542319239,142.88704274368826,155.92066955566406,39700800,0.0,0.0
2024-09-12 00:00:00-04:00,155.75317931441077,163.85116334139798,154.50202690743893,162.11727905273438,43530700,0.0,0.0
2024-09-13 00:00:00-04:00,164.26494085136025,165.5850464764837,161.60500723690367,165.20083618164062,29850000,0.0,0.0
2024-09-16 00:00:00-04:00,162.73795812007225,163.04335414260484,158.02891259877848,161.5853271484375,26126900,0.0,0.0
2024-09-17 00:00:00-04:00,163.03347929793506,163.55561079919963,158.314573424325,160.0583038330078,19844300,0.0,0.0
2024-09-18 00:00:00-04:00,161.3390212332515,164.98409585389004,158.96479138731223,159.2701873779297,26557600,0.0,0.0
2024-09-19 00:00:00-04:00,165.73428779459013,168.02737449755227,163.73773808587725,165.47731018066406,32453100,0.53,0.0
2024-09-20 00:00:00-04:00,165.2400820929054,170.02393152826804,164.53832918309465,169.11460876464844,91758500,0.0,0.0
2024-09-23 00:00:00-04:00,170.00414794831318,171.30883818342562,166.39650781814822,170.93324279785156,29431100,0.0,0.0
2024-09-24 00:00:00-04:00,170.80475974914003,173.94786778072526,169.6878671199465,172.8112030029297,34223400,0.0,0.0
2024-09-25 00:00:00-04:00,172.62340711022614,175.08451931735237,171.74373500981832,173.4833221435547,16613800,0.0,0.0
2024-09-26 00:00:00-04:00,176.42872935556656,178.15842278062112,172.9693425054574,176.0234832763672,24340000,0.0,0.0
2024-09-27 00:00:00-04:00,176.10254891380316,176.39907078976105,169.7669256604769,170.68614196777344,20580900,0.0,0.0
2024-09-30 00:00:00-04:00,169.87565759105095,170.91347666335818,167.6616596573073,170.49835205078125,16902000,0.0,0.0
2024-10-01 00:00:00-04:00,170.16229887968694,170.25125092093037,163.87609824241417,165.52671813964844,23770400,0.0,0.0
2024-10-02 00:00:00-04:00,165.60581986850104,170.8344301895541,165.08197098293792,168.6797332763672,14317800,0.0,0.0
2024-10-03 00:00:00-04:00,167.6517677988029,172.91004310998687,167.22676464875883,169.8954315185547,13072300,0.0,0.0
2024-10-04 00:00:00-04:00,174.2542656598086,174.84729437359562,170.59720247206607,174.59031677246094,17921400,0.0,0.0
2024-10-07 00:00:00-04:00,172.79145377991412,176.2409473219031,171.84258666643808,173.04843139648438,15588300,0.0,0.0
2024-10-08 00:00:00-04:00,173.38447635994135,179.49277330909413,172.8606275298251,178.6328582763672,20774200,0.0,0.0
2024-10-09 00:00:00-04:00,177.1601516249541,184.256829554681,174.3728669238212,183.7922821044922,25504100,0.0,0.0
2024-10-10 00:00:00-04:00,181.4300199216682,184.14810970931555,180.41197295319688,183.53530883789062,16318000,0.0,0.0
2024-10-11 00:00:00-04:00,179.038109635851,180.47128129018338,175.3415019524016,179.37416076660156,23070000,0.0,0.0
2024-10-14 00:00:00-04:00,181.1730521076151,182.80390003564597,178.0398375201543,180.1945343017578,17195800,0.0,0.0
2024-10-15 00:00:00-04:00,178.69214103735132,179.5915851922985,171.35824309752675,173.93795776367188,27657500,0.0,0.0
2024-10-16 00:00:00-04:00,176.4386266713672,177.17004539839056,173.29553352361427,174.76824951171875,15285100,0.0,0.0
2024-10-17 00:00:00-04:00,179.2654369524831,183.3573971418673,178.59333468953903,179.423583984375,25232400,0.0,0.0
2024-10-18 00:00:00-04:00,180.20442318997112,180.58989714912394,176.60664612890366,177.8026123046875,17835200,0.0,0.0
2024-10-21 00:00:00-04:00,177.29853638286994,179.61138014781645,176.18164371716264,177.90145874023438,13695100,0.0,0.0
2024-10-22 00:00:00-04:00,176.58687644750472,178.59331961486433,175.35138114338034,177.29852294921875,12062600,0.0,0.0
2024-10-23 00:00:00-04:00,175.5292863150625,176.90315649848853,170.56754800181454,171.4966278076172,19513700,0.0,0.0
2024-10-24 00:00:00-04:00,172.2379468420478,172.27749114280934,167.5331855274554,169.36172485351562,20485200,0.0,0.0
2024-10-25 00:00:00-04:00,172.16876304219073,174.74847812529228,170.71581919758574,170.99256896972656,19977700,0.0,0.0
2024-10-28 00:00:00-04:00,170.99258056701632,171.95132630043355,169.36173250759614,170.02395629882812,13195800,0.0,0.0
2024-10-29 00:00:00-04:00,170.43907314910592,178.13867426676063,169.22334983194608,177.16017150878906,23702300,0.0,0.0
2024-10-30 00:00:00-04:00,175.41068748751005,177.11073028081395,173.5821483527737,174.59031677246094,17911500,0.0,0.0
2024-10-31 00:00:00-04:00,172.42572072452987,172.42572072452987,165.4377671634868,167.80003356933594,26086600,0.0,0.0
2024-11-01 00:00:00-04:00,166.3075699289146,169.34195406313046,165.55639410746244,166.9599151611328,17847000,0.0,0.0
2024-11-04 00:00:00-05:00,167.31573287609143,170.44894749493406,166.46571141205268,166.59420776367188,13621300,0.0,0.0
2024-11-05 00:00:00-05:00,168.0767789674756,172.37629344320965,168.0767789674756,171.88209533691406,13441800,0.0,0.0
2024-11-06 00:00:00-05:00,177.5456262455329,178.11889789013003,173.91821375589655,177.466552734375,24300800,0.0,0.0
2024-11-07 00:00:00-05:00,179.8782354671475,182.72480635618726,179.68054415560994,181.67710876464844,18970600,0.0,0.0
2024-11-08 00:00:00-05:00,180.86665788673744,182.90275200386455,179.72011447341458,181.5091094970703,13503200,0.0,0.0
2024-11-11 00:00:00-05:00,181.27187407762887,181.4992160838324,174.76823974254023,176.833984375,17036700,0.0,0.0
2024-11-12 00:00:00-05:00,176.82409632501648,177.47644151845017,171.19024029475037,174.17520141601562,15862000,0.0,0.0
2024-11-13 00:00:00-05:00,172.68273438578103,173.5525129254634,170.59721746660475,171.5658416748047,17472500,0.0,0.0
2024-11-14 00:00:00-05:00,172.7420129378933,173.53273293639867,167.89886237312894,168.4029541015625,20638900,0.0,0.0
2024-11-15 00:00:00-05:00,166.51512956865128,167.17735329456278,161.53360366015832,162.92724609375,20836200,0.0,0.0
2024-11-18 00:00:00-05:00,163.73774109494212,164.4197369817483,160.33765527660663,163.74761962890625,17856900,0.0,0.0
2024-11-19 00:00:00-05:00,164.72613219874026,164.8645070784968,162.4033948438294,163.43133544921875,18003400,0.0,0.0
2024-11-20 00:00:00-05:00,163.61910307328367,163.61910307328367,158.99341601845032,161.35568237304688,17196700,0.0,0.0
2024-11-21 00:00:00-05:00,164.3208822119045,164.40983425784754,158.73644924010188,162.03768920898438,24835300,0.0,0.0
2024-11-22 00:00:00-05:00,162.39352054407112,162.99644291052914,160.51555846214944,162.32432556152344,17332500,0.0,0.0
2024-11-25 00:00:00-05:00,163.48074254595002,165.28950959093856,160.9998732538955,162.90748596191406,26850600,0.0,0.0
2024-11-26 00:00:00-05:00,162.69004003569023,164.43949066035128,160.80219944799626,162.8284149169922,16308800,0.0,0.0
2024-11-27 00:00:00-05:00,161.30626784240548,161.30626784240548,155.7119413486448,157.81723022460938,19722700,0.0,0.0
2024-11-29 00:00:00-05:00,157.71839539126273,160.80218683655335,157.23407580382474,160.1992645263672,11024000,0.0,0.0
2024-12-02 00:00:00-05:00,161.05916218646607,166.426161542014,160.86148595739581,164.57785034179688,21472400,0.0,0.0
2024-12-03 00:00:00-05:00,162.57140962398404,166.3174398260734,162.12663433153202,166.19882202148438,17024400,0.0,0.0
2024-12-04 00:00:00-05:00,171.4274577702038,173.3548275510578,166.60407896951824,168.58087158203125,32748200,0.0,0.0
2024-12-05 00:00:00-05:00,168.7686625900181,170.3995103978738,167.23664535982417,168.49191284179688,18490000,0.0,0.0
2024-12-06 00:00:00-05:00,168.12620795662698,178.5834269971987,167.36513862215278,177.44677734375,27830800,0.0,0.0
2024-12-09 00:00:00-05:00,176.87352599513588,178.69217168192503,173.97753189318993,176.8636474609375,20886300,0.0,0.0
2024-12-10 00:00:00-05:00,175.7467380844835,176.42873392280816,167.76049442539696,169.8163604736328,27762600,0.0,0.0
2024-12-11 00:00:00-05:00,177.92118681924606,182.72479274626681,174.3827267668397,181.0741729736328,41295200,0.0,0.0
2024-12-12 00:00:00-05:00,178.830531062559,179.88812231761287,173.94786612544868,178.5636749267578,46967200,0.0,0.0
2024-12-13 00:00:00-05:00,211.41793972842294,226.04620640659434,208.66032098489092,222.19146728515625,121336600,0.0,0.0
2024-12-16 00:00:00-05:00,229.10037203530317,248.95726518992336,228.1317478829436,247.0990753173828,111623200,0.0,0.0
2024-12-17 00:00:00-05:00,237.85755320698672,239.65644163390138,231.08704789578454,237.4424285888672,70382100,0.0,0.0
2024-12-18 00:00:00-05:00,236.63196311101635,237.06685989849794,216.67623929059894,221.02517700195312,53960100,0.0,0.0
2024-12-19 00:00:00-05:00,225.26541472137666,225.40378960647672,215.05527866260576,215.7866973876953,40845200,0.0,0.0
2024-12-20 00:00:00-05:00,217.80299368681284,227.61776100430612,216.36982217070667,218.22799682617188,131910400,0.0,0.0
2024-12-23 00:00:00-05:00,224.65990983314012,231.30981083911252,223.11388262823866,230.26922607421875,40643800,0.59,0.0
2024-12-24 00:00:00-05:00,237.9696008184835,238.07861631851455,232.6972519349599,237.53353881835938,22827200,0.0,0.0
2024-12-26 00:00:00-05:00,237.8506898638071,245.06549291323807,235.47218901402488,243.16268920898438,28459000,0.0,0.0
2024-12-27 00:00:00-05:00,243.44020020393432,243.57894584604932,234.23340232456303,239.5850372314453,29282200,0.0,0.0
2024-12-30 00:00:00-05:00,232.59815183964946,236.6317103990724,229.54573282439043,233.47027587890625,27316800,0.0,0.0
2024-12-31 00:00:00-05:00,233.7675918534759,235.3334440474897,229.23851102924021,229.76376342773438,17927700,0.0,0.0
2025-01-02 00:00:00-05:00,234.0450856994073,237.35517088324633,228.17810374943434,229.9025115966797,31525800,0.0,0.0
2025-01-03 00:00:00-05:00,231.49808687843384,234.3721250731373,226.94919613970686,230.4674072265625,24973200,0.0,0.0
2025-01-06 00:00:00-05:00,234.38205232484663,239.5850365730726,231.2107125694037,234.29286193847656,34028400,0.0,0.0
2025-01-07 00:00:00-05:00,237.35516676920835,237.35516676920835,225.56174281992813,226.59242248535156,25928600,0.0,0.0
2025-01-08 00:00:00-05:00,227.6429307208459,230.38812836590446,224.0355291540606,227.2564239501953,18756500,0.0,0.0
2025-01-10 00:00:00-05:00,225.26443724993786,225.7896896703449,219.26861448479562,222.30120849609375,23864000,0.0,0.0
2025-01-13 00:00:00-05:00,218.01990615787383,227.20687867653248,217.54419386376574,223.27243041992188,23772100,0.0,0.0
2025-01-14 00:00:00-05:00,224.5409772667198,228.19791905646377,221.10205137173838,222.68771362304688,18143100,0.0,0.0
2025-01-15 00:00:00-05:00,226.50325323015414,228.27721646426272,223.55984946903303,225.9581756591797,21745600,0.0,0.0
2025-01-16 00:00:00-05:00,233.11351174353018,236.46324732661697,227.15733914861,227.3555450439453,23471900,0.0,0.0
2025-01-17 00:00:00-05:00,234.95685249419475,235.96772220710642,230.57643723443132,235.31362915039062,31196600,0.0,0.0
2025-01-21 00:00:00-05:00,239.33727397549399,240.5760797414127,235.27398501442437,238.15792846679688,30903200,0.0,0.0
2025-01-22 00:00:00-05:00,244.5402291814218,244.7780853042309,238.53450196027745,238.75253295898438,29610500,0.0,0.0
2025-01-23 00:00:00-05:00,236.27494057218334,238.24710959673718,234.0054400287915,238.12818908691406,17653900,0.0,0.0
2025-01-24 00:00:00-05:00,242.50860595703125,247.35481335345065,239.74359822966028,242.50860595703125,25387800,0.0,0.0
2025-01-27 00:00:00-05:00,211.48891676354987,216.47387001369614,194.47268238003895,200.31985473632812,90569400,0.0,0.0
2025-01-28 00:00:00-05:00,206.14717891356318,208.0698078301664,197.10885712729012,205.5030059814453,50316000,0.0,0.0
2025-01-29 00:00:00-05:00,206.96973587761653,209.55636270407408,200.9541034480479,204.50204467773438,32533700,0.0,0.0
2025-01-30 00:00:00-05:00,216.61261144128696,219.97225181265256,211.7862142690453,213.72866821289062,42449500,0.0,0.0
2025-01-31 00:00:00-05:00,217.69285452232205,224.7689121682608,214.36294415234264,219.28843688964844,41104700,0.0,0.0
2025-02-03 00:00:00-05:00,213.53046065896504,218.96138043826562,211.5979117316323,215.78012084960938,24507300,0.0,0.0
2025-02-04 00:00:00-05:00,217.3856301225789,221.03266684202924,213.37189663314714,220.4380340576172,23768500,0.0,0.0
2025-02-05 00:00:00-05:00,231.84497697288091,235.79923526285586,225.46264730650805,229.92234802246094,29196000,0.0,0.0
2025-02-06 00:00:00-05:00,232.39995000134874,232.69726639464838,226.51314287814745,229.28807067871094,21169500,0.0,0.0
2025-02-07 00:00:00-05:00,232.89548811569185,233.53966107651718,222.1030126968333,222.856201171875,22117500,0.0,0.0
2025-02-10 00:00:00-05:00,225.39326950474324,233.70814834088628,225.0860480936713,232.93511962890625,23901600,0.0,0.0
2025-02-11 00:00:00-05:00,230.39804783434232,235.75960283018574,227.9105312949508,232.93511962890625,18476200,0.0,0.0
2025-02-12 00:00:00-05:00,228.29703580965813,234.3622239530927,227.94025914697724,234.2333984375,16397300,0.0,0.0
2025-02-13 00:00:00-05:00,233.94597485573362,234.8280039033728,228.66370557146226,233.6883087158203,20962000,0.0,0.0
2025-02-14 00:00:00-05:00,232.42968003055415,233.6288506049063,226.85009430466158,230.95301818847656,16988800,0.0,0.0
2025-02-18 00:00:00-05:00,228.0393455615545,230.12052993884336,222.29128443554632,226.4833984375,26080500,0.0,0.0
2025-02-19 00:00:00-05:00,225.80951640802843,227.01859202042505,222.39040046682635,226.68162536621094,16375500,0.0,0.0
2025-02-20 00:00:00-05:00,226.60232569783003,226.9293722073322,220.75516902066155,224.70944213867188,16104000,0.0,0.0
2025-02-21 00:00:00-05:00,223.62920472019493,225.71040439907546,213.69894885916236,216.70181274414062,24883600,0.0,0.0
2025-02-24 00:00:00-05:00,216.642345025439,217.51445394777917,205.68137958230633,206.06788635253906,33050400,0.0,0.0
2025-02-25 00:00:00-05:00,205.14623132231566,206.77154385447642,199.12067836543815,200.72616577148438,33100800,0.0,0.0
2025-02-26 00:00:00-05:00,205.0570376708734,211.6276529530181,204.1551834737872,211.0330352783203,21368300,0.0,0.0
2025-02-27 00:00:00-05:00,215.3341701195817,217.28652919716785,195.63219857381623,196.02862548828125,27572900,0.0,0.0
2025-02-28 00:00:00-05:00,194.0068806734155,199.38826058237896,191.4202537262415,197.64401245117188,39747200,0.0,0.0
2025-03-03 00:00:00-05:00,202.173109284758,202.23256954441678,182.8774686741326,185.69203186035156,37435600,0.0,0.0
2025-03-04 00:00:00-05:00,187.5254483273795,192.2130847488526,178.86371363804463,185.801025390625,37910500,0.0,0.0
2025-03-05 00:00:00-05:00,190.1418101150186,192.3419302506341,185.42444344771909,189.86431884765625,25644500,0.0,0.0
2025-03-06 00:00:00-05:00,179.4186984876925,185.15685489449606,176.01942294343004,177.8429412841797,56864100,0.0,0.0
2025-03-07 00:00:00-05:00,186.0487873763474,193.72938256615052,179.93404437538027,193.21405029296875,74528900,0.0,0.0
2025-03-10 00:00:00-04:00,187.90206071991116,190.26073656616535,178.8141685024404,182.7981719970703,44217100,0.0,0.0
2025-03-11 00:00:00-04:00,186.3659253652252,193.86812453239523,183.69010818055892,188.3876495361328,42153200,0.0,0.0
2025-03-12 00:00:00-04:00,194.46278490851662,198.18910739598635,190.72654229625022,192.4906005859375,30409700,0.0,0.0
2025-03-13 00:00:00-04:00,191.42024910447395,194.56187364072244,187.7732124129884,189.6462860107422,27236100,0.0,0.0
2025-03-14 00:00:00-04:00,194.44294192352282,195.73130289103105,191.46980820872236,193.78884887695312,25900900,0.0,0.0
2025-03-17 00:00:00-04:00,186.36594393235515,194.95829897848913,185.820866366585,192.7581787109375,26830600,0.0,0.0
2025-03-18 00:00:00-04:00,188.7345149183321,191.1625708921297,185.22620895862102,186.98036193847656,24951000,0.0,0.0
2025-03-19 00:00:00-04:00,187.64436987480715,196.49440549469347,185.22621877379206,193.81858825683594,37962700,0.0,0.0
2025-03-20 00:00:00-04:00,190.37920278337236,192.68537566363145,187.81456890274092,189.405029296875,31430000,0.59,0.0
2025-03-21 00:00:00-04:00,187.0889247074457,190.92593303750039,186.25391668046277,190.51837158203125,43086500,0.0,0.0
2025-03-24 00:00:00-04:00,193.1426293723638,195.51839241438537,189.53424709398493,190.1107940673828,33180300,0.0,0.0
2025-03-25 00:00:00-04:00,189.7529653887806,190.45874295613885,186.56207904155573,187.1386260986328,23417300,0.0,0.0
2025-03-26 00:00:00-04:00,185.548143779762,186.93979846581837,176.52222793161485,178.20216369628906,30578500,0.0,0.0
2025-03-27 00:00:00-04:00,176.60175467212034,177.3174671359345,169.44464520187736,170.9655303955078,32151700,0.0,0.0
2025-03-28 00:00:00-04:00,170.9058693058286,172.26771903675842,165.478401000213,168.11260986328125,30391500,0.0,0.0
2025-03-31 00:00:00-04:00,163.51020338452625,166.93965006119086,159.66324513451602,166.43267822265625,35656400,0.0,0.0
2025-04-01 00:00:00-04:00,165.3789872721329,167.70506023854338,162.4465624234543,167.5161895751953,20472400,0.0,0.0
2025-04-02 00:00:00-04:00,165.09073073612564,172.39694067158848,164.5141837403319,171.06492614746094,19523700,0.0,0.0
2025-04-03 00:00:00-04:00,159.58372313468178,162.45650799667598,152.78446981789182,153.09262084960938,44354900,0.0,0.0
2025-04-04 00:00:00-04:00,147.28740070388912,151.88982624794704,138.34101059309523,145.41859436035156,72302200,0.0,0.0
2025-04-07 00:00:00-04:00,143.6293348874449,159.4743737836613,137.27739823179985,153.2218475341797,68503500,0.0,0.0
2025-04-08 00:00:00-04:00,166.62154496514842,168.7686822864413,152.17809600038993,155.1005859375,58888200,0.0,0.0
2025-04-09 00:00:00-04:00,159.54396999667875,186.2141569570814,156.57177469019106,184.04713439941406,72708300,0.0,0.0
2025-04-10 00:00:00-04:00,174.25582737879597,175.89599307529602,165.40883118922298,171.27369689941406,51212200,0.0,0.0
2025-04-11 00:00:00-04:00,172.58581367453812,181.57197468264695,172.27766264129502,180.85626220703125,33964100,0.0,0.0
2025-04-14 00:00:00-04:00,183.9775654288772,184.89208359208797,174.7727284481235,177.29759216308594,25748300,0.0,0.0
2025-04-15 00:00:00-04:00,178.6594163606847,181.17434495383753,177.0192508148541,177.88406372070312,17242400,0.0,0.0
2025-04-16 00:00:00-04:00,169.41480654182155,175.0311607584241,165.92571972674614,173.56991577148438,34638600,0.0,0.0
2025-04-17 00:00:00-04:00,175.20014398981402,175.20014398981402,168.90784763658527,169.9714813232422,22501800,0.0,0.0
2025-04-21 00:00:00-04:00,165.99532339103962,166.9993018284933,160.64736470494694,165.219970703125,23469800,0.0,0.0
2025-04-22 00:00:00-04:00,166.43268279674174,169.5042884970676,164.23585532904437,168.56988525390625,18504900,0.0,0.0
2025-04-23 00:00:00-04:00,176.72102930983826,179.37512329066433,174.77271279640473,175.85621643066406,24380500,0.0,0.0
2025-04-24 00:00:00-04:00,178.61965281283844,187.44676265531004,177.2379331566766,187.0292510986328,27576900,0.0,0.0
2025-04-25 00:00:00-04:00,185.80659626091514,192.2181733558548,185.77677617142373,191.16448974609375,21242300,0.0,0.0
2025-04-28 00:00:00-04:00,189.39510060986925,191.94979960140358,186.56207066092486,191.32354736328125,16385800,0.0,0.0
2025-04-29 00:00:00-04:00,190.5780074371534,192.09889267021788,188.9676619357672,190.03128051757812,14630000,0.0,0.0
2025-04-30 00:00:00-04:00,184.7926745025756,192.04919484739312,182.92388309823681,191.32354736328125,22768900,0.0,0.0
2025-05-01 00:00:00-04:00,196.95975952261685,200.20033556021323,195.07108312159355,196.1545867919922,24939700,0.0,0.0
2025-05-02 00:00:00-04:00,202.68546306080438,204.45485927281513,199.88226828533232,202.42701721191406,17766800,0.0,0.0
2025-05-05 00:00:00-04:00,199.05718195436867,202.01942690697783,198.80867111547434,199.52438354492188,14025400,0.0,0.0
2025-05-06 00:00:00-04:00,195.26989510668673,200.7073139181569,194.7728733884017,198.8981475830078,16348800,0.0,0.0
2025-05-07 00:00:00-04:00,198.1029178737544,205.001582031566,197.24803987674807,203.5900421142578,20253700,0.0,0.0
2025-05-08 00:00:00-04:00,206.7610354120376,209.9022163210932,202.47671061473858,206.53240966796875,18460900,0.0,0.0
2025-05-09 00:00:00-04:00,208.08311279559274,208.70936500953886,205.28985318719646,206.9598388671875,13289200,0.0,0.0
2025-05-12 00:00:00-04:00,218.1825999469374,220.47883786479903,214.59410252443828,220.26014709472656,25437700,0.0,0.0
2025-05-13 00:00:00-04:00,220.6776376936342,233.878533005299,220.6776376936342,231.0355682373047,28790500,0.0,0.0
2025-05-14 00:00:00-04:00,228.8586241684668,232.10915056688648,226.98983275644693,230.73736572265625,19751400,0.0,0.0
2025-05-15 00:00:00-04:00,228.78904890014428,233.06343885854758,226.71150168628188,231.2542724609375,18803700,0.0,0.0
2025-05-16 00:00:00-04:00,230.93616815699212,231.2542541551896,225.04148295392625,227.24826049804688,23094600,0.0,0.0
2025-05-19 00:00:00-04:00,220.52854075303352,229.8725429168733,220.2800298958261,229.25624084472656,15355500,0.0,0.0
2025-05-20 00:00:00-04:00,225.14089991938488,230.3894479696874,224.99178430547127,230.2999725341797,11787200,0.0,0.0
2025-05-21 00:00:00-04:00,227.02957300002203,235.09126563331813,226.47291111925512,228.36158752441406,17642900,0.0,0.0
2025-05-22 00:00:00-04:00,226.97988741752272,232.29802616909777,226.07530419913,229.15684509277344,14340200,0.0,0.0
2025-05-23 00:00:00-04:00,225.58820896276507,229.27610143925486,224.8327262802185,227.35760498046875,15385600,0.0,0.0
2025-05-27 00:00:00-04:00,231.48289825448072,235.07139579176155,229.75327232227366,234.246337890625,17941700,0.0,0.0
2025-05-28 00:00:00-04:00,235.737381743169,239.55451985391173,233.0335825333463,238.00379943847656,20443000,0.0,0.0
2025-05-29 00:00:00-04:00,244.44522000837222,244.60427059518858,235.9859008328501,240.5286865234375,20743700,0.0,0.0
2025-05-30 00:00:00-04:00,239.78315456151535,241.72153619350544,233.50079287764106,240.6280975341797,27088600,0.0,0.0
2025-06-02 00:00:00-04:00,241.8010773087622,248.51087082092724,241.74143712662917,247.2285614013672,19197000,0.0,0.0
2025-06-03 00:00:00-04:00,248.59038989893781,256.3439319081038,247.91443245991235,255.320068359375,30380200,0.0,0.0
2025-06-04 00:00:00-04:00,256.5228411177061,263.84893622880634,256.05563949946156,259.52484130859375,31536000,0.0,0.0
2025-06-05 00:00:00-04:00,261.3837445846279,263.3121913581494,257.51690089535253,258.3817138671875,41970900,0.0,0.0
2025-06-06 00:00:00-04:00,249.64406647832072,253.7991759042738,244.66391435297146,245.45913696289062,41146700,0.0,0.0
2025-06-09 00:00:00-04:00,243.59035362656013,246.69176437719915,239.67381995572012,242.82493591308594,25334100,0.0,0.0
2025-06-10 00:00:00-04:00,242.7652901118351,244.81301717121605,239.9620803306559,243.1728515625,25491300,0.0,0.0
2025-06-11 00:00:00-04:00,244.89254626935502,253.25245536923356,242.34779745049576,251.40353393554688,24599000,0.0,0.0
2025-06-12 00:00:00-04:00,248.69972803324086,256.3538745740875,248.0138356400778,254.54470825195312,20410900,0.0,0.0
2025-06-13 00:00:00-04:00,249.1669292040933,252.4870306120026,246.87069131318654,247.21859741210938,19028400,0.0,0.0
2025-06-16 00:00:00-04:00,248.85878212830525,253.66994875418058,248.08342945586662,250.59835815429688,20363000,0.0,0.0
2025-06-17 00:00:00-04:00,249.4551881703037,252.44726851144554,246.44323788205094,247.8845977783203,22014300,0.0,0.0
2025-06-18 00:00:00-04:00,249.39554498184756,254.117251074341,247.92436501477695,249.76333618164062,30435500,0.0,0.0
2025-06-20 00:00:00-04:00,252.29418566768663,252.60306201352853,243.2868734217402,249.08583068847656,42134900,0.59,0.0
2025-06-23 00:00:00-04:00,248.20899346134024,253.29055332846227,245.56858434041575,252.85214233398438,19747000,0.0,0.0
2025-06-24 00:00:00-04:00,257.8340631311668,264.9083897518971,257.8340631311668,262.81597900390625,32764900,0.0,0.0
2025-06-25 00:00:00-04:00,265.0379027983115,268.8939005039471,262.47719095099103,263.6927795410156,18894200,0.0,0.0
2025-06-26 00:00:00-04:00,264.12122374331733,270.68741525432085,263.17467802480945,269.1928405761719,23569600,0.0,0.0
2025-06-27 00:00:00-04:00,269.3223391555624,270.86675120137494,265.9147259893317,268.37579345703125,27477600,0.0,0.0
2025-06-30 00:00:00-04:00,273.7363596469909,276.7055620373892,271.14575731970547,274.65301513671875,24708400,0.0,0.0
2025-07-01 00:00:00-04:00,273.4075041433443,273.50714853025937,261.7099768108234,263.7824401855469,28847600,0.0,0.0
2025-07-02 00:00:00-04:00,263.03516972809786,271.01620823775625,261.77974767565695,268.9237976074219,17582100,0.0,0.0
2025-07-03 00:00:00-04:00,269.7508058608756,274.8024450356559,269.14299636207227,274.1846923828125,10592700,0.0,0.0
2025-07-07 00:00:00-04:00,274.1349001272362,276.55610387696515,271.67383253760704,273.1883239746094,16760600,0.0,0.0
2025-07-08 00:00:00-04:00,275.3504555476737,275.3504555476737,270.1692516452457,270.81689453125,14869400,0.0,0.0
2025-07-09 00:00:00-04:00,271.97273182729106,278.43927904586025,271.73360960536064,276.8948669433594,20133000,0.0,0.0
2025-07-10 00:00:00-04:00,278.7780365587177,280.1629932584368,271.7136840160203,274.4039001464844,17891600,0.0,0.0
2025-07-11 00:00:00-04:00,273.1484815426436,275.47004081973523,270.9066195355262,273.3876037597656,14274700,0.0,0.0
2025-07-14 00:00:00-04:00,273.1384956037424,277.35317652552436,268.60493439491546,274.6031799316406,11934200,0.0,0.0
2025-07-15 00:00:00-04:00,278.79794092230685,282.335088614007,276.8450386433714,279.9238586425781,17918400,0.0,0.0
2025-07-16 00:00:00-04:00,279.09683125127077,280.49179179560423,274.672918646978,279.7943115234375,15031000,0.0,0.0
2025-07-17 00:00:00-04:00,280.1231488001347,287.2373080549828,278.89758668660966,285.4139404296875,17231100,0.0,0.0
2025-07-18 00:00:00-04:00,286.0715389091275,286.4900331927288,279.9836527281804,282.315185546875,15012400,0.0,0.0
2025-07-21 00:00:00-04:00,282.93294373906576,289.489161731407,282.6041506868929,287.1675720214844,17726800,0.0,0.0
2025-07-22 00:00:00-04:00,286.60959548664596,286.9583356565573,275.43017577707127,277.5823669433594,16564800,0.0,0.0
2025-07-23 00:00:00-04:00,275.7789291613795,282.97281677598664,272.01260204170546,282.6639404296875,20556200,0.0,0.0
2025-07-24 00:00:00-04:00,288.7418823172575,290.1467862113425,282.4746237731423,287.665771484375,16413800,0.0,0.0
2025-07-25 00:00:00-04:00,287.0280784453959,291.53171897791543,286.23095374459723,289.13043212890625,12476200,0.0,0.0
2025-07-28 00:00:00-04:00,291.4021934097013,294.38139956068517,289.5389618746707,293.23553466796875,13683400,0.0,0.0
2025-07-29 00:00:00-04:00,296.42399659178324,301.0970361471004,293.80350395844147,296.34429931640625,19210800,0.0,0.0
2025-07-30 00:00:00-04:00,296.0752348361971,302.16315144554056,294.73011155725163,301.52545166015625,16738900,0.0,0.0
2025-07-31 00:00:00-04:00,301.7047876274771,305.83980177863236,289.18027528990467,292.6377258300781,25488500,0.0,0.0
2025-08-01 00:00:00-04:00,285.5036281815283,291.5815713048187,280.5914362824954,287.5960388183594,21428100,0.0,0.0
2025-08-04 00:00:00-04:00,291.1431645122426,297.400449390253,290.34603975909465,296.6431884765625,17164600,0.0,0.0
2025-08-05 00:00:00-04:00,296.7328376118884,300.1105907915103,290.39585592554363,291.8704833984375,18477500,0.0,0.0
2025-08-06 00:00:00-04:00,291.8405891342194,301.714748804207,290.844206084661,300.5788879394531,17392100,0.0,0.0
2025-08-07 00:00:00-04:00,305.0626334049917,309.2175339897491,298.79537506257185,302.6613464355469,16319400,0.0,0.0
2025-08-08 00:00:00-04:00,302.9502575639977,306.7564481551199,301.45568297235053,303.866943359375,12458700,0.0,0.0
2025-08-11 00:00:00-04:00,303.9466462275217,307.19486479687686,300.20026652563314,302.8008117675781,12396400,0.0,0.0
2025-08-12 00:00:00-04:00,305.5209597698995,312.3063263582977,303.5680573762634,311.6985168457031,17609600,0.0,0.0
2025-08-13 00:00:00-04:00,315.604344023125,316.2021799590679,303.64774693306185,307.9720458984375,17371200,0.0,0.0
2025-08-14 00:00:00-04:00,305.89960147840947,313.0337085014843,305.889627916577,310.1043395996094,15717600,0.0,0.0
2025-08-15 00:00:00-04:00,309.9050647764562,310.3733660956816,298.675837084531,305.2320251464844,22806900,0.0,0.0
2025-08-18 00:00:00-04:00,301.605183842217,305.06263449929554,297.9185541199927,304.65411376953125,14724700,0.0,0.0
2025-08-19 00:00:00-04:00,301.3262003272975,301.80444477031716,291.33247872403075,293.8433532714844,20149600,0.0,0.0
2025-08-20 00:00:00-04:00,294.3913439553484,294.4212342322375,280.85050119502444,290.11688232421875,23600500,0.0,0.0
2025-08-21 00:00:00-04:00,289.0108789806071,291.33246862703726,285.1349645410327,288.55255126953125,14946300,0.0,0.0
2025-08-22 00:00:00-04:00,290.69475314081933,299.0045840804541,287.96467333005705,292.9366149902344,16301300,0.0,0.0
2025-08-25 00:00:00-04:00,291.7509246616038,297.3207023810555,290.6548972017836,293.1658020019531,15124700,0.0,0.0
2025-08-26 00:00:00-04:00,293.28536321522665,299.16401725639395,292.9266494976974,296.93212890625,25689100,0.0,0.0
2025-08-27 00:00:00-04:00,296.4538686779001,300.0906609869209,292.71743197537194,299.1640319824219,13830300,0.0,0.0
2025-08-28 00:00:00-04:00,301.8343179592494,309.87513668147704,301.23648203212196,307.53363037109375,18907100,0.0,0.0
2025-08-29 00:00:00-04:00,305.899592885595,305.899592885595,292.59787208762094,296.31439208984375,21610700,0.0,0.0
2025-09-02 00:00:00-04:00,288.29351151701366,297.62961723838333,286.1313770004628,297.16131591796875,19693000,0.0,0.0
2025-09-03 00:00:00-04:00,301.1966507762421,303.3488418851159,295.3279398199263,301.2962951660156,18529400,0.0,0.0
2025-09-04 00:00:00-04:00,303.9566424105166,307.66318895826834,301.15680818142255,304.9928894042969,31220800,0.0,0.0
2025-09-05 00:00:00-04:00,354.49316800977635,355.05114009731574,330.22129098021907,333.6787414550781,78401600,0.0,0.0
2025-09-08 00:00:00-04:00,341.51030589623633,352.8890142231355,340.01573125336444,344.3998107910156,43535600,0.0,0.0
2025-09-09 00:00:00-04:00,348.28572108973026,349.7105721166718,334.6153429310139,335.45233154296875,26972300,0.0,0.0
2025-09-10 00:00:00-04:00,350.2486028434186,371.6210341170062,349.282109947066,368.23333740234375,51086800,0.0,0.0
2025-09-11 00:00:00-04:00,369.83749813065486,372.8764850466621,357.462436174312,358.32928466796875,29430900,0.0,0.0
2025-09-12 00:00:00-04:00,361.5974031029108,363.0720610727096,355.86820014112755,358.5683898925781,31949800,0.0,0.0
2025-09-15 00:00:00-04:00,358.56839427416327,364.17803619479184,355.05116302049885,362.77313232421875,21792200,0.0,0.0
2025-09-16 00:00:00-04:00,364.108259286033,364.3673286154711,355.6987837123167,358.6979064941406,21306500,0.0,0.0
2025-09-17 00:00:00-04:00,357.5520681711368,358.62814849980543,340.26481594992777,344.9179382324219,45197100,0.0,0.0
2025-09-18 00:00:00-04:00,348.73409712551546,349.43157748264656,342.54656637339025,344.1009216308594,24663900,0.0,0.0
2025-09-19 00:00:00-04:00,343.4034232046415,345.01755893268125,335.21315305253,343.6923828125,41240100,0.0,0.0
2025-09-22 00:00:00-04:00,341.7760380534867,346.007961438887,337.2946225641125,338.14300537109375,28660000,0.59,0.0
2025-09-23 00:00:00-04:00,339.59022979989425,344.56073039886326,336.3763778545622,338.292724609375,21944100,0.0,0.0
2025-09-24 00:00:00-04:00,339.1111706417358,339.43053638920253,333.17252116309095,338.6620178222656,19677300,0.0,0.0
2025-09-25 00:00:00-04:00,332.3540534519229,337.41437819036025,326.67491764900683,335.4581298828125,21678200,0.0,0.0
2025-09-26 00:00:00-04:00,336.78559955059944,338.4324424387367,329.9486749660252,333.8911437988281,15464700,0.0,0.0
2025-09-29 00:00:00-04:00,335.3583412434885,340.3986850814345,326.92446601361576,327.2738037109375,21336000,0.0,0.0
2025-09-30 00:00:00-04:00,329.4895586921265,330.41777534323023,323.99007149680943,329.27996826171875,20109500,0.0,0.0
2025-10-01 00:00:00-04:00,327.52331274107087,337.3046155650654,323.88028938377545,332.7533264160156,21122700,0.0,0.0
2025-10-02 00:00:00-04:00,346.94613279826723,346.94613279826723,334.6097520846038,337.5341491699219,19917600,0.0,0.0
2025-10-03 00:00:00-04:00,340.84781268590405,343.7422682537494,335.0988032286194,337.7237854003906,14749100,0.0,0.0
2025-10-06 00:00:00-04:00,335.2785061762593,343.47281899105866,333.9210875326703,334.84930419921875,18465700,0.0,0.0
2025-10-07 00:00:00-04:00,336.38635869437076,337.4642827717498,325.9563033065211,335.7675476074219,18086700,0.0,0.0
2025-10-08 00:00:00-04:00,333.18249269889185,345.8782018261481,331.9847722218821,344.8401794433594,21478300,0.0,0.0
2025-10-09 00:00:00-04:00,345.0897008256517,346.6467191648675,339.74991194444385,344.361083984375,17643700,0.0,0.0
2025-10-10 00:00:00-04:00,344.73040346364303,349.9304450982553,323.4311308853702,324.0100402832031,28941000,0.0,0.0
2025-10-13 00:00:00-04:00,352.0962810574937,358.6936733463407,342.8639463884139,356.018798828125,45984300,0.0,0.0
2025-10-14 00:00:00-04:00,349.46135044654557,350.00032771992784,339.0013534714144,343.4728088378906,22078000,0.0,0.0
2025-10-15 00:00:00-04:00,353.7930450422342,358.7136225658441,346.8363549208457,350.6590270996094,23918500,0.0,0.0
2025-10-16 00:00:00-04:00,356.1185964559741,362.5463002369994,348.822559012796,353.4736633300781,20317200,0.0,0.0
2025-10-17 00:00:00-04:00,348.9423363810571,350.29975503263256,340.1292124033727,348.6628723144531,20937900,0.0,0.0
2025-10-20 00:00:00-04:00,353.12431765989385,355.9089979812152,347.17570830871205,348.5730285644531,15640200,0.0,0.0
2025-10-21 00:00:00-04:00,349.3315941537989,350.4294995415704,340.6581872793508,342.005615234375,16092600,0.0,0.0
2025-10-22 00:00:00-04:00,346.6367480474716,347.3454140892065,334.8692853737159,339.6501159667969,19268800,0.0,0.0
2025-10-23 00:00:00-04:00,339.7499215564238,345.9081519197073,339.7499215564238,343.63250732421875,12859200,0.0,0.0
2025-10-24 00:00:00-04:00,351.8368035037162,357.615724116075,350.2099115239806,353.4537048339844,16143700,0.0,0.0
2025-10-27 00:00:00-04:00,360.84957620143024,362.05725693787093,354.4018909218209,361.35858154296875,20065800,0.0,0.0
2025-10-28 00:00:00-04:00,361.9274807904839,373.3456356622722,361.8376563232959,372.2577209472656,21056000,0.0,0.0
2025-10-29 00:00:00-04:00,372.4773064541324,385.74193453414676,372.4773064541324,385.2428894042969,24975200,0.0,0.0
2025-10-30 00:00:00-04:00,385.6620664689169,385.6620664689169,369.3532754406913,375.75103759765625,24295300,0.0,0.0
2025-10-31 00:00:00-04:00,377.54758667637077,378.09655458766673,364.40275518375444,368.9241027832031,21598400,0.0,0.0
2025-11-03 00:00:00-05:00,371.289569949187,374.13413323017323,361.28871669170906,361.85760498046875,17198900,0.0,0.0
2025-11-04 00:00:00-05:00,357.8353037115148,368.24540811707857,350.32967603363403,351.26788330078125,24047500,0.0,0.0
2025-11-05 00:00:00-05:00,350.2199173013735,364.17320009440454,349.4214267919185,358.2944641113281,17087600,0.0,0.0
2025-11-06 00:00:00-05:00,359.42227629198584,362.8058169633589,352.0364143081127,354.9109191894531,19896900,0.0,0.0
2025-11-07 00:00:00-05:00,353.51358407805725,353.82298961530716,336.62588383734607,348.7626647949219,21903200,0.0,0.0
2025-11-10 00:00:00-05:00,357.21651196493383,359.3125076849558,353.93278635220935,357.7055969238281,16409000,0.0,0.0
2025-11-11 00:00:00-05:00,358.2844643145674,361.19890129590146,349.00223701645064,351.287841796875,16446800,0.0,0.0
2025-11-12 00:00:00-05:00,357.35624784064254,358.184649360429,351.0083779016386,354.5416259765625,12190500,0.0,0.0
2025-11-13 00:00:00-05:00,350.9085725680634,352.8748116678882,333.52185668369225,339.33074951171875,22616600,0.0,0.0
2025-11-14 00:00:00-05:00,330.8369674345405,344.0816137283381,328.4315663420069,341.80596923828125,18500800,0.0,0.0
2025-11-17 00:00:00-05:00,339.17105383295115,351.52741664873565,336.8754278621148,341.9956359863281,14799600,0.0,0.0
2025-11-18 00:00:00-05:00,342.54458731450086,347.30546686014986,334.86927082543855,339.8497314453125,21726800,0.0,0.0
2025-11-19 00:00:00-05:00,340.0593246396941,359.0030887779281,337.154878322139,353.7431640625,21851900,0.0,0.0
2025-11-20 00:00:00-05:00,365.30104892403585,375.36178572181956,344.5208016176336,346.1576843261719,28867000,0.0,0.0
2025-11-21 00:00:00-05:00,344.5008427180449,347.93427569823666,331.16634081512166,339.5503234863281,30280300,0.0,0.0
2025-11-24 00:00:00-05:00,347.06594034697866,381.27048291428184,346.99606671788854,377.2381896972656,47262400,0.0,0.0
2025-11-25 00:00:00-05:00,384.1948931297658,387.3887942839682,371.04007024282095,384.2947082519531,33507600,0.0,0.0
2025-11-26 00:00:00-05:00,384.81369582131686,399.10635596161484,382.5280910075386,396.8107604980469,28693000,0.0,0.0
2025-11-28 00:00:00-05:00,398.5873688295901,402.2303923458253,396.40154862798926,402.1904602050781,13365500,0.0,0.0
2025-12-01 00:00:00-05:00,394.09595313396335,394.66487190377194,384.3645729043559,385.3426818847656,23252000,0.0,0.0
2025-12-02 00:00:00-05:00,387.5684272128699,392.74851810955937,379.0647091457051,380.84130859375,22207000,0.0,0.0
2025-12-03 00:00:00-05:00,379.274297240148,381.5698926449878,369.94214725566906,379.88311767578125,21336400,0.0,0.0
2025-12-04 00:00:00-05:00,379.9529999571057,383.15689168218967,375.8109313926675,380.3023376464844,15845900,0.0,0.0
2025-12-05 00:00:00-05:00,385.43254658323315,392.77847660946213,384.4144749779196,389.4947509765625,24779900,0.0,0.0
2025-12-08 00:00:00-05:00,401.71138434383937,406.5121961238282,396.6410686959877,400.3340148925781,30410600,0.0,0.0
2025-12-09 00:00:00-05:00,397.9884900533008,406.15286104685873,394.7546873669902,405.51409912109375,24546000,0.0,0.0
2025-12-10 00:00:00-05:00,401.43191432587605,413.81818763503134,398.79694142183473,412.18133544921875,31531000,0.0,0.0
2025-12-11 00:00:00-05:00,404.05686558016885,408.51833024999127,393.43720107819075,405.59393310546875,45681600,0.0,0.0
2025-12-12 00:00:00-05:00,379.2343611447257,381.2704737741121,354.4717445910618,359.24261474609375,95588500,0.0,0.0
2025-12-15 00:00:00-05:00,361.198890766926,361.3086660726182,336.8654458966141,339.1610412597656,65894900,0.0,0.0
2025-12-16 00:00:00-05:00,335.37827800796214,346.83636515155337,334.42011988751364,340.648193359375,58061100,0.0,0.0
2025-12-17 00:00:00-05:00,345.9480437905322,345.9480437905322,320.80617864389535,325.3973693847656,73300900,0.0,0.0
2025-12-18 00:00:00-05:00,335.3583382333405,335.3882797237394,323.01196619032106,329.2500305175781,54501900,0.0,0.0
2025-12-19 00:00:00-05:00,332.7034086883467,342.79411720970523,331.9448503322005,339.7099914550781,159095200,0.0,0.0
2025-12-22 00:00:00-05:00,346.0299987792969,346.239990234375,337.2200012207031,341.45001220703125,28739600,0.65,0.0
2025-12-23 00:00:00-05:00,340.80999755859375,350.1099853515625,338.5400085449219,349.32000732421875,28232600,0.0,0.0
2025-12-24 00:00:00-05:00,350.69000244140625,352.8599853515625,347.1400146484375,350.2200012207031,11424400,0.0,0.0
2025-12-26 00:00:00-05:00,351.05999755859375,353.25,347.75,352.1300048828125,15028100,0.0,0.0
2025-12-29 00:00:00-05:00,348.7200012207031,350.3299865722656,344.69000244140625,349.3900146484375,21946900,0.0,0.0
2025-12-30 00:00:00-05:00,349.9700012207031,352.67999267578125,349.29998779296875,349.8500061035156,16633600,0.0,0.0
2025-12-31 00:00:00-05:00,349.7300109863281,349.8800048828125,345.4200134277344,346.1000061035156,15346100,0.0,0.0
2026-01-02 00:00:00-05:00,352.7799987792969,360.6600036621094,345.55999755859375,347.6199951171875,25398600,0.0,0.0
2026-01-05 00:00:00-05:00,354.739990234375,355.0299987792969,336.5,343.4200134277344,31136000,0.0,0.0
2026-01-06 00:00:00-05:00,343.6000061035156,349.04998779296875,338.0,343.7699890136719,27135500,0.0,0.0
2026-01-07 00:00:00-05:00,341.70001220703125,349.70001220703125,335.8800048828125,343.5,20249300,0.0,0.0
2026-01-08 00:00:00-05:00,342.7799987792969,343.67999267578125,330.5,332.4800109863281,24385200,0.0,0.0
2026-01-09 00:00:00-05:00,337.9200134277344,347.3900146484375,333.5,344.9700012207031,22482500,0.0,0.0
2026-01-12 00:00:00-05:00,340.95001220703125,353.8999938964844,340.95001220703125,352.2099914550781,20949600,0.0,0.0
2026-01-13 00:00:00-05:00,352.8800048828125,359.489990234375,350.9100036621094,354.6099853515625,18308000,0.0,0.0
2026-01-14 00:00:00-05:00,348.9700012207031,350.69000244140625,334.4200134277344,339.8900146484375,30094700,0.0,0.0
2026-01-15 00:00:00-05:00,349.1199951171875,349.67999267578125,341.6700134277344,343.0199890136719,22218800,0.0,0.0
2026-01-16 00:00:00-05:00,346.2699890136719,354.510009765625,344.04998779296875,351.7099914550781,31291200,0.0,0.0
2026-01-20 00:00:00-05:00,344.1000061035156,345.3999938964844,331.79998779296875,332.6000061035156,32293900,0.0,0.0
2026-01-21 00:00:00-05:00,335.510009765625,335.79998779296875,324.20001220703125,328.79998779296875,32006600,0.0,0.0
2026-01-22 00:00:00-05:00,335.3500061035156,336.989990234375,324.8900146484375,325.489990234375,24275400,0.0,0.0
2026-01-23 00:00:00-05:00,319.29998779296875,321.989990234375,314.1099853515625,320.04998779296875,30259500,0.0,0.0
2026-01-26 00:00:00-05:00,319.79998779296875,328.67999267578125,317.6000061035156,324.8500061035156,25006400,0.0,0.0
2026-01-27 00:00:00-05:00,329.760009765625,334.760009765625,327.0199890136719,332.7900085449219,25537600,0.0,0.0
2026-01-28 00:00:00-05:00,338.8500061035156,339.989990234375,326.70001220703125,333.239990234375,23001700,0.0,0.0
2026-01-29 00:00:00-05:00,332.55999755859375,335.95001220703125,320.2799987792969,330.7300109863281,20447500,0.0,0.0
2026-01-30 00:00:00-05:00,332.44000244140625,338.20001220703125,328.3299865722656,331.29998779296875,28313000,0.0,0.0
2026-02-02 00:00:00-05:00,326.1099853515625,336.05999755859375,325.75,331.1099853515625,17278200,0.0,0.0
2026-02-03 00:00:00-05:00,336.739990234375,338.8999938964844,308.6499938964844,320.3299865722656,36914800,0.0,0.0
2026-02-04 00:00:00-05:00,319.510009765625,319.510009765625,295.29998779296875,308.04998779296875,43090400,0.0,0.0
