Date,Open,High,Low,Close,Volume,Dividends,Stock Splits
2004-06-23 00:00:00-04:00,3.7049838019533468,4.273081129807639,3.643234071920791,4.248381614685059,43574400,0.0,0.0
2004-06-24 00:00:00-04:00,4.334830739781461,4.369410907998826,4.075482069272944,4.139701843261719,8887200,0.0,0.0
2004-06-25 00:00:00-04:00,4.077952121995942,4.13723180475438,3.9001128381641075,3.902582883834839,6710000,0.0,0.0
2004-06-28 00:00:00-04:00,3.951982259750366,4.003851800775351,3.813662777014244,3.951982259750366,2270800,0.0,0.0
2004-06-29 00:00:00-04:00,3.951982264448544,4.124881676963367,3.9099924340442582,4.050781726837158,2112000,0.0,0.0
2004-06-30 00:00:00-04:00,4.050781995880213,4.18416163229834,3.959392663768263,3.9692723751068115,2087600,0.0,0.0
2004-07-01 00:00:00-04:00,3.9717423041965474,4.00138237956867,3.927282426694871,3.959392547607422,1754800,0.0,0.0
2004-07-02 00:00:00-04:00,3.9766824251869157,4.1940412521362305,3.964332197391886,4.1940412521362305,993200,0.0,0.0
2004-07-06 00:00:00-04:00,4.18169143753467,4.198981285095215,4.070541744484003,4.198981285095215,1216800,0.0,0.0
2004-07-07 00:00:00-04:00,4.174280954601673,4.174280954601673,3.9643318135447214,4.0285515785217285,1787600,0.0,0.0
2004-07-08 00:00:00-04:00,4.028551841158147,4.028551841158147,3.868002653805312,3.8877625465393066,2179200,0.0,0.0
2004-07-09 00:00:00-04:00,3.9371622273120024,4.092771557241444,3.927282281073141,4.050781726837158,596800,0.0,0.0
2004-07-12 00:00:00-04:00,4.100182083750068,4.156991721140247,3.989032383540553,4.137231826782227,780800,0.0,0.0
2004-07-13 00:00:00-04:00,4.134761880141747,4.134761880141747,3.971742630004883,3.971742630004883,1674000,0.0,0.0
2004-07-14 00:00:00-04:00,3.964332101036214,3.964332101036214,3.8482427892626743,3.865532636642456,2366000,0.0,0.0
2004-07-15 00:00:00-04:00,3.890232588512042,3.9025825803487773,3.6901633803151332,3.7889630794525146,1806000,0.0,0.0
2004-07-16 00:00:00-04:00,3.803782830787128,4.050781722021526,3.6951034222888524,3.951982259750366,3278800,0.0,0.0
2004-07-19 00:00:00-04:00,3.964332225842345,3.9939723016501127,3.9099926364932975,3.9544525146484375,954800,0.0,0.0
2004-07-20 00:00:00-04:00,3.95445236390886,3.9964421948866593,3.83589277186669,3.9668021202087402,2245200,0.0,0.0
2004-07-21 00:00:00-04:00,3.9766827282776367,3.9766827282776367,2.7293381282484503,2.8898873329162598,25415200,0.0,0.0
2004-07-22 00:00:00-04:00,2.852837358716534,3.2554455963267372,2.791087633357113,3.206045627593994,9824800,0.0,0.0
2004-07-23 00:00:00-04:00,3.198635787230495,3.3344852327115264,3.1492360531164416,3.2208657264709473,1674400,0.0,0.0
2004-07-26 00:00:00-04:00,3.346835224430457,3.346835224430457,3.181345938515542,3.2801454067230225,1286000,0.0,0.0
2004-07-27 00:00:00-04:00,3.30484508994316,3.317195081231126,3.235685468509636,3.245565414428711,751200,0.0,0.0
2004-07-28 00:00:00-04:00,3.2233356816703447,3.265325513378853,3.112186224141679,3.2085156440734863,1534800,0.0,0.0
2004-07-29 00:00:00-04:00,3.210985779877104,3.297435491250247,3.198635787458582,3.201105833053589,908000,0.0,0.0
2004-07-30 00:00:00-04:00,3.2011056851844333,3.2603853633872095,3.099836176032232,3.2134556770324707,815200,0.0,0.0
2004-08-02 00:00:00-04:00,3.2060456596506284,3.2307456442639704,3.1047761467376453,3.1640560626983643,1297600,0.0,0.0
2004-08-03 00:00:00-04:00,3.1615858887666146,3.233215558569358,2.961516681079504,2.996096611022949,2944400,0.0,0.0
2004-08-04 00:00:00-04:00,2.9960968186510697,3.0010366743816053,2.9516369392936626,2.9590468406677246,2746800,0.0,0.0
2004-08-05 00:00:00-04:00,2.961516761207371,2.961516761207371,2.6379483333825164,2.6922879219055176,3030400,0.0,0.0
2004-08-06 00:00:00-04:00,2.6922875919387006,2.716987573190295,2.645357910228446,2.6601779460906982,1797200,0.0,0.0
2004-08-09 00:00:00-04:00,2.7046376477563037,2.729337629603259,2.682407711205341,2.714517593383789,1121600,0.0,0.0
2004-08-10 00:00:00-04:00,2.7169880867004395,2.726868033957089,2.68734824493049,2.7169880867004395,733200,0.0,0.0
2004-08-11 00:00:00-04:00,2.7046380361757154,2.7046380361757154,2.6157185127584066,2.6231284141540527,628400,0.0,0.0
2004-08-12 00:00:00-04:00,2.6478283709719985,2.6502981810395467,2.4502291966206826,2.4675190448760986,1578000,0.0,0.0
2004-08-13 00:00:00-04:00,2.4675187989200467,2.482338835630691,2.339079501505932,2.3687193393707275,2496000,0.0,0.0
2004-08-16 00:00:00-04:00,2.3711892407027433,2.432938958058997,2.2229898248251425,2.4008290767669678,2171200,0.0,0.0
2004-08-17 00:00:00-04:00,2.440349409495605,2.7145181316956575,2.440349409495605,2.709578275680542,2968000,0.0,0.0
2004-08-18 00:00:00-04:00,2.692287900581748,3.0010365238391277,2.6379483124891334,2.951636791229248,1697600,0.0,0.0
2004-08-19 00:00:00-04:00,2.951637086278501,3.0257368103786724,2.889887355454446,3.005976915359497,1309600,0.0,0.0
2004-08-20 00:00:00-04:00,3.0874864460934095,3.260385639963336,2.936817192324399,3.1121864318847656,4034800,0.0,0.0
2004-08-23 00:00:00-04:00,3.1368862424852524,3.198635972595421,3.0529065718463793,3.087486505508423,1127600,0.0,0.0
2004-08-24 00:00:00-04:00,3.1121861658582515,3.156645806703197,3.0677262894568047,3.1541759967803955,1072400,0.0,0.0
2004-08-25 00:00:00-04:00,3.1615860457595284,3.223335772295626,3.0874863268049078,3.201105833053589,1200800,0.0,0.0
2004-08-26 00:00:00-04:00,3.2035758174549023,3.2109857185418686,3.164056030915736,3.1862857341766357,471200,0.0,0.0
2004-08-27 00:00:00-04:00,3.2109859259423645,3.2628557080144636,3.1862859399817367,3.2480356693267822,463600,0.0,0.0
2004-08-30 00:00:00-04:00,3.2653254557204114,3.2752054020916903,3.2258056702352964,3.2529754638671875,606000,0.0,0.0
2004-08-31 00:00:00-04:00,3.2603856349213545,3.272735627797934,3.136886177268602,3.2109858989715576,874400,0.0,0.0
2004-09-01 00:00:00-04:00,3.260385366092961,3.2924952507019043,3.250505419717632,3.2924952507019043,512800,0.0,0.0
2004-09-02 00:00:00-04:00,3.2801452660419566,3.4505746358360128,3.2801452660419566,3.430814743041992,998800,0.0,0.0
2004-09-03 00:00:00-04:00,3.433284972208606,3.4431649198120464,3.364125338984526,3.396235227584839,924000,0.0,0.0
2004-09-07 00:00:00-04:00,3.398704792154878,3.398704792154878,3.309785040757464,3.317195177078247,1192000,0.0,0.0
2004-09-08 00:00:00-04:00,3.2924955192705423,3.2924955192705423,3.2480356391767233,3.270265579223633,550000,0.0,0.0
2004-09-09 00:00:00-04:00,3.2702653111277997,3.2850853484629687,3.2035757320107936,3.2529754638671875,2529200,0.0,0.0
2004-09-10 00:00:00-04:00,3.2480354939582057,3.5320843749429054,3.2480354939582057,3.5197343826293945,2795200,0.0,0.0
2004-09-13 00:00:00-04:00,3.5567839277169297,3.828482801393243,3.5567839277169297,3.754383087158203,4345200,0.0,0.0
2004-09-14 00:00:00-04:00,3.7543831264051577,3.9742122259706063,3.7049833949175572,3.9297523498535156,2052000,0.0,0.0
2004-09-15 00:00:00-04:00,3.932222546896203,4.233561038364803,3.877882722386902,4.035962104797363,4147200,0.0,0.0
2004-09-16 00:00:00-04:00,4.038432390033375,4.073012087681696,3.966802477918371,4.016202449798584,2518400,0.0,0.0
2004-09-17 00:00:00-04:00,4.001382252405769,4.003851826754699,3.6654636073911906,3.8704726696014404,4487600,0.0,0.0
2004-09-20 00:00:00-04:00,3.8902327429924597,3.9766824537260077,3.875412705088576,3.9544525146484375,597200,0.0,0.0
2004-09-21 00:00:00-04:00,3.9643321398771025,4.174281298216463,3.9643321398771025,4.040902137756348,2327200,0.0,0.0
2004-09-22 00:00:00-04:00,4.026082010864297,4.026082010864297,3.905052838067157,3.9692723751068115,2076800,0.0,0.0
2004-09-23 00:00:00-04:00,3.9692720109996835,3.9692720109996835,3.8655324603394416,3.88035249710083,1117600,0.0,0.0
2004-09-24 00:00:00-04:00,3.942102672694386,4.161931790722314,3.9025828841852124,3.961862802505493,2796000,0.0,0.0
2004-09-27 00:00:00-04:00,3.951982773913735,3.969272623171518,3.830953357996194,3.8507132530212402,1380000,0.0,0.0
2004-09-28 00:00:00-04:00,3.833423012949121,3.838362868423504,3.6481738393079164,3.7049834728240967,1862800,0.0,0.0
2004-09-29 00:00:00-04:00,3.717333612929242,3.9198726421339285,3.717333612929242,3.890232801437378,1700400,0.0,0.0
2004-09-30 00:00:00-04:00,3.8902324416387017,3.929752225579008,3.858122558298079,3.8605926036834717,4521200,0.0,0.0
2004-10-01 00:00:00-04:00,3.8605933497398075,4.1446422639268325,3.83342355191943,4.112532138824463,2613600,0.0,0.0
2004-10-04 00:00:00-04:00,4.236031421235335,4.406460809454045,4.090302019457649,4.166872024536133,3153200,0.0,0.0
2004-10-05 00:00:00-04:00,4.16934150573735,4.228621660312476,4.100182110588112,4.174281597137451,1360800,0.0,0.0
2004-10-06 00:00:00-04:00,4.174281974223445,4.2607316970825195,4.073012446938357,4.2607316970825195,1433600,0.0,0.0
2004-10-07 00:00:00-04:00,4.421280498618462,4.648519520000067,4.349651058014904,4.569479942321777,5887200,0.0,0.0
2004-10-08 00:00:00-04:00,4.559599021751265,4.559599021751265,4.315070191209705,4.352120399475098,2528400,0.0,0.0
2004-10-11 00:00:00-04:00,4.357060265192717,4.532429721924519,4.3471805545797535,4.4904398918151855,1064800,0.0,0.0
2004-10-12 00:00:00-04:00,4.4459803378174865,4.542309761047363,4.364470717135354,4.542309761047363,897200,0.0,0.0
2004-10-13 00:00:00-04:00,4.594179928124504,4.7497890377895065,4.547250002210628,4.569479942321777,1728000,0.0,0.0
2004-10-14 00:00:00-04:00,4.569479057916075,4.63122877491494,4.408929887941614,4.443509578704834,1047200,0.0,0.0
2004-10-15 00:00:00-04:00,4.46079945294831,4.505259324853226,4.347180199069484,4.441039562225342,946800,0.0,0.0
2004-10-18 00:00:00-04:00,4.421280649128156,4.52008012458936,4.359530918075771,4.517610549926758,692800,0.0,0.0
2004-10-19 00:00:00-04:00,4.532430050425779,4.55465998980737,4.475620414723057,4.5027899742126465,622400,0.0,0.0
2004-10-20 00:00:00-04:00,4.47809070404143,4.510200830990695,4.421281059270396,4.483030796051025,760800,0.0,0.0
2004-10-21 00:00:00-04:00,4.487970142197113,4.61393964082808,4.45586049169731,4.5447797775268555,721600,0.0,0.0
2004-10-22 00:00:00-04:00,4.569479382054107,4.589239274050903,4.260730775158559,4.297780513763428,1116800,0.0,0.0
2004-10-25 00:00:00-04:00,4.334831333554895,4.534900819925568,4.334831333554895,4.483030796051025,1056000,0.0,0.0
2004-10-26 00:00:00-04:00,4.4706801513376115,4.557129859924316,4.394110624812479,4.557129859924316,476800,0.0,0.0
2004-10-27 00:00:00-04:00,4.569479106763021,4.838707913445122,4.483029407817885,4.759668350219727,1922800,0.0,0.0
2004-10-28 00:00:00-04:00,4.767077813974838,5.0881766149403225,4.692978344351309,4.97702693939209,2500800,0.0,0.0
2004-10-29 00:00:00-04:00,4.964678106641397,5.019017696380615,4.794248729527314,5.019017696380615,1799600,0.0,0.0
2004-11-01 00:00:00-05:00,5.063477746867598,5.433976118589617,5.0387777611968545,5.35987663269043,3213600,0.0,0.0
2004-11-02 00:00:00-05:00,5.557475263094262,5.557475263094262,5.377166178736549,5.424095630645752,3029600,0.0,0.0
2004-11-03 00:00:00-05:00,5.485844776836822,5.606874639928424,5.310475802065622,5.352465629577637,1917600,0.0,0.0
2004-11-04 00:00:00-05:00,5.335176153716307,5.3672858023402075,5.0634772786861575,5.083237171173096,1398400,0.0,0.0
2004-11-05 00:00:00-05:00,5.144987495382872,5.275897092853975,5.075827628039318,5.152397632598877,1574800,0.0,0.0
2004-11-08 00:00:00-05:00,5.152397087778594,5.152397087778594,5.00419765692064,5.0387773513793945,1014400,0.0,0.0
2004-11-09 00:00:00-05:00,4.865879092320427,4.952328340625724,4.720149686444256,4.823889255523682,1935600,0.0,0.0
2004-11-10 00:00:00-05:00,4.85352886319605,4.85352886319605,4.757199431591251,4.823889255523682,779200,0.0,0.0
2004-11-11 00:00:00-05:00,4.823888284456211,4.974557280538808,4.804128392948019,4.944917678833008,1007200,0.0,0.0
2004-11-12 00:00:00-05:00,4.989378573989051,5.001728332042694,4.816479134559631,4.93997859954834,556400,0.0,0.0
2004-11-15 00:00:00-05:00,4.959737553815838,5.137576580047607,4.939977662012308,5.137576580047607,2122000,0.0,0.0
2004-11-16 00:00:00-05:00,5.137576728467954,5.236376661452835,5.01407728334985,5.085707187652588,2562400,0.0,0.0
2004-11-17 00:00:00-05:00,5.137576464729092,5.174626673252937,5.006667361136472,5.147456645965576,1586400,0.0,0.0
2004-11-18 00:00:00-05:00,4.692979533356766,4.692979533356766,4.275551221899167,4.401520729064941,9432400,0.0,0.0
2004-11-19 00:00:00-05:00,4.495380310670261,4.557130037623902,4.21133118979309,4.384230613708496,3152800,0.0,0.0
2004-11-22 00:00:00-05:00,4.38423004604374,4.470679746808042,4.320010281793487,4.352120399475098,872000,0.0,0.0
2004-11-23 00:00:00-05:00,4.352120289528465,4.450919743143303,4.329890353576007,4.441039562225342,1104800,0.0,0.0
2004-11-24 00:00:00-05:00,4.445980548858643,4.505260232976525,4.396580576537215,4.445980548858643,907600,0.0,0.0
2004-11-26 00:00:00-05:00,4.421279933071961,4.421279933071961,4.310130717846872,4.3792901039123535,514400,0.0,0.0
2004-11-29 00:00:00-05:00,4.381760840421651,4.40893087272603,4.322481155395508,4.322481155395508,1548000,0.0,0.0
2004-11-30 00:00:00-05:00,4.324950840436412,4.463270093960838,4.282961008155942,4.312600612640381,2276400,0.0,0.0
2004-12-01 00:00:00-05:00,4.315070291954037,4.359530166020142,4.1520510677869735,4.184161186218262,2311200,0.0,0.0
2004-12-02 00:00:00-05:00,4.194040269960844,4.203920449883092,4.055721048839735,4.196510314941406,2929200,0.0,0.0
2004-12-03 00:00:00-05:00,4.181691584028995,4.181691584028995,4.068071841473172,4.10759162902832,1043600,0.0,0.0
2004-12-06 00:00:00-05:00,4.149581220540383,4.149581220540383,4.045841666471223,4.087831497192383,1245200,0.0,0.0
2004-12-07 00:00:00-05:00,4.085361977695952,4.09030159758424,3.917402416999459,3.964332103729248,2875200,0.0,0.0
2004-12-08 00:00:00-05:00,3.9643320148958963,3.986561952790587,3.9174023292177145,3.932222366333008,2116000,0.0,0.0
2004-12-09 00:00:00-05:00,3.9272826888594197,4.0779521790923265,3.8976428470652063,4.016202449798584,2348400,0.0,0.0
2004-12-10 00:00:00-05:00,3.991502043681184,4.070541613478753,3.9297523208877094,3.932222366333008,1934400,0.0,0.0
2004-12-13 00:00:00-05:00,3.9692725258437767,4.026082163758663,3.91740274378576,3.976682662963867,1150400,0.0,0.0
2004-12-14 00:00:00-05:00,3.9643321969335297,4.142171708257244,3.932222546896203,4.035962104797363,1650400,0.0,0.0
2004-12-15 00:00:00-05:00,4.050781608212517,4.065601409358572,3.9643319044867322,4.02114200592041,1510400,0.0,0.0
2004-12-16 00:00:00-05:00,4.021142655188167,4.075482248906215,4.018672609412838,4.045842170715332,1602400,0.0,0.0
2004-12-17 00:00:00-05:00,4.048312104005888,4.048312104005888,3.853183204307306,3.976682662963867,2897200,0.0,0.0
2004-12-20 00:00:00-05:00,3.6061838942446216,3.803782818129397,3.6061838942446216,3.754383087158203,38832000,0.0,0.0
2004-12-21 00:00:00-05:00,3.7667334890251043,3.998912603211092,3.7667334890251043,3.976682662963867,15005200,0.0,0.0
2004-12-22 00:00:00-05:00,3.914932959952309,4.063132405559009,3.914932959952309,4.013732433319092,6778800,0.0,0.0
2004-12-23 00:00:00-05:00,4.0162014260350825,4.137230808065845,4.0162014260350825,4.102651119232178,5615200,0.0,0.0
2004-12-27 00:00:00-05:00,4.137232341186331,4.297781561696315,4.122412536353451,4.290371894836426,6694400,0.0,0.0
2004-12-28 00:00:00-05:00,4.305190828834068,4.3644705072878525,4.198981228270325,4.243441104888916,3358800,0.0,0.0
2004-12-29 00:00:00-05:00,4.198980784878958,4.248380747263893,4.154520912955108,4.240970611572266,2126000,0.0,0.0
2004-12-30 00:00:00-05:00,4.20145127134264,4.223681209639136,4.129821365473263,4.164401531219482,3416400,0.0,0.0
2004-12-31 00:00:00-05:00,4.112531284419987,4.223680969585248,4.112531284419987,4.184161186218262,1435600,0.0,0.0
2005-01-03 00:00:00-05:00,4.0532516595926795,4.194040948471188,4.0532516595926795,4.100181579589844,3704000,0.0,0.0
2005-01-04 00:00:00-05:00,4.087831589357548,4.124881801092092,3.9840920329494534,4.040902137756348,2843200,0.0,0.0
2005-01-05 00:00:00-05:00,4.1446421788728625,4.441040609621386,4.1273518581885975,4.43363094329834,12164400,0.0,0.0
2005-01-06 00:00:00-05:00,4.433630189221266,4.495379910680543,4.322480502149373,4.376820087432861,6628400,0.0,0.0
2005-01-07 00:00:00-05:00,4.428690125125645,4.443509926453543,4.295310499835599,4.334830284118652,4608000,0.0,0.0
2005-01-10 00:00:00-05:00,4.198981343254243,4.342240687885455,4.186631586572232,4.1940412521362305,3788400,0.0,0.0
2005-01-11 00:00:00-05:00,4.194041498263775,4.198981589671696,4.043372479226544,4.055722236633301,2862000,0.0,0.0
2005-01-12 00:00:00-05:00,3.7049834155408994,3.816132870895826,3.633353745596035,3.7296833992004395,18628000,0.0,0.0
2005-01-13 00:00:00-05:00,3.766733169555664,3.8729427703703965,3.7173334373941036,3.766733169555664,4376800,0.0,0.0
2005-01-14 00:00:00-05:00,3.766733197371165,3.77908318939188,3.633353801771758,3.7049834728240967,3806000,0.0,0.0
2005-01-18 00:00:00-05:00,3.680283578258645,3.742033304306988,3.618533852210302,3.7173335552215576,2507200,0.0,0.0
2005-01-19 00:00:00-05:00,3.717333493996985,3.751913189258362,3.6704035710615353,3.7025134563446045,1841600,0.0,0.0
2005-01-20 00:00:00-05:00,3.702513392493982,3.702513392493982,3.606183973862503,3.6086537837982178,4050000,0.0,0.0
2005-01-21 00:00:00-05:00,3.6160641606275536,3.638293864865573,3.4802147117604463,3.56913423538208,7144400,0.0,0.0
2005-01-24 00:00:00-05:00,3.5691339594680924,3.5987737983839785,3.408584773117917,3.4332845211029053,4587600,0.0,0.0
2005-01-25 00:00:00-05:00,3.4085848006298933,3.47033452442552,3.383884816889042,3.3912947177886963,3506000,0.0,0.0
2005-01-26 00:00:00-05:00,3.393764795647958,3.430814771612664,3.3542450097308096,3.4085848331451416,2882400,0.0,0.0
2005-01-27 00:00:00-05:00,3.4110549365925613,3.4555145787262704,3.2974354323726223,3.3641250133514404,2001600,0.0,0.0
2005-01-28 00:00:00-05:00,3.3715346724137945,3.4085846463480896,3.302375050848866,3.3246049880981445,1974800,0.0,0.0
2005-01-31 00:00:00-05:00,3.3246052268840236,3.3888249978707847,3.3023752880381054,3.383884906768799,1607200,0.0,0.0
2005-02-01 00:00:00-05:00,3.336955219082479,3.4431645866535745,3.2974354324926285,3.383884906768799,1214800,0.0,0.0
2005-02-02 00:00:00-05:00,3.38388441496011,3.396234405363636,3.2776750628253226,3.2850849628448486,3596000,0.0,0.0
2005-02-03 00:00:00-05:00,3.2850854687262987,3.3097852177804747,3.275205521993326,3.302375316619873,3137200,0.0,0.0
2005-02-04 00:00:00-05:00,3.3023754046426728,3.4777446404946804,3.285085556288248,3.4728047847747803,3363600,0.0,0.0
2005-02-07 00:00:00-05:00,3.4728046620260824,3.492564555320288,3.3517750211534345,3.3641250133514404,912400,0.0,0.0
2005-02-08 00:00:00-05:00,3.4036448892705637,3.4900946013690213,3.398705033595617,3.455514669418335,1408000,0.0,0.0
2005-02-09 00:00:00-05:00,3.460454543290649,3.4703344895764747,3.2381553985248157,3.275205373764038,1237600,0.0,0.0
2005-02-10 00:00:00-05:00,3.309785155390528,3.309785155390528,3.2011057433764525,3.2282755374908447,1188800,0.0,0.0
2005-02-11 00:00:00-05:00,3.22333574270895,3.349305240219892,3.2208656971366154,3.3221352100372314,1364400,0.0,0.0
2005-02-14 00:00:00-05:00,3.334485320122277,3.3962350482726897,3.3221353273808907,3.371535062789917,1183600,0.0,0.0
2005-02-15 00:00:00-05:00,3.408584664037185,3.5987736832168618,3.406114618650782,3.5222041606903076,3428000,0.0,0.0
2005-02-16 00:00:00-05:00,3.5222044580266356,3.5296143592548788,3.339425324019885,3.457984685897827,1552000,0.0,0.0
2005-02-17 00:00:00-05:00,3.4579846278526194,3.556784094425805,3.4135247501164314,3.48268461227417,4304800,0.0,0.0
2005-02-18 00:00:00-05:00,3.7049835074132784,4.132291492201153,3.7049835074132784,3.9396324157714844,19785600,0.0,0.0
2005-02-22 00:00:00-05:00,3.914932577078355,3.9717422098192356,3.784022993224453,3.9272823333740234,7933200,0.0,0.0
2005-02-23 00:00:00-05:00,3.828482838974618,3.9272823018868466,3.828482838974618,3.8704726696014404,4740800,0.0,0.0
2005-02-24 00:00:00-05:00,3.870473226131159,4.058192468212771,3.803783402408797,4.001382827758789,6050800,0.0,0.0
2005-02-25 00:00:00-05:00,4.001382026107926,4.166871293794053,4.001382026107926,4.068071365356445,5158800,0.0,0.0
2005-02-28 00:00:00-05:00,4.038432025864458,4.075481765877104,3.917402388339712,3.9668021202087402,3198400,0.0,0.0
2005-03-01 00:00:00-05:00,4.001381884687683,4.097711293285523,3.942101976831537,4.080421447753906,2118800,0.0,0.0
2005-03-02 00:00:00-05:00,4.142171916284244,4.196511507966063,4.105122173268775,4.176751613616943,3010800,0.0,0.0
2005-03-03 00:00:00-05:00,4.18663158645467,4.189101160900588,4.092771739667156,4.154521465301514,1974800,0.0,0.0
2005-03-04 00:00:00-05:00,4.154521164614518,4.154521164614518,4.01373187573601,4.100181579589844,1892000,0.0,0.0
2005-03-07 00:00:00-05:00,4.050781490511024,4.107591119181029,4.033491644490846,4.0705413818359375,1562000,0.0,0.0
2005-03-08 00:00:00-05:00,4.075482011873074,4.1545215876343455,4.031022132729101,4.144641876220703,1672400,0.0,0.0
2005-03-09 00:00:00-05:00,4.144641448067822,4.15699120383737,3.991501932515318,4.02114200592041,1698400,0.0,0.0
2005-03-10 00:00:00-05:00,3.976682327411429,3.976682327411429,3.581483998834658,3.8260128498077393,3472000,0.0,0.0
2005-03-11 00:00:00-05:00,3.8457727135310935,3.8507128044901977,3.7766130889991447,3.8284828662872314,1118400,0.0,0.0
2005-03-14 00:00:00-05:00,3.7790832521885314,3.8778827188829794,3.7790832521885314,3.8383629322052,1256800,0.0,0.0
2005-03-15 00:00:00-05:00,3.8037830917065327,3.853183061787188,3.704983622658252,3.7716734409332275,1733600,0.0,0.0
2005-03-16 00:00:00-05:00,3.7716734396126808,3.863063007339472,3.6284138562080597,3.692633628845215,3684400,0.0,0.0
2005-03-17 00:00:00-05:00,3.781553179958249,3.8803526435753186,3.781553179958249,3.8284828662872314,3504800,0.0,0.0
2005-03-18 00:00:00-05:00,3.8655323835655615,3.868002428902817,3.704983205547754,3.7074532508850098,3011600,0.0,0.0
2005-03-21 00:00:00-05:00,3.7049834176305163,3.821072964005426,3.695103471272428,3.7889630794525146,2294400,0.0,0.0
2005-03-22 00:00:00-05:00,3.7840229863610246,3.8235427717710873,3.692633423711129,3.7296833992004395,1382000,0.0,0.0
2005-03-23 00:00:00-05:00,3.712393493842938,3.7247434862629523,3.6061841243664454,3.6555838584899902,1624000,0.0,0.0
2005-03-24 00:00:00-05:00,3.3962350145811615,3.6629938187001057,3.38388502196229,3.6308839321136475,4046400,0.0,0.0
2005-03-28 00:00:00-05:00,3.6185337584427693,3.6531136889341114,3.5567840339945547,3.566663980484009,1988400,0.0,0.0
2005-03-29 00:00:00-05:00,3.5765436843265093,3.643233495273201,3.497504117773235,3.527143955230713,1746000,0.0,0.0
2005-03-30 00:00:00-05:00,3.522204633880894,3.5913642650959825,3.4481049112293225,3.581484317779541,2360000,0.0,0.0
2005-03-31 00:00:00-05:00,3.606184036051904,3.759323325862806,3.606184036051904,3.7025134563446045,2521200,0.0,0.0
2005-04-01 00:00:00-05:00,3.5938340157506747,3.7123933738139234,3.5938340157506747,3.7049834728240967,2260400,0.0,0.0
2005-04-04 00:00:00-04:00,3.6605237425266375,3.7099237125899966,3.633353947437002,3.692633628845215,1199200,0.0,0.0
2005-04-05 00:00:00-04:00,3.7049834169412805,3.8284828641726563,3.7049834169412805,3.7692031860351562,2964000,0.0,0.0
2005-04-06 00:00:00-04:00,3.7543833571823924,3.813663038611361,3.70004353142758,3.7716734409332275,2789600,0.0,0.0
2005-04-07 00:00:00-04:00,3.7494432348739983,3.8581226430985858,3.717333350827609,3.8136627674102783,1476400,0.0,0.0
2005-04-08 00:00:00-04:00,3.79637339657955,3.798843442329022,3.764263508505999,3.793903350830078,1547200,0.0,0.0
2005-04-11 00:00:00-04:00,3.771673321839756,3.8136629181920356,3.769203276302414,3.781553268432617,832400,0.0,0.0
2005-04-12 00:00:00-04:00,3.8260126749574566,3.8778824502682325,3.7346231157063743,3.8605926036834717,4554400,0.0,0.0
2005-04-13 00:00:00-04:00,3.902582732990299,4.04584184300761,3.7914332732253007,3.8161330223083496,5777200,0.0,0.0
2005-04-14 00:00:00-04:00,3.77167331823557,3.7790832192840083,3.6580538147479866,3.722273349761963,3149600,0.0,0.0
2005-04-15 00:00:00-04:00,3.692633507935334,3.714863446624656,3.5493741647780457,3.5641942024230957,3368800,0.0,0.0
2005-04-18 00:00:00-04:00,3.56913408763277,3.697573629770269,3.519734354332389,3.680283546447754,1922400,0.0,0.0
2005-04-19 00:00:00-04:00,3.556783592859717,3.6531132358518605,3.5197338570085335,3.583953619003296,3828800,0.0,0.0
2005-04-20 00:00:00-04:00,3.5567840339945547,3.601243910975351,3.532084285549172,3.566663980484009,2084000,0.0,0.0
2005-04-21 00:00:00-04:00,3.5666639587978644,3.7519131310161495,3.5641941488578963,3.7272133827209473,4069600,0.0,0.0
2005-04-22 00:00:00-04:00,3.727213562776674,3.727213562776674,3.5641943210384244,3.593834161758423,3360000,0.0,0.0
2005-04-25 00:00:00-04:00,3.5938341313836872,3.6160640706249296,3.408584951782018,3.457984685897827,4261600,0.0,0.0
2005-04-26 00:00:00-04:00,3.4579847158948613,3.564194321832574,3.3591852468061854,3.554314374923706,3872800,0.0,0.0
2005-04-27 00:00:00-04:00,3.551843950744688,3.6457035541534424,3.5098541219682327,3.6457035541534424,1897200,0.0,0.0
2005-04-28 00:00:00-04:00,3.6457041228982425,3.648174168636663,3.5592544065057377,3.579014301300049,1384000,0.0,0.0
2005-04-29 00:00:00-04:00,3.579014004511639,3.6284137374009613,3.5320843171559093,3.5641942024230957,1490000,0.0,0.0
2005-05-02 00:00:00-04:00,3.5765440792064047,3.5765440792064047,3.480214655723163,3.5345544815063477,1483600,0.0,0.0
2005-05-03 00:00:00-04:00,3.519734616917116,3.6333541297626666,3.49009477472565,3.579014301300049,1642000,0.0,0.0
2005-05-04 00:00:00-04:00,3.5938338405808326,3.7074533376316823,3.5790138037670287,3.700043201446533,1402800,0.0,0.0
2005-05-05 00:00:00-04:00,3.6926332144179637,3.729683187807334,3.6308834943255013,3.7074532508850098,2910800,0.0,0.0
2005-05-06 00:00:00-04:00,3.7049836222748986,3.8284830763507287,3.6876937740823674,3.791433334350586,3101600,0.0,0.0
2005-05-09 00:00:00-04:00,3.7420330985549484,3.8284828044918804,3.7370932432320796,3.8136627674102783,3662800,0.0,0.0
2005-05-10 00:00:00-04:00,3.7692031881169896,3.8778825980957663,3.7642630971578854,3.8284828662872314,2954000,0.0,0.0
2005-05-11 00:00:00-04:00,3.816133263366694,3.8704730916723697,3.776613473892212,3.776613473892212,2080400,0.0,0.0
2005-05-12 00:00:00-04:00,3.7667332269107425,3.823542860872437,3.6901634642270382,3.7025134563446045,1806000,0.0,0.0
2005-05-13 00:00:00-04:00,3.704983352038296,3.737093236022741,3.593833898588447,3.6753435134887695,3694800,0.0,0.0
2005-05-16 00:00:00-04:00,3.6728734701321066,3.7494432297624165,3.6506435323182584,3.7148633003234863,1796400,0.0,0.0
2005-05-17 00:00:00-04:00,3.6728733093497667,3.8902323515440878,3.640763426752783,3.868002414703369,3041200,0.0,0.0
2005-05-18 00:00:00-04:00,3.8531827955821396,3.9742121956938474,3.80625287435907,3.9124624729156494,4379600,0.0,0.0
2005-05-19 00:00:00-04:00,4.273081530771933,4.470680968085673,4.2607317720518045,4.371881484985352,20659200,0.0,0.0
2005-05-20 00:00:00-04:00,4.297780619480653,4.589239386937459,4.282960817896765,4.567009449005127,10856000,0.0,0.0
2005-05-23 00:00:00-04:00,4.445979779128428,4.806597912856842,4.381760014674128,4.749788284301758,9897200,0.0,0.0
2005-05-24 00:00:00-04:00,4.754728241750596,4.875757631370693,4.725088170096735,4.841177940368652,7348400,0.0,0.0
2005-05-25 00:00:00-04:00,4.9152780799857405,4.95232782124712,4.816478612917725,4.905398368835449,7942000,0.0,0.0
2005-05-26 00:00:00-04:00,4.937508134458901,5.0214878012093465,4.853528467708457,4.974557876586914,6382800,0.0,0.0
2005-05-27 00:00:00-04:00,4.989378033621518,5.001727790337637,4.902928323269621,4.905398368835449,6084400,0.0,0.0
2005-05-31 00:00:00-04:00,4.915277433959098,5.021487023765217,4.870817561843702,4.9992570877075195,6211600,0.0,0.0
2005-06-01 00:00:00-04:00,4.964677631672762,5.011607551251836,4.935037558487826,4.97949743270874,4614000,0.0,0.0
2005-06-02 00:00:00-04:00,4.977027861767508,5.186977026093913,4.964678104912494,5.177096843719482,5700000,0.0,0.0
2005-06-03 00:00:00-04:00,5.137576363064646,5.142516453585132,5.016546971990518,5.075826644897461,4089600,0.0,0.0
2005-06-06 00:00:00-04:00,5.085707669463972,5.088177715133901,4.967148303985596,4.967148303985596,3219600,0.0,0.0
2005-06-07 00:00:00-04:00,4.804129176928505,4.932568257135095,4.754729204540012,4.878228664398193,5886000,0.0,0.0
2005-06-08 00:00:00-04:00,4.902928770569753,4.932568377837705,4.873288692188738,4.9078688621521,2114000,0.0,0.0
2005-06-09 00:00:00-04:00,4.925157404878207,4.979496984527933,4.841177754711307,4.97702693939209,3357600,0.0,0.0
2005-06-10 00:00:00-04:00,4.9572677882609835,4.959737833764967,4.853528232658695,4.875758171081543,1685600,0.0,0.0
2005-06-13 00:00:00-04:00,4.853527952510799,5.058537006378174,4.853527952510799,5.058537006378174,3239600,0.0,0.0
2005-06-14 00:00:00-04:00,5.058537130182696,5.0931172949758095,4.969617850560531,5.08817720413208,1858800,0.0,0.0
2005-06-15 00:00:00-04:00,5.083237195131513,5.093117376978048,4.865878376750732,4.962207794189453,2855600,0.0,0.0
2005-06-16 00:00:00-04:00,4.9893781225086595,4.994317742615296,4.814008653114783,4.897988319396973,2862400,0.0,0.0
2005-06-17 00:00:00-04:00,4.89798782679025,5.102996880657625,4.8411781968167205,5.058537006378174,3776800,0.0,0.0
2005-06-20 00:00:00-04:00,5.0610078247203605,5.162277344440497,5.011608323286153,5.152397632598877,2110800,0.0,0.0
2005-06-21 00:00:00-04:00,5.179566800616585,5.429035747942681,4.86093846230588,4.947388172149658,8760400,0.0,0.0
2005-06-22 00:00:00-04:00,5.009138139833819,5.036307699986106,4.7571991347727165,4.927628517150879,4431200,0.0,0.0
2005-06-23 00:00:00-04:00,4.890578002878075,4.937507925514538,4.8559983078370035,4.912807941436768,2464000,0.0,0.0
2005-06-24 00:00:00-04:00,4.925157860937906,5.18450649974836,4.925157860937906,5.137576580047607,12199600,0.0,0.0
2005-06-27 00:00:00-04:00,5.137576323423115,5.137576323423115,4.949857596222715,4.9992570877075195,7736400,0.0,0.0
2005-06-28 00:00:00-04:00,4.986907988092388,5.102997303009033,4.912808034456066,5.102997303009033,4139200,0.0,0.0
2005-06-29 00:00:00-04:00,5.162276954073423,5.256136800593005,5.105467319719108,5.144987106323242,4962400,0.0,0.0
2005-06-30 00:00:00-04:00,5.132636953881587,5.20920647563343,5.03877711459986,5.058537006378174,4297200,0.0,0.0
2005-07-01 00:00:00-04:00,5.046187729165393,5.058537486030479,4.64357924822642,4.821418762207031,5656000,0.0,0.0
2005-07-05 00:00:00-04:00,4.8214188204990185,4.8485883801533,4.725088925557197,4.816478729248047,6880400,0.0,0.0
2005-07-06 00:00:00-04:00,4.789308640576965,4.838708610263363,4.776958883711878,4.821418762207031,3658400,0.0,0.0
2005-07-07 00:00:00-04:00,4.730028696443886,4.816478403028536,4.715208894807746,4.804128646850586,6946800,0.0,0.0
2005-07-08 00:00:00-04:00,4.781899032717308,4.836238623138902,4.73496910805914,4.816478729248047,6387200,0.0,0.0
2005-07-11 00:00:00-04:00,4.8288281053693645,4.890577827796661,4.816478349329103,4.888108253479004,4710800,0.0,0.0
2005-07-12 00:00:00-04:00,4.888107925391536,4.937507417349905,4.83623791705534,4.915277481079102,4561200,0.0,0.0
2005-07-13 00:00:00-04:00,4.939978266336832,5.157337102765915,4.91527828078254,5.125227451324463,4113200,0.0,0.0
2005-07-14 00:00:00-04:00,5.23637669216495,5.676034417851742,5.221556419462497,5.5994648933410645,12190800,0.0,0.0
2005-07-15 00:00:00-04:00,5.510545695026903,5.722964913966276,5.433976162826008,5.631575107574463,5727200,0.0,0.0
2005-07-18 00:00:00-04:00,5.631574930491541,5.631574930491541,5.448795794568386,5.488315582275391,6055200,0.0,0.0
2005-07-19 00:00:00-04:00,5.508075274350933,5.695794494638982,5.508075274350933,5.663684844970703,3966400,0.0,0.0
2005-07-20 00:00:00-04:00,5.61922476084336,5.7303744500524925,5.495725315550099,5.68097448348999,2952800,0.0,0.0
2005-07-21 00:00:00-04:00,5.676034478093401,5.676034478093401,5.520425381970106,5.634044647216797,5056400,0.0,0.0
2005-07-22 00:00:00-04:00,5.658744328075751,5.658744328075751,5.4142154923305155,5.579704761505127,4337200,0.0,0.0
2005-07-25 00:00:00-04:00,5.579705144678905,5.582175190192984,5.495725481652257,5.547595024108887,1622400,0.0,0.0
2005-07-26 00:00:00-04:00,5.542654874840792,5.601934548178137,5.426565102331314,5.59205436706543,1981600,0.0,0.0
2005-07-27 00:00:00-04:00,5.606875776942105,5.611815397388246,5.475966177301608,5.577235698699951,2066000,0.0,0.0
2005-07-28 00:00:00-04:00,5.596994805099688,5.947733247455241,5.584645049055061,5.881043434143066,9069600,0.0,0.0
2005-07-29 00:00:00-04:00,5.878573684911051,5.910683806025783,5.77977421823691,5.816823959350586,3360400,0.0,0.0
2005-08-01 00:00:00-04:00,5.814353748965163,5.974902923639771,5.809413658393522,5.950202941894531,4740000,0.0,0.0
2005-08-02 00:00:00-04:00,5.680974491389822,5.839053630828857,5.619224768657324,5.839053630828857,6251600,0.0,0.0
2005-08-03 00:00:00-04:00,5.81682310942619,5.890923051939455,5.779773373726033,5.888453006744385,2528000,0.0,0.0
2005-08-04 00:00:00-04:00,5.876104385736859,5.87857396029551,5.7723648230910305,5.8341145515441895,3007600,0.0,0.0
2005-08-05 00:00:00-04:00,5.829174279934566,5.851404219179289,5.809414386285148,5.848934173583984,4790800,0.0,0.0
2005-08-08 00:00:00-04:00,5.804473850588768,5.876103754028142,5.7476642195862935,5.846463680267334,2375600,0.0,0.0
2005-08-09 00:00:00-04:00,5.861284133672523,6.036653608115492,5.861284133672523,5.9897236824035645,6002800,0.0,0.0
2005-08-10 00:00:00-04:00,5.994663920318511,6.212022763312295,5.98725378309451,6.056413650512695,7277200,0.0,0.0
2005-08-11 00:00:00-04:00,6.051473355097016,6.063823112274449,5.873634307731594,5.915624141693115,4021600,0.0,0.0
2005-08-12 00:00:00-04:00,5.918094022176252,5.920564067962036,5.68344532588353,5.811884880065918,3632400,0.0,0.0
2005-08-15 00:00:00-04:00,5.680975148814549,5.705675134988527,5.44879603256004,5.468555927276611,10999600,0.0,0.0
2005-08-16 00:00:00-04:00,5.468555420354245,5.5451254175070215,5.273426537005221,5.4315056800842285,7941200,0.0,0.0
2005-08-17 00:00:00-04:00,5.453735475211168,5.503135441682233,5.411745645044662,5.483375549316406,5754800,0.0,0.0
2005-08-18 00:00:00-04:00,4.8164786687645,5.098057270951487,4.76954874469566,5.019017696380615,37466800,0.0,0.0
2005-08-19 00:00:00-04:00,5.0140771320987225,5.135106999242999,5.0140771320987225,5.058537006378174,6476000,0.0,0.0
2005-08-22 00:00:00-04:00,5.061007500141501,5.083237439250784,4.959737986916107,4.981967926025391,5842000,0.0,0.0
2005-08-23 00:00:00-04:00,4.964678259986209,5.046187882669149,4.917748334467836,4.927628517150879,2642800,0.0,0.0
2005-08-24 00:00:00-04:00,4.890577793121338,4.969617833002781,4.870817900929225,4.890577793121338,2624400,0.0,0.0
2005-08-25 00:00:00-04:00,4.89057758144901,4.915277563398343,4.784368459958931,4.868347644805908,2200000,0.0,0.0
2005-08-26 00:00:00-04:00,4.7794292574742165,4.79918915248293,4.688039448613251,4.754729270935059,6824000,0.0,0.0
2005-08-29 00:00:00-04:00,4.7300292843959015,4.76954907441333,4.653459750126266,4.754729270935059,3286800,0.0,0.0
2005-08-30 00:00:00-04:00,4.754727802881215,4.754727802881215,4.601588310511723,4.717678070068359,3328800,0.0,0.0
2005-08-31 00:00:00-04:00,4.710269181389744,4.784369137735089,4.680629575742036,4.772018909454346,2428000,0.0,0.0
2005-09-01 00:00:00-04:00,4.772018249856634,4.772018249856634,4.7300284217321,4.747318267822266,2340400,0.0,0.0
2005-09-02 00:00:00-04:00,4.7423796318559095,4.831298926062972,4.739909586028898,4.784369468688965,2552400,0.0,0.0
2005-09-06 00:00:00-04:00,4.838708468001108,5.048657626326071,4.8362384224781065,5.031367778778076,6259600,0.0,0.0
2005-09-07 00:00:00-04:00,5.063477430394355,5.288246390835014,5.011607887729439,5.149927139282227,9285200,0.0,0.0
2005-09-08 00:00:00-04:00,5.1869772041082705,5.369756344290902,5.1869772041082705,5.35987663269043,4036400,0.0,0.0
2005-09-09 00:00:00-04:00,5.345056092130379,5.433975847666543,5.211676929939152,5.421626091003418,3818000,0.0,0.0
2005-09-12 00:00:00-04:00,5.433975752896378,5.55006506528939,5.335176287975409,5.349996089935303,5780800,0.0,0.0
2005-09-13 00:00:00-04:00,5.5574755607843,5.873634340065168,5.510545635248248,5.8341145515441895,10921600,0.0,0.0
2005-09-14 00:00:00-04:00,5.772364199987758,5.898333217854883,5.74025408083497,5.806943893432617,7464800,0.0,0.0
2005-09-15 00:00:00-04:00,5.826703565037155,5.923032976623767,5.646394497308841,5.705674171447754,6206800,0.0,0.0
2005-09-16 00:00:00-04:00,5.75013447038002,5.831644087242424,5.6933243662353705,5.829174041748047,3469200,0.0,0.0
2005-09-19 00:00:00-04:00,5.8291740382242665,5.8291740382242665,5.698264453779479,5.7106146812438965,4148000,0.0,0.0
2005-09-20 00:00:00-04:00,5.730374549026988,5.841523769042883,5.693324337908685,5.831644058227539,4805200,0.0,0.0
2005-09-21 00:00:00-04:00,5.772364280296721,5.804473928783251,5.636514607806337,5.68097448348999,3892400,0.0,0.0
2005-09-22 00:00:00-04:00,5.68344397680503,5.695793731689427,5.557474498309788,5.567354679107666,3948800,0.0,0.0
2005-09-23 00:00:00-04:00,5.50807515735349,5.745194340985469,5.485845219165711,5.7130842208862305,4678400,0.0,0.0
2005-09-26 00:00:00-04:00,5.713084259077377,5.85140398008443,5.643924869686857,5.829174041748047,3234400,0.0,0.0
2005-09-27 00:00:00-04:00,5.802004099172122,5.915623838047211,5.747664510822392,5.82176399230957,4639200,0.0,0.0
2005-09-28 00:00:00-04:00,5.84152394363048,5.878573684743097,5.742724476959163,5.777304172515869,2494800,0.0,0.0
2005-09-29 00:00:00-04:00,5.7797741582181885,5.7797741582181885,5.564885379322523,5.663684844970703,5241600,0.0,0.0
2005-09-30 00:00:00-04:00,5.569824914827575,5.7303745740739584,5.50560561646463,5.7106146812438965,6316000,0.0,0.0
2005-10-03 00:00:00-04:00,5.903273287566927,6.076172696399263,5.8736336850381194,5.92797327041626,18210400,0.0,0.0
2005-10-04 00:00:00-04:00,5.947733759194907,6.053943366323697,5.853874380286346,5.878573894500732,8906000,0.0,0.0
2005-10-05 00:00:00-04:00,5.619224680151526,5.863753521787198,5.547594776775799,5.7674241065979,10590400,0.0,0.0
2005-10-06 00:00:00-04:00,5.7698945655592455,5.7748341856082135,5.609344900585693,5.693324565887451,5216800,0.0,0.0
2005-10-07 00:00:00-04:00,5.708144598176512,5.740254247146619,5.56241521284671,5.634044647216797,3798000,0.0,0.0
2005-10-10 00:00:00-04:00,5.626635709052045,5.656275316375971,5.475966213297387,5.495726108551025,4475200,0.0,0.0
2005-10-11 00:00:00-04:00,5.495725174643799,5.540185049187534,5.34011608485371,5.374695777893066,5022800,0.0,0.0
2005-10-12 00:00:00-04:00,5.357406223810184,5.357406223810184,5.1869768524605515,5.231436729431152,5199200,0.0,0.0
2005-10-13 00:00:00-04:00,5.142517405957112,5.409276218997413,5.014077855315806,5.39198637008667,3758800,0.0,0.0
2005-10-14 00:00:00-04:00,5.404335915619748,5.508075476128893,5.401866341111962,5.488315582275391,2025600,0.0,0.0
2005-10-17 00:00:00-04:00,5.488315120960434,5.656274440154064,5.409275552190018,5.646394729614258,3237600,0.0,0.0
2005-10-18 00:00:00-04:00,5.671094928315047,5.760014689506838,5.559945697938355,5.589585304260254,2566800,0.0,0.0
2005-10-19 00:00:00-04:00,5.592054966626081,5.661214828491211,5.5574752712500235,5.661214828491211,2662800,0.0,0.0
2005-10-20 00:00:00-04:00,5.680974751722888,5.927973653971709,5.658744812831453,5.856343746185303,4316400,0.0,0.0
2005-10-21 00:00:00-04:00,5.816824339684207,6.118163321634687,5.804474582209832,6.06135368347168,8092000,0.0,0.0
2005-10-24 00:00:00-04:00,6.034182949411144,6.293531595093442,6.014423057084045,6.239192008972168,3632800,0.0,0.0
2005-10-25 00:00:00-04:00,6.244132787495322,6.256482544892458,6.113223191965663,6.221902847290039,5189200,0.0,0.0
2005-10-26 00:00:00-04:00,6.182382763115104,6.355281713985447,6.17497262636278,6.2861223220825195,3131600,0.0,0.0
2005-10-27 00:00:00-04:00,6.224371938736864,6.273771431865045,5.915623340012078,5.9823126792907715,4090000,0.0,0.0
2005-10-28 00:00:00-04:00,5.9897226807020845,6.081112471161264,5.974902880207853,6.073702335357666,1206400,0.0,0.0
2005-10-31 00:00:00-05:00,6.187323275904402,6.291062849839817,6.1132237821418585,6.172503471374512,2518800,0.0,0.0
2005-11-01 00:00:00-05:00,6.174972478728156,6.337991714477539,6.100872997428624,6.337991714477539,3159600,0.0,0.0
2005-11-02 00:00:00-05:00,6.17497256990245,6.706020116691456,6.142862919828685,6.646740436553955,7394400,0.0,0.0
2005-11-03 00:00:00-05:00,6.668970102957987,6.876449210516832,6.545470656606914,6.550410747528076,15834000,0.0,0.0
2005-11-04 00:00:00-05:00,6.619570558113881,6.649210634418059,6.5108913775956365,6.5948710441589355,3308000,0.0,0.0
2005-11-07 00:00:00-05:00,6.570170879110256,6.636860695633007,6.505951108137943,6.530651092529297,2670800,0.0,0.0
2005-11-08 00:00:00-05:00,6.533121765234297,6.533121765234297,6.335522342247697,6.478781700134277,3940800,0.0,0.0
2005-11-09 00:00:00-05:00,6.446671193748655,6.634390408735847,6.43926105736691,6.550410747528076,3733600,0.0,0.0
2005-11-10 00:00:00-05:00,6.570170937356507,6.683790207005775,6.4565511965942175,6.644270420074463,3417600,0.0,0.0
2005-11-11 00:00:00-05:00,6.68378997172699,6.792469617518935,6.575110797048051,6.782589435577393,3392400,0.0,0.0
2005-11-14 00:00:00-05:00,7.002418936775987,7.014768693379375,6.589930753308392,7.007359027862549,3959200,0.0,0.0
2005-11-15 00:00:00-05:00,6.950549158716317,6.957959295597896,6.728250234512298,6.789999961853027,12067600,0.0,0.0
2005-11-16 00:00:00-05:00,6.792469767497534,6.804819524084141,6.518300837035104,6.6516804695129395,10886000,0.0,0.0
2005-11-17 00:00:00-05:00,6.520771161099927,7.390207441543393,6.446671676189203,7.219778060913086,24920400,0.0,0.0
2005-11-18 00:00:00-05:00,7.214838457947759,7.222248595385589,7.004889746119633,7.101219177246094,7257600,0.0,0.0
2005-11-21 00:00:00-05:00,7.051818203566654,7.224717617034912,6.990068480344134,7.224717617034912,7127600,0.0,0.0
2005-11-22 00:00:00-05:00,7.237067300640093,7.622385908884899,7.224717544564668,7.508766174316406,10088400,0.0,0.0
2005-11-23 00:00:00-05:00,7.533466000903654,7.790345067724438,7.4840660354033535,7.76070499420166,5989600,0.0,0.0
2005-11-25 00:00:00-05:00,7.706365853694175,7.928664297933048,7.669315641874683,7.7631754875183105,2364000,0.0,0.0
2005-11-28 00:00:00-05:00,7.824925813371777,7.906434966518306,7.669316230895186,7.713776111602783,4518800,0.0,0.0
2005-11-29 00:00:00-05:00,7.70636651518746,7.76811624536969,7.513707187418205,7.550756931304932,5960800,0.0,0.0
2005-11-30 00:00:00-05:00,7.54828641209424,7.90149492195951,7.528526518519897,7.866915225982666,7360800,0.0,0.0
2005-12-01 00:00:00-05:00,7.903964123778246,8.143553337792577,7.800224575809137,8.13614273071289,4813600,0.0,0.0
2005-12-02 00:00:00-05:00,7.8422150897972855,7.948424692375772,7.718715639564258,7.800225257873535,6921600,0.0,0.0
2005-12-05 00:00:00-05:00,7.842214796692133,7.965714242309332,7.805165057229573,7.903964519500732,4106800,0.0,0.0
2005-12-06 00:00:00-05:00,7.903965137390797,8.26705383740203,7.903965137390797,8.247293472290039,6089600,0.0,0.0
2005-12-07 00:00:00-05:00,8.30904410144497,8.37079383578059,8.153434507095877,8.25223445892334,4710000,0.0,0.0
2005-12-08 00:00:00-05:00,8.286811615523614,8.348561330903411,8.15343200416904,8.264581680297852,3177600,0.0,0.0
2005-12-09 00:00:00-05:00,8.570862289610552,8.798100832531443,8.531342502049265,8.768461227416992,13762000,0.0,0.0
2005-12-12 00:00:00-05:00,8.677072071645538,8.736351283078848,8.52393206728632,8.674601554870605,10088800,0.0,0.0
2005-12-13 00:00:00-05:00,8.62026141598477,8.938889259790793,8.595560962285022,8.800570487976074,10327200,0.0,0.0
2005-12-14 00:00:00-05:00,8.822801076543637,8.825270650982947,8.435012875975495,8.509112358093262,8641600,0.0,0.0
2005-12-15 00:00:00-05:00,8.509110640346986,8.72646989394304,8.459710681498903,8.69435977935791,7438000,0.0,0.0
2005-12-16 00:00:00-05:00,8.69436222499682,8.830211443372715,8.602972887867741,8.64990234375,6466000,0.0,0.0
2005-12-19 00:00:00-05:00,8.447362390925319,8.632611562032338,8.326332517889288,8.528871536254883,9604800,0.0,0.0
2005-12-20 00:00:00-05:00,8.472061794858819,8.558511972268949,8.034873643586216,8.18060302734375,10634000,0.0,0.0
2005-12-21 00:00:00-05:00,8.1633131182116,8.286812563092944,7.721185350515148,8.1065034866333,13697600,0.0,0.0
2005-12-22 00:00:00-05:00,8.163315024692052,8.24235461249713,8.054635827016622,8.185544967651367,3325200,0.0,0.0
2005-12-23 00:00:00-05:00,8.202834241058822,8.37820325526502,8.202834241058822,8.351034164428711,1796800,0.0,0.0
2005-12-27 00:00:00-05:00,8.373262422382638,8.388081752181908,8.01017376668527,8.052163124084473,3692400,0.0,0.0
2005-12-28 00:00:00-05:00,8.039815222052615,8.281874067581109,7.9805360047370755,8.25223445892334,2925600,0.0,0.0
2005-12-29 00:00:00-05:00,8.252234541207978,8.267054816797724,8.074395003035741,8.089215278625488,2236400,0.0,0.0
2005-12-30 00:00:00-05:00,8.096623199165823,8.113913045845324,7.901494323780461,7.916314125061035,2267600,0.0,0.0
2006-01-03 00:00:00-05:00,7.928663620713849,8.506641033929176,7.805164652611802,8.457242012023926,6671200,0.0,0.0
2006-01-04 00:00:00-05:00,8.410312653573088,8.914190653502272,8.407843079065325,8.884551048278809,8873600,0.0,0.0
2006-01-05 00:00:00-05:00,8.884552207892984,8.966061368452621,8.721532944547524,8.906782150268555,4176400,0.0,0.0
2006-01-06 00:00:00-05:00,9.287157561538008,9.917005462738784,9.287157561538008,9.842905044555664,18690800,0.0,0.0
2006-01-09 00:00:00-05:00,9.73175639110288,9.74657572109483,9.509457018963985,9.516866683959961,12187600,0.0,0.0
2006-01-10 00:00:00-05:00,9.361258889898487,9.460057886705423,9.032749893505954,9.447708129882812,12278400,0.0,0.0
2006-01-11 00:00:00-05:00,9.509457797656777,9.534157311149883,9.299509106287239,9.452648162841797,7863600,0.0,0.0
2006-01-12 00:00:00-05:00,9.472407643528033,9.558857825738407,9.36372846437259,9.447708129882812,4913200,0.0,0.0
2006-01-13 00:00:00-05:00,9.393367477812706,9.539096860487328,9.378548147448974,9.418067932128906,2802800,0.0,0.0
2006-01-17 00:00:00-05:00,9.395838300607425,9.67494637678289,9.373608362111272,9.630487442016602,4218000,0.0,0.0
2006-01-18 00:00:00-05:00,9.21305946520155,10.36407438692253,9.21305946520155,10.272685050964355,10899200,0.0,0.0
2006-01-19 00:00:00-05:00,10.139303898998385,10.324553060157525,10.139303898998385,10.201053619384766,4727600,0.0,0.0
2006-01-20 00:00:00-05:00,10.198584784062138,10.371484202116196,9.862666130065918,9.862666130065918,6170000,0.0,0.0
2006-01-23 00:00:00-05:00,9.889836731466326,9.907126580048612,9.78856721453034,9.855257034301758,3576800,0.0,0.0
2006-01-24 00:00:00-05:00,9.830555893615546,9.97628528025976,9.758925987486387,9.872546195983887,4170000,0.0,0.0
2006-01-25 00:00:00-05:00,9.978755698716387,10.05779526945178,9.731756804611784,9.761396408081055,5859600,0.0,0.0
2006-01-26 00:00:00-05:00,9.80585623289848,10.00345515869919,9.781155778282141,9.924415588378906,5552400,0.0,0.0
2006-01-27 00:00:00-05:00,9.924415198360805,10.32455312516053,9.90959492617342,10.275153160095215,4632400,0.0,0.0
2006-01-30 00:00:00-05:00,10.275152465904227,10.618481681688515,10.270213317734754,10.534502029418945,6215600,0.0,0.0
2006-01-31 00:00:00-05:00,10.509803481488772,10.51227399824699,9.973816296536212,10.139305114746094,9908800,0.0,0.0
2006-02-01 00:00:00-05:00,9.929354955684907,10.094843749537121,9.781155065465173,9.904654502868652,7528400,0.0,0.0
2006-02-02 00:00:00-05:00,9.90465539450603,10.082494901888815,9.660127014080718,9.751516342163086,8017600,0.0,0.0
2006-02-03 00:00:00-05:00,9.773746669830969,9.77621718654635,9.41065797520624,9.442768096923828,8232800,0.0,0.0
2006-02-06 00:00:00-05:00,9.694707604138411,9.761397425565223,9.583557901760393,9.677417755126953,5234800,0.0,0.0
2006-02-07 00:00:00-05:00,9.707056121283811,9.719405877253028,9.267398401643005,9.42300796508789,7543600,0.0,0.0
2006-02-08 00:00:00-05:00,9.472407608427067,9.556387273626095,9.119199099698163,9.489697456359863,4088000,0.0,0.0
2006-02-09 00:00:00-05:00,9.630487259880915,9.842905516550577,9.623076652371669,9.724346160888672,4372000,0.0,0.0
2006-02-10 00:00:00-05:00,9.721876355890805,9.721876355890805,8.212713003575383,8.669660568237305,40204800,0.0,0.0
2006-02-13 00:00:00-05:00,8.731410888303095,8.849971191501417,8.430072865833324,8.46218204498291,8132000,0.0,0.0
2006-02-14 00:00:00-05:00,8.70670971778948,8.738819833054215,8.472060614964164,8.558510780334473,8603600,0.0,0.0
2006-02-15 00:00:00-05:00,8.397962269174448,8.447362235673614,8.311513034470401,8.422661781311035,10617200,0.0,0.0
2006-02-16 00:00:00-05:00,8.397962051102045,8.768460376885958,8.301632637154382,8.60050106048584,5237600,0.0,0.0
2006-02-17 00:00:00-05:00,8.607910232111498,8.71411982146004,8.452301622603935,8.481941223144531,4089200,0.0,0.0
2006-02-21 00:00:00-05:00,8.47206080358039,8.514051100203869,8.195422341133417,8.301631927490234,4914800,0.0,0.0
2006-02-22 00:00:00-05:00,8.274463824362474,8.499232803991934,8.126264849174783,8.496763229370117,11333200,0.0,0.0
2006-02-23 00:00:00-05:00,8.076863697874877,8.600501068302092,8.071923607126152,8.400431632995605,20046000,0.0,0.0
2006-02-24 00:00:00-05:00,8.397961761809812,8.464651571220708,8.26952223356208,8.346092224121094,7850800,0.0,0.0
2006-02-27 00:00:00-05:00,8.299163838270555,8.427603397524711,8.274464321663517,8.415253639221191,4257200,0.0,0.0
2006-02-28 00:00:00-05:00,8.415254138083833,8.644963236606033,8.402904379048211,8.60791301727295,7386000,0.0,0.0
2006-03-01 00:00:00-05:00,8.644961236936009,9.25257828631213,8.64249166259061,9.092029571533203,8588800,0.0,0.0
2006-03-02 00:00:00-05:00,9.064860285570397,9.200709499125695,8.9438304037541,9.06980037689209,4937200,0.0,0.0
2006-03-03 00:00:00-05:00,9.069800252534998,9.544037706202312,8.891960736296724,9.395838737487793,7648400,0.0,0.0
2006-03-06 00:00:00-05:00,9.435357241287818,9.435357241287818,8.953709245171344,8.983348846435547,3906800,0.0,0.0
2006-03-07 00:00:00-05:00,9.015460537221541,9.324209185756526,9.008050871169054,9.20811939239502,5834800,0.0,0.0
2006-03-08 00:00:00-05:00,9.138958418185636,9.361257783626472,8.99816913414842,9.341497421264648,4459200,0.0,0.0
2006-03-09 00:00:00-05:00,9.341499781583464,9.378549999260404,9.232820587811247,9.26492977142334,4411200,0.0,0.0
2006-03-10 00:00:00-05:00,9.267399342746382,9.376078525428225,9.262459251411832,9.343969345092773,4595200,0.0,0.0
2006-03-13 00:00:00-05:00,9.38595747039171,9.729285763947255,9.38595747039171,9.605786323547363,6920400,0.0,0.0
2006-03-14 00:00:00-05:00,9.608257530550793,9.830555973911691,9.539097198242626,9.825615882873535,6244800,0.0,0.0
2006-03-15 00:00:00-05:00,9.82561739893793,9.82561739893793,9.492169211333476,9.623078346252441,5800400,0.0,0.0
2006-03-16 00:00:00-05:00,9.632957633641515,9.652717999004684,9.445238873821824,9.61813735961914,5725600,0.0,0.0
2006-03-17 00:00:00-05:00,9.652716905393294,9.694706263693691,9.492167252798422,9.67000675201416,3472400,0.0,0.0
2006-03-20 00:00:00-05:00,9.645306700953517,9.645306700953517,9.487227558259868,9.556386947631836,3802400,0.0,0.0
2006-03-21 00:00:00-05:00,9.55638593344171,9.665066039179216,9.274807372623469,9.282217979431152,2792800,0.0,0.0
2006-03-22 00:00:00-05:00,9.198239980243946,9.198239980243946,9.003110611873517,9.143899917602539,5151600,0.0,0.0
2006-03-23 00:00:00-05:00,9.143901324615,9.334090630899105,9.027811515554593,9.262460708618164,2875200,0.0,0.0
2006-03-24 00:00:00-05:00,9.272340086443938,9.371139093407768,9.200710170392513,9.289629936218262,2436400,0.0,0.0
2006-03-27 00:00:00-05:00,9.398308992362255,9.590968796309397,9.37360947653048,9.457589149475098,3378800,0.0,0.0
2006-03-28 00:00:00-05:00,9.460057611969429,9.474877885061787,9.072269417199966,9.114259719848633,2945600,0.0,0.0
2006-03-29 00:00:00-05:00,9.114260373986774,9.166129920193711,8.990760916031538,9.059920310974121,2955200,0.0,0.0
2006-03-30 00:00:00-05:00,9.0969701047042,9.21305894910167,9.045099618669113,9.094499588012695,3318400,0.0,0.0
2006-03-31 00:00:00-05:00,9.126610715381632,9.131550807083107,8.845032083980644,8.973471641540527,2730800,0.0,0.0
2006-04-03 00:00:00-04:00,9.035220619273195,9.353848498463941,8.975940466036503,9.153779983520508,2427600,0.0,0.0
2006-04-04 00:00:00-04:00,9.11426081444365,9.148840513586045,8.654842657892104,8.86726188659668,7547200,0.0,0.0
2006-04-05 00:00:00-04:00,8.953710604838275,9.240229306504057,8.926540573626042,9.18588924407959,5259600,0.0,0.0
2006-04-06 00:00:00-04:00,9.15130818814509,9.153778704557228,8.840090018257465,8.941359519958496,6906400,0.0,0.0
2006-04-07 00:00:00-04:00,8.916661319612658,8.933951169961855,8.486883693466645,8.521463394165039,7028000,0.0,0.0
2006-04-10 00:00:00-04:00,8.49676248696475,8.682011660876254,8.491822395926654,8.598031997680664,4025600,0.0,0.0
2006-04-11 00:00:00-04:00,8.548632348890132,8.558512531335435,8.173193896003196,8.21518325805664,6601600,0.0,0.0
2006-04-12 00:00:00-04:00,8.180604071416644,8.348563414547243,7.99782539592083,8.212714195251465,10817200,0.0,0.0
2006-04-13 00:00:00-04:00,8.163314737737938,8.48935326152964,8.158374645895497,8.326333999633789,6106800,0.0,0.0
2006-04-17 00:00:00-04:00,8.301632895013382,8.365852192231232,8.069453333952392,8.101563453674316,6039200,0.0,0.0
2006-04-18 00:00:00-04:00,8.200363602937276,8.311513295494573,8.066983971868522,8.281872749328613,6026400,0.0,0.0
2006-04-19 00:00:00-04:00,8.343622626666308,8.496762624650783,8.301633265501106,8.467122077941895,5162800,0.0,0.0
2006-04-20 00:00:00-04:00,8.467123796066188,8.467123796066188,8.101565459179534,8.249765396118164,7671200,0.0,0.0
2006-04-21 00:00:00-04:00,8.274462422640337,8.276931996843798,8.111443200659446,8.178133010864258,3853600,0.0,0.0
2006-04-24 00:00:00-04:00,8.150964266774023,8.175663781601083,8.015115050773007,8.032404899597168,5683600,0.0,0.0
2006-04-25 00:00:00-04:00,8.304102651278162,8.706711117112611,8.25223310905514,8.682011604309082,16170000,0.0,0.0
2006-04-26 00:00:00-04:00,8.68201153485337,8.758580589267373,8.556041570775479,8.68695068359375,4676800,0.0,0.0
2006-04-27 00:00:00-04:00,8.68942129393506,8.817860833768801,8.620261904111516,8.719060897827148,5540800,0.0,0.0
2006-04-28 00:00:00-04:00,8.669660241295205,8.882079427140802,8.546160802289712,8.657310485839844,3228800,0.0,0.0
2006-05-01 00:00:00-04:00,8.662252101379424,8.677072375870402,8.573332338885788,8.64990234375,6187600,0.0,0.0
2006-05-02 00:00:00-04:00,8.701771950051937,8.77587143855635,8.630142036199686,8.644962310791016,5816000,0.0,0.0
2006-05-03 00:00:00-04:00,8.644962503082064,8.644962503082064,8.449833123306796,8.472063064575195,12136800,0.0,0.0
2006-05-04 00:00:00-04:00,8.533810894615538,8.756110257750617,8.533810894615538,8.63014030456543,4673600,0.0,0.0
2006-05-05 00:00:00-04:00,8.733879862346235,8.733879862346235,8.375731325999316,8.427600860595703,6876400,0.0,0.0
2006-05-08 00:00:00-04:00,8.489353368216387,8.590622896693656,8.405373690291858,8.474534034729004,3468000,0.0,0.0
2006-05-09 00:00:00-04:00,8.447361423060885,8.447361423060885,8.244822427901388,8.3707914352417,8349200,0.0,0.0
2006-05-10 00:00:00-04:00,8.370792125082525,8.370792125082525,7.93854407306961,8.074393272399902,13856800,0.0,0.0
2006-05-11 00:00:00-04:00,8.052163938618653,8.116384181665007,7.884205078692669,7.985475063323975,5454000,0.0,0.0
2006-05-12 00:00:00-04:00,7.891614753521426,7.896554373294062,7.669315374797895,7.706365585327148,9598400,0.0,0.0
2006-05-15 00:00:00-04:00,7.708836172231211,7.8422158169850675,7.582867135892203,7.7014265060424805,9896000,0.0,0.0
2006-05-16 00:00:00-04:00,7.63967593992606,7.780465235475634,7.508766355252296,7.533466339111328,7682000,0.0,0.0
2006-05-17 00:00:00-04:00,7.4865364438216355,7.654495769331642,7.335867436854255,7.451956748962402,12306000,0.0,0.0
2006-05-18 00:00:00-04:00,7.572986360173236,7.661906116383755,7.061698704188799,7.078988552093506,17204800,0.0,0.0
2006-05-19 00:00:00-04:00,7.093808682127295,7.187668533821653,6.856689949429423,7.05181884765625,13576000,0.0,0.0
2006-05-22 00:00:00-04:00,7.002419225137465,7.291407970019742,6.955489300108572,7.259297847747803,7234400,0.0,0.0
2006-05-23 00:00:00-04:00,7.409967459398007,7.563106994181972,7.222248227226359,7.249418258666992,6493200,0.0,0.0
2006-05-24 00:00:00-04:00,7.249417526324303,7.256827191522822,6.965368896631503,7.032058238983154,8291600,0.0,0.0
2006-05-25 00:00:00-04:00,7.204958137666506,7.508766680278194,7.150618547714887,7.506296634674072,8162400,0.0,0.0
2006-05-26 00:00:00-04:00,7.607565636258794,7.629795574084955,7.489006281927929,7.508766174316406,5417600,0.0,0.0
2006-05-30 00:00:00-04:00,7.412437652193215,7.4815975194541835,7.264238205841454,7.35562801361084,7302400,0.0,0.0
2006-05-31 00:00:00-04:00,7.3630365682615,7.367976658987236,7.200017343216078,7.288937091827393,5108800,0.0,0.0
2006-06-01 00:00:00-04:00,7.175318450890931,7.713776172869804,7.140738752782837,7.669316291809082,8243200,0.0,0.0
2006-06-02 00:00:00-04:00,7.65202566161684,7.654495707102848,7.360566889849893,7.377857208251953,6800000,0.0,0.0
2006-06-05 00:00:00-04:00,7.533466178829931,7.555696116718797,7.313637316498921,7.348217010498047,6264000,0.0,0.0
2006-06-06 00:00:00-04:00,7.348218166459324,7.348218166459324,6.735660933213214,6.822110652923584,16804800,0.0,0.0
2006-06-07 00:00:00-04:00,6.915969465191735,6.965369435531175,6.659090373207501,6.671440601348877,14527200,0.0,0.0
2006-06-08 00:00:00-04:00,6.607220956190379,6.6195707134576685,6.19967284190031,6.384922027587891,16263200,0.0,0.0
2006-06-09 00:00:00-04:00,6.6072204043505725,6.65662037151989,6.389861585254181,6.429381370544434,13853600,0.0,0.0
2006-06-12 00:00:00-04:00,6.424441790708756,6.424441790708756,6.137923089003596,6.150272846221924,7443200,0.0,0.0
2006-06-13 00:00:00-04:00,6.051473491187262,6.298472409194905,5.960083684234692,6.219432830810547,8868800,0.0,0.0
2006-06-14 00:00:00-04:00,6.244132251947919,6.365161654288968,6.179912482542116,6.266362190246582,7262800,0.0,0.0
2006-06-15 00:00:00-04:00,6.347871738845981,6.822109632272972,6.347871738845981,6.74800968170166,10306000,0.0,0.0
2006-06-16 00:00:00-04:00,6.708490544072234,6.95301941522437,6.646740814858672,6.851749897003174,9407200,0.0,0.0
2006-06-19 00:00:00-04:00,6.861629874708777,6.864099920337052,6.634390859150813,6.671440601348877,7757200,0.0,0.0
2006-06-20 00:00:00-04:00,6.671439910333434,6.671439910333434,6.483720702045417,6.609690189361572,7250400,0.0,0.0
2006-06-21 00:00:00-04:00,6.587461103261917,6.903619885088119,6.570171254533921,6.854219913482666,6444400,0.0,0.0
2006-06-22 00:00:00-04:00,6.854219792390997,6.881389823405295,6.691200548531281,6.82457971572876,4012800,0.0,0.0
2006-06-23 00:00:00-04:00,6.762829488221959,7.002418716127498,6.748009686542266,6.8665690422058105,3402400,0.0,0.0
2006-06-26 00:00:00-04:00,6.8690390568947,6.896209085779903,6.6986101605593324,6.829519271850586,3843200,0.0,0.0
2006-06-27 00:00:00-04:00,6.792469438946403,6.822109512878795,6.624510119259831,6.718369960784912,4140000,0.0,0.0
2006-06-28 00:00:00-04:00,6.743069435422822,6.757889707863446,6.582520252886658,6.681319713592529,3804800,0.0,0.0
2006-06-29 00:00:00-04:00,6.701079132843355,6.777649121710782,6.607219769574613,6.720839023590088,9128400,0.0,0.0
2006-06-30 00:00:00-04:00,6.723309750658409,6.799879747291085,6.570170699619067,6.584990501403809,10911200,0.0,0.0
2006-07-03 00:00:00-04:00,6.629450676747795,6.666500418436471,6.510891314898818,6.560290813446045,4048400,0.0,0.0
2006-07-05 00:00:00-04:00,6.454081058502197,6.496070890403917,6.426911499822036,6.454081058502197,5437600,0.0,0.0
2006-07-06 00:00:00-04:00,6.446671242610734,6.478780891615666,6.2688317370049464,6.308351993560791,9294400,0.0,0.0
2006-07-07 00:00:00-04:00,6.29353216721986,6.296002212874416,6.058883483393466,6.152742862701416,8050800,0.0,0.0
2006-07-10 00:00:00-04:00,6.160153230876396,6.160153230876396,5.710615269361309,5.7797746658325195,15658000,0.0,0.0
2006-07-11 00:00:00-04:00,5.747665004927562,6.034183715608011,5.732844730465672,5.977374076843262,10478000,0.0,0.0
2006-07-12 00:00:00-04:00,5.965023455327667,5.999603622348582,5.688384945838483,5.693324565887451,9013600,0.0,0.0
2006-07-13 00:00:00-04:00,5.683444946302629,5.685914991923446,5.433975991956516,5.488315582275391,9873600,0.0,0.0
2006-07-14 00:00:00-04:00,5.471025857931527,5.490785752232482,5.345056355095541,5.438916206359863,5794800,0.0,0.0
2006-07-17 00:00:00-04:00,5.404335591513546,5.540185265833166,5.352466049926184,5.396925926208496,5555600,0.0,0.0
2006-07-18 00:00:00-04:00,5.399396152294467,5.495725573386423,5.352466228969634,5.461145877838135,6475200,0.0,0.0
2006-07-19 00:00:00-04:00,5.43150614858245,5.683445157930542,5.369756419101822,5.668625354766846,12132000,0.0,0.0
2006-07-20 00:00:00-04:00,5.7501343382876655,5.7723642761133815,5.564885170482028,5.601934909820557,6590000,0.0,0.0
2006-07-21 00:00:00-04:00,5.58217543321464,5.58217543321464,5.37222626650782,5.409276008605957,3838000,0.0,0.0
2006-07-24 00:00:00-04:00,5.419156189808812,5.745194673976044,5.379636402098423,5.72543478012085,14930000,0.0,0.0
2006-07-25 00:00:00-04:00,5.725434580736814,6.095932930954161,5.5969950395943435,6.058883190155029,10443200,0.0,0.0
2006-07-26 00:00:00-04:00,6.026772263557998,6.068762089813282,5.940322565842653,6.046532154083252,7586800,0.0,0.0
2006-07-27 00:00:00-04:00,6.076173481876249,6.202142986690439,6.044063358687293,6.140393257141113,8823600,0.0,0.0
2006-07-28 00:00:00-04:00,6.140392399535312,6.273771551754499,6.093462479720698,6.251541614532471,5364800,0.0,0.0
2006-07-31 00:00:00-04:00,6.249072315069278,6.520771213792516,6.249072315069278,6.347872257232666,9376000,0.0,0.0
2006-08-01 00:00:00-04:00,6.320701551308662,6.320701551308662,5.85881342567316,6.125572204589844,7900400,0.0,0.0
2006-08-02 00:00:00-04:00,6.135453187355672,6.36022216601915,6.135453187355672,6.2564826011657715,4348000,0.0,0.0
2006-08-03 00:00:00-04:00,6.281182887582992,6.668971133681963,6.236723004647021,6.545471668243408,7109200,0.0,0.0
2006-08-04 00:00:00-04:00,6.582521026472737,6.7183707131324,6.335522110123943,6.45902156829834,5823600,0.0,0.0
2006-08-07 00:00:00-04:00,6.431851559977494,6.431851559977494,6.288591746202509,6.337991714477539,4517600,0.0,0.0
2006-08-08 00:00:00-04:00,6.3281121200819745,6.3281121200819745,6.039123383908534,6.0909929275512695,7463600,0.0,0.0
2006-08-09 00:00:00-04:00,6.152742891888197,6.29106215140823,6.098403300569301,6.150272846221924,3907600,0.0,0.0
2006-08-10 00:00:00-04:00,6.1502718593200605,6.671439633448699,6.093462231450834,6.55288028717041,10600000,0.0,0.0
2006-08-11 00:00:00-04:00,6.5528813926557286,6.555351438342349,6.377511917810038,6.421971797943115,8428800,0.0,0.0
2006-08-14 00:00:00-04:00,6.582520816068433,6.65662077127236,6.515830997718807,6.5948710441589355,13784400,0.0,0.0
2006-08-15 00:00:00-04:00,6.703549735605698,7.071578025817871,6.649210149311034,7.071578025817871,9009200,0.0,0.0
2006-08-16 00:00:00-04:00,7.071578474445438,7.088868793607605,6.841869887504386,6.995008945465088,18530000,0.0,0.0
2006-08-17 00:00:00-04:00,7.941015836828036,8.454773112241218,7.785406249839537,8.323863983154297,54836800,0.0,0.0
2006-08-18 00:00:00-04:00,8.311514387919985,8.543693043380319,8.054635274074842,8.113914489746094,19711200,0.0,0.0
2006-08-21 00:00:00-04:00,8.012643852241032,8.19789302436131,7.948424553818782,8.12873363494873,8262400,0.0,0.0
2006-08-22 00:00:00-04:00,8.1509644644601,8.365853263790736,8.133674615216608,8.212714195251465,9646800,0.0,0.0
2006-08-23 00:00:00-04:00,8.336213623714617,8.632612518780803,8.262114135504598,8.333744049072266,10819200,0.0,0.0
2006-08-24 00:00:00-04:00,8.32880395756145,8.395493779618299,8.131204066033249,8.333744049072266,4710400,0.0,0.0
2006-08-25 00:00:00-04:00,8.274463478651393,8.370792902721314,8.1707243887995,8.289283752441406,4568000,0.0,0.0
2006-08-28 00:00:00-04:00,8.200363866767248,8.422662316807816,8.200363866767248,8.378202438354492,3678000,0.0,0.0
2006-08-29 00:00:00-04:00,8.380673226497485,8.55604222928438,8.318923498004121,8.553572654724121,5428800,0.0,0.0
2006-08-30 00:00:00-04:00,8.556043329762883,8.635082917022377,8.415254006067773,8.580743789672852,3898000,0.0,0.0
2006-08-31 00:00:00-04:00,8.556041237824646,8.669660498952165,8.484411334938436,8.516521453857422,4534000,0.0,0.0
2006-09-01 00:00:00-04:00,8.578272383055516,8.640022113088072,8.462182589081959,8.496763229370117,3214400,0.0,0.0
2006-09-05 00:00:00-04:00,8.388081494350121,8.627670702484025,8.343621621867007,8.593091011047363,4647200,0.0,0.0
2006-09-06 00:00:00-04:00,8.405372530111434,8.558512531335435,8.005234563337302,8.21518325805664,7564400,0.0,0.0
2006-09-07 00:00:00-04:00,8.153432736764149,8.321392053066601,8.054633748614803,8.242352485656738,5439600,0.0,0.0
2006-09-08 00:00:00-04:00,8.2497622644844,8.323861733712226,8.165782614765964,8.23247241973877,2290800,0.0,0.0
2006-09-11 00:00:00-04:00,8.175664302620547,8.225064277648926,8.07439477781414,8.225064277648926,3483200,0.0,0.0
2006-09-12 00:00:00-04:00,8.267053914031852,8.773401496894223,8.254703214609341,8.674601554870605,10243200,0.0,0.0
2006-09-13 00:00:00-04:00,8.694360675374707,8.82774029534251,8.590620656879988,8.699300765991211,5351600,0.0,0.0
2006-09-14 00:00:00-04:00,8.649900666722294,8.719060049819461,8.57580119308591,8.63014030456543,4668000,0.0,0.0
2006-09-15 00:00:00-04:00,8.630142036199686,8.763521680843303,8.573332396938765,8.644962310791016,3342000,0.0,0.0
2006-09-18 00:00:00-04:00,8.694362839883189,8.793161850132003,8.47700350977391,8.521463394165039,5320800,0.0,0.0
2006-09-19 00:00:00-04:00,8.506642534701356,8.583212539724762,8.200364399059959,8.4127836227417,7182800,0.0,0.0
2006-09-20 00:00:00-04:00,8.546161278454214,8.800570777694046,8.521461766167317,8.775870323181152,5456400,0.0,0.0
2006-09-21 00:00:00-04:00,8.768460739103539,9.104379385780286,8.6350811101773,9.087089538574219,9144000,0.0,0.0
2006-09-22 00:00:00-04:00,9.087090431969727,9.096970614837709,8.847501179664759,8.933950424194336,7355600,0.0,0.0
2006-09-25 00:00:00-04:00,8.76846280415853,9.33162011373012,8.75858261993504,9.262460708618164,6997200,0.0,0.0
2006-09-26 00:00:00-04:00,9.324208265233848,9.558857403400166,9.3069184180009,9.482287406921387,9216000,0.0,0.0
2006-09-27 00:00:00-04:00,9.435359642065846,9.511928709999795,9.146370393973783,9.26492977142334,8145600,0.0,0.0
2006-09-28 00:00:00-04:00,9.264928850945434,9.536628221721697,9.262459276384542,9.301979064941406,7961200,0.0,0.0
2006-09-29 00:00:00-04:00,9.126609650690924,9.153779680766359,8.793160566436985,8.862320899963379,12476800,0.0,0.0
2006-10-02 00:00:00-04:00,8.8598503122274,8.990760370429445,8.689421409793004,8.70918083190918,9317600,0.0,0.0
2006-10-03 00:00:00-04:00,8.709180531066092,9.074739720961086,8.66966074597285,9.01298999786377,6731600,0.0,0.0
2006-10-04 00:00:00-04:00,8.924070252625762,9.20317832283491,8.924070252625762,9.171069145202637,12466800,0.0,0.0
2006-10-05 00:00:00-04:00,9.217998958741003,9.657656703336173,9.168598989834278,9.378548622131348,16398000,0.0,0.0
2006-10-06 00:00:00-04:00,9.635426800317294,10.00345558070542,9.561327317794314,9.968875885009766,21658400,0.0,0.0
2006-10-09 00:00:00-04:00,9.978754330142607,10.2381029449379,9.761395069317828,9.95405387878418,10282400,0.0,0.0
2006-10-10 00:00:00-04:00,9.94664702325772,9.94911659797799,9.798447099935583,9.87995719909668,6050400,0.0,0.0
2006-10-11 00:00:00-04:00,9.818205475750743,10.008394726335545,9.786095357541374,9.847845077514648,4169200,0.0,0.0
2006-10-12 00:00:00-04:00,9.909595467275881,10.000985737416068,9.776216779210285,9.95158576965332,7103600,0.0,0.0
2006-10-13 00:00:00-04:00,10.0009851214877,10.37148344355148,9.954054731001674,10.122014045715332,7662400,0.0,0.0
2006-10-16 00:00:00-04:00,10.04297581370003,10.302324485165254,10.04297581370003,10.208465576171875,6227600,0.0,0.0
2006-10-17 00:00:00-04:00,10.146716215905535,10.19364567210557,9.815737621174776,9.941706657409668,5064000,0.0,0.0
2006-10-18 00:00:00-04:00,10.114607090988606,10.188706586811081,9.845378200460187,9.978757858276367,4651600,0.0,0.0
2006-10-19 00:00:00-04:00,9.946645199080315,10.015804585278055,9.835495512529684,9.912065505981445,3321600,0.0,0.0
2006-10-20 00:00:00-04:00,9.949114580581782,9.949114580581782,9.813265385085767,9.847845077514648,2257200,0.0,0.0
2006-10-23 00:00:00-04:00,9.879954944310983,10.10719345576169,9.758925081663765,9.98863410949707,6098400,0.0,0.0
2006-10-24 00:00:00-04:00,9.93923681202836,10.050385570644407,9.90465617225718,10.003456115722656,4230000,0.0,0.0
2006-10-25 00:00:00-04:00,10.065205753667112,10.428294459054076,10.010865691030673,10.208465576171875,6446800,0.0,0.0
2006-10-26 00:00:00-04:00,10.225755301554138,10.225755301554138,9.94417575128915,10.06026554107666,4403200,0.0,0.0
2006-10-27 00:00:00-04:00,10.060265487009186,10.10225579164911,9.800916820063284,9.907126426696777,4223600,0.0,0.0
2006-10-30 00:00:00-05:00,9.8824255164733,9.897245789587767,9.625547378071328,9.825615882873535,5848400,0.0,0.0
2006-10-31 00:00:00-05:00,9.85278530239165,9.954054806838249,9.588496572684038,9.637896537780762,3535200,0.0,0.0
2006-11-01 00:00:00-05:00,9.667537280960746,9.72928700906318,9.301979003661472,9.385958671569824,5870000,0.0,0.0
2006-11-02 00:00:00-05:00,9.324208822005835,9.672477246277804,9.324208822005835,9.632957458496094,4668400,0.0,0.0
2006-11-03 00:00:00-05:00,9.657655469938982,10.084964345517605,9.645305714846021,9.998514175415039,7715600,0.0,0.0
2006-11-06 00:00:00-05:00,9.879955531215911,10.39371367110761,9.813265718313087,10.376422882080078,8667200,0.0,0.0
2006-11-07 00:00:00-05:00,10.376423020634952,10.781501994293594,10.361603690164879,10.603662490844727,12357600,0.0,0.0
2006-11-08 00:00:00-05:00,10.440642374686126,10.601191075261443,9.904654335456984,10.398652076721191,6914000,0.0,0.0
2006-11-09 00:00:00-05:00,10.497453577301469,10.564143395447923,10.223284638996956,10.270215034484863,6650400,0.0,0.0
2006-11-10 00:00:00-05:00,10.344313626915463,10.514742519340988,10.220814183707581,10.42335319519043,3816000,0.0,0.0
2006-11-13 00:00:00-05:00,10.45299409090942,11.011212170914487,10.45299409090942,10.867952346801758,12189600,0.0,0.0
2006-11-14 00:00:00-05:00,10.843253378837968,10.87289298654617,10.593783932467709,10.744453430175781,7311200,0.0,0.0
2006-11-15 00:00:00-05:00,10.754332628005912,10.867951898997543,10.386303842301304,10.470283508300781,10396400,0.0,0.0
2006-11-16 00:00:00-05:00,10.124484969418733,10.638242173388166,10.042974883017614,10.366543769836426,12387600,0.0,0.0
2006-11-17 00:00:00-05:00,10.364074478473581,10.443114057658756,10.240575018218482,10.304795265197754,3342400,0.0,0.0
2006-11-20 00:00:00-05:00,10.12695394163963,10.339373126293589,10.12695394163963,10.25786304473877,7360400,0.0,0.0
2006-11-21 00:00:00-05:00,10.250454310310523,10.35913348668835,10.23069394611854,10.299854278564453,4178000,0.0,0.0
2006-11-22 00:00:00-05:00,10.361603872695088,10.373953629046369,10.156594336804972,10.230693817138672,4959600,0.0,0.0
2006-11-24 00:00:00-05:00,10.181294615046143,10.21834388345703,10.124484983035321,10.166474342346191,1084800,0.0,0.0
2006-11-27 00:00:00-05:00,10.213403445046584,10.215873961525515,9.907125357476634,9.91700553894043,3622800,0.0,0.0
2006-11-28 00:00:00-05:00,9.9170069705004,9.9170069705004,9.623077653991366,9.719407081604004,4738400,0.0,0.0
2006-11-29 00:00:00-05:00,9.72187629187676,9.736695621994087,9.536627127602356,9.67000675201416,5952000,0.0,0.0
2006-11-30 00:00:00-05:00,9.719406699822942,9.768806670106596,9.613197093492207,9.632957458496094,6688400,0.0,0.0
2006-12-01 00:00:00-05:00,9.578616942292694,9.615667153803287,9.398307860208252,9.472407341003418,5344800,0.0,0.0
2006-12-04 00:00:00-05:00,9.366197717686969,9.578616919765961,9.361258568908124,9.514397621154785,5021600,0.0,0.0
2006-12-05 00:00:00-05:00,9.5316878541565,9.630487793798594,9.405718826227584,9.442768096923828,3451600,0.0,0.0
2006-12-06 00:00:00-05:00,9.430418223807584,9.499577615369116,9.29456901514341,9.452648162841797,4094800,0.0,0.0
2006-12-07 00:00:00-05:00,9.452648432247521,9.455118006776798,9.346438825193252,9.390898704528809,4295600,0.0,0.0
2006-12-08 00:00:00-05:00,9.336557611992175,9.53909662117385,9.301977919043006,9.516866683959961,3637200,0.0,0.0
2006-12-11 00:00:00-05:00,9.519337142677262,9.568737107544576,9.42547730365196,9.521806716918945,2824400,0.0,0.0
2006-12-12 00:00:00-05:00,9.571207927722106,10.099785453490457,9.571207927722106,9.892306327819824,11730000,0.0,0.0
2006-12-13 00:00:00-05:00,9.929356301213005,10.02568572468518,9.605787392167699,9.674946784973145,5420000,0.0,0.0
2006-12-14 00:00:00-05:00,9.724346785475843,9.87995636200065,9.711997028468554,9.870076179504395,4040400,0.0,0.0
2006-12-15 00:00:00-05:00,9.879956420377361,9.92194578289545,9.78115647928316,9.86513614654541,2960400,0.0,0.0
2006-12-18 00:00:00-05:00,9.865135562775048,9.958995407037769,9.398307800292969,9.398307800292969,5524800,0.0,0.0
2006-12-19 00:00:00-05:00,9.336557858838649,9.336557858838649,9.064859456575283,9.217998504638672,8122000,0.0,0.0
2006-12-20 00:00:00-05:00,9.227879198580773,9.38595834628841,9.213058925148415,9.215529441833496,5514800,0.0,0.0
2006-12-21 00:00:00-05:00,9.210588292082743,9.240227893314826,9.027808709662036,9.104378700256348,7947600,0.0,0.0
2006-12-22 00:00:00-05:00,9.10437967621205,9.134019280621388,8.882080287576917,8.90431022644043,4338800,0.0,0.0
2006-12-26 00:00:00-05:00,8.867262461917498,9.000641175516803,8.867262461917498,8.97594165802002,2293200,0.0,0.0
2006-12-27 00:00:00-05:00,9.012990967526884,9.156249850567654,9.012990967526884,9.129079818725586,4363600,0.0,0.0
2006-12-28 00:00:00-05:00,9.079679489135742,9.126609884916295,8.980880490774805,9.079679489135742,1761600,0.0,0.0
2006-12-29 00:00:00-05:00,9.064860616053416,9.148840287131746,8.961120578967897,9.003110885620117,2509600,0.0,0.0
2007-01-03 00:00:00-05:00,9.03275067645676,9.119199923934431,8.803041599186233,8.90925121307373,4277200,0.0,0.0
2007-01-04 00:00:00-05:00,8.894429858436252,9.356318473815918,8.780810592052108,9.356318473815918,6430400,0.0,0.0
2007-01-05 00:00:00-05:00,9.262458528922634,9.872546098873327,9.163658594390391,9.761396408081055,11618800,0.0,0.0
2007-01-08 00:00:00-05:00,9.781156040981823,9.87748640323376,9.660127107902202,9.862666130065918,4814400,0.0,0.0
2007-01-09 00:00:00-05:00,9.877486787489618,9.986165968270242,9.739167059220225,9.870076179504395,4996000,0.0,0.0
2007-01-10 00:00:00-05:00,9.830557011485404,9.941706716010247,9.776217888782465,9.936766624450684,3575600,0.0,0.0
2007-01-11 00:00:00-05:00,9.924414809083611,10.534502327924246,9.879954936491325,10.309733390808105,10939200,0.0,0.0
2007-01-12 00:00:00-05:00,10.398653033567804,10.630832596350896,10.299854041559385,10.477692604064941,6449200,0.0,0.0
2007-01-16 00:00:00-05:00,10.544382667643502,10.94699113716267,10.448053247711695,10.695052146911621,9854800,0.0,0.0
2007-01-17 00:00:00-05:00,10.633301010648738,10.73210093410443,10.4851020676911,10.534502029418945,5239200,0.0,0.0
2007-01-18 00:00:00-05:00,10.509803239380028,10.512273756081335,10.082495245980935,10.238104820251465,6803200,0.0,0.0
2007-01-19 00:00:00-05:00,10.238104344897476,10.285033795556812,10.094844534106862,10.277624130249023,5058800,0.0,0.0
2007-01-22 00:00:00-05:00,10.299853852679439,10.344313728047018,10.08496508322013,10.17635440826416,6394800,0.0,0.0
2007-01-23 00:00:00-05:00,10.168945460811798,10.22575604367516,10.12695609512495,10.196115493774414,6068800,0.0,0.0
2007-01-24 00:00:00-05:00,10.22081447106225,10.56661235643072,10.22081447106225,10.477692604064941,9301600,0.0,0.0
2007-01-25 00:00:00-05:00,10.480162820533627,10.480162820533627,10.255393871701536,10.344313621520996,6468400,0.0,0.0
2007-01-26 00:00:00-05:00,10.386304317667104,10.556734174180926,10.369014468778179,10.430764198303223,4736400,0.0,0.0
2007-01-29 00:00:00-05:00,10.430764379302978,10.658003877855881,10.344315133358247,10.49498462677002,5254000,0.0,0.0
2007-01-30 00:00:00-05:00,10.583903020899,10.741983116326551,10.571553263722523,10.608603477478027,5333600,0.0,0.0
2007-01-31 00:00:00-05:00,10.625894493738926,10.880303099992515,10.485105173557212,10.825963973999023,5612000,0.0,0.0
2007-02-01 00:00:00-05:00,10.917350533821882,11.258209247342425,10.917350533821882,11.216218948364258,10430400,0.0,0.0
2007-02-02 00:00:00-05:00,11.263149190575968,11.599067837203933,11.216219739912885,11.547198295593262,8889600,0.0,0.0
2007-02-05 00:00:00-05:00,11.54719812596627,11.692927508988362,11.36688904904504,11.641057968139648,5616800,0.0,0.0
2007-02-06 00:00:00-05:00,11.653408283149018,11.764557977603062,11.520028649804164,11.633647918701172,10726400,0.0,0.0
2007-02-07 00:00:00-05:00,11.658347108654981,11.892996228756932,11.623767416851186,11.779376029968262,10997600,0.0,0.0
2007-02-08 00:00:00-05:00,11.77937743710046,11.853477862361494,11.54719880566389,11.781847953796387,7385600,0.0,0.0
2007-02-09 00:00:00-05:00,11.720095963235696,11.84853548205393,11.559546329156438,11.61141586303711,6388800,0.0,0.0
2007-02-12 00:00:00-05:00,11.557078483333546,11.764557592107165,11.49532875979647,11.705277442932129,5591200,0.0,0.0
2007-02-13 00:00:00-05:00,11.732448017179589,12.085656527601184,11.732448017179589,11.976977348327637,7625200,0.0,0.0
2007-02-14 00:00:00-05:00,12.078245137054282,12.382053634518902,12.048604594209502,12.320303916931152,10212000,0.0,0.0
2007-02-15 00:00:00-05:00,12.349944798001749,12.359824979974393,12.181985473370844,12.253615379333496,8974000,0.0,0.0
2007-02-16 00:00:00-05:00,12.253614368039548,12.335123507021864,12.20174483030299,12.258554458618164,6041600,0.0,0.0
2007-02-20 00:00:00-05:00,12.349945337850363,12.45615494313396,12.20174637068658,12.209156036376953,10063600,0.0,0.0
2007-02-21 00:00:00-05:00,12.223975295950291,12.226444870233536,11.811486665926319,11.85594654083252,13291600,0.0,0.0
2007-02-22 00:00:00-05:00,11.287849908145066,11.979446639068781,11.179169789219578,11.64352798461914,20852400,0.0,0.0
2007-02-23 00:00:00-05:00,11.645997612280128,11.739856508627135,11.581777375594328,11.717626571655273,5260400,0.0,0.0
2007-02-26 00:00:00-05:00,11.608948055374762,11.729977928403857,11.510148120566276,11.584248542785645,9469600,0.0,0.0
2007-02-27 00:00:00-05:00,11.327370350595448,11.458279473547009,10.897591825511821,11.114951133728027,7687200,0.0,0.0
2007-02-28 00:00:00-05:00,11.117420231736451,11.117420231736451,10.633302607020243,10.680233001708984,13272400,0.0,0.0
2007-03-01 00:00:00-05:00,10.386302347270735,10.998859434883185,10.386302347270735,10.956870079040527,13634000,0.0,0.0
2007-03-02 00:00:00-05:00,10.855601865471675,11.016150585461817,10.475223332565625,10.53203296661377,7662400,0.0,0.0
2007-03-05 00:00:00-05:00,10.324554656477286,10.593783516677467,10.196115105147959,10.267745018005371,6251200,0.0,0.0
2007-03-06 00:00:00-05:00,10.445584584470383,10.709873354290204,10.43076431002424,10.658003807067871,5989200,0.0,0.0
2007-03-07 00:00:00-05:00,10.658003145157243,10.72222244598333,10.512273753278691,10.5542631149292,5326800,0.0,0.0
2007-03-08 00:00:00-05:00,10.670351519615576,10.937109812937353,10.633301311714197,10.788910865783691,6296800,0.0,0.0
2007-03-09 00:00:00-05:00,10.77162169489088,10.838311507956082,10.576492346540032,10.613542556762695,7335200,0.0,0.0
2007-03-12 00:00:00-04:00,10.593782578413185,10.774091660783078,10.529563279549313,10.699992179870605,3331600,0.0,0.0
2007-03-13 00:00:00-04:00,10.699993762836217,10.699993762836217,10.40606537010146,10.413475036621094,5493600,0.0,0.0
2007-03-14 00:00:00-04:00,10.450524333137482,10.490044121471358,10.070145781532611,10.371484756469727,6722400,0.0,0.0
2007-03-15 00:00:00-04:00,10.371483109161177,10.440642492204319,10.19611319294675,10.309733390808105,4462000,0.0,0.0
2007-03-16 00:00:00-04:00,10.280092693190158,10.34678250107691,10.215873401646938,10.282563209533691,2597200,0.0,0.0
2007-03-19 00:00:00-04:00,10.411002976390245,10.561671498934574,10.329492895228913,10.541912078857422,3654000,0.0,0.0
2007-03-20 00:00:00-04:00,10.54191267811371,10.690111634907508,10.482632530060597,10.650591850280762,3310000,0.0,0.0
2007-03-21 00:00:00-04:00,10.645652156149238,10.880301298338937,10.601192279009041,10.737042427062988,3855600,0.0,0.0
2007-03-22 00:00:00-04:00,10.732101440429688,10.806200915404414,10.625891847483066,10.732101440429688,3419200,0.0,0.0
2007-03-23 00:00:00-04:00,10.699992237962743,10.779031810328638,10.667882117243465,10.695052146911621,2744800,0.0,0.0
2007-03-26 00:00:00-04:00,10.625892639160156,10.682702272280887,10.507333281922195,10.625892639160156,3413600,0.0,0.0
2007-03-27 00:00:00-04:00,10.620950840240766,10.69505030882053,10.55920112605332,10.56908130645752,3686800,0.0,0.0
2007-03-28 00:00:00-04:00,10.546853749369571,10.734572508239804,10.43323447578427,10.608603477478027,3338400,0.0,0.0
2007-03-29 00:00:00-04:00,10.635772705078125,10.707401668180609,10.52215249785066,10.635772705078125,3395600,0.0,0.0
2007-03-30 00:00:00-04:00,10.59378311158685,10.734572415074132,10.50980344439917,10.576493263244629,3610800,0.0,0.0
2007-04-02 00:00:00-04:00,10.618483954060547,10.86795244794526,10.497454069038037,10.741983413696289,4144800,0.0,0.0
2007-04-03 00:00:00-04:00,10.845722190068708,11.134711407115235,10.825962767062919,11.082840919494629,5853200,0.0,0.0
2007-04-04 00:00:00-04:00,11.117419548466161,11.216219480682444,11.114949974162448,11.171759605407715,3476000,0.0,0.0
2007-04-05 00:00:00-04:00,11.208810539153868,11.208810539153868,11.068021239103604,11.112481117248535,2185200,0.0,0.0
2007-04-09 00:00:00-04:00,11.235979853510386,11.38170923542825,11.201399217647278,11.329838752746582,3719200,0.0,0.0
2007-04-10 00:00:00-04:00,11.33477887602193,11.339718966873654,11.226099703961959,11.287849426269531,3244800,0.0,0.0
2007-04-11 00:00:00-04:00,11.102601019708116,11.102601019708116,10.620952964278198,10.828432083129883,13078000,0.0,0.0
2007-04-12 00:00:00-04:00,10.82102290976079,10.949462459867203,10.411004744593669,10.551794052124023,15264000,0.0,0.0
2007-04-13 00:00:00-04:00,10.546853426171614,10.598722970058967,10.331964642762543,10.517213821411133,7035200,0.0,0.0
2007-04-16 00:00:00-04:00,10.5394427598688,10.695052332894026,10.522152912002225,10.680233001708984,6083200,0.0,0.0
2007-04-17 00:00:00-04:00,10.74692135800276,10.806201506561049,10.524622920917674,10.603662490844727,7706400,0.0,0.0
2007-04-18 00:00:00-04:00,10.603661905572848,10.603661905572848,10.430762502565898,10.45299243927002,7638800,0.0,0.0
2007-04-19 00:00:00-04:00,10.430763332910962,10.43323384953361,10.196114191738332,10.225754737854004,7721200,0.0,0.0
2007-04-20 00:00:00-04:00,10.225753229096096,10.369012078613984,10.181293358708436,10.312202453613281,6369200,0.0,0.0
2007-04-23 00:00:00-04:00,10.257862804259124,10.299853102258526,10.077553741616791,10.198583602905273,6510800,0.0,0.0
2007-04-24 00:00:00-04:00,10.24057457174809,10.24057457174809,10.070145663227843,10.144245147705078,4630000,0.0,0.0
2007-04-25 00:00:00-04:00,10.193644916836885,10.54438290947638,10.176355068874432,10.517213821411133,7439200,0.0,0.0
2007-04-26 00:00:00-04:00,10.546853810787148,10.611073113814438,10.42335435385106,10.52462387084961,5593600,0.0,0.0
2007-04-27 00:00:00-04:00,10.507332182823903,10.675291490231807,10.35419220462934,10.398652076721191,8167200,0.0,0.0
2007-04-30 00:00:00-04:00,10.383834956010105,10.485104476818899,10.317145133688298,10.373954772949219,4006800,0.0,0.0
2007-05-01 00:00:00-04:00,10.324554569485237,10.327025086308389,10.030626196678563,10.156595230102539,7380400,0.0,0.0
2007-05-02 00:00:00-04:00,10.122013613745139,10.277623166194353,10.028153779004638,10.198583602905273,5800400,0.0,0.0
2007-05-03 00:00:00-04:00,10.245513874156586,10.66047208595067,10.223283936302405,10.566612243652344,5596800,0.0,0.0
2007-05-04 00:00:00-04:00,10.628362597423706,10.850661989165216,10.566612871076181,10.633302688598633,5823200,0.0,0.0
2007-05-07 00:00:00-04:00,10.672821446659508,10.699991474388753,10.398652537356698,10.480162620544434,3881600,0.0,0.0
2007-05-08 00:00:00-04:00,10.472753532549406,10.744451940357703,10.388773870498948,10.709872245788574,3608800,0.0,0.0
2007-05-09 00:00:00-04:00,10.648121784198079,10.776561313859712,10.574022309223352,10.732101440429688,2157200,0.0,0.0
2007-05-10 00:00:00-04:00,10.670354294278496,10.697524328174538,10.492514757668902,10.519684791564941,2163200,0.0,0.0
2007-05-11 00:00:00-04:00,10.534503178696637,10.59625290203665,10.460402756907818,10.477692604064941,4174800,0.0,0.0
2007-05-14 00:00:00-04:00,10.480164282618606,10.942052000589774,10.438173976134259,10.658003807067871,7812800,0.0,0.0
2007-05-15 00:00:00-04:00,10.685171123017986,10.969220211610562,10.633301584406595,10.88524055480957,8039600,0.0,0.0
2007-05-16 00:00:00-04:00,10.966751897036746,11.423699500152418,10.902531653281187,11.176700592041016,13915600,0.0,0.0
2007-05-17 00:00:00-04:00,11.053201730787988,11.053201730787988,10.460403942637406,10.616013526916504,19213600,0.0,0.0
2007-05-18 00:00:00-04:00,10.653062971034027,11.485449011947582,10.564143215024073,11.312549591064453,22051200,0.0,0.0
2007-05-21 00:00:00-04:00,11.843598450689214,12.34006586733205,11.628709653237191,11.79666805267334,23118000,0.0,0.0
2007-05-22 00:00:00-04:00,11.90534670548422,11.959685820657446,11.596598092490469,11.641057968139648,6139200,0.0,0.0
2007-05-23 00:00:00-04:00,11.596598352465465,11.675637923785711,11.361949212884602,11.421229362487793,4421200,0.0,0.0
2007-05-24 00:00:00-04:00,11.189050080777516,11.30019977520838,10.905001908594238,11.080370903015137,10685600,0.0,0.0
2007-05-25 00:00:00-04:00,11.077900070726121,11.42122932645878,11.077900070726121,11.38417911529541,7043200,0.0,0.0
2007-05-29 00:00:00-04:00,11.574369444605038,11.574369444605038,11.213751250572436,11.337250709533691,5482400,0.0,0.0
2007-05-30 00:00:00-04:00,11.337249947345489,12.258555736191164,11.235980435494518,12.03378677368164,15481600,0.0,0.0
2007-05-31 00:00:00-04:00,12.20174518712595,12.20174518712595,11.650936849326914,11.670697212219238,8651200,0.0,0.0
2007-06-01 00:00:00-04:00,11.670698670990733,11.87076813026625,11.633648457049537,11.826308250427246,5761600,0.0,0.0
2007-06-04 00:00:00-04:00,11.917698141944184,11.917698141944184,11.490390114377881,11.623769760131836,6898000,0.0,0.0
2007-06-05 00:00:00-04:00,11.497798597161248,11.7941974653643,11.04085100942498,11.722567558288574,14661200,0.0,0.0
2007-06-06 00:00:00-04:00,11.707748342480958,11.722567673589953,11.324899290247274,11.475568771362305,5817600,0.0,0.0
2007-06-07 00:00:00-04:00,11.54225762059412,11.54225762059412,11.038379676148978,11.117419242858887,5972000,0.0,0.0
2007-06-08 00:00:00-04:00,11.213750686190199,11.443459743675085,11.112481172627854,11.423699378967285,5600800,0.0,0.0
2007-06-11 00:00:00-04:00,11.374298294429371,11.562017971847562,11.287849062872281,11.517558097839355,4005200,0.0,0.0
2007-06-12 00:00:00-04:00,11.386648979237453,11.460749403448615,11.16188001662115,11.201399803161621,3046400,0.0,0.0
2007-06-13 00:00:00-04:00,11.240920195087487,11.349600320596327,11.095190797703793,11.231040954589844,2712400,0.0,0.0
2007-06-14 00:00:00-04:00,11.181640983197287,11.287850591912154,11.127300920442867,11.231040954589844,3886400,0.0,0.0
2007-06-15 00:00:00-04:00,11.255741060722258,11.64352930186112,11.198931420414299,11.26068115234375,7145200,0.0,0.0
2007-06-18 00:00:00-04:00,11.260679527579368,11.398999246345074,11.040850664385047,11.077899932861328,5113200,0.0,0.0
2007-06-19 00:00:00-04:00,10.966751167699687,11.29031911278226,10.959340560235463,11.198929786682129,4096400,0.0,0.0
2007-06-20 00:00:00-04:00,11.22857077453441,11.23845095755444,11.03097182526439,11.085311889648438,4610800,0.0,0.0
2007-06-21 00:00:00-04:00,11.053200571749485,11.065550328077189,10.302323703422653,10.351723670959473,22410000,0.0,0.0
2007-06-22 00:00:00-04:00,10.477693923023738,10.514744138582122,9.954056467006891,10.015806198120117,15560000,0.0,0.0
2007-06-25 00:00:00-04:00,9.818205735026613,10.509802428545557,9.798445371844883,10.42335319519043,13568400,0.0,0.0
2007-06-26 00:00:00-04:00,10.423353318598247,10.423353318598247,10.080025013171639,10.134364128112793,8231600,0.0,0.0
2007-06-27 00:00:00-04:00,10.238104617567746,10.89265113877434,10.238104617567746,10.848191261291504,17513600,0.0,0.0
2007-06-28 00:00:00-04:00,10.848191871752206,11.142121183009701,10.714813174024103,10.71975326538086,11264400,0.0,0.0
2007-06-29 00:00:00-04:00,10.712342357443312,10.80620220614282,10.52956369348886,10.586373329162598,4509600,0.0,0.0
2007-07-02 00:00:00-04:00,10.62095323174149,10.79632223338715,10.54685374647688,10.687643051147461,4823200,0.0,0.0
2007-07-03 00:00:00-04:00,10.67776220368719,10.692582476707784,10.56908302821421,10.583902359008789,1242000,0.0,0.0
2007-07-05 00:00:00-04:00,10.551792556021846,10.882771096076118,10.50486216534843,10.875360488891602,3530800,0.0,0.0
2007-07-06 00:00:00-04:00,10.914879791109682,11.055669072470176,10.840780318113515,11.035909652709961,3343600,0.0,0.0
2007-07-09 00:00:00-04:00,10.96675237720351,11.072961987719767,10.88030219024376,10.97910213470459,3534000,0.0,0.0
2007-07-10 00:00:00-04:00,10.892651751736935,10.946991814435178,10.620953322697888,10.71975326538086,7257600,0.0,0.0
2007-07-11 00:00:00-04:00,10.556733309069958,10.759272329936197,10.329493833082216,10.699992179870605,6651200,0.0,0.0
2007-07-12 00:00:00-04:00,10.744452469970042,11.15941070970559,10.73704280426171,11.139650344848633,6626800,0.0,0.0
2007-07-13 00:00:00-04:00,11.065550629333714,11.361949500398,10.919821239356958,11.001331329345703,8098000,0.0,0.0
2007-07-16 00:00:00-04:00,11.09766144829925,11.221160907156598,10.853132105182222,10.90500259399414,2941200,0.0,0.0
2007-07-17 00:00:00-04:00,10.680232590293999,11.021090385584293,10.524623023263034,10.872891426086426,8900000,0.0,0.0
2007-07-18 00:00:00-04:00,10.719753616739014,10.843253078027592,10.596254155450437,10.690113067626953,3813200,0.0,0.0
2007-07-19 00:00:00-04:00,10.865481608321664,10.996390718782145,10.79632127826387,10.845721244812012,3597600,0.0,0.0
2007-07-20 00:00:00-04:00,10.833370942747868,10.833370942747868,10.512272589706754,10.732101440429688,5308800,0.0,0.0
2007-07-23 00:00:00-04:00,10.732101707446487,11.186579692085177,10.672821560656237,11.0285005569458,6768800,0.0,0.0
2007-07-24 00:00:00-04:00,10.872892387795325,11.040851725936138,10.692583292308354,10.714813232421875,4344400,0.0,0.0
2007-07-25 00:00:00-04:00,10.877831536062585,10.9593406812612,10.569082918046908,10.751861572265625,3108800,0.0,0.0
2007-07-26 00:00:00-04:00,10.574022876226735,10.719752259789285,10.191173840913835,10.366543769836426,6850400,0.0,0.0
2007-07-27 00:00:00-04:00,10.371484205894145,10.475223291428751,10.072614821369623,10.099784851074219,5445600,0.0,0.0
2007-07-30 00:00:00-04:00,10.114605816564792,10.144245422713999,9.897246506276403,10.003456115722656,6458000,0.0,0.0
2007-07-31 00:00:00-04:00,10.084963349282566,10.173882142503667,9.53662560884374,9.59837532043457,9219600,0.0,0.0
2007-08-01 00:00:00-04:00,9.59837723748303,9.96393549004524,9.3612585237496,9.914535522460938,9975600,0.0,0.0
2007-08-02 00:00:00-04:00,9.877486098513147,10.336903245830923,9.793506437604865,10.324553489685059,8174800,0.0,0.0
2007-08-03 00:00:00-04:00,10.423354211943328,10.546853667198047,9.86513614654541,9.86513614654541,8183600,0.0,0.0
2007-08-06 00:00:00-04:00,9.879955393034052,10.06273498238461,9.46005710038491,9.991105079650879,10954400,0.0,0.0
2007-08-07 00:00:00-04:00,9.198239570803867,10.307264118652656,9.198239570803867,10.205994606018066,8474800,0.0,0.0
2007-08-08 00:00:00-04:00,10.344314145979745,11.70280808943391,10.240574118522074,11.053200721740723,17545200,0.0,0.0
2007-08-09 00:00:00-04:00,10.880300398497008,11.290318498704089,10.52215183658834,10.811141014099121,8590800,0.0,0.0
2007-08-10 00:00:00-04:00,10.620951473260321,11.36194808767383,10.620951473260321,11.035909652709961,9058000,0.0,0.0
2007-08-13 00:00:00-04:00,11.090251813583546,11.295260425907829,10.635773766016655,10.78397274017334,6461200,0.0,0.0
2007-08-14 00:00:00-04:00,10.732102376067813,11.386648894672357,10.719752619533017,11.090250968933105,7519600,0.0,0.0
2007-08-15 00:00:00-04:00,11.016149095250896,11.361947886064973,10.450522405710217,10.571551322937012,13259600,0.0,0.0
2007-08-16 00:00:00-04:00,10.680233709442176,10.682703284061317,9.583557902227128,10.188705444335938,22675600,0.0,0.0
2007-08-17 00:00:00-04:00,10.457932652902283,10.482632164096957,9.805855758212925,9.884895324707031,10028400,0.0,0.0
2007-08-20 00:00:00-04:00,9.88489633753591,9.94170597288527,9.608257826461527,9.80091667175293,6575600,0.0,0.0
2007-08-21 00:00:00-04:00,9.830555552279453,9.941705240305708,9.5934368459741,9.781155586242676,7608800,0.0,0.0
2007-08-22 00:00:00-04:00,9.926885181191508,10.215874376271191,9.721876589737581,9.803385734558105,7460800,0.0,0.0
2007-08-23 00:00:00-04:00,9.781156576374835,9.907126549631673,9.618137331509457,9.739167213439941,5229200,0.0,0.0
2007-08-24 00:00:00-04:00,9.711996943025827,10.265274909009786,9.652717733021936,10.23316478729248,5679600,0.0,0.0
2007-08-27 00:00:00-04:00,10.107195090388622,10.275154426983885,10.003455998964178,10.013336181640625,5363600,0.0,0.0
2007-08-28 00:00:00-04:00,9.87995624634561,9.926885699314374,9.726817188350548,9.80091667175293,3793200,0.0,0.0
2007-08-29 00:00:00-04:00,9.860195730285808,10.050384998176751,9.818206369151644,10.010865211486816,1978400,0.0,0.0
2007-08-30 00:00:00-04:00,9.837967210921272,10.176355459760643,9.771277390979018,9.81326675415039,4205600,0.0,0.0
2007-08-31 00:00:00-04:00,10.080023924654405,10.14918330468897,9.944173796406673,9.986164093017578,3502800,0.0,0.0
2007-09-04 00:00:00-04:00,9.894775671125387,10.223283698178841,9.894775671125387,10.070144653320312,3104800,0.0,0.0
2007-09-05 00:00:00-04:00,10.025684689949014,10.164004403510193,9.929355276418857,10.117074012756348,2706800,0.0,0.0
2007-09-06 00:00:00-04:00,10.11707473839372,10.625892812627503,10.10225540738831,10.53203296661377,7916000,0.0,0.0
2007-09-07 00:00:00-04:00,10.324553595256074,10.71975239154675,10.275153627941489,10.672821998596191,7086800,0.0,0.0
2007-09-10 00:00:00-04:00,10.680233229571055,10.917351955851045,10.361604411130159,10.897591590881348,5398800,0.0,0.0
2007-09-11 00:00:00-04:00,10.89759236322155,11.485450071568138,10.89759236322155,11.344660758972168,12404800,0.0,0.0
2007-09-12 00:00:00-04:00,11.179169544554139,11.722567300610782,11.152000457643412,11.347128868103027,9156800,0.0,0.0
2007-09-13 00:00:00-04:00,11.5200287075445,11.552138828820173,11.253270381743793,11.47062873840332,2404000,0.0,0.0
2007-09-14 00:00:00-04:00,11.233510199569432,11.544729350653183,11.19152083756467,11.455809593200684,4364800,0.0,0.0
2007-09-17 00:00:00-04:00,11.26314935519238,11.39652898604866,11.203870147406938,11.295259475708008,5188400,0.0,0.0
2007-09-18 00:00:00-04:00,11.361949140966521,11.63364754788184,10.961811195912286,11.347128868103027,12685600,0.0,0.0
2007-09-19 00:00:00-04:00,11.391589164800848,11.485449011947582,11.19399023045986,11.312549591064453,6304800,0.0,0.0
2007-09-20 00:00:00-04:00,11.216219197593292,11.403937933395163,11.174229839908042,11.27549934387207,3334400,0.0,0.0
2007-09-21 00:00:00-04:00,11.36194965259449,11.433579561321185,11.292790260569294,11.423699378967285,4425200,0.0,0.0
2007-09-24 00:00:00-04:00,11.48544916740909,12.278315432186304,11.453339045698415,11.972037315368652,12143200,0.0,0.0
2007-09-25 00:00:00-04:00,11.870768255495424,12.337596056503621,11.794198252248023,12.327715873718262,8191200,0.0,0.0
2007-09-26 00:00:00-04:00,12.345005012625146,12.68092367020287,12.29807556043233,12.466034889221191,10719600,0.0,0.0
2007-09-27 00:00:00-04:00,12.349944191142248,12.782192237832227,12.310424407419632,12.582122802734375,6677600,0.0,0.0
2007-09-28 00:00:00-04:00,12.45862413388056,12.782193030967283,12.384524652581026,12.675983428955078,7479200,0.0,0.0
2007-10-01 00:00:00-04:00,12.693273836470183,13.086002141131203,12.693273836470183,13.063772201538086,4530000,0.0,0.0
2007-10-02 00:00:00-04:00,13.05636010910911,13.20455905070176,12.382053323078532,12.787131309509277,7422400,0.0,0.0
2007-10-03 00:00:00-04:00,12.648813756618138,13.01190245013684,12.554954850692718,12.883462905883789,5765200,0.0,0.0
2007-10-04 00:00:00-04:00,12.858763276414614,12.888402881059735,12.614233946970746,12.73526382446289,4121200,0.0,0.0
2007-10-05 00:00:00-04:00,12.895812808012051,13.365111111829847,12.843943263275387,13.147751808166504,4984400,0.0,0.0
2007-10-08 00:00:00-04:00,13.155161182555922,13.86651828828214,13.05636218651614,13.646689414978027,7436000,0.0,0.0
2007-10-09 00:00:00-04:00,13.661508900087838,14.190086372190063,13.584938905238774,13.910977363586426,7546400,0.0,0.0
2007-10-10 00:00:00-04:00,13.90603934252548,14.014719472968089,13.777599787964476,13.780070304870605,5253600,0.0,0.0
2007-10-11 00:00:00-04:00,13.834408285793684,14.209846735310856,13.22432162977607,13.557769775390625,5573200,0.0,0.0
2007-10-12 00:00:00-04:00,13.745489216694992,14.209846472143688,13.45155992149841,14.093757629394531,4886800,0.0,0.0
2007-10-15 00:00:00-04:00,13.79735940868435,13.940618288035747,13.202092067003417,13.486140251159668,6368400,0.0,0.0
2007-10-16 00:00:00-04:00,13.51084059084964,14.014718594331338,13.51084059084964,13.891219139099121,5408800,0.0,0.0
2007-10-17 00:00:00-04:00,14.019658001937204,14.103637670732937,13.27125159093994,13.397221565246582,6142800,0.0,0.0
2007-10-18 00:00:00-04:00,13.409571073031767,14.115988107599449,13.303361466171532,13.57505989074707,8486800,0.0,0.0
2007-10-19 00:00:00-04:00,13.579999366315707,13.668919120792822,12.853822941795988,12.913102149963379,7014000,0.0,0.0
2007-10-22 00:00:00-04:00,12.675983169617842,13.083531721766297,12.349944704789479,12.895812034606934,6922800,0.0,0.0
2007-10-23 00:00:00-04:00,12.900752356003013,13.476260241795023,12.806892510746707,13.392280578613281,6253200,0.0,0.0
2007-10-24 00:00:00-04:00,13.246550671140849,13.493549559959003,12.79701276886989,13.157630920410156,4385600,0.0,0.0
2007-10-25 00:00:00-04:00,13.18974134715578,13.18974134715578,12.495674114200753,12.616703987121582,4119200,0.0,0.0
2007-10-26 00:00:00-04:00,12.717973371423005,12.829122119110057,12.349944607538907,12.705622673034668,5526000,0.0,0.0
2007-10-29 00:00:00-04:00,12.84394291124833,13.347820897746937,12.646343977982024,13.177391052246094,5684000,0.0,0.0
2007-10-30 00:00:00-04:00,13.090942524754723,13.444151049385626,12.96250297559566,13.276191711425781,3004800,0.0,0.0
2007-10-31 00:00:00-04:00,13.340409903083945,13.955437566154073,13.132930793614914,13.923327445983887,6966000,0.0,0.0
2007-11-01 00:00:00-04:00,13.59234827881376,13.708438055753168,13.160100232010732,13.219380378723145,5481200,0.0,0.0
2007-11-02 00:00:00-04:00,13.360169926874892,13.636808418383252,13.162571004368921,13.436739921569824,3520800,0.0,0.0
2007-11-05 00:00:00-05:00,13.263841660089685,13.320651296342449,12.792073779513533,12.984732627868652,4466800,0.0,0.0
2007-11-06 00:00:00-05:00,12.994613595809847,13.39722210740806,12.70315478891373,12.920514106750488,3630800,0.0,0.0
2007-11-07 00:00:00-05:00,12.873582632141533,12.873582632141533,12.36476549215608,12.535194396972656,7518800,0.0,0.0
2007-11-08 00:00:00-05:00,12.535194326720458,12.577183687960185,11.460749475606264,11.986856460571289,10594000,0.0,0.0
2007-11-09 00:00:00-05:00,11.769498935888551,12.517905363311439,11.260680820579365,12.349946022033691,10060800,0.0,0.0
2007-11-12 00:00:00-05:00,12.811831507125788,13.002020755794035,12.42157377078485,12.569772720336914,8931200,0.0,0.0
2007-11-13 00:00:00-05:00,12.438865525541377,13.021783116418542,12.438865525541377,12.84394359588623,5360000,0.0,0.0
2007-11-14 00:00:00-05:00,13.0168430250453,13.090942511191736,12.559894466394466,12.84394359588623,4525200,0.0,0.0
2007-11-15 00:00:00-05:00,12.955093587501905,13.436741671622254,12.463565320412926,12.545075416564941,11237200,0.0,0.0
2007-11-16 00:00:00-05:00,12.278315626384423,14.177737852942975,11.92263753413083,14.165387153625488,18163600,0.0,0.0
2007-11-19 00:00:00-05:00,14.078935106350643,14.078935106350643,13.253958871201764,13.36016845703125,8741200,0.0,0.0
2007-11-20 00:00:00-05:00,13.463908717938502,14.325935235480458,13.25149046970981,14.177736282348633,13722000,0.0,0.0
2007-11-21 00:00:00-05:00,13.86898883946185,14.160447621622378,13.86898883946185,13.920858383178711,8075600,0.0,0.0
2007-11-23 00:00:00-05:00,13.955436853032426,13.955436853032426,13.308300045086757,13.624458312988281,3143600,0.0,0.0
2007-11-26 00:00:00-05:00,13.295951749565816,13.893688658238407,12.75996362603711,12.868642807006836,8430400,0.0,0.0
2007-11-27 00:00:00-05:00,12.799483239210074,13.160101415995518,12.732793421493414,12.962502479553223,5493600,0.0,0.0
2007-11-28 00:00:00-05:00,12.962501935852112,13.75289859069483,12.947681662905795,13.4441499710083,6338000,0.0,0.0
2007-11-29 00:00:00-05:00,13.224321944498724,13.713379676077873,13.105762580075847,13.64915943145752,6567200,0.0,0.0
2007-11-30 00:00:00-05:00,13.738078163609618,14.259245978549226,13.656569018884419,14.012247085571289,13260000,0.0,0.0
2007-12-03 00:00:00-05:00,14.027067798423378,14.14315664105139,13.362640152442955,13.77759838104248,6007600,0.0,0.0
2007-12-04 00:00:00-05:00,13.624460194731014,13.789949958722692,13.555300799632095,13.666450500488281,4118400,0.0,0.0
2007-12-05 00:00:00-05:00,13.831937616432132,14.054236990729466,13.644218877645695,13.846757888793945,4464800,0.0,0.0
2007-12-06 00:00:00-05:00,13.780068555194314,14.08634665683677,13.644219351616158,13.965317726135254,4120400,0.0,0.0
2007-12-07 00:00:00-05:00,14.101166883438948,14.609984943821686,13.955437498421261,14.286416053771973,7637600,0.0,0.0
2007-12-10 00:00:00-05:00,14.353106288458537,14.353106288458537,13.89368818182341,14.251836776733398,4537200,0.0,0.0
2007-12-11 00:00:00-05:00,14.093757803716105,14.777944880973658,14.078937530272338,14.157977104187012,7197200,0.0,0.0
2007-12-12 00:00:00-05:00,14.370396044368217,14.681614243073874,14.160447356740896,14.377805709838867,5797200,0.0,0.0
2007-12-13 00:00:00-05:00,14.350634407640674,14.773003204309811,14.296295295297572,14.644563674926758,4985600,0.0,0.0
2007-12-14 00:00:00-05:00,14.642095237597912,14.894034241520176,14.380276993263342,14.708785057067871,5088000,0.0,0.0
2007-12-17 00:00:00-05:00,14.572934472619886,14.74830345793582,14.417324908495752,14.506244659423828,7094000,0.0,0.0
2007-12-18 00:00:00-05:00,14.684084370760603,14.684084370760603,14.251836308202959,14.449435234069824,7680400,0.0,0.0
2007-12-19 00:00:00-05:00,14.261717400570333,15.022473549283578,14.261717400570333,14.807584762573242,9344800,0.0,0.0
2007-12-20 00:00:00-05:00,15.01012310345413,16.05492832606805,15.01012310345413,16.052457809448242,12336400,0.0,0.0
2007-12-21 00:00:00-05:00,16.05492819991766,16.183366796358115,15.476950747031585,15.746179580688477,7774400,0.0,0.0
2007-12-24 00:00:00-05:00,15.565871235087178,15.993179231209114,15.53623163006499,15.802989959716797,1468800,0.0,0.0
2007-12-26 00:00:00-05:00,15.760999494407455,15.867208150153788,15.388030643232282,15.775818824768066,2811600,0.0,0.0
2007-12-27 00:00:00-05:00,15.756060332514505,16.067279479600487,15.523880759431874,15.81781005859375,3504000,0.0,0.0
2007-12-28 00:00:00-05:00,15.919079467049812,15.998119045211922,15.716541372457234,15.906730651855469,2335600,0.0,0.0
2007-12-31 00:00:00-05:00,15.906730509476267,15.906730509476267,15.425082436581635,15.48436164855957,3516800,0.0,0.0
2008-01-02 00:00:00-05:00,15.573280465508335,15.696779915579338,14.78782388767867,14.889093399047852,4980000,0.0,0.0
2008-01-03 00:00:00-05:00,14.81993477730907,15.271943240285514,14.81993477730907,15.061993598937988,3689200,0.0,0.0
2008-01-04 00:00:00-05:00,14.822403032945079,14.970602932866823,14.345696040207553,14.538354873657227,6438000,0.0,0.0
2008-01-07 00:00:00-05:00,14.306175707893852,14.33087616300875,13.550359683672358,14.266655921936035,13106800,0.0,0.0
2008-01-08 00:00:00-05:00,14.266655462142941,14.644564404300263,13.463909070187475,13.510839462280273,6574000,0.0,0.0
2008-01-09 00:00:00-05:00,13.441680711721743,13.646690266638414,12.898283844025618,13.419451713562012,9061600,0.0,0.0
2008-01-10 00:00:00-05:00,13.333001134911246,13.91838829157162,13.113172254346544,13.72819995880127,8768000,0.0,0.0
2008-01-11 00:00:00-05:00,13.72326081417638,14.101168873475961,13.330532479957272,13.454031944274902,6540000,0.0,0.0
2008-01-14 00:00:00-05:00,13.65163022210509,13.78747943767599,13.288541513495115,13.745490074157715,4768400,0.0,0.0
2008-01-15 00:00:00-05:00,13.431800866406144,13.626929287424316,13.360170957028988,13.389810562133789,5776800,0.0,0.0
2008-01-16 00:00:00-05:00,13.271250784983527,13.609639014187028,12.920512799224253,13.424389839172363,5812800,0.0,0.0
2008-01-17 00:00:00-05:00,13.579998523064582,13.738077657996392,13.135400720512376,13.219380378723145,9381600,0.0,0.0
2008-01-18 00:00:00-05:00,13.454030719197403,13.454030719197403,12.594474638882042,12.804423332214355,11254000,0.0,0.0
2008-01-22 00:00:00-05:00,12.03625624616033,13.090941658917608,11.895466948980241,12.913102149963379,8191600,0.0,0.0
2008-01-23 00:00:00-05:00,12.414164874269952,13.691149736359453,12.251145630410235,13.64915943145752,9315200,0.0,0.0
2008-01-24 00:00:00-05:00,13.666450018626298,14.014718440878779,13.333000927814735,13.94308853149414,6432400,0.0,0.0
2008-01-25 00:00:00-05:00,13.87392664644379,14.224665546231646,12.930390999602162,13.076120376586914,7706400,0.0,0.0
2008-01-28 00:00:00-05:00,12.671042499612469,13.263840195242393,12.671042499612469,13.224320411682129,4459200,0.0,0.0
2008-01-29 00:00:00-05:00,13.189741869008225,13.360170773806123,12.69327354362462,12.85135269165039,4907600,0.0,0.0
2008-01-30 00:00:00-05:00,12.710564094539063,12.955093437946113,12.424045387339241,12.438865661621094,5839600,0.0,0.0
2008-01-31 00:00:00-05:00,12.275846079745817,13.16257220897951,12.051077108157525,12.8217134475708,12019600,0.0,0.0
2008-02-01 00:00:00-05:00,12.967441970800012,13.3107702836517,12.619173566987566,12.77478313446045,8316000,0.0,0.0
2008-02-04 00:00:00-05:00,12.772311038459655,13.014369812248127,12.426513194001506,12.787131309509277,5088000,0.0,0.0
2008-02-05 00:00:00-05:00,12.6414032208772,13.2885400465656,12.419103843772868,13.036601066589355,8284800,0.0,0.0
2008-02-06 00:00:00-05:00,13.145282487123495,13.145282487123495,11.744798156647045,11.826308250427246,10376400,0.0,0.0
2008-02-07 00:00:00-05:00,11.623768089942855,12.829121993427488,11.623768089942855,12.55742359161377,10952800,0.0,0.0
2008-02-08 00:00:00-05:00,12.596942805411066,12.794541719795854,12.42651391842155,12.56483268737793,4149600,0.0,0.0
2008-02-11 00:00:00-05:00,13.105762065688829,13.817118224306133,13.105762065688829,13.535539627075195,15560400,0.0,0.0
2008-02-12 00:00:00-05:00,13.644220324412501,13.678800021364088,13.305831136298082,13.449090957641602,5378800,0.0,0.0
2008-02-13 00:00:00-05:00,13.668919238745616,13.952968352195752,13.58493957459544,13.814648628234863,5797600,0.0,0.0
2008-02-14 00:00:00-05:00,13.846757742716624,13.955436912212152,13.584938587109173,13.619518280029297,4885200,0.0,0.0
2008-02-15 00:00:00-05:00,13.570118347905124,13.626927978158621,13.11564036365118,13.298419952392578,4433200,0.0,0.0
2008-02-19 00:00:00-05:00,13.52318976610207,13.52318976610207,12.666103282153681,12.713033676147461,6544000,0.0,0.0
2008-02-20 00:00:00-05:00,12.629053850051488,13.189741458536917,12.596943729662398,13.123051643371582,3386000,0.0,0.0
2008-02-21 00:00:00-05:00,13.209500197233416,13.382399604399819,12.969910978350285,13.219380378723145,4098400,0.0,0.0
2008-02-22 00:00:00-05:00,13.333000287352188,13.333000287352188,12.737732985933958,12.927922248840332,5120000,0.0,0.0
2008-02-25 00:00:00-05:00,12.91804303170334,13.547890074833244,12.91804303170334,13.439210891723633,5298400,0.0,0.0
2008-02-26 00:00:00-05:00,13.239140139107436,13.421919732452514,13.031661033630371,13.031661033630371,5182400,0.0,0.0
2008-02-27 00:00:00-05:00,12.964972578235619,13.335470925453837,12.443804752392497,12.997081756591797,12299200,0.0,0.0
2008-02-28 00:00:00-05:00,14.380276897688773,15.67702118023646,14.212317562856892,15.229952812194824,35617200,0.0,0.0
2008-02-29 00:00:00-05:00,14.990363641325262,15.26206301006475,14.622335789815747,14.750775337219238,10393200,0.0,0.0
2008-03-03 00:00:00-05:00,14.81746561642059,14.992834623380293,14.367926715444371,14.51612663269043,8893600,0.0,0.0
2008-03-04 00:00:00-05:00,14.496365586022513,14.570466012278521,14.108577375447258,14.296297073364258,8353600,0.0,0.0
2008-03-05 00:00:00-05:00,14.382746274461004,14.708784757069132,14.244426547023048,14.57540512084961,11409600,0.0,0.0
2008-03-06 00:00:00-05:00,14.521065498152742,14.572935040807812,14.187616419171524,14.261716842651367,6342800,0.0,0.0
2008-03-07 00:00:00-05:00,14.01224872671888,14.402507475600526,13.743019864151169,13.994958877563477,7043200,0.0,0.0
2008-03-10 00:00:00-04:00,14.118457199610425,14.274066771682467,13.676328938928135,13.851698875427246,4948800,0.0,0.0
2008-03-11 00:00:00-04:00,14.098697871203248,14.491425223430547,13.814648755143683,14.43708610534668,7974800,0.0,0.0
2008-03-12 00:00:00-04:00,14.471665555446553,14.874274025345018,14.237016412540353,14.377805709838867,9142400,0.0,0.0
2008-03-13 00:00:00-04:00,14.128337995138684,14.721134820293674,13.88627917375547,14.550705909729004,7772400,0.0,0.0
2008-03-14 00:00:00-04:00,14.721133165212727,14.819933096076962,14.135746071740959,14.288885116577148,7786400,0.0,0.0
2008-03-17 00:00:00-04:00,13.831938768575004,14.120927037007082,13.3824008339744,13.710908889770508,10104800,0.0,0.0
2008-03-18 00:00:00-04:00,14.017186395569977,14.548234362777105,14.017186395569977,14.476604461669922,7215200,0.0,0.0
2008-03-19 00:00:00-04:00,14.419795022869986,14.572934066182874,13.982606887817383,13.982606887817383,5293200,0.0,0.0
2008-03-20 00:00:00-04:00,13.982608262880797,14.071528020073371,13.545420084834682,13.789949417114258,9169600,0.0,0.0
2008-03-24 00:00:00-04:00,13.807237999080309,14.819933047073262,13.807237999080309,14.731013298034668,6342800,0.0,0.0
2008-03-25 00:00:00-04:00,14.642094387835769,15.210192607633804,14.642094387835769,15.057052612304688,4518000,0.0,0.0
2008-03-26 00:00:00-04:00,14.96566364366869,15.289232547382912,14.518595287850328,14.63221549987793,4721200,0.0,0.0
2008-03-27 00:00:00-04:00,14.755714598914267,14.755714598914267,13.906037785743784,13.987547874450684,6310800,0.0,0.0
2008-03-28 00:00:00-04:00,14.029536573763144,14.46178462541569,13.98013660798623,14.041886329650879,4163600,0.0,0.0
2008-03-31 00:00:00-04:00,13.849228270908105,14.380276283691424,13.718319155200323,14.29382610321045,5601200,0.0,0.0
2008-04-01 00:00:00-04:00,14.449436638951436,15.229953178682674,14.444496547546201,15.1212739944458,7598400,0.0,0.0
2008-04-02 00:00:00-04:00,15.190432077844807,16.324156103995765,15.116332597617596,15.388031005859375,11778800,0.0,0.0
2008-04-03 00:00:00-04:00,15.291702003866497,15.867208956274077,14.889093529289928,15.511530876159668,7202400,0.0,0.0
2008-04-04 00:00:00-04:00,15.610329675878074,16.27228581894031,15.234891258682826,16.08456802368164,9610400,0.0,0.0
2008-04-07 00:00:00-04:00,16.299457509160746,16.42048833161313,15.941309844190716,16.067279815673828,7331600,0.0,0.0
2008-04-08 00:00:00-04:00,16.06727866196893,16.185837074714712,15.719009320067713,15.765939712524414,7585600,0.0,0.0
2008-04-09 00:00:00-04:00,15.316401107253245,15.709129389091842,15.000242822280391,15.625149726867676,8508400,0.0,0.0
2008-04-10 00:00:00-04:00,15.607859986376056,16.31674655803951,15.434961511989371,16.21053695678711,6357600,0.0,0.0
2008-04-11 00:00:00-04:00,16.054928487071336,16.054928487071336,15.089162826538086,15.089162826538086,6828000,0.0,0.0
2008-04-14 00:00:00-04:00,15.308992268899726,15.415201875162705,14.498836148778453,14.844634056091309,11274000,0.0,0.0
2008-04-15 00:00:00-04:00,14.76065232095389,15.126211484259116,14.449434153760006,14.659382820129395,7210400,0.0,0.0
2008-04-16 00:00:00-04:00,14.696435000581776,15.434962148803923,14.696435000581776,15.207722663879395,9308400,0.0,0.0
2008-04-17 00:00:00-04:00,14.973073079802367,15.420141428768872,14.871803568318091,15.36333179473877,6904000,0.0,0.0
2008-04-18 00:00:00-04:00,16.030229692426296,16.190779361382955,15.74618056803408,15.783230781555176,10350400,0.0,0.0
2008-04-21 00:00:00-04:00,15.714071115596008,15.714071115596008,15.35839300798251,15.491772651672363,6328400,0.0,0.0
2008-04-22 00:00:00-04:00,15.457190356840702,15.526349741702322,14.943432234365943,15.150911331176758,4835200,0.0,0.0
2008-04-23 00:00:00-04:00,15.259590674529678,16.734174306035037,15.141031323878758,16.689714431762695,11672400,0.0,0.0
2008-04-24 00:00:00-04:00,16.79592620717181,17.20347479350097,16.21794965105029,16.86508560180664,9044800,0.0,0.0
2008-04-25 00:00:00-04:00,16.65760372254958,17.045391857397703,16.366144992351828,16.818151473999023,3371200,0.0,0.0
2008-04-28 00:00:00-04:00,16.87990645135966,17.131846422412625,16.640319065390933,16.662548065185547,4645200,0.0,0.0
2008-04-29 00:00:00-04:00,16.62796366932722,16.90707171094116,16.427895189862028,16.53657341003418,3876800,0.0,0.0
2008-04-30 00:00:00-04:00,16.53410640327354,17.10467323972567,16.42542628796761,16.482236862182617,5560800,0.0,0.0
2008-05-01 00:00:00-04:00,16.61808726815306,16.788517128357757,16.116679755063444,16.62055778503418,5660400,0.0,0.0
2008-05-02 00:00:00-04:00,16.795922434568027,16.795922434568027,16.46988401562801,16.623023986816406,4578400,0.0,0.0
2008-05-05 00:00:00-04:00,16.398256066067333,17.267693209373974,16.398256066067333,17.134313583374023,5538000,0.0,0.0
2008-05-06 00:00:00-04:00,17.092323751113074,17.571502237656457,16.887316088801576,17.331912994384766,5860400,0.0,0.0
2008-05-07 00:00:00-04:00,17.35661301823259,17.391194600208586,16.432837598970927,16.501996994018555,6488800,0.0,0.0
2008-05-08 00:00:00-04:00,16.660073887430496,16.707004278176832,16.31921610764384,16.689714431762695,4138400,0.0,0.0
2008-05-09 00:00:00-04:00,16.650195772379114,16.84532323356289,16.403196886934193,16.474824905395508,3507200,0.0,0.0
2008-05-12 00:00:00-04:00,16.484708064357797,16.832977460275266,16.109270519830154,16.702068328857422,5706400,0.0,0.0
2008-05-13 00:00:00-04:00,16.729238782293997,17.01822708545387,16.529168362492875,16.78357696533203,6456000,0.0,0.0
2008-05-14 00:00:00-04:00,16.748994411155145,17.265223079901276,16.748994411155145,17.1417236328125,11976400,0.0,0.0
2008-05-15 00:00:00-04:00,17.067624695248234,17.218294184557294,16.623027777730687,17.097265243530273,8154000,0.0,0.0
2008-05-16 00:00:00-04:00,17.097266797052566,17.097266797052566,16.786047607395208,16.968826293945312,8183200,0.0,0.0
2008-05-19 00:00:00-04:00,16.93424723397047,17.04292737387211,16.319220382473066,16.371089935302734,8870400,0.0,0.0
2008-05-20 00:00:00-04:00,16.237707309728012,16.237707309728012,15.41273188057424,15.511530876159668,12602400,0.0,0.0
2008-05-21 00:00:00-04:00,15.627620121397843,15.765939841106006,15.173142119186462,15.476950645446777,13133600,0.0,0.0
2008-05-22 00:00:00-04:00,15.67949161115078,17.035516120972183,15.573281998258297,16.378498077392578,23101600,0.0,0.0
2008-05-23 00:00:00-04:00,16.425428726572935,16.719358054178443,16.22288968081133,16.55386734008789,7162800,0.0,0.0
2008-05-27 00:00:00-04:00,16.378495212378247,16.91448421686489,16.18089723805283,16.85767364501953,9291600,0.0,0.0
2008-05-28 00:00:00-04:00,16.919424780290726,17.512222521746068,16.69465487502286,17.334383010864258,18012800,0.0,0.0
2008-05-29 00:00:00-04:00,17.292391180640934,17.862957959539184,16.993522778148908,17.66288948059082,10406000,0.0,0.0
2008-05-30 00:00:00-04:00,17.67030435210592,18.450820020751923,17.67030435210592,17.860492706298828,18095200,0.0,0.0
2008-06-02 00:00:00-04:00,17.78391808412625,17.865428160946916,17.418358938793762,17.608549118041992,5719200,0.0,0.0
2008-06-03 00:00:00-04:00,17.672769570769102,17.902478590938216,17.457879879497415,17.830848693847656,6004800,0.0,0.0
2008-06-04 00:00:00-04:00,17.843200252980836,18.02844943052057,17.764160679275296,17.919771194458008,7169200,0.0,0.0
2008-06-05 00:00:00-04:00,17.937062173471038,18.277920003236712,17.566563795027047,18.258159637451172,6589200,0.0,0.0
2008-06-06 00:00:00-04:00,18.087731759888214,18.112431275023894,17.52210400635575,17.54186248779297,4429200,0.0,0.0
2008-06-09 00:00:00-04:00,17.581385309138597,17.746874153113612,16.9861169360237,17.2158260345459,4448400,0.0,0.0
2008-06-10 00:00:00-04:00,17.260282929969513,17.670302019822753,17.233112899463475,17.620901107788086,5864400,0.0,0.0
2008-06-11 00:00:00-04:00,17.702412142329806,17.702412142329806,16.921896535124393,17.1516056060791,6658000,0.0,0.0
2008-06-12 00:00:00-04:00,17.272631768009425,17.391192059665947,17.20347238306475,17.3417911529541,4801600,0.0,0.0
2008-06-13 00:00:00-04:00,17.756750301593875,18.17417903460143,17.66042088389244,17.979049682617188,6442800,0.0,0.0
2008-06-16 00:00:00-04:00,17.97411093937595,18.14948183440768,17.796273296352595,17.986461639404297,4144400,0.0,0.0
2008-06-17 00:00:00-04:00,17.993870275810867,18.129720430538676,17.680182488237744,17.79627227783203,2916800,0.0,0.0
2008-06-18 00:00:00-04:00,17.771571052163342,17.98893130184345,17.425774081221636,17.54433250427246,3737200,0.0,0.0
2008-06-19 00:00:00-04:00,17.519631260555457,18.544677026117586,17.49987089718006,18.16676902770996,7182400,0.0,0.0
2008-06-20 00:00:00-04:00,18.154416300165227,18.47057454102317,17.820968214399482,18.05561637878418,5079600,0.0,0.0
2008-06-23 00:00:00-04:00,18.107489118613646,18.576787414902686,17.942000304567898,18.38412857055664,5286800,0.0,0.0
2008-06-24 00:00:00-04:00,18.361895340758803,18.361895340758803,17.438120082053345,17.50234031677246,8974800,0.0,0.0
2008-06-25 00:00:00-04:00,17.620898564953304,17.72710815493582,17.314620492345153,17.475170135498047,5682800,0.0,0.0
2008-06-26 00:00:00-04:00,17.2504043966933,17.265225613946654,16.440248206395303,16.581037521362305,10817600,0.0,0.0
2008-06-27 00:00:00-04:00,16.51434940412179,17.02069798873432,16.42790015135809,16.949068069458008,7128400,0.0,0.0
2008-06-30 00:00:00-04:00,17.24793142442187,17.257811605287383,16.81568340492784,16.852733612060547,5105200,0.0,0.0
2008-07-01 00:00:00-04:00,16.64278459397221,17.502341563645547,16.35132582727026,17.319562911987305,7631600,0.0,0.0
2008-07-02 00:00:00-04:00,17.50728040300228,17.875310100824805,17.240523037670002,17.265222549438477,6079200,0.0,0.0
2008-07-03 00:00:00-04:00,17.413421354193265,17.413421354193265,16.269817197561707,16.679834365844727,4197600,0.0,0.0
2008-07-07 00:00:00-04:00,16.6995973331528,17.0083459868726,16.210538636501653,16.583507537841797,4341200,0.0,0.0
2008-07-08 00:00:00-04:00,16.306869014191754,16.637848570145902,15.597983270068324,16.50446891784668,8998800,0.0,0.0
2008-07-09 00:00:00-04:00,16.48964475946405,16.837912179292417,16.052455713003923,16.10926628112793,4672400,0.0,0.0
2008-07-10 00:00:00-04:00,16.18830679330293,16.56127562910364,15.869678012520435,16.030227661132812,6382400,0.0,0.0
2008-07-11 00:00:00-04:00,15.73629839980311,16.02775715323182,15.229950884855246,15.630088806152344,6191200,0.0,0.0
2008-07-14 00:00:00-04:00,15.758528647871508,16.047517832789676,15.36333080943107,15.405320167541504,4951200,0.0,0.0
2008-07-15 00:00:00-04:00,15.14350272493677,15.800519753730459,14.837223677861614,15.657259941101074,8459600,0.0,0.0
2008-07-16 00:00:00-04:00,15.533761615592137,16.605737886745167,15.533761615592137,16.548927307128906,10014800,0.0,0.0
2008-07-17 00:00:00-04:00,16.605736778586166,17.284983749595014,16.53904602068488,17.196063995361328,6846400,0.0,0.0
2008-07-18 00:00:00-04:00,17.260280932976396,17.522101025337598,16.795923720288744,17.472700119018555,5493600,0.0,0.0
2008-07-21 00:00:00-04:00,17.398603724390668,17.531983361165718,16.9885846315875,17.136783599853516,4720800,0.0,0.0
2008-07-22 00:00:00-04:00,16.585977656093636,16.605738021725323,15.928959632231486,16.222888946533203,11070000,0.0,0.0
2008-07-23 00:00:00-04:00,16.129030910207728,16.810746601361313,15.899321829539023,15.953660011291504,7498400,0.0,0.0
2008-07-24 00:00:00-04:00,16.07715713385975,16.07715713385975,15.585629861592203,15.672080039978027,4163600,0.0,0.0
2008-07-25 00:00:00-04:00,15.674549674893063,16.010468323370578,15.499180685305127,15.746179580688477,4079200,0.0,0.0
2008-07-28 00:00:00-04:00,15.74617999787132,16.16607737736706,15.447311552673423,15.474481582641602,3890400,0.0,0.0
2008-07-29 00:00:00-04:00,15.588101002531593,15.916609997548651,15.585630485841786,15.738770484924316,6876800,0.0,0.0
2008-07-30 00:00:00-04:00,15.840035964546301,16.05245513156528,15.568337599705103,16.037635803222656,4267600,0.0,0.0
2008-07-31 00:00:00-04:00,15.869679872063225,15.95612911315291,15.63256114602346,15.756060600280762,4683600,0.0,0.0
2008-08-01 00:00:00-04:00,15.84003973964626,15.904259985189215,15.509062098102127,15.879560470581055,4344000,0.0,0.0
2008-08-04 00:00:00-04:00,15.872150451047712,16.09691847876247,15.610331267793962,16.067279815673828,5245200,0.0,0.0
2008-08-05 00:00:00-04:00,16.094448116810263,16.949064025643278,16.077156385930717,16.847793579101562,6574000,0.0,0.0
2008-08-06 00:00:00-04:00,16.758875161206706,16.993525249301566,16.524226957563922,16.93424415588379,4924000,0.0,0.0
2008-08-07 00:00:00-04:00,16.92189722585197,17.126904905615547,16.613148563280717,16.702068328857422,3806000,0.0,0.0
2008-08-08 00:00:00-04:00,16.709475468160285,17.32944321648811,16.553864959708935,17.18865203857422,8310400,0.0,0.0
2008-08-11 00:00:00-04:00,17.255342226677243,17.714760302729893,17.114552937851556,17.39613151550293,6158000,0.0,0.0
2008-08-12 00:00:00-04:00,17.314623179971942,17.536922575424082,17.171363360185882,17.36896324157715,5032400,0.0,0.0
2008-08-13 00:00:00-04:00,17.25287553931263,17.31709579119999,16.93671719840926,17.07997703552246,7038400,0.0,0.0
2008-08-14 00:00:00-04:00,16.813212511420193,16.87496222710551,16.435304552938334,16.60326385498047,8932000,0.0,0.0
2008-08-15 00:00:00-04:00,16.739116280958342,16.91448717563729,16.20559958405702,16.378498077392578,5223200,0.0,0.0
2008-08-18 00:00:00-04:00,16.380964442271633,16.452594338341285,15.785697222910972,15.9660062789917,5611600,0.0,0.0
2008-08-19 00:00:00-04:00,15.901788322476373,16.314277912961693,15.869679144244836,16.17348861694336,5137600,0.0,0.0
2008-08-20 00:00:00-04:00,16.546453207555345,16.546453207555345,15.993176285330929,16.129026412963867,12539600,0.0,0.0
2008-08-21 00:00:00-04:00,14.442027488591132,14.442027488591132,13.02425324035622,13.152692794799805,56010400,0.0,0.0
2008-08-22 00:00:00-04:00,13.421919298604239,14.017186567113317,13.288539676060472,13.824527740478516,23180800,0.0,0.0
2008-08-25 00:00:00-04:00,13.602229536775233,14.18761667409237,13.602229536775233,13.962847709655762,11970400,0.0,0.0
2008-08-26 00:00:00-04:00,14.313587047501393,14.377806349632097,13.681269497615213,13.970258712768555,16361200,0.0,0.0
2008-08-27 00:00:00-04:00,13.955436626273878,14.288884735144025,13.886277241850664,14.081405639648438,9659600,0.0,0.0
2008-08-28 00:00:00-04:00,14.086347023099032,14.274066715513358,13.99495769354855,14.251836776733398,4914800,0.0,0.0
2008-08-29 00:00:00-04:00,13.994957925055626,14.073997499308293,13.738078837621437,13.836878776550293,5167600,0.0,0.0
2008-09-02 00:00:00-04:00,13.955438354009706,14.195027597174956,13.56024047662729,13.621990203857422,6189600,0.0,0.0
2008-09-03 00:00:00-04:00,13.557769138923598,13.809708123833921,13.155160677939122,13.333000183105469,7792800,0.0,0.0
2008-09-04 00:00:00-04:00,13.194682594877563,13.41451243748868,12.94521408625195,13.31324291229248,9488400,0.0,0.0
2008-09-05 00:00:00-04:00,13.029192618459309,13.503430077611492,12.913102828213773,13.449090957641602,7794000,0.0,0.0
2008-09-08 00:00:00-04:00,13.777597799150904,13.844287612597713,12.937802137483004,13.54788875579834,13206800,0.0,0.0
2008-09-09 00:00:00-04:00,13.535540051047493,13.789949568525405,12.77478389980728,12.868642807006836,11921200,0.0,0.0
2008-09-10 00:00:00-04:00,13.572589351127654,14.108576496366378,13.510839627912539,13.854167938232422,22670000,0.0,0.0
2008-09-11 00:00:00-04:00,13.547890301054927,14.35063678607448,13.4095715097378,14.325937271118164,15580400,0.0,0.0
2008-09-12 00:00:00-04:00,14.212316567970326,14.298765803864814,13.99495727771646,14.128336906433105,87332400,0.0,0.0
2008-09-15 00:00:00-04:00,13.404630510663699,14.128337368148985,13.404630510663699,13.535539627075195,13044000,0.0,0.0
2008-09-16 00:00:00-04:00,13.291011711292466,13.891219139099121,13.127992468074984,13.891219139099121,11338800,0.0,0.0
2008-09-17 00:00:00-04:00,13.503429134085831,13.708438669154281,13.076121158907243,13.169981002807617,12199600,0.0,0.0
2008-09-18 00:00:00-04:00,13.216910739564728,13.859108445636187,12.762432725354937,13.66150951385498,14480400,0.0,0.0
2008-09-19 00:00:00-04:00,14.140686493921468,14.879213591764227,13.587408564121347,13.785008430480957,13615600,0.0,0.0
2008-09-22 00:00:00-04:00,13.770188855016078,13.770188855016078,12.794542998816368,12.935332298278809,9393600,0.0,0.0
2008-09-23 00:00:00-04:00,12.76490286486909,13.241610803709198,12.609293298464939,12.900752067565918,9320000,0.0,0.0
2008-09-24 00:00:00-04:00,13.04895282301787,13.04895282301787,12.498144426439456,12.594474792480469,8067200,0.0,0.0
2008-09-25 00:00:00-04:00,12.661162929523103,13.251491079408968,12.495674122319315,12.853822708129883,8104000,0.0,0.0
2008-09-26 00:00:00-04:00,12.456154174531887,12.685863219019883,12.315364881745824,12.510494232177734,9162400,0.0,0.0
2008-09-29 00:00:00-04:00,12.120235328354719,12.226444925306163,10.909940403302706,11.055669784545898,14679200,0.0,0.0
2008-09-30 00:00:00-04:00,11.379240215468924,11.954748153686523,10.892652039570446,11.954748153686523,12756400,0.0,0.0
2008-10-01 00:00:00-04:00,11.796667802022007,11.979447414262397,11.359480550289328,11.46321964263916,7302400,0.0,0.0
2008-10-02 00:00:00-04:00,11.357009989881357,11.357009989881357,10.897591857579204,10.914881706237793,7515200,0.0,0.0
2008-10-03 00:00:00-04:00,10.114605951592987,11.344660458806096,10.067675553818633,10.267745018005371,17098000,0.0,0.0
2008-10-06 00:00:00-04:00,9.795978222503134,10.080027389086531,9.346440213323747,9.978757858276367,17098800,0.0,0.0
2008-10-07 00:00:00-04:00,9.581086439728617,9.791035103352693,8.736349810289498,8.8771390914917,15734800,0.0,0.0
2008-10-08 00:00:00-04:00,8.365853516635731,9.326679206032654,8.326333725423877,9.015460968017578,12952000,0.0,0.0
2008-10-09 00:00:00-04:00,9.220471030588786,9.32174055992656,8.390554428100586,8.390554428100586,9391600,0.0,0.0
2008-10-10 00:00:00-04:00,7.634735475863973,8.42019200329959,7.414906619597734,8.04228401184082,21575200,0.0,0.0
2008-10-13 00:00:00-04:00,8.642492664111446,9.319269180297852,8.346093770337893,9.319269180297852,13758000,0.0,0.0
2008-10-14 00:00:00-04:00,9.921946479344244,10.188705773687516,8.61038277550156,8.86726188659668,15102000,0.0,0.0
2008-10-15 00:00:00-04:00,8.924070046288683,8.924070046288683,7.629795464531872,7.637205600738525,11249600,0.0,0.0
2008-10-16 00:00:00-04:00,7.8175152608430345,8.084274059801702,7.0098287272051465,8.024994850158691,23329600,0.0,0.0
2008-10-17 00:00:00-04:00,7.861974473250702,8.328802685221103,7.523585794262262,7.802694797515869,16047200,0.0,0.0
2008-10-20 00:00:00-04:00,7.9558341172187275,7.9558341172187275,7.429726682430155,7.859504699707031,8548000,0.0,0.0
2008-10-21 00:00:00-04:00,7.684136398158691,7.874325204706155,7.360567480233504,7.407497406005859,13588000,0.0,0.0
2008-10-22 00:00:00-04:00,7.3185773516491075,7.3185773516491075,6.664030347282852,6.799880027770996,15887600,0.0,0.0
2008-10-23 00:00:00-04:00,6.923378492635297,7.076517528144237,6.345401099402163,6.720839023590088,14671600,0.0,0.0
2008-10-24 00:00:00-04:00,6.172502720310081,6.802350225104804,6.0267733253446165,6.589931011199951,12704800,0.0,0.0
2008-10-27 00:00:00-04:00,6.491130833233669,6.634390166935083,6.224372057682312,6.251541614532471,7949600,0.0,0.0
2008-10-28 00:00:00-04:00,6.498540840667935,7.056758403778076,6.086052664308861,7.056758403778076,11873200,0.0,0.0
2008-10-29 00:00:00-04:00,6.967838970382113,7.629796119374656,6.819640002433479,7.4247870445251465,12514400,0.0,0.0
2008-10-30 00:00:00-04:00,7.713775361004625,7.861974791904877,7.340806973832309,7.5384063720703125,11435600,0.0,0.0
2008-10-31 00:00:00-04:00,7.538405550464795,7.89161400642867,7.192607230127859,7.647084712982178,9841200,0.0,0.0
2008-11-03 00:00:00-05:00,7.318576833476666,7.829864926625901,7.318576833476666,7.5556960105896,4764000,0.0,0.0
2008-11-04 00:00:00-05:00,7.763174716915408,7.941014208434289,7.632265143559895,7.787874698638916,7015600,0.0,0.0
2008-11-05 00:00:00-05:00,7.792815171497732,7.792815171497732,7.254357960745326,7.360567092895508,9453600,0.0,0.0
2008-11-06 00:00:00-05:00,7.165437745271086,7.459366551763821,6.933258660329002,7.002418518066406,6859200,0.0,0.0
2008-11-07 00:00:00-05:00,7.071577756755832,7.130857902783766,6.864099130109976,7.054287910461426,5676400,0.0,0.0
2008-11-10 00:00:00-05:00,7.283997684450375,7.323517471737849,6.851749598769741,6.995008945465088,7584400,0.0,0.0
2008-11-11 00:00:00-05:00,6.824578924699239,6.839399196869074,6.352811096224727,6.6121602058410645,11071600,0.0,0.0
2008-11-12 00:00:00-05:00,6.523241040752375,6.523241040752375,5.992193489437342,6.009483337402344,9790400,0.0,0.0
2008-11-13 00:00:00-05:00,6.026772735184289,6.762829303741455,5.873633689407879,6.762829303741455,13722800,0.0,0.0
2008-11-14 00:00:00-05:00,6.513360884645579,6.8962089726471625,6.461490873180486,6.52077054977417,10644400,0.0,0.0
2008-11-17 00:00:00-05:00,6.429381242053838,6.572640578646231,6.244132075540589,6.320701599121094,8112000,0.0,0.0
2008-11-18 00:00:00-05:00,6.249072261072956,6.491131551946049,5.663685105712143,5.878573894500732,16338000,0.0,0.0
2008-11-19 00:00:00-05:00,5.839053859001539,5.9674934003712865,5.414215919601242,5.424095630645752,17593200,0.0,0.0
2008-11-20 00:00:00-05:00,5.359876593005308,6.18238295329374,5.347526364704858,5.6389851570129395,19470400,0.0,0.0
2008-11-21 00:00:00-05:00,6.3058814240720835,6.417030634726363,5.14251648232247,5.513014793395996,34756800,0.0,0.0
2008-11-24 00:00:00-05:00,5.7476641636988655,6.743069368161886,5.611814494359503,6.567700386047363,21225200,0.0,0.0
2008-11-25 00:00:00-05:00,6.772709362113594,6.814699190890854,6.118162419149354,6.414560794830322,12973600,0.0,0.0
2008-11-26 00:00:00-05:00,6.35281145578521,7.21730759454301,6.31329166998818,7.13579797744751,12836000,0.0,0.0
2008-11-28 00:00:00-05:00,7.2197779767226065,7.222248022339231,6.8097598266233845,7.069108963012695,3034000,0.0,0.0
2008-12-01 00:00:00-05:00,6.738131085477647,6.7825904978386236,6.454081934640759,6.65662145614624,15209200,0.0,0.0
2008-12-02 00:00:00-05:00,6.471371662671534,7.192608502307691,6.305882373302905,7.180258274078369,21122400,0.0,0.0
2008-12-03 00:00:00-05:00,6.87150977953718,7.916315082943506,6.82211027892021,7.837275505065918,21466800,0.0,0.0
2008-12-04 00:00:00-05:00,7.689076161632064,7.965715158937625,6.923379887585865,7.081459045410156,12506400,0.0,0.0
2008-12-05 00:00:00-05:00,7.034529278036907,7.758236204395856,6.962899834693363,7.696486473083496,11990800,0.0,0.0
2008-12-08 00:00:00-05:00,8.010174712743702,8.61285171289391,8.007704196001402,8.60544204711914,15876000,0.0,0.0
2008-12-09 00:00:00-05:00,8.430071771375822,9.003109079458689,8.150962781987534,8.234942436218262,15295600,0.0,0.0
2008-12-10 00:00:00-05:00,8.279403394280239,8.598032207310817,8.069453760059433,8.54122257232666,8227600,0.0,0.0
2008-12-11 00:00:00-05:00,8.551102423988633,8.551102423988633,7.708836136852758,7.782936096191406,7135600,0.0,0.0
2008-12-12 00:00:00-05:00,7.656966237004807,7.913845330445032,7.4198475087027855,7.891615390777588,6966800,0.0,0.0
2008-12-15 00:00:00-05:00,7.928664165873871,7.928664165873871,7.360566894868673,7.53593635559082,5571200,0.0,0.0
2008-12-16 00:00:00-05:00,7.7014257449786765,8.081804275512695,7.5878060064779,8.081804275512695,6813200,0.0,0.0
2008-12-17 00:00:00-05:00,8.00276522759413,8.343623052091692,7.928664799269709,8.19542407989502,5984400,0.0,0.0
2008-12-18 00:00:00-05:00,8.21518225245745,8.338681691228299,7.775524551945529,7.941014289855957,8776800,0.0,0.0
2008-12-19 00:00:00-05:00,8.0768635116182,8.318922299367893,7.852094569977347,7.978063583374023,8856000,0.0,0.0
2008-12-22 00:00:00-05:00,7.9854744372970385,7.98794401157781,7.459366546251036,7.679195404052734,4957200,0.0,0.0
2008-12-23 00:00:00-05:00,7.923725179219579,8.017584082993938,7.748355714909911,7.800225257873535,5270000,0.0,0.0
2008-12-24 00:00:00-05:00,7.790345633982224,7.847155268657809,7.7113055892139535,7.792815208435059,968400,0.0,0.0
2008-12-26 00:00:00-05:00,7.812574533975289,7.812574533975289,7.553225892881176,7.76070499420166,1626400,0.0,0.0
2008-12-29 00:00:00-05:00,7.6890755916568585,7.758235453634835,7.4815969479489635,7.639676094055176,2692400,0.0,0.0
2008-12-30 00:00:00-05:00,7.70636485577178,7.738474501262608,7.558165441023678,7.647084712982178,4298800,0.0,0.0
2008-12-31 00:00:00-05:00,7.619916314927581,8.032404505200864,7.614976223759512,7.906434535980225,5367600,0.0,0.0
2009-01-02 00:00:00-05:00,7.928665130005102,8.447363438782542,7.817515896221133,8.40290355682373,4069200,0.0,0.0
2009-01-05 00:00:00-05:00,8.281872327455917,8.481941763867654,8.15343279395744,8.237412452697754,7444800,0.0,0.0
2009-01-06 00:00:00-05:00,8.430072808122842,8.701771224046068,8.18554348001111,8.546161651611328,5938800,0.0,0.0
2009-01-07 00:00:00-05:00,8.336212579160929,8.385612545853007,7.839744751246229,7.903964519500732,5647600,0.0,0.0
2009-01-08 00:00:00-05:00,7.975594583152585,8.150963573292204,7.768115472688834,8.12873363494873,4781200,0.0,0.0
2009-01-09 00:00:00-05:00,8.062043129542246,8.09909333768399,7.5878052706801755,7.787874698638916,6386000,0.0,0.0
2009-01-12 00:00:00-05:00,7.755765650600117,7.77799559010553,7.5260565897862,7.6199164390563965,3714000,0.0,0.0
2009-01-13 00:00:00-05:00,7.469246284533732,7.711305080667869,7.1580276304557025,7.318576812744141,11997600,0.0,0.0
2009-01-14 00:00:00-05:00,7.2543580195869115,7.2543580195869115,6.7406003179827385,6.881389617919922,11250400,0.0,0.0
2009-01-15 00:00:00-05:00,6.950548554654231,7.098747981614791,6.686259819982945,6.839399337768555,11600000,0.0,0.0
2009-01-16 00:00:00-05:00,7.012298400879322,7.0221785827044885,6.491131058539759,6.948078632354736,13016800,0.0,0.0
2009-01-20 00:00:00-05:00,6.886329326661659,7.004889160184486,6.3972716033864705,6.439261436462402,11439200,0.0,0.0
2009-01-21 00:00:00-05:00,6.691199789048811,6.834459122577443,6.379981139428753,6.809759140014648,9241200,0.0,0.0
2009-01-22 00:00:00-05:00,6.631920964319343,6.6516808586818135,6.429381929325761,6.540531158447266,7372400,0.0,0.0
2009-01-23 00:00:00-05:00,6.399741022133553,6.809759130307328,6.399741022133553,6.691199779510498,6079200,0.0,0.0
2009-01-26 00:00:00-05:00,6.7183709659221424,7.054289184439106,6.6516811429315235,6.792470455169678,9273600,0.0,0.0
2009-01-27 00:00:00-05:00,6.797409889036494,6.878919507767188,6.594870864985257,6.767769813537598,7326000,0.0,0.0
2009-01-28 00:00:00-05:00,6.943139542996617,7.392677485899485,6.940669497351619,7.259297847747803,12048000,0.0,0.0
2009-01-29 00:00:00-05:00,7.197547723521091,7.197547723521091,6.775179834864186,6.817169666290283,8058400,0.0,0.0
2009-01-30 00:00:00-05:00,6.876449430519991,6.935729110131524,6.54547086602084,6.572640895843506,6169200,0.0,0.0
2009-02-02 00:00:00-05:00,6.545470773604586,6.634390527322924,6.409621568635354,6.580050468444824,9271200,0.0,0.0
2009-02-03 00:00:00-05:00,6.715900173650789,7.459366913731053,6.715900173650789,7.409966945648193,18879200,0.0,0.0
2009-02-04 00:00:00-05:00,7.4149076105600376,7.491477143012902,7.14567875300866,7.244478225708008,9054800,0.0,0.0
2009-02-05 00:00:00-05:00,7.111099178725414,7.691546267572698,7.04440935682884,7.587806701660156,10538000,0.0,0.0
2009-02-06 00:00:00-05:00,7.392677093121677,7.409966940605008,6.831989481548776,7.172848224639893,29706400,0.0,0.0
2009-02-09 00:00:00-05:00,7.113567952342981,7.400086631435688,7.101218196099314,7.143208026885986,9272400,0.0,0.0
2009-02-10 00:00:00-05:00,7.14073740934652,7.185197282042699,6.5430001154474855,6.631919860839844,21502000,0.0,0.0
2009-02-11 00:00:00-05:00,6.710960683753411,6.915969768768822,6.547941434035762,6.725780487060547,13372000,0.0,0.0
2009-02-12 00:00:00-05:00,6.649209979261401,6.703549564166362,6.478780617309362,6.688729763031006,9430000,0.0,0.0
2009-02-13 00:00:00-05:00,6.671440093534418,6.748009617730527,6.547940648199341,6.634390354156494,11282400,0.0,0.0
2009-02-17 00:00:00-05:00,6.5677004035926165,6.5677004035926165,6.3330512739060385,6.407151222229004,10872000,0.0,0.0
2009-02-18 00:00:00-05:00,6.515830419340542,6.515830419340542,6.350341146521714,6.365161418914795,12310800,0.0,0.0
2009-02-19 00:00:00-05:00,6.493601439150593,6.540530891903309,6.3429319563312845,6.40468168258667,14269200,0.0,0.0
2009-02-20 00:00:00-05:00,6.310821948763521,6.466431525559089,6.221902661707657,6.434321403503418,16829200,0.0,0.0
2009-02-23 00:00:00-05:00,6.557821012915926,6.572641287035647,6.300942385976984,6.421971797943115,16053600,0.0,0.0
2009-02-24 00:00:00-05:00,6.355280986176745,6.861628966219183,6.283651556892734,6.785058975219727,14177600,0.0,0.0
2009-02-25 00:00:00-05:00,6.785059491720725,6.970308663398594,6.698610255161458,6.940669059753418,28096000,0.0,0.0
2009-02-26 00:00:00-05:00,6.965369604139136,7.083928970488072,6.446671787471236,7.05181884765625,32952800,0.0,0.0
2009-02-27 00:00:00-05:00,6.903619614934087,7.242007852516508,6.814699857969117,6.915969371795654,15602000,0.0,0.0
2009-03-02 00:00:00-05:00,6.797409648749201,6.90608882247299,6.676380247707026,6.74800968170166,9213600,0.0,0.0
2009-03-03 00:00:00-05:00,6.804819208633497,7.088868308087976,6.767769469478172,6.955488681793213,10670800,0.0,0.0
2009-03-04 00:00:00-05:00,7.0962777199586835,7.560635878877269,7.071577737699103,7.4149065017700195,12776800,0.0,0.0
2009-03-05 00:00:00-05:00,7.281527491547913,7.649555797662805,7.2543579327830665,7.442076683044434,11576800,0.0,0.0
2009-03-06 00:00:00-05:00,7.461836757241938,7.58286663629854,7.133328229648514,7.427257061004639,11433600,0.0,0.0
2009-03-09 00:00:00-04:00,7.348217427066297,7.785405602180728,7.335867670255933,7.629796028137207,12861200,0.0,0.0
2009-03-10 00:00:00-04:00,7.755765534499704,8.047224789331333,7.674255914571029,8.024994850158691,17008000,0.0,0.0
2009-03-11 00:00:00-04:00,8.101562383802875,8.363381513448791,8.06204260406631,8.23247241973877,15950000,0.0,0.0
2009-03-12 00:00:00-04:00,8.331272220824564,8.390552367397289,7.931134293693061,8.363382339477539,11796400,0.0,0.0
2009-03-13 00:00:00-04:00,8.36338314611827,8.368323237327962,7.923725392942346,8.09909439086914,13770400,0.0,0.0
2009-03-16 00:00:00-04:00,8.12132445078862,8.188014269770608,7.84715550904913,7.9706549644470215,10555600,0.0,0.0
2009-03-17 00:00:00-04:00,8.071924210528003,8.388082504272461,7.945954242583795,8.388082504272461,7601200,0.0,0.0
2009-03-18 00:00:00-04:00,8.289282426907306,8.74869953421981,8.262112400416724,8.640020370483398,12249600,0.0,0.0
2009-03-19 00:00:00-04:00,8.765990584220738,8.89936926208806,8.66719065624959,8.778340339660645,9396800,0.0,0.0
2009-03-20 00:00:00-04:00,8.842561014347764,8.891960986048808,8.49429258008323,8.585681915283203,16111600,0.0,0.0
2009-03-23 00:00:00-04:00,8.859849369829808,9.146368026733398,8.644960612708598,9.146368026733398,9961600,0.0,0.0
2009-03-24 00:00:00-04:00,9.025340125837856,9.032749791402455,8.523931712918394,8.625201225280762,12135200,0.0,0.0
2009-03-25 00:00:00-04:00,8.259641559994746,8.427600860595703,7.906433113927371,8.427600860595703,14339600,0.0,0.0
2009-03-26 00:00:00-04:00,8.509112415912268,8.862320923373892,8.459712446756075,8.820330619812012,9382800,0.0,0.0
2009-03-27 00:00:00-04:00,8.691892650486793,8.706712926584544,8.31398456114317,8.417724609375,7468800,0.0,0.0
2009-03-30 00:00:00-04:00,8.301634092368005,8.331273699803045,7.973125066985991,8.044754981994629,6936000,0.0,0.0
2009-03-31 00:00:00-04:00,8.064514868952351,8.279403658975724,7.970655018391423,8.084274291992188,8236000,0.0,0.0
2009-04-01 00:00:00-04:00,7.7211852599185455,8.126263754733195,7.409966605935688,8.074393272399902,13760000,0.0,0.0
2009-04-02 00:00:00-04:00,8.195423582714476,8.635081323488427,8.195423582714476,8.435012817382812,9072000,0.0,0.0
2009-04-03 00:00:00-04:00,8.430071212125036,9.208117042545473,8.430071212125036,9.205647468566895,14236000,0.0,0.0
2009-04-06 00:00:00-04:00,9.050038810813804,9.15624840457275,8.812920112190742,9.010519027709961,6131600,0.0,0.0
2009-04-07 00:00:00-04:00,9.069799713223901,9.267398640502265,8.948769840263775,9.045099258422852,8107200,0.0,0.0
2009-04-08 00:00:00-04:00,9.168599312682042,9.34890840464856,9.104380010400217,9.232819557189941,6921200,0.0,0.0
2009-04-09 00:00:00-04:00,8.98088049819144,9.259989529688056,8.830211012673566,9.237759590148926,9401600,0.0,0.0
2009-04-13 00:00:00-04:00,9.534157369867136,9.61813703537736,9.348908190849826,9.447708129882812,10804000,0.0,0.0
2009-04-14 00:00:00-04:00,9.351378255479263,9.628016752281704,9.304447862705613,9.36619758605957,8170800,0.0,0.0
2009-04-15 00:00:00-04:00,9.294568383124458,9.301978048223333,9.072269007898402,9.22787857055664,3706800,0.0,0.0
2009-04-16 00:00:00-04:00,9.343967937672845,9.40571765671464,9.022868644874762,9.341497421264648,5596800,0.0,0.0
2009-04-17 00:00:00-04:00,9.326678022280495,9.581087529253878,9.321738873453773,9.46746826171875,5581600,0.0,0.0
2009-04-20 00:00:00-04:00,9.262459461099684,9.262459461099684,8.919131114497766,9.129079818725586,8122000,0.0,0.0
2009-04-21 00:00:00-04:00,9.082149244517904,9.593436868408336,9.077209153680077,9.581087112426758,8006800,0.0,0.0
2009-04-22 00:00:00-04:00,9.551448169958165,10.065206396579741,9.430419221915871,9.87995719909668,9872800,0.0,0.0
2009-04-23 00:00:00-04:00,9.783627059513039,9.798446391215071,9.39830841741691,9.702116966247559,10166000,0.0,0.0
2009-04-24 00:00:00-04:00,9.786095421836546,9.99851461069637,9.672476162473464,9.921944618225098,8279200,0.0,0.0
2009-04-27 00:00:00-04:00,9.753986730139445,10.1640048561331,9.647777130433921,10.040505409240723,7833600,0.0,0.0
2009-04-28 00:00:00-04:00,9.917005697020373,10.10472443669496,9.840435702794355,10.023215293884277,4861600,0.0,0.0
2009-04-29 00:00:00-04:00,10.052854648044171,10.361603249383206,10.000985109153444,10.243043899536133,5509200,0.0,0.0
2009-04-30 00:00:00-04:00,10.366545068065989,10.640714022512292,10.29491515448115,10.574024200439453,10798400,0.0,0.0
2009-05-01 00:00:00-04:00,10.41347296459932,10.559202344587934,10.1664740793458,10.22822380065918,5610400,0.0,0.0
2009-05-04 00:00:00-04:00,10.366542703668102,10.77656078338623,10.366542703668102,10.77656078338623,8832000,0.0,0.0
2009-05-05 00:00:00-04:00,10.771622162314783,11.114950482002701,10.650592286931301,11.090250968933105,11621600,0.0,0.0
2009-05-06 00:00:00-04:00,11.142120220985895,11.23598006420814,10.751861517532245,10.835841178894043,8181600,0.0,0.0
2009-05-07 00:00:00-04:00,10.949461256439632,10.949461256439632,10.11954483448981,10.171414375305176,10184400,0.0,0.0
2009-05-08 00:00:00-04:00,10.312204091411447,10.440643632682978,10.040505677869461,10.136835098266602,6892400,0.0,0.0
2009-05-11 00:00:00-04:00,9.936766375977792,10.354194208948554,9.926886193105725,10.193645477294922,6630800,0.0,0.0
2009-05-12 00:00:00-04:00,10.307263049948896,10.32208332180734,9.971344425631715,10.094843864440918,5507200,0.0,0.0
2009-05-13 00:00:00-04:00,9.956525839979413,9.988635018066416,9.551446858946774,9.63542652130127,6796800,0.0,0.0
2009-05-14 00:00:00-04:00,9.67247545525531,9.917004744656326,9.566265868591076,9.823144912719727,6876800,0.0,0.0
2009-05-15 00:00:00-04:00,9.879954705689943,10.122013482912239,9.80585523384245,9.929354667663574,5811200,0.0,0.0
2009-05-18 00:00:00-04:00,10.010867043056173,10.240576139664192,9.823148257490823,9.978757858276367,7121200,0.0,0.0
2009-05-19 00:00:00-04:00,9.961465224627652,10.247983886069205,9.852785115036271,10.1318941116333,9710800,0.0,0.0
2009-05-20 00:00:00-04:00,10.203525795082347,10.386304469501857,9.887366534578526,9.946646690368652,7206000,0.0,0.0
2009-05-21 00:00:00-04:00,9.921945219325055,9.981225369059654,9.687297021450059,9.793506622314453,14368400,0.0,0.0
2009-05-22 00:00:00-04:00,8.961119569039123,9.210588979520773,8.669660798863616,8.929010391235352,36521200,0.0,0.0
2009-05-26 00:00:00-04:00,9.005581572164859,9.381020092621329,8.67707345565684,9.262460708618164,11081200,0.0,0.0
2009-05-27 00:00:00-04:00,9.227880199116093,9.3167999648993,8.968531510399174,9.015460968017578,9228000,0.0,0.0
2009-05-28 00:00:00-04:00,9.035219949360695,9.425477709961012,8.96605961867474,9.329148292541504,11794400,0.0,0.0
2009-05-29 00:00:00-04:00,9.272340019658133,9.385959300849938,9.119200005294077,9.37360954284668,8586400,0.0,0.0
2009-06-01 00:00:00-04:00,9.47487789919864,9.860195577914606,9.47487789919864,9.825615882873535,8040800,0.0,0.0
2009-06-02 00:00:00-04:00,9.80091696695741,9.870076361252579,9.64283781301069,9.697176933288574,6464000,0.0,0.0
2009-06-03 00:00:00-04:00,9.642837754987276,9.711997148866297,9.467468753522004,9.702116966247559,9511200,0.0,0.0
2009-06-04 00:00:00-04:00,9.736695262244154,9.90959466429053,9.586026739004337,9.69964599609375,12475600,0.0,0.0
2009-06-05 00:00:00-04:00,9.803384525527063,9.879954512197916,9.650245494411244,9.66506576538086,11769200,0.0,0.0
2009-06-08 00:00:00-04:00,9.625547220811615,9.719406122325076,9.487227500681138,9.56132698059082,9966400,0.0,0.0
2009-06-09 00:00:00-04:00,9.635426272975863,9.870075406644785,9.563797311051951,9.776216506958008,8357600,0.0,0.0
2009-06-10 00:00:00-04:00,9.877486286981693,9.929355829119629,9.726816809339674,9.872546195983887,15254000,0.0,0.0
2009-06-11 00:00:00-04:00,9.879955324024616,10.312203369450692,9.879955324024616,10.275153160095215,10732000,0.0,0.0
2009-06-12 00:00:00-04:00,10.265273920862924,10.275153160095215,9.98122482840683,10.275153160095215,4568800,0.0,0.0
2009-06-15 00:00:00-04:00,10.126954703686849,10.176354671174426,9.914535503048477,10.035565376281738,5311600,0.0,0.0
2009-06-16 00:00:00-04:00,10.161534967561499,10.171415150057754,9.84784624000085,9.870076179504395,7053600,0.0,0.0
2009-06-17 00:00:00-04:00,9.917006871859934,10.161535271486542,9.833027202582107,10.003456115722656,5196400,0.0,0.0
2009-06-18 00:00:00-04:00,10.094844544203692,10.094844544203692,9.75892589726655,9.919475555419922,4914000,0.0,0.0
2009-06-19 00:00:00-04:00,9.939235225111496,10.060264147195603,9.805855605396571,9.857725143432617,6207200,0.0,0.0
2009-06-22 00:00:00-04:00,9.684827319631623,9.684827319631623,9.213059425354004,9.213059425354004,8435600,0.0,0.0
2009-06-23 00:00:00-04:00,9.257518272592607,9.371137535716732,8.985819870821699,9.339028358459473,9307600,0.0,0.0
2009-06-24 00:00:00-04:00,9.445238938626117,9.756457157422652,9.385958784355969,9.692237854003906,8736800,0.0,0.0
2009-06-25 00:00:00-04:00,9.632957043515551,9.833026490543782,9.455117535046014,9.825615882873535,5727600,0.0,0.0
2009-06-26 00:00:00-04:00,9.778686640160428,9.815736852624745,9.511927371759846,9.610727310180664,5053600,0.0,0.0
2009-06-29 00:00:00-04:00,9.632957249214046,9.645307005960138,9.477347675980374,9.610727310180664,4187200,0.0,0.0
2009-06-30 00:00:00-04:00,9.620607789697099,9.670007760433721,9.373608878240054,9.427947998046875,7286000,0.0,0.0
2009-07-01 00:00:00-04:00,9.511927371759846,9.709527248601482,9.385958345388044,9.610727310180664,4898400,0.0,0.0
2009-07-02 00:00:00-04:00,9.474878908660354,9.573677913271544,9.331619079968863,9.4254789352417,5680400,0.0,0.0
2009-07-06 00:00:00-04:00,9.294569228258553,9.376078378435562,9.089559681106138,9.158720016479492,9790800,0.0,0.0
2009-07-07 00:00:00-04:00,9.111788846560792,9.247638046798825,8.765990967975437,8.785750389099121,10483200,0.0,0.0
2009-07-08 00:00:00-04:00,8.775871703793513,9.04757109282288,8.711652396409056,9.015460968017578,10574800,0.0,0.0
2009-07-09 00:00:00-04:00,9.09943967916966,9.21305894910167,9.003110257173995,9.094499588012695,5000800,0.0,0.0
2009-07-10 00:00:00-04:00,8.990761079364006,9.250109757336292,8.990761079364006,9.203179359436035,3561200,0.0,0.0
2009-07-13 00:00:00-04:00,9.264927212720893,9.442766700894243,9.208117585604612,9.44029712677002,6672400,0.0,0.0
2009-07-14 00:00:00-04:00,9.425478039703506,9.45017755295301,9.319268436723778,9.420537948608398,4404800,0.0,0.0
2009-07-15 00:00:00-04:00,9.615666499854711,9.850315624936243,9.492167059519794,9.805855751037598,5564400,0.0,0.0
2009-07-16 00:00:00-04:00,9.70705565917708,9.949114445109199,9.67000639303317,9.899715423583984,5177600,0.0,0.0
2009-07-17 00:00:00-04:00,9.897246444808191,10.131895602411804,9.865136322047421,10.087435722351074,4442800,0.0,0.0
2009-07-20 00:00:00-04:00,10.188704022407714,10.329493311702906,10.107193937959984,10.307263374328613,4948800,0.0,0.0
2009-07-21 00:00:00-04:00,10.307264095356759,10.373953912144815,10.201054491830527,10.327024459838867,3793200,0.0,0.0
2009-07-22 00:00:00-04:00,10.314672766383996,10.514742197457473,10.171413906605885,10.490042686462402,5087200,0.0,0.0
2009-07-23 00:00:00-04:00,10.509804611665311,10.94452326970432,10.440645210615267,10.909942626953125,6143200,0.0,0.0
2009-07-24 00:00:00-04:00,10.774092456985576,11.159411105321812,10.771622882403936,11.147061347961426,7548800,0.0,0.0
2009-07-27 00:00:00-04:00,11.127300354879354,11.147060719322457,10.944521694910838,11.001331329345703,4354000,0.0,0.0
2009-07-28 00:00:00-04:00,10.667882302683072,10.877831935988175,10.623422424676157,10.759272575378418,6452000,0.0,0.0
2009-07-29 00:00:00-04:00,10.675291618884787,10.759271273600817,10.556732272619671,10.66788101196289,4247200,0.0,0.0
2009-07-30 00:00:00-04:00,10.70246290611245,10.99145116999898,10.70246290611245,10.801261901855469,6530400,0.0,0.0
2009-07-31 00:00:00-04:00,10.82102103168947,10.907470260879236,10.680231748594178,10.704931259155273,4262400,0.0,0.0
2009-08-03 00:00:00-04:00,10.855601584738864,11.04085075532408,10.75186155925362,11.030970573425293,4036000,0.0,0.0
2009-08-04 00:00:00-04:00,10.924762756210677,11.33972104140986,10.877833297872806,11.235981941223145,5372400,0.0,0.0
2009-08-05 00:00:00-04:00,11.290319829091738,11.337250224513983,11.028501590319443,11.139650344848633,6175600,0.0,0.0
2009-08-06 00:00:00-04:00,11.127300263449712,11.245859622456052,11.082840386044081,11.206339836120605,5321200,0.0,0.0
2009-08-07 00:00:00-04:00,11.36194918215845,11.665757710266435,11.337249669522423,11.542258262634277,9013200,0.0,0.0
2009-08-10 00:00:00-04:00,11.557079442915862,11.650938352082584,11.300200345538753,11.310080528259277,5284400,0.0,0.0
2009-08-11 00:00:00-04:00,11.31007968387491,11.361949225946073,11.028501092944584,11.063080787658691,3484800,0.0,0.0
2009-08-12 00:00:00-04:00,11.16682046200509,11.979447099640748,11.164350887491848,11.88311767578125,17748000,0.0,0.0
2009-08-13 00:00:00-04:00,11.875707416439667,11.96462622786294,11.68551815274002,11.853477478027344,9337200,0.0,0.0
2009-08-14 00:00:00-04:00,11.860886367567822,11.9325162691249,11.562017947972233,11.63858699798584,4784400,0.0,0.0
2009-08-17 00:00:00-04:00,11.507678637720566,11.507678637720566,11.07790014277935,11.100130081176758,6581600,0.0,0.0
2009-08-18 00:00:00-04:00,11.15693971011362,11.17670007411535,10.806201729117051,10.94205093383789,10066800,0.0,0.0
2009-08-19 00:00:00-04:00,10.808671025653389,11.166819605056942,10.714812125735982,11.12483024597168,8926400,0.0,0.0
2009-08-20 00:00:00-04:00,11.174229702830266,11.5175579939545,11.15199976602667,11.406408309936523,16437200,0.0,0.0
2009-08-21 00:00:00-04:00,12.75749459051975,13.323121401034127,12.680924586144585,13.256431579589844,38198800,0.0,0.0
2009-08-24 00:00:00-04:00,13.387339979106633,13.584938901962712,12.893342200853445,13.036601066589355,17554000,0.0,0.0
2009-08-25 00:00:00-04:00,12.69327416040832,13.088472991902044,12.69327416040832,12.91804313659668,12275600,0.0,0.0
2009-08-26 00:00:00-04:00,12.927922103068783,13.090941334832372,12.814302838372402,13.058831214904785,5698800,0.0,0.0
2009-08-27 00:00:00-04:00,13.034131793693252,13.051421640953865,12.78219280789089,13.01190185546875,7769200,0.0,0.0
2009-08-28 00:00:00-04:00,13.036602175054831,13.194681326780717,12.831593569605968,12.905693054199219,7386000,0.0,0.0
2009-08-31 00:00:00-04:00,12.794541628308282,12.836531927316893,12.666102099320092,12.8118314743042,6858000,0.0,0.0
2009-09-01 00:00:00-04:00,12.72044480459709,13.063773164100908,12.537665183116584,12.631525039672852,9772800,0.0,0.0
2009-09-02 00:00:00-04:00,12.57224458557566,12.789602942607939,12.564833977744849,12.73526382446289,5473200,0.0,0.0
2009-09-03 00:00:00-04:00,12.858763299152956,12.957562295553416,12.658693847436007,12.930392265319824,6490800,0.0,0.0
2009-09-04 00:00:00-04:00,12.91804165553325,13.100821247255015,12.890871627093771,13.04154109954834,5768400,0.0,0.0
2009-09-08 00:00:00-04:00,13.110702711753257,13.449090957641602,13.06871240672199,13.449090957641602,7606800,0.0,0.0
2009-09-09 00:00:00-04:00,13.491080574755522,13.809709403631759,13.347821692937629,13.703499794006348,8786400,0.0,0.0
2009-09-10 00:00:00-04:00,13.757838019046666,13.935676574707031,13.584938611904507,13.935676574707031,8985200,0.0,0.0
2009-09-11 00:00:00-04:00,14.012246892540329,14.582814666660656,14.012246892540329,14.306175231933594,13307600,0.0,0.0
2009-09-14 00:00:00-04:00,14.20984668263334,14.306176104688173,14.034477686470643,14.195027351379395,6185600,0.0,0.0
2009-09-15 00:00:00-04:00,14.111047019652865,14.264186069475905,13.960377544180162,14.012247085571289,11738800,0.0,0.0
2009-09-16 00:00:00-04:00,14.111048033978038,14.185147518752611,13.94308869930177,14.165387153625488,8409600,0.0,0.0
2009-09-17 00:00:00-04:00,14.160447802083539,14.535885311869643,14.091287467353629,14.45931625366211,11329200,0.0,0.0
2009-09-18 00:00:00-04:00,14.528474342410044,14.59022406366892,14.345695695130319,14.367924690246582,8385600,0.0,0.0
2009-09-21 00:00:00-04:00,14.30123765232253,14.496366080403263,13.982608823678643,14.098698616027832,6847200,0.0,0.0
2009-09-22 00:00:00-04:00,14.167856231153635,14.26912573657762,14.0221268509361,14.046826362609863,5684000,0.0,0.0
2009-09-23 00:00:00-04:00,14.143157131420649,14.52600619460248,14.05670789005924,14.21231746673584,6104000,0.0,0.0
2009-09-24 00:00:00-04:00,14.281475382586201,14.303705319812023,13.841817671037694,13.856637001037598,4341600,0.0,0.0
2009-09-25 00:00:00-04:00,13.856638200783182,13.893688413442781,13.520720481279156,13.599760055541992,7042400,0.0,0.0
2009-09-28 00:00:00-04:00,13.671388995132233,14.195027351379395,13.646689481558292,14.195027351379395,7802800,0.0,0.0
2009-09-29 00:00:00-04:00,14.177736990062549,14.279006499610452,14.024596996325904,14.118456840515137,4662400,0.0,0.0
2009-09-30 00:00:00-04:00,14.111047383475592,14.25677677177893,13.831938363391021,14.061647415161133,7105600,0.0,0.0
2009-10-01 00:00:00-04:00,13.985077830128748,14.066587921588427,13.473790168762207,13.473790168762207,6195600,0.0,0.0
2009-10-02 00:00:00-04:00,13.461437667837762,13.584937095983063,13.352758510271208,13.463907241821289,5442800,0.0,0.0
2009-10-05 00:00:00-04:00,13.508368618708788,13.997426295670234,13.409569630503244,13.935676574707031,6024000,0.0,0.0
2009-10-06 00:00:00-04:00,14.071527490365046,14.570465376321101,13.992487918552802,14.46672534942627,10616400,0.0,0.0
2009-10-07 00:00:00-04:00,14.46425568109949,14.671734791315757,14.237016206945476,14.434615135192871,4888000,0.0,0.0
2009-10-08 00:00:00-04:00,14.55564503380951,15.086693037725666,14.55564503380951,14.908853530883789,9443600,0.0,0.0
2009-10-09 00:00:00-04:00,14.94096327462003,15.061992203105396,14.817463829587458,15.05952262878418,4623600,0.0,0.0
2009-10-12 00:00:00-04:00,15.101512410811448,15.3880310936232,15.064463141599543,15.183022499084473,6277200,0.0,0.0
2009-10-13 00:00:00-04:00,15.143502769456154,15.262062127381077,15.01259271285541,15.099042892456055,4379600,0.0,0.0
2009-10-14 00:00:00-04:00,15.415200955157777,15.472010587778122,15.232421358801268,15.434961318969727,5788800,0.0,0.0
2009-10-15 00:00:00-04:00,15.31393235508375,15.555991172790527,15.19290247511733,15.555991172790527,4492800,0.0,0.0
2009-10-16 00:00:00-04:00,15.195373878765444,15.496712866788725,15.163263754904083,15.402853012084961,4043200,0.0,0.0
2009-10-19 00:00:00-04:00,15.388031690155794,15.652320444795414,15.375681933273073,15.528820991516113,2712400,0.0,0.0
2009-10-20 00:00:00-04:00,15.575751636904279,15.575751636904279,15.212662936920271,15.350982666015625,3811200,0.0,0.0
2009-10-21 00:00:00-04:00,15.437431726443974,16.054928995501733,15.33863178650431,15.681961059570312,8800400,0.0,0.0
2009-10-22 00:00:00-04:00,15.684430201872788,15.684430201872788,15.262062307610146,15.47942066192627,4088800,0.0,0.0
2009-10-23 00:00:00-04:00,15.580691209828588,15.84497995991958,15.526351149808596,15.590570449829102,5745600,0.0,0.0
2009-10-26 00:00:00-04:00,15.65479099053122,15.686900170040609,15.0496434798955,15.170672416687012,5556400,0.0,0.0
2009-10-27 00:00:00-04:00,15.187962660805045,15.267002232829666,14.395095481704908,14.66185474395752,11323600,0.0,0.0
2009-10-28 00:00:00-04:00,14.523534518583146,14.619863934761359,14.293825475900027,14.306175231933594,6473600,0.0,0.0
2009-10-29 00:00:00-04:00,14.461785355872644,14.86686339969686,14.35557575386678,14.735954284667969,5348800,0.0,0.0
2009-10-30 00:00:00-04:00,14.819933517388835,14.819933517388835,13.967787151693777,14.017187118530273,6575200,0.0,0.0
2009-11-02 00:00:00-05:00,14.056708506678339,14.496366282990161,13.873928891205654,14.279007911682129,7226400,0.0,0.0
2009-11-03 00:00:00-05:00,14.086346764676874,14.506245077136132,13.999897527799678,14.471665382385254,5316000,0.0,0.0
2009-11-04 00:00:00-05:00,14.513654708862305,14.78535405969461,14.42720547218558,14.513654708862305,4858000,0.0,0.0
2009-11-05 00:00:00-05:00,14.698903585888418,15.05705216621193,14.644564470592972,14.975543022155762,4958800,0.0,0.0
2009-11-06 00:00:00-05:00,14.84710424678825,15.26453205468876,14.824874307774257,15.069402694702148,4342800,0.0,0.0
2009-11-09 00:00:00-05:00,15.434962151947209,15.726419996094497,15.407792121352498,15.681961059570312,6860000,0.0,0.0
2009-11-10 00:00:00-05:00,15.64491030213079,16.04504825473307,15.585630151784587,15.726419448852539,6348000,0.0,0.0
2009-11-11 00:00:00-05:00,15.95859944213996,15.980828439107743,15.523880840621905,15.691840171813965,7156000,0.0,0.0
2009-11-12 00:00:00-05:00,15.741239636071356,15.906729387474403,15.49671125501485,15.53623104095459,5544800,0.0,0.0
2009-11-13 00:00:00-05:00,15.961068907320552,16.33897690649292,15.642440113942365,16.334035873413086,9561600,0.0,0.0
2009-11-16 00:00:00-05:00,16.380967936744035,16.726766793986865,16.368617237236297,16.511877059936523,9481200,0.0,0.0
2009-11-17 00:00:00-05:00,16.60079476118732,16.60326527767292,15.93142801193632,16.205596923828125,16605200,0.0,0.0
2009-11-18 00:00:00-05:00,15.741238952586935,15.928957692093446,15.259590934579125,15.711599349975586,24278000,0.0,0.0
2009-11-19 00:00:00-05:00,15.6498522370627,15.6498522370627,15.276883327940007,15.457193374633789,6750400,0.0,0.0
2009-11-20 00:00:00-05:00,15.331221559442834,15.494240794816172,15.25218198727552,15.452251434326172,5699200,0.0,0.0
2009-11-23 00:00:00-05:00,15.625148926087117,15.990707159908817,15.563399205328873,15.931427955627441,7001200,0.0,0.0
2009-11-24 00:00:00-05:00,16.077157428827437,16.18089839857457,15.830158529866548,16.16360855102539,7437600,0.0,0.0
2009-11-25 00:00:00-05:00,16.09444588803086,16.19077528828091,15.948715587363058,16.0771541595459,3604800,0.0,0.0
2009-11-27 00:00:00-05:00,15.291700228368757,15.844978119865779,15.15338051993802,15.622678756713867,4867200,0.0,0.0
2009-11-30 00:00:00-05:00,15.521410463570653,15.54610997596396,15.296641508777958,15.481890678405762,5756000,0.0,0.0
2009-12-01 00:00:00-05:00,15.479421923564317,15.943781100996626,15.407792952581138,15.886970520019531,4322400,0.0,0.0
2009-12-02 00:00:00-05:00,15.842506620743972,16.114204987985993,15.830155924048167,15.985766410827637,3537200,0.0,0.0
2009-12-03 00:00:00-05:00,16.05245967690699,16.230299205181606,15.958600763407507,15.978361129760742,3770800,0.0,0.0
2009-12-04 00:00:00-05:00,16.230300173335973,16.408139712218897,15.96848189912076,16.289579391479492,5850000,0.0,0.0
2009-12-07 00:00:00-05:00,16.334035706058998,16.363676250878388,16.15866672256118,16.269817352294922,3655600,0.0,0.0
2009-12-08 00:00:00-05:00,16.079628955146198,16.124088835128994,15.80793052611896,15.842510223388672,6942400,0.0,0.0
2009-12-09 00:00:00-05:00,15.847451892975558,15.889441257852196,15.541171869934537,15.751121520996094,4596400,0.0,0.0
2009-12-10 00:00:00-05:00,15.857330299186366,16.05245967690699,15.81040178466275,15.978361129760742,3988000,0.0,0.0
2009-12-11 00:00:00-05:00,16.027758190668177,16.027758190668177,15.373211682421191,15.625149726867676,6979200,0.0,0.0
2009-12-14 00:00:00-05:00,15.798048982756754,16.077157053666834,15.54364042427599,16.035167694091797,5395200,0.0,0.0
2009-12-15 00:00:00-05:00,15.99565078550656,16.136440096277024,15.83263059174485,16.072219848632812,3513200,0.0,0.0
2009-12-16 00:00:00-05:00,16.12408586216641,16.346385221092785,16.03763663493166,16.24758529663086,5834800,0.0,0.0
2009-12-17 00:00:00-05:00,16.180896212193602,16.195715541104196,15.958596856275731,16.025285720825195,4096400,0.0,0.0
2009-12-18 00:00:00-05:00,16.17842638842229,16.77863373286703,16.114206152974397,16.76628303527832,13851200,0.0,0.0
2009-12-21 00:00:00-05:00,16.78851607133487,17.255343856505792,16.652665918210158,17.22076416015625,8674000,0.0,0.0
2009-12-22 00:00:00-05:00,17.03304267802624,17.722169784998748,16.9638832925727,17.611021041870117,10318000,0.0,0.0
2009-12-23 00:00:00-05:00,17.613494316281766,18.006223622121823,17.48999484272051,17.9321231842041,7430400,0.0,0.0
2009-12-24 00:00:00-05:00,18.013632165485586,18.013632165485586,17.825912449734158,17.946943283081055,3073200,0.0,0.0
2009-12-28 00:00:00-05:00,17.885190709295145,18.22110746937739,17.885190709295145,18.184059143066406,6663200,0.0,0.0
2009-12-29 00:00:00-05:00,18.196407784329434,18.512566062196044,18.13712857834244,18.435997009277344,7845600,0.0,0.0
2009-12-30 00:00:00-05:00,18.34213898817652,18.34213898817652,17.996340148523625,18.28285789489746,12124000,0.0,0.0
2009-12-31 00:00:00-05:00,18.29767842106439,18.36683780949892,18.166769309463024,18.221107482910156,5436400,0.0,0.0
2010-01-04 00:00:00-05:00,18.42858776393138,18.655826295768524,18.324848679977727,18.480457305908203,7906000,0.0,0.0
2010-01-05 00:00:00-05:00,18.389066080636994,18.52491622003133,17.981519431357846,18.401416778564453,7942400,0.0,0.0
2010-01-06 00:00:00-05:00,18.463169290328867,18.524919020396858,18.272980950878434,18.36931037902832,5122400,0.0,0.0
2010-01-07 00:00:00-05:00,18.406358258738905,18.51256786723288,18.16430037809358,18.287799835205078,4840000,0.0,0.0
2010-01-08 00:00:00-05:00,18.295211556202105,18.3643709584408,18.09514301623267,18.314971923828125,5510400,0.0,0.0
2010-01-11 00:00:00-05:00,18.42611739153919,18.450816904418794,17.979049989726608,18.191469192504883,6399200,0.0,0.0
2010-01-12 00:00:00-05:00,17.39860167887089,17.41095049217749,16.86014404606316,16.8675537109375,21053200,0.0,0.0
2010-01-13 00:00:00-05:00,16.865083999399022,16.991053961630595,16.541516054764113,16.919424057006836,20649600,0.0,0.0
2010-01-14 00:00:00-05:00,16.916956714389617,17.223236753924535,16.916956714389617,17.08985710144043,10400400,0.0,0.0
2010-01-15 00:00:00-05:00,17.05527524413271,17.17877469735756,16.82062515233423,16.951534271240234,8564800,0.0,0.0
2010-01-19 00:00:00-05:00,16.941657655577597,17.257817905334246,16.83297939528711,17.166427612304688,6252800,0.0,0.0
2010-01-20 00:00:00-05:00,16.993523859993733,17.08491224041687,16.672424559147895,16.931774139404297,7260000,0.0,0.0
2010-01-21 00:00:00-05:00,16.949064630481722,17.17136212549767,16.452596330411982,16.519285202026367,8946000,0.0,0.0
2010-01-22 00:00:00-05:00,16.48223814656149,16.53410769169435,15.896850049572716,15.941309928894043,8788800,0.0,0.0
2010-01-25 00:00:00-05:00,16.17348831203795,16.205597489664157,15.67702001040564,15.840038299560547,9866800,0.0,0.0
2010-01-26 00:00:00-05:00,15.847448014325014,16.34638489030607,15.647377653114006,16.15619659423828,10367200,0.0,0.0
2010-01-27 00:00:00-05:00,16.156199001761372,16.217948726945686,15.904259067716207,16.153728485107422,5947600,0.0,0.0
2010-01-28 00:00:00-05:00,16.11173997234446,16.129029820928093,15.66961074839157,15.847451210021973,5684400,0.0,0.0
2010-01-29 00:00:00-05:00,16.007998410106232,16.094449534310336,15.610330965020939,15.69678020477295,6281200,0.0,0.0
2010-02-01 00:00:00-05:00,15.8128703719603,16.12408954555211,15.721481975629013,16.099390029907227,5632000,0.0,0.0
2010-02-02 00:00:00-05:00,16.116678319103368,16.19571789218679,15.830158688893425,16.069747924804688,4664400,0.0,0.0
2010-02-03 00:00:00-05:00,16.005529820645005,16.358738330677653,15.906729881613447,16.20806884765625,4725600,0.0,0.0
2010-02-04 00:00:00-05:00,16.015408572630083,16.0771583007191,15.271943203243882,15.42014217376709,11797200,0.0,0.0
2010-02-05 00:00:00-05:00,15.434963024494753,15.437432599131125,14.894034783196487,15.333693504333496,12440800,0.0,0.0
2010-02-08 00:00:00-05:00,15.336161997290217,15.57081114469212,15.123742788952201,15.343571662902832,5062400,0.0,0.0
2010-02-09 00:00:00-05:00,15.481891464829271,16.030229336293452,15.481891464829271,15.97095012664795,9099200,0.0,0.0
2010-02-10 00:00:00-05:00,16.00058905680882,16.030229604353273,15.815339874673272,15.988240242004395,6855200,0.0,0.0
2010-02-11 00:00:00-05:00,15.99811820148462,16.32909771314376,15.763469996193178,16.29204750061035,6448800,0.0,0.0
2010-02-12 00:00:00-05:00,16.161134748030253,16.21794531239776,15.854856703246815,16.0771541595459,8150000,0.0,0.0
2010-02-16 00:00:00-05:00,16.171017851886496,16.413075712117532,16.131497124406813,16.35132598876953,5511200,0.0,0.0
2010-02-17 00:00:00-05:00,16.358738674452454,16.627966582407804,16.358738674452454,16.494586944580078,6672400,0.0,0.0
2010-02-18 00:00:00-05:00,16.711948386992827,17.028106713584858,16.655137804346317,16.907075881958008,8361600,0.0,0.0
2010-02-19 00:00:00-05:00,16.825566748053443,17.163954055148817,16.800865349021286,17.023164749145508,7196800,0.0,0.0
2010-02-22 00:00:00-05:00,17.119493823340225,17.17383388497088,16.96882433771055,17.052804946899414,5123600,0.0,0.0
2010-02-23 00:00:00-05:00,16.976232519701398,17.139250787796932,16.771223013116806,16.855201721191406,5597200,0.0,0.0
2010-02-24 00:00:00-05:00,16.87496613730446,17.294863547480844,16.81815555655127,17.1516056060791,10460400,0.0,0.0
2010-02-25 00:00:00-05:00,17.000936103078523,17.003404735471076,15.998119207205452,16.798397064208984,19942400,0.0,0.0
2010-02-26 00:00:00-05:00,16.61314898073772,16.813217516086507,16.425429261530716,16.78357696533203,10079600,0.0,0.0
2010-03-01 00:00:00-05:00,16.731704865818728,17.633251222723135,16.677364806606924,17.512222290039062,10422000,0.0,0.0
2010-03-02 00:00:00-05:00,17.485050431301648,17.870368069837465,17.44552970711754,17.74439811706543,8080800,0.0,0.0
2010-03-03 00:00:00-05:00,17.776512517354703,17.853081579286386,17.410953287758794,17.430713653564453,5988000,0.0,0.0
2010-03-04 00:00:00-05:00,17.46281807398098,17.51962863907162,17.289919631447184,17.509748458862305,5519200,0.0,0.0
2010-03-05 00:00:00-05:00,17.58631959804115,18.028447821784386,17.58631959804115,17.853078842163086,6999200,0.0,0.0
2010-03-08 00:00:00-05:00,17.86295941865342,18.18405872528599,17.813560395072393,18.01856803894043,5848800,0.0,0.0
2010-03-09 00:00:00-05:00,17.801210857498674,18.32731784229875,17.754280462920704,18.19887924194336,9360000,0.0,0.0
2010-03-10 00:00:00-05:00,18.191469383072263,18.623717458575566,18.184059717575963,18.571847915649414,8216000,0.0,0.0
2010-03-11 00:00:00-05:00,18.477986909177627,18.64841675138714,18.416237184835285,18.6286563873291,6578000,0.0,0.0
2010-03-12 00:00:00-05:00,18.70769653086959,18.86577567926117,18.55208789917378,18.700286865234375,4140400,0.0,0.0
2010-03-15 00:00:00-04:00,18.62618817383233,18.712637412964366,18.413768966563843,18.67311668395996,5657200,0.0,0.0
2010-03-16 00:00:00-04:00,18.643480002076554,19.041146544326367,18.628658784899464,18.94234848022461,7889200,0.0,0.0
2010-03-17 00:00:00-04:00,18.99174495920843,19.139943919890904,18.853426180498392,18.954694747924805,5502800,0.0,0.0
2010-03-18 00:00:00-04:00,18.94234687410496,19.130064687543545,18.880597147050974,18.996686935424805,5493600,0.0,0.0
2010-03-19 00:00:00-04:00,18.776857376098633,19.142416612831695,18.682998463367554,18.776857376098633,6185600,0.0,0.0
2010-03-22 00:00:00-04:00,18.458227510512096,19.260973886992733,18.423645932906375,19.14488410949707,6491600,0.0,0.0
2010-03-23 00:00:00-04:00,19.18193408924714,19.211572749051186,18.883063783575608,19.04361343383789,4934800,0.0,0.0
2010-03-24 00:00:00-04:00,18.917645327437846,19.070785327734118,18.7595661781749,18.811437606811523,4733600,0.0,0.0
2010-03-25 00:00:00-04:00,18.939874366618685,19.157232704599558,18.759564353414383,18.76450538635254,5840800,0.0,0.0
2010-03-26 00:00:00-04:00,18.821316157131633,18.84601755565254,18.433527944450237,18.5125675201416,4206400,0.0,0.0
2010-03-29 00:00:00-04:00,18.57678734429888,18.63112740469295,18.391538166292964,18.468107223510742,4227200,0.0,0.0
2010-03-30 00:00:00-04:00,18.574313045902446,18.895412309518075,18.468103463425127,18.626184463500977,7784000,0.0,0.0
2010-03-31 00:00:00-04:00,18.596548673560097,18.65335736913562,18.349549756739457,18.389068603515625,4547200,0.0,0.0
2010-04-01 00:00:00-04:00,18.554557502393074,18.796615362002917,18.44587738655486,18.658296585083008,4212800,0.0,0.0
2010-04-05 00:00:00-04:00,18.749687246570335,19.00656444210203,18.742275696692655,18.98186492919922,3449200,0.0,0.0
2010-04-06 00:00:00-04:00,18.87318562332363,19.62159194002783,18.804024352892046,19.470922470092773,9928800,0.0,0.0
2010-04-07 00:00:00-04:00,19.463514375630755,19.463514375630755,18.93987602110717,19.06337547302246,7023600,0.0,0.0
2010-04-08 00:00:00-04:00,18.947281074008643,19.29060931599399,18.811432840645224,19.253559112548828,6352800,0.0,0.0
2010-04-09 00:00:00-04:00,19.404233658515032,19.732742659254107,19.120186421158568,19.703102111816406,7682400,0.0,0.0
2010-04-12 00:00:00-04:00,19.757442839191555,20.063722853015246,19.633943380716506,19.885883331298828,9838000,0.0,0.0
2010-04-13 00:00:00-04:00,19.848831444762368,19.925400499541876,19.68087212000743,19.866121292114258,5231600,0.0,0.0
2010-04-14 00:00:00-04:00,20.236618978355416,20.740496936237165,20.16993010772417,20.715797424316406,8835600,0.0,0.0
2010-04-15 00:00:00-04:00,20.745435546039214,20.844235475608183,20.52807720854902,20.681217193603516,5531600,0.0,0.0
2010-04-16 00:00:00-04:00,20.65898562144721,20.97514387790264,20.50584564152893,20.61946678161621,9941200,0.0,0.0
2010-04-19 00:00:00-04:00,20.508318131039907,20.71085715134643,20.006910671284242,20.414459228515625,7141600,0.0,0.0
2010-04-20 00:00:00-04:00,20.644170924074512,20.90105003619441,20.508320759435822,20.866470336914062,4295200,0.0,0.0
2010-04-21 00:00:00-04:00,20.955384514388378,21.04183563176398,20.735555657331666,21.014665603637695,6288800,0.0,0.0
2010-04-22 00:00:00-04:00,20.957854804337416,22.086639622043737,20.747906131091753,21.90880012512207,10038800,0.0,0.0
2010-04-23 00:00:00-04:00,21.856931251454444,22.02736108860248,21.36540398793351,21.775423049926758,6087600,0.0,0.0
2010-04-26 00:00:00-04:00,21.8964524141302,22.10640109794655,21.78283314858784,21.856931686401367,3881600,0.0,0.0
2010-04-27 00:00:00-04:00,22.029832383139116,22.029832383139116,21.128286025786572,21.194974899291992,5118400,0.0,0.0
2010-04-28 00:00:00-04:00,21.353052084402673,21.355522600810122,20.947974078367373,21.278953552246094,5870800,0.0,0.0
2010-04-29 00:00:00-04:00,21.44691318018299,21.822350648230532,21.313533558988595,21.77048110961914,4074400,0.0,0.0
2010-04-30 00:00:00-04:00,21.83470022750218,21.83470022750218,21.118403136055548,21.143102645874023,4456800,0.0,0.0
2010-05-03 00:00:00-04:00,21.261666179031813,21.802592499156567,21.180156088173256,21.666744232177734,4634000,0.0,0.0
2010-05-04 00:00:00-04:00,21.98290058243852,22.05453048462789,21.07641513428508,21.387632369995117,9104800,0.0,0.0
2010-05-05 00:00:00-04:00,21.11840713607108,21.35058671813562,20.903517402599512,21.04924774169922,7292400,0.0,0.0
2010-05-06 00:00:00-04:00,20.987495545164897,21.276483788142677,18.7719152467647,19.982210159301758,16295200,0.0,0.0
2010-05-07 00:00:00-04:00,19.999501471756393,20.103240558718504,18.816376500587328,19.147354125976562,13885600,0.0,0.0
2010-05-10 00:00:00-04:00,20.36999856060206,21.138165251745864,20.29342950847551,21.115934371948242,11520800,0.0,0.0
2010-05-11 00:00:00-04:00,20.738024789075894,21.711200934738965,20.70591561454885,21.291301727294922,10001200,0.0,0.0
2010-05-12 00:00:00-04:00,21.449382000872827,21.874220379277176,21.449382000872827,21.834701538085938,9828400,0.0,0.0
2010-05-13 00:00:00-04:00,21.834700883988095,22.190377981861968,21.348112799681875,21.409862518310547,11328400,0.0,0.0
2010-05-14 00:00:00-04:00,21.24684435411047,21.308594078544523,20.572538418583736,20.92574691772461,7905200,0.0,0.0
2010-05-17 00:00:00-04:00,21.123345258319386,21.434564402315623,20.37740940384658,21.05418586730957,6710000,0.0,0.0
2010-05-18 00:00:00-04:00,21.488901887586096,21.654390679739294,20.594765291562034,20.787425994873047,7692800,0.0,0.0
2010-05-19 00:00:00-04:00,20.463858023507896,20.683686888760842,19.700632344372796,20.155109405517578,10582400,0.0,0.0
2010-05-20 00:00:00-04:00,19.483272587727303,20.07359980900525,19.238744203945522,19.520322799682617,17455600,0.0,0.0
2010-05-21 00:00:00-04:00,18.263099611102536,20.765197836565466,18.255689945476078,20.56018829345703,43596800,0.0,0.0
2010-05-24 00:00:00-04:00,20.3354200733645,20.99984583895213,20.283550530029174,20.300840377807617,9276000,0.0,0.0
2010-05-25 00:00:00-04:00,19.76485427411462,20.315662737368882,19.463517151406084,20.286022186279297,11385600,0.0,0.0
2010-05-26 00:00:00-04:00,20.441626966072057,21.19003323909371,20.36752655144638,20.686155319213867,12684800,0.0,0.0
2010-05-27 00:00:00-04:00,21.160397831942007,21.488906860351562,21.08876791627323,21.488906860351562,10038000,0.0,0.0
2010-05-28 00:00:00-04:00,21.30859393783289,21.61240340920112,21.083825922292252,21.372814178466797,9415600,0.0,0.0
2010-06-01 00:00:00-04:00,20.824477378636015,21.481495379973147,20.824477378636015,20.967737197875977,8402400,0.0,0.0
2010-06-02 00:00:00-04:00,21.224615739247536,21.84458351135254,20.93809610818792,21.84458351135254,7461600,0.0,0.0
2010-06-03 00:00:00-04:00,22.08170302459495,23.65755539867937,22.04959196010932,23.51429557800293,26548800,0.0,0.0
2010-06-04 00:00:00-04:00,22.84739869263634,23.798344099169164,21.918682282997185,22.140981674194336,25813600,0.0,0.0
2010-06-07 00:00:00-04:00,22.249662227067013,22.59792970965708,21.642045135639055,21.711204528808594,10798400,0.0,0.0
2010-06-08 00:00:00-04:00,22.00760312538312,22.165682281489516,21.335765769704846,21.735904693603516,14485600,0.0,0.0
2010-06-09 00:00:00-04:00,22.022422231223757,22.706608336507703,21.876691904261325,21.98784065246582,9701200,0.0,0.0
2010-06-10 00:00:00-04:00,22.56582038663176,22.884449204100072,22.31388044516746,22.827638626098633,9740000,0.0,0.0
2010-06-11 00:00:00-04:00,22.350928700876715,23.926782802030157,22.350928700876715,23.869972229003906,14185600,0.0,0.0
2010-06-14 00:00:00-04:00,23.9465420217864,23.981121716193513,23.042527049575856,23.094396591186523,15007600,0.0,0.0
2010-06-15 00:00:00-04:00,23.294464909760038,23.618034739822196,23.07710656312564,23.467365264892578,13090400,0.0,0.0
2010-06-16 00:00:00-04:00,23.272239310137447,23.482188022159445,23.00300949855806,23.301877975463867,10197200,0.0,0.0
2010-06-17 00:00:00-04:00,23.45748600464748,24.102153289079357,23.299406858257107,23.983592987060547,14103200,0.0,0.0
2010-06-18 00:00:00-04:00,23.929252265832552,23.958892811631113,23.551344258048015,23.64273452758789,10055600,0.0,0.0
2010-06-21 00:00:00-04:00,24.057695153941967,24.191074796704648,23.358687758972657,23.5661678314209,11048400,0.0,0.0
2010-06-22 00:00:00-04:00,23.440194419620145,23.66496242367652,22.558408480956647,22.69919776916504,13329600,0.0,0.0
2010-06-23 00:00:00-04:00,22.909149086730142,23.168498698096624,22.417621779523987,22.956079483032227,11338400,0.0,0.0
2010-06-24 00:00:00-04:00,23.096865794333844,23.12897497032822,22.32622861040165,22.486778259277344,11480400,0.0,0.0
2010-06-25 00:00:00-04:00,22.676969634551583,22.71896088201012,22.150862627451282,22.630041122436523,8297200,0.0,0.0
2010-06-28 00:00:00-04:00,22.696730050388034,22.805410175542484,22.444791987337094,22.54606056213379,6393200,0.0,0.0
2010-06-29 00:00:00-04:00,22.158272249582275,22.158272249582275,20.87140813953904,21.09617805480957,15199200,0.0,0.0
2010-06-30 00:00:00-04:00,21.009725229499036,21.629692978396882,20.96773586996962,21.197444915771484,15501600,0.0,0.0
2010-07-01 00:00:00-04:00,21.157925707902816,21.642043303559348,20.651577232351073,21.506193161010742,13087200,0.0,0.0
2010-07-02 00:00:00-04:00,21.567944679082586,21.970552222733996,21.330825952350576,21.516075134277344,9820800,0.0,0.0
2010-07-06 00:00:00-04:00,21.93844388100024,22.271892044315955,21.47655522468225,21.76307487487793,10732400,0.0,0.0
2010-07-07 00:00:00-04:00,21.73837189503228,22.595458307723185,21.684031840073494,22.570756912231445,11062000,0.0,0.0
2010-07-08 00:00:00-04:00,22.94372760437635,22.99065799826628,22.254600449220465,22.61768913269043,7910800,0.0,0.0
2010-07-09 00:00:00-04:00,22.58063782124059,22.81528789481084,22.457138377609496,22.669557571411133,4437200,0.0,0.0
2010-07-12 00:00:00-04:00,22.583112402411576,22.90915091690206,22.358342470010527,22.686851501464844,4533600,0.0,0.0
2010-07-13 00:00:00-04:00,22.938789893714066,23.28705738363407,22.723900159455564,23.13144874572754,6200400,0.0,0.0
2010-07-14 00:00:00-04:00,23.455016235680556,23.818104934400857,23.311756415806187,23.645206451416016,8605200,0.0,0.0
2010-07-15 00:00:00-04:00,23.687194069489614,23.763763122822702,23.3241053975068,23.709423065185547,6092400,0.0,0.0
2010-07-16 00:00:00-04:00,23.536525847016097,23.561225360587304,22.672029680859247,22.736249923706055,7004400,0.0,0.0
2010-07-19 00:00:00-04:00,22.73130999906011,23.106749407682354,22.61275157435469,22.87950897216797,7998400,0.0,0.0
2010-07-20 00:00:00-04:00,22.370689933777683,23.042527232363028,22.094050491874295,23.000537872314453,6506800,0.0,0.0
2010-07-21 00:00:00-04:00,23.143794823074604,23.33645553675007,22.679437596626848,22.763418197631836,5971600,0.0,0.0
2010-07-22 00:00:00-04:00,23.151208040070042,23.818104325331777,23.09439746314083,23.694604873657227,6374400,0.0,0.0
2010-07-23 00:00:00-04:00,23.642733499886592,24.77398884192265,23.388324950643305,24.643077850341797,12543200,0.0,0.0
2010-07-26 00:00:00-04:00,24.69989040417036,25.067918243545915,24.420782321005987,24.717180252075195,10813600,0.0,0.0
2010-07-27 00:00:00-04:00,24.850559378022076,24.941949649050677,24.144142376157866,24.403491973876953,6792000,0.0,0.0
2010-07-28 00:00:00-04:00,24.33927234877317,24.63814079798287,24.074983595541312,24.233062744140625,4661600,0.0,0.0
2010-07-29 00:00:00-04:00,24.571452893522988,24.694952351023815,23.778584718049785,24.154024124145508,6449600,0.0,0.0
2010-07-30 00:00:00-04:00,23.92184300246808,24.561571131092887,23.73659382813128,24.440540313720703,5489200,0.0,0.0
2010-08-02 00:00:00-04:00,24.97158718169446,25.314915485007866,24.7147081122276,25.17165756225586,6564400,0.0,0.0
2010-08-03 00:00:00-04:00,25.142018737971068,25.186478616199437,24.761640198562144,24.949359893798828,5140000,0.0,0.0
2010-08-04 00:00:00-04:00,24.99628702557322,25.631074100323005,24.941948852470816,25.579204559326172,5920000,0.0,0.0
2010-08-05 00:00:00-04:00,25.554505258872055,25.554505258872055,25.16918758858711,25.364316940307617,4642400,0.0,0.0
2010-08-06 00:00:00-04:00,25.05062645722364,25.297625342152568,24.670247948298854,25.2753963470459,5499600,0.0,0.0
2010-08-09 00:00:00-04:00,25.282807999692096,25.796566173001892,25.230938455913524,25.70270538330078,6108400,0.0,0.0
2010-08-10 00:00:00-04:00,25.184010011739968,25.30750947347925,24.914782089685406,25.107440948486328,7448000,0.0,0.0
2010-08-11 00:00:00-04:00,24.4825327785862,24.514641958668335,24.018173619062807,24.183664321899414,9782400,0.0,0.0
2010-08-12 00:00:00-04:00,23.63779411308053,24.15649331364541,23.48959514911288,23.946542739868164,10554000,0.0,0.0
2010-08-13 00:00:00-04:00,23.953952956433234,24.25529001646404,23.82798299606953,24.018171310424805,7770400,0.0,0.0
2010-08-16 00:00:00-04:00,23.931722451975187,24.07745277790747,23.650143866359027,23.867502212524414,7285200,0.0,0.0
2010-08-17 00:00:00-04:00,24.302221373276236,24.857968892628538,24.08486302188785,24.534400939941406,9106400,0.0,0.0
2010-08-18 00:00:00-04:00,24.576390300246203,24.672719719511104,24.198482288598964,24.534400939941406,7196000,0.0,0.0
2010-08-19 00:00:00-04:00,24.561572055653112,24.67519132738902,23.800814965471332,23.81316566467285,13326800,0.0,0.0
2010-08-20 00:00:00-04:00,25.749636102409955,27.908406025939026,25.722466071833495,27.8491268157959,42439200,0.0,0.0
2010-08-23 00:00:00-04:00,27.347718362357767,28.009675486173943,26.861130230463708,27.733036041259766,27180400,0.0,0.0
2010-08-24 00:00:00-04:00,26.784561502044653,28.19492500454748,26.749981806564534,27.982505798339844,27593200,0.0,0.0
2010-08-25 00:00:00-04:00,27.619413724774365,28.01955257484799,27.011796727260087,27.710803985595703,18384000,0.0,0.0
2010-08-26 00:00:00-04:00,27.73056513298114,27.98497557795882,27.120479444820045,27.13035774230957,13586400,0.0,0.0
2010-08-27 00:00:00-04:00,27.300790340154062,27.71327808449806,26.490634183648993,27.53544044494629,12054800,0.0,0.0
2010-08-30 00:00:00-04:00,27.211869361968972,27.733037210901063,26.940170938862472,26.96487045288086,8872800,0.0,0.0
2010-08-31 00:00:00-04:00,26.806787794132312,27.330426091283414,26.752447739731025,27.140235900878906,12160400,0.0,0.0
2010-09-01 00:00:00-04:00,27.636707690334294,28.85194186652378,27.49097923901964,28.750673294067383,20854800,0.0,0.0
2010-09-02 00:00:00-04:00,28.64446507887488,29.538599964004668,28.560484466086546,29.42251205444336,14759600,0.0,0.0
2010-09-03 00:00:00-04:00,29.580588235296936,29.998015087018604,29.234789404910284,29.548477172851562,16477200,0.0,0.0
2010-09-07 00:00:00-04:00,29.397808598260294,29.751017104836574,29.355819237029706,29.55341911315918,7971600,0.0,0.0
2010-09-08 00:00:00-04:00,29.74607849385346,29.958497704975724,29.427449677170063,29.58799934387207,8782000,0.0,0.0
2010-09-09 00:00:00-04:00,30.123986216435085,30.13386639876565,28.960621600453056,29.05942153930664,10284000,0.0,0.0
2010-09-10 00:00:00-04:00,29.27183709827456,29.484256280764235,28.77783935005706,29.002607345581055,9489600,0.0,0.0
2010-09-13 00:00:00-04:00,29.360758638250182,29.639866704649588,28.8741705250032,29.291597366333008,10162800,0.0,0.0
2010-09-14 00:00:00-04:00,28.83712317394605,29.36817121528174,28.777843962305745,29.09153175354004,11873600,0.0,0.0
2010-09-15 00:00:00-04:00,29.01990139648792,29.08412164070848,28.47897506523468,28.85194206237793,9294800,0.0,0.0
2010-09-16 00:00:00-04:00,28.74079345641261,29.07177109286544,28.637054365982813,28.879112243652344,8204000,0.0,0.0
2010-09-17 00:00:00-04:00,29.14093002165797,29.19526819479856,28.59012166495821,28.83465003967285,10694000,0.0,0.0
2010-09-20 00:00:00-04:00,29.10388173157188,30.571053961126893,28.9532122471963,30.41544532775879,16048000,0.0,0.0
2010-09-21 00:00:00-04:00,30.32652457808226,30.366045306537924,29.81276641487097,29.983196258544922,9337600,0.0,0.0
2010-09-22 00:00:00-04:00,29.973313568895602,30.00789326117538,29.145867701711957,29.31629753112793,10432800,0.0,0.0
2010-09-23 00:00:00-04:00,29.121169818804304,29.501548339599676,28.827240533541516,29.019899368286133,8086400,0.0,0.0
2010-09-24 00:00:00-04:00,29.565768359406544,29.899218390801167,29.31383030389169,29.476848602294922,10028000,0.0,0.0
2010-09-27 00:00:00-04:00,29.46943718951072,29.52871828037205,28.856880992892954,28.908750534057617,6844400,0.0,0.0
2010-09-28 00:00:00-04:00,29.116229233943322,29.14586977991885,28.07389547390627,28.34806251525879,12415200,0.0,0.0
2010-09-29 00:00:00-04:00,28.38758442341147,28.597533117223463,27.461338523253765,28.054136276245117,15104000,0.0,0.0
2010-09-30 00:00:00-04:00,28.335717391560372,28.750675667001925,27.602130272078668,27.61448097229004,13821600,0.0,0.0
2010-10-01 00:00:00-04:00,27.933105390333367,27.94792660612893,27.298318276943064,27.663877487182617,10276400,0.0,0.0
2010-10-04 00:00:00-04:00,27.587308197192346,27.908405641795675,27.14023889942109,27.683637619018555,9086400,0.0,0.0
2010-10-05 00:00:00-04:00,28.157873908636947,28.38264380665514,27.767615203950516,28.135644912719727,10483200,0.0,0.0
2010-10-06 00:00:00-04:00,28.187516387541017,28.187516387541017,24.186132900682917,25.922534942626953,64562800,0.0,0.0
2010-10-07 00:00:00-04:00,26.38442513568462,26.426414500733816,25.26057927134076,25.91512680053711,28779200,0.0,0.0
2010-10-08 00:00:00-04:00,25.907712907485156,26.381950314610563,25.418656170278314,26.14977264404297,14123600,0.0,0.0
2010-10-11 00:00:00-04:00,26.1349519308949,26.154712294350535,24.640609778036996,24.67765998840332,23921200,0.0,0.0
2010-10-12 00:00:00-04:00,24.652959234727565,26.275741907912074,24.393611524304305,26.050973892211914,25572000,0.0,0.0
2010-10-13 00:00:00-04:00,26.399241600629917,26.96981033775122,26.18929291373685,26.505451202392578,18388400,0.0,0.0
2010-10-14 00:00:00-04:00,26.55979255467116,26.661063012551764,25.94723631169099,26.517803192138672,10725600,0.0,0.0
2010-10-15 00:00:00-04:00,26.774682091818985,26.866070482029066,26.38689388036646,26.76974105834961,9300400,0.0,0.0
2010-10-18 00:00:00-04:00,26.903120795014377,26.903120795014377,25.6829474623987,26.09049415588379,13386400,0.0,0.0
2010-10-19 00:00:00-04:00,24.969119119174977,26.026276045882586,24.81103996619017,25.59649658203125,12371200,0.0,0.0
2010-10-20 00:00:00-04:00,25.813854449106383,26.13248324244647,25.243285733380194,25.79409408569336,7460800,0.0,0.0
2010-10-21 00:00:00-04:00,25.88795469883199,26.562262540433128,25.712585701950132,26.00898551940918,7202000,0.0,0.0
2010-10-22 00:00:00-04:00,26.05097464758545,26.890771296180127,25.858315804412687,26.661062240600586,6678400,0.0,0.0
2010-10-25 00:00:00-04:00,27.07848642015933,28.07142296880475,27.048847760735338,27.799724578857422,15242000,0.0,0.0
2010-10-26 00:00:00-04:00,27.58236686218737,27.85653579344901,27.25138923890695,27.629297256469727,8191600,0.0,0.0
2010-10-27 00:00:00-04:00,28.26408436367876,28.63952186466244,27.676227656726653,28.419692993164062,11044800,0.0,0.0
2010-10-28 00:00:00-04:00,28.533315322335568,28.683984819113316,27.79478905554861,28.404876708984375,6473600,0.0,0.0
2010-10-29 00:00:00-04:00,28.367823785448795,28.89887180664944,28.231975518738363,28.66916275024414,6098800,0.0,0.0
2010-11-01 00:00:00-04:00,28.735850890366116,28.763020919903777,27.817016572695213,28.09612464904785,7495200,0.0,0.0
2010-11-02 00:00:00-04:00,28.224562081157384,28.649400469706926,27.930634686088034,28.51108169555664,5524000,0.0,0.0
2010-11-03 00:00:00-04:00,28.600003173229556,28.876642622689793,28.06895515546985,28.76302146911621,8425600,0.0,0.0
2010-11-04 00:00:00-04:00,29.145871074404493,29.481789739238547,28.056604988188464,28.165285110473633,12630400,0.0,0.0
2010-11-05 00:00:00-04:00,28.355473086590393,28.439451803945047,27.770085043825674,27.952863693237305,8197600,0.0,0.0
2010-11-08 00:00:00-05:00,28.13317501493061,28.748201746710905,27.787376178924696,28.281373977661133,9884400,0.0,0.0
2010-11-09 00:00:00-05:00,28.202334070896168,28.474032480089754,27.844186424838995,28.34806251525879,9503200,0.0,0.0
2010-11-10 00:00:00-05:00,28.350533788478153,29.16809955448876,28.26655506598434,29.116230010986328,10510800,0.0,0.0
2010-11-11 00:00:00-05:00,28.481443950533524,29.168100624642477,28.046727222053644,28.832183837890625,9027200,0.0,0.0
2010-11-12 00:00:00-05:00,28.54813220290768,29.185389792368138,28.315952642921626,28.4073429107666,7510400,0.0,0.0
2010-11-15 00:00:00-05:00,28.478975983661464,28.651874472386368,27.98744678030374,28.066486358642578,8118000,0.0,0.0
2010-11-16 00:00:00-05:00,27.78984750715326,28.066485076475413,26.97475036165282,27.421817779541016,9161600,0.0,0.0
2010-11-17 00:00:00-05:00,27.468750326330163,27.826899899597265,27.04391187222146,27.206932067871094,9602000,0.0,0.0
2010-11-18 00:00:00-05:00,27.94792633413167,28.780311433658145,27.844187246832856,28.595062255859375,20036800,0.0,0.0
2010-11-19 00:00:00-05:00,31.220661852176683,33.915418915737646,31.220661852176683,33.77463150024414,63398800,0.0,0.0
2010-11-22 00:00:00-05:00,33.41895232668664,34.62677681149226,33.41401129333392,34.53785705566406,22693600,0.0,0.0
2010-11-23 00:00:00-05:00,33.90307372393201,35.30602968681212,33.888254390304844,35.197349548339844,25506800,0.0,0.0
2010-11-24 00:00:00-05:00,35.026917851533305,35.9210527769661,34.73792955412389,35.856834411621094,17630000,0.0,0.0
2010-11-26 00:00:00-05:00,35.14794582925604,36.17298980351598,35.14794582925604,36.01985168457031,6282400,0.0,0.0
2010-11-29 00:00:00-05:00,35.56784256570903,36.061840379121655,35.229455269570735,35.520912170410156,13376000,0.0,0.0
2010-11-30 00:00:00-05:00,35.11088904750899,35.60488680417548,34.36248274767157,34.387184143066406,23892800,0.0,0.0
2010-12-01 00:00:00-05:00,35.09114002882557,35.8099040555644,35.05408792773506,35.57772445678711,12007600,0.0,0.0
2010-12-02 00:00:00-05:00,35.622176847360834,35.933394062513436,35.160290172805794,35.32577896118164,12354800,0.0,0.0
2010-12-03 00:00:00-05:00,35.049136839899205,35.61476634171622,35.049136839899205,35.27390670776367,8988400,0.0,0.0
2010-12-06 00:00:00-05:00,35.56537067693034,35.982795625163256,34.856481316737295,35.871646881103516,10564000,0.0,0.0
2010-12-07 00:00:00-05:00,36.80283715340598,36.97573563457402,35.84201155566048,35.874122619628906,15427200,0.0,0.0
2010-12-08 00:00:00-05:00,36.82506642975824,37.207915492400566,36.06184070566174,37.19309616088867,16046400,0.0,0.0
2010-12-09 00:00:00-05:00,37.36105268596165,37.36105268596165,36.37552947575011,36.6768684387207,12301600,0.0,0.0
2010-12-10 00:00:00-05:00,36.70650100708008,37.04982927426546,36.269311966350756,36.70650100708008,9740800,0.0,0.0
2010-12-13 00:00:00-05:00,37.02266627773496,37.03995801041961,35.51350279468124,35.538204193115234,11158400,0.0,0.0
2010-12-14 00:00:00-05:00,35.57031718383085,35.72839635996868,33.59185696497866,33.6708984375,22624000,0.0,0.0
2010-12-15 00:00:00-05:00,33.510339120993606,34.046326262695636,33.11020212324923,33.52268981933594,14452800,0.0,0.0
2010-12-16 00:00:00-05:00,33.71040749149278,34.22910666866347,33.40659991172913,33.969757080078125,8933600,0.0,0.0
2010-12-17 00:00:00-05:00,34.08584561190762,34.28591410269203,33.69064589435296,33.71534729003906,9222800,0.0,0.0
2010-12-20 00:00:00-05:00,33.78450824749072,33.83884830540588,32.6063224738269,33.149723052978516,10931200,0.0,0.0
2010-12-21 00:00:00-05:00,33.441183633803284,34.57984880595557,33.38931220227641,34.34025955200195,11824000,0.0,0.0
2010-12-22 00:00:00-05:00,34.15006347981988,34.28344498438673,33.40659821462146,33.47575759887695,10308400,0.0,0.0
2010-12-23 00:00:00-05:00,33.39672067004299,33.56467810161682,32.88049013956774,33.453529357910156,8708400,0.0,0.0
2010-12-27 00:00:00-05:00,33.404134097686565,33.43130412866676,32.72982435669744,33.10032272338867,6361600,0.0,0.0
2010-12-28 00:00:00-05:00,33.28803727059388,33.28803727059388,32.68041841935774,32.92988967895508,4158800,0.0,0.0
2010-12-29 00:00:00-05:00,32.96200041894814,33.18923894066927,32.68536287405354,32.8385009765625,5374800,0.0,0.0
2010-12-30 00:00:00-05:00,32.73476355044789,32.94965138500226,32.51493468265546,32.66313552856445,4775200,0.0,0.0
2010-12-31 00:00:00-05:00,32.52481367517524,32.64584449421708,32.02587860568945,32.60385513305664,8038800,0.0,0.0
2011-01-03 00:00:00-05:00,32.88296478446083,34.12042791746112,32.88296478446083,33.74005126953125,11284400,0.0,0.0
2011-01-04 00:00:00-05:00,34.19699729121849,34.25627838461336,32.94965208003609,33.515281677246094,9003600,0.0,0.0
2011-01-05 00:00:00-05:00,33.6783001785661,35.13559212284849,33.46834961438292,35.12324142456055,14439200,0.0,0.0
2011-01-06 00:00:00-05:00,35.607364221061644,35.73827334350711,34.93058584228552,35.404823303222656,11770400,0.0,0.0
2011-01-07 00:00:00-05:00,35.404819000554305,35.404819000554305,34.209345310835324,35.12818145751953,8480400,0.0,0.0
2011-01-10 00:00:00-05:00,34.82931651680554,35.37024475718369,34.57984896323352,35.23192596435547,6548400,0.0,0.0
2011-01-11 00:00:00-05:00,35.535730432475674,35.535730432475674,34.597137630358425,34.856483459472656,6034800,0.0,0.0
2011-01-12 00:00:00-05:00,35.303555090997875,35.4171762565854,34.63913113827983,34.984928131103516,6154400,0.0,0.0
2011-01-13 00:00:00-05:00,35.071374144970605,35.8839988439531,34.75274346267697,35.530792236328125,9465600,0.0,0.0
2011-01-14 00:00:00-05:00,35.320842446206704,36.2149772517327,35.26403375490805,36.17792892456055,7626800,0.0,0.0
2011-01-18 00:00:00-05:00,35.846952908541354,35.96797996198539,35.25168463266136,35.64935302734375,8289600,0.0,0.0
2011-01-19 00:00:00-05:00,35.730856655130836,35.77531464168209,34.28838419050228,34.78731918334961,9199200,0.0,0.0
2011-01-20 00:00:00-05:00,32.902720773161896,33.520217941445885,31.862853883454058,32.551979064941406,20682000,0.0,0.0
2011-01-21 00:00:00-05:00,32.81133260556937,33.43623951408843,32.60385443642004,32.66313552856445,9462000,0.0,0.0
2011-01-24 00:00:00-05:00,31.675140158307173,32.253116677315994,31.245360717326612,31.573869705200195,16000400,0.0,0.0
2011-01-25 00:00:00-05:00,31.03541302715509,31.47260026318493,30.141276305823894,30.620454788208008,17782400,0.0,0.0
2011-01-26 00:00:00-05:00,31.467661560867377,31.8826198057045,31.233011465323425,31.687488555908203,10467200,0.0,0.0
2011-01-27 00:00:00-05:00,32.045638731889326,32.356855989949,31.4750699898758,31.675140380859375,8052800,0.0,0.0
2011-01-28 00:00:00-05:00,32.16913910015805,33.09785363643457,31.959188521021957,32.50752639770508,16472400,0.0,0.0
2011-01-31 00:00:00-05:00,32.56433822530073,32.712539091766565,31.717133699307098,31.897441864013672,9790400,0.0,0.0
2011-02-01 00:00:00-05:00,32.11479753406442,32.86320388791802,31.615858708527337,32.51493453979492,8712000,0.0,0.0
2011-02-02 00:00:00-05:00,32.495167946835885,33.828963991768994,32.48528965120082,33.36460494995117,10083600,0.0,0.0
2011-02-03 00:00:00-05:00,33.35225835924661,33.71040598033144,32.82614954046381,33.13983917236328,7934000,0.0,0.0
2011-02-04 00:00:00-05:00,33.41647978845433,34.26121934980844,33.18677261870137,34.0734977722168,9096000,0.0,0.0
2011-02-07 00:00:00-05:00,34.10561245903012,34.25875058846873,33.63631223409493,33.814151763916016,9052800,0.0,0.0
2011-02-08 00:00:00-05:00,33.838853085404324,34.053740946393575,33.27816446438939,33.66595458984375,8430800,0.0,0.0
2011-02-09 00:00:00-05:00,33.475758884261886,33.6659490827192,32.915070354965195,33.20899963378906,6094000,0.0,0.0
2011-02-10 00:00:00-05:00,32.890374229440894,34.17476774788522,32.67795502597057,34.07596969604492,8619600,0.0,0.0
2011-02-11 00:00:00-05:00,33.959875646472575,35.088658511021045,33.616547371433114,34.95280838012695,8576000,0.0,0.0
2011-02-14 00:00:00-05:00,34.7873217927775,35.62958888872199,34.7873217927775,35.12818145751953,7187200,0.0,0.0
2011-02-15 00:00:00-05:00,35.8370764423355,36.18534586337339,34.952819756682096,35.194881439208984,9969600,0.0,0.0
2011-02-16 00:00:00-05:00,35.25908660888672,35.469037143541286,34.96021633553066,35.25908660888672,6031600,0.0,0.0
2011-02-17 00:00:00-05:00,35.08866455068266,35.19734467410458,34.63171882853684,34.81202697753906,8726800,0.0,0.0
2011-02-18 00:00:00-05:00,34.950344162580116,35.431991261216474,34.73545632678176,35.34060287475586,7945200,0.0,0.0
2011-02-22 00:00:00-05:00,34.78238694247206,34.999743411838466,33.409069891194974,33.777099609375,10088800,0.0,0.0
2011-02-23 00:00:00-05:00,33.75239774890274,34.256277609091555,32.193835312715606,32.94224166870117,13047600,0.0,0.0
2011-02-24 00:00:00-05:00,33.26087769016296,33.633844727433434,32.62856101581357,33.17689895629883,17460000,0.0,0.0
2011-02-25 00:00:00-05:00,35.938337506428354,36.55583471444259,33.91047501699192,34.290855407714844,31779600,0.0,0.0
2011-02-28 00:00:00-05:00,33.801799019561116,33.942586424596556,31.704777122917374,32.6705436706543,27566400,0.0,0.0
2011-03-01 00:00:00-05:00,32.76687317757214,32.821213234097776,31.428137780969458,31.62820816040039,18276400,0.0,0.0
2011-03-02 00:00:00-05:00,31.739356998642194,32.66066179241474,31.368858667918744,31.61832618713379,15532800,0.0,0.0
2011-03-03 00:00:00-05:00,32.09504804522165,32.52482385806777,31.64057082682802,32.127159118652344,13414000,0.0,0.0
2011-03-04 00:00:00-05:00,32.51493522274898,32.59150427914233,31.699838094518388,32.102447509765625,15894000,0.0,0.0
2011-03-07 00:00:00-05:00,31.857918771763526,32.34697933354933,30.929204214863592,31.62080192565918,14676400,0.0,0.0
2011-03-08 00:00:00-05:00,31.47754322849161,31.904850308336922,31.1712632083497,31.44790267944336,9297200,0.0,0.0
2011-03-09 00:00:00-05:00,31.265121426950387,31.635619779470712,30.914383438832974,31.54422950744629,8771600,0.0,0.0
2011-03-10 00:00:00-05:00,31.05023084136083,31.601039205962515,30.566113233652974,31.418258666992188,12660000,0.0,0.0
2011-03-11 00:00:00-05:00,30.87486225533298,31.934485869618214,30.872391738705986,31.583749771118164,8255200,0.0,0.0
2011-03-14 00:00:00-04:00,31.0280057316095,31.687490526651658,30.672326675499143,30.86004638671875,12072400,0.0,0.0
2011-03-15 00:00:00-04:00,29.7781858410213,31.312048735470384,29.699146270894282,31.010711669921875,11552400,0.0,0.0
2011-03-16 00:00:00-04:00,30.97119462692465,31.677611693417067,30.41791757021841,30.667387008666992,16580000,0.0,0.0
2011-03-17 00:00:00-04:00,31.094691381564015,31.181140619705076,30.15609480744149,30.215375900268555,12206000,0.0,0.0
2011-03-18 00:00:00-04:00,30.66491504270852,30.684675407770147,29.06189264501352,29.6423397064209,18676400,0.0,0.0
2011-03-21 00:00:00-04:00,29.832527749788685,31.158912561619882,29.36817048203773,30.731603622436523,13904000,0.0,0.0
2011-03-22 00:00:00-04:00,30.593282561695112,30.679731796009534,29.827586382199982,30.00789451599121,12389200,0.0,0.0
2011-03-23 00:00:00-04:00,29.86463711918284,30.336404025877453,29.39533884461791,30.16350555419922,10310800,0.0,0.0
2011-03-24 00:00:00-04:00,31.047765080592093,31.96166037762406,30.77606663156521,31.924612045288086,17210800,0.0,0.0
2011-03-25 00:00:00-04:00,31.94930731495265,32.169136172071084,31.425668999814977,31.48000717163086,11244000,0.0,0.0
2011-03-28 00:00:00-04:00,31.59857254374865,31.85051061803481,31.035415296383615,31.613391876220703,6440000,0.0,0.0
2011-03-29 00:00:00-04:00,31.391089961880144,31.971538896745937,31.149032090042237,31.467660903930664,8300400,0.0,0.0
2011-03-30 00:00:00-04:00,31.59363029540965,33.290511537294776,31.492359841578175,33.2188835144043,16511600,0.0,0.0
2011-03-31 00:00:00-04:00,32.719944988973886,33.0879747113287,32.5272861461047,32.99411392211914,10954800,0.0,0.0
2011-04-01 00:00:00-04:00,33.33497293602413,33.762279974317465,32.92001282750886,33.12749099731445,11558400,0.0,0.0
2011-04-04 00:00:00-04:00,33.24605753556855,33.305334866758784,32.63349747463588,33.12502670288086,5995600,0.0,0.0
2011-04-05 00:00:00-04:00,32.88296745250267,33.1917161027548,32.4680073067335,33.00152587890625,9096400,0.0,0.0
2011-04-06 00:00:00-04:00,33.14725416170193,33.33250335087192,31.95918996484979,32.46306610107422,10189200,0.0,0.0
2011-04-07 00:00:00-04:00,32.94224233188914,33.26581029027034,32.60385504242242,33.087974548339844,10424800,0.0,0.0
2011-04-08 00:00:00-04:00,33.22629266963343,33.53256888972173,32.97435273947688,33.258399963378906,9205200,0.0,0.0
2011-04-11 00:00:00-04:00,33.241113523277306,33.8586107938786,33.0978537042293,33.25099182128906,9428000,0.0,0.0
2011-04-12 00:00:00-04:00,32.801447822719325,32.95705453436379,32.30991875757687,32.80638885498047,9804400,0.0,0.0
2011-04-13 00:00:00-04:00,33.14972587740358,33.39178375761968,32.8063975379986,33.191715240478516,8226400,0.0,0.0
2011-04-14 00:00:00-04:00,32.88049444418641,33.19665275469556,32.603856864716995,32.855796813964844,7064400,0.0,0.0
2011-04-15 00:00:00-04:00,32.92742697762817,33.167016242858445,32.48776918077161,33.031166076660156,7830000,0.0,0.0
2011-04-18 00:00:00-04:00,32.72241155786942,32.85085203465138,32.24570551410964,32.65078353881836,8340000,0.0,0.0
2011-04-19 00:00:00-04:00,32.53469389829171,32.74217206011746,31.66525675538349,32.24076461791992,10565600,0.0,0.0
2011-04-20 00:00:00-04:00,33.295453306067806,35.18746583189946,33.122554825526684,35.093605041503906,22222400,0.0,0.0
2011-04-21 00:00:00-04:00,34.80461810441224,35.0713773855493,34.32543960508666,34.54773712158203,9527600,0.0,0.0
2011-04-25 00:00:00-04:00,34.55020599656822,34.55020599656822,34.011746455644854,34.28591537475586,7109600,0.0,0.0
2011-04-26 00:00:00-04:00,34.35507836748311,34.710757410019696,33.65113371729177,33.98952102661133,7600000,0.0,0.0
2011-04-27 00:00:00-04:00,33.91542162484403,34.394600140053335,33.043515725319494,34.337791442871094,7540400,0.0,0.0
2011-04-28 00:00:00-04:00,34.110551149929364,34.33284866248446,33.37202304851355,34.04880142211914,6931200,0.0,0.0
2011-04-29 00:00:00-04:00,33.95987423904285,34.456340585294534,33.65853533169502,34.23404312133789,5418400,0.0,0.0
2011-05-02 00:00:00-04:00,34.48597914059956,34.50573950138919,33.478223353749236,33.63877487182617,7436000,0.0,0.0
2011-05-03 00:00:00-04:00,33.59432697423023,33.66842741552914,32.54952243552111,33.01388168334961,7590800,0.0,0.0
2011-05-04 00:00:00-04:00,32.91014046013311,32.97929986253045,31.899911920798445,32.5223503112793,8614800,0.0,0.0
2011-05-05 00:00:00-04:00,32.10245023539521,32.80145763782831,32.07528020318387,32.349449157714844,7002800,0.0,0.0
2011-05-06 00:00:00-04:00,33.00152642915249,33.278164018341464,32.280290022406604,32.682899475097656,6811200,0.0,0.0
2011-05-09 00:00:00-04:00,32.74958958855131,32.94718950059814,32.280293095231826,32.779232025146484,4015600,0.0,0.0
2011-05-10 00:00:00-04:00,32.9891737270404,33.493053612659224,32.79404624698787,33.436241149902344,5544400,0.0,0.0
2011-05-11 00:00:00-04:00,33.48317214967075,33.83638255621356,32.85579656697473,33.191715240478516,4794000,0.0,0.0
2011-05-12 00:00:00-04:00,33.221347300115674,33.591845597142985,32.537159389645566,33.465877532958984,5315200,0.0,0.0
2011-05-13 00:00:00-04:00,33.53257102093017,33.98457948329928,33.27569381011986,33.32262420654297,5549600,0.0,0.0
2011-05-16 00:00:00-04:00,32.82615215580767,33.068213790337374,31.62080009204664,31.85297966003418,11210000,0.0,0.0
2011-05-17 00:00:00-04:00,31.77888158826874,32.312400153903724,31.43061221051498,32.12961959838867,11950400,0.0,0.0
2011-05-18 00:00:00-04:00,32.15678816391207,33.31521363567138,32.13455916691686,33.159603118896484,10472000,0.0,0.0
2011-05-19 00:00:00-04:00,33.56221360803742,33.94505890924515,32.98670568670331,33.544921875,17094000,0.0,0.0
2011-05-20 00:00:00-04:00,35.87411808669731,36.980671995256614,35.197339810035835,36.21250534057617,42194400,0.0,0.0
2011-05-23 00:00:00-04:00,35.6197110224988,36.25449619994043,35.37764940051203,35.888938903808594,15792000,0.0,0.0
2011-05-24 00:00:00-04:00,36.50396611250692,37.63028427287156,36.43974775471458,37.198036193847656,22720800,0.0,0.0
2011-05-25 00:00:00-04:00,36.68921756791898,37.51172441592851,36.629940239784204,37.279544830322266,11510400,0.0,0.0
2011-05-26 00:00:00-04:00,36.800366639909846,38.03536111212625,36.800366639909846,37.92914962768555,11574800,0.0,0.0
2011-05-27 00:00:00-04:00,37.78836226790339,37.85258062373854,37.299301742644836,37.370933532714844,9974800,0.0,0.0
2011-05-31 00:00:00-04:00,37.551242608126195,37.60805130004883,36.830006269655065,37.60805130004883,8816000,0.0,0.0
2011-06-01 00:00:00-04:00,37.24495889339989,37.553707488728804,35.86423607962588,36.00749588012695,12743600,0.0,0.0
2011-06-02 00:00:00-04:00,35.96304295960878,36.82753914835991,35.83707110286344,36.61511993408203,7535600,0.0,0.0
2011-06-03 00:00:00-04:00,35.68640225598701,36.301430912384824,35.53326413442709,35.812374114990234,7051200,0.0,0.0
2011-06-06 00:00:00-04:00,35.686397200698835,35.90869845449954,35.063962735426,35.27885055541992,7246800,0.0,0.0
2011-06-07 00:00:00-04:00,35.394946027213905,35.51350445364606,34.804618758545764,35.08372497558594,7660400,0.0,0.0
2011-06-08 00:00:00-04:00,35.00715740040151,35.18993796596476,34.20935190936096,34.649009704589844,7897600,0.0,0.0
2011-06-09 00:00:00-04:00,35.017033914677285,35.25909177313317,34.58231345339684,35.02938461303711,7746000,0.0,0.0
2011-06-10 00:00:00-04:00,35.063964995461646,35.439400604423696,34.431644654722504,34.65394592285156,6952800,0.0,0.0
2011-06-13 00:00:00-04:00,34.725571966138666,34.80461341756699,33.78450682738027,33.863548278808594,9584400,0.0,0.0
2011-06-14 00:00:00-04:00,34.466227167968434,35.152887623586594,34.11796155989012,34.73298645019531,9129200,0.0,0.0
2011-06-15 00:00:00-04:00,34.33038237026009,34.92070965760849,33.95000191043461,34.44647216796875,12715200,0.0,0.0
2011-06-16 00:00:00-04:00,34.41929423356061,34.68852209882164,33.27074722032823,33.90800476074219,11200800,0.0,0.0
2011-06-17 00:00:00-04:00,34.44152756459325,34.67370713594748,34.14512963540017,34.4637565612793,13312000,0.0,0.0
2011-06-20 00:00:00-04:00,34.42671227876589,34.663829142421015,34.21676167942755,34.444000244140625,5276400,0.0,0.0
2011-06-21 00:00:00-04:00,34.607011545600535,35.64193740552611,34.49339040800503,35.54807662963867,8945200,0.0,0.0
2011-06-22 00:00:00-04:00,35.36777038170078,35.75802906604067,34.85154362482675,35.11088943481445,7700000,0.0,0.0
2011-06-23 00:00:00-04:00,34.58231594089326,35.77532112530865,34.58231594089326,35.6864013671875,8477200,0.0,0.0
2011-06-24 00:00:00-04:00,35.6098327861952,35.96304319113193,34.942936475788976,35.33072280883789,11150400,0.0,0.0
2011-06-27 00:00:00-04:00,35.140531767537475,35.9852674861826,34.84166146395505,35.837066650390625,5836800,0.0,0.0
2011-06-28 00:00:00-04:00,35.90622879429237,36.55583710566533,35.77038241476622,36.40022659301758,5732800,0.0,0.0
2011-06-29 00:00:00-04:00,36.484212461488454,36.484212461488454,35.84695478985643,36.123592376708984,4934000,0.0,0.0
2011-06-30 00:00:00-04:00,36.345888871688516,36.95350786152499,36.28413914287566,36.79789733886719,7045200,0.0,0.0
2011-07-01 00:00:00-04:00,36.87940955524933,37.17827991821881,36.38788409771483,36.899169921875,6382800,0.0,0.0
2011-07-05 00:00:00-04:00,36.95350779209424,38.10205123829376,36.6694605476505,38.025482177734375,8169200,0.0,0.0
2011-07-06 00:00:00-04:00,37.97114554331656,38.642982953709556,37.53642877084654,38.60346221923828,10210400,0.0,0.0
2011-07-07 00:00:00-04:00,38.899858475373414,39.52476539660523,38.80105665312276,39.05793762207031,9954000,0.0,0.0
2011-07-08 00:00:00-04:00,38.14898114545971,38.766478424502125,38.03783238901293,38.69731903076172,7116400,0.0,0.0
2011-07-11 00:00:00-04:00,38.18849535334178,38.61827474295544,37.467259106874366,37.6500358581543,8061600,0.0,0.0
2011-07-12 00:00:00-04:00,37.815533474068765,37.90939049414845,37.173334820113126,37.272132873535156,5363600,0.0,0.0
2011-07-13 00:00:00-04:00,37.65250840109596,38.18108583291573,37.63521667109682,37.76118850708008,5298400,0.0,0.0
2011-07-14 00:00:00-04:00,37.74638020058818,38.22061771790282,37.0547824078317,37.168399810791016,6653200,0.0,0.0
2011-07-15 00:00:00-04:00,37.617931788399865,38.16626962698936,37.32153387349029,38.136627197265625,6164400,0.0,0.0
2011-07-18 00:00:00-04:00,37.97855385795509,38.037834957551716,37.27707780613214,37.69944763183594,4457200,0.0,0.0
2011-07-19 00:00:00-04:00,37.95632526918137,39.54946762012715,37.924214202106405,39.351871490478516,8363200,0.0,0.0
2011-07-20 00:00:00-04:00,39.53711485429431,39.53711485429431,37.88469164695577,38.24530792236328,7633600,0.0,0.0
2011-07-21 00:00:00-04:00,38.0106553604688,38.14650549062988,36.126052805724825,36.33106231689453,13632000,0.0,0.0
2011-07-22 00:00:00-04:00,36.538547763982145,37.52407479371743,36.36812167815214,37.15110778808594,8096000,0.0,0.0
2011-07-25 00:00:00-04:00,36.73121175887526,37.45491679933801,36.68180895880034,36.95845031738281,4981600,0.0,0.0
2011-07-26 00:00:00-04:00,37.049834300108756,37.694501567686814,36.57065584013604,37.48208236694336,7111600,0.0,0.0
2011-07-27 00:00:00-04:00,37.33882434127501,37.34376537471115,35.822251202143256,35.911170959472656,9347600,0.0,0.0
2011-07-28 00:00:00-04:00,36.13594306751871,36.45457001880241,35.62959452328558,36.086544036865234,8042800,0.0,0.0
2011-07-29 00:00:00-04:00,35.73333540029555,36.05690340145176,34.975050631243874,35.74321746826172,7013600,0.0,0.0
2011-08-01 00:00:00-04:00,36.69663495881889,36.788023362148145,35.19734955804405,35.977867126464844,7644400,0.0,0.0
2011-08-02 00:00:00-04:00,35.70863491559899,36.69663057462991,35.36777520718393,35.38506317138672,7222800,0.0,0.0
2011-08-03 00:00:00-04:00,35.84200666144149,36.14581422035935,33.8808350040799,35.562896728515625,10394000,0.0,0.0
2011-08-04 00:00:00-04:00,35.199814019216625,35.31837621202564,33.394252553623524,33.4510612487793,10842400,0.0,0.0
2011-08-05 00:00:00-04:00,34.40200683252526,34.676175765007315,32.10491628590591,33.515281677246094,12984800,0.0,0.0
2011-08-08 00:00:00-04:00,32.67548473985734,33.07809417652904,30.575995851125672,30.857574462890625,13323600,0.0,0.0
2011-08-09 00:00:00-04:00,31.381212133963768,32.7545254646173,30.43767637721042,32.72982406616211,13769200,0.0,0.0
2011-08-10 00:00:00-04:00,32.01105759119922,32.67054417398717,31.396028999453534,31.672666549682617,12761600,0.0,0.0
2011-08-11 00:00:00-04:00,32.01847312114598,33.769694664175276,31.662794052042866,33.233707427978516,10658000,0.0,0.0
2011-08-12 00:00:00-04:00,33.56715080844998,33.710410630426274,32.84344580158649,33.11761474609375,8325200,0.0,0.0
2011-08-15 00:00:00-04:00,33.69558862120741,34.06855559383276,33.122553147739865,33.93023681640625,7332000,0.0,0.0
2011-08-16 00:00:00-04:00,34.08090933538426,34.17230149705464,32.109859043253174,32.892845153808594,13100800,0.0,0.0
2011-08-17 00:00:00-04:00,32.83356255626497,33.03610346696824,30.598223601881553,31.19843101501465,18484000,0.0,0.0
2011-08-18 00:00:00-04:00,30.346284274003196,30.41791417941256,27.81701612655575,28.172693252563477,30688000,0.0,0.0
2011-08-19 00:00:00-04:00,29.076712669626925,30.590815345085357,27.35265940817575,27.416879653930664,38495200,0.0,0.0
2011-08-22 00:00:00-04:00,28.222092165786123,28.70373922133823,26.977217601683897,27.382295608520508,20048000,0.0,0.0
2011-08-23 00:00:00-04:00,27.775026421033743,29.316300962106432,27.448987938201466,29.30889129638672,14463600,0.0,0.0
2011-08-24 00:00:00-04:00,29.027309832163212,29.269369582766085,28.283844501676487,28.755611419677734,15206800,0.0,0.0
2011-08-25 00:00:00-04:00,28.562956330830566,28.987794795161417,27.570021453867312,27.779970169067383,12771200,0.0,0.0
2011-08-26 00:00:00-04:00,27.53543509624346,29.15080606177526,27.431694137757802,29.022367477416992,13376400,0.0,0.0
2011-08-29 00:00:00-04:00,29.34840766283376,31.415789024360798,29.207618372694412,31.265119552612305,16174800,0.0,0.0
2011-08-30 00:00:00-04:00,30.939082721241505,30.948962903369235,29.726317218504366,30.494483947753906,14607600,0.0,0.0
2011-08-31 00:00:00-04:00,31.06751666774259,32.10985217048127,31.015647132678332,31.801103591918945,19376400,0.0,0.0
2011-09-01 00:00:00-04:00,31.79369672033459,32.117264656065856,31.233008197121006,31.368858337402344,12228000,0.0,0.0
2011-09-02 00:00:00-04:00,30.63033604540666,31.000834418736556,30.035067754386255,30.531536102294922,11555200,0.0,0.0
2011-09-06 00:00:00-04:00,29.528719600183322,30.133866158603965,28.829712252596387,29.869577407836914,14421600,0.0,0.0
2011-09-07 00:00:00-04:00,30.714312594029046,31.161381880903672,30.25736500955073,30.988481521606445,8539600,0.0,0.0
2011-09-08 00:00:00-04:00,30.74642582156255,31.45284098598893,30.600695481545248,30.847694396972656,8763200,0.0,0.0
2011-09-09 00:00:00-04:00,30.46731413821957,30.956372792590624,30.161036027854504,30.43767547607422,12544800,0.0,0.0
2011-09-12 00:00:00-04:00,29.95849596757064,30.625392225100565,29.573178297393525,30.563642501831055,9336800,0.0,0.0
2011-09-13 00:00:00-04:00,30.571051399072743,31.36885863283036,30.225254465012558,31.265119552612305,8593600,0.0,0.0
2011-09-14 00:00:00-04:00,31.35404418737465,32.650788545479564,30.818055087174248,32.19878005981445,10766000,0.0,0.0
2011-09-15 00:00:00-04:00,32.19877738190108,33.043513184085754,31.90731671439408,32.65819549560547,12299200,0.0,0.0
2011-09-16 00:00:00-04:00,32.71747791422935,33.74746293672416,32.702654813461024,33.73017120361328,22376400,0.0,0.0
2011-09-19 00:00:00-04:00,33.018814544875916,33.836384153990096,32.62608715794995,33.61161422729492,10086000,0.0,0.0
2011-09-20 00:00:00-04:00,33.451058268856286,33.56962045110342,31.61091915429739,31.71712875366211,14564000,0.0,0.0
2011-09-21 00:00:00-04:00,32.011056474498005,32.665602001368434,31.005769220089054,31.2873477935791,13832800,0.0,0.0
2011-09-22 00:00:00-04:00,29.768307633110346,29.768307633110346,28.35053442549785,28.982851028442383,19255200,0.0,0.0
2011-09-23 00:00:00-04:00,29.014962803641666,29.844879307570174,28.938393743129627,29.713970184326172,10136000,0.0,0.0
2011-09-26 00:00:00-04:00,29.770776255224455,30.020245664662305,28.281373232774914,29.931325912475586,13437600,0.0,0.0
2011-09-27 00:00:00-04:00,30.781003080851672,31.433080015173868,30.630333603619068,30.813112258911133,11302400,0.0,0.0
2011-09-28 00:00:00-04:00,30.805701867328587,31.082339418124363,29.733725704639,29.839935302734375,9180400,0.0,0.0
2011-09-29 00:00:00-04:00,30.598222742299875,30.751362737144614,28.659281773916504,29.528718948364258,9748400,0.0,0.0
2011-09-30 00:00:00-04:00,28.644462353585816,29.22737990059009,27.925694659607313,28.227033615112305,12290400,0.0,0.0
2011-10-03 00:00:00-04:00,27.905934156461008,28.52837050188884,27.54037498667191,27.641645431518555,10690400,0.0,0.0
2011-10-04 00:00:00-04:00,27.12542023744396,29.135991215319837,26.992040599827973,29.04707145690918,13187200,0.0,0.0
2011-10-05 00:00:00-04:00,28.390054027005824,29.14587005420026,27.910875560378216,28.960620880126953,12980800,0.0,0.0
2011-10-06 00:00:00-04:00,29.06435968291938,30.30429519796133,28.602472952767428,30.133865356445312,13020400,0.0,0.0
2011-10-07 00:00:00-04:00,30.25983651553114,30.47719487450769,29.632459067870265,29.87698745727539,8627200,0.0,0.0
2011-10-10 00:00:00-04:00,30.358637021050917,31.19349266087951,30.32158680755259,31.055173873901367,8018800,0.0,0.0
2011-10-11 00:00:00-04:00,30.575992753046705,32.10985563049213,30.50683336550873,31.51458740234375,9520800,0.0,0.0
2011-10-12 00:00:00-04:00,31.694900789741087,32.41366472738253,31.39355994451536,31.433080673217773,8664800,0.0,0.0
2011-10-13 00:00:00-04:00,31.250302326636504,32.099981093404715,31.13421441792899,31.99871063232422,6344000,0.0,0.0
2011-10-14 00:00:00-04:00,32.5544548034668,32.72241224138671,31.894968212391866,32.5544548034668,7864000,0.0,0.0
2011-10-17 00:00:00-04:00,32.048106121884636,32.509992842216285,31.193490184768617,31.299699783325195,7901600,0.0,0.0
2011-10-18 00:00:00-04:00,31.15644573825797,32.31733998747661,30.380869227435713,31.996240615844727,9135200,0.0,0.0
2011-10-19 00:00:00-04:00,31.756648742511985,32.50999233349437,31.297228777023125,31.460248947143555,7756000,0.0,0.0
2011-10-20 00:00:00-04:00,31.321927843407057,31.97647714664705,30.766180355003375,31.53681755065918,6074800,0.0,0.0
2011-10-21 00:00:00-04:00,31.885085458130586,32.06539735947669,31.297228784738817,31.934484481811523,6832400,0.0,0.0
2011-10-24 00:00:00-04:00,31.34663147938335,32.83850318543455,31.34663147938335,32.734764099121094,8055200,0.0,0.0
2011-10-25 00:00:00-04:00,32.25311484466573,32.566804483802784,31.76405810782414,32.00117492675781,8303200,0.0,0.0
2011-10-26 00:00:00-04:00,32.07033693513654,32.13949632705542,29.699147822956824,30.519184112548828,21834400,0.0,0.0
2011-10-27 00:00:00-04:00,31.610916490939562,33.33002841518817,31.381207464432748,32.93976974487305,21904800,0.0,0.0
2011-10-28 00:00:00-04:00,32.551977122545395,34.51808964736011,32.37166901545857,34.3674201965332,15308400,0.0,0.0
2011-10-31 00:00:00-04:00,33.33003428992149,33.81909108774859,32.892845153808594,32.892845153808594,7856800,0.0,0.0
2011-11-01 00:00:00-04:00,31.961659952660323,32.54951861060568,31.30464378045657,32.196311950683594,12992400,0.0,0.0
2011-11-02 00:00:00-04:00,32.742172679192215,32.75205474550635,31.551638089359937,32.070335388183594,10990800,0.0,0.0
2011-11-03 00:00:00-04:00,32.54457425906524,32.9521247123187,31.727008489226126,32.86320495605469,8057600,0.0,0.0
2011-11-04 00:00:00-04:00,32.61373304440652,32.83356191429126,32.11232557973792,32.4383659362793,4981600,0.0,0.0
2011-11-07 00:00:00-05:00,32.30251318295941,33.26827970704277,32.134555753851245,32.93482971191406,7201200,0.0,0.0
2011-11-08 00:00:00-05:00,33.317680724133375,33.411541510080795,32.640902396483554,33.12996292114258,6369600,0.0,0.0
2011-11-09 00:00:00-05:00,32.34450033640792,32.939768500412924,31.68254519304401,31.801103591918945,8173200,0.0,0.0
2011-11-10 00:00:00-05:00,32.26793703069079,32.33956505533848,30.887214046340105,31.56892967224121,7618400,0.0,0.0
2011-11-11 00:00:00-05:00,32.11232322292288,32.48035291311643,31.813456686932064,32.07774353027344,7108400,0.0,0.0
2011-11-14 00:00:00-05:00,33.03363770314401,33.64372535156422,32.61620891539287,32.97929763793945,12706800,0.0,0.0
2011-11-15 00:00:00-05:00,33.35720222050114,33.93023770904413,32.85085372139061,33.74005126953125,10642800,0.0,0.0
2011-11-16 00:00:00-05:00,33.45352875691603,33.6807672732062,32.30992274170765,32.54457092285156,10648000,0.0,0.0
2011-11-17 00:00:00-05:00,33.008933116575555,33.008933116575555,30.694552726148725,31.14409065246582,26553600,0.0,0.0
2011-11-18 00:00:00-05:00,29.504016607884054,29.639866750939987,27.436637108055255,28.0170841217041,48698000,0.0,0.0
2011-11-21 00:00:00-05:00,27.651525904336676,28.264084001134087,25.94970364621004,27.658937454223633,28432800,0.0,0.0
2011-11-22 00:00:00-05:00,27.45886717766591,27.814546195614607,26.4264117034111,26.73763084411621,16068800,0.0,0.0
2011-11-23 00:00:00-05:00,26.39677561638648,26.606724324340107,25.687888027980744,26.130016326904297,16027600,0.0,0.0
2011-11-25 00:00:00-05:00,25.55944913588492,26.401714475315877,25.53474773626021,25.9175968170166,7435200,0.0,0.0
2011-11-28 00:00:00-05:00,26.954989539530448,28.01461505692222,26.954989539530448,27.46133804321289,17562400,0.0,0.0
2011-11-29 00:00:00-05:00,27.48850742921702,27.87382510489494,27.19704865584597,27.31560707092285,12251200,0.0,0.0
2011-11-30 00:00:00-05:00,28.399935919387723,29.264432117124727,28.15046648896558,29.249610900878906,17102400,0.0,0.0
2011-12-01 00:00:00-05:00,28.66422292625966,29.481788677314327,28.533311927107846,29.239728927612305,12666800,0.0,0.0
2011-12-02 00:00:00-05:00,29.387930797897795,29.800418520514093,29.15822173890123,29.550949096679688,9842800,0.0,0.0
2011-12-05 00:00:00-05:00,30.36357265297517,31.72700565305521,30.195613337763316,30.877330780029297,20778400,0.0,0.0
2011-12-06 00:00:00-05:00,30.837813656648347,31.121862781144458,30.35863705081056,30.45990562438965,12810000,0.0,0.0
2011-12-07 00:00:00-05:00,30.28206493804757,30.445085117526315,29.810298016237265,30.27959442138672,7630400,0.0,0.0
2011-12-08 00:00:00-05:00,30.007896120239113,30.627863892812794,29.721378373414975,29.79547691345215,7983600,0.0,0.0
2011-12-09 00:00:00-05:00,29.869574877041835,30.682201424994254,29.63986584139296,30.598220825195312,8000000,0.0,0.0
2011-12-12 00:00:00-05:00,29.336059038155216,29.63986851964045,28.217154303051124,28.66916275024414,15026800,0.0,0.0
2011-12-13 00:00:00-05:00,29.0791833854605,29.299012271271966,27.804668066666114,27.992387771606445,11335200,0.0,0.0
2011-12-14 00:00:00-05:00,27.70339905803634,27.70339905803634,26.5029841870055,26.76727294921875,15540800,0.0,0.0
2011-12-15 00:00:00-05:00,27.216807143712963,27.28843704492478,25.915121993044384,26.357250213623047,13297600,0.0,0.0
2011-12-16 00:00:00-05:00,26.624010810832633,26.99944829773964,26.332552042719197,26.443700790405273,12270000,0.0,0.0
2011-12-19 00:00:00-05:00,26.446170001977656,26.59683946950963,25.431004454584425,25.556974411010742,9168400,0.0,0.0
2011-12-20 00:00:00-05:00,26.191764231817977,26.191764231817977,25.282808181893344,25.766925811767578,14539600,0.0,0.0
2011-12-21 00:00:00-05:00,24.61344043995637,24.697419160320976,23.240125292491392,24.46030044555664,39458400,0.0,0.0
2011-12-22 00:00:00-05:00,24.571449577782982,24.932067718888312,23.724243338273617,24.78386688232422,18088800,0.0,0.0
2011-12-23 00:00:00-05:00,24.74681971904071,24.959238918003017,24.05275154754443,24.210830688476562,9992800,0.0,0.0
2011-12-27 00:00:00-05:00,24.196012708918673,25.142018975205684,24.196012708918673,24.771520614624023,15964400,0.0,0.0
2011-12-28 00:00:00-05:00,24.699889265960486,24.93453746020631,24.388670133562826,24.731998443603516,8098000,0.0,0.0
2011-12-29 00:00:00-05:00,24.727056125828426,25.30256392423528,24.581325817921375,25.240814208984375,8962800,0.0,0.0
2011-12-30 00:00:00-05:00,25.20870577582151,25.465584844146615,25.02098797871821,25.06050682067871,8144400,0.0,0.0
2012-01-03 00:00:00-05:00,25.732343898199407,26.191761974761356,24.92218785743053,24.996286392211914,12983600,0.0,0.0
2012-01-04 00:00:00-05:00,24.450420595663548,24.576390562373547,23.781053802460786,24.07745361328125,19788400,0.0,0.0
2012-01-05 00:00:00-05:00,23.94407347166241,24.687538788413793,23.504415740307238,24.396080017089844,14988800,0.0,0.0
2012-01-06 00:00:00-05:00,24.447953660460104,25.00864037350213,23.9218447606274,24.96170997619629,17464400,0.0,0.0
2012-01-09 00:00:00-05:00,24.902429313155668,25.154367364936096,24.583800502304015,24.88513946533203,13761600,0.0,0.0
2012-01-10 00:00:00-05:00,25.386544496881,25.887951920030485,25.10990695828923,25.883012771606445,17688400,0.0,0.0
2012-01-11 00:00:00-05:00,26.053445744490464,26.601781739404643,25.93735595577481,26.13742446899414,14204000,0.0,0.0
2012-01-12 00:00:00-05:00,26.080611451292018,26.27821131374467,25.811383570263523,26.102842330932617,6792000,0.0,0.0
2012-01-13 00:00:00-05:00,25.83608550953029,25.900305753529363,25.359377539689564,25.66318702697754,8543600,0.0,0.0
2012-01-17 00:00:00-05:00,25.744695621853847,26.179412319688545,25.41124560647166,25.5495662689209,7567600,0.0,0.0
2012-01-18 00:00:00-05:00,25.537213484304043,26.74009868154551,25.2605740664559,26.601778030395508,11434400,0.0,0.0
2012-01-19 00:00:00-05:00,27.503324726688763,28.62222934407375,27.503324726688763,28.283842086791992,20426000,0.0,0.0
2012-01-20 00:00:00-05:00,28.026965862236406,28.476503790916823,27.812076137937563,28.204805374145508,9362800,0.0,0.0
2012-01-23 00:00:00-05:00,28.212215271321874,28.92357144034559,27.933105302219783,28.343124389648438,9100000,0.0,0.0
2012-01-24 00:00:00-05:00,28.372763362328058,29.103879855480134,28.308543122852296,29.0297794342041,7864000,0.0,0.0
2012-01-25 00:00:00-05:00,29.303947976335323,29.303947976335323,28.609881702782683,29.180448532104492,6836000,0.0,0.0
2012-01-26 00:00:00-05:00,29.491671549070553,29.632460858685285,28.538255563099845,28.706214904785156,6778000,0.0,0.0
2012-01-27 00:00:00-05:00,28.466619803579075,29.165627058833447,28.357939697616747,28.800067901611328,5397600,0.0,0.0
2012-01-30 00:00:00-05:00,28.58271213702899,28.985319653336713,28.28631233540532,28.54566192626953,10216800,0.0,0.0
2012-01-31 00:00:00-05:00,28.918633347760842,28.98779274227461,28.318425910441803,28.84947395324707,5320800,0.0,0.0
2012-02-01 00:00:00-05:00,28.985320436528884,29.637397379487478,28.55801339631956,29.471908569335938,7516800,0.0,0.0
2012-02-02 00:00:00-05:00,29.380521405166196,29.751019793046993,28.911224954745656,29.21503257751465,8062800,0.0,0.0
2012-02-03 00:00:00-05:00,29.476847804137254,30.822992939017258,29.476847804137254,30.652563095092773,11595600,0.0,0.0
2012-02-06 00:00:00-05:00,30.432734442748615,30.78841346410938,30.232665935459217,30.43767547607422,6050000,0.0,0.0
2012-02-07 00:00:00-05:00,30.341344972812887,30.60316509688109,30.089406915657126,30.331466674804688,5415600,0.0,0.0
2012-02-08 00:00:00-05:00,30.459904207152565,30.613044203226153,29.854757657234067,30.57846450805664,5908000,0.0,0.0
2012-02-09 00:00:00-05:00,30.48460170435807,31.541756622667197,30.41297180211444,31.025529861450195,9218800,0.0,0.0
2012-02-10 00:00:00-05:00,31.64302871515766,32.13455787496959,31.34909942591306,31.724538803100586,16473600,0.0,0.0
2012-02-13 00:00:00-05:00,32.06045434013864,32.932360056806964,31.961652529994097,32.66065979003906,17785600,0.0,0.0
2012-02-14 00:00:00-05:00,32.64090467489119,33.27816231937104,32.085157123544086,32.50505828857422,10091600,0.0,0.0
2012-02-15 00:00:00-05:00,32.68042543781355,32.981764411911655,32.09256682130997,32.262996673583984,9466000,0.0,0.0
2012-02-16 00:00:00-05:00,32.37661401448865,32.60385253442985,31.83321722602892,32.5421028137207,10111200,0.0,0.0
2012-02-17 00:00:00-05:00,32.71500029388037,32.85085042913499,31.897434619307706,31.904844284057617,9880400,0.0,0.0
2012-02-21 00:00:00-05:00,32.245708652897555,32.34450670994439,31.312051184406922,31.51953125,10157600,0.0,0.0
2012-02-22 00:00:00-05:00,31.867798295760284,32.06045713118459,31.551638129129714,31.633150100708008,7881200,0.0,0.0
2012-02-23 00:00:00-05:00,31.61585232614598,32.60384771133804,31.381204175943523,32.54703903198242,20930800,0.0,0.0
2012-02-24 00:00:00-05:00,35.94822022587061,36.126059745169236,34.518098174490476,35.47892379760742,58348400,0.0,0.0
2012-02-27 00:00:00-05:00,34.76015552052611,35.63947103638096,34.582316003959484,35.40729522705078,15408000,0.0,0.0
2012-02-28 00:00:00-05:00,34.82684080539939,35.44433798280009,34.82684080539939,35.4344596862793,11445200,0.0,0.0
2012-02-29 00:00:00-05:00,35.30849157989296,35.81484007263167,35.115832741704224,35.3603630065918,10067200,0.0,0.0
2012-03-01 00:00:00-05:00,35.56290327237017,35.960571682381364,35.078787502124435,35.80990219116211,9913600,0.0,0.0
2012-03-02 00:00:00-05:00,35.56537111530394,36.06183752163891,35.44680893586855,35.515968322753906,9123200,0.0,0.0
2012-03-05 00:00:00-05:00,35.42211403898414,35.42458267124037,34.63171829300743,35.093605041503906,7858400,0.0,0.0
2012-03-06 00:00:00-05:00,34.53044958602639,34.920708329818154,34.16982950642749,34.75027847290039,9244000,0.0,0.0
2012-03-07 00:00:00-05:00,34.91081951698901,35.567837418280234,34.856479463865455,35.4344596862793,6978800,0.0,0.0
2012-03-08 00:00:00-05:00,35.570310651113445,36.4323381790712,35.54808165438864,36.081600189208984,9545200,0.0,0.0
2012-03-09 00:00:00-05:00,36.081600432065585,36.555837876574266,35.970451678789274,36.41504669189453,7590400,0.0,0.0
2012-03-12 00:00:00-04:00,36.34094796612526,36.555835794815785,35.94080720065163,36.350826263427734,6205200,0.0,0.0
2012-03-13 00:00:00-04:00,36.55336870665357,37.75872078037731,36.50890694465455,37.60805130004883,11707600,0.0,0.0
2012-03-14 00:00:00-04:00,37.51172813377058,37.63275897221528,36.953511881384266,37.447509765625,6467600,0.0,0.0
2012-03-15 00:00:00-04:00,37.5364184888025,38.146505997807104,37.296829283943026,37.6500358581543,8651600,0.0,0.0
2012-03-16 00:00:00-04:00,37.93903871919179,38.00325708683286,37.104181095334276,37.39316940307617,7921200,0.0,0.0
2012-03-19 00:00:00-04:00,37.415395601979746,37.427746301845026,36.723797867472925,37.03501892089844,6862800,0.0,0.0
2012-03-20 00:00:00-04:00,36.864589261032606,37.37093780700859,36.38046971359154,37.294368743896484,6388800,0.0,0.0
2012-03-21 00:00:00-04:00,37.65004058529372,38.54417916774841,37.44997207896039,38.12921905517578,9936800,0.0,0.0
2012-03-22 00:00:00-04:00,37.74883980913305,38.01312665458895,37.49443126069725,37.75130844116211,5102800,0.0,0.0
2012-03-23 00:00:00-04:00,37.76366264932592,38.195910735532635,37.61793419908467,38.01313018798828,4654000,0.0,0.0
2012-03-26 00:00:00-04:00,38.23543264424343,38.91714829013605,38.07488108878714,38.86280822753906,6768400,0.0,0.0
2012-03-27 00:00:00-04:00,38.6997841881491,38.823283632868346,37.8871595002142,37.914329528808594,7746000,0.0,0.0
2012-03-28 00:00:00-04:00,38.025480421532215,38.46020090357925,37.462323223338714,38.052650451660156,6222800,0.0,0.0
2012-03-29 00:00:00-04:00,37.79329635463976,38.88503092547168,37.58581820501278,38.633094787597656,7193200,0.0,0.0
2012-03-30 00:00:00-04:00,38.71213715407488,38.77388688005167,37.76613089984199,38.16379928588867,6420800,0.0,0.0
2012-04-02 00:00:00-04:00,37.763664268285645,39.136977643741375,37.68215417340947,38.82328796386719,8230800,0.0,0.0
2012-04-03 00:00:00-04:00,38.680027636019915,39.275292095852045,38.63803450813387,39.10486602783203,5534800,0.0,0.0
2012-04-04 00:00:00-04:00,38.78377071735336,38.78377071735336,37.78095572473442,38.452789306640625,6243600,0.0,0.0
2012-04-05 00:00:00-04:00,38.53429915366043,38.93196755530981,38.144040417906645,38.7887077331543,4948400,0.0,0.0
2012-04-09 00:00:00-04:00,37.921741537597924,39.00112554510236,37.79330105185899,38.90726852416992,7308000,0.0,0.0
2012-04-10 00:00:00-04:00,38.96160595355917,39.27282319566278,37.78095157032137,37.97113800048828,10788800,0.0,0.0
2012-04-11 00:00:00-04:00,37.62781062335835,39.166616447240926,37.62781062335835,39.04558563232422,11344800,0.0,0.0
2012-04-12 00:00:00-04:00,38.973954145800626,39.19625541356746,38.628157198924285,39.09992599487305,6048000,0.0,0.0
2012-04-13 00:00:00-04:00,39.02335991121598,39.98665417150158,38.82328762432188,39.36421585083008,9975200,0.0,0.0
2012-04-16 00:00:00-04:00,39.71001650170318,39.890324653823534,38.09958252540111,38.267539978027344,9880400,0.0,0.0
2012-04-17 00:00:00-04:00,38.395978695218304,38.731897353858926,38.015602043137555,38.57381820678711,6028800,0.0,0.0
2012-04-18 00:00:00-04:00,38.33176107764381,39.41608613136975,38.230490620979765,39.18390655517578,5556000,0.0,0.0
2012-04-19 00:00:00-04:00,39.30493225749704,40.69306473151532,38.97642330087099,39.413612365722656,12405200,0.0,0.0
2012-04-20 00:00:00-04:00,39.5371212561731,39.79152985720657,38.736843351553354,38.75413131713867,7006400,0.0,0.0
2012-04-23 00:00:00-04:00,38.087228319036114,38.49230635037736,37.212853901363125,38.284828186035156,9539600,0.0,0.0
2012-04-24 00:00:00-04:00,38.17862695581976,38.22802598873321,36.432342687099485,37.044898986816406,9383600,0.0,0.0
2012-04-25 00:00:00-04:00,37.173333518963375,37.54383185968394,36.49902759414507,37.22273254394531,11908400,0.0,0.0
2012-04-26 00:00:00-04:00,37.29683654622676,38.61828226254555,37.29683654622676,38.58123016357422,7077600,0.0,0.0
2012-04-27 00:00:00-04:00,38.647920524764416,39.24318881434676,38.1934434257814,38.69485092163086,7682000,0.0,0.0
2012-04-30 00:00:00-04:00,38.5540610595914,38.81094205058468,38.23296170530203,38.46514129638672,3965200,0.0,0.0
2012-05-01 00:00:00-04:00,38.56887556430916,39.36668470086043,38.27741868017266,38.74918746948242,5548800,0.0,0.0
2012-05-02 00:00:00-04:00,38.52195510201949,39.39632966318533,38.41327496888941,39.25801086425781,5876400,0.0,0.0
2012-05-03 00:00:00-04:00,39.58651551210423,40.384320919002974,38.85539709586437,38.90726852416992,12618800,0.0,0.0
2012-05-04 00:00:00-04:00,38.82822497670412,38.82822497670412,37.61299088320933,37.68955993652344,10230400,0.0,0.0
2012-05-07 00:00:00-04:00,37.49196043244082,37.96372922414656,37.23261460906811,37.5018424987793,6163200,0.0,0.0
2012-05-08 00:00:00-04:00,37.1980394281908,37.267198825335655,35.08866650855933,36.0667839050293,15954400,0.0,0.0
2012-05-09 00:00:00-04:00,35.64441285691146,37.10417735058454,35.577722094500345,36.79789733886719,9210400,0.0,0.0
2012-05-10 00:00:00-04:00,36.89422199328075,37.00043347293209,33.18923874369951,33.453529357910156,38547600,0.0,0.0
2012-05-11 00:00:00-04:00,33.3695503915037,34.646534156333544,33.273220978494216,34.0315055847168,13857600,0.0,0.0
2012-05-14 00:00:00-04:00,33.636310931729525,34.24146129752839,33.39425304675262,33.72770309448242,7354000,0.0,0.0
2012-05-15 00:00:00-04:00,34.16241758567208,34.57737770150694,33.97469977666592,34.11054992675781,11282800,0.0,0.0
2012-05-16 00:00:00-04:00,34.451402665022655,34.51562478580536,33.1151415909976,33.735107421875,13078400,0.0,0.0
2012-05-17 00:00:00-04:00,33.82897172999424,34.327906805115596,32.63102553166423,33.04845428466797,21522000,0.0,0.0
2012-05-18 00:00:00-04:00,35.42704948290779,36.790484430216104,35.32084176778488,35.958099365234375,36138000,0.0,0.0
2012-05-21 00:00:00-04:00,35.59747905145315,36.933743959550256,34.658886278493426,36.815185546875,15436400,0.0,0.0
2012-05-22 00:00:00-04:00,36.600296536248344,37.52160518067363,36.308839632625116,36.91398620605469,12460000,0.0,0.0
2012-05-23 00:00:00-04:00,36.31624779291203,37.28448302404246,35.95315911012511,37.200504302978516,10400000,0.0,0.0
2012-05-24 00:00:00-04:00,36.85223664002936,37.10911761716778,35.81484197119626,36.113712310791016,10060400,0.0,0.0
2012-05-25 00:00:00-04:00,36.34341758547895,37.04983458227041,36.111238019072076,36.308837890625,9678400,0.0,0.0
2012-05-29 00:00:00-04:00,36.29895727387455,36.7336739483932,35.37023906758384,35.985267639160156,10981600,0.0,0.0
2012-05-30 00:00:00-04:00,35.16029581680728,35.31343393265278,34.456347426341836,34.81449508666992,13785200,0.0,0.0
2012-05-31 00:00:00-04:00,34.14512614380754,34.71322054629234,33.381896748828424,34.238983154296875,12621600,0.0,0.0
2012-06-01 00:00:00-04:00,33.15713566338222,33.184305694753135,32.258059764704996,32.35438919067383,15065600,0.0,0.0
2012-06-04 00:00:00-04:00,32.14196596873565,32.650783066557366,31.200898939626512,32.41119384765625,14039200,0.0,0.0
2012-06-05 00:00:00-04:00,32.29263748706994,33.40660116734181,32.06045791844601,33.033634185791016,10949200,0.0,0.0
2012-06-06 00:00:00-04:00,33.17936624810665,34.01916109062189,32.900256255119835,33.83391189575195,10435600,0.0,0.0
2012-06-07 00:00:00-04:00,34.16488502463058,34.234044405740875,33.40906532723331,33.4831657409668,7091200,0.0,0.0
2012-06-08 00:00:00-04:00,33.42389093763707,33.74745887406277,32.45565199150144,33.7128791809082,8953200,0.0,0.0
2012-06-11 00:00:00-04:00,33.92035755510809,33.96234691356913,32.20371604671211,32.22347640991211,8252000,0.0,0.0
2012-06-12 00:00:00-04:00,32.527293229914456,32.527293229914456,31.35651681766439,32.25312423706055,9843600,0.0,0.0
2012-06-13 00:00:00-04:00,32.1765481668187,32.20371819691982,31.26018057786634,31.45037078857422,8401600,0.0,0.0
2012-06-14 00:00:00-04:00,31.440487001673496,32.01846534866178,30.93660907091126,31.95177459716797,12167600,0.0,0.0
2012-06-15 00:00:00-04:00,32.06539933648334,33.362143574804854,31.75417830718752,33.23617172241211,12874000,0.0,0.0
2012-06-18 00:00:00-04:00,32.43589862932317,34.021631177252644,32.144437956060926,33.789451599121094,11644400,0.0,0.0
2012-06-19 00:00:00-04:00,34.16489069830689,35.1899346569852,33.72522917551568,34.08831787109375,10668400,0.0,0.0
2012-06-20 00:00:00-04:00,34.263686669869564,34.38965474824191,33.638779773343074,34.02409744262695,7940400,0.0,0.0
2012-06-21 00:00:00-04:00,33.42882969785591,34.02409794206901,32.76934309745417,32.794044494628906,8782000,0.0,0.0
2012-06-22 00:00:00-04:00,32.88543424285025,33.90059989877183,32.87555594491346,33.86602020263672,8194000,0.0,0.0
2012-06-25 00:00:00-04:00,33.39672064428384,33.45599796413295,32.77428240354121,33.13737106323242,5635200,0.0,0.0
2012-06-26 00:00:00-04:00,33.27816403644721,33.75734255291345,33.09785587688876,33.42636489868164,4588400,0.0,0.0
2012-06-27 00:00:00-04:00,33.33990928301982,33.91294851974884,33.18923980861297,33.52268981933594,4570800,0.0,0.0
2012-06-28 00:00:00-04:00,33.34484762284553,33.44858669651483,32.02340215393425,32.54951095581055,7087600,0.0,0.0
2012-06-29 00:00:00-04:00,33.42883004383332,34.16241707444762,33.38189965005804,34.15006637573242,10560800,0.0,0.0
2012-07-02 00:00:00-04:00,33.816613566280836,34.39212134089139,33.574551978895606,34.35013198852539,8538800,0.0,0.0
2012-07-03 00:00:00-04:00,34.29826713291865,35.21216230189458,34.21428841212123,34.91329574584961,3344400,0.0,0.0
2012-07-05 00:00:00-04:00,34.81449688926009,35.52832361461876,34.579848669923635,35.17758560180664,4278800,0.0,0.0
2012-07-06 00:00:00-04:00,34.483513789022474,34.483513789022474,32.96940944850887,33.53009796142578,11248400,0.0,0.0
2012-07-09 00:00:00-04:00,33.55232724611532,33.76474643551665,32.25805551577107,32.43095397949219,8984000,0.0,0.0
2012-07-10 00:00:00-04:00,32.756991533030764,33.01634112089415,31.6158578691166,31.830745697021484,8694400,0.0,0.0
2012-07-11 00:00:00-04:00,32.10738713140868,32.213594845244835,30.946491215441423,31.346630096435547,6042800,0.0,0.0
2012-07-12 00:00:00-04:00,31.610923171745597,31.860392613019453,30.827935149266537,31.502243041992188,6979200,0.0,0.0
2012-07-13 00:00:00-04:00,31.675141586300988,32.35685722133425,31.613389974327227,32.24570846557617,6668400,0.0,0.0
2012-07-16 00:00:00-04:00,32.09750954298104,32.30498773539879,31.47754359817163,31.613391876220703,4522800,0.0,0.0
2012-07-17 00:00:00-04:00,31.843097371398258,32.0851552353356,30.899561659571816,31.31451988220215,7252400,0.0,0.0
2012-07-18 00:00:00-04:00,32.19383782804005,33.70547375780749,31.961658243822914,33.320152282714844,12746400,0.0,0.0
2012-07-19 00:00:00-04:00,33.52763081272886,34.78485426306629,33.443648325442915,34.360015869140625,10063200,0.0,0.0
2012-07-20 00:00:00-04:00,34.09078583073394,34.09078583073394,33.22381736616636,33.384368896484375,6290000,0.0,0.0
2012-07-23 00:00:00-04:00,32.64831805439801,32.78169959247955,31.83569320075646,32.35686111450195,10374400,0.0,0.0
2012-07-24 00:00:00-04:00,32.30745571133386,32.38649339665989,31.01071153299171,31.299699783325195,15500000,0.0,0.0
2012-07-25 00:00:00-04:00,31.61832703368635,31.89496835755468,30.902031749337745,30.953901290893555,9948400,0.0,0.0
2012-07-26 00:00:00-04:00,31.704779836300947,32.29510707295871,30.353695514222,30.778533935546875,18435600,0.0,0.0
2012-07-27 00:00:00-04:00,30.963774487328397,32.94717485526952,30.963774487328397,32.47787857055664,16979200,0.0,0.0
2012-07-30 00:00:00-04:00,32.497645063121176,32.497645063121176,30.882270246891853,31.089750289916992,14448400,0.0,0.0
2012-07-31 00:00:00-04:00,31.161380364827828,31.670197467004527,30.53894211676418,30.716781616210938,9177600,0.0,0.0
2012-08-01 00:00:00-04:00,31.460251565257867,31.524469924481096,30.373455994034693,30.768653869628906,8856800,0.0,0.0
2012-08-02 00:00:00-04:00,30.351225127091748,30.936613217270406,29.684328829482332,29.97825813293457,10301200,0.0,0.0
2012-08-03 00:00:00-04:00,30.655032240962754,31.771468273676966,30.0128355069472,31.68254852294922,10586400,0.0,0.0
2012-08-06 00:00:00-04:00,31.875210753265804,33.1843057573161,31.54917226065226,32.78169631958008,11321200,0.0,0.0
2012-08-07 00:00:00-04:00,33.013877358353234,34.33038208638745,32.87308616143921,33.75981140136719,11107600,0.0,0.0
2012-08-08 00:00:00-04:00,33.49305214523942,33.88577948933007,33.290511239388934,33.4807014465332,8405200,0.0,0.0
2012-08-09 00:00:00-04:00,33.45847112285007,34.32049483234625,33.43623835849926,34.02656555175781,6166400,0.0,0.0
2012-08-10 00:00:00-04:00,34.03150803539092,34.88859451725638,33.96728967839472,34.54032516479492,10627600,0.0,0.0
2012-08-13 00:00:00-04:00,35.44434009545285,36.160635356370825,35.20475087482842,35.85188674926758,17647600,0.0,0.0
2012-08-14 00:00:00-04:00,35.8864718364928,35.8864718364928,34.950347577367495,35.21216583251953,10455600,0.0,0.0
2012-08-15 00:00:00-04:00,35.27638096143765,35.666635865364874,35.10347873467307,35.59994888305664,4846400,0.0,0.0
2012-08-16 00:00:00-04:00,35.25662593288253,36.494089120886755,35.24674386585055,36.2989616394043,9492400,0.0,0.0
2012-08-17 00:00:00-04:00,36.65710317381932,36.65710317381932,36.21497308626397,36.36564254760742,6748000,0.0,0.0
2012-08-20 00:00:00-04:00,36.3681206452292,36.531137060475935,35.39494434269087,36.44963073730469,10104400,0.0,0.0
2012-08-21 00:00:00-04:00,36.8250666112641,37.26472436983712,36.249558698322055,36.4669189453125,8800800,0.0,0.0
2012-08-22 00:00:00-04:00,36.53607826263381,36.87199693050915,35.84448056184291,36.70897674560547,8528800,0.0,0.0
2012-08-23 00:00:00-04:00,36.70897125743582,36.86952278604533,35.95562771076609,36.25202560424805,16410800,0.0,0.0
2012-08-24 00:00:00-04:00,34.846603223566284,36.923864755453764,34.770034172075015,36.689212799072266,28062400,0.0,0.0
2012-08-27 00:00:00-04:00,36.355766941322614,37.53642132489124,36.311305181635966,36.81765365600586,12876400,0.0,0.0
2012-08-28 00:00:00-04:00,36.291546006233716,36.49161827801661,35.48386232934538,35.844478607177734,14783200,0.0,0.0
2012-08-29 00:00:00-04:00,35.80249165822068,36.12605963097882,35.58019414425221,35.963043212890625,8646000,0.0,0.0
2012-08-30 00:00:00-04:00,35.65429708278042,35.77038688148954,35.105959156211,35.24427795410156,7556000,0.0,0.0
2012-08-31 00:00:00-04:00,35.63453636087266,36.18040188059963,35.271447635577104,35.85930252075195,8144400,0.0,0.0
2012-09-04 00:00:00-04:00,35.7456756736112,35.995143167868804,35.29860833562209,35.77531433105469,7312800,0.0,0.0
2012-09-05 00:00:00-04:00,35.72345605514052,35.958104282253174,35.32331523013009,35.74815368652344,6233600,0.0,0.0
2012-09-06 00:00:00-04:00,35.93834290872141,37.022668018235244,35.792614450260906,36.77566909790039,9194000,0.0,0.0
2012-09-07 00:00:00-04:00,36.750963798997,37.190625297936656,36.57065566157664,36.943626403808594,6190400,0.0,0.0
2012-09-10 00:00:00-04:00,37.01278979385075,37.24249698114799,36.681808375571954,36.886817932128906,4713200,0.0,0.0
2012-09-11 00:00:00-04:00,36.822594795638096,37.35117226692923,36.60276593535589,37.24496078491211,6767600,0.0,0.0
2012-09-12 00:00:00-04:00,37.31907071369675,38.24284815000609,37.29931034528905,37.71921157836914,10642000,0.0,0.0
2012-09-13 00:00:00-04:00,37.91926932353478,39.02582325678863,37.731547761593546,38.7763557434082,10942800,0.0,0.0
2012-09-14 00:00:00-04:00,38.71212837016765,39.98911196134742,38.67013901829945,39.379024505615234,13426800,0.0,0.0
2012-09-17 00:00:00-04:00,39.27529256156004,39.49018416100981,38.93937391681623,39.065345764160156,5740800,0.0,0.0
2012-09-18 00:00:00-04:00,38.902332591433385,39.02583205997762,38.489844818764205,38.60346221923828,6022800,0.0,0.0
2012-09-19 00:00:00-04:00,38.507131063772164,39.25553750819401,38.171212373586776,39.02088928222656,8056000,0.0,0.0
2012-09-20 00:00:00-04:00,39.030767672502265,39.17402748838285,38.040299660258,38.53676986694336,7120800,0.0,0.0
2012-09-21 00:00:00-04:00,38.67508820358012,38.96407646423175,38.28729812161331,38.334228515625,9854000,0.0,0.0
2012-09-24 00:00:00-04:00,37.98348920810796,38.309529553745136,37.556182181390135,37.93162155151367,4796000,0.0,0.0
2012-09-25 00:00:00-04:00,38.01560072347363,38.487369516089146,37.57347059212267,37.57594299316406,6296800,0.0,0.0
2012-09-26 00:00:00-04:00,37.31165374207271,37.390695200229395,36.11617995423402,36.78801727294922,8626400,0.0,0.0
2012-09-27 00:00:00-04:00,37.14863611899215,38.07982310415313,36.871998534205524,37.83529281616211,6900000,0.0,0.0
2012-09-28 00:00:00-04:00,37.46727258711305,38.10699898456536,37.321544106254954,37.714271545410156,6212800,0.0,0.0
2012-10-01 00:00:00-04:00,37.832824596082766,37.911866060542906,36.94609936675824,37.331417083740234,8091600,0.0,0.0
2012-10-02 00:00:00-04:00,37.42033717992361,38.008195828139506,37.11652955712244,37.77601623535156,5214800,0.0,0.0
2012-10-03 00:00:00-04:00,37.914333237334326,38.97642931958775,37.87234387429114,38.7887077331543,8752000,0.0,0.0
2012-10-04 00:00:00-04:00,38.418207531914504,39.052996518684886,38.25271871995865,38.98383712768555,6671200,0.0,0.0
2012-10-05 00:00:00-04:00,39.393852920380134,39.482772668370515,37.97607798545124,38.218135833740234,6718400,0.0,0.0
2012-10-08 00:00:00-04:00,38.030425721451905,38.64298201526202,37.72167705758931,37.93903732299805,4539200,0.0,0.0
2012-10-09 00:00:00-04:00,37.803180997500185,38.1366272387976,37.09676401892934,37.57841110229492,5986400,0.0,0.0
2012-10-10 00:00:00-04:00,37.58828279761731,37.69202563018605,36.72378683150207,37.08934783935547,4948000,0.0,0.0
2012-10-11 00:00:00-04:00,37.78095108674553,38.27988612055513,37.45737938169759,37.69449996948242,5578800,0.0,0.0
2012-10-12 00:00:00-04:00,37.85504761038189,38.22307730439927,37.59322939632953,37.862457275390625,4350000,0.0,0.0
2012-10-15 00:00:00-04:00,37.81058804286844,38.27247473069449,37.42527040287411,38.07487487792969,3823600,0.0,0.0
2012-10-16 00:00:00-04:00,38.223074277300654,38.450312780348,37.936554689974336,38.39844512939453,4082400,0.0,0.0
2012-10-17 00:00:00-04:00,38.27248040645061,38.34411220104131,37.212856739325495,37.45244598388672,6300000,0.0,0.0
2012-10-18 00:00:00-04:00,37.338818383826556,37.56605688987795,36.76825160237419,37.07453155517578,6157600,0.0,0.0
2012-10-19 00:00:00-04:00,36.96832566281048,37.34376505374152,36.65957703152934,36.80530548095703,8387200,0.0,0.0
2012-10-22 00:00:00-04:00,36.87199753623163,37.04983705561091,36.12605976155212,36.46445083618164,6422400,0.0,0.0
2012-10-23 00:00:00-04:00,36.03219696728483,36.92633168566444,35.94080482099421,36.75343322753906,4791600,0.0,0.0
2012-10-24 00:00:00-04:00,37.000438643550694,37.33388492126807,36.42493071275637,36.61017990112305,5813600,0.0,0.0
2012-10-25 00:00:00-04:00,36.80036877167196,36.859646097673576,35.20722279510224,35.89141082763672,17436800,0.0,0.0
2012-10-26 00:00:00-04:00,35.965508221370904,36.39034661011251,35.881529504013685,36.22238540649414,8319200,0.0,0.0
2012-10-31 00:00:00-04:00,35.77779381743702,36.373058329437036,35.57031186753096,36.05690002441406,6795600,0.0,0.0
2012-11-01 00:00:00-04:00,35.38259336590183,36.298960967587895,34.342726310931646,36.116180419921875,10004000,0.0,0.0
2012-11-02 00:00:00-04:00,36.348356000899386,36.659573232171056,36.03219773674613,36.21003723144531,7022400,0.0,0.0
2012-11-05 00:00:00-05:00,36.276724355961996,36.276724355961996,35.41470067551997,35.837066650390625,6740400,0.0,0.0
2012-11-06 00:00:00-05:00,35.93834495595383,36.82013296085456,35.93834495595383,36.4866828918457,3989600,0.0,0.0
2012-11-07 00:00:00-05:00,36.039615229073796,36.49162372886413,36.02479589611421,36.190284729003906,5667600,0.0,0.0
2012-11-08 00:00:00-05:00,36.12852740109208,36.247085808750974,35.197340563863804,35.38999938964844,8838400,0.0,0.0
2012-11-09 00:00:00-05:00,35.177585622210664,35.641944796382674,34.83178864287262,34.861427307128906,6524000,0.0,0.0
2012-11-12 00:00:00-05:00,34.989870931806514,35.278859240881346,34.51810204934982,34.994808197021484,4833200,0.0,0.0
2012-11-13 00:00:00-05:00,34.6292454440925,35.2418016681911,34.35260787880361,34.8540153503418,4170000,0.0,0.0
2012-11-14 00:00:00-05:00,35.249215043285034,35.5233839758877,34.42176721213259,34.50080490112305,5552000,0.0,0.0
2012-11-15 00:00:00-05:00,34.62678077426407,34.83179033946599,34.44647260974849,34.76015853881836,4548400,0.0,0.0
2012-11-16 00:00:00-05:00,34.91823609032163,35.79014197580928,34.61689710661664,35.641944885253906,6346000,0.0,0.0
2012-11-19 00:00:00-05:00,35.89141199779082,36.943629795475424,35.89141199779082,36.387882232666016,8460800,0.0,0.0
2012-11-20 00:00:00-05:00,36.39528747887713,36.93374324304701,35.659228082575304,36.03713607788086,12270000,0.0,0.0
2012-11-21 00:00:00-05:00,37.074530835227144,39.29504820098174,37.000430422563696,39.21847915649414,27916800,0.0,0.0
2012-11-23 00:00:00-05:00,38.62321513621461,39.44325325824059,38.28729649581543,39.38397216796875,8430800,0.0,0.0
2012-11-26 00:00:00-05:00,38.746721229751145,39.643328558334915,38.68003423176899,39.57416915893555,10954400,0.0,0.0
2012-11-27 00:00:00-05:00,38.87268984877531,39.334576606647005,38.566409842096974,38.62321853637695,11893200,0.0,0.0
2012-11-28 00:00:00-05:00,38.31447069689055,39.04805777993805,38.28483203297893,38.991249084472656,6702000,0.0,0.0
2012-11-29 00:00:00-05:00,39.02088462345625,39.47042442427171,38.991245961918196,39.21107482910156,5776800,0.0,0.0
2012-11-30 00:00:00-05:00,39.070281121608566,39.21848195752013,38.764004921783595,38.944313049316406,3504000,0.0,0.0
2012-12-03 00:00:00-05:00,39.198726351842126,39.396326234069726,38.746717893251684,38.79117965698242,4642000,0.0,0.0
2012-12-04 00:00:00-05:00,38.78870519676163,38.94431570820255,38.311999133762846,38.764007568359375,3894000,0.0,0.0
2012-12-05 00:00:00-05:00,38.58616777108034,38.81340630275759,37.84763971645125,38.7467155456543,5315200,0.0,0.0
2012-12-06 00:00:00-05:00,38.652857907518495,39.20119574844281,38.531827093815814,38.880096435546875,5110000,0.0,0.0
2012-12-07 00:00:00-05:00,38.80106041802505,39.141920142281485,38.556533893149364,38.70473098754883,5182000,0.0,0.0
2012-12-10 00:00:00-05:00,38.70472777326826,39.14438552394576,38.628158715518296,39.12956619262695,3867600,0.0,0.0
2012-12-11 00:00:00-05:00,39.112280467818636,40.974650665265365,39.112280467818636,40.75482177734375,17480400,0.0,0.0
2012-12-12 00:00:00-05:00,40.799276117579716,41.52298484775186,40.60661727886447,41.2562255859375,9206000,0.0,0.0
2012-12-13 00:00:00-05:00,41.043807065212405,41.35008706029,40.89066895212567,41.15989685058594,6459200,0.0,0.0
2012-12-14 00:00:00-05:00,40.82891824737305,41.53533524042609,40.82891824737305,41.20188522338867,5086800,0.0,0.0
2012-12-17 00:00:00-05:00,40.69800957988002,42.125662912355146,40.67083955027635,41.720584869384766,10098400,0.0,0.0
2012-12-18 00:00:00-05:00,41.74528840774291,42.397365441640936,41.67366037532241,42.21211624145508,4890000,0.0,0.0
2012-12-19 00:00:00-05:00,42.305972523542046,42.66906121863699,41.942883828447094,41.95523452758789,4176000,0.0,0.0
2012-12-20 00:00:00-05:00,41.98981071224757,42.04909180182321,41.62425341545757,42.00957107543945,4705200,0.0,0.0
2012-12-21 00:00:00-05:00,41.4785212010811,41.92559235152765,41.36737245593632,41.73046112060547,10731600,0.0,0.0
2012-12-24 00:00:00-05:00,41.58720395671919,41.85149459114308,41.49581556895594,41.82926559448242,1648000,0.0,0.0
2012-12-26 00:00:00-05:00,41.79221336499336,41.91077178237757,40.819037090408585,41.08579635620117,3720400,0.0,0.0
2012-12-27 00:00:00-05:00,41.07098211976476,41.359970417994724,40.176847191793165,41.06110382080078,5888800,0.0,0.0
2012-12-28 00:00:00-05:00,40.61650255661077,40.9400705351915,40.3917326373707,40.55228042602539,4128400,0.0,0.0
2012-12-31 00:00:00-05:00,40.46088436245751,41.57732031210362,40.23858688663009,41.520511627197266,6147200,0.0,0.0
2013-01-02 00:00:00-05:00,42.427001810878224,42.96793000111095,41.21917734910129,42.27880096435547,8162800,0.0,0.0
2013-01-03 00:00:00-05:00,42.00710318215685,42.61718697525508,41.525452329804814,41.67118453979492,5707600,0.0,0.0
2013-01-04 00:00:00-05:00,41.658837808045554,42.08614487467259,41.51310935308378,41.89348602294922,3296400,0.0,0.0
2013-01-07 00:00:00-05:00,41.81197350119237,41.81197350119237,41.189535217739866,41.73787307739258,4185600,0.0,0.0
2013-01-08 00:00:00-05:00,41.829268492289685,42.16271477201219,41.38466968375528,41.98240661621094,3953600,0.0,0.0
2013-01-09 00:00:00-05:00,42.01698363635622,42.57519980160972,41.824324793087136,42.44182205200195,3856000,0.0,0.0
2013-01-10 00:00:00-05:00,42.6320155443789,42.93582316385555,41.94782747354693,42.76045227050781,4749200,0.0,0.0
2013-01-11 00:00:00-05:00,42.604841537830076,42.891357396925116,42.29362051231565,42.8172607421875,5296800,0.0,0.0
2013-01-14 00:00:00-05:00,42.715994938393116,43.17047205847196,42.594964107640855,42.980281829833984,3814000,0.0,0.0
2013-01-15 00:00:00-05:00,42.59495844304509,43.214928078014246,42.278800160782765,43.13835525512695,4128000,0.0,0.0
2013-01-16 00:00:00-05:00,42.97780563069467,43.155645127920195,41.31550420383502,41.9008903503418,16573600,0.0,0.0
2013-01-17 00:00:00-05:00,42.18246978009853,42.814786330188575,42.09355002968562,42.2689208984375,6331600,0.0,0.0
2013-01-18 00:00:00-05:00,42.36525699629932,42.50851682616688,41.40689995389782,41.99475860595703,6346000,0.0,0.0
2013-01-22 00:00:00-05:00,41.99476087359588,42.056510608653966,41.031462745346914,41.22165298461914,7501600,0.0,0.0
2013-01-23 00:00:00-05:00,41.30315591797251,42.414650956090384,41.28833658715559,42.09355163574219,5760000,0.0,0.0
2013-01-24 00:00:00-05:00,42.175058565535615,42.85183685042043,42.110840213837086,42.55543518066406,5149600,0.0,0.0
2013-01-25 00:00:00-05:00,42.77774086159207,43.40758882167435,42.634481044753045,42.94322967529297,6508000,0.0,0.0
2013-01-28 00:00:00-05:00,43.80031273001047,44.190571420585094,43.63235152837779,43.98309326171875,8180000,0.0,0.0
2013-01-29 00:00:00-05:00,43.150707767976286,43.469338464670614,42.5603805382688,43.14823913574219,6209600,0.0,0.0
2013-01-30 00:00:00-05:00,43.23468161288682,43.580482300758355,42.41958833690507,42.55790710449219,7241600,0.0,0.0
2013-01-31 00:00:00-05:00,42.83208084195585,43.17046813434526,42.138014524825124,42.51592254638672,4999600,0.0,0.0
2013-02-01 00:00:00-05:00,42.972864776489615,43.432282851415884,42.7876156135178,43.2396240234375,5174000,0.0,0.0
2013-02-04 00:00:00-05:00,42.925932586156335,43.18034489336482,42.44675793723437,42.67152404785156,5354400,0.0,0.0
2013-02-05 00:00:00-05:00,42.74809601324733,42.91852206676435,42.26150794041579,42.582603454589844,3767200,0.0,0.0
2013-02-06 00:00:00-05:00,42.352906265908345,42.80985578789911,42.15530637075276,42.310916900634766,4883200,0.0,0.0
2013-02-07 00:00:00-05:00,42.424528934066274,42.60730947354083,41.782334067111854,42.00216293334961,4346000,0.0,0.0
2013-02-08 00:00:00-05:00,42.10837188549977,42.345492490457445,41.86137298274993,41.97746276855469,4284000,0.0,0.0
2013-02-11 00:00:00-05:00,42.19235428360363,42.29856200247746,41.76504346917929,42.145423889160156,5684000,0.0,0.0
2013-02-12 00:00:00-05:00,42.170121600635575,42.73081016503058,42.10590324274218,42.572731018066406,5906400,0.0,0.0
2013-02-13 00:00:00-05:00,42.57272643403313,42.81972531012547,41.98980893569904,42.55790710449219,4106800,0.0,0.0
2013-02-14 00:00:00-05:00,42.55543595583787,43.33842573272559,42.37512782627789,43.091426849365234,6841200,0.0,0.0
2013-02-15 00:00:00-05:00,43.16305649291425,43.4322843813803,42.634479013370914,43.232215881347656,5413600,0.0,0.0
2013-02-19 00:00:00-05:00,43.150708302493214,43.40758927637967,42.925938392568625,43.18281936645508,3497200,0.0,0.0
2013-02-20 00:00:00-05:00,43.19516540793866,43.3779421673258,42.251627875790625,42.256568908691406,5296800,0.0,0.0
2013-02-21 00:00:00-05:00,42.209640782694244,42.27633153926908,41.43900544059931,41.63166427612305,5466800,0.0,0.0
2013-02-22 00:00:00-05:00,42.026861412712606,42.12813186645508,41.68106445957262,42.12813186645508,4078400,0.0,0.0
2013-02-25 00:00:00-05:00,41.93794015251077,42.226932172360065,40.32997872476768,40.38678741455078,10159600,0.0,0.0
2013-02-26 00:00:00-05:00,40.46089164733004,41.16977732705391,40.07804257544863,40.3497428894043,6919200,0.0,0.0
2013-02-27 00:00:00-05:00,40.352205721737064,41.547683162406116,40.01381846300653,41.23399353027344,6224400,0.0,0.0
2013-02-28 00:00:00-05:00,41.266103587955335,41.96510708304112,41.266103587955335,41.797149658203125,14840000,0.0,0.0
2013-03-01 00:00:00-05:00,43.8423051414909,45.26008019695643,42.18494084937361,44.953800201416016,26723200,0.0,0.0
2013-03-04 00:00:00-05:00,44.958742502749686,46.097407624788,44.82536098121052,45.91462707519531,9554000,0.0,0.0
2013-03-05 00:00:00-05:00,45.38357563709315,45.914621722340044,45.21067340570689,45.88498306274414,9381200,0.0,0.0
2013-03-06 00:00:00-05:00,45.85781694209211,46.30488435063684,45.58858904408178,46.03318405151367,4816400,0.0,0.0
2013-03-07 00:00:00-05:00,46.05788250638292,46.077642869502405,45.46755532046486,45.56388473510742,3820000,0.0,0.0
2013-03-08 00:00:00-05:00,45.89486494270466,45.954146035428415,45.218090369736295,45.904747009277344,4218400,0.0,0.0
2013-03-11 00:00:00-04:00,45.82323997244277,46.42097689716596,45.82076757118286,45.926979064941406,4032000,0.0,0.0
2013-03-12 00:00:00-04:00,45.126698925066336,45.27984080812306,44.583302091034014,44.654930114746094,8922000,0.0,0.0
2013-03-13 00:00:00-04:00,44.83029875377421,44.86734707989343,44.20045082741973,44.6845703125,6623200,0.0,0.0
2013-03-14 00:00:00-04:00,44.86487508050011,45.17609230325536,44.054719079664245,44.086830139160156,7147600,0.0,0.0
2013-03-15 00:00:00-04:00,44.072008613975875,44.42027794140412,43.51873353155192,43.59530258178711,9867600,0.0,0.0
2013-03-18 00:00:00-04:00,43.29890646387836,43.71880382593992,42.93334915949695,43.009918212890625,6496800,0.0,0.0
2013-03-19 00:00:00-04:00,43.106249563878606,43.158117222870565,42.081201856108024,42.29362106323242,7280800,0.0,0.0
2013-03-20 00:00:00-04:00,42.76785467606935,42.901236182203625,42.42946741563532,42.60977554321289,4590400,0.0,0.0
2013-03-21 00:00:00-04:00,42.179992663974595,42.89875641892811,42.02438218982539,42.66410827636719,6500000,0.0,0.0
2013-03-22 00:00:00-04:00,43.32360549307311,43.748443902003295,42.74316034021095,43.48662567138672,7256400,0.0,0.0
2013-03-25 00:00:00-04:00,43.45698242575749,43.53849250631684,42.538146314420445,42.67152404785156,5163200,0.0,0.0
2013-03-26 00:00:00-04:00,42.85431213968152,43.177880118230206,42.28374524390124,42.87654113769531,4500800,0.0,0.0
2013-03-27 00:00:00-04:00,42.71104701221155,43.51379339354142,42.602366899099195,43.44216537475586,5028400,0.0,0.0
2013-03-28 00:00:00-04:00,43.42982155186382,44.26714775911041,43.24457235761541,44.17081832885742,6541200,0.0,0.0
2013-04-01 00:00:00-04:00,44.138694448796514,44.37334260627743,43.158108697064705,43.321128845214844,4823200,0.0,0.0
2013-04-02 00:00:00-04:00,43.71633929359416,43.790435952921435,43.17787969942186,43.30632019042969,3875600,0.0,0.0
2013-04-03 00:00:00-04:00,43.18034651229261,43.43475506013573,41.17224438851561,41.62178039550781,8306000,0.0,0.0
2013-04-04 00:00:00-04:00,41.62425235225802,41.65883204473457,40.63625683132365,41.103084564208984,5673200,0.0,0.0
2013-04-05 00:00:00-04:00,39.92984039530182,40.93265525888926,39.84586167948207,40.85855484008789,5285200,0.0,0.0
2013-04-08 00:00:00-04:00,40.744944575029194,41.29575112584811,40.50041428098094,41.21424102783203,3674400,0.0,0.0
2013-04-09 00:00:00-04:00,41.374786230802364,41.374786230802364,40.39667265368696,40.83633041381836,5304000,0.0,0.0
2013-04-10 00:00:00-04:00,40.98699304758242,41.79468040692332,40.88078157376457,41.68846893310547,4476400,0.0,0.0
2013-04-11 00:00:00-04:00,41.37725602553386,41.57979315999457,40.91042826383924,41.127784729003906,6846000,0.0,0.0
2013-04-12 00:00:00-04:00,41.09074029381902,41.95523650986085,40.63132215396632,41.87125778198242,7168400,0.0,0.0
2013-04-15 00:00:00-04:00,41.490872083638926,41.9749915616513,40.79927444458008,40.79927444458008,7120000,0.0,0.0
2013-04-16 00:00:00-04:00,41.18459526023899,42.0886083109888,41.01910646028663,42.08613967895508,6039200,0.0,0.0
2013-04-17 00:00:00-04:00,41.705772149324545,42.15283962365597,40.91784493482675,41.33527374267578,22142000,0.0,0.0
2013-04-18 00:00:00-04:00,40.67577528745701,41.4068936582215,40.27069725969537,40.53745651245117,4476800,0.0,4.0
2013-04-19 00:00:00-04:00,40.52758194079732,40.75482048761124,39.27282701533447,40.38926315307617,8713600,0.0,0.0
2013-04-22 00:00:00-04:00,40.567097812069825,40.67577415447309,39.64826166780555,39.83597946166992,4897800,0.0,0.0
2013-04-23 00:00:00-04:00,40.22129579439436,41.05121216296191,40.1224977522164,40.586856842041016,4115200,0.0,0.0
2013-04-24 00:00:00-04:00,40.52757965432632,41.03145574815502,40.379378807898064,40.41889953613281,2671100,0.0,0.0
2013-04-25 00:00:00-04:00,40.606617198363104,40.67577658807741,40.13237976793466,40.27069854736328,5148900,0.0,0.0
2013-04-26 00:00:00-04:00,40.349738695466456,40.606615881948535,40.1422605330497,40.22129821777344,2646100,0.0,0.0
2013-04-29 00:00:00-04:00,40.26082298306362,40.784459474708065,40.063223098077536,40.5177001953125,2651800,0.0,0.0
2013-04-30 00:00:00-04:00,40.55721595089986,40.744937514615614,40.22129731830226,40.61649703979492,3806600,0.0,0.0
2013-05-01 00:00:00-04:00,40.71530305458799,41.68353841595552,40.6263832882938,41.06110382080078,6423600,0.0,0.0
2013-05-02 00:00:00-04:00,41.26857636843589,41.59461295426857,41.00181710607965,41.367374420166016,3598400,0.0,0.0
2013-05-03 00:00:00-04:00,41.76257933923855,41.98981790149575,41.555101143556485,41.732940673828125,2897000,0.0,0.0
2013-05-06 00:00:00-04:00,41.8218542014977,42.3257302828477,41.792211771603704,41.9305305480957,4305700,0.0,0.0
2013-05-07 00:00:00-04:00,42.1281306484659,42.335608814351374,41.604494200591866,41.910770416259766,2803000,0.0,0.0
2013-05-08 00:00:00-04:00,41.92065499613353,42.07873414660619,41.693416452885586,41.86137390136719,3029900,0.0,0.0
2013-05-09 00:00:00-04:00,41.84161566676167,43.25444979493949,41.77245627046522,42.632015228271484,6062100,0.0,0.0
2013-05-10 00:00:00-04:00,42.691295491493584,43.71881197695809,42.691295491493584,43.6397705078125,4287000,0.0,0.0
2013-05-13 00:00:00-04:00,43.79784254459188,44.025081058467556,43.30384479210464,43.432281494140625,2945200,0.0,0.0
2013-05-14 00:00:00-04:00,43.52120813634661,44.499325499573175,43.48168740534861,44.44004440307617,4117200,0.0,0.0
2013-05-15 00:00:00-04:00,44.489439980416066,44.52896070834763,43.87688377309298,44.252323150634766,3099500,0.0,0.0
2013-05-16 00:00:00-04:00,44.845121868178275,46.74207547252734,44.746323810921304,45.59600067138672,7165000,0.0,0.0
2013-05-17 00:00:00-04:00,45.6256393126163,46.2678379911875,45.200800882589995,46.22831726074219,4787600,0.0,0.0
2013-05-20 00:00:00-04:00,46.57410391319254,47.008824313986885,46.25794567747127,46.44566345214844,6331700,0.0,0.0
2013-05-21 00:00:00-04:00,46.48518843971669,46.54446952769336,45.744191800075384,45.773834228515625,6112600,0.0,0.0
2013-05-22 00:00:00-04:00,45.8726368923428,46.653154335901036,44.983439327668314,45.230438232421875,6717200,0.0,0.0
2013-05-23 00:00:00-04:00,42.91852391074318,45.49719281368265,42.50356760258933,45.14151382446289,12218700,0.0,0.0
2013-05-24 00:00:00-04:00,42.236814245323224,43.293969294512536,41.298217619424065,42.730812072753906,21576800,0.0,0.0
2013-05-28 00:00:00-04:00,43.00744583787514,43.00744583787514,41.120374455116576,41.298213958740234,10067300,0.0,0.0
2013-05-29 00:00:00-04:00,40.68566187991453,41.85149706881188,40.359621500639534,41.426658630371094,8799500,0.0,0.0
2013-05-30 00:00:00-04:00,41.58473362107721,42.454170776486336,41.49581386917283,42.24668884277344,5557500,0.0,0.0
2013-05-31 00:00:00-04:00,42.00957526809425,42.54309382080969,41.57485854119887,41.82185745239258,5758500,0.0,0.0
2013-06-03 00:00:00-04:00,41.861372583327494,41.93053197392523,39.60874381779185,40.547340393066406,8969800,0.0,0.0
2013-06-04 00:00:00-04:00,38.7788277586443,39.7075422768229,37.11899482950082,37.34623336791992,29720600,0.0,0.0
2013-06-05 00:00:00-04:00,38.2156745917098,38.34411509006733,37.23755717467164,37.49443817138672,18556600,0.0,0.0
2013-06-06 00:00:00-04:00,37.41539349975286,37.939033747164764,36.65463641142981,37.60311508178711,10970900,0.0,0.0
2013-06-07 00:00:00-04:00,37.91927578899637,39.16414870505219,37.81059565963744,39.1345100402832,10146600,0.0,0.0
2013-06-10 00:00:00-04:00,39.470426450520314,39.49018681552812,38.057592388148464,38.21567153930664,10800800,0.0,0.0
2013-06-11 00:00:00-04:00,37.780954463947005,37.859992154337796,36.891756891399275,37.138755798339844,8942900,0.0,0.0
2013-06-12 00:00:00-04:00,37.662386612130355,38.04770424599704,36.8423523242173,37.12887191772461,7769100,0.0,0.0
2013-06-13 00:00:00-04:00,37.01031470919079,37.52407287953559,36.42739714754035,37.34623336791992,5839000,0.0,0.0
2013-06-14 00:00:00-04:00,37.336350295246675,38.255186398118056,37.04983069996341,37.10911178588867,4942800,0.0,0.0
2013-06-17 00:00:00-04:00,36.773193025629766,38.3539842883888,36.63487426125131,37.76118850708008,6521400,0.0,0.0
2013-06-18 00:00:00-04:00,37.79083251953125,38.05759178958468,37.58335434356887,37.79083251953125,3207200,0.0,0.0
2013-06-19 00:00:00-04:00,37.79083205180449,38.037830954103875,37.128876802716164,37.198036193847656,4960400,0.0,0.0
2013-06-20 00:00:00-04:00,36.91151580285458,37.33635420757694,36.14088044959266,36.308837890625,5537300,0.0,0.0
2013-06-21 00:00:00-04:00,36.55583925084524,38.36387310935301,35.6567633551617,37.840232849121094,15540200,0.0,0.0
2013-06-24 00:00:00-04:00,37.178276537547816,37.178276537547816,35.69628309552332,36.506439208984375,8583200,0.0,0.0
2013-06-25 00:00:00-04:00,37.15851219347935,37.78095042776701,36.89175295021321,36.99055099487305,5831200,0.0,0.0
2013-06-26 00:00:00-04:00,37.29683577386956,37.741434569987945,37.26719711042977,37.5438346862793,5046600,0.0,0.0
2013-06-27 00:00:00-04:00,37.879750985417616,38.48242889697496,37.8402302573703,38.373748779296875,5187200,0.0,0.0
2013-06-28 00:00:00-04:00,37.97855693542484,38.10699744383969,37.35612229929374,37.7216796875,5064800,0.0,0.0
2013-07-01 00:00:00-04:00,38.09711214338701,38.25519129050047,37.30671263891551,37.34623336791992,3799100,0.0,0.0
2013-07-02 00:00:00-04:00,37.28695733187333,37.939034307363755,37.277075264828646,37.7117919921875,4111000,0.0,0.0
2013-07-03 00:00:00-04:00,37.43514996965992,38.274948430178306,37.326469858506634,38.08722686767578,2292300,0.0,0.0
2013-07-05 00:00:00-04:00,38.49230980383973,38.60098992888499,37.869875254969386,38.47254943847656,2824600,0.0,0.0
2013-07-08 00:00:00-04:00,38.56146959747097,38.88750997598297,37.8698756471201,37.96867370605469,3846100,0.0,0.0
2013-07-09 00:00:00-04:00,38.02794946947757,38.34410773641346,37.484548914834164,38.25518798828125,3796000,0.0,0.0
2013-07-10 00:00:00-04:00,38.304593859216375,39.490189456647975,38.116876032443976,39.2629508972168,4668200,0.0,0.0
2013-07-11 00:00:00-04:00,39.72730039287355,41.19941542928484,39.67790136886597,41.021575927734375,6911700,0.0,0.0
2013-07-12 00:00:00-04:00,41.0610954295948,42.08860791257392,40.833856910815584,41.920650482177734,5274600,0.0,0.0
2013-07-15 00:00:00-04:00,41.76257477593893,41.9206539223625,40.794339532981574,41.47605514526367,4151300,0.0,0.0
2013-07-16 00:00:00-04:00,41.43654374191454,41.54522388620923,40.90302885823014,41.337745666503906,3897400,0.0,0.0
2013-07-17 00:00:00-04:00,41.49581633719388,42.22693475954801,41.22905706561484,42.19729232788086,4606300,0.0,0.0
2013-07-18 00:00:00-04:00,42.03920945733494,42.48380820394773,41.041335620629695,41.39701461791992,5920400,0.0,0.0
2013-07-19 00:00:00-04:00,41.34762359655681,42.23682134291705,41.19942648476674,41.98982238769531,6078500,0.0,0.0
2013-07-22 00:00:00-04:00,41.98981260799159,42.00957297207561,41.337735668835414,41.535335540771484,3133800,0.0,0.0
2013-07-23 00:00:00-04:00,41.62425318633144,42.64188738723613,41.5056910078328,42.02933120727539,4638200,0.0,0.0
2013-07-24 00:00:00-04:00,42.493687081441905,43.007445221333604,41.446414207231534,41.50569152832031,6022200,0.0,0.0
2013-07-25 00:00:00-04:00,41.61437071474759,42.94816694307838,41.5550933949799,42.701168060302734,5236900,0.0,0.0
2013-07-26 00:00:00-04:00,42.45416917752709,42.809848171748634,41.772449848967845,42.701168060302734,2733000,0.0,0.0
2013-07-29 00:00:00-04:00,42.64189161489723,42.908650889610755,41.999692942190144,42.79009246826172,3087200,0.0,0.0
2013-07-30 00:00:00-04:00,43.066729562643296,43.88676397381256,42.99757017021592,43.46192932128906,4357900,0.0,0.0
2013-07-31 00:00:00-04:00,43.43228591186926,43.75832627074793,43.12600968627259,43.22480773925781,3263200,0.0,0.0
2013-08-01 00:00:00-04:00,43.63976841921612,45.05260257688549,43.62001182177996,44.59812545776367,5479000,0.0,0.0
2013-08-02 00:00:00-04:00,44.43015973638516,45.05259420031748,44.39063901105185,44.97355651855469,3494500,0.0,0.0
2013-08-05 00:00:00-04:00,44.766078241534295,45.546591835762335,44.70679715369641,45.14151382446289,2620900,0.0,0.0
2013-08-06 00:00:00-04:00,44.83524271326718,45.10200198544871,44.36100526346809,44.874759674072266,2750300,0.0,0.0
2013-08-07 00:00:00-04:00,44.657401521543875,44.657401521543875,43.659523862828365,44.380760192871094,3000300,0.0,0.0
2013-08-08 00:00:00-04:00,44.65740538529876,45.14152115677963,44.43016683169895,44.69692611694336,3400700,0.0,0.0
2013-08-09 00:00:00-04:00,44.687038653230985,45.03283936000614,44.32148135192372,44.66727828979492,2543800,0.0,0.0
2013-08-12 00:00:00-04:00,44.59811678375898,45.13163526447806,44.51907910267307,44.845115661621094,2862900,0.0,0.0
2013-08-13 00:00:00-04:00,44.81547696959103,44.95379573806817,43.965800227341404,44.52895736694336,3644600,0.0,0.0
2013-08-14 00:00:00-04:00,44.5585989905357,44.70679983456548,43.65952316671828,44.12388229370117,3741400,0.0,0.0
2013-08-15 00:00:00-04:00,43.58048661822151,43.6496460088666,42.345492115410444,43.07660675048828,5910700,0.0,0.0
2013-08-16 00:00:00-04:00,43.00745415337799,43.58049350227463,42.948176819978144,43.303855895996094,4073400,0.0,0.0
2013-08-19 00:00:00-04:00,43.27420085350303,43.63975812228981,42.82960213800364,42.918521881103516,3482000,0.0,0.0
2013-08-20 00:00:00-04:00,42.90864991009045,43.333488326539204,42.503571858232824,42.8691291809082,3571400,0.0,0.0
2013-08-21 00:00:00-04:00,42.90865432197528,43.6200124447812,42.72093649241463,42.977813720703125,5379900,0.0,0.0
2013-08-22 00:00:00-04:00,43.22480773925781,43.43228591186926,42.97780883789063,43.22480773925781,2964900,0.0,0.0
2013-08-23 00:00:00-04:00,42.632013770426305,43.205049287130514,42.48381291548498,43.06673049926758,4312800,0.0,0.0
2013-08-26 00:00:00-04:00,42.64189244530344,43.313729794205045,42.63201414704209,42.87901306152344,5731000,0.0,0.0
2013-08-27 00:00:00-04:00,42.4047638781279,42.464044963293695,41.821850167397265,41.950286865234375,5589800,0.0,0.0
2013-08-28 00:00:00-04:00,41.94041239868401,42.73080809521941,41.87125301079366,42.266448974609375,5877500,0.0,0.0
2013-08-29 00:00:00-04:00,41.85149192150805,43.452043650349594,41.60449303506752,43.126007080078125,13186500,0.0,0.0
2013-08-30 00:00:00-04:00,47.09774580829328,49.340496147103046,46.81122996468802,48.54022216796875,31862700,0.0,0.0
2013-09-03 00:00:00-04:00,48.86626294509098,49.547982341747776,48.540226347089046,48.984825134277344,10222700,0.0,0.0
2013-09-04 00:00:00-04:00,48.224064336306874,48.65878102316015,47.7201844932981,48.18454360961914,8027400,0.0,0.0
2013-09-05 00:00:00-04:00,47.87826751797887,48.53034448564739,47.78934776016479,48.01658630371094,5991900,0.0,0.0
2013-09-06 00:00:00-04:00,48.10550573662662,48.65878464472238,47.44355047540696,47.88814926147461,5185300,0.0,0.0
2013-09-09 00:00:00-04:00,48.016583028105636,48.60938262939453,47.95730570620953,48.60938262939453,5220300,0.0,0.0
2013-09-10 00:00:00-04:00,48.8563832143185,49.478821498128106,48.75758139289405,49.41954040527344,5138200,0.0,0.0
2013-09-11 00:00:00-04:00,49.1922959236421,49.81473036331599,48.895898033001636,49.28121566772461,4309400,0.0,0.0
2013-09-12 00:00:00-04:00,49.23181948868418,49.99257273663436,48.806981105650046,49.36025619506836,3839600,0.0,0.0
2013-09-13 00:00:00-04:00,49.320735444964996,49.48869664624507,48.58962085747447,49.044097900390625,3350800,0.0,0.0
2013-09-16 00:00:00-04:00,49.597382450149404,49.85425966117525,48.895906442247764,49.053985595703125,3347600,0.0,0.0
2013-09-17 00:00:00-04:00,49.25157682147264,49.86413677809253,49.103379749828946,49.30097961425781,3167000,0.0,0.0
2013-09-18 00:00:00-04:00,49.330619926352234,51.93892767120616,49.27133883436771,51.85988998413086,10464300,0.0,0.0
2013-09-19 00:00:00-04:00,52.027850155895315,53.598763371360484,52.027850155895315,52.73920822143555,6897600,0.0,0.0
2013-09-20 00:00:00-04:00,52.857762507901796,53.37152065183586,52.116765837230275,52.126644134521484,6106400,0.0,0.0
2013-09-23 00:00:00-04:00,52.19581027424819,53.00596637897176,51.267091981830305,51.7215690612793,4339300,0.0,0.0
2013-09-24 00:00:00-04:00,51.543730154519096,52.09700906355027,51.0892530697279,51.51409149169922,2979400,0.0,0.0
2013-09-25 00:00:00-04:00,51.425169744353056,52.521845453101605,51.37577071859676,51.84012985229492,4045800,0.0,0.0
2013-09-26 00:00:00-04:00,52.22544694907836,53.29248021538784,52.21556488269451,52.67992401123047,4141300,0.0,0.0
2013-09-27 00:00:00-04:00,52.39340544082235,52.452686533603924,51.68205117196401,51.80060958862305,3948100,0.0,0.0
2013-09-30 00:00:00-04:00,50.52609669122987,51.622772460398906,50.15065729077013,51.2868537902832,5051500,0.0,0.0
2013-10-01 00:00:00-04:00,51.51409139140962,52.18592871931658,51.306613214265944,51.99821090698242,3753300,0.0,0.0
2013-10-02 00:00:00-04:00,51.62277292381788,52.51197052001953,51.415294741005596,52.51197052001953,3207700,0.0,0.0
2013-10-03 00:00:00-04:00,52.3835304102599,52.6996887203386,51.0892547372535,51.37577438354492,3089100,0.0,0.0
2013-10-04 00:00:00-04:00,51.612890866457995,52.72932316060356,51.45481172408049,52.19580841064453,3600800,0.0,0.0
2013-10-07 00:00:00-04:00,51.790728827589156,52.56136797755957,51.39553283912883,51.533851623535156,2974800,0.0,0.0
2013-10-08 00:00:00-04:00,51.919174555678225,52.185933853494895,48.90578835048958,49.53810501098633,5746200,0.0,0.0
2013-10-09 00:00:00-04:00,49.65666047009972,49.89378108804399,48.11538964462726,49.31086349487305,4749700,0.0,0.0
2013-10-10 00:00:00-04:00,49.59737716876773,51.148529874656404,49.5084574188612,50.92129135131836,4789800,0.0,0.0
2013-10-11 00:00:00-04:00,50.921295028827565,51.25721368952278,50.288978436672835,50.45693588256836,2614300,0.0,0.0
2013-10-14 00:00:00-04:00,49.903655785881156,50.59525345534084,49.37014102958172,50.55573272705078,3866500,0.0,0.0
2013-10-15 00:00:00-04:00,50.506337208466014,50.91141527930885,49.99257901173046,50.111141204833984,3661500,0.0,0.0
2013-10-16 00:00:00-04:00,50.36801905100538,52.29461137072161,50.36801905100538,51.948814392089844,5546400,0.0,0.0
2013-10-17 00:00:00-04:00,51.869769678200306,52.4625655383895,51.622770774970775,52.3736457824707,3001700,0.0,0.0
2013-10-18 00:00:00-04:00,52.86764018390611,53.49996050132761,52.67004408917231,53.450557708740234,4548400,0.0,0.0
2013-10-21 00:00:00-04:00,55.475951190664745,55.564870940200585,54.0729955611997,54.43855285644531,4200400,0.0,0.0
2013-10-22 00:00:00-04:00,54.705314228599626,54.83375470933805,52.373644055952674,53.62839889526367,5078500,0.0,0.0
2013-10-23 00:00:00-04:00,53.30236204709047,53.39128179963343,52.34400513289456,52.699684143066406,2532500,0.0,0.0
2013-10-24 00:00:00-04:00,53.104761296971795,53.88527869312935,52.99608118245568,53.72719955444336,3193100,0.0,0.0
2013-10-25 00:00:00-04:00,53.8951624884796,54.23108116356884,53.00596865599939,53.90504455566406,2715100,0.0,0.0
2013-10-28 00:00:00-04:00,53.9050400989096,54.15203899343904,51.57336993152708,52.84788513183594,4450100,0.0,0.0
2013-10-29 00:00:00-04:00,53.104757907735895,53.44067652711772,52.16616143279517,53.05535888671875,3553400,0.0,0.0
2013-10-30 00:00:00-04:00,53.18380446602248,53.46044202541894,51.98832693669332,52.156288146972656,4280300,0.0,0.0
2013-10-31 00:00:00-04:00,52.15629087485731,53.065245056931104,51.879649532087846,52.71944808959961,3504400,0.0,0.0
2013-11-01 00:00:00-04:00,52.8972842659951,53.97419959911938,52.8972842659951,53.31224060058594,4330500,0.0,0.0
2013-11-04 00:00:00-05:00,53.845762728034195,55.00171582523169,53.499965759360826,54.91279983520508,4889200,0.0,0.0
2013-11-05 00:00:00-05:00,54.734953279964174,55.04122947886655,54.191552729194534,55.02146911621094,4262000,0.0,0.0
2013-11-06 00:00:00-05:00,55.2388348498064,55.27835557906211,54.003840327347035,54.56699752807617,4634200,0.0,0.0
2013-11-07 00:00:00-05:00,55.23883384961695,56.55286980679495,53.54936227802019,53.69755935668945,6338600,0.0,0.0
2013-11-08 00:00:00-05:00,53.697557319997536,54.883152748903825,53.697557319997536,54.823875427246094,4167400,0.0,0.0
2013-11-11 00:00:00-05:00,55.01159524400672,55.46607231492855,54.37927866378431,55.446311950683594,3391900,0.0,0.0
2013-11-12 00:00:00-05:00,55.45619273619904,56.80974562002655,55.288231528448875,56.02922821044922,6072000,0.0,0.0
2013-11-13 00:00:00-05:00,56.078632700042775,57.066628372318334,55.96995634197215,56.523231506347656,4583700,0.0,0.0
2013-11-14 00:00:00-05:00,56.404668107105955,56.99746395063577,56.058871159864246,56.305870056152344,4850200,0.0,0.0
2013-11-15 00:00:00-05:00,56.70106603782464,57.195063830478844,56.08850983022656,56.62202835083008,5295000,0.0,0.0
2013-11-18 00:00:00-05:00,57.50134620599979,57.669303653401315,54.54723762496484,54.84363555908203,15146000,0.0,0.0
2013-11-19 00:00:00-05:00,54.70532145261333,54.70532145261333,51.91917384962332,52.106895446777344,16325400,0.0,0.0
2013-11-20 00:00:00-05:00,52.8182412678979,54.14215545739448,52.689804559839885,52.9664421081543,7664600,0.0,0.0
2013-11-21 00:00:00-05:00,53.22331897588316,53.85563552192021,53.10476056572719,53.786476135253906,5691100,0.0,0.0
2013-11-22 00:00:00-05:00,53.99396463564148,54.42868137172439,53.845763778231394,54.03348159790039,3344800,0.0,0.0
2013-11-25 00:00:00-05:00,53.124527735706536,53.490085079053294,51.22757408563633,52.11677169799805,8399600,0.0,0.0
2013-11-26 00:00:00-05:00,51.9290535299759,52.50208905607484,51.375774600549036,51.67217254638672,5694000,0.0,0.0
2013-11-27 00:00:00-05:00,51.99820993077886,52.264969197343035,51.257213224402,52.077247619628906,3770700,0.0,0.0
2013-11-29 00:00:00-05:00,50.50633047653746,51.968563409775825,50.37789377115101,51.46468734741211,5635300,0.0,0.0
2013-12-02 00:00:00-05:00,51.385650309754425,51.66229164498112,50.684174327205646,50.94105529785156,4235400,0.0,0.0
2013-12-03 00:00:00-05:00,50.57549148500359,51.17816938112265,50.427294411978494,51.01021194458008,3832700,0.0,0.0
2013-12-04 00:00:00-05:00,50.78297344935779,51.98832547344844,50.73357065608111,51.64252853393555,4090700,0.0,0.0
2013-12-05 00:00:00-05:00,51.563485470696016,52.51196404601143,51.38564597338087,52.41316223144531,4855500,0.0,0.0
2013-12-06 00:00:00-05:00,53.03560781504982,53.49996698554338,52.59100901020538,53.23320770263672,4570100,0.0,0.0
2013-12-09 00:00:00-05:00,52.976325288929225,53.361642986431335,52.29460965249505,53.035606384277344,3173600,0.0,0.0
2013-12-10 00:00:00-05:00,53.33200002123117,53.88527889313774,53.01584174268569,53.07512283325195,3986400,0.0,0.0
2013-12-11 00:00:00-05:00,52.660165173310766,52.83800468433297,50.58537590325718,50.81261444091797,6996000,0.0,0.0
2013-12-12 00:00:00-05:00,50.60513972453262,51.00033573354128,49.686303444453515,50.368019104003906,5813800,0.0,0.0
2013-12-13 00:00:00-05:00,50.72369445033919,51.1781715235546,50.15065519105566,50.51621627807617,4452300,0.0,0.0
2013-12-16 00:00:00-05:00,50.11113975375176,50.615015868685624,49.518340112113044,50.54585647583008,6554600,0.0,0.0
2013-12-17 00:00:00-05:00,50.684174096976996,51.82037055733342,50.190176291414055,51.59313201904297,6232700,0.0,0.0
2013-12-18 00:00:00-05:00,51.7610911102748,52.76884711794636,51.09913583883901,52.71944808959961,5557300,0.0,0.0
2013-12-19 00:00:00-05:00,52.65028641597598,53.302363361064245,52.10688958988644,52.432926177978516,3597900,0.0,0.0
2013-12-20 00:00:00-05:00,52.54160432486747,53.559238548379234,52.52184396134538,53.07512283325195,5795000,0.0,0.0
2013-12-23 00:00:00-05:00,53.499970038756665,54.09276596644353,53.20356830600865,53.924808502197266,4289500,0.0,0.0
2013-12-24 00:00:00-05:00,53.82600021558198,54.31011972131623,53.79636155342214,54.14215850830078,1327500,0.0,0.0
2013-12-26 00:00:00-05:00,54.22119745288347,54.507713301258825,53.87539674512789,54.19155502319336,1985400,0.0,0.0
2013-12-27 00:00:00-05:00,54.24096262630417,54.28047958788863,53.67780540800443,53.796363830566406,1837300,0.0,0.0
2013-12-30 00:00:00-05:00,53.61851957387995,54.57687647456646,53.322121659216236,54.507713317871094,3743400,0.0,0.0
2013-12-31 00:00:00-05:00,54.47807823686497,54.88315629293424,54.20144066752133,54.5274772644043,3101700,0.0,0.0
2014-01-02 00:00:00-05:00,54.53735755661118,54.547235854235915,53.7568401326134,54.201438903808594,2730200,0.0,0.0
2014-01-03 00:00:00-05:00,54.27059899445251,54.72507606913913,53.86552094633547,54.458316802978516,1968700,0.0,0.0
2014-01-06 00:00:00-05:00,54.53735934426039,54.57688007386297,53.38140250126242,53.579002380371094,2532700,0.0,0.0
2014-01-07 00:00:00-05:00,53.776601327849846,54.45831694161523,53.63828254554129,54.29035949707031,2787200,0.0,0.0
2014-01-08 00:00:00-05:00,54.52747367933672,56.4441874806383,54.102635286403114,56.256465911865234,7036900,0.0,0.0
2014-01-09 00:00:00-05:00,56.325631201913446,56.325631201913446,54.981960263426956,55.61427688598633,4968100,0.0,0.0
2014-01-10 00:00:00-05:00,55.841515171741584,56.35527336735982,55.140039157474206,56.266353607177734,3517500,0.0,0.0
2014-01-13 00:00:00-05:00,56.28611132097617,56.68130730513079,55.189435586697,55.53523254394531,5306500,0.0,0.0
2014-01-14 00:00:00-05:00,55.53522858721948,56.98758324199461,54.981953495041445,56.81962203979492,4924600,0.0,0.0
2014-01-15 00:00:00-05:00,56.809749802621994,59.13153806960222,56.78011113920913,59.00310134887695,8745500,0.0,0.0
2014-01-16 00:00:00-05:00,58.77586314788859,58.93394230186147,58.14354276309275,58.49922180175781,5644800,0.0,0.0
2014-01-17 00:00:00-05:00,58.54861882327972,59.1908174842845,58.14354076955639,59.14141845703125,4333300,0.0,0.0
2014-01-21 00:00:00-05:00,59.54649309822696,60.33688879569499,58.933936903802234,60.21833038330078,6130800,0.0,0.0
2014-01-22 00:00:00-05:00,60.25785835934476,60.71233546894891,59.77373881639814,60.40605545043945,3515900,0.0,0.0
2014-01-23 00:00:00-05:00,59.35878372192383,59.427943119710726,58.21270508681635,59.35878372192383,4875700,0.0,0.0
2014-01-24 00:00:00-05:00,58.76598125678113,58.845022718456484,57.55074705030501,57.69894790649414,4803500,0.0,0.0
2014-01-27 00:00:00-05:00,57.80762480009533,57.9657039560106,56.266353972147556,56.39479446411133,5136700,0.0,0.0
2014-01-28 00:00:00-05:00,56.90853893603699,58.7165724987876,56.5923806795293,58.657291412353516,5534700,0.0,0.0
2014-01-29 00:00:00-05:00,57.85702849130842,58.50910549063373,57.09627136394482,57.26422882080078,4077800,0.0,0.0
2014-01-30 00:00:00-05:00,58.33125878232149,60.7518486587407,58.005218438361595,60.23809051513672,5946200,0.0,0.0
2014-01-31 00:00:00-05:00,59.30937363797225,60.524607752722694,59.27973497653328,59.80337142944336,4612200,0.0,0.0
2014-02-03 00:00:00-05:00,60.36653029528236,60.46533211767697,57.37290480145252,57.768104553222656,5450000,0.0,0.0
2014-02-04 00:00:00-05:00,58.7066963313487,60.61352812749273,58.351021083721704,60.22821044921875,5948100,0.0,0.0
2014-02-05 00:00:00-05:00,59.842890589048956,61.1371661255908,59.042612831032464,60.890167236328125,4860800,0.0,0.0
2014-02-06 00:00:00-05:00,61.10752859655109,61.99672617676763,60.36653186933873,60.95933151245117,5180000,0.0,0.0
2014-02-07 00:00:00-05:00,61.31501425395326,61.91768846266679,60.48509771851123,60.811134338378906,7537900,0.0,0.0
2014-02-10 00:00:00-05:00,60.840769493139014,60.959327907188005,59.91205123786049,60.3072509765625,5846400,0.0,0.0
2014-02-11 00:00:00-05:00,60.51472877801284,61.05812558876929,60.41593072838585,60.49496841430664,6376300,0.0,0.0
2014-02-12 00:00:00-05:00,60.811125634871715,61.11740561361836,60.36652688149883,60.741966247558594,4786500,0.0,0.0
2014-02-13 00:00:00-05:00,60.45545542765421,62.55988732051732,60.44557712898828,62.372169494628906,4760400,0.0,0.0
2014-02-14 00:00:00-05:00,62.70808252263987,62.77724191377227,61.65092752229696,62.04612350463867,3654800,0.0,0.0
2014-02-18 00:00:00-05:00,62.569762218190505,63.17243635926769,61.542245905071795,62.96495819091797,3780100,0.0,0.0
2014-02-19 00:00:00-05:00,62.599407454528446,63.19220336033318,62.09552754258042,62.26348876953125,4929600,0.0,0.0
2014-02-20 00:00:00-05:00,62.45120477473064,62.49072550567443,61.2458526321797,62.253604888916016,5738900,0.0,0.0
2014-02-21 00:00:00-05:00,62.58951667739839,63.8739139094189,62.58951667739839,62.826637268066406,5516500,0.0,0.0
2014-02-24 00:00:00-05:00,61.99672836436633,63.55776333384997,61.05813172299743,63.14280319213867,5698600,0.0,0.0
2014-02-25 00:00:00-05:00,63.15268257949599,63.23172404362465,62.53024800955276,62.89580535888672,4895500,0.0,0.0
2014-02-26 00:00:00-05:00,63.014359031711514,63.96283391626593,61.937443662091134,62.9748420715332,7285700,0.0,0.0
2014-02-27 00:00:00-05:00,62.757475447625374,65.55350079001298,62.74759338190775,65.42506408691406,9345800,0.0,0.0
2014-02-28 00:00:00-05:00,65.24722625565636,66.19570106791342,60.23808917785045,61.621280670166016,18892500,0.0,0.0
2014-03-03 00:00:00-05:00,59.921933686725204,60.96920659383376,59.101895542800385,60.75185012817383,9303400,0.0,0.0
2014-03-04 00:00:00-05:00,61.43356599892209,62.609279392517365,61.26560478903473,62.31288146972656,7927200,0.0,0.0
2014-03-05 00:00:00-05:00,62.31287996383917,62.9847172493445,62.184439485135634,62.915557861328125,5464400,0.0,0.0
2014-03-06 00:00:00-05:00,62.98471985356009,63.10327827093246,61.97696388363463,62.382041931152344,3958800,0.0,0.0
2014-03-07 00:00:00-05:00,62.4413249900391,62.59940414114688,59.012978924815435,60.01085662841797,11239300,0.0,0.0
2014-03-10 00:00:00-04:00,60.01085660486616,60.24797344698264,58.86478181755852,59.0623779296875,6012000,0.0,0.0
2014-03-11 00:00:00-04:00,59.2698566016734,61.61140507489757,58.80549747224726,60.28749084472656,9907300,0.0,0.0
2014-03-12 00:00:00-04:00,59.67493255374663,60.791364808383975,58.924053827347514,60.78148651123047,5573400,0.0,0.0
2014-03-13 00:00:00-04:00,61.0581266148629,61.42368392731083,57.71870047047565,58.35102081298828,9256600,0.0,0.0
2014-03-14 00:00:00-04:00,58.28186064635388,58.57825856516861,56.91842569712127,57.461822509765625,6782900,0.0,0.0
2014-03-17 00:00:00-04:00,57.90641936168079,58.558496269117995,57.32350184072148,57.61989974975586,6285200,0.0,0.0
2014-03-18 00:00:00-04:00,57.78785885148483,58.9141731262207,57.28397903242693,58.9141731262207,6019300,0.0,0.0
2014-03-19 00:00:00-04:00,58.746210806655476,59.08212942330138,57.22469685073554,57.72857666015625,4918600,0.0,0.0
2014-03-20 00:00:00-04:00,57.649547878089315,58.66718601707499,57.06663026139425,58.41030502319336,4708400,0.0,0.0
2014-03-21 00:00:00-04:00,59.02285738101931,59.19081481990084,56.08850931363049,56.34538650512695,10227600,0.0,0.0
2014-03-24 00:00:00-04:00,56.81962623001577,56.85914695920124,55.001714145430114,55.683433532714844,6299000,0.0,0.0
2014-03-25 00:00:00-04:00,56.1280345986086,57.402546131036345,54.596638316018236,55.96995544433594,7581100,0.0,0.0
2014-03-26 00:00:00-04:00,56.39479192333529,56.52322864060818,54.47807800419969,54.547237396240234,6485400,0.0,0.0
2014-03-27 00:00:00-04:00,54.33975409277409,55.979826520090754,53.21343979278484,55.29811096191406,6206100,0.0,0.0
2014-03-28 00:00:00-04:00,55.39691160901944,56.256466704291014,54.922674185114296,55.080753326416016,5109500,0.0,0.0
2014-03-31 00:00:00-04:00,55.49570902190667,56.493586652152686,55.46607036103536,56.404666900634766,6520600,0.0,0.0
2014-04-01 00:00:00-04:00,56.918429458303436,58.18306267222902,56.90854739131099,58.09414291381836,5356600,0.0,0.0
2014-04-02 00:00:00-04:00,58.341140046658744,58.637537976030025,57.01722577782317,57.45194625854492,4799700,0.0,0.0
2014-04-03 00:00:00-04:00,57.37290886564837,57.54087009116521,54.87328100000988,55.07088088989258,6053200,0.0,0.0
2014-04-04 00:00:00-04:00,55.57475572721654,55.930434766895424,53.40116452721565,53.75684356689453,6496700,0.0,0.0
2014-04-07 00:00:00-04:00,53.49008192646802,54.84363486203937,52.432926921246754,53.32212448120117,6017700,0.0,0.0
2014-04-08 00:00:00-04:00,53.52960311144008,54.85351739592277,52.48232639511956,54.547237396240234,8810300,0.0,0.0
2014-04-09 00:00:00-04:00,55.09063635933633,56.414550694878315,54.62628096185597,56.266353607177734,7376700,0.0,0.0
2014-04-10 00:00:00-04:00,56.26635168635371,56.394792173099646,53.57900237606207,53.89516067504883,10912100,0.0,0.0
2014-04-11 00:00:00-04:00,53.17392140721811,53.84575869798976,52.12664474362608,52.23532485961914,6425100,0.0,0.0
2014-04-14 00:00:00-04:00,52.847883569247024,54.10263459972094,52.44280554495212,53.1343994140625,4860500,0.0,0.0
2014-04-15 00:00:00-04:00,53.302364343127124,54.71519837833297,52.24520933341424,54.56699752807617,6137700,0.0,0.0
2014-04-16 00:00:00-04:00,55.28823066435237,55.40679284523032,53.85563634776083,55.30799102783203,4516800,0.0,0.0
2014-04-17 00:00:00-04:00,55.04123034853744,55.76246663679571,54.43855246918226,55.42654800415039,3817000,0.0,0.0
2014-04-21 00:00:00-04:00,55.406789411137844,55.811867415104345,54.725070104506216,55.43642807006836,3009500,0.0,0.0
2014-04-22 00:00:00-04:00,55.34751770060745,56.71095277594186,55.27835830545104,56.39479446411133,4662900,0.0,0.0
2014-04-23 00:00:00-04:00,55.84151362833174,55.9403116840681,54.41880127364521,54.972076416015625,4229200,0.0,0.0
2014-04-24 00:00:00-04:00,55.60439045358518,55.9205487400452,52.5317235737044,54.072998046875,6003000,0.0,0.0
2014-04-25 00:00:00-04:00,53.67780015579274,53.717317113510575,51.780846735890904,52.16616439819336,5321300,0.0,0.0
2014-04-28 00:00:00-04:00,52.403284597114116,52.49220434689614,47.700423693604336,48.54022216796875,17648300,0.0,0.0
2014-04-29 00:00:00-04:00,48.639021812082085,50.69405442168109,47.6016272098286,50.15065383911133,10347900,0.0,0.0
2014-04-30 00:00:00-04:00,49.992577462577906,51.118895648733336,49.23182414271151,51.02997589111328,6857500,0.0,0.0
2014-05-01 00:00:00-04:00,51.276975393586646,53.03560643256858,51.168295269801604,51.45481491088867,6405200,0.0,0.0
2014-05-02 00:00:00-04:00,51.45481060391542,52.403285437532226,51.000329781683064,51.81048583984375,6515700,0.0,0.0
2014-05-05 00:00:00-04:00,52.33412886764496,53.183805698515044,51.37577191623508,53.00596618652344,7025800,0.0,0.0
2014-05-06 00:00:00-04:00,52.54160441637582,53.06524085945926,51.0398507062173,51.158409118652344,6947000,0.0,0.0
2014-05-07 00:00:00-04:00,51.08924856607265,51.17816831559799,48.58962105116575,49.824615478515625,9039300,0.0,0.0
2014-05-08 00:00:00-04:00,49.61714065327347,51.454813087676804,48.97494200033754,49.54798126220703,6499300,0.0,0.0
2014-05-09 00:00:00-04:00,49.38989485513715,50.14076974872161,48.72793593507785,49.67641067504883,5307000,0.0,0.0
2014-05-12 00:00:00-04:00,50.288973462718445,53.00596114202457,50.239570671608014,52.78860092163086,6558300,0.0,0.0
2014-05-13 00:00:00-04:00,53.213443452028606,53.55924040338177,51.5733709119317,51.652408599853516,5321200,0.0,0.0
2014-05-14 00:00:00-04:00,51.405406847800045,52.38352409276605,51.09913064185715,51.25720977783203,3277300,0.0,0.0
2014-05-15 00:00:00-04:00,51.62277257133157,51.67217159991563,49.992578245727806,50.802734375,4762400,0.0,0.0
2014-05-16 00:00:00-04:00,50.98057318469054,51.30661355284293,49.883901197306535,51.17817306518555,4646100,0.0,0.0
2014-05-19 00:00:00-04:00,51.32637402510057,52.78860711357418,51.039854386228946,52.591007232666016,4816200,0.0,0.0
2014-05-20 00:00:00-04:00,53.17392505303309,53.49996542336689,51.76109098606181,52.255088806152344,10653800,0.0,0.0
2014-05-21 00:00:00-04:00,51.96856295394556,52.36376267033984,49.02433675041001,49.587493896484375,20536600,0.0,0.0
2014-05-22 00:00:00-04:00,49.68629737919671,53.59875887353931,49.33061837627393,52.630523681640625,13735500,0.0,0.0
2014-05-23 00:00:00-04:00,52.01797337065176,53.01584733591828,51.484454805980455,52.76884841918945,6646200,0.0,0.0
2014-05-27 00:00:00-04:00,52.25508845008551,53.9544421456669,52.21556772021054,53.70744323730469,5931300,0.0,0.0
2014-05-28 00:00:00-04:00,53.49996191595305,53.707440082251956,52.699684143066406,52.699684143066406,5945800,0.0,0.0
2014-05-29 00:00:00-04:00,52.48232281333714,54.300234784844044,52.40328512878672,53.7469596862793,6813000,0.0,0.0
2014-05-30 00:00:00-04:00,54.83375730132535,54.8732780309444,51.8500100553631,51.99821090698242,9683400,0.0,0.0
2014-06-02 00:00:00-04:00,51.998208152712756,52.21556461629603,51.02009087542395,51.7512092590332,4070400,0.0,0.0
2014-06-03 00:00:00-04:00,51.306610298774274,51.523970530423355,50.29885436417945,50.338375091552734,5793700,0.0,0.0
2014-06-04 00:00:00-04:00,50.02221916768803,50.901534664209706,49.60725904852138,50.45693588256836,4712800,0.0,0.0
2014-06-05 00:00:00-04:00,50.85213204682652,51.158408254518974,50.140774046424056,50.75333023071289,5410000,0.0,0.0
2014-06-06 00:00:00-04:00,51.118895739270016,51.662292583953096,50.970694886672696,51.17817306518555,3153900,0.0,0.0
2014-06-09 00:00:00-04:00,51.188058117082235,51.46469570456451,50.5260990441582,51.089256286621094,3931400,0.0,0.0
2014-06-10 00:00:00-04:00,50.98056601096075,52.561361063574985,50.98056601096075,52.42304229736328,6589800,0.0,0.0
2014-06-11 00:00:00-04:00,52.05748776315008,52.96644569167183,51.86976995250841,52.670047760009766,4151400,0.0,0.0
2014-06-12 00:00:00-04:00,52.531722690818846,52.92692242670388,51.99820794694925,52.40328598022461,3626800,0.0,0.0
2014-06-13 00:00:00-04:00,52.49220778701501,53.73708059664316,52.1167684001191,53.658042907714844,5127700,0.0,0.0
2014-06-16 00:00:00-04:00,52.52184667682119,54.07299948891489,51.88953008703831,53.95444107055664,6994100,0.0,0.0
2014-06-17 00:00:00-04:00,53.648159192478275,57.30374358900602,53.59876016730304,57.12590408325195,13418900,0.0,0.0
2014-06-18 00:00:00-04:00,56.89866624631896,57.24446319566733,56.05887150138487,57.06662368774414,6043400,0.0,0.0
2014-06-19 00:00:00-04:00,57.27410805118339,57.91630295129224,56.819627195635185,57.18518829345703,4735800,0.0,0.0
2014-06-20 00:00:00-04:00,57.27410285410331,57.27410285410331,56.32562426811945,56.81962203979492,5955600,0.0,0.0
2014-06-23 00:00:00-04:00,56.76035221762492,57.53098763719428,56.068754492134886,57.303749084472656,3897100,0.0,0.0
2014-06-24 00:00:00-04:00,57.39267151305457,57.521112011919875,56.39479749438995,56.770233154296875,7784300,0.0,0.0
2014-06-25 00:00:00-04:00,56.42442727980536,56.98758444994012,55.95018986121313,56.7208251953125,3233100,0.0,0.0
2014-06-26 00:00:00-04:00,56.908545843395565,57.283985231906854,56.20706986218292,56.483707427978516,3048800,0.0,0.0
2014-06-27 00:00:00-04:00,56.246586251898776,56.898663155898554,56.23670418593752,56.691184997558594,3288100,0.0,0.0
2014-06-30 00:00:00-04:00,56.66154569826466,57.926182618982686,56.66154569826466,57.38278579711914,5393200,0.0,0.0
2014-07-01 00:00:00-04:00,57.54086684066779,58.775861371538966,57.47170367954713,58.489341735839844,5288500,0.0,0.0
2014-07-02 00:00:00-04:00,58.45970084981073,58.76598085836977,57.96570302440186,58.202823638916016,3621800,0.0,0.0
2014-07-03 00:00:00-04:00,58.291739433836845,58.37078088960074,57.26422312233055,58.05461883544922,2415000,0.0,0.0
2014-07-07 00:00:00-04:00,58.01510745508102,58.01510745508102,56.5034715039253,56.65167236328125,4332400,0.0,0.0
2014-07-08 00:00:00-04:00,56.651669129823915,56.651669129823915,53.420922992840524,54.2310791015625,9256400,0.0,0.0
2014-07-09 00:00:00-04:00,54.43855882984197,54.80411993410352,53.52960464054197,53.94456100463867,4227400,0.0,0.0
2014-07-10 00:00:00-04:00,52.76884731959018,54.37928127839704,52.66016719546948,53.648162841796875,4437400,0.0,0.0
2014-07-11 00:00:00-04:00,53.84576188604378,54.13228152355241,53.104765162841346,53.559242248535156,2521500,0.0,0.0
2014-07-14 00:00:00-04:00,54.033477318841484,54.537357179008666,53.39128244836512,54.072998046875,3004800,0.0,0.0
2014-07-15 00:00:00-04:00,54.1125210719701,54.30023888474178,52.52184750568598,53.094886779785156,4646700,0.0,0.0
2014-07-16 00:00:00-04:00,53.341885078625566,53.598762281009336,53.03560508021429,53.302364349365234,2537400,0.0,0.0
2014-07-17 00:00:00-04:00,52.97632238234047,53.628399319775994,51.85000801485221,52.008087158203125,4800100,0.0,0.0
2014-07-18 00:00:00-04:00,52.344003250055664,53.61851840102518,52.087126068007116,52.85776138305664,3597800,0.0,0.0
2014-07-21 00:00:00-04:00,52.61076462215967,52.838003153235725,51.94880939279517,52.67992401123047,2662700,0.0,0.0
2014-07-22 00:00:00-04:00,52.88740646226096,53.351765628409474,52.768848038379936,52.956565856933594,2991500,0.0,0.0
2014-07-23 00:00:00-04:00,53.312244897481015,53.3221269646653,52.54160948889783,52.956565856933594,3209400,0.0,0.0
2014-07-24 00:00:00-04:00,53.05536604490553,54.05323997213769,53.025723613172936,53.41104507446289,3122800,0.0,0.0
2014-07-25 00:00:00-04:00,53.243083479325534,54.70531654796774,52.94668554643528,54.2310791015625,4911200,0.0,0.0
2014-07-28 00:00:00-04:00,54.08288311250308,54.53736020337938,53.21344589207136,53.35176467895508,4017700,0.0,0.0
2014-07-29 00:00:00-04:00,53.60863776590579,54.497835283084065,52.99608157012963,54.17179870605469,3704400,0.0,0.0
2014-07-30 00:00:00-04:00,54.428678056029604,55.811873411247504,54.37927902953699,55.57475280761719,3881200,0.0,0.0
2014-07-31 00:00:00-04:00,55.011596553672476,55.23883509454328,53.499964457534226,53.59876251220703,4291100,0.0,0.0
2014-08-01 00:00:00-04:00,53.677803600455285,54.092759949901065,52.274847866582014,52.83800506591797,4311800,0.0,0.0
2014-08-04 00:00:00-04:00,53.24308525976322,54.48796189599657,53.134405134658245,54.240962982177734,3499900,0.0,0.0
2014-08-05 00:00:00-04:00,53.9643211471093,54.665800920369016,53.381403565019966,53.648162841796875,3379200,0.0,0.0
2014-08-06 00:00:00-04:00,53.45056213183934,54.26071824778188,52.917047355443586,53.24308395385742,2606600,0.0,0.0
2014-08-07 00:00:00-04:00,53.519723214772206,54.08288420964422,52.71944914045202,53.104766845703125,2754000,0.0,0.0
2014-08-08 00:00:00-04:00,53.262839702236455,53.88527795113714,52.887400339687986,53.786476135253906,2516700,0.0,0.0
2014-08-11 00:00:00-04:00,54.023601157500664,54.51759897074123,53.80624091362547,54.21131896972656,2573500,0.0,0.0
2014-08-12 00:00:00-04:00,53.73708399705328,53.835885825595916,51.86977277999806,52.11677169799805,6298600,0.0,0.0
2014-08-13 00:00:00-04:00,52.39340269051742,52.84788350684405,52.10688684604026,52.1859245300293,4714700,0.0,0.0
2014-08-14 00:00:00-04:00,52.51196241956717,53.10475821298787,52.18592209495317,52.867637634277344,4855700,0.0,0.0
2014-08-15 00:00:00-04:00,53.19368040031972,53.40115856064921,52.383524353305994,52.986202239990234,4697000,0.0,0.0
2014-08-18 00:00:00-04:00,53.46044030124126,53.974198444196716,53.25296213838539,53.72719955444336,4757300,0.0,0.0
2014-08-19 00:00:00-04:00,53.875401135547335,54.54723847341189,53.7766030789396,54.30023956298828,4713500,0.0,0.0
2014-08-20 00:00:00-04:00,54.715196470549,54.89303597709466,53.984078080427516,54.725074768066406,5057600,0.0,0.0
2014-08-21 00:00:00-04:00,54.981951929232444,55.37714787397586,54.23107322708352,55.041229248046875,9544200,0.0,0.0
2014-08-22 00:00:00-04:00,57.19506655446638,60.27761187214559,57.07650813387601,59.08213806152344,25342200,0.0,0.0
2014-08-25 00:00:00-04:00,58.62766205818597,58.973459028339114,57.8372662914757,58.51898193359375,7388400,0.0,0.0
2014-08-26 00:00:00-04:00,58.104018856697294,59.14141341621165,57.67918047450222,58.92405319213867,5760900,0.0,0.0
2014-08-27 00:00:00-04:00,58.7067013142652,59.87253651455811,58.607903254133696,58.864784240722656,5347600,0.0,0.0
2014-08-28 00:00:00-04:00,57.451948393809396,58.321381849758026,57.106147655937384,57.590267181396484,5848400,0.0,0.0
2014-08-29 00:00:00-04:00,57.363022985667584,59.17105288220712,57.23458250888375,58.38065719604492,5603900,0.0,0.0
2014-09-02 00:00:00-04:00,58.48933970401435,59.38841554049995,58.40041995012438,59.131534576416016,5268100,0.0,0.0
2014-09-03 00:00:00-04:00,59.28961587675306,59.64529490525059,58.12378450509505,58.321380615234375,3935200,0.0,0.0
2014-09-04 00:00:00-04:00,58.46957899571851,59.15129459225881,58.143538643740065,58.37078094482422,4244200,0.0,0.0
2014-09-05 00:00:00-04:00,58.262105434725086,59.171059635323395,58.04474518288446,59.09202194213867,2789700,0.0,0.0
2014-09-08 00:00:00-04:00,59.10189560300952,60.26773069501559,59.05249657753212,59.635414123535156,3976900,0.0,0.0
2014-09-09 00:00:00-04:00,59.77373359051955,60.19857199854301,58.864779450779004,58.943817138671875,4419500,0.0,0.0
2014-09-10 00:00:00-04:00,59.09201708554994,59.99109291394706,58.79561539598057,59.97133255004883,2744000,0.0,0.0
2014-09-11 00:00:00-04:00,59.665052211930316,60.70244681260725,59.398292954229845,60.4752082824707,4437000,0.0,0.0
2014-09-12 00:00:00-04:00,60.17881076657906,60.31712954507513,58.35102044690262,58.53873825073242,5814000,0.0,0.0
2014-09-15 00:00:00-04:00,58.439945022609486,58.439945022609486,56.14779538405572,56.878910064697266,5678500,0.0,0.0
2014-09-16 00:00:00-04:00,56.77022566768641,57.254345164855394,56.335508965115295,56.918426513671875,4062100,0.0,0.0
2014-09-17 00:00:00-04:00,56.770227571590056,57.36302720650856,56.30587219181039,56.76034927368164,4674700,0.0,0.0
2014-09-18 00:00:00-04:00,57.20494744848493,57.23458611079877,56.50346769952269,56.96782684326172,3573200,0.0,0.0
2014-09-19 00:00:00-04:00,57.61990836190461,58.094145841022225,57.03699075381963,57.540870666503906,6455500,0.0,0.0
2014-09-22 00:00:00-04:00,57.35314476427595,57.53098427669699,55.920550367063896,56.63190841674805,5440900,0.0,0.0
2014-09-23 00:00:00-04:00,56.49359384898667,57.1061501214205,56.11815443153812,56.12803649902344,4010800,0.0,0.0
2014-09-24 00:00:00-04:00,56.266350863203634,57.145666354953086,55.92055013762412,56.96782684326172,4153700,0.0,0.0
2014-09-25 00:00:00-04:00,56.86903046447469,57.08638694268454,55.13015602537027,55.248714447021484,4901400,0.0,0.0
2014-09-26 00:00:00-04:00,55.337634233018555,55.999593272784416,55.15979848490539,55.88103485107422,2830800,0.0,0.0
2014-09-29 00:00:00-04:00,54.8930443847648,56.70107461969979,54.62628508408824,56.54299545288086,4540800,0.0,0.0
2014-09-30 00:00:00-04:00,56.48370696527364,56.98758683473554,56.029229891216964,56.839385986328125,3922200,0.0,0.0
2014-10-01 00:00:00-04:00,56.60226721936118,56.68130490528404,55.713069697079,56.048988342285156,4546700,0.0,0.0
2014-10-02 00:00:00-04:00,55.732833022374244,56.414548646413614,55.52535484578455,55.9600715637207,4604400,0.0,0.0
2014-10-03 00:00:00-04:00,56.93819006199587,57.85702631312184,56.799871274756136,57.75822448730469,5317700,0.0,0.0
2014-10-06 00:00:00-04:00,58.25221267009296,58.38065313794877,57.03697868042119,57.600135803222656,3295100,0.0,0.0
2014-10-07 00:00:00-04:00,57.21482901200458,57.4321892651237,56.1971946795003,56.22683334350586,2470800,0.0,0.0
2014-10-08 00:00:00-04:00,56.31575085165255,57.36302757517302,55.27835619500822,57.20494842529297,3417000,0.0,0.0
2014-10-09 00:00:00-04:00,57.0567394975804,58.68693356221561,56.23670143252409,56.444183349609375,5436800,0.0,0.0
2014-10-10 00:00:00-04:00,56.384907388316925,57.195063461531426,54.102636244171265,54.112518310546875,5873000,0.0,0.0
2014-10-13 00:00:00-04:00,54.09276105110211,54.31999959503001,52.067370751827994,52.591007232666016,5442200,0.0,0.0
2014-10-14 00:00:00-04:00,53.27272325661225,53.63828435809989,51.79072979224784,52.08713150024414,5739700,0.0,0.0
2014-10-15 00:00:00-04:00,51.32636820131431,52.75896246421776,50.42729242565553,52.45268249511719,7010000,0.0,0.0
2014-10-16 00:00:00-04:00,51.34612701585802,53.56911687677913,51.069485714755544,53.22331619262695,5464200,0.0,0.0
2014-10-17 00:00:00-04:00,54.08288462172118,55.60439508880509,54.0038431590652,54.96220016479492,5410300,0.0,0.0
2014-10-20 00:00:00-04:00,54.092761943686,55.70319591164054,54.033480847764075,55.35739517211914,3805600,0.0,0.0
2014-10-21 00:00:00-04:00,55.722955221436614,56.76034988254174,55.35739412353241,56.55287170410156,4283700,0.0,0.0
2014-10-22 00:00:00-04:00,56.08851097472943,56.50346731995232,55.337632203986864,55.57475280761719,3960500,0.0,0.0
2014-10-23 00:00:00-04:00,56.14779363258563,58.22258295432843,56.118151200740684,57.18518829345703,5139900,0.0,0.0
2014-10-24 00:00:00-04:00,57.254348468081105,58.9635804842464,57.10614761354535,58.85490036010742,4268000,0.0,0.0
2014-10-27 00:00:00-04:00,58.65729834300305,58.65729834300305,57.70882346141297,58.400421142578125,2850900,0.0,0.0
2014-10-28 00:00:00-04:00,59.25009960887347,60.97909197513897,59.14141948568353,60.7913703918457,6107900,0.0,0.0
2014-10-29 00:00:00-04:00,60.445568678254496,60.56412709019265,59.63541262035314,60.23809051513672,3781600,0.0,0.0
2014-10-30 00:00:00-04:00,59.87253382226993,61.12728872782039,59.497098195528906,60.97909164428711,2935100,0.0,0.0
2014-10-31 00:00:00-04:00,62.233848062955396,63.824517904084274,62.18444526500558,63.22184371948242,7418900,0.0,0.0
2014-11-03 00:00:00-05:00,63.152673840218,63.7257130691384,62.66855813058904,62.826637268066406,3815600,0.0,0.0
2014-11-04 00:00:00-05:00,62.67844046567048,63.192198637795336,62.23384545399504,62.806880950927734,2655100,0.0,0.0
2014-11-05 00:00:00-05:00,63.202081429299405,63.24160215889395,60.850650783083374,61.16680908203125,4971200,0.0,0.0
2014-11-06 00:00:00-05:00,61.33476771913984,62.6883206151481,61.13716784838073,62.3326416015625,3994200,0.0,0.0
2014-11-07 00:00:00-05:00,62.846400753728155,63.86403501624077,62.688321608397025,63.20207977294922,3639500,0.0,0.0
2014-11-10 00:00:00-05:00,63.28111929503262,63.765235013910164,62.37216141049502,63.67631149291992,2566000,0.0,0.0
2014-11-11 00:00:00-05:00,63.67631423752755,63.96283386981115,62.68832239351238,63.29099655151367,2026800,0.0,0.0
2014-11-12 00:00:00-05:00,63.024246450203584,63.162565244833566,62.50060616765574,63.004486083984375,2364200,0.0,0.0
2014-11-13 00:00:00-05:00,63.2317185193104,63.44907875776985,61.976963652674335,62.40180206298828,3025400,0.0,0.0
2014-11-14 00:00:00-05:00,62.43144510286467,63.162563557830104,61.6311710213358,63.14280319213867,3150500,0.0,0.0
2014-11-17 00:00:00-05:00,62.964953508648804,63.330510792686354,61.700320459716465,61.75959777832031,3334100,0.0,0.0
2014-11-18 00:00:00-05:00,61.7596097371907,62.559887613439,61.413812748697026,61.7200927734375,4129800,0.0,0.0
2014-11-19 00:00:00-05:00,61.433565568687726,61.46320423008802,59.72433366469675,60.28749084472656,7256300,0.0,0.0
2014-11-20 00:00:00-05:00,58.716571752330665,58.963570622643715,57.11602012799513,57.600135803222656,15530100,0.0,0.0
2014-11-21 00:00:00-05:00,58.183056521920776,58.86477585397532,56.96782246470235,57.491458892822266,10342800,0.0,0.0
2014-11-24 00:00:00-05:00,56.60226635663833,57.540862889429356,56.118146875462685,57.392662048339844,9220400,0.0,0.0
2014-11-25 00:00:00-05:00,57.27410965877951,58.667183389657794,57.24446722610254,58.627662658691406,5882600,0.0,0.0
2014-11-26 00:00:00-05:00,58.56838096234358,58.706699750404844,58.20282362690964,58.51898193359375,3257300,0.0,0.0
2014-11-28 00:00:00-05:00,57.234580936166566,59.56625097295233,57.05674144055383,59.15129089355469,4469000,0.0,0.0
2014-12-01 00:00:00-05:00,58.38065924235203,59.09201726928386,58.25221876106621,58.37078094482422,4355400,0.0,0.0
2014-12-02 00:00:00-05:00,58.76597678239083,59.012975677963546,57.8767830196715,58.53873825073242,4939400,0.0,0.0
2014-12-03 00:00:00-05:00,58.706698214165314,58.864781132274956,57.83726477798754,58.17318344116211,3056600,0.0,0.0
2014-12-04 00:00:00-05:00,57.9558204656795,58.41029752710844,57.837262051590216,58.242340087890625,3087400,0.0,0.0
2014-12-05 00:00:00-05:00,58.27197608860675,58.430055223142894,57.8570197737883,58.14353561401367,2732000,0.0,0.0
2014-12-08 00:00:00-05:00,57.837261670574975,58.024979472388374,55.475952857288874,55.73283004760742,5057200,0.0,0.0
2014-12-09 00:00:00-05:00,54.37927843592907,55.525353175006025,52.79848322309266,55.46607208251953,6117600,0.0,0.0
2014-12-10 00:00:00-05:00,55.43643170684715,56.06874826487128,54.39903711828231,54.655914306640625,5642900,0.0,0.0
2014-12-11 00:00:00-05:00,54.83375954164225,55.66367605302869,54.497840863964306,54.81399917602539,4179300,0.0,0.0
2014-12-12 00:00:00-05:00,54.646040903031825,55.041236902735896,54.250841134423446,54.40892028808594,4477700,0.0,0.0
2014-12-15 00:00:00-05:00,54.75471319737787,55.48583158439962,54.44843697988424,54.744834899902344,4892200,0.0,0.0
2014-12-16 00:00:00-05:00,53.70744433039022,55.00171622445129,53.10476637869568,53.144287109375,5924300,0.0,0.0
2014-12-17 00:00:00-05:00,53.53948108380836,56.56274902611448,53.440683029752364,56.31575012207031,9257500,0.0,0.0
2014-12-18 00:00:00-05:00,57.78786611202725,58.864781500508556,57.61002659694563,58.61778259277344,11006500,0.0,0.0
2014-12-19 00:00:00-05:00,58.89441955186083,59.75397468656073,58.598021619437155,59.14141845703125,9550200,0.0,0.0
2014-12-22 00:00:00-05:00,59.210577848966636,59.7638567533539,58.73634040330792,59.14141845703125,5297700,0.0,0.0
2014-12-23 00:00:00-05:00,59.27973723608601,60.129414072827906,59.161178816907004,59.77373504638672,3404100,0.0,0.0
2014-12-24 00:00:00-05:00,59.80337384994128,60.14917457930952,59.36865713265732,59.605777740478516,2309500,0.0,0.0
2014-12-26 00:00:00-05:00,59.734210752814136,60.36652730924542,59.20069224498625,60.07012939453125,3454700,0.0,0.0
2014-12-29 00:00:00-05:00,59.68481133303153,60.198569473953704,59.2994936695659,59.62553024291992,2632500,0.0,0.0
2014-12-30 00:00:00-05:00,59.53661770216601,60.08989663683205,58.3016231087275,58.716583251953125,2777100,0.0,0.0
2014-12-31 00:00:00-05:00,58.67705633205431,59.50697276207409,58.509098894134404,58.598018646240234,3232000,0.0,0.0
2015-01-02 00:00:00-05:00,59.180938955865415,59.70457542673763,57.80762188258787,58.52886199951172,2796400,0.0,0.0
2015-01-05 00:00:00-05:00,57.8965371447597,58.52885745632984,57.14566219256948,57.47169876098633,3688200,0.0,0.0
2015-01-06 00:00:00-05:00,57.48158283665472,57.84714014399485,55.87114899462591,56.51334762573242,3174900,0.0,0.0
2015-01-07 00:00:00-05:00,57.09626647742035,57.25434562224579,55.920549304433486,56.24658966064453,4284300,0.0,0.0
2015-01-08 00:00:00-05:00,56.64178874960537,58.074379334059486,56.483705837711,57.886661529541016,3756600,0.0,0.0
2015-01-09 00:00:00-05:00,58.44981808508409,58.78573673144852,57.076504838416064,57.461822509765625,6875300,0.0,0.0
2015-01-12 00:00:00-05:00,57.74834150252533,57.89653857586749,56.829505325968825,57.036983489990234,2724500,0.0,0.0
2015-01-13 00:00:00-05:00,57.68906140722404,58.825257833637956,56.61214607251221,57.274105072021484,3509100,0.0,0.0
2015-01-14 00:00:00-05:00,56.72082710016176,57.08638441593358,55.70319284081401,56.562747955322266,3098400,0.0,0.0
2015-01-15 00:00:00-05:00,56.46394861444151,56.84926628563705,54.36939528199273,54.44843673706055,4821000,0.0,0.0
2015-01-16 00:00:00-05:00,54.30023861319473,56.03911302274775,54.29036031526845,55.9600715637207,3236700,0.0,0.0
2015-01-20 00:00:00-05:00,56.019350670515344,56.86902748038994,55.14003519900924,56.60226821899414,6521500,0.0,0.0
2015-01-21 00:00:00-05:00,56.305865344527554,57.84713591629453,56.15766451159439,57.01721954345703,3544900,0.0,0.0
2015-01-22 00:00:00-05:00,57.214829323068166,57.7582261899159,56.48371086608627,57.303749084472656,5481500,0.0,0.0
2015-01-23 00:00:00-05:00,57.303745503072484,58.34114014201969,57.08638526235633,57.91630172729492,3887300,0.0,0.0
2015-01-26 00:00:00-05:00,57.82738338436012,59.259977810720734,57.698946665257125,59.0623779296875,4753200,0.0,0.0
2015-01-27 00:00:00-05:00,58.19294732777184,58.19294732777184,56.55287464216896,57.09627151489258,4150700,0.0,0.0
2015-01-28 00:00:00-05:00,57.728582275940106,57.79774166530935,55.67354965209961,55.67354965209961,4683400,0.0,0.0
2015-01-29 00:00:00-05:00,56.11814860455558,57.560621257468796,55.17955204284484,57.40254211425781,4424500,0.0,0.0
2015-01-30 00:00:00-05:00,56.80974878478749,57.44206538562827,55.693312666419345,55.77235412597656,3817400,0.0,0.0
2015-02-02 00:00:00-05:00,56.19718837664566,56.64178713138652,54.78435442763802,56.592384338378906,3495200,0.0,0.0
2015-02-03 00:00:00-05:00,56.96782135187398,57.955816868742346,56.54298297810828,57.90641784667969,3474200,0.0,0.0
2015-02-04 00:00:00-05:00,57.73846355189297,58.75610161878549,57.511225008114245,58.281864166259766,3013100,0.0,0.0
2015-02-05 00:00:00-05:00,58.24233829424596,58.765974728509626,58.054616728073015,58.548614501953125,2513000,0.0,0.0
2015-02-06 00:00:00-05:00,58.54861747796301,58.983337953172736,57.94594332907481,58.45969772338867,2714200,0.0,0.0
2015-02-09 00:00:00-05:00,58.14354026518304,58.27198075005066,57.12590599075782,57.28398513793945,2879000,0.0,0.0
2015-02-10 00:00:00-05:00,57.79775080806824,58.459706145000936,57.521113206831245,58.08427047729492,3093700,0.0,0.0
2015-02-11 00:00:00-05:00,58.11390327889898,58.39054085221913,57.90642509890886,58.09414291381836,3413700,0.0,0.0
2015-02-12 00:00:00-05:00,58.57825615686023,60.603646249213085,58.509096770943586,60.52460479736328,5284800,0.0,0.0
2015-02-13 00:00:00-05:00,60.51472861629971,62.46108109376304,60.36652777335126,62.09552001953125,5107000,0.0,0.0
2015-02-17 00:00:00-05:00,61.828766186401914,61.85840484822285,61.08776948964583,61.324886322021484,3447200,0.0,0.0
2015-02-18 00:00:00-05:00,61.650928951293096,62.24372482299805,61.5422488287362,62.24372482299805,2534300,0.0,0.0
2015-02-19 00:00:00-05:00,61.83864333748896,62.2733600347203,61.265604093548355,62.05600357055664,2320900,0.0,0.0
2015-02-20 00:00:00-05:00,62.026363418074624,62.98472036935174,61.75960415012416,62.9748420715332,3473800,0.0,0.0
2015-02-23 00:00:00-05:00,62.38204868544708,62.67844664542198,61.621291534538635,61.828773498535156,4671400,0.0,0.0
2015-02-24 00:00:00-05:00,61.82876402143322,61.83864231872628,60.81112603066658,61.18656539916992,5481700,0.0,0.0
2015-02-25 00:00:00-05:00,61.18656943420962,62.29312348029899,61.14704870462323,62.11528396606445,7634000,0.0,0.0
2015-02-26 00:00:00-05:00,69.17945218962245,70.14769124456349,68.17169994189972,69.39681243896484,20370800,0.0,0.0
2015-02-27 00:00:00-05:00,69.01149355362027,69.56477623458075,68.18158083889229,68.54713439941406,8289500,0.0,0.0
2015-03-02 00:00:00-05:00,66.57113893736738,67.97409837854417,65.869662985683,67.63817596435547,8124800,0.0,0.0
2015-03-03 00:00:00-05:00,67.24296921384595,67.55912746244096,65.90917683814227,66.14629364013672,4945600,0.0,0.0
2015-03-04 00:00:00-05:00,65.58313607681754,65.60290020723644,63.943067528985395,64.10114288330078,9121300,0.0,0.0
2015-03-05 00:00:00-05:00,64.33826839010382,65.26697901586756,63.98258941417478,64.80261993408203,3925200,0.0,0.0
2015-03-06 00:00:00-05:00,64.39755604241923,65.14843483853934,63.508358459883354,63.784996032714844,3861800,0.0,0.0
2015-03-09 00:00:00-04:00,63.97271437135272,64.88166850392578,63.54787596667929,64.69395446777344,4567800,0.0,0.0
2015-03-10 00:00:00-04:00,64.00235436239473,64.18019387357548,62.994598388671875,62.994598388671875,3941700,0.0,0.0
2015-03-11 00:00:00-04:00,63.2317161405184,63.7257139228662,62.88591920043653,62.915557861328125,3374100,0.0,0.0
2015-03-12 00:00:00-04:00,62.895799519071346,64.5655107202616,62.895799519071346,64.1703109741211,3809500,0.0,0.0
2015-03-13 00:00:00-04:00,64.03198682029826,64.63466468658103,63.132914822638625,63.82450866699219,3248000,0.0,0.0
2015-03-16 00:00:00-04:00,64.1703087231074,65.67206619819994,64.13079553390679,65.6325454711914,4538900,0.0,0.0
2015-03-17 00:00:00-04:00,65.16817341475297,66.74896449225633,65.0891319764262,66.73908996582031,5594700,0.0,0.0
2015-03-18 00:00:00-04:00,66.23522119759025,68.11241421107066,65.94870158951834,67.72709655761719,5576600,0.0,0.0
2015-03-19 00:00:00-04:00,67.48009941044454,68.12229049084185,67.28249577679254,68.05313110351562,3883100,0.0,0.0
2015-03-20 00:00:00-04:00,68.35941958228209,69.05101350340858,66.48222639061362,66.87742614746094,8649500,0.0,0.0
2015-03-23 00:00:00-04:00,66.88730677436101,67.44058949951155,66.57114844762175,66.84779357910156,3659000,0.0,0.0
2015-03-24 00:00:00-04:00,66.86754025164551,67.01574109420297,66.45258392273101,66.56126403808594,3216100,0.0,0.0
2015-03-25 00:00:00-04:00,66.49209853078324,66.53161171654146,64.74334231759454,64.99034118652344,4030100,0.0,0.0
2015-03-26 00:00:00-04:00,64.93107469391985,65.66218935723828,64.03199504299693,65.19783020019531,2971600,0.0,0.0
2015-03-27 00:00:00-04:00,64.9903454745395,65.8795429689136,64.77298524949163,65.75110626220703,2106400,0.0,0.0
2015-03-30 00:00:00-04:00,66.5909088668519,66.74898425249535,65.44483028525008,66.0475082397461,2741200,0.0,0.0
2015-03-31 00:00:00-04:00,65.71159379921669,67.14418449854988,65.66219100083607,66.00798797607422,4031700,0.0,0.0
2015-04-01 00:00:00-04:00,65.71158152221288,65.75110224597191,64.63466252874954,65.2867431640625,3713000,0.0,0.0
2015-04-02 00:00:00-04:00,65.45470112808172,66.09689970331495,64.96070338371884,65.8795394897461,2021600,0.0,0.0
2015-04-06 00:00:00-04:00,65.4448380831375,67.24299009371113,65.20772120751504,67.12443542480469,6375400,0.0,0.0
2015-04-07 00:00:00-04:00,67.42081497746841,68.91269038528444,67.17381608719857,67.38129425048828,3817100,0.0,0.0
2015-04-08 00:00:00-04:00,67.44057710811704,68.0926502394147,66.99597459614309,67.39117431640625,2566700,0.0,0.0
2015-04-09 00:00:00-04:00,67.49985040157124,67.52948905970669,66.01785719234078,66.92681121826172,2577500,0.0,0.0
2015-04-10 00:00:00-04:00,66.78850508694677,67.17382279119809,66.13643187121711,66.8280258178711,1953000,0.0,0.0
2015-04-13 00:00:00-04:00,66.94657939004969,67.4998544761286,66.19570067479422,66.27474212646484,2131000,0.0,0.0
2015-04-14 00:00:00-04:00,66.31425915156042,66.6007787445211,65.50410316166749,66.10678100585938,1938000,0.0,0.0
2015-04-15 00:00:00-04:00,66.46245267074818,66.69957701333993,66.17594061461263,66.4031753540039,2140200,0.0,0.0
2015-04-16 00:00:00-04:00,65.86966757560874,67.39118176726758,65.84991097942473,67.09478759765625,2269300,0.0,0.0
2015-04-17 00:00:00-04:00,66.3537891242223,66.3537891242223,64.65443546030448,65.01998901367188,3794200,0.0,0.0
2015-04-20 00:00:00-04:00,65.39543258278385,66.24510942008544,65.39543258278385,66.09690856933594,1945200,0.0,0.0
2015-04-21 00:00:00-04:00,66.58102617107853,67.12442679305398,66.3043885954578,66.5711441040039,2223700,0.0,0.0
2015-04-22 00:00:00-04:00,66.57113830511784,67.30226044878151,66.21545929949981,66.89717864990234,2051400,0.0,0.0
2015-04-23 00:00:00-04:00,66.55138788031034,68.25074161184861,66.45258982243666,67.64806365966797,3518400,0.0,0.0
2015-04-24 00:00:00-04:00,67.77650812383139,67.8851882612505,66.57115208177167,67.01575469970703,1910900,0.0,0.0
2015-04-27 00:00:00-04:00,67.63817950726138,68.11242072336631,66.88730072251542,67.02561950683594,2643200,0.0,0.0
2015-04-28 00:00:00-04:00,67.15405786317223,67.51961138770464,65.7708626036617,66.08702087402344,2832800,0.0,0.0
2015-04-29 00:00:00-04:00,65.51398143177744,77.51812867456886,65.09902511667052,73.75386810302734,28245800,0.0,0.0
2015-04-30 00:00:00-04:00,71.32341198035708,73.11168178488857,70.14769468550121,71.94584655761719,17492100,0.0,0.0
2015-05-01 00:00:00-04:00,72.48924455501583,73.60567694132001,71.13568778221531,72.47936248779297,9210800,0.0,0.0
2015-05-04 00:00:00-04:00,71.40244141314143,71.50124700714883,70.15757233698015,70.74048614501953,5058500,0.0,0.0
2015-05-05 00:00:00-04:00,70.64167649311707,75.2654956196334,70.14767875540298,71.87667083740234,20008500,0.0,0.0
2015-05-06 00:00:00-04:00,72.76587129419799,74.62330015151565,71.92607661277593,72.90419006347656,11122100,0.0,0.0
2015-05-07 00:00:00-04:00,73.19072190129847,73.87243379588591,72.51888453630458,73.62543487548828,4377700,0.0,0.0
2015-05-08 00:00:00-04:00,71.13567644960864,72.61766970897548,70.89855963869604,71.53087615966797,6156400,0.0,0.0
2015-05-11 00:00:00-04:00,70.62192094788817,71.41231281727148,70.34527587890625,70.34527587890625,4048500,0.0,0.0
2015-05-12 00:00:00-04:00,69.85128466451489,71.28388278176092,69.19921149975416,70.90843963623047,3575500,0.0,0.0
2015-05-13 00:00:00-04:00,71.52100326969803,71.65932205529306,70.16744653887976,70.92820739746094,4209700,0.0,0.0
2015-05-14 00:00:00-04:00,71.62967610560011,72.20271532351877,70.93808224797948,72.00511169433594,3199500,0.0,0.0
2015-05-15 00:00:00-04:00,72.3410321732762,72.42994815069062,71.38267532616977,71.53087615966797,3649300,0.0,0.0
2015-05-18 00:00:00-04:00,71.67908751296993,72.32127865603248,70.80964651567655,71.92608642578125,2856700,0.0,0.0
2015-05-19 00:00:00-04:00,72.11380100045167,72.22248112590704,69.98960882719969,70.62193298339844,5104100,0.0,0.0
2015-05-20 00:00:00-04:00,70.37493460206696,70.37493460206696,68.45822059803027,69.31777954101562,9728300,0.0,0.0
2015-05-21 00:00:00-04:00,72.62755534682641,73.78350833691455,71.44195615833446,72.03475952148438,12316000,0.0,0.0
2015-05-22 00:00:00-04:00,72.12369210201561,74.97899930960489,71.62969421090591,74.10956573486328,11304800,0.0,0.0
2015-05-26 00:00:00-04:00,72.7757521279164,73.09191038631621,72.34103169593887,72.68682861328125,6547800,0.0,0.0
2015-05-27 00:00:00-04:00,72.1236707881562,73.56614329938245,72.05451140535109,73.06226348876953,3927000,0.0,0.0
2015-05-28 00:00:00-04:00,72.04465013969119,72.60780743020838,71.65933239027467,71.80753326416016,5066300,0.0,0.0
2015-05-29 00:00:00-04:00,71.68894928497265,72.05451032449172,70.79975938733308,71.87667083740234,4838100,0.0,0.0
2015-06-01 00:00:00-04:00,71.91618933931382,72.60778313562587,71.38267089452722,72.22246551513672,3191400,0.0,0.0
2015-06-02 00:00:00-04:00,71.955727688388,72.46948212895713,71.73836743121336,72.02488708496094,2623000,0.0,0.0
2015-06-03 00:00:00-04:00,72.33116222763725,72.71647993661293,71.8272823244349,72.58804321289062,2649500,0.0,0.0
2015-06-04 00:00:00-04:00,72.03474858389315,72.59790566313077,71.14555121198985,71.34314727783203,2767500,0.0,0.0
2015-06-05 00:00:00-04:00,71.13567998493001,72.78563075328435,70.98747914406648,72.66707611083984,3187600,0.0,0.0
2015-06-08 00:00:00-04:00,72.40030838766005,72.40030838766005,70.38479668111488,70.97759246826172,3830600,0.0,0.0
2015-06-09 00:00:00-04:00,71.59016111271058,71.60992524611544,70.14768842429724,70.89856719970703,3236500,0.0,0.0
2015-06-10 00:00:00-04:00,71.16532467346741,72.42008335621156,70.6120495277079,72.1533203125,2476600,0.0,0.0
2015-06-11 00:00:00-04:00,72.29162938284098,72.60778764332694,71.38267532616977,71.53087615966797,2371700,0.0,0.0
2015-06-12 00:00:00-04:00,71.33327803819887,71.48147888312889,70.61204548417854,70.90843963623047,2288100,0.0,0.0
2015-06-15 00:00:00-04:00,70.45396273346975,71.79763733169806,69.88093102307295,71.68895721435547,2844600,0.0,0.0
2015-06-16 00:00:00-04:00,71.13567983984508,72.66707596263156,71.13567983984508,72.51887512207031,3434200,0.0,0.0
2015-06-17 00:00:00-04:00,72.61767249536567,74.89993979026438,72.42995092987779,73.52662658691406,7291600,0.0,0.0
2015-06-18 00:00:00-04:00,73.7341103826162,75.29514527077421,73.70447172007533,74.8011474609375,4230300,0.0,0.0
2015-06-19 00:00:00-04:00,74.59368357340495,75.0382786722947,74.06016493205136,74.09968566894531,5372600,0.0,0.0
2015-06-22 00:00:00-04:00,74.59367469314081,74.80115288377671,73.45747814058417,73.88231658935547,3112700,0.0,0.0
2015-06-23 00:00:00-04:00,73.96133810585987,74.07990027045005,72.97334268102905,73.30925750732422,3142400,0.0,0.0
2015-06-24 00:00:00-04:00,73.2104716270047,73.65507416467682,72.11379592034484,72.61767578125,2763300,0.0,0.0
2015-06-25 00:00:00-04:00,73.42782477277609,73.75386509469318,72.4892320691077,72.72634887695312,1958200,0.0,0.0
2015-06-26 00:00:00-04:00,72.8646809111569,73.02276383704456,71.22460447521179,71.47160339355469,4089800,0.0,0.0
2015-06-29 00:00:00-04:00,70.80964948399924,71.00725314521696,69.09053908935415,69.15969848632812,2698200,0.0,0.0
2015-06-30 00:00:00-04:00,69.83152677544665,69.93032482429979,68.28037404124763,68.79412841796875,3559900,0.0,0.0
2015-07-01 00:00:00-04:00,69.73272751352472,70.18720456058948,69.30788912681952,69.69320678710938,3060700,0.0,0.0
2015-07-02 00:00:00-04:00,70.06863609586546,70.19708032964525,69.13992549074179,69.57463836669922,1562300,0.0,0.0
2015-07-06 00:00:00-04:00,68.93245097098233,68.99173583378901,67.72710264843586,68.32978057861328,3586700,0.0,0.0
2015-07-07 00:00:00-04:00,69.33753111417747,69.6635714693925,67.50974077216044,69.41657257080078,4937200,0.0,0.0
2015-07-08 00:00:00-04:00,69.18933104985238,69.64380812386337,68.24085617307186,68.55701446533203,2988500,0.0,0.0
2015-07-09 00:00:00-04:00,69.65368142828025,70.74047495009621,69.10040637087737,69.12016296386719,3297500,0.0,0.0
2015-07-10 00:00:00-04:00,70.11804567767669,70.56264066188047,69.62404790064676,70.28600311279297,2252200,0.0,0.0
2015-07-13 00:00:00-04:00,70.73060882516275,70.99737188639298,70.14769497800093,70.19709777832031,2446400,0.0,0.0
2015-07-14 00:00:00-04:00,70.35516812124808,71.14556764276985,70.35516812124808,70.92820739746094,2024100,0.0,0.0
2015-07-15 00:00:00-04:00,70.88869757490887,71.29377946491412,70.2168601395855,70.50337982177734,1722300,0.0,0.0
2015-07-16 00:00:00-04:00,71.04675640995595,71.56051072719289,70.77011135226688,71.55062866210938,2774900,0.0,0.0
2015-07-17 00:00:00-04:00,71.66920336086473,72.61767825393007,71.20484421223922,71.93595886230469,3005700,0.0,0.0
2015-07-20 00:00:00-04:00,72.01499314573628,72.31139481807745,71.54075951535958,71.89643096923828,2175900,0.0,0.0
2015-07-21 00:00:00-04:00,71.74824416869967,73.03263394361333,71.62968198146417,72.94371795654297,3620500,0.0,0.0
2015-07-22 00:00:00-04:00,72.4892404165963,73.52663128151028,72.30151883912261,72.98323822021484,3296400,0.0,0.0
2015-07-23 00:00:00-04:00,73.35865880821058,73.62541425087821,71.10603049126007,71.34314727783203,3231600,0.0,0.0
2015-07-24 00:00:00-04:00,71.83716468656247,73.29940160345728,71.39256964755322,73.03263854980469,3480300,0.0,0.0
2015-07-27 00:00:00-04:00,72.48923612265197,73.00299049134706,71.44195571530733,71.59015655517578,3478400,0.0,0.0
2015-07-28 00:00:00-04:00,71.91619454702528,72.97334944811584,70.88867830537905,72.90419006347656,3435200,0.0,0.0
2015-07-29 00:00:00-04:00,72.15330838060349,73.29938675050391,71.46171456277204,72.99310302734375,2158700,0.0,0.0
2015-07-30 00:00:00-04:00,72.80540286586888,72.9535961851682,71.47160268970538,72.47936248779297,2362800,0.0,0.0
2015-07-31 00:00:00-04:00,72.52875457286277,73.25986914537825,72.1335548582193,72.42007446289062,2144600,0.0,0.0
2015-08-03 00:00:00-04:00,72.68682087618647,72.75598025229334,71.19494571981666,71.57038879394531,2581400,0.0,0.0
2015-08-04 00:00:00-04:00,71.58027553047586,71.88655928074199,70.93808444471614,71.0270004272461,2089300,0.0,0.0
2015-08-05 00:00:00-04:00,71.69884537728183,72.75600044129669,71.56052658668614,71.6593246459961,2108900,0.0,0.0
2015-08-06 00:00:00-04:00,71.90631406938945,72.00511211565511,69.47584594977718,69.58452606201172,2195400,0.0,0.0
2015-08-07 00:00:00-04:00,69.60427148269832,69.8809165207637,68.64592229617497,69.56475830078125,2226200,0.0,0.0
2015-08-10 00:00:00-04:00,70.27612518703367,70.66144287279364,69.85128677224596,70.41444396972656,1814000,0.0,0.0
2015-08-11 00:00:00-04:00,69.83153348181754,71.01712525753116,69.55489590333828,70.77012634277344,2406200,0.0,0.0
2015-08-12 00:00:00-04:00,70.24648740839093,70.52312497725673,68.72497324182063,70.18721008300781,3135100,0.0,0.0
2015-08-13 00:00:00-04:00,70.58239792011604,71.06651358387114,69.90067864210884,70.54287719726562,2302900,0.0,0.0
2015-08-14 00:00:00-04:00,70.33541240975212,72.39043762349715,70.00937203768852,72.11380004882812,3246900,0.0,0.0
2015-08-17 00:00:00-04:00,71.71860111564173,73.24999739894778,70.74048752590508,73.15119934082031,3073000,0.0,0.0
2015-08-18 00:00:00-04:00,73.02275320961034,73.16107198072731,71.16531678979781,71.7087173461914,4126500,0.0,0.0
2015-08-19 00:00:00-04:00,71.66920688092426,72.0644066568973,70.87880732897818,71.17520904541016,4774900,0.0,0.0
2015-08-20 00:00:00-04:00,70.76024556279715,71.13568116645367,66.68970109355031,67.005859375,8168000,0.0,0.0
2015-08-21 00:00:00-04:00,68.17170727089557,70.69109946776983,67.46034911941064,68.31990814208984,13138700,0.0,0.0
2015-08-24 00:00:00-04:00,64.97059375686152,68.16181537232919,63.389802280328894,64.3876724243164,9650000,0.0,0.0
2015-08-25 00:00:00-04:00,66.77862584037419,67.381303821261,64.23947718925446,64.3975601196289,7104000,0.0,0.0
2015-08-26 00:00:00-04:00,65.89930463844468,67.81601854751369,64.50623473814204,67.69745635986328,8044100,0.0,0.0
2015-08-27 00:00:00-04:00,68.47797600786394,69.39681226278223,67.4307030322097,69.10041809082031,4918100,0.0,0.0
2015-08-28 00:00:00-04:00,68.91269469346015,69.9698497083923,68.63605712511281,69.40669250488281,4191100,0.0,0.0
2015-08-31 00:00:00-04:00,68.9522203466453,69.36717672879749,68.20134150907782,68.52738189697266,3891900,0.0,0.0
2015-09-01 00:00:00-04:00,67.04537697333572,67.79625568341253,65.46458563986428,65.83013916015625,4373900,0.0,0.0
2015-09-02 00:00:00-04:00,66.77860764693708,67.16393280029297,65.533738829536,67.16393280029297,3465400,0.0,0.0
2015-09-03 00:00:00-04:00,67.48009737145033,68.41869010506096,67.13429290746022,67.43069458007812,2937100,0.0,0.0
2015-09-04 00:00:00-04:00,66.47235095126905,67.15407041135474,65.74123622778285,66.32415008544922,3146000,0.0,0.0
2015-09-08 00:00:00-04:00,67.51962061154012,69.96985319492498,67.48998194742722,69.91057586669922,4098400,0.0,0.0
2015-09-09 00:00:00-04:00,70.16744898942413,70.47373277205999,68.02350020001681,68.20133972167969,3652800,0.0,0.0
2015-09-10 00:00:00-04:00,68.17169452971082,69.15969010260518,68.09265307480536,68.9028091430664,2861200,0.0,0.0
2015-09-11 00:00:00-04:00,68.70521892005809,69.2486120089423,68.07290230234747,69.20909881591797,3442000,0.0,0.0
2015-09-14 00:00:00-04:00,69.35727868474422,69.55488230059056,68.70520559696932,69.0510025024414,3436000,0.0,0.0
2015-09-15 00:00:00-04:00,69.78212738089951,70.83928238451426,69.30789370818339,70.41444396972656,4276400,0.0,0.0
2015-09-16 00:00:00-04:00,70.64167716133018,71.1356749037171,70.127922825883,71.0171127319336,3330300,0.0,0.0
2015-09-17 00:00:00-04:00,70.64168715114799,72.32127669766031,70.64168715114799,71.45184326171875,4205900,0.0,0.0
2015-09-18 00:00:00-04:00,70.44407915904316,71.55062924762626,69.77224194620035,70.54287719726562,6039500,0.0,0.0
2015-09-21 00:00:00-04:00,70.8985740495167,71.76800755812197,70.2069725318863,71.27400970458984,2914000,0.0,0.0
2015-09-22 00:00:00-04:00,70.53300550719916,71.07640610406533,70.05877183885075,70.78988647460938,3460100,0.0,0.0
2015-09-23 00:00:00-04:00,70.64167777586664,71.49135450318836,70.11804137043038,71.12579345703125,2688800,0.0,0.0
2015-09-24 00:00:00-04:00,70.69109148641766,71.1356865119942,69.6042902455709,70.84916687011719,3056000,0.0,0.0
2015-09-25 00:00:00-04:00,71.72846413741527,72.73622366103709,71.08626562339064,71.57038879394531,4829900,0.0,0.0
2015-09-28 00:00:00-04:00,71.08628317601524,71.81740537573832,68.14206039441396,68.21121978759766,5638500,0.0,0.0
2015-09-29 00:00:00-04:00,68.2606191069381,68.83365842043473,66.89718775830269,67.55914306640625,4660200,0.0,0.0
2015-09-30 00:00:00-04:00,68.25073777697139,68.78425630488222,67.00586121184614,68.5965347290039,4080100,0.0,0.0
2015-10-01 00:00:00-04:00,68.32977619083684,72.19283489059858,67.85553500787849,72.03475952148438,8106900,0.0,0.0
2015-10-02 00:00:00-04:00,70.81953580317061,73.13144224464655,70.30578132877908,73.04252624511719,4838600,0.0,0.0
2015-10-05 00:00:00-04:00,73.20058946568959,74.84066575922108,72.97335470171863,74.36642456054688,4169700,0.0,0.0
2015-10-06 00:00:00-04:00,74.18858179242379,74.37630335791167,73.00299015456136,73.52662658691406,2519400,0.0,0.0
2015-10-07 00:00:00-04:00,73.72424997516752,74.38620535806908,72.37069300333658,74.09968566894531,3044400,0.0,0.0
2015-10-08 00:00:00-04:00,74.07990317841397,74.98885719586515,73.23022647668135,74.1885757446289,3804700,0.0,0.0
2015-10-09 00:00:00-04:00,74.32692308926899,74.79127475688624,73.84279974780209,74.3466796875,3113600,0.0,0.0
2015-10-12 00:00:00-04:00,74.40595135224038,75.33466969234978,74.08979303996188,74.96910858154297,2594500,0.0,0.0
2015-10-13 00:00:00-04:00,75.60141053178666,77.36004881140404,74.92957330637307,75.71009063720703,5578600,0.0,0.0
2015-10-14 00:00:00-04:00,75.37418255054396,75.6508201026659,74.30714553138108,74.6727066040039,3447200,0.0,0.0
2015-10-15 00:00:00-04:00,75.27538223027733,77.39956660046538,74.99874468650258,76.76725006103516,3295300,0.0,0.0
2015-10-16 00:00:00-04:00,77.24149570358395,77.89356887480842,76.53013767111496,77.82440948486328,3613400,0.0,0.0
2015-10-19 00:00:00-04:00,77.49838676421375,78.37770235284356,76.54991177662909,76.9945068359375,4346900,0.0,0.0
2015-10-20 00:00:00-04:00,77.06365570125286,77.56753556065502,75.95709793141882,76.59929656982422,2006700,0.0,0.0
2015-10-21 00:00:00-04:00,76.49062542916155,76.59930555939121,74.40595389520584,74.91971588134766,3134700,0.0,0.0
2015-10-22 00:00:00-04:00,75.5322539149101,77.47860628056905,75.5322539149101,76.44121551513672,3280100,0.0,0.0
2015-10-23 00:00:00-04:00,77.26125669351448,78.42709186019553,76.34242043894544,77.61693572998047,3971400,0.0,0.0
2015-10-26 00:00:00-04:00,77.63669249145894,78.34805049683777,76.70797425801348,77.28101348876953,2740300,0.0,0.0
2015-10-27 00:00:00-04:00,77.10316999115265,77.67620919220796,76.39181202264365,76.816650390625,1683800,0.0,0.0
2015-10-28 00:00:00-04:00,76.9450892996284,77.58728790283203,75.65081756512514,77.58728790283203,3266800,0.0,0.0
2015-10-29 00:00:00-04:00,77.63670876748441,77.77502757110481,76.63883093752904,77.20198822021484,1822100,0.0,0.0
2015-10-30 00:00:00-04:00,77.21185056316497,77.68608418648014,76.49061052470509,76.77713012695312,3371600,0.0,0.0
2015-11-02 00:00:00-05:00,76.77713342829848,78.86180464568784,76.56965526695079,78.2492446899414,3110000,0.0,0.0
2015-11-03 00:00:00-05:00,78.08128829557164,78.36780791395739,77.31065296092416,77.68608856201172,2398500,0.0,0.0
2015-11-04 00:00:00-05:00,77.93308266650718,78.52588599934028,77.1426907857422,77.44896697998047,2585800,0.0,0.0
2015-11-05 00:00:00-05:00,77.46873494607439,78.52588988650675,76.86605705558598,77.76512908935547,2601900,0.0,0.0
2015-11-06 00:00:00-05:00,77.61693141883147,78.67408640244001,77.24149580688548,78.45673370361328,2835100,0.0,0.0
2015-11-09 00:00:00-05:00,77.98248942801591,78.07140540978432,76.4807395016223,77.28101348876953,3088300,0.0,0.0
2015-11-10 00:00:00-05:00,77.26125089268679,77.41933380271763,76.37206090609142,77.31065368652344,2610500,0.0,0.0
2015-11-11 00:00:00-05:00,77.59717165438208,78.05164870432601,77.15256913274865,77.76512908935547,2385700,0.0,0.0
2015-11-12 00:00:00-05:00,77.52801144931486,78.79264453804554,77.29089462962982,77.36005401611328,3159800,0.0,0.0
2015-11-13 00:00:00-05:00,77.14269916945481,77.14269916945481,74.51462722422417,74.69246673583984,3922600,0.0,0.0
2015-11-16 00:00:00-05:00,74.6331854483405,75.41370284466464,73.05239406114319,75.34454345703125,4053200,0.0,0.0
2015-11-17 00:00:00-05:00,75.65083457098517,77.547784609308,75.49275917002963,76.31278991699219,4567600,0.0,0.0
2015-11-18 00:00:00-05:00,76.83642705283269,77.11307219780404,74.89995626488997,76.42147064208984,6442500,0.0,0.0
2015-11-19 00:00:00-05:00,80.07704070872227,81.90483093136626,79.48423736057163,79.67195892333984,11602800,0.0,0.0
2015-11-20 00:00:00-05:00,79.92885286587006,81.1539654114554,78.75313558212241,80.01776885986328,5336300,0.0,0.0
2015-11-23 00:00:00-05:00,79.47437257241994,80.75876239593589,79.4249697747503,79.81028747558594,3593700,0.0,0.0
2015-11-24 00:00:00-05:00,79.3360412989486,79.83003904666856,78.18008084055025,79.42495727539062,3420300,0.0,0.0
2015-11-25 00:00:00-05:00,79.40520431046075,80.14620096589981,78.79264436168698,79.4447250366211,2487300,0.0,0.0
2015-11-27 00:00:00-05:00,79.25700101371635,79.51388195688776,78.49624024988763,79.01000213623047,2221700,0.0,0.0
2015-11-30 00:00:00-05:00,78.77290391297154,79.21749898223702,78.33818337391423,78.73338317871094,4449700,0.0,0.0
2015-12-01 00:00:00-05:00,79.38545581769738,80.12645261911548,78.69386181816418,80.03753662109375,3767400,0.0,0.0
2015-12-02 00:00:00-05:00,79.80039276856455,80.95635322578258,79.45459585307515,79.90907287597656,3379800,0.0,0.0
2015-12-03 00:00:00-05:00,79.98812377540403,81.07491744012418,78.60492841221098,78.97048950195312,4769100,0.0,0.0
2015-12-04 00:00:00-05:00,79.36569148721094,81.15396118164062,79.19773403766077,81.15396118164062,4341700,0.0,0.0
2015-12-07 00:00:00-05:00,80.82791915190072,80.87732194795794,79.33605119491985,79.71148681640625,2962500,0.0,0.0
2015-12-08 00:00:00-05:00,79.24713052034363,80.48212508811699,78.90133354892882,80.106689453125,2105700,0.0,0.0
2015-12-09 00:00:00-05:00,79.85967809628168,80.422835229926,78.26900473781474,78.75312042236328,3181000,0.0,0.0
2015-12-10 00:00:00-05:00,78.84204974588718,79.01000718423468,78.2097331821488,78.42708587646484,2032800,0.0,0.0
2015-12-11 00:00:00-05:00,77.36006154320712,77.93309328505104,75.72986723141376,75.94722747802734,4490700,0.0,0.0
2015-12-14 00:00:00-05:00,75.8385458683214,76.73761796246431,74.93946623637011,76.06578063964844,3946700,0.0,0.0
2015-12-15 00:00:00-05:00,76.72773511829638,76.93521327138285,76.0460158025783,76.44121551513672,3393500,0.0,0.0
2015-12-16 00:00:00-05:00,76.70797580764935,78.1504484420045,76.1942214255014,77.9429702758789,3749400,0.0,0.0
2015-12-17 00:00:00-05:00,78.02201339926725,78.36781035020411,77.10317719374463,77.48849487304688,2654300,0.0,0.0
2015-12-18 00:00:00-05:00,77.17233797499485,78.5357692080401,76.10530090332031,76.10530090332031,6721400,0.0,0.0
2015-12-21 00:00:00-05:00,77.36005257805421,77.3896912377379,75.51249823375787,76.36217498779297,3011600,0.0,0.0
2015-12-22 00:00:00-05:00,76.58943151044218,77.15258881795242,75.92747612996361,76.92535400390625,2100400,0.0,0.0
2015-12-23 00:00:00-05:00,77.26124766787098,77.95284906367704,77.00437425650458,77.1031723022461,2652800,0.0,0.0
2015-12-24 00:00:00-05:00,77.09330229915882,77.40946061768577,76.64870725485211,76.89570617675781,1084700,0.0,0.0
2015-12-28 00:00:00-05:00,76.72774236308325,77.2612533569336,76.45109726170568,77.2612533569336,2327400,0.0,0.0
2015-12-29 00:00:00-05:00,77.5576556131367,78.80253219598484,77.49837828846098,78.48637390136719,2230200,0.0,0.0
2015-12-30 00:00:00-05:00,78.34806248429744,78.93097633256541,78.02202209231247,78.18997955322266,1814700,0.0,0.0
2015-12-31 00:00:00-05:00,78.04176076024606,78.46659911764465,77.41932632220934,77.45884704589844,2463000,0.0,0.0
2016-01-04 00:00:00-05:00,76.21396951572683,76.28312889671795,74.73197631922531,75.78913116455078,4919200,0.0,0.0
2016-01-05 00:00:00-05:00,76.14481762975244,77.03401514273946,75.74961789755733,76.12506103515625,2656800,0.0,0.0
2016-01-06 00:00:00-05:00,74.81102647605576,76.40169996186845,74.72210295425212,75.37418365478516,3484400,0.0,0.0
2016-01-07 00:00:00-05:00,74.22810401473444,74.69246313589515,72.58803529804355,73.40807342529297,6972200,0.0,0.0
2016-01-08 00:00:00-05:00,73.88231029931255,74.35655150739744,72.02488127141405,72.35092163085938,3673800,0.0,0.0
2016-01-11 00:00:00-05:00,72.85479644806482,72.94371997540465,70.9973673568174,72.30152130126953,3685100,0.0,0.0
2016-01-12 00:00:00-05:00,73.08203114758078,74.37630289018564,72.17307706174847,73.56614685058594,4108100,0.0,0.0
2016-01-13 00:00:00-05:00,74.0898071766906,74.80116539950032,70.93810551981164,71.48149871826172,4727500,0.0,0.0
2016-01-14 00:00:00-05:00,71.55063434586165,72.73623350243086,70.01924579977866,72.19283294677734,4738200,0.0,0.0
2016-01-15 00:00:00-05:00,69.0312478391856,70.19708282293888,67.3615330431997,70.00936126708984,9572100,0.0,0.0
2016-01-19 00:00:00-05:00,70.99737686728973,71.32341728152973,69.06090605629726,69.95010375976562,7353700,0.0,0.0
2016-01-20 00:00:00-05:00,68.30014127723994,69.97973852066096,66.13643578035557,69.4857406616211,8083600,0.0,0.0
2016-01-21 00:00:00-05:00,69.51537771912245,69.79201530773629,68.31002176489737,68.67558288574219,4635600,0.0,0.0
2016-01-22 00:00:00-05:00,69.6042771496678,70.77999415929767,69.45608386089692,70.69107818603516,3751800,0.0,0.0
2016-01-25 00:00:00-05:00,70.37492968730243,70.54288712970975,68.96209568215323,69.08065032958984,2765100,0.0,0.0
2016-01-26 00:00:00-05:00,69.1201659790439,69.25848474942839,68.38905140161046,69.03125,2931200,0.0,0.0
2016-01-27 00:00:00-05:00,68.43844490435127,69.01148410288907,66.22533709700737,66.62053680419922,5487300,0.0,0.0
2016-01-28 00:00:00-05:00,66.07715330279721,66.68971338378559,64.48647953609995,64.90144348144531,8734000,0.0,0.0
2016-01-29 00:00:00-05:00,65.69182810118929,67.28250168723335,65.32627453798479,67.24298095703125,5612300,0.0,0.0
2016-02-01 00:00:00-05:00,66.77861360988071,68.26060689057375,66.2648592558758,67.61841583251953,4396400,0.0,0.0
2016-02-02 00:00:00-05:00,66.83791096525633,66.93670902821587,63.389808064647674,63.745479583740234,7636900,0.0,0.0
2016-02-03 00:00:00-05:00,64.63465973022856,65.70169661210026,62.48083314326822,64.55561828613281,7994500,0.0,0.0
2016-02-04 00:00:00-05:00,64.89154542881535,66.56126025359863,64.05175075248209,66.39329528808594,7220400,0.0,0.0
2016-02-05 00:00:00-05:00,62.352403031756616,62.510482177286256,57.05674600315751,57.807621002197266,19063800,0.0,0.0
2016-02-08 00:00:00-05:00,56.18730847221159,56.30587065730664,51.968566826300666,53.401161193847656,18025400,0.0,0.0
2016-02-09 00:00:00-05:00,52.96644728150341,57.87678685711143,52.156291151820966,56.64179229736328,16477700,0.0,0.0
2016-02-10 00:00:00-05:00,57.79774164202467,60.850648146180085,57.679183227282884,58.05461883544922,9859700,0.0,0.0
2016-02-11 00:00:00-05:00,56.50346796988049,59.13153615990041,55.900793809491795,58.52886199951172,7779000,0.0,0.0
2016-02-12 00:00:00-05:00,59.28961002045974,59.80336814766512,58.3905342400763,58.96357345581055,5081600,0.0,0.0
2016-02-16 00:00:00-05:00,59.95157626713152,60.24797420797304,57.75822472087657,59.00310134887695,5726200,0.0,0.0
2016-02-17 00:00:00-05:00,59.65517722442516,63.6466767072473,59.17105770716602,62.72784423828125,9836700,0.0,0.0
2016-02-18 00:00:00-05:00,62.717962538985816,63.40956023816487,60.84077309139038,60.95933151245117,6724000,0.0,0.0
2016-02-19 00:00:00-05:00,61.00872530667981,61.611403196134795,59.9318100047612,61.39404296875,4905600,0.0,0.0
2016-02-22 00:00:00-05:00,61.39404773225466,63.567635099133454,61.39404773225466,63.21195983886719,7453300,0.0,0.0
2016-02-23 00:00:00-05:00,62.95508024669603,63.01435757004059,61.69044332772029,62.14492416381836,5280400,0.0,0.0
2016-02-24 00:00:00-05:00,61.255723525485585,62.223958703136084,59.60577278153428,61.76948165893555,11909400,0.0,0.0
2016-02-25 00:00:00-05:00,69.6536917500328,69.98960664528917,66.3340258380704,68.58665466308594,18246100,0.0,0.0
2016-02-26 00:00:00-05:00,68.84353591082431,69.16957627832362,67.46034051903419,68.883056640625,8364200,0.0,0.0
2016-02-29 00:00:00-05:00,68.30013006713286,68.32977626556908,66.8379008655438,66.93669891357422,7688100,0.0,0.0
2016-03-01 00:00:00-05:00,67.3022727364418,69.21897935242686,66.68971266208243,69.17945861816406,5146600,0.0,0.0
2016-03-02 00:00:00-05:00,68.84352940830769,69.70308824021515,68.68544650403645,69.58452606201172,4927600,0.0,0.0
2016-03-03 00:00:00-05:00,69.20910692984357,70.08842256499298,68.68546283827196,69.95010375976562,3241800,0.0,0.0
2016-03-04 00:00:00-05:00,70.3255247671111,71.31352033420298,69.7821241900874,70.20696258544922,4353000,0.0,0.0
2016-03-07 00:00:00-05:00,69.6536961544019,70.00937520587462,68.17170261920185,69.64381408691406,4624900,0.0,0.0
2016-03-08 00:00:00-05:00,68.95220338355465,70.04887893645326,68.33964349073517,68.98184204101562,4083700,0.0,0.0
2016-03-09 00:00:00-05:00,69.24860971686067,70.26625154205759,69.0806522697362,70.18721008300781,4255600,0.0,0.0
2016-03-10 00:00:00-05:00,70.58240232404205,71.45183566757731,68.95220820933177,69.85128021240234,4977700,0.0,0.0
2016-03-11 00:00:00-05:00,70.3057747147882,71.03688939188464,70.01925506913219,70.77012634277344,3426800,0.0,0.0
2016-03-14 00:00:00-04:00,70.4539554656581,71.61979043686262,70.31563670109207,71.35303497314453,3864100,0.0,0.0
2016-03-15 00:00:00-04:00,70.9183206292788,71.48147780124289,70.23660127560353,70.83927917480469,3205300,0.0,0.0
2016-03-16 00:00:00-04:00,70.41443074921314,72.04462471094388,70.25635540058964,71.8569107055664,2985800,0.0,0.0
2016-03-17 00:00:00-04:00,71.65931670070174,72.30151532172518,70.74048052915938,71.84703826904297,3379700,0.0,0.0
2016-03-18 00:00:00-04:00,72.22247278747032,72.65719323910116,71.32340076173395,71.77787780761719,5995900,0.0,0.0
2016-03-21 00:00:00-04:00,71.6296740469223,71.79763147354474,70.82940010070337,71.38267517089844,2852100,0.0,0.0
2016-03-22 00:00:00-04:00,71.29375971943792,72.40030986798838,70.83927515093178,71.97547149658203,3348100,0.0,0.0
2016-03-23 00:00:00-04:00,70.82940372038347,71.70871916094056,70.6318000867815,70.91831970214844,2945900,0.0,0.0
2016-03-24 00:00:00-04:00,70.68119143128096,71.5802633206701,70.20695032525775,71.57038879394531,2698800,0.0,0.0
2016-03-28 00:00:00-04:00,71.52099362535675,71.80751322482708,70.55276225675391,71.08627319335938,2688100,0.0,0.0
2016-03-29 00:00:00-04:00,70.68120438185234,71.81740080133612,69.86116624504326,71.43208312988281,4606100,0.0,0.0
2016-03-30 00:00:00-04:00,72.12367617688284,73.76375243138169,72.08415544978321,73.40807342529297,5181100,0.0,0.0
2016-03-31 00:00:00-04:00,73.17095272648392,73.49699308802526,72.49911540776613,72.94371795654297,4226900,0.0,0.0
2016-04-01 00:00:00-04:00,72.49911198047339,75.03826028571764,72.23235649406443,74.82090759277344,4550600,0.0,0.0
2016-04-04 00:00:00-04:00,74.93947799215786,75.52239941880414,74.50476497706578,74.78140258789062,2978100,0.0,0.0
2016-04-05 00:00:00-04:00,73.9811094348031,74.60355150063377,73.46735502818592,73.6847152709961,2365400,0.0,0.0
2016-04-06 00:00:00-04:00,73.86255054230053,74.77150465293204,73.57603092394338,74.6727066040039,2033300,0.0,0.0
2016-04-07 00:00:00-04:00,74.0107582201712,74.55415130836724,73.78351590262142,74.41583251953125,3843700,0.0,0.0
2016-04-08 00:00:00-04:00,74.8110205920506,75.02838080846588,73.40806878876144,73.95146179199219,2375700,0.0,0.0
2016-04-11 00:00:00-04:00,74.56403200551028,74.59367066860077,73.24011393093694,73.26976013183594,2151800,0.0,0.0
2016-04-12 00:00:00-04:00,73.63530654968726,73.64518861569485,72.55839502690178,73.37842559814453,2259700,0.0,0.0
2016-04-13 00:00:00-04:00,73.87241881481779,75.2753781268958,73.55626056233697,75.03825378417969,3099900,0.0,0.0
2016-04-14 00:00:00-04:00,75.08766950605708,75.67058332223228,74.75175460273074,75.23587036132812,2696200,0.0,0.0
2016-04-15 00:00:00-04:00,75.3346740845726,75.62119374956251,74.96911295245255,75.39395141601562,2132900,0.0,0.0
2016-04-18 00:00:00-04:00,75.32478061852541,76.36217898865344,74.94934501318218,76.34241485595703,1916100,0.0,0.0
2016-04-19 00:00:00-04:00,76.6585784981271,76.6585784981271,74.6233098809756,75.275390625,2365200,0.0,0.0
2016-04-20 00:00:00-04:00,75.28527525937845,75.71999581374499,74.88020091010839,75.22599792480469,2001600,0.0,0.0
2016-04-21 00:00:00-04:00,75.7397535441041,76.88582462984535,75.5816706148659,76.22386932373047,3542500,0.0,0.0
2016-04-22 00:00:00-04:00,75.31491361788422,75.94723024682591,74.44547259973278,75.5619125366211,3184500,0.0,0.0
2016-04-25 00:00:00-04:00,75.26549715297863,75.9076957326516,74.96909548918882,75.59153747558594,2456200,0.0,0.0
2016-04-26 00:00:00-04:00,75.87806444611579,75.87806444611579,74.89006885456641,75.2951431274414,1953700,0.0,0.0
2016-04-27 00:00:00-04:00,74.76163845122625,75.28527500568893,73.90208695156468,74.78140258789062,3359300,0.0,0.0
2016-04-28 00:00:00-04:00,74.47509765625,75.71997408981332,74.06014135766469,74.47509765625,3824800,0.0,0.0
2016-04-29 00:00:00-04:00,74.10955819055944,75.14694913359831,73.58592168533855,74.89007568359375,3228000,0.0,0.0
2016-05-02 00:00:00-04:00,75.38406952092588,76.50050186827887,74.80114818005416,76.32266235351562,3287400,0.0,0.0
2016-05-03 00:00:00-04:00,75.4828631069862,75.7595006607254,73.48710783305407,74.00086975097656,3273100,0.0,0.0
2016-05-04 00:00:00-04:00,73.41794966820812,73.73410795458031,72.65719638274659,73.10179138183594,2839900,0.0,0.0
2016-05-05 00:00:00-04:00,73.22035954015625,73.69459323950451,72.75600037026322,72.92395782470703,2088600,0.0,0.0
2016-05-06 00:00:00-04:00,72.61768395009666,73.42784012258538,72.29164356002208,73.35868072509766,3080100,0.0,0.0
2016-05-09 00:00:00-04:00,73.35867444335942,74.41582945032377,73.30927164746613,73.72423553466797,2136600,0.0,0.0
2016-05-10 00:00:00-04:00,74.22811136774723,75.06791371064101,74.05027184708615,75.00862884521484,2706300,0.0,0.0
2016-05-11 00:00:00-04:00,75.07779174416224,75.99662805416145,74.87031355000875,74.88019561767578,2517500,0.0,0.0
2016-05-12 00:00:00-04:00,75.53225610903566,75.86817851270112,74.28738715435485,74.9789810180664,2730400,0.0,0.0
2016-05-13 00:00:00-04:00,75.08766310864699,76.41157355057267,75.03826031516284,75.4532241821289,3583200,0.0,0.0
2016-05-16 00:00:00-04:00,75.74962612396486,76.75738592739549,75.08767083488928,76.38194274902344,4141800,0.0,0.0
2016-05-17 00:00:00-04:00,76.530138568195,76.61906209220007,75.65082308381028,75.84841918945312,4587700,0.0,0.0
2016-05-18 00:00:00-04:00,75.84841763879346,77.54777124868981,75.71998092653223,76.93521881103516,8010200,0.0,0.0
2016-05-19 00:00:00-04:00,81.27252250362298,81.48988274792262,79.18785112465244,80.11656188964844,13765000,0.0,0.0
2016-05-20 00:00:00-04:00,80.62044837813382,80.83780864024763,79.75101486748757,80.04740905761719,5097900,0.0,0.0
2016-05-23 00:00:00-04:00,79.8201602630069,81.11443200314999,79.74111881104807,80.7488784790039,4875800,0.0,0.0
2016-05-24 00:00:00-04:00,80.98600219551957,82.40871830073571,80.84768341171339,81.75663757324219,5805600,0.0,0.0
2016-05-25 00:00:00-04:00,82.00363055836816,82.94222331469622,81.35154987794903,82.56678771972656,4932700,0.0,0.0
2016-05-26 00:00:00-04:00,82.81380072149472,83.46588151305261,82.25064346415343,82.34944152832031,4757200,0.0,0.0
2016-05-27 00:00:00-04:00,82.12219035082168,82.79402760605515,82.01351024057746,82.7643814086914,3139700,0.0,0.0
2016-05-31 00:00:00-04:00,82.55690779883126,83.05090558611543,82.16171559925036,82.70510864257812,4484500,0.0,0.0
2016-06-01 00:00:00-04:00,81.0848107683418,82.84344199441537,80.92673536826126,82.4482421875,4172400,0.0,0.0
2016-06-02 00:00:00-04:00,82.2111145113223,82.36919742843122,81.46023573067163,82.24075317382812,3684300,0.0,0.0
2016-06-03 00:00:00-04:00,82.00363891144487,82.01352097852663,81.13420545346474,81.55904388427734,2826900,0.0,0.0
2016-06-06 00:00:00-04:00,81.8653243949636,82.3988429780868,81.50964533954811,81.83568572998047,2585500,0.0,0.0
2016-06-07 00:00:00-04:00,81.98388475507316,82.33955626470743,81.76652449965697,82.14196014404297,2605400,0.0,0.0
2016-06-08 00:00:00-04:00,82.13208126446769,82.55691972441352,81.94436720389334,82.34944152832031,2344600,0.0,0.0
2016-06-09 00:00:00-04:00,81.81591135887038,82.29015255269546,81.65783598613406,81.73687744140625,1852100,0.0,0.0
2016-06-10 00:00:00-04:00,81.01564422091325,81.59855804289116,80.57104918848293,80.84768676757812,2322100,0.0,0.0
2016-06-13 00:00:00-04:00,80.27464007073456,81.99375025212467,79.83004507931216,80.51175689697266,4618100,0.0,0.0
2016-06-14 00:00:00-04:00,80.14620809025985,80.73900395974437,79.80040359006946,80.11656188964844,3540300,0.0,0.0
2016-06-15 00:00:00-04:00,80.84767719605466,81.61831251452998,80.76863574343982,81.00575256347656,3574400,0.0,0.0
2016-06-16 00:00:00-04:00,80.21536289351673,80.85755398499617,79.247123916433,80.65995788574219,3045000,0.0,0.0
2016-06-17 00:00:00-04:00,80.5512876166696,80.5512876166696,79.2076128716248,79.53365325927734,5691300,0.0,0.0
2016-06-20 00:00:00-04:00,80.50188370967432,81.30215772269061,80.15607922413126,80.24500274658203,3448300,0.0,0.0
2016-06-21 00:00:00-04:00,80.59080049613937,80.88720219018008,80.2548856115142,80.65007781982422,3184200,0.0,0.0
2016-06-22 00:00:00-04:00,80.58091714094496,80.82791603609284,79.50400557624809,79.65220642089844,4222600,0.0,0.0
2016-06-23 00:00:00-04:00,80.18573178396679,81.33180283562648,79.8201706743311,81.29228210449219,2777100,0.0,0.0
2016-06-24 00:00:00-04:00,78.45674314977977,79.54353692599574,77.3897059711783,77.51814270019531,6815700,0.0,0.0
2016-06-27 00:00:00-04:00,76.5301354346595,76.75737773087174,74.60354710119717,75.15682220458984,6020700,0.0,0.0
2016-06-28 00:00:00-04:00,76.61906433105469,76.97474336185158,75.68046395730403,76.61906433105469,4781100,0.0,0.0
2016-06-29 00:00:00-04:00,77.31066187122201,78.69385732919541,76.96486489118087,78.0516586303711,5493600,0.0,0.0
2016-06-30 00:00:00-04:00,78.39744884228946,79.00012675739238,78.14056787737475,78.45673370361328,4644300,0.0,0.0
2016-07-01 00:00:00-04:00,78.63456447670549,79.87944101623401,78.37769105351063,78.87168884277344,2967300,0.0,0.0
2016-07-05 00:00:00-04:00,78.15045488870672,78.28877367753383,77.32054215574406,77.72561645507812,4163400,0.0,0.0
2016-07-06 00:00:00-04:00,77.53789873892119,77.78489764126027,76.79690203190393,77.55765533447266,4121200,0.0,0.0
2016-07-07 00:00:00-04:00,77.55765607686199,78.15045194058843,77.44897595576784,77.81453704833984,3085900,0.0,0.0
2016-07-08 00:00:00-04:00,78.4764804606534,80.12643108599697,78.34804376320159,79.91895294189453,3558900,0.0,0.0
2016-07-11 00:00:00-04:00,80.08692224693299,80.84768309267332,80.07704771799179,80.67972564697266,2928600,0.0,0.0
2016-07-12 00:00:00-04:00,80.96622876146806,81.46022651483347,80.24499626272677,80.94647216796875,3499400,0.0,0.0
2016-07-13 00:00:00-04:00,81.38119979400973,81.48987991237789,80.30428067685482,80.35368347167969,2474600,0.0,0.0
2016-07-14 00:00:00-04:00,81.01563782713042,81.03539442216001,80.4623627126047,80.58091735839844,1791700,0.0,0.0
2016-07-15 00:00:00-04:00,80.87732100787744,80.92672380336043,80.06716491149118,80.42284393310547,2253800,0.0,0.0
2016-07-18 00:00:00-04:00,80.5315231724545,81.08479829433509,80.1758441547289,80.65007781982422,2177300,0.0,0.0
2016-07-19 00:00:00-04:00,80.71922123009281,80.80814473582414,80.17582828233782,80.3931884765625,2164300,0.0,0.0
2016-07-20 00:00:00-04:00,81.06504519228177,81.73688252829098,80.44260311553576,81.15396118164062,4267800,0.0,0.0
2016-07-21 00:00:00-04:00,81.46022728894523,82.09254381623722,80.45247517913849,80.71923065185547,3195800,0.0,0.0
2016-07-22 00:00:00-04:00,81.00576119482763,81.6775985380241,80.25488992840286,81.55904388427734,2578700,0.0,0.0
2016-07-25 00:00:00-04:00,81.58867919569408,81.68747724902686,80.93659847564285,81.20336151123047,2633100,0.0,0.0
2016-07-26 00:00:00-04:00,81.01564315113022,81.20336473638403,80.4524859331774,80.77852630615234,3010000,0.0,0.0
2016-07-27 00:00:00-04:00,80.93659328295067,81.13419691474674,80.07704198251312,80.52163696289062,3570100,0.0,0.0
2016-07-28 00:00:00-04:00,80.93660060560657,81.72700012868583,80.71924035986935,81.34168243408203,2448200,0.0,0.0
2016-07-29 00:00:00-04:00,81.26264926518114,81.42073220104909,79.90909239359658,80.81805419921875,2996300,0.0,0.0
2016-08-01 00:00:00-04:00,80.79828790733521,80.81805204269595,79.58305740596654,80.04740905761719,4171900,0.0,0.0
2016-08-02 00:00:00-04:00,79.83992951190366,79.87945024414721,78.64445562831992,79.53365325927734,4267700,0.0,0.0
2016-08-03 00:00:00-04:00,79.56327967729436,79.77075783628037,78.88156034219195,79.4447250366211,2657500,0.0,0.0
2016-08-04 00:00:00-04:00,79.57316942930603,80.14620870726965,79.35580918333305,79.59292602539062,2467400,0.0,0.0
2016-08-05 00:00:00-04:00,79.89920640296204,80.35368347167969,79.69172823275234,80.35368347167969,3033500,0.0,0.0
2016-08-08 00:00:00-04:00,80.40308059201013,80.54139937535541,80.06716570040253,80.19560241699219,2682600,0.0,0.0
2016-08-09 00:00:00-04:00,80.1363230929628,80.65007748431348,80.0276429747872,80.20548248291016,2785300,0.0,0.0
2016-08-10 00:00:00-04:00,80.32405209578813,80.48212748551137,78.98037736300077,79.27677154541016,3376200,0.0,0.0
2016-08-11 00:00:00-04:00,79.45460400321728,80.65995983611309,79.2372437660973,80.50188446044922,3448600,0.0,0.0
2016-08-12 00:00:00-04:00,80.33391953049129,80.8081607333948,79.62256149504012,80.65007781982422,3275100,0.0,0.0
2016-08-15 00:00:00-04:00,78.39744888058817,78.79264862577124,77.27113450639177,77.97261047363281,10886100,0.0,0.0
2016-08-16 00:00:00-04:00,78.05164031495033,78.05164031495033,76.98460342308998,77.02412414550781,4797700,0.0,0.0
2016-08-17 00:00:00-04:00,76.49062524378729,76.52026390872192,74.9592364322963,75.4038314819336,8141600,0.0,0.0
2016-08-18 00:00:00-04:00,75.45322919541577,76.23374664991516,75.25562554615794,75.98674774169922,6200200,0.0,0.0
2016-08-19 00:00:00-04:00,75.79903264323019,76.638827495439,75.59155444711807,76.54991149902344,3289300,0.0,0.0
2016-08-22 00:00:00-04:00,76.54990466486085,76.717862112746,76.03614271651881,76.32266235351562,4059000,0.0,0.0
2016-08-23 00:00:00-04:00,76.8858160686735,77.3402931329143,76.74749728989622,77.08341217041016,4328600,0.0,0.0
2016-08-24 00:00:00-04:00,77.06365799371237,77.7453773803708,76.64870164435868,76.88581848144531,3661700,0.0,0.0
2016-08-25 00:00:00-04:00,77.20196824513866,79.27675730042772,77.17232958600428,79.19772338867188,7495900,0.0,0.0
2016-08-26 00:00:00-04:00,79.42496153218393,79.73123774008684,78.50612537066733,79.06928253173828,4271500,0.0,0.0
2016-08-29 00:00:00-04:00,79.24712907507019,79.27676773810684,78.76301332391854,78.96060943603516,4582800,0.0,0.0
2016-08-30 00:00:00-04:00,79.03964628204886,79.25700651537377,78.39744764844559,78.87168884277344,3352700,0.0,0.0
2016-08-31 00:00:00-04:00,79.04952744446112,79.13844342736377,77.99237248903998,78.46660614013672,10307100,0.0,0.0
2016-09-01 00:00:00-04:00,74.54426417508475,75.63106535323357,73.17095090939648,74.99874877929688,27418500,0.0,0.0
2016-09-02 00:00:00-04:00,75.08765321140118,75.55201227283659,73.75386087902321,74.19845581054688,8153000,0.0,0.0
2016-09-06 00:00:00-04:00,74.03050982105873,74.71222918989679,73.65507421066823,74.5146255493164,5146000,0.0,0.0
2016-09-07 00:00:00-04:00,74.16884306969736,74.70236169663299,73.68472724699656,74.10956573486328,5566800,0.0,0.0
2016-09-08 00:00:00-04:00,74.09966416602248,74.1194207598314,73.47722970063865,73.9811019897461,5122200,0.0,0.0
2016-09-09 00:00:00-04:00,73.6254157417578,74.7813761175431,73.30925750732422,73.30925750732422,6915100,0.0,0.0
2016-09-12 00:00:00-04:00,72.89432213047888,73.81315844043488,72.61768453828724,73.46736145019531,5197800,0.0,0.0
2016-09-13 00:00:00-04:00,72.76585879631703,73.11165566012122,71.77786344955864,72.18293762207031,6780300,0.0,0.0
2016-09-14 00:00:00-04:00,72.18295909315125,73.61555729476619,72.12368176681152,72.933837890625,5828700,0.0,0.0
2016-09-15 00:00:00-04:00,72.63743224983125,73.40807513955859,72.47935687554923,73.10179138183594,4288800,0.0,0.0
2016-09-16 00:00:00-04:00,72.87455350916797,73.09191373511537,72.35091707637166,72.41019439697266,7317400,0.0,0.0
2016-09-19 00:00:00-04:00,72.83504587040628,72.8943232016587,71.7284879475698,72.12368774414062,3881800,0.0,0.0
2016-09-20 00:00:00-04:00,72.65719400742233,72.90419289613216,71.78776063277454,72.03475952148438,4833500,0.0,0.0
2016-09-21 00:00:00-04:00,72.34103777931776,73.368554089976,71.24436207937522,73.28951263427734,6315800,0.0,0.0
2016-09-22 00:00:00-04:00,74.09967719036972,74.3170374495109,73.41795774811945,73.69459533691406,5155700,0.0,0.0
2016-09-23 00:00:00-04:00,72.21259867632806,72.3212788012079,69.25849378376105,69.54501342773438,23179200,0.0,0.0
2016-09-26 00:00:00-04:00,69.65368066370839,70.35515654316063,69.0411207584453,69.34740447998047,11726700,0.0,0.0
2016-09-27 00:00:00-04:00,69.13005735425197,69.8018947027956,68.97197443091999,69.20909881591797,8179500,0.0,0.0
2016-09-28 00:00:00-04:00,69.54500839469644,70.86892639387001,69.30789156566837,70.76024627685547,7467300,0.0,0.0
2016-09-29 00:00:00-04:00,70.7404755825016,71.25423745851778,70.29588062708645,70.34527587890625,5323400,0.0,0.0
2016-09-30 00:00:00-04:00,70.44408570479429,70.92820141353403,70.39468291218891,70.47372436523438,5817000,0.0,0.0
2016-10-03 00:00:00-04:00,70.29588870979265,70.64168566352096,69.1893309200538,69.67344665527344,4679900,0.0,0.0
2016-10-04 00:00:00-04:00,69.74260574832867,72.07427596609882,69.3770522007226,71.75811767578125,11238200,0.0,0.0
2016-10-05 00:00:00-04:00,67.39116992766931,68.7644830243481,65.968454042497,67.59864807128906,48274000,0.0,0.0
2016-10-06 00:00:00-04:00,70.2860017260498,71.13567848880179,69.66356725288358,70.4045639038086,18527100,0.0,0.0
2016-10-07 00:00:00-04:00,70.39468410047603,70.5725236039264,69.3671678069637,70.05876922607422,6707400,0.0,0.0
2016-10-10 00:00:00-04:00,72.69670606295392,74.82089776004838,72.69670606295392,74.19845581054688,22522700,0.0,0.0
2016-10-11 00:00:00-04:00,73.01286524438038,73.03262183674033,70.69107744501994,71.55062866210938,16425400,0.0,0.0
2016-10-12 00:00:00-04:00,71.3925536966666,71.79762791360103,70.97758987678796,71.3629150390625,6301800,0.0,0.0
2016-10-13 00:00:00-04:00,70.5231163791578,70.5231163791578,69.65368304903585,69.78211975097656,6686800,0.0,0.0
2016-10-14 00:00:00-04:00,70.12792689777291,75.24574410757337,68.78425235743713,73.37842559814453,25005600,0.0,0.0
2016-10-17 00:00:00-04:00,73.2104855731697,73.8428022674684,71.8668107133326,71.95573425292969,8777200,0.0,0.0
2016-10-18 00:00:00-04:00,73.11166878046791,73.27962621048434,71.72847353922185,71.89643096923828,5248400,0.0,0.0
2016-10-19 00:00:00-04:00,71.73836836519715,74.59367533458227,71.57041090530602,71.94584655761719,3668800,0.0,0.0
2016-10-20 00:00:00-04:00,72.0940482358721,72.0940482358721,71.38269011792087,71.7186050415039,5054500,0.0,0.0
2016-10-21 00:00:00-04:00,71.47160265808044,73.37843458957788,71.36293006991194,73.11167907714844,6789700,0.0,0.0
2016-10-24 00:00:00-04:00,73.53649356597435,74.43556540703874,73.38829275719492,74.15892791748047,6329300,0.0,0.0
2016-10-25 00:00:00-04:00,74.15892791748047,74.35653150845513,73.67481231075348,74.15892791748047,4447200,0.0,0.0
2016-10-26 00:00:00-04:00,73.75387591174108,75.24575143626332,73.43771760897563,74.0502700805664,5748200,0.0,0.0
2016-10-27 00:00:00-04:00,74.58379309885997,75.2457559449657,73.72424166617311,73.8427963256836,4019400,0.0,0.0
2016-10-28 00:00:00-04:00,74.08978486245317,74.59366470815407,73.92182742648885,74.22810363769531,4827800,0.0,0.0
2016-10-31 00:00:00-04:00,74.41581919246276,75.08765641983675,73.97122424194191,74.25774383544922,4113500,0.0,0.0
2016-11-01 00:00:00-04:00,75.07778428091923,76.16457794417815,74.33678757354156,74.54426574707031,7141700,0.0,0.0
2016-11-02 00:00:00-04:00,74.24788654784517,74.7418844523048,74.02064419515742,74.09968566894531,4084800,0.0,0.0
2016-11-03 00:00:00-04:00,74.13920535234867,74.49488444153033,72.8449332731547,73.25000762939453,3883200,0.0,0.0
2016-11-04 00:00:00-04:00,73.24999919282719,74.2775156056956,72.97336160817201,73.47724151611328,4280800,0.0,0.0
2016-11-07 00:00:00-05:00,74.73198303747431,76.07565759278714,74.50474828142151,75.38406372070312,5977500,0.0,0.0
2016-11-08 00:00:00-05:00,75.44334379460507,76.11518109677579,75.08766477946715,75.63106536865234,4031100,0.0,0.0
2016-11-09 00:00:00-05:00,74.32692102220874,75.63107506565657,74.01076269463984,74.98887634277344,6880900,0.0,0.0
2016-11-10 00:00:00-05:00,75.30502927876145,75.80890916837019,71.40244195776599,72.7461166381836,10200200,0.0,0.0
2016-11-11 00:00:00-05:00,72.91408537044738,74.16883658756836,72.91408537044738,73.69459533691406,8881800,0.0,0.0
2016-11-14 00:00:00-05:00,74.01075047880826,74.13918718706213,71.66919830504837,71.88655853271484,7241700,0.0,0.0
2016-11-15 00:00:00-05:00,73.59579072134879,73.83291509446502,72.42995560252294,73.13143157958984,6216400,0.0,0.0
2016-11-16 00:00:00-05:00,73.31914434723419,73.71434405046617,72.26198947532787,72.42994689941406,10638700,0.0,0.0
2016-11-17 00:00:00-05:00,72.82515485625943,74.50475190090006,72.43983717483543,74.28739166259766,12539100,0.0,0.0
2016-11-18 00:00:00-05:00,78.61480552563054,79.40520497988544,76.3325382197361,76.83641052246094,19903000,0.0,0.0
2016-11-21 00:00:00-05:00,77.12293813583302,77.36993704868189,74.89007339090142,75.23587036132812,8549800,0.0,0.0
2016-11-22 00:00:00-05:00,74.83079162610156,75.73975339177527,74.19847498603833,74.66283416748047,7873800,0.0,0.0
2016-11-23 00:00:00-05:00,74.18857774462847,74.29725785158043,72.6571892574274,73.06226348876953,8233800,0.0,0.0
2016-11-25 00:00:00-05:00,73.0721520591769,73.27963022606205,72.6176749977416,72.84491729736328,2346100,0.0,0.0
2016-11-28 00:00:00-05:00,72.66709502951319,73.04253072467755,71.91621610137462,72.05453491210938,6436900,0.0,0.0
2016-11-29 00:00:00-05:00,71.88657743304715,72.43985267598617,71.54078040621026,72.05453491210938,7435000,0.0,0.0
2016-11-30 00:00:00-05:00,72.33116264700543,72.42008617764319,71.13568878173828,71.13568878173828,6261900,0.0,0.0
2016-12-01 00:00:00-05:00,71.27399997135309,71.35304142619844,67.39117707131979,67.63817596435547,10907300,0.0,0.0
2016-12-02 00:00:00-05:00,65.79061659215203,68.62616638495719,65.63254123213555,67.58877563476562,15967600,0.0,0.0
2016-12-05 00:00:00-05:00,68.26062435427094,70.61205911875503,68.20134701997623,69.95010375976562,10209600,0.0,0.0
2016-12-06 00:00:00-05:00,69.94020474613463,70.49347983299498,69.14980530392751,69.77224731445312,4234100,0.0,0.0
2016-12-07 00:00:00-05:00,69.88092889251766,71.13567993020666,69.42644430413706,70.91831970214844,4919700,0.0,0.0
2016-12-08 00:00:00-05:00,70.58241149585582,71.40244215485251,70.14769099869474,70.99736785888672,5426600,0.0,0.0
2016-12-09 00:00:00-05:00,71.13568144741743,71.3530416801116,69.76236820027664,70.31564331054688,5126800,0.0,0.0
2016-12-12 00:00:00-05:00,69.96985387384687,69.99949253824734,68.74474133917148,69.5351333618164,6100900,0.0,0.0
2016-12-13 00:00:00-05:00,69.59441315670668,71.26412061132622,69.50548963217676,70.7503662109375,5895400,0.0,0.0
2016-12-14 00:00:00-05:00,70.84915996048856,71.00724286657949,70.27612073262071,70.47372436523438,5071600,0.0,0.0
2016-12-15 00:00:00-05:00,70.34527401184029,71.08627060973667,69.30788329746967,69.38692474365234,4740200,0.0,0.0
2016-12-16 00:00:00-05:00,69.63392219343446,69.79199754477776,68.78424550876905,69.0213623046875,7224800,0.0,0.0
2016-12-19 00:00:00-05:00,69.15969866581639,69.22885806296986,68.3001396973586,68.67558288574219,4526000,0.0,0.0
2016-12-20 00:00:00-05:00,69.12016034150294,69.21895837831838,68.30012231410144,69.0213623046875,5262100,0.0,0.0
2016-12-21 00:00:00-05:00,69.12017073561852,69.50548841360673,68.47797209303542,69.26837158203125,3515800,0.0,0.0
2016-12-22 00:00:00-05:00,68.94232801858053,69.21896556551059,68.3890529247204,69.0608901977539,3468600,0.0,0.0
2016-12-23 00:00:00-05:00,68.85341050410456,69.1695687703845,68.47796738065436,69.03125,2274000,0.0,0.0
2016-12-27 00:00:00-05:00,69.00160780176166,69.58452911457402,68.80401170056213,69.01148986816406,2939700,0.0,0.0
2016-12-28 00:00:00-05:00,69.01148354218142,69.21896169076473,68.02348805113284,68.26060485839844,4313700,0.0,0.0
2016-12-29 00:00:00-05:00,68.0235063997013,68.98186349057355,67.9444649300231,68.31990814208984,3229100,0.0,0.0
2016-12-30 00:00:00-05:00,68.52737348684555,68.54713008165287,67.41094120393512,67.63817596435547,4523300,0.0,0.0
2017-01-03 00:00:00-05:00,68.45821235340912,70.00936506062432,68.17169274025373,69.69320678710938,8112200,0.0,0.0
2017-01-04 00:00:00-05:00,70.22673269958996,72.19284193498169,69.91057439270381,71.92608642578125,9289500,0.0,0.0
2017-01-05 00:00:00-05:00,71.9359553253117,72.77575759339356,71.65931777066226,71.91619873046875,4695600,0.0,0.0
2017-01-06 00:00:00-05:00,72.01499815125447,73.24011057565662,71.67908326787331,72.91407775878906,4466100,0.0,0.0
2017-01-09 00:00:00-05:00,73.16107470471535,73.54639237257445,72.62755619433936,73.07215118408203,3933100,0.0,0.0
2017-01-10 00:00:00-05:00,73.23023772844645,73.40807724073416,72.55840040844939,73.0919189453125,3994800,0.0,0.0
2017-01-11 00:00:00-05:00,73.37843436615071,75.1667116368161,73.17095618204651,74.86042785644531,7591300,0.0,0.0
2017-01-12 00:00:00-05:00,74.2676310639697,74.84067034898318,73.11167796468324,74.3071517944336,4681700,0.0,0.0
2017-01-13 00:00:00-05:00,73.94157995125921,74.8702981377462,73.8032611836302,74.73197937011719,3690000,0.0,0.0
2017-01-17 00:00:00-05:00,74.39608331435225,74.39608331435225,73.47724696133545,74.11943817138672,3152500,0.0,0.0
2017-01-18 00:00:00-05:00,74.68257872957952,75.30502073963528,74.17870643491537,74.87030029296875,3969500,0.0,0.0
2017-01-19 00:00:00-05:00,74.811035028891,75.25563007531363,74.43559184160982,74.66283416748047,3274300,0.0,0.0
2017-01-20 00:00:00-05:00,74.85054645379601,75.20622546183061,74.52450610679628,75.11730194091797,4593600,0.0,0.0
2017-01-23 00:00:00-05:00,74.79126580641973,76.03614240465662,74.79126580641973,75.2457504272461,3770900,0.0,0.0
2017-01-24 00:00:00-05:00,75.40382400098332,76.53013838360914,75.03826291483666,76.18434143066406,3730300,0.0,0.0
2017-01-25 00:00:00-05:00,76.59929687021936,77.6465697832961,76.322659311128,77.52801513671875,5690400,0.0,0.0
2017-01-26 00:00:00-05:00,78.0516346088533,78.13067604791053,76.35228135815582,77.01423645019531,4121000,0.0,0.0
2017-01-27 00:00:00-05:00,77.25137682788313,77.62681243474796,76.98461380005679,77.27113342285156,2219300,0.0,0.0
2017-01-30 00:00:00-05:00,76.86605705558598,77.8342884765685,76.17445564564774,77.76512908935547,4964000,0.0,0.0
2017-01-31 00:00:00-05:00,77.50824543596998,79.03964150525739,77.2316078967508,78.15044403076172,7835200,0.0,0.0
2017-02-01 00:00:00-05:00,77.96273621807039,78.34805389807664,76.52025601242701,77.6366958618164,6199700,0.0,0.0
2017-02-02 00:00:00-05:00,77.38970312583739,79.29653508241617,76.95498261621047,79.1680908203125,7676100,0.0,0.0
2017-02-03 00:00:00-05:00,79.42497086878454,79.74112917992275,78.8519315742813,79.24713134765625,4975400,0.0,0.0
2017-02-06 00:00:00-05:00,79.05939615291373,79.15820173260926,78.39744098067538,78.79264068603516,2664200,0.0,0.0
2017-02-07 00:00:00-05:00,79.31629074266121,79.56328965879446,78.58517606149321,79.24713134765625,3628200,0.0,0.0
2017-02-08 00:00:00-05:00,79.03964543640232,79.85968356687891,78.67408436264809,79.73123931884766,2568000,0.0,0.0
2017-02-09 00:00:00-05:00,79.73124873851677,80.99588954666606,79.52377054927113,80.05728912353516,5147500,0.0,0.0
2017-02-10 00:00:00-05:00,80.43271970248959,81.01563344694799,79.57316087791729,79.67195892333984,3061900,0.0,0.0
2017-02-13 00:00:00-05:00,80.20548383028111,80.32404601695754,79.49412578583916,79.93872833251953,4327500,0.0,0.0
2017-02-14 00:00:00-05:00,79.97823179826142,80.32403624956581,79.59291416067798,79.94859313964844,4809500,0.0,0.0
2017-02-15 00:00:00-05:00,80.25489273758848,81.83568432461644,79.91897028532755,80.68960571289062,5271900,0.0,0.0
2017-02-16 00:00:00-05:00,80.54139398026307,80.73899761309718,79.53364183513655,79.84980010986328,5234700,0.0,0.0
2017-02-17 00:00:00-05:00,79.60281437378279,80.49201202392578,79.28665604682185,80.49201202392578,3674100,0.0,0.0
2017-02-21 00:00:00-05:00,80.6994760456916,81.43059063504045,80.31415838793966,81.19347381591797,4325000,0.0,0.0
2017-02-22 00:00:00-05:00,81.01563932893305,81.40095701052161,80.72911969994007,81.09468078613281,2741400,0.0,0.0
2017-02-23 00:00:00-05:00,81.34168169354824,82.13207367162329,80.84768388057317,81.08480072021484,5595200,0.0,0.0
2017-02-24 00:00:00-05:00,80.43272526148485,80.83779953705573,79.99800478621133,80.79827880859375,4434200,0.0,0.0
2017-02-27 00:00:00-05:00,80.6500732070042,80.93659281810709,79.92884068406227,80.5611572265625,3289300,0.0,0.0
2017-02-28 00:00:00-05:00,80.52165210016557,80.8476925005656,79.72137796991932,80.37345123291016,10533000,0.0,0.0
2017-03-01 00:00:00-05:00,81.87519101428298,83.3868229456783,81.12431231254794,82.80390167236328,14319200,0.0,0.0
2017-03-02 00:00:00-05:00,82.55691255489657,82.69523134027997,81.36143874533515,81.67759704589844,5884800,0.0,0.0
2017-03-03 00:00:00-05:00,81.01563385587849,81.59854760327917,80.66983692625031,81.23299407958984,6217200,0.0,0.0
2017-03-06 00:00:00-05:00,80.77852886248041,81.72700381021609,80.64021007038201,81.5096435546875,5328500,0.0,0.0
2017-03-07 00:00:00-05:00,82.35931671797557,83.37695101574577,81.81591610372521,81.9739990234375,5431800,0.0,0.0
2017-03-08 00:00:00-05:00,81.96410524859515,82.83353856939571,81.94434865535743,82.47786712646484,3732400,0.0,0.0
2017-03-09 00:00:00-05:00,82.19134982933582,82.57666747961957,81.81590670704361,82.28026580810547,3646900,0.0,0.0
2017-03-10 00:00:00-05:00,82.55690257713812,82.94222022382392,82.24074431478546,82.50750732421875,3930000,0.0,0.0
2017-03-13 00:00:00-04:00,82.46798921035258,82.7347446904245,82.0826715514666,82.60630798339844,3463700,0.0,0.0
2017-03-14 00:00:00-04:00,82.41858380847181,82.61618743357194,81.73687203084714,82.50750732421875,2933500,0.0,0.0
2017-03-15 00:00:00-04:00,82.55690103722314,82.76437918635257,82.003625972878,82.47786712646484,3074100,0.0,0.0
2017-03-16 00:00:00-04:00,82.94222579035488,82.9916285843974,82.2703884955403,82.51738739013672,3762100,0.0,0.0
2017-03-17 00:00:00-04:00,82.93235138536933,82.97187211310062,82.02338972316593,82.03327178955078,7828200,0.0,0.0
2017-03-20 00:00:00-04:00,82.03327527924604,82.62607114481669,81.81591503638151,81.90483856201172,3428700,0.0,0.0
2017-03-21 00:00:00-04:00,82.0036355396737,82.18147505079014,80.39320541075855,80.571044921875,4206200,0.0,0.0
2017-03-22 00:00:00-04:00,80.70936542379019,80.98600299413052,80.16596481218706,80.89707946777344,3057000,0.0,0.0
2017-03-23 00:00:00-04:00,81.01563829405907,81.41083803720149,80.48211977148806,80.54139709472656,3056700,0.0,0.0
2017-03-24 00:00:00-04:00,80.8970808253136,81.26264192814553,80.31416701200146,80.63032531738281,3701800,0.0,0.0
2017-03-27 00:00:00-04:00,80.02764736996701,80.80816483527286,79.53364954669561,80.63032531738281,3403000,0.0,0.0
2017-03-28 00:00:00-04:00,80.46236724948784,81.36143936128646,80.3240484630573,81.15396118164062,3216000,0.0,0.0
2017-03-29 00:00:00-04:00,81.05516024710506,81.45035999621994,80.67972463124046,81.39107513427734,2874000,0.0,0.0
2017-03-30 00:00:00-04:00,81.26264769014898,81.59856261564377,81.03540535869553,81.56892395019531,3483000,0.0,0.0
2017-03-31 00:00:00-04:00,81.28239561885614,81.93447634041271,81.20336169869245,81.499755859375,3174000,0.0,0.0
2017-04-03 00:00:00-04:00,81.61832402243954,81.98388513897027,80.57105100995805,81.3219223022461,4224200,0.0,0.0
2017-04-04 00:00:00-04:00,81.74675671080321,82.13207440534129,81.53927853203722,81.9739990234375,4441500,0.0,0.0
2017-04-05 00:00:00-04:00,82.19135953697369,85.38258122652753,82.01352002062211,84.31554412841797,13289300,0.0,0.0
2017-04-06 00:00:00-04:00,84.39460121108876,84.42423987966578,83.35721012184341,83.97964477539062,5014400,0.0,0.0
2017-04-07 00:00:00-04:00,83.68321605962979,83.83141689258932,82.81378273090539,83.36705780029297,4876400,0.0,0.0
2017-04-10 00:00:00-04:00,83.12007201080371,83.59431324337581,82.85331649972537,83.22875213623047,3401300,0.0,0.0
2017-04-11 00:00:00-04:00,83.06079544633299,83.25839156466458,82.30004209916675,82.85331726074219,2536200,0.0,0.0
2017-04-12 00:00:00-04:00,82.82367109199049,83.07066998642838,82.20122905380983,82.36919403076172,3098400,0.0,0.0
2017-04-13 00:00:00-04:00,82.20123184000491,83.05090866869556,82.13207244873047,82.13207244873047,2594700,0.0,0.0
2017-04-17 00:00:00-04:00,82.25062392049047,83.21886281000354,82.00362504985837,83.18921661376953,2960800,0.0,0.0
2017-04-18 00:00:00-04:00,82.9916282637399,83.38682800112885,82.5272691376435,82.70510864257812,2498200,0.0,0.0
2017-04-19 00:00:00-04:00,83.07065879588131,83.19909549007627,82.3494188046462,82.49761962890625,2840600,0.0,0.0
2017-04-20 00:00:00-04:00,82.94221767597583,83.34729944163199,82.45810200051497,83.04102325439453,4012300,0.0,0.0
2017-04-21 00:00:00-04:00,83.00151704936688,83.38683475161685,82.64583801070404,82.7841567993164,2946100,0.0,0.0
2017-04-24 00:00:00-04:00,83.49551411394381,83.63383290129269,82.74463531275805,83.15959167480469,3193800,0.0,0.0
2017-04-25 00:00:00-04:00,83.55478835750748,84.10806348648782,83.33742811746282,83.73262786865234,3016500,0.0,0.0
2017-04-26 00:00:00-04:00,83.7326254566186,84.09818653505486,83.3769464445747,83.93022155761719,2165000,0.0,0.0
2017-04-27 00:00:00-04:00,84.35505314004571,85.28377132284493,84.26613716312619,84.81941223144531,2944500,0.0,0.0
2017-04-28 00:00:00-04:00,84.75025922543318,85.1849796905727,84.25626143788665,85.086181640625,2919200,0.0,0.0
2017-05-01 00:00:00-04:00,85.21461577909444,85.83705025900049,85.21461577909444,85.61969757080078,3290000,0.0,0.0
2017-05-02 00:00:00-04:00,85.74813861997606,86.15321289438573,85.0763013136648,86.0445327758789,3503200,0.0,0.0
2017-05-03 00:00:00-04:00,85.92598082908764,86.01489681731044,85.15534544658955,85.51102447509766,2786700,0.0,0.0
2017-05-04 00:00:00-04:00,85.70862660399605,86.08406225475967,85.2541494885004,85.48138427734375,2140100,0.0,0.0
2017-05-05 00:00:00-04:00,85.40234314574867,85.93586168096789,85.18498290497696,85.92597961425781,2595800,0.0,0.0
2017-05-08 00:00:00-04:00,85.8864582800267,86.12357511473941,85.58018205444746,85.81729888916016,2168400,0.0,0.0
2017-05-09 00:00:00-04:00,85.98525498811647,86.56817630585275,85.85681827503268,86.08405303955078,2887000,0.0,0.0
2017-05-10 00:00:00-04:00,86.33106125271632,86.5681856471157,85.85682753953553,86.26190185546875,2920700,0.0,0.0
2017-05-11 00:00:00-04:00,86.33104129045157,86.89419840576596,85.53076737337513,86.6570816040039,2731600,0.0,0.0
2017-05-12 00:00:00-04:00,86.91396782796261,88.20823955789787,86.51876810909306,87.97112274169922,5586600,0.0,0.0
2017-05-15 00:00:00-04:00,88.19836375255382,88.86032653221622,87.98101105266467,88.72200775146484,4053900,0.0,0.0
2017-05-16 00:00:00-04:00,88.9294807436911,89.19623622308876,88.33668492673468,88.67259979248047,6422300,0.0,0.0
2017-05-17 00:00:00-04:00,88.67260530892622,88.67260530892622,86.51877459433913,86.78553009033203,5619200,0.0,0.0
2017-05-18 00:00:00-04:00,86.82504620493664,87.33880811201759,86.12357026909842,86.69660949707031,10180000,0.0,0.0
2017-05-19 00:00:00-04:00,89.85819459020716,89.90759738411286,85.40233997124929,86.35081481933594,15733500,0.0,0.0
2017-05-22 00:00:00-04:00,86.4891418951265,87.98101746808203,85.82718660500372,87.8723373413086,6058400,0.0,0.0
2017-05-23 00:00:00-04:00,87.66485111197845,88.17860549683706,87.10169393300677,87.42772674560547,4344600,0.0,0.0
2017-05-24 00:00:00-04:00,87.36845336170427,88.64296862163704,87.26965530683216,88.52440643310547,4577200,0.0,0.0
2017-05-25 00:00:00-04:00,88.88997232435553,90.70788075308606,88.83069499579526,90.17436218261719,7407100,0.0,0.0
2017-05-26 00:00:00-04:00,89.83843733149988,90.00639476904531,89.3740782083265,89.73963928222656,5284500,0.0,0.0
2017-05-30 00:00:00-04:00,89.4136004662613,89.97675764834864,89.38396180475273,89.76927947998047,4626500,0.0,0.0
2017-05-31 00:00:00-04:00,89.60132511199878,89.87796267930892,88.40585131737514,88.56392669677734,6030100,0.0,0.0
2017-06-01 00:00:00-04:00,88.91959897768658,89.55191552294772,88.24776170612064,88.96900177001953,4890600,0.0,0.0
2017-06-02 00:00:00-04:00,89.15671950350676,89.99651424341832,88.75164523320933,89.76927947998047,4969200,0.0,0.0
2017-06-05 00:00:00-04:00,89.90759206599719,90.77702540753016,89.660593186695,90.28302764892578,5537300,0.0,0.0
2017-06-06 00:00:00-04:00,89.90760300583075,90.84619584626273,89.71000689346882,90.00640106201172,4296700,0.0,0.0
2017-06-07 00:00:00-04:00,90.35219266686819,90.88571118396148,89.53216206519167,90.29291534423828,3484000,0.0,0.0
2017-06-08 00:00:00-04:00,90.29292083720435,90.52016315079001,89.5025213109508,90.15460205078125,3804900,0.0,0.0
2017-06-09 00:00:00-04:00,89.99651690835105,90.12496116243581,84.20686954205574,86.22237396240234,11672200,0.0,0.0
2017-06-12 00:00:00-04:00,85.08618471158634,85.79753521956891,82.54703629346564,85.14546203613281,9281600,0.0,0.0
2017-06-13 00:00:00-04:00,86.77565663224243,87.2498903060387,85.75802235533762,86.22237396240234,5308000,0.0,0.0
2017-06-14 00:00:00-04:00,86.63734290331034,87.03253514192505,85.0269051335012,86.12358093261719,3554800,0.0,0.0
2017-06-15 00:00:00-04:00,84.95774504948254,85.34306275547549,83.88083339370962,85.23438262939453,6661600,0.0,0.0
2017-06-16 00:00:00-04:00,85.0466699424771,85.93586756202845,84.82930968683024,84.9676284790039,8005000,0.0,0.0
2017-06-19 00:00:00-04:00,85.64933343430219,86.65708554092961,85.5801740499043,86.48912811279297,4835500,0.0,0.0
2017-06-20 00:00:00-04:00,86.57804759334678,86.73613049997013,85.74813494699788,85.87657165527344,3095500,0.0,0.0
2017-06-21 00:00:00-04:00,86.44961092352273,86.74601260466939,85.39245598288454,86.5088882446289,3794700,0.0,0.0
2017-06-22 00:00:00-04:00,86.81516321978772,87.93159536872389,86.19272125983504,87.407958984375,4413000,0.0,0.0
2017-06-23 00:00:00-04:00,87.23013486575005,87.79329207197235,86.45949948226777,87.5561752319336,4890900,0.0,0.0
2017-06-26 00:00:00-04:00,87.73401892714313,88.72201460182802,86.64721765474269,87.05229949951172,4866500,0.0,0.0
2017-06-27 00:00:00-04:00,86.94361496339361,88.2082481568118,86.0642994605385,86.62745666503906,5370800,0.0,0.0
2017-06-28 00:00:00-04:00,87.22026096659849,87.4079825655212,85.64935138974789,87.03253936767578,4257800,0.0,0.0
2017-06-29 00:00:00-04:00,86.59782092472172,86.61757752124441,84.79966912880987,85.75802612304688,5215600,0.0,0.0
2017-06-30 00:00:00-04:00,85.75802081733784,86.20261582077443,85.26402301893798,85.56041717529297,3943500,0.0,0.0
2017-07-03 00:00:00-04:00,85.96550114255706,86.05441713034946,84.09819002083258,85.06642150878906,2741300,0.0,0.0
2017-07-05 00:00:00-04:00,85.24425963379443,86.45949754515662,85.06642012329772,86.44961547851562,4719800,0.0,0.0
2017-07-06 00:00:00-04:00,85.58018404987162,86.41997882649167,85.30353894214679,85.80741882324219,3275000,0.0,0.0
2017-07-07 00:00:00-04:00,86.15320501865044,87.38819939986851,86.1433304908221,86.86456298828125,2454300,0.0,0.0
2017-07-10 00:00:00-04:00,86.80529025794496,87.57592558650573,86.41997259366457,87.43760681152344,2332100,0.0,0.0
2017-07-11 00:00:00-04:00,87.2005050841507,87.5858228151356,86.61758368483432,87.28942108154297,2414700,0.0,0.0
2017-07-12 00:00:00-04:00,88.14896896333399,89.32468614377122,87.78340787637404,89.31480407714844,4273500,0.0,0.0
2017-07-13 00:00:00-04:00,89.47286434845164,89.68034248565195,88.42559159749574,88.4947509765625,3211100,0.0,0.0
2017-07-14 00:00:00-04:00,88.71213088653167,89.08756652232647,88.46513197244882,88.91960906982422,1978000,0.0,0.0
2017-07-17 00:00:00-04:00,88.899843737627,89.17648128816671,88.19836025729107,88.21812438964844,2485700,0.0,0.0
2017-07-18 00:00:00-04:00,87.93160115503242,88.3268008700323,87.55616557157674,88.19835662841797,3813100,0.0,0.0
2017-07-19 00:00:00-04:00,88.27740038026214,89.04803569880721,87.7340073535534,88.48487854003906,4463000,0.0,0.0
2017-07-20 00:00:00-04:00,88.63308682026954,89.54204098830867,88.34656718381642,89.453125,3481000,0.0,0.0
2017-07-21 00:00:00-04:00,89.25551044600157,89.54203004744575,88.46511856342462,88.61331939697266,2928700,0.0,0.0
2017-07-24 00:00:00-04:00,88.57381029844176,88.73188568058323,87.89209089732232,88.59356689453125,2393500,0.0,0.0
2017-07-25 00:00:00-04:00,88.65285551321213,89.72976718420095,88.16873220371716,89.54204559326172,3346000,0.0,0.0
2017-07-26 00:00:00-04:00,89.5420403791061,90.10519758132155,89.06780670240278,89.97676086425781,3638100,0.0,0.0
2017-07-27 00:00:00-04:00,90.15460713508108,91.02404063274516,88.02053281652977,89.42349243164062,3572100,0.0,0.0
2017-07-28 00:00:00-04:00,88.91960553118457,90.02616333585033,88.62320383095728,89.53216552734375,2108800,0.0,0.0
2017-07-31 00:00:00-04:00,89.71987361276524,89.9569979723288,88.7911629201355,89.70999908447266,3002900,0.0,0.0
2017-08-01 00:00:00-04:00,90.27315506196216,90.6782293130674,89.79891388686983,90.12495422363281,3157500,0.0,0.0
2017-08-02 00:00:00-04:00,90.25340108869011,90.25340108869011,87.92173075247271,88.81092834472656,3636900,0.0,0.0
2017-08-03 00:00:00-04:00,88.91960678429248,89.34444520710755,88.34656750927523,89.2654037475586,2351400,0.0,0.0
2017-08-04 00:00:00-04:00,89.52227204466053,89.77915298291269,89.16659306486748,89.36418914794922,1987600,0.0,0.0
2017-08-07 00:00:00-04:00,89.46300753307379,89.61120084769385,89.03816910960984,89.41360473632812,1903300,0.0,0.0
2017-08-08 00:00:00-04:00,89.09744932146144,89.79892533868271,88.46513269923922,89.1764907836914,2366700,0.0,0.0
2017-08-09 00:00:00-04:00,88.56392104787064,89.3839591685269,88.54416445338364,89.03816223144531,3055400,0.0,0.0
2017-08-10 00:00:00-04:00,88.59356837156314,88.84056728474658,86.49902241196507,86.57805633544922,3961500,0.0,0.0
2017-08-11 00:00:00-04:00,86.49901841796252,87.59569414488382,86.21249878736243,87.23013305664062,2881500,0.0,0.0
2017-08-14 00:00:00-04:00,88.21812821491208,89.56180283677547,88.03040663841686,89.1666030883789,4906900,0.0,0.0
2017-08-15 00:00:00-04:00,89.2654014708464,90.01628024179342,89.00852050276826,89.61119842529297,2531700,0.0,0.0
2017-08-16 00:00:00-04:00,89.95700366300981,91.29079623424711,89.72976135517135,91.1327133178711,4273700,0.0,0.0
2017-08-17 00:00:00-04:00,90.89559742450841,91.37971316976997,89.66060289428411,89.7890396118164,3630500,0.0,0.0
2017-08-18 00:00:00-04:00,89.72976377653175,90.25340025999311,89.19624522607816,89.67048645019531,3046800,0.0,0.0
2017-08-21 00:00:00-04:00,89.85820378868988,90.6980061442062,89.48276814512184,90.65848541259766,3512500,0.0,0.0
2017-08-22 00:00:00-04:00,91.32042837335125,92.31830598272091,90.94499278048906,91.83418273925781,11254400,0.0,0.0
2017-08-23 00:00:00-04:00,91.03390738731318,93.49401414253929,90.2039947615724,91.95274353027344,12034900,0.0,0.0
2017-08-24 00:00:00-04:00,92.57518809046945,93.1778660315348,92.22939112538485,93.01979064941406,5494400,0.0,0.0
2017-08-25 00:00:00-04:00,93.01979311806532,94.0868302424803,92.74315553865597,92.97039031982422,5311000,0.0,0.0
2017-08-28 00:00:00-04:00,92.95063140760466,93.05931153078069,91.73539345654935,92.53567504882812,5536100,0.0,0.0
2017-08-29 00:00:00-04:00,91.63659902934394,92.99015582026186,91.38960011012738,92.7036361694336,3242800,0.0,0.0
2017-08-30 00:00:00-04:00,92.7036258430338,94.03741835066826,92.46650147977721,93.72126007080078,3808100,0.0,0.0
2017-08-31 00:00:00-04:00,93.80030354348455,94.5116615729444,93.2173822268629,94.34369659423828,5098200,0.0,0.0
2017-09-01 00:00:00-04:00,94.60057905442393,95.0155353989046,94.04730392844971,94.85746002197266,3679600,0.0,0.0
2017-09-05 00:00:00-04:00,94.2152725820546,95.33170503346327,93.98803024952956,95.02542877197266,4069500,0.0,0.0
2017-09-06 00:00:00-04:00,95.00566119560102,95.16373657307457,94.10658157500418,94.66973876953125,4105200,0.0,0.0
2017-09-07 00:00:00-04:00,94.93650060254815,96.34933471648215,94.72902241575056,95.5688247680664,4917300,0.0,0.0
2017-09-08 00:00:00-04:00,95.46013673555983,96.0232939210327,95.22301236644944,95.27241516113281,3316400,0.0,0.0
2017-09-11 00:00:00-04:00,95.78616200967387,97.04092053287285,95.78616200967387,96.53704071044922,4471500,0.0,0.0
2017-09-12 00:00:00-04:00,96.4184772303388,96.44812342709812,94.99576883599642,95.68736267089844,4743200,0.0,0.0
2017-09-13 00:00:00-04:00,95.72689051328321,95.73677257960445,94.21525849187918,94.4622573852539,5610300,0.0,0.0
2017-09-14 00:00:00-04:00,94.23501688984949,94.59069590613946,93.37546554865554,94.1559829711914,5054600,0.0,0.0
2017-09-15 00:00:00-04:00,94.36346718528443,94.47214731043474,93.0395490870029,93.49402618408203,6081700,0.0,0.0
2017-09-18 00:00:00-04:00,93.80030627142966,95.02541872567974,93.60270262538393,94.5906982421875,5990700,0.0,0.0
2017-09-19 00:00:00-04:00,94.817935635663,95.05505246081823,94.01766163963416,94.20537567138672,3521000,0.0,0.0
2017-09-20 00:00:00-04:00,93.938625660528,94.21526322896759,92.92099137470737,94.06706237792969,3362600,0.0,0.0
2017-09-21 00:00:00-04:00,93.68173934359135,93.9583768962494,93.03954071760202,93.72126007080078,2896100,0.0,0.0
2017-09-22 00:00:00-04:00,93.65210737436628,94.20538251921559,93.42486506112687,93.80030822753906,2254400,0.0,0.0
2017-09-25 00:00:00-04:00,93.73113796700697,93.75089456082874,91.00426821333689,91.35994720458984,5821100,0.0,0.0
2017-09-26 00:00:00-04:00,91.83419960157534,92.54555772945399,91.01416887875722,91.23152160644531,4558200,0.0,0.0
2017-09-27 00:00:00-04:00,91.79467791519157,92.53567464022422,91.50815827697527,92.09107208251953,2945100,0.0,0.0
2017-09-28 00:00:00-04:00,92.0910659608455,92.13058668809049,91.32043062408823,91.48838806152344,3017600,0.0,0.0
2017-09-29 00:00:00-04:00,91.65635477523473,92.34795626530502,91.5081614553278,92.29855346679688,4629700,0.0,0.0
2017-10-02 00:00:00-04:00,92.59494902664468,93.70149927670121,92.32818599292874,92.81230926513672,2755900,0.0,0.0
2017-10-03 00:00:00-04:00,93.03953109292999,94.3041640815773,92.8221708846674,94.21524810791016,4996800,0.0,0.0
2017-10-04 00:00:00-04:00,94.05718610401124,94.58083014830368,93.59283446427915,94.37334442138672,3128300,0.0,0.0
2017-10-05 00:00:00-04:00,94.35358349213625,94.72901912121641,93.54342736994649,94.58082580566406,3956300,0.0,0.0
2017-10-06 00:00:00-04:00,94.40298872070188,95.41074098145684,94.3239472584991,95.16374206542969,4402900,0.0,0.0
2017-10-09 00:00:00-04:00,95.17361896878512,95.59845738281355,94.8278220126709,95.11433410644531,2031300,0.0,0.0
2017-10-10 00:00:00-04:00,95.1143293148906,95.30205088352793,94.07693849880832,94.2448959350586,2028900,0.0,0.0
2017-10-11 00:00:00-04:00,94.24490003406672,94.85746002197266,93.69162490809249,94.85746002197266,2640800,0.0,0.0
2017-10-12 00:00:00-04:00,94.98590132131939,96.06282050099168,94.68949961077985,95.57869720458984,3118600,0.0,0.0
2017-10-13 00:00:00-04:00,95.98377670014605,96.45801038007924,95.52929961612321,95.77629852294922,2496000,0.0,0.0
2017-10-16 00:00:00-04:00,95.78616863879047,96.40861067951127,95.75652997738625,95.98377227783203,2544300,0.0,0.0
2017-10-17 00:00:00-04:00,95.7960615580535,95.83558229033916,94.77842719957665,95.55894470214844,2528300,0.0,0.0
2017-10-18 00:00:00-04:00,95.80593934466702,95.90473740206211,94.89698515613846,95.28230285644531,2876700,0.0,0.0
2017-10-19 00:00:00-04:00,95.24277513113064,96.0628132691212,94.95625550926135,96.0232925415039,2534100,0.0,0.0
2017-10-20 00:00:00-04:00,96.36909390531206,97.98940612288683,96.16161572916255,97.7127685546875,4588800,0.0,0.0
2017-10-23 00:00:00-04:00,97.8807276910486,98.24628879122723,97.1199743653681,97.25829315185547,4024900,0.0,0.0
2017-10-24 00:00:00-04:00,97.07057276675891,97.53493192904622,96.63585226796933,97.47565460205078,3651400,0.0,0.0
2017-10-25 00:00:00-04:00,97.21876821002981,98.43399857263806,97.12984468667825,98.39447784423828,4687200,0.0,0.0
2017-10-26 00:00:00-04:00,98.62171096438456,99.55042915077611,98.10795661864492,98.84895324707031,3863300,0.0,0.0
2017-10-27 00:00:00-04:00,99.51092166563137,100.75579827759854,98.97740311764544,99.49115753173828,4030400,0.0,0.0
2017-10-30 00:00:00-04:00,99.49115753173828,99.76780264158204,98.71064761255673,99.49115753173828,2374600,0.0,0.0
2017-10-31 00:00:00-04:00,99.91599169010794,101.22014557244718,99.62947206336113,101.11146545410156,5111800,0.0,0.0
2017-11-01 00:00:00-04:00,102.42550418630569,102.67250309147445,100.08395938950325,100.72615051269531,3760800,0.0,0.0
2017-11-02 00:00:00-04:00,100.82496169853093,102.12911568866089,100.53844204810277,101.36835479736328,3212600,0.0,0.0
2017-11-03 00:00:00-04:00,101.62522110114512,101.83269925848458,100.47914266501355,101.47702026367188,3265500,0.0,0.0
2017-11-06 00:00:00-05:00,101.68449610718223,101.90185632548926,100.36058574157758,101.19049835205078,7046800,0.0,0.0
2017-11-07 00:00:00-05:00,103.68026716367257,103.73954449128308,100.52855859036242,101.4869155883789,5277100,0.0,0.0
2017-11-08 00:00:00-05:00,101.71414009046974,103.98653289814136,101.66474483505561,103.76917266845703,6674500,0.0,0.0
2017-11-09 00:00:00-05:00,103.0775862595135,103.18626638223095,101.18063645213164,102.3563461303711,5128600,0.0,0.0
2017-11-10 00:00:00-05:00,102.16862784704368,104.11497283267119,101.5955885942722,103.97665405273438,4675700,0.0,0.0
2017-11-13 00:00:00-05:00,103.73954221901282,104.68801712904963,103.73954221901282,104.51017761230469,4609500,0.0,0.0
2017-11-14 00:00:00-05:00,104.37185164197294,105.1029662547992,103.79881240103515,104.95477294921875,4366800,0.0,0.0
2017-11-15 00:00:00-05:00,104.60897030533894,105.71552807921833,103.73953690016752,104.16437530517578,4148400,0.0,0.0
2017-11-16 00:00:00-05:00,104.95477861553148,106.07121095875705,104.90537581913216,105.74517059326172,3708500,0.0,0.0
2017-11-17 00:00:00-05:00,105.90325651688741,106.5750938628186,105.44877942078817,106.28857421875,4407900,0.0,0.0
2017-11-20 00:00:00-05:00,107.39512128531119,107.69152298755627,105.72541380690193,106.08109283447266,5578500,0.0,0.0
2017-11-21 00:00:00-05:00,107.44451657969765,107.87923703588874,106.49604175166898,107.4939193725586,10682700,0.0,0.0
2017-11-22 00:00:00-05:00,105.56734113144734,106.1996577889651,104.77694907845469,105.5475845336914,9009600,0.0,0.0
2017-11-24 00:00:00-05:00,106.11073028739614,106.30832639476785,105.13261674163203,105.86373138427734,4000000,0.0,0.0
2017-11-27 00:00:00-05:00,105.5080610769651,105.99217685648526,104.5892247799442,105.30058288574219,5144200,0.0,0.0
2017-11-28 00:00:00-05:00,104.82633543347819,105.6068528901681,104.52005919852957,105.18201446533203,4794300,0.0,0.0
2017-11-29 00:00:00-05:00,104.4805293656158,104.60896607344733,101.55606344346505,102.28717803955078,6851000,0.0,0.0
2017-11-30 00:00:00-05:00,102.34646312454441,103.25542482782537,101.53630701396091,103.06770324707031,5201800,0.0,0.0
2017-12-01 00:00:00-05:00,102.61323394081093,103.57159097526063,101.59559957649718,102.5835952758789,4797600,0.0,0.0
2017-12-04 00:00:00-05:00,103.3443386774036,103.48265745894773,98.63160296265984,98.65135955810547,9116000,0.0,0.0
2017-12-05 00:00:00-05:00,98.35496310647291,100.43963438546689,97.49540423736752,99.48127746582031,5323800,0.0,0.0
2017-12-06 00:00:00-05:00,99.0564299348965,102.0895757875896,98.79954899691845,101.68449401855469,4571000,0.0,0.0
2017-12-07 00:00:00-05:00,102.40573765836301,102.88985335495383,101.40786006767739,102.82069396972656,3900100,0.0,0.0
2017-12-08 00:00:00-05:00,103.7395357664001,104.08533271139315,101.9710227759407,102.1982650756836,4171500,0.0,0.0
2017-12-11 00:00:00-05:00,103.136856225849,103.462896570736,102.12910406815314,103.2850570678711,3357200,0.0,0.0
2017-12-12 00:00:00-05:00,103.69013980991183,103.79881993376313,102.040188893709,102.42550659179688,4683600,0.0,0.0
2017-12-13 00:00:00-05:00,102.57371380275241,103.34434924668685,102.46503367216586,102.69227600097656,4067500,0.0,0.0
2017-12-14 00:00:00-05:00,102.9491343633849,103.93712992363929,102.69226094494046,102.98865509033203,4464900,0.0,0.0
2017-12-15 00:00:00-05:00,103.5024327757174,104.38174835531932,102.0698344723481,104.21379089355469,7261100,0.0,0.0
2017-12-18 00:00:00-05:00,104.1347312688649,104.60896490618805,103.53205338733558,103.81857299804688,3931400,0.0,0.0
2017-12-19 00:00:00-05:00,103.33445566919814,103.90749492340701,102.23778749346485,103.0084228515625,3942100,0.0,0.0
2017-12-20 00:00:00-05:00,103.00843132752973,103.24554817926885,101.57583307412732,102.14887237548828,3673500,0.0,0.0
2017-12-21 00:00:00-05:00,102.48479401816978,102.79107026332997,102.08959424317706,102.37611389160156,2486800,0.0,0.0
2017-12-22 00:00:00-05:00,102.05006041203174,102.25753857126259,100.7953018528352,101.39797973632812,3538300,0.0,0.0
2017-12-26 00:00:00-05:00,100.93363116902665,101.36834409463266,100.10371096958245,101.30906677246094,2524600,0.0,0.0
2017-12-27 00:00:00-05:00,101.35846263722271,101.57582287023547,100.8644648486694,101.4177474975586,2038600,0.0,0.0
2017-12-28 00:00:00-05:00,101.40786757315223,101.66474853921208,101.13123001176848,101.55606842041016,2719400,0.0,0.0
2017-12-29 00:00:00-05:00,101.37822796852683,101.9315030861493,100.98302822545013,101.00279235839844,2498800,0.0,0.0
2018-01-02 00:00:00-05:00,101.64498424605095,103.44313593002254,101.04230632921026,103.15662384033203,4669200,0.0,0.0
2018-01-03 00:00:00-05:00,103.64072911223813,104.86584141757005,103.36409157920906,104.02604675292969,3888700,0.0,0.0
2018-01-04 00:00:00-05:00,104.72753099334244,106.36760726666905,104.50028869436285,105.39936828613281,4540200,0.0,0.0
2018-01-05 00:00:00-05:00,106.46640750330496,106.99992602952038,105.91312484400295,106.80232238769531,3368400,0.0,0.0
2018-01-08 00:00:00-05:00,106.70352296366443,107.82983732525624,106.27868456146344,107.5531997680664,2933600,0.0,0.0
2018-01-09 00:00:00-05:00,107.69152845044168,108.02744336140493,106.95053169504874,107.83972930908203,3302300,0.0,0.0
2018-01-10 00:00:00-05:00,107.37535719237705,108.17563117963077,106.93076220786008,107.4939193725586,3113300,0.0,0.0
2018-01-11 00:00:00-05:00,107.69152329500338,108.08672305318893,107.36548292916466,107.79032135009766,3668100,0.0,0.0
2018-01-12 00:00:00-05:00,107.91876347010108,109.38099274730003,107.6026051773709,108.91663360595703,5749500,0.0,0.0
2018-01-16 00:00:00-05:00,109.51931819833277,110.10223956162415,106.9307743745426,107.58284759521484,5790800,0.0,0.0
2018-01-17 00:00:00-05:00,108.4325202800523,109.05495481269577,107.9187658696208,108.71903991699219,4254700,0.0,0.0
2018-01-18 00:00:00-05:00,108.90676179315133,110.82346819283792,108.89687972624849,110.42826843261719,3842800,0.0,0.0
2018-01-19 00:00:00-05:00,110.86297940497259,111.05070097096831,110.27018358443767,110.58634185791016,3120900,0.0,0.0
2018-01-22 00:00:00-05:00,110.28995155800509,111.60398757993634,109.67739907996841,111.53482818603516,2214700,0.0,0.0
2018-01-23 00:00:00-05:00,111.82134553815663,112.3943848117761,111.32734772389333,111.88062286376953,2816800,0.0,0.0
2018-01-24 00:00:00-05:00,112.26593564344948,112.47341381182444,111.14950334567716,111.49530029296875,4975500,0.0,0.0
2018-01-25 00:00:00-05:00,111.92013589408981,112.10785746269458,110.55670473412904,110.61598205566406,4715100,0.0,0.0
2018-01-26 00:00:00-05:00,111.3668592226777,112.55245086351584,110.68513988340148,112.33509063720703,3927400,0.0,0.0
2018-01-29 00:00:00-05:00,112.33510312099705,113.03658667033415,111.49530832059305,111.93991088867188,3181500,0.0,0.0
2018-01-30 00:00:00-05:00,111.07046550645259,112.08809978639323,110.49742623924831,110.88275146484375,3737700,0.0,0.0
2018-01-31 00:00:00-05:00,111.70277738125208,113.14525001729791,111.28782104851452,112.5425796508789,4181800,0.0,0.0
2018-02-01 00:00:00-05:00,111.93990221832722,112.89825159907602,111.17914140062807,111.3866195678711,4302800,0.0,0.0
2018-02-02 00:00:00-05:00,110.68514401553098,111.00130230074458,109.38099014679885,109.45014953613281,4403800,0.0,0.0
2018-02-05 00:00:00-05:00,107.83972043967889,110.27018869293401,106.20952620432986,106.35772705078125,6124000,0.0,0.0
2018-02-06 00:00:00-05:00,103.7494193270598,108.30407961361881,102.44526544586815,108.25467681884766,6857900,0.0,0.0
2018-02-07 00:00:00-05:00,107.76067340624299,110.94202025581448,107.50379245487551,108.72891235351562,4515400,0.0,0.0
2018-02-08 00:00:00-05:00,108.77831434189514,108.85735579917944,102.75154267341966,102.78118133544922,6803800,0.0,0.0
2018-02-09 00:00:00-05:00,104.05569398584855,106.81220255333403,101.14111004552443,105.69577026367188,6615800,0.0,0.0
2018-02-12 00:00:00-05:00,106.40711549442713,108.1657538684047,104.98440705789167,107.24691772460938,4624100,0.0,0.0
2018-02-13 00:00:00-05:00,106.71340560119184,106.78256499085943,104.65837296848619,106.39724731445312,7542800,0.0,0.0
2018-02-14 00:00:00-05:00,105.44875504421847,107.90886154228693,105.44875504421847,107.71125793457031,7428000,0.0,0.0
2018-02-15 00:00:00-05:00,110.96178810666568,112.06834593897514,108.72892338365715,111.76206970214844,8341900,0.0,0.0
2018-02-16 00:00:00-05:00,111.48541622636287,112.77969554558797,111.31745878895002,111.50518035888672,4667300,0.0,0.0
2018-02-20 00:00:00-05:00,111.1000942788404,113.87636684248682,110.93213684789669,112.97728729248047,4287800,0.0,0.0
2018-02-21 00:00:00-05:00,113.39225550856683,114.28145308603078,112.79945963619369,113.10574340820312,4976500,0.0,0.0
2018-02-22 00:00:00-05:00,113.14525898869987,113.61950021929445,111.1297544876466,111.64350891113281,4763400,0.0,0.0
2018-02-23 00:00:00-05:00,112.26595046131125,113.57998657226562,111.3866348773635,113.57998657226562,4173500,0.0,0.0
2018-02-26 00:00:00-05:00,114.71617626523684,115.3978956802374,113.9850615901025,115.24969482421875,5418900,0.0,0.0
2018-02-27 00:00:00-05:00,115.8918995134497,116.19817577069847,114.37038521925002,115.07186126708984,5908200,0.0,0.0
2018-02-28 00:00:00-05:00,115.59548891129033,116.73168539533052,114.82485352459774,114.8544921875,9684400,0.0,0.0
2018-03-01 00:00:00-05:00,119.45855180946785,120.99982253588927,116.6328837858231,117.9963150024414,15555500,0.0,0.0
2018-03-02 00:00:00-05:00,117.225678625723,120.86150270974552,116.22780096613256,120.4564208984375,10627500,0.0,0.0
2018-03-05 00:00:00-05:00,118.55946817203444,121.46417755434784,118.22355329702818,121.02945709228516,10121300,0.0,0.0
2018-03-06 00:00:00-05:00,121.3950213755336,123.19317305550332,121.27645919061614,122.9856948852539,8154800,0.0,0.0
2018-03-07 00:00:00-05:00,121.89889687727617,124.26020580596021,121.70130076840717,123.82549285888672,6750400,0.0,0.0
2018-03-08 00:00:00-05:00,124.25032094513156,125.76195291192627,124.1910360871539,124.8431167602539,6127900,0.0,0.0
2018-03-09 00:00:00-05:00,125.66315582621803,125.9694320331806,124.73443760148274,125.8805160522461,5637800,0.0,0.0
2018-03-12 00:00:00-04:00,126.33499864014729,126.66103145568272,125.2580795288086,125.2580795288086,5609800,0.0,0.0
2018-03-13 00:00:00-04:00,126.35475011601253,126.57211034276855,124.22068365055163,125.20867919921875,4641800,0.0,0.0
2018-03-14 00:00:00-04:00,125.52485667279512,127.3230010070823,124.9913380903742,126.45356750488281,5402400,0.0,0.0
2018-03-15 00:00:00-04:00,126.46343012105562,126.91791470632405,125.14939423338015,125.69279479980469,4603500,0.0,0.0
2018-03-16 00:00:00-04:00,125.7619710743739,126.41404430383808,124.18117949314835,124.45781707763672,6662900,0.0,0.0
2018-03-19 00:00:00-04:00,123.52908580793165,124.25032589590371,121.98781511963983,123.47969055175781,6830400,0.0,0.0
2018-03-20 00:00:00-04:00,123.09436747786225,125.30748303635522,122.95604869768246,123.61801147460938,7113600,0.0,0.0
2018-03-21 00:00:00-04:00,120.10074066963273,122.53120889952369,118.75706607359102,120.23905944824219,14824000,0.0,0.0
2018-03-22 00:00:00-04:00,118.95466352713154,119.21154447596594,116.03019765776541,116.62299346923828,10950500,0.0,0.0
2018-03-23 00:00:00-04:00,116.59336146373523,116.66252085339077,112.93777326503432,113.05633544921875,10902100,0.0,0.0
2018-03-26 00:00:00-04:00,116.82059190097083,117.82835158469219,113.65900915123451,117.54183197021484,13171700,0.0,0.0
2018-03-27 00:00:00-04:00,118.64839027326828,118.71755720289765,111.36686738508544,112.44377899169922,8304700,0.0,0.0
2018-03-28 00:00:00-04:00,111.79169587595572,113.481167329969,110.00341883856471,111.52493286132812,6489500,0.0,0.0
2018-03-29 00:00:00-04:00,112.54258361100273,115.85236739863959,111.16926277761432,114.90389251708984,7794700,0.0,0.0
2018-04-02 00:00:00-04:00,114.5185791321463,116.26732811177294,112.24618612752933,113.91590118408203,6461300,0.0,0.0
2018-04-03 00:00:00-04:00,115.35836917517918,116.04008101824796,113.22429504607264,115.09160614013672,5193300,0.0,0.0
2018-04-04 00:00:00-04:00,112.6907735543898,118.24331143310386,112.63149623162964,118.04571533203125,6389300,0.0,0.0
2018-04-05 00:00:00-04:00,118.95466699700448,119.58698355272772,117.24543136062866,117.61099243164062,5052400,0.0,0.0
2018-04-06 00:00:00-04:00,116.68227469899826,117.55171562024677,113.57008716221851,114.70628356933594,5385500,0.0,0.0
2018-04-09 00:00:00-04:00,115.73378507915618,117.79869946557147,115.73378507915618,115.78318786621094,4104200,0.0,0.0
2018-04-10 00:00:00-04:00,117.49243059888859,118.67802979773846,116.26731821077087,118.05558776855469,3693000,0.0,0.0
2018-04-11 00:00:00-04:00,117.89752593744976,119.26095725800567,117.44304883059779,117.72956848144531,3059400,0.0,0.0
2018-04-12 00:00:00-04:00,118.55946977845407,120.26870545106235,117.9073890765247,119.94266510009766,4419900,0.0,0.0
2018-04-13 00:00:00-04:00,120.47617948995135,120.47617948995135,117.07747239400986,117.58135223388672,4933100,0.0,0.0
2018-04-16 00:00:00-04:00,119.49806914600205,119.52771534683795,117.23556577308108,117.9765625,4464700,0.0,0.0
2018-04-17 00:00:00-04:00,118.95467107745985,122.3731349296658,118.56935339865511,121.86925506591797,5524600,0.0,0.0
2018-04-18 00:00:00-04:00,122.04709851938193,123.2425723227521,120.76270872778657,122.96593475341797,4321800,0.0,0.0
2018-04-19 00:00:00-04:00,122.55097552127152,123.02520918961868,121.70129869952393,122.57073211669922,3657000,0.0,0.0
2018-04-20 00:00:00-04:00,122.52134408021385,122.88689765073254,120.58487348841616,121.34562683105469,2971000,0.0,0.0
2018-04-23 00:00:00-04:00,121.71117797042018,123.07460915786037,119.78458206581531,120.4267807006836,3932700,0.0,0.0
2018-04-24 00:00:00-04:00,121.85937518162292,122.04709676002575,115.5065706319409,116.46492004394531,5379300,0.0,0.0
2018-04-25 00:00:00-04:00,116.35624664735343,116.81073128846614,113.6590226915569,115.91165161132812,5080500,0.0,0.0
2018-04-26 00:00:00-04:00,117.27507354085836,120.60462139342177,116.74156255542498,119.37950897216797,4998800,0.0,0.0
2018-04-27 00:00:00-04:00,120.16991017979895,120.1797922470485,118.11488492260665,118.77684020996094,3801200,0.0,0.0
2018-04-30 00:00:00-04:00,119.41903537459625,120.2390660246871,118.34211621045436,119.53759002685547,2788300,0.0,0.0
2018-05-01 00:00:00-04:00,119.42891506009543,121.83962693089582,118.97443795192648,121.63214874267578,3873900,0.0,0.0
2018-05-02 00:00:00-04:00,120.8219903365646,122.48182334922099,120.27858970767372,121.34562683105469,3671000,0.0,0.0
2018-05-03 00:00:00-04:00,121.14802894067354,123.49945586676567,120.20942855340097,122.91654205322266,4435600,0.0,0.0
2018-05-04 00:00:00-04:00,122.88688930759257,124.32936197075905,121.5037015057947,123.61801147460938,6341200,0.0,0.0
2018-05-07 00:00:00-04:00,124.27997324655502,126.15716648199522,123.95393287421786,125.44580841064453,4342000,0.0,0.0
2018-05-08 00:00:00-04:00,125.07034057450562,127.41190004573991,124.98142460202708,127.20441436767578,4467800,0.0,0.0
2018-05-09 00:00:00-04:00,127.3328812195333,128.1825580616951,125.80148498270935,128.17266845703125,4605300,0.0,0.0
2018-05-10 00:00:00-04:00,128.39003141936914,129.42742986470586,127.50084136657605,129.05198669433594,3772400,0.0,0.0
2018-05-11 00:00:00-04:00,128.43943231653242,129.2792346350027,127.3427565606512,129.06187438964844,3233200,0.0,0.0
2018-05-14 00:00:00-04:00,129.21993514756065,129.42742085242725,125.63352144711465,126.15715789794922,4169800,0.0,0.0
2018-05-15 00:00:00-04:00,125.40628911597368,127.04635798786762,124.57636884396032,126.59188842773438,2933100,0.0,0.0
2018-05-16 00:00:00-04:00,127.16491243806854,127.42178585094678,126.38438752003594,127.22418975830078,2439900,0.0,0.0
2018-05-17 00:00:00-04:00,127.63914777648336,127.9059107966989,124.04284457018558,124.5368423461914,5557000,0.0,0.0
2018-05-18 00:00:00-04:00,124.54673074135246,126.18680715844344,124.35901669127978,125.43592834472656,3612300,0.0,0.0
2018-05-21 00:00:00-04:00,126.46344226899409,126.80924677419522,124.48745098354105,124.85301208496094,2887200,0.0,0.0
2018-05-22 00:00:00-04:00,125.13953715585659,125.52485487021468,123.7563416884591,123.9341812133789,2789800,0.0,0.0
2018-05-23 00:00:00-04:00,123.38089536901578,126.55236053466797,123.08450119355246,126.55236053466797,4303900,0.0,0.0
2018-05-24 00:00:00-04:00,127.26370904165242,127.82687376206154,125.86075711837385,127.1945571899414,5972400,0.0,0.0
2018-05-25 00:00:00-04:00,127.18467299479943,127.69843494262722,126.08800478230029,126.42391967773438,4031800,0.0,0.0
2018-05-29 00:00:00-04:00,125.2284510939745,126.00896857732212,124.60601653587597,125.35688781738281,8141900,0.0,0.0
2018-05-30 00:00:00-04:00,130.71181222597937,130.95881110959778,126.30534550895635,127.7478256225586,14170900,0.0,0.0
2018-05-31 00:00:00-04:00,127.81699427240378,129.41755750006615,126.8685268769762,127.77748107910156,6408300,0.0,0.0
2018-06-01 00:00:00-04:00,128.32086947329466,129.2989754393338,126.80923745703782,128.95318603515625,6132800,0.0,0.0
2018-06-04 00:00:00-04:00,128.824737442723,131.205810304603,128.0442276019073,131.05760192871094,4860700,0.0,0.0
2018-06-05 00:00:00-04:00,131.54173253016506,133.0138513896271,131.37377508858074,132.5099639892578,5123200,0.0,0.0
2018-06-06 00:00:00-04:00,132.7174499553647,134.0808886993258,132.50996424734683,133.9228057861328,4766900,0.0,0.0
2018-06-07 00:00:00-04:00,133.92280668407497,134.12040278908293,129.16066065261606,131.3144989013672,6564100,0.0,0.0
2018-06-08 00:00:00-04:00,130.11901402082984,132.0752410352776,129.24958816752866,131.9270477294922,3486600,0.0,0.0
2018-06-11 00:00:00-04:00,132.2728373067634,133.05334708865013,131.66026986876668,132.3716278076172,3443100,0.0,0.0
2018-06-12 00:00:00-04:00,133.33988542970107,135.8493874815438,133.03359414713466,134.624267578125,5319900,0.0,0.0
2018-06-13 00:00:00-04:00,134.7329449177116,135.83951015711077,133.97219921791785,134.86138916015625,5809300,0.0,0.0
2018-06-14 00:00:00-04:00,135.3553967119686,138.07238460217238,135.2467165933358,136.74847412109375,6494900,0.0,0.0
2018-06-15 00:00:00-04:00,136.41255923645286,137.2819851098989,135.15780060780435,136.74847412109375,7711100,0.0,0.0
2018-06-18 00:00:00-04:00,135.3652643788335,138.5070980555615,135.2664738695674,138.1217803955078,4202400,0.0,0.0
2018-06-19 00:00:00-04:00,136.42243769662488,138.03287538942533,135.58263538520478,137.84515380859375,4833700,0.0,0.0
2018-06-20 00:00:00-04:00,138.31939827613246,140.41394434011613,137.15357058410171,137.27212524414062,5341400,0.0,0.0
2018-06-21 00:00:00-04:00,137.40055543383767,138.37866143019446,135.47395195186462,136.22483825683594,3912800,0.0,0.0
2018-06-22 00:00:00-04:00,135.6122723548568,135.65180062170515,132.3420092893314,133.3892822265625,7466000,0.0,0.0
2018-06-25 00:00:00-04:00,132.62855455573384,133.27074576128442,130.08939824866604,131.59115600585938,6969800,0.0,0.0
2018-06-26 00:00:00-04:00,133.14226449004366,135.52333719768808,132.21356140910876,133.85362243652344,7043100,0.0,0.0
2018-06-27 00:00:00-04:00,135.0392609145256,135.7703832456967,131.50224915926864,131.6208038330078,6851600,0.0,0.0
2018-06-28 00:00:00-04:00,132.38153059022153,134.25871612508976,131.59113112662908,133.49795532226562,6333700,0.0,0.0
2018-06-29 00:00:00-04:00,134.6440338578441,136.05687534950783,134.2685907204369,134.76258850097656,5229500,0.0,0.0
2018-07-02 00:00:00-04:00,134.51559689459918,138.78374518587378,133.6758096675776,138.7442169189453,6399200,0.0,0.0
2018-07-03 00:00:00-04:00,138.91219565989363,139.0603889784692,136.05688880893766,136.18531799316406,3164700,0.0,0.0
2018-07-05 00:00:00-04:00,137.5882604278844,138.21070247374408,136.56075164761748,138.09214782714844,5576700,0.0,0.0
2018-07-06 00:00:00-04:00,138.50709428857346,140.02860075530825,137.3412517362623,139.7025604248047,5045800,0.0,0.0
2018-07-09 00:00:00-04:00,140.93755822840706,141.15491845399296,138.20082142777514,140.05824279785156,5183100,0.0,0.0
2018-07-10 00:00:00-04:00,140.59178166080915,141.78724793498705,139.81125666800622,140.73997497558594,3643700,0.0,0.0
2018-07-11 00:00:00-04:00,139.51486726826388,143.89168060142484,139.32714568952935,143.50636291503906,6168000,0.0,0.0
2018-07-12 00:00:00-04:00,144.0497688705765,146.9149502270293,144.0497688705765,146.38143920898438,4681000,0.0,0.0
2018-07-13 00:00:00-04:00,145.97636200533628,146.2233609258191,143.6644557277655,145.83804321289062,3941800,0.0,0.0
2018-07-16 00:00:00-04:00,146.06527247340918,146.90507480153093,145.05752777040365,145.1958465576172,3592100,0.0,0.0
2018-07-17 00:00:00-04:00,143.66442314536994,145.67005271877377,141.36239191948562,145.25509643554688,5133900,0.0,0.0
2018-07-18 00:00:00-04:00,145.255128484733,146.41108161640415,144.01024428476595,146.06527709960938,2908100,0.0,0.0
2018-07-19 00:00:00-04:00,145.23534970684173,146.22334528307874,144.85003203513392,145.3934326171875,3590600,0.0,0.0
2018-07-20 00:00:00-04:00,145.67008309968872,146.1443167971949,144.92908635175266,145.10691833496094,2462200,0.0,0.0
2018-07-23 00:00:00-04:00,145.10690065796462,145.8676614476756,143.0617577221225,145.7886199951172,2538100,0.0,0.0
2018-07-24 00:00:00-04:00,146.76676759583722,147.06316932771765,143.43721175951603,144.24737548828125,4052300,0.0,0.0
2018-07-25 00:00:00-04:00,144.3758026896682,147.55714974617135,144.24735843672588,147.08290100097656,4056900,0.0,0.0
2018-07-26 00:00:00-04:00,146.20358970169968,146.96435056107094,143.93119672832108,145.79852294921875,3414300,0.0,0.0
2018-07-27 00:00:00-04:00,146.47031515638483,146.4999538117502,140.67078709715452,142.1824188232422,5924400,0.0,0.0
2018-07-30 00:00:00-04:00,141.8168819511469,142.00460352745787,133.89316808462772,136.37303161621094,9522000,0.0,0.0
2018-07-31 00:00:00-04:00,137.0152178250121,138.11189350604403,133.7647190468921,135.5035858154297,7442900,0.0,0.0
2018-08-01 00:00:00-04:00,136.34341808419288,139.20859982527966,135.85929472319273,136.02725219726562,5098100,0.0,0.0
2018-08-02 00:00:00-04:00,135.40481052832035,139.6037921549609,135.10840881013985,139.44570922851562,3779200,0.0,0.0
2018-08-03 00:00:00-04:00,139.83101658357478,140.03850229362,136.75834965308786,139.34689331054688,3463500,0.0,0.0
2018-08-06 00:00:00-04:00,139.19871255110723,141.13519074220503,138.96158815762038,140.9968719482422,3247300,0.0,0.0
2018-08-07 00:00:00-04:00,141.80699043880261,142.87402736928962,141.01659103744768,142.70606994628906,3928300,0.0,0.0
2018-08-08 00:00:00-04:00,142.72586912380038,143.8916968434694,141.4414716656635,143.42733764648438,3026700,0.0,0.0
2018-08-09 00:00:00-04:00,143.55575713327988,145.08715325840402,143.34827143349267,144.06951904296875,3572600,0.0,0.0
2018-08-10 00:00:00-04:00,143.19017493484077,145.2353327755257,142.61715083396774,143.76321411132812,2748500,0.0,0.0
2018-08-13 00:00:00-04:00,143.88178487474235,145.41316579013727,142.48870764627236,142.7159423828125,2880400,0.0,0.0
2018-08-14 00:00:00-04:00,144.42518361671824,145.00811245415125,142.8345252388966,144.81051635742188,3474700,0.0,0.0
2018-08-15 00:00:00-04:00,144.32639775846704,146.10479283758883,141.87617291368605,143.2988739013672,4476900,0.0,0.0
2018-08-16 00:00:00-04:00,144.75122616221051,145.1464334372967,143.47671850464567,143.9805908203125,3704000,0.0,0.0
2018-08-17 00:00:00-04:00,143.75334739543675,144.25721968073537,142.22195133245853,143.27911376953125,2865600,0.0,0.0
2018-08-20 00:00:00-04:00,143.46684814576267,144.30663536294782,142.58753266211204,143.96084594726562,2882200,0.0,0.0
2018-08-21 00:00:00-04:00,144.6524303999702,147.0038495300197,143.61503206949354,143.78298950195312,4063700,0.0,0.0
2018-08-22 00:00:00-04:00,143.84227683204776,145.43295036264172,143.30876583743864,144.70184326171875,4245300,0.0,0.0
2018-08-23 00:00:00-04:00,145.06739381750648,146.55926172633812,144.31652259876765,146.05538940429688,6196300,0.0,0.0
2018-08-24 00:00:00-04:00,146.71735423222995,150.55078218384196,146.71735423222995,150.47174072265625,4882000,0.0,0.0
2018-08-27 00:00:00-04:00,152.85280183471968,153.02075927316852,148.39693214910395,149.85916137695312,5814800,0.0,0.0
2018-08-28 00:00:00-04:00,150.20496003559066,151.55850909484465,149.74060092791956,151.1534423828125,5266900,0.0,0.0
2018-08-29 00:00:00-04:00,151.4893567871502,153.10966885721007,151.21271924413622,152.94171142578125,9018600,0.0,0.0
2018-08-30 00:00:00-04:00,149.30588471336253,151.89444334082955,147.70533672488858,150.3136444091797,14441000,0.0,0.0
2018-08-31 00:00:00-04:00,150.31365695327432,152.0228851993843,150.0765325710534,150.84716796875,6210500,0.0,0.0
2018-09-04 00:00:00-04:00,150.28401785428954,151.49924827396256,149.69121443826427,151.37081909179688,5310900,0.0,0.0
2018-09-05 00:00:00-04:00,150.56064851297148,150.94596619300503,145.31439430189315,146.86553955078125,7287400,0.0,0.0
2018-09-06 00:00:00-04:00,146.96433928357408,147.36942108058753,145.3143885104391,147.0433807373047,4190300,0.0,0.0
2018-09-07 00:00:00-04:00,146.06527095080608,149.59242260140937,145.72935605330585,148.62417602539062,3866800,0.0,0.0
2018-09-10 00:00:00-04:00,148.1993480225893,149.76038296416797,146.22335671562143,149.50350952148438,3872300,0.0,0.0
2018-09-11 00:00:00-04:00,149.26636705241881,151.90431331853512,148.81188247360961,151.00523376464844,4151000,0.0,0.0
2018-09-12 00:00:00-04:00,151.00525496711833,153.9000901268715,149.98762063049028,153.5048828125,5180800,0.0,0.0
2018-09-13 00:00:00-04:00,153.9988606349114,156.87393128639468,153.9494729181988,156.2811279296875,6213500,0.0,0.0
2018-09-14 00:00:00-04:00,156.05389578507234,156.88380843784677,154.44347327267778,155.59942626953125,4615300,0.0,0.0
2018-09-17 00:00:00-04:00,155.11532027944506,156.52814685206332,152.76388575929153,153.06028747558594,3899600,0.0,0.0
2018-09-18 00:00:00-04:00,152.90219931912202,156.13294927252886,152.89232478997647,154.1273193359375,3749600,0.0,0.0
2018-09-19 00:00:00-04:00,154.4928755432988,155.44135800411274,150.56065706278565,151.0645294189453,5546000,0.0,0.0
2018-09-20 00:00:00-04:00,151.44982408542919,154.19646545449254,149.82951206285088,153.63330078125,4655600,0.0,0.0
2018-09-21 00:00:00-04:00,155.18445691864395,156.06377229077242,153.09978585767223,153.65306091308594,17991600,0.0,0.0
2018-09-24 00:00:00-04:00,153.51473812020456,157.0023608589032,151.48934442895342,156.87391662597656,5082100,0.0,0.0
2018-09-25 00:00:00-04:00,157.09130436285932,157.22962314732396,155.28327056017503,156.96286010742188,5699600,0.0,0.0
2018-09-26 00:00:00-04:00,157.1505690749853,158.0101203754819,155.46110513431162,156.42933654785156,4079700,0.0,0.0
2018-09-27 00:00:00-04:00,157.14071138420297,159.14634135067314,157.02214165460475,158.50413513183594,3930300,0.0,0.0
2018-09-28 00:00:00-04:00,158.0793134648284,158.9289903777266,157.03204042522282,157.12095642089844,4607700,0.0,0.0
2018-10-01 00:00:00-04:00,158.18797790669757,159.25501497583008,157.11106630867542,157.94097900390625,4297600,0.0,0.0
2018-10-02 00:00:00-04:00,157.35805785805925,157.6643340711094,154.8189020197243,155.37217712402344,4137000,0.0,0.0
2018-10-03 00:00:00-04:00,156.65658317551046,157.84217490499566,155.13507655320086,157.1901092529297,3561600,0.0,0.0
2018-10-04 00:00:00-04:00,156.30090057316482,156.93321715279822,151.9339618395066,153.04051208496094,6206400,0.0,0.0
2018-10-05 00:00:00-04:00,153.00099513123317,154.7201128565247,150.63968631334592,153.20848083496094,4963600,0.0,0.0
2018-10-08 00:00:00-04:00,152.38844639875052,152.7638744744137,143.85216503863975,146.86553955078125,10238700,0.0,0.0
2018-10-09 00:00:00-04:00,146.5395294604917,149.05890643500067,145.44285363046552,146.7173614501953,5593300,0.0,0.0
2018-10-10 00:00:00-04:00,145.74911400074888,145.81826585289105,135.88890713491568,136.15567016601562,13660600,0.0,0.0
2018-10-11 00:00:00-04:00,135.7901168782169,140.45345728886517,134.81199581274228,137.56851196289062,10499300,0.0,0.0
2018-10-12 00:00:00-04:00,144.02011297617517,146.96433544149465,141.5007213534836,144.9784698486328,9371700,0.0,0.0
2018-10-15 00:00:00-04:00,144.93895075542088,144.93895075542088,139.62354470632516,140.2459716796875,6040800,0.0,0.0
2018-10-16 00:00:00-04:00,143.72370685941803,146.13441829601783,142.28122679345398,145.67005920410156,5383100,0.0,0.0
2018-10-17 00:00:00-04:00,146.5691341286203,146.5691341286203,143.6742995597542,145.24520874023438,3377900,0.0,0.0
2018-10-18 00:00:00-04:00,144.33627566320618,145.8182690845357,139.73221248279444,141.1252899169922,5338200,0.0,0.0
2018-10-19 00:00:00-04:00,141.88605413879193,143.62492103399128,138.69483245006617,138.8035125732422,5141600,0.0,0.0
2018-10-22 00:00:00-04:00,139.99898368170992,142.07378062277803,137.52899450216097,141.23397827148438,4234900,0.0,0.0
2018-10-23 00:00:00-04:00,137.64757067916375,140.2657533018277,136.12604883097475,138.9714813232422,6462000,0.0,0.0
2018-10-24 00:00:00-04:00,139.53460386575725,139.80136687885386,131.40340491086616,131.6602783203125,7251500,0.0,0.0
2018-10-25 00:00:00-04:00,132.08510851540774,139.98907177987388,132.0653443860748,139.10975646972656,7792900,0.0,0.0
2018-10-26 00:00:00-04:00,134.12039270888422,137.53886386350112,131.0180873590109,133.89315795898438,7457000,0.0,0.0
2018-10-29 00:00:00-04:00,136.44220649920513,137.87479718922276,126.98708080897737,129.4175567626953,9212500,0.0,0.0
2018-10-30 00:00:00-04:00,128.87414589089704,131.3935376354816,126.49307292451316,130.5833740234375,10037900,0.0,0.0
2018-10-31 00:00:00-04:00,133.30038713882203,137.04489953990367,133.1521938039482,135.59254455566406,6666400,0.0,0.0
2018-11-01 00:00:00-04:00,136.7385894265495,138.12179235659823,134.77248776743693,137.914306640625,4668800,0.0,0.0
2018-11-02 00:00:00-04:00,138.45771016800322,138.8627920037632,134.46621436431926,135.14791870117188,4481400,0.0,0.0
2018-11-05 00:00:00-05:00,135.6913029145156,135.6913029145156,131.85789049703405,133.81411743164062,4629900,0.0,0.0
2018-11-06 00:00:00-05:00,133.7746011342419,136.3433957806457,131.3836535390466,132.34201049804688,4667100,0.0,0.0
2018-11-07 00:00:00-05:00,135.2072049849996,140.60165256233245,134.79223356309717,140.087890625,5804000,0.0,0.0
2018-11-08 00:00:00-05:00,141.5007466485253,141.9058285073622,138.9912291053281,140.1669464111328,3986700,0.0,0.0
2018-11-09 00:00:00-05:00,139.36665299435728,139.36665299435728,133.42880503300114,135.27635192871094,5252500,0.0,0.0
2018-11-12 00:00:00-05:00,134.11054415017065,135.0194984013964,128.5184847697423,128.93344116210938,7571200,0.0,0.0
2018-11-13 00:00:00-05:00,129.90164156202889,132.16415965484106,127.40201420227717,130.573486328125,6176300,0.0,0.0
2018-11-14 00:00:00-05:00,132.59888476020163,133.3201172652991,127.03646518408895,127.79722595214844,5729600,0.0,0.0
2018-11-15 00:00:00-05:00,127.64903720374434,131.35402095622698,124.78385579873812,130.89955139160156,6468700,0.0,0.0
2018-11-16 00:00:00-05:00,130.26723781890294,131.86778601326893,128.51848122559556,130.95883178710938,5126900,0.0,0.0
2018-11-19 00:00:00-05:00,130.02021922834825,130.67228482795298,118.97442124043562,119.55734252929688,14284700,0.0,0.0
2018-11-20 00:00:00-05:00,112.95753939618736,123.44017337452271,112.23629928747096,119.22142791748047,13829500,0.0,0.0
2018-11-21 00:00:00-05:00,122.70904691997231,124.24044307035638,120.15014200887782,122.10636901855469,7311300,0.0,0.0
2018-11-23 00:00:00-05:00,119.87351530565634,122.22494226419444,119.26095528249373,120.56510925292969,3009600,0.0,0.0
2018-11-26 00:00:00-05:00,122.98570046378184,125.4260433604405,122.17554434128503,124.89253234863281,9321200,0.0,0.0
2018-11-27 00:00:00-05:00,123.64766305388822,126.07813156528374,122.23482890490287,126.00897216796875,10558800,0.0,0.0
2018-11-28 00:00:00-05:00,136.81763173627664,139.19870484213018,130.38578555977986,138.9517059326172,25705400,0.0,0.0
2018-11-29 00:00:00-05:00,138.1711688412614,141.16479382983064,137.598129674802,138.042724609375,7763000,0.0,0.0
2018-11-30 00:00:00-05:00,137.22271116158123,141.5007340084603,136.62003322990506,141.04624938964844,9401400,0.0,0.0
2018-12-03 00:00:00-05:00,144.54375518909055,145.30451600065234,140.84864632283504,142.4195556640625,7358900,0.0,0.0
2018-12-04 00:00:00-05:00,141.01660693823564,143.45695726194583,137.13379148934635,137.56851196289062,6978400,0.0,0.0
2018-12-06 00:00:00-05:00,133.18181702158788,140.3546600341797,131.15642291808717,140.3546600341797,9186600,0.0,0.0
2018-12-07 00:00:00-05:00,140.19656372206293,140.66092284061105,133.12252698061246,134.3179931640625,6225300,0.0,0.0
2018-12-10 00:00:00-05:00,133.537490521123,137.81551332967823,131.58124835513797,135.62216186523438,5897000,0.0,0.0
2018-12-11 00:00:00-05:00,138.90230519660005,139.01098532142305,133.9623269330412,135.14791870117188,4548700,0.0,0.0
2018-12-12 00:00:00-05:00,140.08789956215188,142.30101529248267,137.87479890743865,138.40830993652344,6794300,0.0,0.0
2018-12-13 00:00:00-05:00,139.8013882752087,141.9058238911109,137.90443838471816,139.44570922851562,5122800,0.0,0.0
2018-12-14 00:00:00-05:00,137.2128361124661,139.020869900641,134.74284706997855,135.39491271972656,5354400,0.0,0.0
2018-12-17 00:00:00-05:00,132.6976807642208,133.87339788840194,128.4097836677142,129.25946044921875,8392400,0.0,0.0
2018-12-18 00:00:00-05:00,130.5537508355589,132.07525757609824,128.56788491124848,130.73159790039062,6668400,0.0,0.0
2018-12-19 00:00:00-05:00,130.3956588299661,134.86140329201734,127.9454338924267,129.58551025390625,7350700,0.0,0.0
2018-12-20 00:00:00-05:00,127.69843583976827,130.74146420502402,121.1677840885744,126.19668579101562,12265100,0.0,0.0
2018-12-21 00:00:00-05:00,127.0265983700345,127.83674690257124,120.98993726329108,121.43453979492188,12568600,0.0,0.0
2018-12-24 00:00:00-05:00,119.68579068521677,123.34137152155857,118.71755918356902,119.8735122680664,4721500,0.0,0.0
2018-12-26 00:00:00-05:00,121.04921029125661,129.32861020606677,120.65401810534908,129.2693328857422,8110900,0.0,0.0
2018-12-27 00:00:00-05:00,127.2538448724432,133.57701110839844,126.30536239924118,133.57701110839844,7967700,0.0,0.0
2018-12-28 00:00:00-05:00,134.36739377421432,135.23683467577388,131.01808948830816,133.063232421875,7276200,0.0,0.0
2018-12-31 00:00:00-05:00,134.367402940088,136.3137554975489,132.87553499643107,135.3257598876953,5467700,0.0,0.0
2019-01-02 00:00:00-05:00,131.79860621359464,135.1874389404442,131.45281680105333,133.9228057861328,4783900,0.0,0.0
2019-01-03 00:00:00-05:00,131.87763800092878,133.16203519412144,128.53822338936618,128.83460998535156,6365700,0.0,0.0
2019-01-04 00:00:00-05:00,131.89741180158222,137.64755339507064,130.63277864728676,136.3038787841797,6650600,0.0,0.0
2019-01-07 00:00:00-05:00,139.32713420626973,141.66867879396244,137.12389331447895,140.51272583007812,9064800,0.0,0.0
2019-01-08 00:00:00-05:00,142.99261247892855,144.70185588288751,141.17470402129305,143.97073364257812,9057300,0.0,0.0
2019-01-09 00:00:00-05:00,145.12667783183062,145.7293557705845,142.7950075364766,144.23748779296875,5445900,0.0,0.0
2019-01-10 00:00:00-05:00,142.04413694773814,145.44284435099902,142.03424734297357,145.27487182617188,5116900,0.0,0.0
2019-01-11 00:00:00-05:00,144.80062652921663,146.25298120513307,143.86203376449365,145.77874755859375,5185200,0.0,0.0
2019-01-14 00:00:00-05:00,144.00035124989904,144.96858266663335,142.9629529084473,144.2967529296875,5815500,0.0,0.0
2019-01-15 00:00:00-05:00,144.59317424737336,148.06103366772263,144.04977360656193,147.39907836914062,5350400,0.0,0.0
2019-01-16 00:00:00-05:00,147.35952908001943,147.99184562396476,146.025744143499,146.75685119628906,3936800,0.0,0.0
2019-01-17 00:00:00-05:00,146.75686659636477,148.91070494356643,145.91707934279071,148.02151489257812,3743200,0.0,0.0
2019-01-18 00:00:00-05:00,150.0073694662629,151.43008550166618,148.43646012534515,150.67919921875,6151200,0.0,0.0
2019-01-22 00:00:00-05:00,148.53525480858124,149.56277867439192,145.6305453339937,147.1619415283203,5203300,0.0,0.0
2019-01-23 00:00:00-05:00,147.93256741107282,148.98972987108095,145.87753488674437,147.95233154296875,3335400,0.0,0.0
2019-01-24 00:00:00-05:00,148.14994678889244,148.69334741916904,144.76112889796124,145.10691833496094,6734700,0.0,0.0
2019-01-25 00:00:00-05:00,146.74696272200774,148.09063713464758,145.7787314038981,147.94244384765625,4600800,0.0,0.0
2019-01-28 00:00:00-05:00,146.39131409756862,146.42095276110956,144.34617093515678,145.5614013671875,4054700,0.0,0.0
2019-01-29 00:00:00-05:00,145.30453644934337,146.22336522425314,142.90369903235347,143.4372100830078,3915100,0.0,0.0
2019-01-30 00:00:00-05:00,145.42307796131175,147.89306701541213,144.32640221826654,147.3694305419922,4653400,0.0,0.0
2019-01-31 00:00:00-05:00,147.23110694454058,151.53876831708533,146.92483072394396,150.14569091796875,8615900,0.0,0.0
2019-02-01 00:00:00-05:00,150.5705248781266,154.07791230745417,149.25650398385469,153.99887084960938,5959200,0.0,0.0
2019-02-04 00:00:00-05:00,154.14708582202604,156.99250304791985,153.5444078713759,155.82667541503906,5264700,0.0,0.0
2019-02-05 00:00:00-05:00,156.4392147333982,157.96073635157603,155.9254678921059,157.0814208984375,4575600,0.0,0.0
2019-02-06 00:00:00-05:00,157.09130184398498,157.1901074351398,153.21836086545886,156.23175048828125,4205100,0.0,0.0
2019-02-07 00:00:00-05:00,154.08780930844978,155.17459548584608,151.51901456984518,153.07015991210938,4545500,0.0,0.0
2019-02-08 00:00:00-05:00,151.07441791954986,154.81891478639153,150.87682180537973,154.78927612304688,3018700,0.0,0.0
2019-02-11 00:00:00-05:00,156.3009077793126,159.5612964178345,155.67848077535618,157.99038696289062,7125500,0.0,0.0
2019-02-12 00:00:00-05:00,159.31429355103128,161.42860357249782,158.10893768989817,160.83580017089844,5631700,0.0,0.0
2019-02-13 00:00:00-05:00,161.4779868058954,161.60643104499178,158.34604288241695,158.47447204589844,5296000,0.0,0.0
2019-02-14 00:00:00-05:00,157.55564880371094,158.51400567646695,154.82878656071523,157.55564880371094,5061100,0.0,0.0
2019-02-15 00:00:00-05:00,159.05739970194728,159.28463444396033,156.19220372946052,157.14068603515625,5282000,0.0,0.0
2019-02-19 00:00:00-05:00,157.74338349929076,159.54152767915886,157.2296215583499,158.68197631835938,3883200,0.0,0.0
2019-02-20 00:00:00-05:00,158.40529994497766,159.55137819568043,155.32275920574824,156.63677978515625,7047200,0.0,0.0
2019-02-21 00:00:00-05:00,155.8068906633433,158.55351700596964,155.41169848514687,157.71372985839844,4463000,0.0,0.0
2019-02-22 00:00:00-05:00,158.54366817850357,159.76878825049346,158.2769051233893,159.3735809326172,4175000,0.0,0.0
2019-02-25 00:00:00-05:00,160.55916256404484,161.10256316944077,158.9981276774605,159.4229736328125,5076700,0.0,0.0
2019-02-26 00:00:00-05:00,158.87956126891305,161.41871705728988,157.95084304399103,161.04327392578125,4496300,0.0,0.0
2019-02-27 00:00:00-05:00,160.34179657361906,161.56691652408043,158.57329111285893,161.16183471679688,4278300,0.0,0.0
2019-02-28 00:00:00-05:00,161.04329468270575,162.62409378959285,160.22325646512462,161.68548583984375,6908100,0.0,0.0
2019-03-01 00:00:00-05:00,163.16746883536604,164.15546444460378,159.80828979420434,162.55491638183594,6919900,0.0,0.0
2019-03-04 00:00:00-05:00,163.57256788037694,163.79980267326079,153.55429195062982,156.59732055664062,17886300,0.0,0.0
2019-03-05 00:00:00-05:00,158.00026224758827,158.94874470311095,152.94172935311323,155.08567810058594,16042900,0.0,0.0
2019-03-06 00:00:00-05:00,155.24373632088265,158.32627742852364,154.40393412330914,154.90780639648438,7436300,0.0,0.0
2019-03-07 00:00:00-05:00,154.216224880052,155.69821823483002,152.9515917566907,153.73211669921875,6916500,0.0,0.0
2019-03-08 00:00:00-05:00,150.19509319174256,153.54439762496466,148.4463367835031,153.19859313964844,4800700,0.0,0.0
2019-03-11 00:00:00-04:00,154.02849985694613,155.87606178257292,151.5881496480658,155.7574920654297,5699500,0.0,0.0
2019-03-12 00:00:00-04:00,156.10332151487347,157.45687080760845,155.27340874015792,156.3799591064453,4082100,0.0,0.0
2019-03-13 00:00:00-04:00,156.94311889869317,160.05529924260796,156.70599450962996,157.89158630371094,5230600,0.0,0.0
2019-03-14 00:00:00-04:00,159.01787899997157,159.65019554195882,157.82241284002822,158.74124145507812,3247200,0.0,0.0
2019-03-15 00:00:00-04:00,158.71163080447886,160.23313756990927,157.27904003510997,159.57118225097656,6743700,0.0,0.0
2019-03-18 00:00:00-04:00,159.46248927881788,161.36932869153708,158.94874240364183,160.00588989257812,3575500,0.0,0.0
2019-03-19 00:00:00-04:00,160.56905008001175,162.6438318068764,159.66009593172583,161.9621124267578,4379000,0.0,0.0
2019-03-20 00:00:00-04:00,161.8731900042362,162.9698656861234,159.57115852511737,161.54714965820312,4391000,0.0,0.0
2019-03-21 00:00:00-04:00,161.21122475447228,164.9853748201647,160.7962684514134,164.9458465576172,4277800,0.0,0.0
2019-03-22 00:00:00-04:00,163.96776170731485,164.49139818618502,159.4131012411223,159.56129455566406,5614300,0.0,0.0
2019-03-25 00:00:00-04:00,158.30653950671388,159.66010380486148,157.30866932284476,158.94874572753906,3795400,0.0,0.0
2019-03-26 00:00:00-04:00,159.4921104233318,160.1244420321559,155.50061513412905,157.48648071289062,6910300,0.0,0.0
2019-03-27 00:00:00-04:00,157.09130130954884,157.38770300638828,150.54088561942507,153.25787353515625,8218700,0.0,0.0
2019-03-28 00:00:00-04:00,153.8210566570081,154.60156664557095,151.66721813971174,153.31716918945312,4424800,0.0,0.0
2019-03-29 00:00:00-04:00,154.98687854033986,156.59731633377447,153.5641623394673,156.4688720703125,4913100,0.0,0.0
2019-04-01 00:00:00-04:00,158.17809524881986,159.73911496769543,156.60717085033036,159.2451171875,4601100,0.0,0.0
2019-04-02 00:00:00-04:00,158.92898016541085,159.05742442354537,157.00239167147888,158.5831756591797,3158400,0.0,0.0
2019-04-03 00:00:00-04:00,159.837933957513,161.18160863534573,158.72149405645297,160.6678466796875,3819100,0.0,0.0
2019-04-04 00:00:00-04:00,160.7567693713324,160.84568535644442,153.95935487570833,156.6170654296875,6295200,0.0,0.0
2019-04-05 00:00:00-04:00,157.71373289882953,158.3164107813475,156.1230594761585,156.6565704345703,4315300,0.0,0.0
2019-04-08 00:00:00-04:00,156.4984905452643,156.8838082103233,154.57190221996925,156.56765747070312,2848400,0.0,0.0
2019-04-09 00:00:00-04:00,155.15482995663749,156.4491169192694,154.76951225687264,155.08567810058594,5642900,0.0,0.0
2019-04-10 00:00:00-04:00,156.30090202796154,158.45474029075828,155.7575014289337,158.31642150878906,3414700,0.0,0.0
2019-04-11 00:00:00-04:00,158.2373722217241,158.89932743665366,157.1110578883846,158.80052185058594,2578400,0.0,0.0
2019-04-12 00:00:00-04:00,160.05530002921492,160.54929786881127,157.58531083123322,158.78079223632812,2844200,0.0,0.0
2019-04-15 00:00:00-04:00,159.067261818866,160.08489589029165,157.57539416940065,158.16818237304688,2608400,0.0,0.0
2019-04-16 00:00:00-04:00,158.1188192794191,158.336179531337,155.85631584433247,156.7850341796875,3004800,0.0,0.0
2019-04-17 00:00:00-04:00,157.1407209679823,157.1407209679823,153.20850225641487,153.47525024414062,4765500,0.0,0.0
2019-04-18 00:00:00-04:00,153.04050503107928,154.33479186819454,151.33127694666038,154.117431640625,4391500,0.0,0.0
2019-04-22 00:00:00-04:00,153.5839088181758,157.22961489489236,153.41595137982827,156.8541717529297,2943300,0.0,0.0
2019-04-23 00:00:00-04:00,157.84215529989314,159.462467313246,156.508370423244,159.2945098876953,3418400,0.0,0.0
2019-04-24 00:00:00-04:00,159.936734076509,160.5394120012776,157.48649411071258,157.6445770263672,3384900,0.0,0.0
2019-04-25 00:00:00-04:00,160.05527538330352,161.92258632641744,159.06727985624607,161.13218688964844,5498400,0.0,0.0
2019-04-26 00:00:00-04:00,160.4702452746227,164.06654869440715,159.34393088149287,163.96775817871094,3342900,0.0,0.0
2019-04-29 00:00:00-04:00,164.70875432371386,165.54854154453596,163.3453155614636,163.3749542236328,4509700,0.0,0.0
2019-04-30 00:00:00-04:00,163.20699886977116,164.44199339469452,161.65583851017138,163.36508178710938,3581800,0.0,0.0
2019-05-01 00:00:00-04:00,164.01713946267876,164.22462516604725,160.19360142365127,160.20347595214844,2707700,0.0,0.0
2019-05-02 00:00:00-04:00,159.74901032115423,160.7468804458412,157.71374180559712,159.8873291015625,3181100,0.0,0.0
2019-05-03 00:00:00-04:00,160.62834013307352,161.5372943533885,158.92898635034013,161.37921142578125,3131000,0.0,0.0
2019-05-06 00:00:00-04:00,156.71585811525583,160.88520077638327,155.96498688232154,160.54928588867188,2520600,0.0,0.0
2019-05-07 00:00:00-04:00,159.39335422740277,159.7292691601886,152.89234046201165,155.0165252685547,6541900,0.0,0.0
2019-05-08 00:00:00-04:00,155.22398864502125,156.0341371941829,153.1788305256057,154.97698974609375,4061300,0.0,0.0
2019-05-09 00:00:00-04:00,152.79353249089866,155.21413407209687,150.56066758473753,154.43360900878906,5809300,0.0,0.0
2019-05-10 00:00:00-04:00,154.40393708792013,158.68195945504928,152.52675164927354,158.02000427246094,4462200,0.0,0.0
2019-05-13 00:00:00-04:00,153.06027990913248,155.01650701898254,150.94596988165776,151.3115234375,5694600,0.0,0.0
2019-05-14 00:00:00-04:00,153.18871919084827,156.68621694494936,151.0842837606898,156.17247009277344,4954000,0.0,0.0
2019-05-15 00:00:00-04:00,151.97348826151008,154.50275454935004,149.87892736795445,153.19859313964844,7783800,0.0,0.0
2019-05-16 00:00:00-04:00,154.878206548443,157.53591749725118,154.02852961026213,156.5775604248047,5048100,0.0,0.0
2019-05-17 00:00:00-04:00,154.30513588259024,155.27338236423603,151.33127474054658,152.7144775390625,5314000,0.0,0.0
2019-05-20 00:00:00-04:00,150.63967002536143,154.21620879089335,149.878909294772,154.10752868652344,5437600,0.0,0.0
2019-05-21 00:00:00-04:00,155.47099278869882,155.9452264694651,153.31715447807167,153.9099578857422,3803100,0.0,0.0
2019-05-22 00:00:00-04:00,153.99886326480996,156.29102020256508,153.96922460403002,155.74761962890625,3170100,0.0,0.0
2019-05-23 00:00:00-04:00,154.1569490335835,154.46322525107078,150.32352136166617,151.86480712890625,4508200,0.0,0.0
2019-05-24 00:00:00-04:00,153.0306403016909,155.0461447243019,152.30940772345468,152.6551971435547,3151700,0.0,0.0
2019-05-28 00:00:00-04:00,153.48512454223797,155.91558530838637,152.53664212028616,153.32704162597656,4934100,0.0,0.0
2019-05-29 00:00:00-04:00,151.9142083888433,152.21061010418023,149.384941892454,151.05465698242188,4359500,0.0,0.0
2019-05-30 00:00:00-04:00,152.46750175024934,153.99888300557046,152.0525302949041,153.79141235351562,4418100,0.0,0.0
2019-05-31 00:00:00-04:00,150.82741702721805,152.62556124085484,149.4442140949574,149.59242248535156,5326900,0.0,0.0
2019-06-03 00:00:00-04:00,148.89093594614752,148.89093594614752,141.66869042323034,143.35816955566406,8835200,0.0,0.0
2019-06-04 00:00:00-04:00,144.2967499820833,149.10828338266623,140.79923736813282,148.99960327148438,12375100,0.0,0.0
2019-06-05 00:00:00-04:00,155.26351727359457,156.5973174906708,152.69473751470196,156.5380401611328,12072400,0.0,0.0
2019-06-06 00:00:00-04:00,156.5973241326598,158.07931773643892,155.44137093078632,157.39759826660156,5601200,0.0,0.0
2019-06-07 00:00:00-04:00,157.9212039446177,161.03339894983887,157.58528907821002,159.33404541015625,7175300,0.0,0.0
2019-06-10 00:00:00-04:00,151.63754511273507,155.55988845362666,149.01936306808622,150.95582580566406,29856300,0.0,0.0
2019-06-11 00:00:00-04:00,153.44556355739647,153.84077076378313,147.00382931162162,148.34750366210938,15214300,0.0,0.0
2019-06-12 00:00:00-04:00,149.2960013135145,150.49148250743423,148.34751899576193,149.46395874023438,7161300,0.0,0.0
2019-06-13 00:00:00-04:00,150.33341804400558,150.41245950314578,148.44634278052771,149.52325439453125,5173800,0.0,0.0
2019-06-14 00:00:00-04:00,149.2268628736122,150.1555812373561,147.68559200425753,148.209228515625,6248200,0.0,0.0
2019-06-17 00:00:00-04:00,148.3969543645353,149.463991552904,148.07091396734336,148.48587036132812,4491800,0.0,0.0
2019-06-18 00:00:00-04:00,150.05677987464287,151.1139273507289,148.69334109225736,148.78225708007812,7317800,0.0,0.0
2019-06-19 00:00:00-04:00,149.86904109452465,152.6156674020699,148.70319855518989,152.2896270751953,8095300,0.0,0.0
2019-06-20 00:00:00-04:00,154.4138323344733,156.3898236194915,153.5542809496879,155.3129119873047,10153600,0.0,0.0
2019-06-21 00:00:00-04:00,154.78927216772414,155.89582243929505,154.06803958540502,154.9572296142578,9706900,0.0,0.0
2019-06-24 00:00:00-04:00,155.50062776184043,155.83654264959534,150.67920438233122,150.72860717773438,6378200,0.0,0.0
2019-06-25 00:00:00-04:00,150.99538209051676,151.1337008831565,146.80627496602736,147.54727172851562,7362500,0.0,0.0
2019-06-26 00:00:00-04:00,149.46398550496167,149.5627911033678,147.13231509338337,147.25086975097656,5844900,0.0,0.0
2019-06-27 00:00:00-04:00,148.0906582528244,148.95020959117699,146.68770632532284,148.8810577392578,6832800,0.0,0.0
2019-06-28 00:00:00-04:00,148.61429750194236,149.948097602591,147.8041489429447,149.9085693359375,6936600,0.0,0.0
2019-07-01 00:00:00-04:00,152.71448921792998,152.8824466631542,150.02713994310895,152.21060180664062,6476400,0.0,0.0
2019-07-02 00:00:00-04:00,152.43782437513994,152.506991298846,150.74836045359592,152.26986694335938,4736300,0.0,0.0
2019-07-03 00:00:00-04:00,152.6848457833717,153.88032718967403,152.30941767631936,153.7222442626953,3885400,0.0,0.0
2019-07-05 00:00:00-04:00,152.10190797099764,152.95158472503275,150.73848439870156,152.72434997558594,3940900,0.0,0.0
2019-07-08 00:00:00-04:00,151.67706935716012,151.8450267786304,150.2148252015109,150.9755859375,4717400,0.0,0.0
2019-07-09 00:00:00-04:00,150.25438165252555,152.33905309635563,149.85917434349534,152.1019287109375,4979100,0.0,0.0
2019-07-10 00:00:00-04:00,152.7145142012746,154.52253320325477,152.7145142012746,154.39410400390625,4966300,0.0,0.0
2019-07-11 00:00:00-04:00,154.937505240363,157.38773055018112,154.73989402414256,156.99252319335938,7083200,0.0,0.0
2019-07-12 00:00:00-04:00,157.48648885084881,157.70384908371017,155.510497698012,156.18234252929688,4348000,0.0,0.0
2019-07-15 00:00:00-04:00,156.8541745177299,157.9212115645246,155.589541367962,157.73348999023438,3603700,0.0,0.0
2019-07-16 00:00:00-04:00,158.0397886150631,159.6699753847035,154.91771878622197,155.24375915527344,6913100,0.0,0.0
2019-07-17 00:00:00-04:00,155.7871486090279,158.00026431715787,155.76739955025002,156.34043884277344,4160500,0.0,0.0
2019-07-18 00:00:00-04:00,155.1153255599598,156.6763605816756,154.33481558691093,156.08355712890625,3724000,0.0,0.0
2019-07-19 00:00:00-04:00,157.81252388907018,158.81040903606393,154.41381680847337,154.86830139160156,5218800,0.0,0.0
2019-07-22 00:00:00-04:00,155.75749723026752,157.14070008829003,155.26349944003437,155.80690002441406,2909500,0.0,0.0
2019-07-23 00:00:00-04:00,156.08355695851444,156.54791614503264,153.41597157520056,154.37432861328125,4865800,0.0,0.0
2019-07-24 00:00:00-04:00,154.1075431684714,158.32628842922443,153.83090561782686,157.83229064941406,4110500,0.0,0.0
2019-07-25 00:00:00-04:00,158.19786435373905,159.1957496445883,156.76527362474562,157.43711853027344,6934500,0.0,0.0
2019-07-26 00:00:00-04:00,157.64457029888757,158.88945436202133,156.82453216899316,158.04965209960938,4979100,0.0,0.0
2019-07-29 00:00:00-04:00,158.4744974925786,159.26489703400043,153.65308893357823,154.33480834960938,8880500,0.0,0.0
2019-07-30 00:00:00-04:00,153.4752424409946,156.32067477034428,152.76388435865718,155.0758056640625,4241600,0.0,0.0
2019-07-31 00:00:00-04:00,155.50063147231288,155.99462928689871,150.47173733797683,152.64532470703125,7454200,0.0,0.0
2019-08-01 00:00:00-04:00,152.87254393492324,155.88593331258812,148.60441109024964,148.99960327148438,26124700,0.0,0.0
2019-08-02 00:00:00-04:00,148.00173062007434,148.10052112584341,143.56562534674987,143.95094299316406,13138900,0.0,0.0
2019-08-05 00:00:00-04:00,139.64327043575867,142.02434303982585,138.12176410707167,141.1055145263672,13070100,0.0,0.0
2019-08-06 00:00:00-04:00,142.06386024939872,143.2198282016109,140.25584182809393,141.08575439453125,6694000,0.0,0.0
2019-08-07 00:00:00-04:00,139.23822893321716,141.38219290215136,137.390681769641,139.93971252441406,7635500,0.0,0.0
2019-08-08 00:00:00-04:00,141.797134677765,143.21985077337465,140.61154295662922,142.09353637695312,8670300,0.0,0.0
2019-08-09 00:00:00-04:00,141.88605015487155,142.7357269824947,139.98910039274892,141.64892578125,5286700,0.0,0.0
2019-08-12 00:00:00-04:00,139.8507999919057,140.26575639357145,138.36880638211994,139.03076171875,4389500,0.0,0.0
2019-08-13 00:00:00-04:00,139.2382175890359,143.25936705934257,138.74421977158988,142.15281677246094,5205800,0.0,0.0
2019-08-14 00:00:00-04:00,139.59386961677214,140.6510319778991,136.21492700815776,138.042724609375,8607800,0.0,0.0
2019-08-15 00:00:00-04:00,139.4061635037776,141.57975047052417,138.07236362102122,140.42379760742188,6647700,0.0,0.0
2019-08-16 00:00:00-04:00,141.34265103502074,143.595279843367,140.8091400333037,142.16268920898438,5341100,0.0,0.0
2019-08-19 00:00:00-04:00,143.8521825929297,144.3856936474588,141.16483303351143,141.94534301757812,4632100,0.0,0.0
2019-08-20 00:00:00-04:00,142.42943836669164,144.74134427484526,141.3426372599791,143.79286193847656,6259200,0.0,0.0
2019-08-21 00:00:00-04:00,145.13657575056408,146.60869490721802,144.4054685132028,145.61082458496094,6142400,0.0,0.0
2019-08-22 00:00:00-04:00,147.69547429168688,148.10054104837553,143.72372758048033,146.46047973632812,11744500,0.0,0.0
2019-08-23 00:00:00-04:00,155.80690644651332,156.51826449981934,148.84153430200163,149.75050354003906,26531900,0.0,0.0
2019-08-26 00:00:00-04:00,151.66721114598252,153.34681585955752,149.70110939459488,153.27764892578125,8975400,0.0,0.0
2019-08-27 00:00:00-04:00,152.40819048262412,154.02850260676237,150.6989623757528,151.7264862060547,6516500,0.0,0.0
2019-08-28 00:00:00-04:00,150.6693252214424,150.94596277645542,149.05888760963245,150.0073699951172,5326800,0.0,0.0
2019-08-29 00:00:00-04:00,151.55850849775004,154.12730290982665,150.82740145285368,154.05813598632812,5979900,0.0,0.0
2019-08-30 00:00:00-04:00,154.5422768568579,156.32067203154327,151.85492749858162,154.1964874267578,7591000,0.0,0.0
2019-09-03 00:00:00-04:00,152.3588049813695,153.4554806778796,149.9382037505709,150.8965606689453,4953800,0.0,0.0
2019-09-04 00:00:00-04:00,152.24022899580604,153.06026710230074,150.49148774611072,150.6298065185547,3604500,0.0,0.0
2019-09-05 00:00:00-04:00,152.7836235264817,152.8824291067338,150.12591321921795,151.924072265625,5065400,0.0,0.0
2019-09-06 00:00:00-04:00,152.1216814100466,152.20072286591093,148.96009855355334,149.25650024414062,4722300,0.0,0.0
2019-09-09 00:00:00-04:00,149.83941874549217,150.32352694895295,146.31226715996354,147.74485778808594,6265500,0.0,0.0
2019-09-10 00:00:00-04:00,146.9841050344104,149.83941162605038,145.96647080429892,147.85353088378906,6249700,0.0,0.0
2019-09-11 00:00:00-04:00,148.2882669418055,152.79352479856794,147.2508684700363,152.24024963378906,6242400,0.0,0.0
2019-09-12 00:00:00-04:00,153.17881552822985,154.9176972548241,152.55638861529204,152.89230346679688,4993500,0.0,0.0
2019-09-13 00:00:00-04:00,152.46748017907447,153.05039393415274,150.90644540441227,151.1435546875,3763500,0.0,0.0
2019-09-16 00:00:00-04:00,149.8295278850834,152.25012918456483,149.5430157921071,151.17320251464844,2592300,0.0,0.0
2019-09-17 00:00:00-04:00,151.1633055795524,151.60790052201645,149.90854712252397,150.9854736328125,3028500,0.0,0.0
2019-09-18 00:00:00-04:00,150.521124620209,151.0743997034199,148.76249378759638,150.9360809326172,2951200,0.0,0.0
2019-09-19 00:00:00-04:00,151.67710782496917,152.39834048257904,150.9361110316989,151.7561492919922,2947000,0.0,0.0
2019-09-20 00:00:00-04:00,152.83304173386117,154.99675450936184,151.77587920585742,153.3369140625,11733000,0.0,0.0
2019-09-23 00:00:00-04:00,152.2995202516741,153.33691867773499,151.1238181161298,152.79351806640625,3642200,0.0,0.0
2019-09-24 00:00:00-04:00,152.42797285732138,154.3940896948763,149.27626421458893,150.22474670410156,4120800,0.0,0.0
2019-09-25 00:00:00-04:00,150.2247241674703,151.37080260664217,147.11252918569923,151.1534423828125,3445000,0.0,0.0
2019-09-26 00:00:00-04:00,150.59028718442488,151.55851864894726,150.0172479287151,150.51124572753906,3837300,0.0,0.0
2019-09-27 00:00:00-04:00,151.28188390643624,151.3115225688686,144.98835665635107,146.480224609375,5858200,0.0,0.0
2019-09-30 00:00:00-04:00,146.1739425361648,147.18170224542322,145.64043155809625,146.65806579589844,3671200,0.0,0.0
2019-10-01 00:00:00-04:00,147.69547897142294,148.35743426499525,145.48236323087522,145.91708374023438,3172900,0.0,0.0
2019-10-02 00:00:00-04:00,144.30664745741532,144.7413679712709,141.48097919297194,142.48873901367188,4432400,0.0,0.0
2019-10-03 00:00:00-04:00,142.27136479591837,145.29462888573303,140.37441507438007,145.2353515625,3660900,0.0,0.0
2019-10-04 00:00:00-04:00,146.49997434360426,147.13229087270656,144.4548314587012,146.2529754638672,3259000,0.0,0.0
2019-10-07 00:00:00-04:00,145.51197553414235,147.53736931730845,145.23533800114174,147.01373291015625,2704700,0.0,0.0
2019-10-08 00:00:00-04:00,145.76885447609155,146.55925391853938,144.05962642317417,144.15843200683594,2613200,0.0,0.0
2019-10-09 00:00:00-04:00,145.50211976480946,146.0751590357923,144.85003903483417,145.28475952148438,2273000,0.0,0.0
2019-10-10 00:00:00-04:00,145.07728146596637,145.78863955883517,143.7632454076286,144.65245056152344,2687400,0.0,0.0
2019-10-11 00:00:00-04:00,146.3616738777658,148.90082991530159,146.3122710805171,147.576904296875,4663900,0.0,0.0
2019-10-14 00:00:00-04:00,147.6065429601008,148.47598394970328,147.01375461996764,147.576904296875,1556900,0.0,0.0
2019-10-15 00:00:00-04:00,147.86342020814925,151.13368312354572,147.82389194311557,150.9064483642578,3942600,0.0,0.0
2019-10-16 00:00:00-04:00,145.4922463825588,149.03916252559938,144.06954518891357,145.2057342529297,8988600,0.0,0.0
2019-10-17 00:00:00-04:00,145.80839112209648,146.26286065159027,143.76323301252543,144.41531372070312,5024400,0.0,0.0
2019-10-18 00:00:00-04:00,144.54376756148662,144.68208635037232,140.6905754557552,142.36029052734375,6080000,0.0,0.0
2019-10-21 00:00:00-04:00,142.370193745545,143.44710549595774,141.28339238922652,142.81478881835938,3358000,0.0,0.0
2019-10-22 00:00:00-04:00,143.30877894678292,144.20785864971447,140.43370784872334,140.62142944335938,4460500,0.0,0.0
2019-10-23 00:00:00-04:00,140.40406621802336,143.82253789265673,139.79151372267066,143.3878173828125,4761400,0.0,0.0
2019-10-24 00:00:00-04:00,144.8302565209328,147.00384360271943,144.64253496410132,146.34188842773438,5280100,0.0,0.0
2019-10-25 00:00:00-04:00,145.2847791213758,148.85144440813784,144.54378230342485,148.68348693847656,4991400,0.0,0.0
2019-10-28 00:00:00-04:00,149.38492334315214,153.06026797547642,147.63616700786505,152.93182373046875,7576700,0.0,0.0
2019-10-29 00:00:00-04:00,152.92193427236296,154.2557341577311,152.5662553079724,153.22821044921875,5477300,0.0,0.0
2019-10-30 00:00:00-04:00,153.8704566470098,156.51827790223123,153.14920892733784,156.3799591064453,4724500,0.0,0.0
2019-10-31 00:00:00-04:00,154.68057152272382,156.37992497179738,153.34678665641658,154.61141967773438,4578300,0.0,0.0
2019-11-01 00:00:00-04:00,156.01438450574625,158.16820761797163,154.86830602324773,157.82241821289062,4771100,0.0,0.0
2019-11-04 00:00:00-05:00,159.00803193514363,159.3143081930593,154.80905016881493,155.7081298828125,5748100,0.0,0.0
2019-11-05 00:00:00-05:00,155.69822024715873,157.2098522825202,153.60367443619853,156.25149536132812,4015000,0.0,0.0
2019-11-06 00:00:00-05:00,157.03203010776707,158.0793030785638,155.85631287902152,157.0221405029297,4207400,0.0,0.0
2019-11-07 00:00:00-05:00,157.02211670391262,159.19571885229513,156.18232957896015,157.5852813720703,3802300,0.0,0.0
2019-11-08 00:00:00-05:00,157.3382920214557,159.27476994114454,157.0023771511432,159.17596435546875,3265300,0.0,0.0
2019-11-11 00:00:00-05:00,159.28463083284925,160.2825008300361,158.32627402118047,159.83790588378906,3541200,0.0,0.0
2019-11-12 00:00:00-05:00,160.05529142029008,162.39683622983395,159.65020959546104,160.90496826171875,3710600,0.0,0.0
2019-11-13 00:00:00-05:00,161.0926815415409,162.4462306552842,160.075047305197,160.64808654785156,5389700,0.0,0.0
2019-11-14 00:00:00-05:00,161.07291775204823,161.6163183346557,160.4406011856367,161.09268188476562,3820700,0.0,0.0
2019-11-15 00:00:00-05:00,161.75465055729612,161.96212120341704,159.05742662840237,161.2507781982422,3693000,0.0,0.0
2019-11-18 00:00:00-05:00,162.0312703454812,162.0312703454812,159.94659913008485,160.8160400390625,5556700,0.0,0.0
2019-11-19 00:00:00-05:00,161.67560966428982,162.4758837390923,159.89721445605238,161.9917755126953,4952900,0.0,0.0
2019-11-20 00:00:00-05:00,161.47801057322783,164.3431919124577,160.302293343999,162.2288818359375,8450300,0.0,0.0
2019-11-21 00:00:00-05:00,163.3354245858976,163.91833831735238,160.262757953613,160.92471313476562,5724200,0.0,0.0
2019-11-22 00:00:00-05:00,161.02350246997702,161.52738982368712,159.442718714353,160.8555450439453,3761900,0.0,0.0
2019-11-25 00:00:00-05:00,161.8138958220869,162.67344705122085,159.51186458282905,159.7687530517578,5509300,0.0,0.0
2019-11-26 00:00:00-05:00,159.62054430393397,160.6579425533465,159.3735454386269,160.58877563476562,5881400,0.0,0.0
2019-11-27 00:00:00-05:00,159.97626411163662,160.87534382901822,159.1759899958466,159.57118225097656,4012800,0.0,0.0
2019-11-29 00:00:00-05:00,159.66996768267188,161.44836275734198,159.3834555952383,160.93460083007812,2432500,0.0,0.0
2019-12-02 00:00:00-05:00,161.1421035033917,161.2507836326092,156.20212504008254,159.0673065185547,5117400,0.0,0.0
2019-12-03 00:00:00-05:00,155.07580214718584,159.9071002193844,154.31504128390225,159.63046264648438,6216400,0.0,0.0
2019-12-04 00:00:00-05:00,158.45473383168027,158.76101004529764,152.64531507454888,154.55213928222656,17803300,0.0,0.0
2019-12-05 00:00:00-05:00,153.870438610179,157.0122573500088,153.3863153438686,156.32066345214844,7126600,0.0,0.0
2019-12-06 00:00:00-05:00,156.20213603212196,157.58532406893715,155.69824854501013,156.1132049560547,4751200,0.0,0.0
2019-12-09 00:00:00-05:00,155.4907480623142,156.9924904784383,155.17458224274108,155.58953857421875,3709000,0.0,0.0
2019-12-10 00:00:00-05:00,155.12518463641814,155.7772653543814,154.29527194571025,154.5225067138672,4074700,0.0,0.0
2019-12-11 00:00:00-05:00,154.9572292908422,154.99675755795397,153.6135546457605,154.51263427734375,4867500,0.0,0.0
2019-12-12 00:00:00-05:00,153.90007851480294,157.08142554627108,153.44559390647188,156.68621826171875,5353900,0.0,0.0
2019-12-13 00:00:00-05:00,156.9529854580638,159.55141877381826,156.646709226671,159.19573974609375,5742300,0.0,0.0
2019-12-16 00:00:00-05:00,158.91910184433974,160.78641296707593,158.8894631817262,160.01577758789062,5370000,0.0,0.0
2019-12-17 00:00:00-05:00,160.05529661128955,160.4208501805869,157.82243185121848,159.6897430419922,4789600,0.0,0.0
2019-12-18 00:00:00-05:00,159.85768498124295,161.31991419214629,159.54151916503906,159.54151916503906,4144800,0.0,0.0
2019-12-19 00:00:00-05:00,159.65022104937069,161.37921351900468,158.89934974692352,161.3693389892578,4185400,0.0,0.0
2019-12-20 00:00:00-05:00,162.7525237581415,163.1872442684064,161.6657375580969,162.57469177246094,8586700,0.0,0.0
2019-12-23 00:00:00-05:00,162.07080069866294,162.8908389018208,161.38909635987085,161.7744140625,4368600,0.0,0.0
2019-12-24 00:00:00-05:00,161.3495605275788,161.87319699440945,160.92472965191553,161.290283203125,1238000,0.0,0.0
2019-12-26 00:00:00-05:00,161.43846533788872,162.55490512319946,161.31003616900216,162.53514099121094,2155500,0.0,0.0
2019-12-27 00:00:00-05:00,162.8809570696003,163.47376046658204,161.93247464955286,162.99951171875,3409900,0.0,0.0
2019-12-30 00:00:00-05:00,162.88095300356918,162.95999445956804,159.26488553860582,160.49000549316406,3197100,0.0,0.0
2019-12-31 00:00:00-05:00,160.0948186125935,161.30017458783547,159.85770929000043,160.6876220703125,3273500,0.0,0.0
2020-01-02 00:00:00-05:00,161.95222850972505,165.06442353303623,161.6163136413648,164.98538208007812,5189300,0.0,0.0
2020-01-03 00:00:00-05:00,163.07855618189987,164.76803534149954,163.01927885623266,164.17523193359375,3205400,0.0,0.0
2020-01-06 00:00:00-05:00,163.0192688290777,171.58518860029534,162.47586825119092,171.36782836914062,8836200,0.0,0.0
2020-01-07 00:00:00-05:00,171.15048532759695,174.74678895569576,170.02417086922583,173.88723754882812,8272700,0.0,0.0
2020-01-08 00:00:00-05:00,173.12648169342373,176.70303636652307,172.65224798023044,175.20127868652344,7225100,0.0,0.0
2020-01-09 00:00:00-05:00,176.69312919975098,177.74040212195663,175.16173300710733,177.4440155029297,5952900,0.0,0.0
2020-01-10 00:00:00-05:00,177.6811404083109,178.51105316573108,176.54495140057742,178.0368194580078,5111800,0.0,0.0
2020-01-13 00:00:00-05:00,179.08405510531006,182.23576309557663,178.95562594445153,181.64297485351562,6202600,0.0,0.0
2020-01-14 00:00:00-05:00,181.29718503318193,181.64298950899564,179.85470488411562,179.93374633789062,4342300,0.0,0.0
2020-01-15 00:00:00-05:00,179.49904234659422,180.89211983039556,178.45176937032957,178.88648986816406,3886600,0.0,0.0
2020-01-16 00:00:00-05:00,180.04243311748218,180.91187406557788,178.78768956584523,180.49691772460938,3485300,0.0,0.0
2020-01-17 00:00:00-05:00,181.0304149538416,181.13909506409348,179.18286815517502,180.04241943359375,4577000,0.0,0.0
2020-01-21 00:00:00-05:00,179.33108615639495,183.767192080617,179.32121162705369,183.04595947265625,6302400,0.0,0.0
2020-01-22 00:00:00-05:00,183.1644904539473,184.201888774156,180.4969055417074,180.55618286132812,4781800,0.0,0.0
2020-01-23 00:00:00-05:00,181.01069278946585,182.08760444837816,179.12361744729424,181.7714385986328,4369000,0.0,0.0
2020-01-24 00:00:00-05:00,182.77918049636688,183.89562031494722,178.95564246369406,179.9238739013672,4653600,0.0,0.0
2020-01-27 00:00:00-05:00,176.62396617983302,179.54842452384867,175.17161153596294,178.54067993164062,4239400,0.0,0.0
2020-01-28 00:00:00-05:00,178.96553481146776,181.65288423617355,178.18502486652676,180.65501403808594,3445300,0.0,0.0
2020-01-29 00:00:00-05:00,181.79119291626873,181.88999850788295,179.439758531524,179.5879669189453,2785500,0.0,0.0
2020-01-30 00:00:00-05:00,178.72840347334827,183.7079098919133,178.37272444345075,183.44114685058594,3715700,0.0,0.0
2020-01-31 00:00:00-05:00,182.640867011994,183.79682005360974,178.61971768825626,180.12147521972656,4193300,0.0,0.0
2020-02-03 00:00:00-05:00,181.0600635146575,183.63873256654333,179.66700121239606,183.1941375732422,4755200,0.0,0.0
2020-02-04 00:00:00-05:00,185.74318665159745,187.4129017522133,184.40938646188417,186.0791015625,3983200,0.0,0.0
2020-02-05 00:00:00-05:00,188.11435250711116,188.26256088956387,180.66487246301003,183.2633056640625,6162700,0.0,0.0
2020-02-06 00:00:00-05:00,184.58720890475004,185.30844142917445,182.02830406934214,184.4884033203125,4102700,0.0,0.0
2020-02-07 00:00:00-05:00,184.60699472730641,186.3853748512102,183.42138787721407,183.4905548095703,3713100,0.0,0.0
2020-02-10 00:00:00-05:00,183.93513228867272,186.997924566451,183.3324543917789,186.84971618652344,3873500,0.0,0.0
2020-02-11 00:00:00-05:00,189.18138843803558,190.2879537332101,186.38535915232933,186.83984375,4299200,0.0,0.0
2020-02-12 00:00:00-05:00,187.43266786634072,188.2329419583734,184.5279581429498,187.1856689453125,4535400,0.0,0.0
2020-02-13 00:00:00-05:00,186.23718474855556,188.75657673507862,186.15814328547674,186.37550354003906,3132100,0.0,0.0
2020-02-14 00:00:00-05:00,187.07699615754154,187.96618627788604,185.84200150394176,187.66978454589844,3599400,0.0,0.0
2020-02-18 00:00:00-05:00,188.657762757629,189.2011633698983,186.6521328323943,188.79608154296875,4957000,0.0,0.0
2020-02-19 00:00:00-05:00,189.69515142807776,191.59210113328461,189.49755532713007,190.55470275878906,3903200,0.0,0.0
2020-02-20 00:00:00-05:00,191.67113490242022,193.37048843853216,187.49191798628723,191.038818359375,5451200,0.0,0.0
2020-02-21 00:00:00-05:00,189.53708013174884,189.73467624480506,184.47854727454788,187.2251739501953,5242100,0.0,0.0
2020-02-24 00:00:00-05:00,176.64373821358404,184.90338257140328,176.64373821358404,183.70791625976562,8463300,0.0,0.0
2020-02-25 00:00:00-05:00,186.20752880836218,187.69939671206566,177.27604029213316,179.09396362304688,11361100,0.0,0.0
2020-02-26 00:00:00-05:00,174.42074663072907,180.47716483154565,172.15824320976617,176.7227783203125,13923100,0.0,0.0
2020-02-27 00:00:00-05:00,170.1427274576057,176.18925565381917,168.00865336166575,170.08343505859375,9927300,0.0,0.0
2020-02-28 00:00:00-05:00,163.0093868283688,169.7079952707818,161.16182494824477,168.35443115234375,12640800,0.0,0.0
2020-03-02 00:00:00-05:00,170.13284950577514,174.66774596353247,166.56618457289886,174.6381072998047,7761000,0.0,0.0
2020-03-03 00:00:00-05:00,176.26829577338052,176.27817030199947,165.0841785253296,167.33680725097656,8323500,0.0,0.0
2020-03-04 00:00:00-05:00,170.18224062925026,173.69950252275473,167.59369700381825,173.58094787597656,5846300,0.0,0.0
2020-03-05 00:00:00-05:00,170.4984044751028,171.66423202319478,166.08206302649995,167.56405639648438,5797500,0.0,0.0
2020-03-06 00:00:00-05:00,163.6812150356322,165.55841555806376,156.63680219487983,162.1103057861328,9757700,0.0,0.0
2020-03-09 00:00:00-04:00,149.87891405390204,155.816776646164,148.8316412379637,149.39480590820312,9657100,0.0,0.0
2020-03-10 00:00:00-04:00,155.34253593316325,159.53164248774218,149.18732788465738,159.4031982421875,11443900,0.0,0.0
2020-03-11 00:00:00-04:00,155.78712918953303,157.70384294527756,148.34752399472936,152.7144775390625,10341300,0.0,0.0
2020-03-12 00:00:00-04:00,142.60728147864154,149.4145705688196,138.41818977737287,138.9022979736328,13213000,0.0,0.0
2020-03-13 00:00:00-04:00,147.67569634002572,147.70533500053176,133.69556531169326,146.0059814453125,13765400,0.0,0.0
2020-03-16 00:00:00-04:00,132.4012905705682,139.85078615434605,121.90878167566609,122.807861328125,13845300,0.0,0.0
2020-03-17 00:00:00-04:00,125.47543647044441,136.35326218920375,121.44441276531214,133.7943572998047,12191500,0.0,0.0
2020-03-18 00:00:00-04:00,124.03296714539067,131.81836967296124,113.90601235832081,130.6525421142578,12988200,0.0,0.0
2020-03-19 00:00:00-04:00,130.0103521645834,142.27138257248555,127.3131280911531,137.785888671875,10444000,0.0,0.0
2020-03-20 00:00:00-04:00,138.73434782709114,144.44496149710668,132.9842209642153,137.6772003173828,12450100,0.0,0.0
2020-03-23 00:00:00-04:00,137.09426324712146,141.9947280284522,132.48032563050225,138.83314514160156,11898300,0.0,0.0
2020-03-24 00:00:00-04:00,142.89380436399028,152.2896368239526,141.46119872448412,151.79563903808594,11834400,0.0,0.0
2020-03-25 00:00:00-04:00,150.83728793174032,156.12307047415936,145.19584144240258,145.2946319580078,10639300,0.0,0.0
2020-03-26 00:00:00-04:00,146.51973934663314,153.2183477988957,145.9565746611877,152.87254333496094,8573100,0.0,0.0
2020-03-27 00:00:00-04:00,148.82180050775818,149.63194916090507,143.17046376888015,144.24737548828125,8273500,0.0,0.0
2020-03-30 00:00:00-04:00,145.94671199778546,151.1633275868916,144.8006334776715,148.0511474609375,7650400,0.0,0.0
2020-03-31 00:00:00-04:00,147.24096717069773,150.12591220226074,141.06599533714297,142.2515869140625,10429700,0.0,0.0
2020-04-01 00:00:00-04:00,136.65955436690118,137.39066143970885,131.50221628967086,132.45068359375,8737600,0.0,0.0
2020-04-02 00:00:00-04:00,132.40130448044752,133.76474343398348,128.47896016318654,132.7075958251953,8150500,0.0,0.0
2020-04-03 00:00:00-04:00,132.83602693327512,134.55514498311015,130.07952539580714,132.6977081298828,6004400,0.0,0.0
2020-04-06 00:00:00-04:00,137.3313825248554,148.0511403565023,136.63978864956562,145.77874755859375,12296800,0.0,0.0
2020-04-07 00:00:00-04:00,148.52537289624178,148.98973201096507,142.77523155679106,143.32852172851562,7859500,0.0,0.0
2020-04-08 00:00:00-04:00,144.5437619056502,150.3334168292387,143.2593645873301,149.30589294433594,7665500,0.0,0.0
2020-04-09 00:00:00-04:00,150.56064337117553,154.22611354630808,149.85915988757523,152.69471740722656,7094600,0.0,0.0
2020-04-13 00:00:00-04:00,152.269890227352,153.44560750521353,148.19935282722847,150.66934204101562,5138600,0.0,0.0
2020-04-14 00:00:00-04:00,153.8407965830015,156.88380966701604,153.28750640120106,155.81678771972656,7334300,0.0,0.0
2020-04-15 00:00:00-04:00,153.21836391543198,155.38207675449047,152.1513268273093,153.7617645263672,4042600,0.0,0.0
2020-04-16 00:00:00-04:00,155.11529848585712,156.10329401761416,152.39831077352522,155.17457580566406,4391500,0.0,0.0
2020-04-17 00:00:00-04:00,158.07930291859302,161.3001632883372,155.73775806830884,160.6678466796875,7312900,0.0,0.0
2020-04-20 00:00:00-04:00,158.8202866901186,162.33754848092408,158.59305193188996,160.80615234375,4686000,0.0,0.0
2020-04-21 00:00:00-04:00,158.0793059764267,158.16822196789028,146.2233580281947,148.75262451171875,13737900,0.0,0.0
2020-04-22 00:00:00-04:00,152.1513083070317,153.83089765633696,148.86128145469544,152.2896270751953,6660900,0.0,0.0
2020-04-23 00:00:00-04:00,151.65734333743467,154.59169183802604,149.6813518932987,149.89871215820312,6281400,0.0,0.0
2020-04-24 00:00:00-04:00,151.74624359069156,152.64532322264287,149.4837402551613,152.13156127929688,6710500,0.0,0.0
2020-04-27 00:00:00-04:00,153.67282498474327,156.5380211954224,152.34891453340327,155.7377471923828,5036400,0.0,0.0
2020-04-28 00:00:00-04:00,157.58529555036304,158.87956735250253,152.32915181044388,152.60580444335938,4731800,0.0,0.0
2020-04-29 00:00:00-04:00,155.98475828103673,159.9466154162792,154.6410835919891,158.50413513183594,5256700,0.0,0.0
2020-04-30 00:00:00-04:00,159.6897391290557,163.3156812963402,158.0891759507422,160.00588989257812,6830700,0.0,0.0
2020-05-01 00:00:00-04:00,156.58743516379946,158.24726061068483,153.39619837680956,154.4928741455078,4276900,0.0,0.0
2020-05-04 00:00:00-04:00,153.7123680959862,160.07506262074546,153.21837026115233,159.5316619873047,5974200,0.0,0.0
2020-05-05 00:00:00-04:00,160.57892515844628,162.169598692295,158.3262963755025,161.290283203125,5264800,0.0,0.0
2020-05-06 00:00:00-04:00,162.46600684215403,163.72076553685014,160.96424923534704,161.7052459716797,4112600,0.0,0.0
2020-05-07 00:00:00-04:00,164.50126417141,169.2140073120878,164.02703051389017,167.86044311523438,6460900,0.0,0.0
2020-05-08 00:00:00-04:00,170.8738225959095,173.96625340543468,169.09542764034202,173.7884063720703,5403400,0.0,0.0
2020-05-11 00:00:00-04:00,173.4524934862718,181.09958434441947,172.06930576932206,180.47714233398438,8696000,0.0,0.0
2020-05-12 00:00:00-04:00,180.80319994540733,180.8229640791424,174.88510070576453,175.4087371826172,5904600,0.0,0.0
2020-05-13 00:00:00-04:00,173.06717548584075,173.106703749455,164.27402128359998,167.6035614013672,12534900,0.0,0.0
2020-05-14 00:00:00-04:00,166.41795511021763,166.54639934221962,162.5944175635894,164.9952392578125,7442300,0.0,0.0
2020-05-15 00:00:00-04:00,165.26205505476915,169.6586331731989,164.18512821851823,169.2733154296875,5673800,0.0,0.0
2020-05-18 00:00:00-04:00,171.91123842985732,174.87522529933761,170.0636914387453,170.4292449951172,6398300,0.0,0.0
2020-05-19 00:00:00-04:00,170.67622861903706,176.06080126801675,170.67622861903706,173.92672729492188,5264000,0.0,0.0
2020-05-20 00:00:00-04:00,176.42635730758252,176.9895068829499,172.80040068682993,174.8060302734375,4951200,0.0,0.0
2020-05-21 00:00:00-04:00,174.80606360188975,176.14973829263238,172.83007229642223,173.15611267089844,4429700,0.0,0.0
2020-05-22 00:00:00-04:00,174.48004748336092,176.4955520877127,173.34384337756492,175.7150421142578,4965100,0.0,0.0
2020-05-26 00:00:00-04:00,179.81519732824248,179.81519732824248,174.1045840257355,174.40098571777344,8353600,0.0,0.0
2020-05-27 00:00:00-04:00,174.17375018242132,174.48991603339252,169.31281329087025,174.48004150390625,6340200,0.0,0.0
2020-05-28 00:00:00-04:00,177.83923926808367,182.58162199702306,174.97405755456774,178.92604064941406,10275200,0.0,0.0
2020-05-29 00:00:00-04:00,172.20763375433432,172.8992276498103,168.6409690837907,172.69174194335938,19588900,0.0,0.0
2020-06-01 00:00:00-04:00,171.0220444334934,175.3889831775237,170.60707301484598,174.24290466308594,5711600,0.0,0.0
2020-06-02 00:00:00-04:00,172.7510563627081,172.8004440878391,169.1646271020972,172.13848876953125,8571800,0.0,0.0
2020-06-03 00:00:00-04:00,172.73127560357173,173.81806173736973,170.765158897673,172.8893585205078,6004000,0.0,0.0
2020-06-04 00:00:00-04:00,172.8992352982851,173.32406618300763,167.95925714690554,169.38197326660156,7301600,0.0,0.0
2020-06-05 00:00:00-04:00,168.06793121976474,172.09895505527044,164.9952643171806,171.7926788330078,8232200,0.0,0.0
2020-06-08 00:00:00-04:00,171.54568808043595,174.45039767892726,170.58733110200538,174.43063354492188,4592600,0.0,0.0
2020-06-09 00:00:00-04:00,173.88722412063535,173.88722412063535,171.4468738033476,172.46450805664062,4025600,0.0,0.0
2020-06-10 00:00:00-04:00,174.1342065128297,180.3091783749868,173.93661042836365,179.9139862060547,8127200,0.0,0.0
2020-06-11 00:00:00-04:00,174.51953027591267,176.28803564600068,169.93523160766085,169.98463439941406,6521200,0.0,0.0
2020-06-12 00:00:00-04:00,173.7884139160956,175.55693442043003,169.79691846532327,173.00790405273438,5443800,0.0,0.0
2020-06-15 00:00:00-04:00,169.935245017571,176.7524087002385,169.21401244302953,176.4658966064453,6000000,0.0,0.0
2020-06-16 00:00:00-04:00,177.84908689547123,180.30920142709587,175.8730956469551,178.31344604492188,5824100,0.0,0.0
2020-06-17 00:00:00-04:00,178.79756597641463,180.55619694857853,178.5110388084054,179.22239685058594,5038600,0.0,0.0
2020-06-18 00:00:00-04:00,179.7262971968863,186.73118292771971,179.4397700082492,185.4072723388672,8677800,0.0,0.0
2020-06-19 00:00:00-04:00,187.22515643421806,188.95414864403273,183.2632997120929,184.7057647705078,11841000,0.0,0.0
2020-06-22 00:00:00-04:00,184.78481514548136,190.18915226257633,184.75517648364558,189.34934997558594,6252200,0.0,0.0
2020-06-23 00:00:00-04:00,189.6951451126516,191.76005218869886,186.32607667765936,186.79043579101562,6950800,0.0,0.0
2020-06-24 00:00:00-04:00,185.25903356759812,187.02755398157467,181.8306879249214,183.32257080078125,4903100,0.0,0.0
2020-06-25 00:00:00-04:00,183.90551409553035,186.50394754150298,182.22592446540006,186.0791015625,4022400,0.0,0.0
2020-06-26 00:00:00-04:00,185.74318167372516,185.96054192215868,180.82296757183863,180.97116088867188,7595700,0.0,0.0
2020-06-29 00:00:00-04:00,181.11935215625414,181.50466981920584,177.83919968139068,181.1292266845703,3972100,0.0,0.0
2020-06-30 00:00:00-04:00,181.24779467889593,185.63449767295944,180.93164391771472,185.0812225341797,4478900,0.0,0.0
2020-07-01 00:00:00-04:00,185.8419749364778,190.50531528786155,185.20965836725372,189.5864715576172,4754600,0.0,0.0
2020-07-02 00:00:00-04:00,190.8412225333083,193.044448371055,189.98165616024863,190.21878051757812,4200300,0.0,0.0
2020-07-06 00:00:00-04:00,192.10587213142867,197.055724795617,191.5130687249651,195.34649658203125,5794200,0.0,0.0
2020-07-07 00:00:00-04:00,195.28720082621982,197.81646698061263,193.85461031735372,194.02256774902344,5431500,0.0,0.0
2020-07-08 00:00:00-04:00,195.62313411628466,198.78471710708104,194.98094298907895,197.87576293945312,4233700,0.0,0.0
2020-07-09 00:00:00-04:00,199.5948791578636,200.38527866813274,193.29146228487858,198.3302459716797,6062800,0.0,0.0
2020-07-10 00:00:00-04:00,197.65841188611046,198.32036717780514,194.71418900237154,196.49258422851562,3783200,0.0,0.0
2020-07-13 00:00:00-04:00,197.59913473574198,197.85600818367612,185.7728253157584,186.0791015625,5555400,0.0,0.0
2020-07-14 00:00:00-04:00,183.7573027177966,187.679646362921,181.09959220466223,187.28443908691406,5854700,0.0,0.0
2020-07-15 00:00:00-04:00,188.7368018159519,189.79396436415468,184.50818177437435,185.83209228515625,7681800,0.0,0.0
2020-07-16 00:00:00-04:00,184.18214544667572,184.61686594048527,179.74603959472276,183.28306579589844,7350000,0.0,0.0
2020-07-17 00:00:00-04:00,184.89351647880702,186.1383856455949,181.15889390282524,185.5258331298828,4324300,0.0,0.0
2020-07-20 00:00:00-04:00,185.6443565083896,192.9654071005197,185.0219295676882,192.748046875,5729000,0.0,0.0
2020-07-21 00:00:00-04:00,193.64714146824576,194.14113927811374,187.20540580639468,188.5095672607422,5376800,0.0,0.0
2020-07-22 00:00:00-04:00,188.4898065113519,189.5667181380511,186.60273122562734,189.01344299316406,2833000,0.0,0.0
2020-07-23 00:00:00-04:00,189.18139715791304,192.23431508217402,185.2590533391889,186.2766876220703,3639500,0.0,0.0
2020-07-24 00:00:00-04:00,183.82644272729863,186.67187462879022,182.1666175018386,186.22727966308594,3908400,0.0,0.0
2020-07-27 00:00:00-04:00,187.62037547941887,189.26045194278066,186.3853808670593,188.66766357421875,3015700,0.0,0.0
2020-07-28 00:00:00-04:00,188.7071674115425,190.6535200301612,186.78057892691456,187.2251739501953,3114200,0.0,0.0
2020-07-29 00:00:00-04:00,187.86735624678943,192.22442043628484,187.47216403927203,191.28582763671875,3747800,0.0,0.0
2020-07-30 00:00:00-04:00,187.8080843783427,189.6161181777033,185.12073507744114,189.3987579345703,3587400,0.0,0.0
2020-07-31 00:00:00-04:00,190.6831427387822,192.64925932688567,188.3811112790277,192.5109405517578,3734000,0.0,0.0
2020-08-03 00:00:00-04:00,195.42554326441268,202.33162323352283,194.21031283186142,200.75083923339844,6557500,0.0,0.0
2020-08-04 00:00:00-04:00,200.56311218683345,200.94842987815787,196.51232408778858,198.99220275878906,4480300,0.0,0.0
2020-08-05 00:00:00-04:00,200.36552616365688,201.45231236218862,199.1601702325522,200.2074432373047,3559100,0.0,0.0
2020-08-06 00:00:00-04:00,200.53346244425168,207.42966731527338,199.9702977319459,205.29559326171875,5113300,0.0,0.0
2020-08-07 00:00:00-04:00,204.13964809357074,204.45581392503507,196.1961700232371,198.6365203857422,5423400,0.0,0.0
2020-08-10 00:00:00-04:00,197.99429342371596,199.06133037954766,193.37048169072702,194.79319763183594,5528200,0.0,0.0
2020-08-11 00:00:00-04:00,191.2957101099356,193.48906162666452,189.41852443284404,189.68528747558594,5015400,0.0,0.0
2020-08-12 00:00:00-04:00,190.68316718347873,193.07411493183477,189.81372615657918,190.30772399902344,3980300,0.0,0.0
2020-08-13 00:00:00-04:00,190.99931073677013,195.69228969201146,190.91037967804476,192.79745483398438,4711600,0.0,0.0
2020-08-14 00:00:00-04:00,192.87651649342942,193.13338994119286,190.2089311913932,191.1376495361328,2833000,0.0,0.0
2020-08-17 00:00:00-04:00,192.99504730536415,194.70429046295928,192.08609320755963,194.3782501220703,3574500,0.0,0.0
2020-08-18 00:00:00-04:00,196.93717692255015,202.3415143944437,196.61113654533557,201.5609893798828,7284800,0.0,0.0
2020-08-19 00:00:00-04:00,201.55109045922848,204.6138826680218,197.628746953556,202.64776611328125,7080700,0.0,0.0
2020-08-20 00:00:00-04:00,201.40290579381573,207.58775272136427,201.0669758378455,206.9949493408203,5175100,0.0,0.0
2020-08-21 00:00:00-04:00,207.41979983408163,207.4790771583139,203.77409363762973,205.03872680664062,5727800,0.0,0.0
2020-08-24 00:00:00-04:00,206.37252164227934,206.7775883727439,202.6872872732271,205.9575653076172,5699000,0.0,0.0
2020-08-25 00:00:00-04:00,210.66042207176682,215.72884430071562,208.26947453980787,213.45645141601562,27096500,0.0,0.0
2020-08-26 00:00:00-04:00,248.93537368580795,274.6331333682721,246.4752592573128,269.05096435546875,63253400,0.0,0.0
2020-08-27 00:00:00-04:00,263.7948041925002,274.9393924669431,257.70874816301995,273.0029296875,22817100,0.0,0.0
2020-08-28 00:00:00-04:00,268.02344354289545,272.4397850542669,264.19001581385487,267.8456115722656,28068000,0.0,0.0
2020-08-31 00:00:00-04:00,266.75880143650323,271.412252085884,262.71790321066845,269.3769836425781,16010100,0.0,0.0
2020-09-01 00:00:00-04:00,267.7467943793403,278.5455785178277,267.33182298128804,277.8737487792969,13293600,0.0,0.0
2020-09-02 00:00:00-04:00,280.06710858989356,281.0847428324115,265.3459804612545,273.3684997558594,12963800,0.0,0.0
2020-09-03 00:00:00-04:00,267.33181701653115,268.48778505220264,254.31993278203907,261.8287048339844,14000600,0.0,0.0
2020-09-04 00:00:00-04:00,259.82308858877883,262.48079911216104,240.28052213884408,251.64247131347656,14374300,0.0,0.0
2020-09-08 00:00:00-04:00,237.68210909698018,250.63471696048003,237.25726314900064,238.3737030029297,15229600,0.0,0.0
2020-09-09 00:00:00-04:00,243.4421154185797,250.40748757418288,240.04342313979276,247.42373657226562,9988600,0.0,0.0
2020-09-10 00:00:00-04:00,251.75114555375652,253.43075006172748,244.0052640023572,244.82530212402344,5945000,0.0,0.0
2020-09-11 00:00:00-04:00,247.71026943057288,248.2833087140017,236.57555428529997,240.18174743652344,5455200,0.0,0.0
2020-09-14 00:00:00-04:00,243.35320462357402,245.88247105972064,241.1104502908711,243.6792449951172,4255200,0.0,0.0
2020-09-15 00:00:00-04:00,248.35241522418434,248.91557987555493,245.52674759113083,248.65869140625,4133600,0.0,0.0
2020-09-16 00:00:00-04:00,251.61283960632295,252.36371084096027,247.2261366959938,247.59170532226562,5441200,0.0,0.0
2020-09-17 00:00:00-04:00,243.16548343271876,245.8330837359139,238.4132267902272,241.59457397460938,5279500,0.0,0.0
2020-09-18 00:00:00-04:00,242.1873657538282,245.13158841459702,235.84443582395454,239.86557006835938,6595600,0.0,0.0
2020-09-21 00:00:00-04:00,236.10129227207037,242.18734833599237,233.95734378774642,242.10830688476562,5561600,0.0,0.0
2020-09-22 00:00:00-04:00,243.77804842377782,245.5860822450254,238.36382148916368,244.80555725097656,3600800,0.0,0.0
2020-09-23 00:00:00-04:00,245.50703434792536,245.78367191244143,232.5247726465593,233.15708923339844,7507900,0.0,0.0
2020-09-24 00:00:00-04:00,233.008869953071,237.07942192393276,230.8254082012487,234.69834899902344,4166800,0.0,0.0
2020-09-25 00:00:00-04:00,234.54028240369217,241.0215313354751,232.22837624368734,239.82606506347656,5117800,0.0,0.0
2020-09-28 00:00:00-04:00,244.5881930614839,245.59595281417646,239.30242554447042,243.70887756347656,4088300,0.0,0.0
2020-09-29 00:00:00-04:00,242.31579467690415,244.92410244978626,241.56492345045592,244.47950744628906,3983700,0.0,0.0
2020-09-30 00:00:00-04:00,243.68911718926773,252.34396859482032,243.26428630278104,248.30307006835938,8188500,0.0,0.0
2020-10-01 00:00:00-04:00,250.14070768177928,251.6128264877352,247.79916303778833,250.407470703125,4318000,0.0,0.0
2020-10-02 00:00:00-04:00,246.75191102707132,251.88948533863768,244.2424087353828,244.87472534179688,4494500,0.0,0.0
2020-10-05 00:00:00-04:00,246.9989116897503,250.23953620507044,246.0109160429913,248.5105438232422,3403500,0.0,0.0
2020-10-06 00:00:00-04:00,249.6961273122246,254.2013999757121,246.01090789307133,247.13722229003906,4448100,0.0,0.0
2020-10-07 00:00:00-04:00,249.17251050608337,257.6099870824511,249.17251050608337,256.859130859375,4963200,0.0,0.0
2020-10-08 00:00:00-04:00,261.02848633757293,261.44342766331306,253.99393134795693,257.09625244140625,4150400,0.0,0.0
2020-10-09 00:00:00-04:00,259.74406570843195,262.85624615964855,258.36087774691754,262.787109375,4225000,0.0,0.0
2020-10-12 00:00:00-04:00,266.7588029275483,266.7588029275483,262.1053522521571,263.8639831542969,4317000,0.0,0.0
2020-10-13 00:00:00-04:00,263.22184036637935,265.56338546420903,261.0581272668371,263.62689208984375,3713200,0.0,0.0
2020-10-14 00:00:00-04:00,266.7587959641687,266.9168788688137,255.64384613232832,258.6868591308594,5129500,0.0,0.0
2020-10-15 00:00:00-04:00,255.0115232985952,257.39259625163345,250.97064009206795,254.626220703125,5256800,0.0,0.0
2020-10-16 00:00:00-04:00,256.1279626434612,259.3685869161856,255.3869659638636,255.4462432861328,3092300,0.0,0.0
2020-10-19 00:00:00-04:00,256.6417553194815,258.34110901457564,251.44488864063578,251.94876098632812,3242300,0.0,0.0
2020-10-20 00:00:00-04:00,253.04545589918934,256.06872035345606,251.00031262302812,252.8972625732422,2989300,0.0,0.0
2020-10-21 00:00:00-04:00,253.3714669548137,255.2091241769136,248.8266814645797,251.1781005859375,2794000,0.0,0.0
2020-10-22 00:00:00-04:00,250.84217854727345,252.15621438001853,243.17533884390164,246.67283630371094,3685700,0.0,0.0
2020-10-23 00:00:00-04:00,247.09769321399048,247.5620523287817,243.8471794104521,247.5126495361328,3159600,0.0,0.0
2020-10-26 00:00:00-04:00,242.35533280530845,245.13159813357018,234.530409168242,239.07518005371094,5864100,0.0,0.0
2020-10-27 00:00:00-04:00,245.02292555302137,248.72790930634324,242.81969943555217,247.29531860351562,4285600,0.0,0.0
2020-10-28 00:00:00-04:00,241.6637098990145,242.5034970445221,235.15280797345542,235.56776428222656,4425400,0.0,0.0
2020-10-29 00:00:00-04:00,239.60871063631808,239.60871063631808,234.28341465523576,234.2932891845703,4589000,0.0,0.0
2020-10-30 00:00:00-04:00,232.98913800957519,234.89596234987317,225.91508564095355,229.48175048828125,5741200,0.0,0.0
2020-11-02 00:00:00-05:00,232.29753831839614,235.63696852461982,226.24113508111205,229.6595916748047,3953400,0.0,0.0
2020-11-03 00:00:00-05:00,232.27777162698985,238.0476623137546,230.4796123984095,234.2834014892578,4151400,0.0,0.0
2020-11-04 00:00:00-05:00,243.0666857303797,249.84433626086215,240.32005912326102,247.7300262451172,6505400,0.0,0.0
2020-11-05 00:00:00-05:00,255.01156575320718,257.7878615192893,252.37363401443366,257.09625244140625,8961700,0.0,0.0
2020-11-06 00:00:00-05:00,256.8788147706724,258.6078067931673,251.43496531563804,257.0270080566406,3798600,0.0,0.0
2020-11-09 00:00:00-05:00,257.8174769887602,267.6677948276312,254.1618810224048,256.1675109863281,8777500,0.0,0.0
2020-11-10 00:00:00-05:00,254.96214477662076,255.8908630623821,239.98412770663603,244.68699645996094,6863200,0.0,0.0
2020-11-11 00:00:00-05:00,250.46678309704888,253.65800496925837,248.19440506008817,251.1287384033203,4163400,0.0,0.0
2020-11-12 00:00:00-05:00,244.43011737189173,251.90925166620815,243.4026085308778,246.42587280273438,5607000,0.0,0.0
2020-11-13 00:00:00-05:00,249.80479758186044,250.74339036305113,244.58818215155455,246.5147705078125,5160000,0.0,0.0
2020-11-16 00:00:00-05:00,246.52465947506198,250.44700310399494,245.20073395042397,246.8902130126953,5712600,0.0,0.0
2020-11-17 00:00:00-05:00,250.6940114616418,255.16961529243713,247.45338706749843,253.0948486328125,5090700,0.0,0.0
2020-11-18 00:00:00-05:00,253.32208117934445,259.5069436589878,252.77869562686925,254.07296752929688,5880500,0.0,0.0
2020-11-19 00:00:00-05:00,253.7567794450514,263.88373407204796,252.59095190477578,261.4730224609375,8084600,0.0,0.0
2020-11-20 00:00:00-05:00,260.42576169844347,261.83858819788367,254.7250378289726,254.94239807128906,7286100,0.0,0.0
2020-11-23 00:00:00-05:00,258.0941268876859,258.5979841905223,251.55358511944124,254.54722595214844,5383600,0.0,0.0
2020-11-24 00:00:00-05:00,256.8788580594475,259.16112550164627,254.7250348704758,257.7087707519531,5797300,0.0,0.0
2020-11-25 00:00:00-05:00,260.5640957351496,262.9056405305149,242.10832971294641,243.85708618164062,26394900,0.0,0.0
2020-11-27 00:00:00-05:00,247.9869043569779,248.81681707213605,244.06456048042176,244.65736389160156,7395000,0.0,0.0
2020-11-30 00:00:00-05:00,242.53315363236402,244.6573531999153,233.23612657181965,242.8493194580078,18966400,0.0,0.0
2020-12-01 00:00:00-05:00,242.05893692110962,243.73852652952039,235.83456124230048,238.4527587890625,18872000,0.0,0.0
2020-12-02 00:00:00-05:00,222.77322994961358,223.2869918511514,213.0414829342137,218.12965393066406,52225500,0.0,0.0
2020-12-03 00:00:00-05:00,223.39571067843823,223.39571067843823,217.4875005515021,218.31741333007812,21395300,0.0,0.0
2020-12-04 00:00:00-05:00,221.13317729666815,225.85579494902552,219.1571861425231,223.148681640625,20504800,0.0,0.0
2020-12-07 00:00:00-05:00,225.37168033102284,227.11054718612635,223.53400788417687,224.9665985107422,12864100,0.0,0.0
2020-12-08 00:00:00-05:00,225.9051741498284,226.74497638892248,222.95107713415752,225.12466430664062,12116800,0.0,0.0
2020-12-09 00:00:00-05:00,225.31239825752473,226.0929081436199,217.428197637503,217.9221954345703,15651800,0.0,0.0
2020-12-10 00:00:00-05:00,217.9221922118096,221.6172860308334,217.51711040605707,220.2439727783203,9258600,0.0,0.0
2020-12-11 00:00:00-05:00,219.25597170503787,220.06613529624317,217.33925791668946,219.74996948242188,8214400,0.0,0.0
2020-12-14 00:00:00-05:00,220.4119442789533,220.78738744732084,217.80363638563864,218.61380004882812,8508500,0.0,0.0
2020-12-15 00:00:00-05:00,219.4041975487149,219.47334940373312,215.5806441959802,217.50723266601562,10766800,0.0,0.0
2020-12-16 00:00:00-05:00,218.82128246556394,221.31103583993624,217.60605198100873,220.9355926513672,8821400,0.0,0.0
2020-12-17 00:00:00-05:00,222.20020231247216,224.00823605248064,221.80501010644883,223.2079620361328,9946900,0.0,0.0
2020-12-18 00:00:00-05:00,224.29474713710326,225.08514656810485,221.70618862368272,224.69981384277344,11845400,0.0,0.0
2020-12-21 00:00:00-05:00,222.20021290342612,224.70973026569843,222.0125063957688,223.75137329101562,9219000,0.0,0.0
2020-12-22 00:00:00-05:00,224.27501833833588,229.08655245381973,223.8798260983832,228.39495849609375,10339600,0.0,0.0
2020-12-23 00:00:00-05:00,229.70895836469896,230.3807880819004,224.38366311574194,224.69981384277344,7090500,0.0,0.0
2020-12-24 00:00:00-05:00,225.55940962813045,226.43872515250646,222.13106352086717,223.0696563720703,6146300,0.0,0.0
2020-12-28 00:00:00-05:00,224.49237472414376,225.1049272081991,219.38443897891563,221.94334411621094,6422500,0.0,0.0
2020-12-29 00:00:00-05:00,222.26936850201926,222.59540885493314,218.2087060348063,219.7895050048828,6122400,0.0,0.0
2020-12-30 00:00:00-05:00,220.45145697314103,220.9553292880246,218.92006082024673,219.73020935058594,4724000,0.0,0.0
2020-12-31 00:00:00-05:00,219.6017996512296,220.1155465401766,217.5270027342093,219.85867309570312,6011100,0.0,0.0
2021-01-04 00:00:00-05:00,219.96734533591135,221.06402108263086,213.13041742032925,217.66531372070312,10319900,0.0,0.0
2021-01-05 00:00:00-05:00,216.8551490449226,220.32300800376925,215.373155717543,218.86077880859375,8657200,0.0,0.0
2021-01-06 00:00:00-05:00,215.383050043888,217.81352595747128,213.18969851170363,213.5552520751953,9789800,0.0,0.0
2021-01-07 00:00:00-05:00,214.424688425149,218.0111173536695,213.90105195205473,215.36328125,8443100,0.0,0.0
2021-01-08 00:00:00-05:00,217.35903779189292,219.65119488126714,216.58840240940737,219.37454223632812,7301700,0.0,0.0
2021-01-11 00:00:00-05:00,216.99348948067234,217.93208233325208,213.63429522457483,215.6300506591797,7199000,0.0,0.0
2021-01-12 00:00:00-05:00,215.38305584856872,215.67945756440125,211.51998916451268,212.93283081054688,10736000,0.0,0.0
2021-01-13 00:00:00-05:00,214.39503976740733,216.27222532959442,212.94268506615947,215.5608673095703,6839200,0.0,0.0
2021-01-14 00:00:00-05:00,215.6103051295342,216.865063934749,212.96248379478268,213.0118865966797,6548000,0.0,0.0
2021-01-15 00:00:00-05:00,213.57500049220118,215.25458994556192,210.43318181686226,210.5813751220703,8525600,0.0,0.0
2021-01-19 00:00:00-05:00,212.76486607858132,214.671690418293,211.13466423506972,214.15792846679688,7753800,0.0,0.0
2021-01-20 00:00:00-05:00,219.3251456211008,221.94332789444357,217.32939031568284,220.7577362060547,9857700,0.0,0.0
2021-01-21 00:00:00-05:00,221.0047175984226,222.04211589695407,218.16917531463628,219.50296020507812,6785900,0.0,0.0
2021-01-22 00:00:00-05:00,222.20021746163735,225.0555243103314,221.064028485145,223.05978393554688,10186100,0.0,0.0
2021-01-25 00:00:00-05:00,226.93270963414864,227.53538754748482,218.66319136439944,223.2079620361328,8213500,0.0,0.0
2021-01-26 00:00:00-05:00,225.0654213420586,225.17410147105332,221.84454574218907,223.5438995361328,5021000,0.0,0.0
2021-01-27 00:00:00-05:00,221.01459753763638,225.075259777996,218.9200518335729,222.08163452148438,7641100,0.0,0.0
2021-01-28 00:00:00-05:00,222.29899728535025,226.84378281565256,222.29899728535025,223.78099060058594,7246000,0.0,0.0
2021-01-29 00:00:00-05:00,221.9630896751214,226.04350115171502,220.3427775338505,222.85227966308594,6473000,0.0,0.0
2021-02-01 00:00:00-05:00,224.48248900895635,227.14018453429716,222.0520131769518,225.7174835205078,5696700,0.0,0.0
2021-02-02 00:00:00-05:00,228.69137147529543,233.11758809831903,228.60245547827023,231.3885955810547,7134900,0.0,0.0
2021-02-03 00:00:00-05:00,232.17896111835574,233.1669566975828,229.47184780405183,232.00112915039062,5357600,0.0,0.0
2021-02-04 00:00:00-05:00,232.69272351657784,235.37018309941345,232.64332072239222,235.12318420410156,4770700,0.0,0.0
2021-02-05 00:00:00-05:00,236.27915127120414,236.48663698887168,233.5720528660512,236.02227783203125,5020000,0.0,0.0
2021-02-08 00:00:00-05:00,236.63480680147234,238.21560569867992,234.28338766328594,236.061767578125,4336400,0.0,0.0
2021-02-09 00:00:00-05:00,236.6842189902905,237.19798091362216,233.40408150044107,233.85855102539062,5157200,0.0,0.0
2021-02-10 00:00:00-05:00,234.5995283920568,235.3602891480091,231.1514337464472,233.8782958984375,5535600,0.0,0.0
2021-02-11 00:00:00-05:00,236.06177276048487,239.97424182537705,235.71598335861515,238.34405517578125,6091600,0.0,0.0
2021-02-12 00:00:00-05:00,238.0575363262343,238.6602142440472,236.04203193955794,237.4844970703125,4314400,0.0,0.0
2021-02-16 00:00:00-05:00,242.05893419637147,248.21414287333494,240.87334243175758,245.6058349609375,10837600,0.0,0.0
2021-02-17 00:00:00-05:00,245.60582514122487,246.50490476472717,242.5529223236093,244.68699645996094,5879200,0.0,0.0
2021-02-18 00:00:00-05:00,243.0172909631152,245.03279545357583,239.6581117871417,244.0447998046875,4152800,0.0,0.0
2021-02-19 00:00:00-05:00,245.02290526455457,246.39621852571432,243.0271499601788,243.60018920898438,4647700,0.0,0.0
2021-02-22 00:00:00-05:00,241.3278194420267,241.58470796729912,237.4944064538959,238.05755615234375,5055000,0.0,0.0
2021-02-23 00:00:00-05:00,232.4358513841558,236.09144735267517,226.26087856654502,232.81129455566406,8641600,0.0,0.0
2021-02-24 00:00:00-05:00,232.70261210982818,238.60094729242317,228.73086541198649,237.58331298828125,6128300,0.0,0.0
2021-02-25 00:00:00-05:00,235.6665788957583,237.46473804495915,227.0117432476778,228.30601501464844,8828900,0.0,0.0
2021-02-26 00:00:00-05:00,226.63630939537967,227.7329851110868,213.74296383925994,213.9010467529297,20372900,0.0,0.0
2021-03-01 00:00:00-05:00,217.26021316772955,217.55661484478713,212.44867971319007,214.9285430908203,14027700,0.0,0.0
2021-03-02 00:00:00-05:00,215.77823606748478,215.97584725077823,210.7789806727404,210.9074249267578,10211500,0.0,0.0
2021-03-03 00:00:00-05:00,210.27509580099237,210.759219050213,202.93428098727966,203.52708435058594,11459000,0.0,0.0
2021-03-04 00:00:00-05:00,204.35699541287863,206.57998539460272,199.09097733598728,202.86512756347656,12800500,0.0,0.0
2021-03-05 00:00:00-05:00,207.4889532414841,209.80087443317862,200.78046966304876,208.22994995117188,11406000,0.0,0.0
2021-03-08 00:00:00-05:00,211.05562393825244,212.32025715227581,205.0782623726211,205.22645568847656,9576400,0.0,0.0
2021-03-09 00:00:00-05:00,209.6329138108491,213.1995787789421,208.63504361238745,208.99072265625,9732200,0.0,0.0
2021-03-10 00:00:00-05:00,212.14242034026498,213.55524683795707,209.22783628177646,209.41555786132812,7186400,0.0,0.0
2021-03-11 00:00:00-05:00,212.41905793457397,215.55100223551204,211.77686681292542,213.35765075683594,6431000,0.0,0.0
2021-03-12 00:00:00-05:00,210.88764142152377,211.28284867619095,206.7874660303031,209.66253662109375,6114600,0.0,0.0
2021-03-15 00:00:00-04:00,209.3068449469836,210.38375638391872,206.98504957779835,210.2454376220703,5733700,0.0,0.0
2021-03-16 00:00:00-04:00,212.260982994057,214.0887809868462,210.91730829964987,211.90530395507812,5311000,0.0,0.0
2021-03-17 00:00:00-04:00,210.95682227099158,212.23132994684494,208.32875038751718,210.56161499023438,5805100,0.0,0.0
2021-03-18 00:00:00-04:00,208.17067262626773,208.84251748237122,205.8982797014377,206.96531677246094,5580100,0.0,0.0
2021-03-19 00:00:00-04:00,207.29134020675704,210.19604948363525,206.5602331612948,209.65264892578125,7088400,0.0,0.0
2021-03-22 00:00:00-04:00,208.94129953907625,214.37527519011354,208.83261942303085,212.58700561523438,5002500,0.0,0.0
2021-03-23 00:00:00-04:00,212.1819429966513,214.81988960577306,211.757112098182,212.4190673828125,4578000,0.0,0.0
2021-03-24 00:00:00-04:00,212.54749066541277,212.69568396987648,206.89615482908528,207.01470947265625,4617700,0.0,0.0
2021-03-25 00:00:00-04:00,203.6950637887148,205.6710551123583,201.91666858231218,202.9738311767578,7977200,0.0,0.0
2021-03-26 00:00:00-04:00,203.17140492931367,206.89615238554205,202.31185362234393,206.57998657226562,7333200,0.0,0.0
2021-03-29 00:00:00-04:00,206.5009557352984,209.10926352646086,203.5172198660888,208.23983764648438,5686900,0.0,0.0
2021-03-30 00:00:00-04:00,206.13540555396938,208.75358791672514,204.87077236641753,207.4790802001953,4717900,0.0,0.0
2021-03-31 00:00:00-04:00,207.91378796600694,211.10500940221488,207.58774762227807,209.3266143798828,6838000,0.0,0.0
2021-04-01 00:00:00-04:00,211.03585840788128,216.30186149514452,210.80860857381774,216.09439086914062,7763500,0.0,0.0
2021-04-05 00:00:00-04:00,216.97372378784416,219.17694985082122,216.30187891120406,217.6455535888672,5553200,0.0,0.0
2021-04-06 00:00:00-04:00,217.18118487471875,218.89041292228666,215.63002465465334,218.43592834472656,5448500,0.0,0.0
2021-04-07 00:00:00-04:00,219.29549440346742,220.00683731527872,216.75633865586636,218.1395263671875,4403400,0.0,0.0
2021-04-08 00:00:00-04:00,220.32300943162457,223.00048402704664,219.77960885960727,221.75559997558594,6169100,0.0,0.0
2021-04-09 00:00:00-04:00,221.6370500732415,228.53325499433214,220.9454561829802,228.5036163330078,7319300,0.0,0.0
2021-04-12 00:00:00-04:00,226.76475655099622,227.090796911259,224.42319670467592,226.0138702392578,6205700,0.0,0.0
2021-04-13 00:00:00-04:00,226.25100931627998,230.68711531917958,225.75701147934487,229.21499633789062,5397100,0.0,0.0
2021-04-14 00:00:00-04:00,230.05478117055992,230.34129326089055,224.9270816015868,225.2827606201172,4617600,0.0,0.0
2021-04-15 00:00:00-04:00,227.1105564458,230.28202913239173,226.74500287755876,230.20298767089844,5073900,0.0,0.0
2021-04-16 00:00:00-04:00,231.19099074155832,231.19099074155832,227.13032786525238,229.12608337402344,5088700,0.0,0.0
2021-04-19 00:00:00-04:00,228.0590420888349,229.41259133119397,226.12256394428508,227.73300170898438,4257700,0.0,0.0
2021-04-20 00:00:00-04:00,227.2389845850491,228.67157516839683,224.16631771220054,225.22348022460938,4081200,0.0,0.0
2021-04-21 00:00:00-04:00,224.3836699546717,228.0194863422327,223.94894950059032,227.79225158691406,4024000,0.0,0.0
2021-04-22 00:00:00-04:00,227.23895401547867,231.08225572167242,226.26083309053877,228.57275390625,4975400,0.0,0.0
2021-04-23 00:00:00-04:00,230.14369848937238,232.66309029558803,228.9679813080973,230.70684814453125,5447100,0.0,0.0
2021-04-26 00:00:00-04:00,231.23047116718763,232.9693529781556,229.62992320537907,232.63343811035156,3459600,0.0,0.0
2021-04-27 00:00:00-04:00,232.63347792136042,233.06818337287874,229.12609011445596,231.3984832763672,3445200,0.0,0.0
2021-04-28 00:00:00-04:00,232.17897087946997,235.46899810568712,230.726616110898,234.03640747070312,4274500,0.0,0.0
2021-04-29 00:00:00-04:00,234.4711196857449,234.81690909544554,229.38293337291068,231.54664611816406,4140800,0.0,0.0
2021-04-30 00:00:00-04:00,230.00538546136846,231.68497501565497,226.76476100408584,227.55516052246094,5024800,0.0,0.0
2021-05-03 00:00:00-04:00,227.99974164261025,228.68146099720911,220.39217877765773,221.07388305664062,5835700,0.0,0.0
2021-05-04 00:00:00-04:00,219.00898162307593,219.3350219783339,211.78673623940148,214.5728759765625,6727500,0.0,0.0
2021-05-05 00:00:00-04:00,216.19318211293202,216.93417873644668,212.2609491763715,212.81422424316406,4205800,0.0,0.0
2021-05-06 00:00:00-04:00,213.21931860853635,215.6596688388244,210.9370512854156,215.43243408203125,5200000,0.0,0.0
2021-05-07 00:00:00-04:00,217.86290366972278,218.594025838733,212.50796934299592,213.9010467529297,5774700,0.0,0.0
2021-05-10 00:00:00-04:00,212.91307665884668,213.36756132118165,210.67032216381935,211.32240295410156,5263700,0.0,0.0
2021-05-11 00:00:00-04:00,206.4910868878894,213.9702210511775,206.40217089924363,212.9723358154297,6097900,0.0,0.0
2021-05-12 00:00:00-04:00,210.77897921618487,210.80861787835073,206.4910818992011,208.01258850097656,5482500,0.0,0.0
2021-05-13 00:00:00-04:00,210.413417628456,213.05136398977146,207.94342870487043,209.31674194335938,5337000,0.0,0.0
2021-05-14 00:00:00-04:00,211.61880334161893,215.64982764377143,211.5792750709093,215.04714965820312,4429000,0.0,0.0
2021-05-17 00:00:00-04:00,213.989964589988,215.10640444846754,210.26523201147253,212.47833251953125,3816100,0.0,0.0
2021-05-18 00:00:00-04:00,212.85380171385253,214.74087716947938,211.2235997198745,211.7571258544922,3540600,0.0,0.0
2021-05-19 00:00:00-04:00,213.25886642742213,218.93984139746502,211.93494080302133,218.68295288085938,8092100,0.0,0.0
2021-05-20 00:00:00-04:00,220.30324373258293,224.1070326340372,219.69069131518282,221.09364318847656,6705500,0.0,0.0
2021-05-21 00:00:00-04:00,222.50649908754727,223.0696487487769,219.76974701282305,219.90806579589844,4913600,0.0,0.0
2021-05-24 00:00:00-04:00,222.29900483442577,224.86779936498112,221.51849496183377,224.26512145996094,5288300,0.0,0.0
2021-05-25 00:00:00-04:00,225.26301357691108,226.96236734152313,223.563659812299,224.97650146484375,6256300,0.0,0.0
2021-05-26 00:00:00-04:00,225.73719898779768,227.47608064970532,225.5494774378768,226.92279052734375,5807100,0.0,0.0
2021-05-27 00:00:00-04:00,226.76475526331825,226.76475526331825,222.68432859438386,223.11904907226562,15344100,0.0,0.0
2021-05-28 00:00:00-04:00,236.34829517991076,240.5769149010755,234.9749819771346,235.2417449951172,17810800,0.0,0.0
2021-06-01 00:00:00-04:00,235.14295812366765,235.53815034236828,229.66946900901837,233.36456298828125,8103900,0.0,0.0
2021-06-02 00:00:00-04:00,231.58618283378928,235.42948545039386,231.0921849906493,231.8035430908203,5543900,0.0,0.0
2021-06-03 00:00:00-04:00,230.09427196903061,230.38078403147858,226.67580089718683,228.06887817382812,5109000,0.0,0.0
2021-06-04 00:00:00-04:00,228.84940105598,235.03424742002474,228.74072094863604,234.62916564941406,6177600,0.0,0.0
2021-06-07 00:00:00-04:00,233.75975870894436,236.59530118055392,233.0088724247267,235.28126525878906,3510800,0.0,0.0
2021-06-08 00:00:00-04:00,235.93335885606356,238.8874561338179,232.84092771787058,233.58192443847656,5827300,0.0,0.0
2021-06-09 00:00:00-04:00,236.0025011609787,236.0025011609787,232.68283538396742,233.25587463378906,3350900,0.0,0.0
2021-06-10 00:00:00-04:00,233.16695207676824,237.4054463943843,232.3271498208217,237.30665588378906,4659500,0.0,0.0
2021-06-11 00:00:00-04:00,236.16058353175808,237.48449399781995,235.54803109311194,237.4252166748047,4624200,0.0,0.0
2021-06-14 00:00:00-04:00,237.81056402183896,243.67926094245286,237.5932037599186,243.30381774902344,6764700,0.0,0.0
2021-06-15 00:00:00-04:00,242.26641736454417,242.41461068020368,239.10481925804885,239.66798400878906,5135300,0.0,0.0
2021-06-16 00:00:00-04:00,239.094922208126,242.06878337531126,236.60516921024092,239.48023986816406,5099300,0.0,0.0
2021-06-17 00:00:00-04:00,239.09493597713308,244.21274596547167,238.30453647944074,241.49575805664062,5170200,0.0,0.0
2021-06-18 00:00:00-04:00,238.946741398546,243.05679162861992,238.16621643380697,239.86557006835938,7822200,0.0,0.0
2021-06-21 00:00:00-04:00,240.5275317286119,241.78229039268683,236.02227409375465,241.545166015625,5895100,0.0,0.0
2021-06-22 00:00:00-04:00,240.8733392745591,241.78229345136972,237.99826835323236,240.19161987304688,4457200,0.0,0.0
2021-06-23 00:00:00-04:00,240.82393439906784,241.56493112029574,237.95875310723335,238.93685913085938,4482400,0.0,0.0
2021-06-24 00:00:00-04:00,240.42873262651506,244.71662986486112,239.78652644826025,240.84368896484375,4987300,0.0,0.0
2021-06-25 00:00:00-04:00,241.2586487347222,241.2685232635313,238.09706581990406,238.96649169921875,15409300,0.0,0.0
2021-06-28 00:00:00-04:00,241.27841521467877,244.61783013424,240.67573728789725,241.63409423828125,4274900,0.0,0.0
2021-06-29 00:00:00-04:00,241.5056427697431,243.8175488162855,239.5197619991148,242.85919189453125,3871900,0.0,0.0
2021-06-30 00:00:00-04:00,242.53314317402987,243.6693471008743,240.57691620796706,241.33767700195312,4168800,0.0,0.0
2021-07-01 00:00:00-04:00,241.56493562227215,243.62984290576225,239.70749898224696,242.03916931152344,3899600,0.0,0.0
2021-07-02 00:00:00-04:00,243.95587159953482,245.97139106469535,242.88883454308802,245.2205047607422,4056200,0.0,0.0
2021-07-06 00:00:00-04:00,246.01090090329592,249.88384179117347,245.39834846419978,247.2458953857422,5590200,0.0,0.0
2021-07-07 00:00:00-04:00,249.96288381283503,250.45688160693155,244.88458709254752,245.45762634277344,5101400,0.0,0.0
2021-07-08 00:00:00-04:00,241.9008370566928,243.6199548134941,238.83805976775446,242.8493194580078,5159600,0.0,0.0
2021-07-09 00:00:00-04:00,242.6418310317692,245.02290399926477,241.1598376608059,242.11819458007812,4213500,0.0,0.0
2021-07-12 00:00:00-04:00,244.25227724495795,244.29179043630256,238.94674561446337,239.9940185546875,5604500,0.0,0.0
2021-07-13 00:00:00-04:00,239.38145494508962,244.19300392236087,238.77877700679397,241.0906982421875,6699800,0.0,0.0
2021-07-14 00:00:00-04:00,241.56491820941383,243.19510487874012,236.99049387065804,239.51976013183594,6375700,0.0,0.0
2021-07-15 00:00:00-04:00,238.32431570537352,239.1245897825561,232.98914514041135,234.72801208496094,7912600,0.0,0.0
2021-07-16 00:00:00-04:00,235.4393351162167,237.98836536348114,234.9156986973663,235.56776428222656,7288100,0.0,0.0
2021-07-19 00:00:00-04:00,233.67082517118808,235.63694176872326,231.49723794777375,234.69834899902344,8843000,0.0,0.0
2021-07-20 00:00:00-04:00,235.83453799375408,240.26075389708842,233.43371601073017,237.2276153564453,8487000,0.0,0.0
2021-07-21 00:00:00-04:00,238.54165804396317,240.0631646217302,235.40971382771815,239.20361328125,15323100,0.0,0.0
2021-07-22 00:00:00-04:00,240.57692754680977,245.71450162919535,240.41884463335387,245.29954528808594,7868700,0.0,0.0
2021-07-23 00:00:00-04:00,246.99890505511235,247.5521801903371,243.7187523596844,245.26991271972656,5877300,0.0,0.0
2021-07-26 00:00:00-04:00,245.22050437780914,245.49714193916523,242.8690851062824,244.62771606445312,3960700,0.0,0.0
2021-07-27 00:00:00-04:00,244.24241858474318,245.15137280089195,238.29468037243777,240.58682250976562,6352500,0.0,0.0
2021-07-28 00:00:00-04:00,240.8930990630431,243.12596373478118,240.08293541915978,241.0314178466797,4100200,0.0,0.0
2021-07-29 00:00:00-04:00,240.56705758778443,243.20500406927147,240.56705758778443,241.11044311523438,3271100,0.0,0.0
2021-07-30 00:00:00-04:00,240.08293463993093,241.30805463074765,238.7293854704793,239.02577209472656,3748400,0.0,0.0
2021-08-02 00:00:00-04:00,239.40120322672277,239.55928613545788,236.01238567105293,237.96861267089844,3525700,0.0,0.0
2021-08-03 00:00:00-04:00,238.48236570363167,240.13231642860643,236.17044470743716,238.23536682128906,3077900,0.0,0.0
2021-08-04 00:00:00-04:00,238.71948462597842,241.71310999485684,236.79289628099963,241.23887634277344,4121600,0.0,0.0
2021-08-05 00:00:00-04:00,241.74273607184628,247.88806939893783,240.61642178451908,247.55215454101562,5235200,0.0,0.0
2021-08-06 00:00:00-04:00,246.23814298708206,249.05393652101418,246.22826845815078,247.58181762695312,4045400,0.0,0.0
2021-08-09 00:00:00-04:00,248.4018692616287,249.38986493051226,244.8747325630355,246.32708740234375,3312200,0.0,0.0
2021-08-10 00:00:00-04:00,247.8584492646774,248.23389241371925,240.12244197262066,240.46824645996094,4430600,0.0,0.0
2021-08-11 00:00:00-04:00,241.73289100366344,243.19512032711344,237.2177587761424,239.37158203125,3999200,0.0,0.0
2021-08-12 00:00:00-04:00,239.58895488874364,245.44776209570585,239.02579010899726,245.4082489013672,4467400,0.0,0.0
2021-08-13 00:00:00-04:00,248.6884000482393,250.7236687435054,245.8824808505191,248.54019165039062,5986400,0.0,0.0
2021-08-16 00:00:00-04:00,247.1668530146292,247.98689115701117,241.53528121064898,246.20849609375,4047500,0.0,0.0
2021-08-17 00:00:00-04:00,245.27978323555794,246.2085015154686,242.98764127347013,244.02503967285156,3472600,0.0,0.0
2021-08-18 00:00:00-04:00,245.0228920707626,253.71724069665214,244.74625452769968,248.20423889160156,8306700,0.0,0.0
2021-08-19 00:00:00-04:00,246.17886675358872,252.3736035103311,245.39835684729073,250.0320587158203,6600800,0.0,0.0
2021-08-20 00:00:00-04:00,249.96289718842235,254.77443113619177,249.57757949143326,253.05532836914062,5510700,0.0,0.0
2021-08-23 00:00:00-04:00,253.91487490685824,258.7165191581857,253.49004402560584,257.3926086425781,7603900,0.0,0.0
2021-08-24 00:00:00-04:00,258.77578712853983,259.3488112353954,255.95010440177418,256.54290771484375,6685200,0.0,0.0
2021-08-25 00:00:00-04:00,257.7284873816876,258.75601112698536,255.64383138386245,257.7186279296875,9701000,0.0,0.0
2021-08-26 00:00:00-04:00,266.5612600298186,271.9162106378373,264.15054781823693,264.5754089355469,18987000,0.0,0.0
2021-08-27 00:00:00-04:00,264.64446510898205,267.65786953110165,262.2436432353572,263.3304443359375,7992500,0.0,0.0
2021-08-30 00:00:00-04:00,262.6190666077055,264.36780768947744,261.57179384896375,261.7891540527344,5730000,0.0,0.0
2021-08-31 00:00:00-04:00,261.5915430491149,263.56753393859293,259.54641539343845,262.0855407714844,5901500,0.0,0.0
2021-09-01 00:00:00-04:00,263.0735595735786,269.97966884830834,262.4017298478015,265.0989685058594,7189000,0.0,0.0
2021-09-02 00:00:00-04:00,265.77081916390733,266.02770767097337,260.7518147302542,260.9790344238281,4498300,0.0,0.0
2021-09-03 00:00:00-04:00,260.4356350873973,264.1998957508213,258.6572249924744,263.87384033203125,7356700,0.0,0.0
2021-09-07 00:00:00-04:00,263.34032652202785,264.683985916731,260.8999764540562,262.0262756347656,4672500,0.0,0.0
2021-09-08 00:00:00-04:00,260.4554334892032,261.1667916316978,258.43991372692903,259.4674377441406,3851500,0.0,0.0
2021-09-09 00:00:00-04:00,258.67700693245416,260.5443028779284,257.3234578280601,257.6099548339844,4126500,0.0,0.0
2021-09-10 00:00:00-04:00,257.86682815353237,258.44974188638315,253.4208483577818,254.11245727539062,5280900,0.0,0.0
2021-09-13 00:00:00-04:00,253.91487708211073,254.59659647937153,249.1626205106882,251.0595703125,5258200,0.0,0.0
2021-09-14 00:00:00-04:00,251.05954809476927,252.04754363800546,249.9628724387525,251.31642150878906,4097500,0.0,0.0
2021-09-15 00:00:00-04:00,251.4843977861066,253.66787473354006,249.9134883727986,253.0849609375,4764600,0.0,0.0
2021-09-16 00:00:00-04:00,252.4624620617372,258.08415827101646,251.9388257084706,257.2344665527344,5122600,0.0,0.0
2021-09-17 00:00:00-04:00,256.1575818447658,258.5584338192101,255.57466811924638,257.4024658203125,7049400,0.0,0.0
2021-09-20 00:00:00-04:00,253.50983184079044,256.0983759425147,251.87964484517093,255.12026977539062,5985500,0.0,0.0
2021-09-21 00:00:00-04:00,256.355223402811,259.39823663014437,254.67561879699645,254.87322998046875,6040600,0.0,0.0
2021-09-22 00:00:00-04:00,255.79205977665572,257.2345249383199,253.13434914895038,256.058837890625,4355600,0.0,0.0
2021-09-23 00:00:00-04:00,266.75884324468234,276.03613748789644,263.20205263783924,274.52447509765625,15617200,0.0,0.0
2021-09-24 00:00:00-04:00,275.1567885824108,282.9224199204386,274.8702614015054,282.2012023925781,13368300,0.0,0.0
2021-09-27 00:00:00-04:00,279.0494788143327,280.3536402386011,275.69029981495316,276.3226013183594,5941100,0.0,0.0
2021-09-28 00:00:00-04:00,271.80742757309616,273.37836695141357,266.79831330228103,269.01141357421875,7127100,0.0,0.0
2021-09-29 00:00:00-04:00,270.2069047886651,271.38262195516097,266.00792352296065,267.2528076171875,4361900,0.0,0.0
2021-09-30 00:00:00-04:00,267.40097717203383,270.96765662070936,267.19350655850354,267.9641418457031,5224200,0.0,0.0
2021-10-01 00:00:00-04:00,268.24081523594964,273.02271049714597,265.5435762946025,271.9556884765625,4756000,0.0,0.0
2021-10-04 00:00:00-04:00,271.9161667463996,271.9951931326549,262.9451794203029,267.6084899902344,6393800,0.0,0.0
2021-10-05 00:00:00-04:00,268.84345270823803,270.26616870212473,267.7764307884386,268.5075378417969,4050400,0.0,0.0
2021-10-06 00:00:00-04:00,266.4327643619625,272.1828753565292,264.28880082332165,271.96551513671875,4745500,0.0,0.0
2021-10-07 00:00:00-04:00,273.57597046172566,276.14476500363384,270.78981568585834,271.2838134765625,5374200,0.0,0.0
2021-10-08 00:00:00-04:00,272.2323403209947,273.5957791946681,269.0015751243593,269.2090759277344,2683300,0.0,0.0
2021-10-11 00:00:00-04:00,268.5174535376364,272.9535443079594,268.2507055695743,270.46380615234375,2693000,0.0,0.0
2021-10-12 00:00:00-04:00,273.10174159840494,277.37974903831343,272.7065192597341,275.6507568359375,5970100,0.0,0.0
2021-10-13 00:00:00-04:00,276.63881516987897,281.6775996192922,275.25562712427717,280.9958801269531,6573500,0.0,0.0
2021-10-14 00:00:00-04:00,282.56672098070425,287.1510347027721,281.24281059145983,286.5384521484375,5433900,0.0,0.0
2021-10-15 00:00:00-04:00,288.9788365954767,289.35427976482333,285.84690728510805,288.1588134765625,5119300,0.0,0.0
2021-10-18 00:00:00-04:00,287.2893645054182,289.7297148871582,285.24420634050693,288.1983337402344,5163300,0.0,0.0
2021-10-19 00:00:00-04:00,288.5935181479717,291.9823357886488,287.8623809078274,288.83062744140625,3631200,0.0,0.0
2021-10-20 00:00:00-04:00,289.59137130888263,291.8637792440402,284.49334062579436,286.6076354980469,4487900,0.0,0.0
2021-10-21 00:00:00-04:00,285.9950482950064,288.0698448005581,284.8094416771972,286.3309631347656,2828500,0.0,0.0
2021-10-22 00:00:00-04:00,285.53074205824254,289.48272464728393,284.72057839119276,289.0480041503906,2927000,0.0,0.0
2021-10-25 00:00:00-04:00,289.7791104885712,291.5871594028048,288.2180906367115,290.3916931152344,2993500,0.0,0.0
2021-10-26 00:00:00-04:00,292.2293531668444,294.77836868616254,290.09527893727744,291.5673828125,3601400,0.0,0.0
2021-10-27 00:00:00-04:00,292.97031120441557,295.59838291352145,291.5475952393172,291.60687255859375,3742700,0.0,0.0
2021-10-28 00:00:00-04:00,291.5278934394222,295.22298764570434,290.00637164515024,294.79815673828125,3450400,0.0,0.0
2021-10-29 00:00:00-04:00,294.4226922310061,297.1693188249642,292.7134489686439,296.0924072265625,4251900,0.0,0.0
2021-11-01 00:00:00-04:00,297.88072602723156,301.20037735712975,296.1220947545797,299.1256103515625,3825100,0.0,0.0
2021-11-02 00:00:00-04:00,298.09804795621704,299.79740167588926,295.8157804226944,299.31329345703125,4177500,0.0,0.0
2021-11-03 00:00:00-04:00,300.3012707127988,300.3012707127988,294.6104064835941,299.2539978027344,3260200,0.0,0.0
2021-11-04 00:00:00-04:00,299.8567149022846,304.70777773021973,298.7699135297223,304.34222412109375,3833800,0.0,0.0
2021-11-05 00:00:00-04:00,304.79663999726654,307.6618211825535,299.6985791266522,303.5616455078125,4681800,0.0,0.0
2021-11-08 00:00:00-05:00,303.5122881396293,307.6519924943439,302.22787565141755,306.2391357421875,3893000,0.0,0.0
2021-11-09 00:00:00-05:00,306.278684193853,308.00767676591505,303.5320571997125,305.9921569824219,3126500,0.0,0.0
2021-11-10 00:00:00-05:00,302.88979491881196,304.88553502212307,294.31400100990635,296.0726318359375,4350900,0.0,0.0
2021-11-11 00:00:00-05:00,297.8806512739814,302.079632262089,297.8806512739814,299.3428955078125,2681900,0.0,0.0
2021-11-12 00:00:00-05:00,300.8446267615032,303.5319757008571,298.0090845288674,302.96881103515625,3803700,0.0,0.0
2021-11-15 00:00:00-05:00,303.21583126367585,304.0655231237199,299.5899044440036,301.82275390625,3595300,0.0,0.0
2021-11-16 00:00:00-05:00,300.42968805591244,303.8876726475613,299.0860285157492,303.403564453125,2989400,0.0,0.0
2021-11-17 00:00:00-05:00,304.0853393921097,306.1798856175837,303.5617028357412,304.32244873046875,3864700,0.0,0.0
2021-11-18 00:00:00-05:00,302.4847734213871,303.3047966028986,295.98374469548315,299.3528137207031,4443100,0.0,0.0
2021-11-19 00:00:00-05:00,302.04013543115246,302.32666260603304,297.4854900520656,297.5546569824219,4758900,0.0,0.0
2021-11-22 00:00:00-05:00,298.2165583140622,301.82273586138234,293.1580261746593,293.2765808105469,4474700,0.0,0.0
2021-11-23 00:00:00-05:00,290.12490279244537,292.911057629218,284.84900989054165,287.92169189453125,6431100,0.0,0.0
2021-11-24 00:00:00-05:00,282.6062387221927,285.97530696505805,279.8003351455606,285.69866943359375,5091400,0.0,0.0
2021-11-26 00:00:00-05:00,281.084744936456,284.1178986295353,279.642279819549,280.7982177734375,4195300,0.0,0.0
2021-11-29 00:00:00-05:00,286.04446619803184,294.8080122195108,281.28235047179334,293.17779541015625,8215600,0.0,0.0
2021-11-30 00:00:00-05:00,292.63444814631515,295.67746162902483,279.9979747289847,281.53924560546875,13597600,0.0,0.0
2021-12-01 00:00:00-05:00,268.003715362111,273.61552353705804,248.4413980613148,248.4809112548828,30723100,0.0,0.0
2021-12-02 00:00:00-05:00,249.7850159440857,259.4278309961435,249.1131712013517,258.0644226074219,12200800,0.0,0.0
2021-12-03 00:00:00-05:00,258.4102465243471,258.6078577120323,248.67849855553,255.2190399169922,8944000,0.0,0.0
2021-12-06 00:00:00-05:00,253.02566246777448,256.11809331559294,247.70036713874805,255.6438446044922,7123000,0.0,0.0
2021-12-07 00:00:00-05:00,262.2832001293671,266.98606895911945,260.43565313231693,263.7849426269531,7401200,0.0,0.0
2021-12-08 00:00:00-05:00,265.08908928685884,265.2768108574785,261.39399549910047,263.11309814453125,4586500,0.0,0.0
2021-12-09 00:00:00-05:00,262.8463260888515,263.4786275177667,259.4871474852148,261.14697265625,3967000,0.0,0.0
2021-12-10 00:00:00-05:00,262.90562322397585,267.3219645610134,261.2655469844767,262.8364562988281,3480100,0.0,0.0
2021-12-13 00:00:00-05:00,262.60916973864977,267.31203757125587,261.4334527804982,262.5696716308594,3625700,0.0,0.0
2021-12-14 00:00:00-05:00,258.8548605503433,259.0030538677397,250.2593014021538,252.5218048095703,7227300,0.0,0.0
2021-12-15 00:00:00-05:00,251.7906961858872,257.066589312613,248.87609697232645,256.91839599609375,6484900,0.0,0.0
2021-12-16 00:00:00-05:00,256.8788348920865,258.2126348727338,249.19223096174946,250.0814208984375,6556700,0.0,0.0
2021-12-17 00:00:00-05:00,248.22400745907248,250.85206416513233,243.82741520019695,249.89370727539062,12119400,0.0,0.0
2021-12-20 00:00:00-05:00,246.89023754295934,248.52042436933274,243.5409328223821,244.24241638183594,5580100,0.0,0.0
2021-12-21 00:00:00-05:00,245.02291223003257,249.97276482810275,242.30592429199794,249.51829528808594,5428200,0.0,0.0
2021-12-22 00:00:00-05:00,250.37785704724953,251.20776977918942,246.51479041857252,249.7653045654297,4982400,0.0,0.0
2021-12-23 00:00:00-05:00,248.21412114502434,251.25714928904185,246.34681013342447,250.1011962890625,3769500,0.0,0.0
2021-12-27 00:00:00-05:00,250.3482173386892,255.32770878516126,250.2000240213247,255.1992645263672,3531800,0.0,0.0
2021-12-28 00:00:00-05:00,256.61210359216193,257.64948689367804,251.87959630789,252.3834686279297,3293700,0.0,0.0
2021-12-29 00:00:00-05:00,252.92688579640733,253.35171668859724,250.08145350700025,251.48440551757812,2592700,0.0,0.0
2021-12-30 00:00:00-05:00,252.2352386622068,254.80401775895518,251.40532611136257,252.26487731933594,2950600,0.0,0.0
2021-12-31 00:00:00-05:00,251.41524533526143,253.41098562295994,250.5853326368749,251.07933044433594,3169300,0.0,0.0
2022-01-03 00:00:00-05:00,251.9487614857319,253.61849159680705,245.665108643319,252.39337158203125,4316800,0.0,0.0
2022-01-04 00:00:00-05:00,253.7666694359101,253.78641849296397,240.47811689339983,245.25013732910156,7240700,0.0,0.0
2022-01-05 00:00:00-05:00,233.33494472551453,235.34057480821986,224.5813021429985,224.93698120117188,18882500,0.0,0.0
2022-01-06 00:00:00-05:00,225.3025094642023,231.66520352543148,223.33640787319158,226.39918518066406,9376100,0.0,0.0
2022-01-07 00:00:00-05:00,225.75699648000565,229.49161867305662,223.33641025497136,225.56927490234375,6286700,0.0,0.0
2022-01-10 00:00:00-05:00,222.79300180237504,227.07102444428395,216.26235045915664,226.87342834472656,7803800,0.0,0.0
2022-01-11 00:00:00-05:00,226.05337259945156,233.51274161265883,223.84025726021582,232.02085876464844,7635300,0.0,0.0
2022-01-12 00:00:00-05:00,234.15493749786273,236.40756607027396,232.92981762972417,234.9749755859375,6718900,0.0,0.0
2022-01-13 00:00:00-05:00,234.64893723734434,235.92344483159434,225.18393829675995,225.8854217529297,6680300,0.0,0.0
2022-01-14 00:00:00-05:00,225.2926406550597,230.48949220362783,224.87768430256872,228.4542236328125,5805100,0.0,0.0
2022-01-18 00:00:00-05:00,225.70759184033065,227.96022060263516,222.59541173008836,223.34628295898438,6032000,0.0,0.0
2022-01-19 00:00:00-05:00,224.73939437466814,229.42249965514296,223.45499688502377,223.55380249023438,5332600,0.0,0.0
2022-01-20 00:00:00-05:00,226.32018188351842,228.62219859439648,219.81916837854902,220.26376342773438,5663700,0.0,0.0
2022-01-21 00:00:00-05:00,220.38229107674044,222.07177014731948,215.63003476167452,216.00547790527344,9128400,0.0,0.0
2022-01-24 00:00:00-05:00,209.8403883767129,220.69846562881986,205.01896494419537,220.3526611328125,11664300,0.0,0.0
2022-01-25 00:00:00-05:00,218.34700720802275,221.2121881501897,212.09299383502685,212.80435180664062,9092700,0.0,0.0
2022-01-26 00:00:00-05:00,216.97373013093656,218.80152815438353,206.56026238132867,208.4670867919922,10029600,0.0,0.0
2022-01-27 00:00:00-05:00,211.5100982197441,220.4712104030543,209.51434290202093,210.18618774414062,9462100,0.0,0.0
2022-01-28 00:00:00-05:00,211.72744827499994,219.62152302990233,208.3485053207104,219.4634552001953,8254900,0.0,0.0
2022-01-31 00:00:00-05:00,220.27361250708506,230.11405516009694,219.59189314181165,229.83741760253906,7084200,0.0,0.0
2022-02-01 00:00:00-05:00,229.58052550353423,229.98560730490007,223.60316437263924,229.33352661132812,6387100,0.0,0.0
2022-02-02 00:00:00-05:00,230.9340960760002,231.6750927731277,220.34278207900837,222.3088836669922,9378900,0.0,0.0
2022-02-03 00:00:00-05:00,215.45219981530488,218.13953387903905,207.87426057508011,210.2158203125,12826600,0.0,0.0
2022-02-04 00:00:00-05:00,212.40917499425095,219.0089782268503,210.63077993661108,216.5982666015625,6176500,0.0,0.0
2022-02-07 00:00:00-05:00,216.37104744479808,218.78175924395305,214.05914124093331,214.36541748046875,3922300,0.0,0.0
2022-02-08 00:00:00-05:00,213.01186649516725,215.32377267983878,209.60326946897797,214.81988525390625,5628700,0.0,0.0
2022-02-09 00:00:00-05:00,218.48535220288076,219.52275062564726,212.98222440356133,219.37454223632812,6107700,0.0,0.0
2022-02-10 00:00:00-05:00,215.08663023787727,219.3251396294889,213.2193192338823,215.05699157714844,5312600,0.0,0.0
2022-02-11 00:00:00-05:00,215.00760016676998,217.28986761740973,203.63577610476287,205.40428161621094,8165600,0.0,0.0
2022-02-14 00:00:00-05:00,203.3294986692515,207.38027160727285,202.1735456196504,203.9222869873047,7005900,0.0,0.0
2022-02-15 00:00:00-05:00,207.23207466187807,211.99422063414647,206.01684430934807,211.6780548095703,6353000,0.0,0.0
2022-02-16 00:00:00-05:00,208.46705902522325,209.87001088352292,205.7105581007672,209.19818115234375,7072700,0.0,0.0
2022-02-17 00:00:00-05:00,205.82910405783622,207.2320558569477,197.10510199504682,197.6287384033203,8820100,0.0,0.0
2022-02-18 00:00:00-05:00,197.994312714111,200.16791510014107,193.43965238348412,194.47705078125,6691800,0.0,0.0
2022-02-22 00:00:00-05:00,193.18277459931258,199.04159622948757,191.20678343882201,192.78758239746094,8434800,0.0,0.0
2022-02-23 00:00:00-05:00,193.99295296827455,196.61113542484085,187.84761878562963,188.252685546875,7784300,0.0,0.0
2022-02-24 00:00:00-05:00,182.52230010746928,202.4402785858779,182.22589843258615,201.8376007080078,11792600,0.0,0.0
2022-02-25 00:00:00-05:00,202.26246999295617,205.96745366798012,199.1898029287783,205.59201049804688,5853600,0.0,0.0
2022-02-28 00:00:00-05:00,205.29561770654433,209.12904580634958,204.46570494543738,208.0027313232422,7904700,0.0,0.0
2022-03-01 00:00:00-05:00,210.83827083470695,211.81639197934402,205.95758486789362,206.38241577148438,12587300,0.0,0.0
2022-03-02 00:00:00-05:00,213.50584101760015,214.70130717189917,198.7352957175847,207.8643798828125,16670100,0.0,0.0
2022-03-03 00:00:00-05:00,207.8643935772173,209.0895135478277,201.76846253733413,202.29209899902344,6559900,0.0,0.0
2022-03-04 00:00:00-05:00,202.2426977763329,203.90253823572996,196.8679992611296,200.57298278808594,6813600,0.0,0.0
2022-03-07 00:00:00-05:00,201.00768808191023,202.46991724891,193.68663756757667,193.87435913085938,7043500,0.0,0.0
2022-03-08 00:00:00-05:00,191.9477877876515,194.8327331880772,186.9287682305437,189.77420043945312,8229000,0.0,0.0
2022-03-09 00:00:00-05:00,195.96894983980994,202.7663498904307,194.8525098933294,200.72120666503906,6881300,0.0,0.0
2022-03-10 00:00:00-05:00,196.70993112762002,198.7847128542465,195.15877079035533,197.747314453125,5604200,0.0,0.0
2022-03-11 00:00:00-05:00,202.31186250888504,202.31186250888504,195.25757455316443,195.52432250976562,5196900,0.0,0.0
2022-03-14 00:00:00-04:00,195.86024427089114,197.7571939276155,189.51731461620213,190.80169677734375,5665500,0.0,0.0
2022-03-15 00:00:00-04:00,196.1467703682284,197.5596119523294,190.4262823285785,193.78546142578125,5276300,0.0,0.0
2022-03-16 00:00:00-04:00,196.27521113381204,203.42828968844475,194.96117516589464,203.10226440429688,6043400,0.0,0.0
2022-03-17 00:00:00-04:00,202.1636672159085,208.150918506102,200.1283985674921,207.88417053222656,5842600,0.0,0.0
2022-03-18 00:00:00-04:00,206.71830665740254,216.94406672671235,205.80935255189303,216.17343139648438,12220600,0.0,0.0
2022-03-21 00:00:00-04:00,215.57074486584477,216.46982440696283,208.08173701708353,211.15440368652344,6448700,0.0,0.0
2022-03-22 00:00:00-04:00,211.1544246443206,219.18683384131015,210.06762343448335,215.5905303955078,7018800,0.0,0.0
2022-03-23 00:00:00-04:00,211.30260696499005,211.3618842868764,205.80935402782092,208.57574462890625,8404700,0.0,0.0
2022-03-24 00:00:00-04:00,209.80087803390524,211.53974491526068,207.35063801737454,211.4113006591797,4150300,0.0,0.0
2022-03-25 00:00:00-04:00,211.69781517820218,213.26872451763904,205.9773123808789,208.4967041015625,3656500,0.0,0.0
2022-03-28 00:00:00-04:00,207.85452150516969,212.79449956109167,206.78748443601657,212.69569396972656,4290900,0.0,0.0
2022-03-29 00:00:00-04:00,215.99559841583203,219.49311136586067,214.16781555746937,218.633544921875,5370400,0.0,0.0
2022-03-30 00:00:00-04:00,217.07253044930627,217.21084923699772,210.83826524708144,212.3597869873047,4951200,0.0,0.0
2022-03-31 00:00:00-04:00,211.92504806460897,214.1875512684846,209.24757345812077,209.77122497558594,7141300,0.0,0.0
2022-04-01 00:00:00-04:00,209.92927636628372,211.46067238268,207.51856497153574,209.70204162597656,6007900,0.0,0.0
2022-04-04 00:00:00-04:00,212.0534818248761,218.3470084198393,211.52984540892297,216.2228240966797,7843600,0.0,0.0
2022-04-05 00:00:00-04:00,215.38303154976478,215.6497945714805,206.16503118858398,207.6173858642578,7304600,0.0,0.0
2022-04-06 00:00:00-04:00,202.74660223510574,203.00347568735546,195.7021881392299,198.4093017578125,7171300,0.0,0.0
2022-04-07 00:00:00-04:00,196.72967828607085,200.28646846254563,195.81084961792442,197.7572021484375,5246000,0.0,0.0
2022-04-08 00:00:00-04:00,196.25544002556597,197.7374333851254,194.25968474685345,194.80308532714844,3897700,0.0,0.0
2022-04-11 00:00:00-04:00,191.87862440165293,194.7339309679328,189.85323048788817,193.10372924804688,5173800,0.0,0.0
2022-04-12 00:00:00-04:00,197.35212096074056,198.70567010758816,192.2441855214189,192.47142028808594,4832200,0.0,0.0
2022-04-13 00:00:00-04:00,189.6852942847045,194.73395276606524,187.04734765245627,193.37051391601562,8733000,0.0,0.0
2022-04-14 00:00:00-04:00,193.9633145934638,194.0917437774374,186.94853939942362,187.13626098632812,5126700,0.0,0.0
2022-04-18 00:00:00-04:00,186.0395678870904,187.07696624536584,183.3028159511259,184.76504516601562,4899500,0.0,0.0
2022-04-19 00:00:00-04:00,184.99229274753384,189.89274224744895,183.2929391905396,189.09246826171875,6120400,0.0,0.0
2022-04-20 00:00:00-04:00,190.57446955859822,190.97955137036047,183.84622197432248,183.99441528320312,6015400,0.0,0.0
2022-04-21 00:00:00-04:00,186.51381540694365,187.88712874126435,174.6183545541444,175.1024627685547,9119500,0.0,0.0
2022-04-22 00:00:00-04:00,175.56679083037696,176.90059073620753,169.04602981733083,169.37205505371094,8843900,0.0,0.0
2022-04-25 00:00:00-04:00,167.65295766190127,172.66208697336535,167.19847310173517,172.47438049316406,7988900,0.0,0.0
2022-04-26 00:00:00-04:00,170.54778635576008,171.63458748679392,165.5386567759956,168.0382843017578,8073300,0.0,0.0
2022-04-27 00:00:00-04:00,168.94726711477497,175.10247619257876,168.58171352474784,172.5830841064453,9644600,0.0,0.0
2022-04-28 00:00:00-04:00,179.2322920265046,184.68601708526322,176.8314547906108,183.51031494140625,10614800,0.0,0.0
2022-04-29 00:00:00-04:00,180.37837314004082,183.13487437154137,173.19564054005318,173.8279571533203,7110800,0.0,0.0
2022-05-02 00:00:00-04:00,172.98814508015033,175.64585564233417,171.04179255229138,175.43838500976562,6278400,0.0,0.0
2022-05-03 00:00:00-04:00,174.82584025839475,178.22454795933743,174.01569160444538,176.2189178466797,5047700,0.0,0.0
2022-05-04 00:00:00-04:00,177.55267947990603,183.74740046425015,172.64234059622189,183.25340270996094,7563100,0.0,0.0
2022-05-05 00:00:00-04:00,178.32331401085244,180.05230614349887,167.78140378830486,170.23162841796875,8379400,0.0,0.0
2022-05-06 00:00:00-04:00,167.45538641365567,170.36008093109263,163.59231984396496,167.66285705566406,7232700,0.0,0.0
2022-05-09 00:00:00-04:00,164.71865026976985,168.24578720706458,160.18375346084008,161.6361083984375,9997800,0.0,0.0
2022-05-10 00:00:00-04:00,165.41021089197199,169.2041101335305,161.31990997437583,165.14344787597656,8598700,0.0,0.0
2022-05-11 00:00:00-04:00,163.51326233507058,167.93947814568745,158.8993249592213,159.33404541015625,7220100,0.0,0.0
2022-05-12 00:00:00-04:00,155.04615239887,164.84708265758087,152.78364896036106,158.4942626953125,10187500,0.0,0.0
2022-05-13 00:00:00-04:00,161.58670579117924,166.65511367024575,160.0651839139498,164.9063720703125,6499700,0.0,0.0
2022-05-16 00:00:00-04:00,162.76239354678694,164.11594263617374,159.93672564971135,162.1498260498047,5065800,0.0,0.0
2022-05-17 00:00:00-04:00,165.32131679930401,167.0700733513961,156.37007846669783,161.7645263671875,7317700,0.0,0.0
2022-05-18 00:00:00-04:00,160.8654621257863,162.54505174861967,154.31504601355704,155.4413604736328,7454400,0.0,0.0
2022-05-19 00:00:00-04:00,153.36654808695462,157.33829449893219,152.87255030202863,153.73211669921875,8382200,0.0,0.0
2022-05-20 00:00:00-04:00,156.83442546036397,158.8005270370291,152.69472152414502,157.73348999023438,9068700,0.0,0.0
2022-05-23 00:00:00-04:00,157.92119807996366,158.80051347738527,154.03838297720998,158.39544677734375,6148800,0.0,0.0
2022-05-24 00:00:00-04:00,155.8760856816997,156.48863819099708,152.69473832427235,155.04615783691406,6928400,0.0,0.0
2022-05-25 00:00:00-04:00,153.45548234998887,159.94660554013635,153.45548234998887,157.73348999023438,7436800,0.0,0.0
2022-05-26 00:00:00-04:00,157.77301369727155,161.72499594500587,155.67846793016943,160.509765625,6697700,0.0,0.0
2022-05-27 00:00:00-04:00,158.74125920179156,163.2465169515746,158.32630283806074,163.1180877685547,7883600,0.0,0.0
2022-05-31 00:00:00-04:00,164.95575319454466,165.27190394949577,157.43710602149548,158.31642150878906,18114600,0.0,0.0
2022-06-01 00:00:00-04:00,175.8730891576805,182.2061444936489,172.2767858211004,173.95639038085938,37037400,0.0,0.0
2022-06-02 00:00:00-04:00,172.89923156930172,187.84760995717636,172.60282987148815,186.13836669921875,19231200,0.0,0.0
2022-06-03 00:00:00-04:00,182.77917782269438,187.36347659857407,181.5935861708595,182.6902618408203,9224000,0.0,0.0
2022-06-06 00:00:00-04:00,186.66201011218058,188.13412905154604,179.5188058146984,180.6747589111328,5811700,0.0,0.0
2022-06-07 00:00:00-04:00,179.5286680016354,186.3359563580959,179.5286680016354,184.90335083007812,6331100,0.0,0.0
2022-06-08 00:00:00-04:00,184.75517156721207,188.2724333838797,183.16449809668362,186.91888427734375,6226200,0.0,0.0
2022-06-09 00:00:00-04:00,186.2667976808934,190.3669731357202,184.3698480559094,184.8638458251953,8467700,0.0,0.0
2022-06-10 00:00:00-04:00,181.42564070784204,181.7417914672403,175.0728210255118,176.3078155517578,7855800,0.0,0.0
2022-06-13 00:00:00-04:00,168.50267109294262,170.60709170054167,163.0785692262758,164.03692626953125,10726200,0.0,0.0
2022-06-14 00:00:00-04:00,166.7044958801969,167.59370097897315,160.2034829251085,162.4758758544922,8576200,0.0,0.0
2022-06-15 00:00:00-04:00,164.72849792252663,169.4412410342734,162.7031039795885,166.5266571044922,7740700,0.0,0.0
2022-06-16 00:00:00-04:00,161.76451933807215,164.89646365788596,156.71586109510525,157.9311065673828,8090900,0.0,0.0
2022-06-17 00:00:00-04:00,156.65657935173184,164.2345037669804,156.27126167216383,161.30015563964844,13074600,0.0,0.0
2022-06-21 00:00:00-04:00,163.06870032723359,167.31708503543257,162.92049192047608,164.82733154296875,6736800,0.0,0.0
2022-06-22 00:00:00-04:00,162.7228621235141,168.40383646806274,162.23875395819866,165.43984985351562,5864500,0.0,0.0
2022-06-23 00:00:00-04:00,167.0601717957594,171.30855587587646,165.113819264585,170.97264099121094,7258000,0.0,0.0
2022-06-24 00:00:00-04:00,175.5865945180348,184.17227944128123,174.4306413745148,183.6881561279297,12107100,0.0,0.0
2022-06-27 00:00:00-04:00,183.87588155215155,184.34024074028733,178.30358637014012,179.1334991455078,6170600,0.0,0.0
2022-06-28 00:00:00-04:00,178.12572134113566,180.14124082162942,169.38196926512614,169.4017333984375,6668600,0.0,0.0
2022-06-29 00:00:00-04:00,170.42923113894818,171.69386422772706,166.0425285166646,168.56192016601562,5430400,0.0,0.0
2022-06-30 00:00:00-04:00,163.06869697866549,165.48928348314604,159.17599142075403,163.05880737304688,9539400,0.0,0.0
2022-07-01 00:00:00-04:00,162.78215503772645,167.1194552628222,162.08068658076317,166.1808624267578,4561600,0.0,0.0
2022-07-05 00:00:00-04:00,164.10607877142974,170.28105140618226,162.6339598680827,170.13284301757812,4614200,0.0,0.0
2022-07-06 00:00:00-04:00,171.43695787669535,172.95846408707206,168.77924796498138,170.65643310546875,4085100,0.0,0.0
2022-07-07 00:00:00-04:00,172.07921115564446,174.81596349596705,171.09121544476017,174.51956176757812,4000100,0.0,0.0
2022-07-08 00:00:00-04:00,171.96062846201875,174.48989465747007,170.7651472134606,173.39321899414062,2869200,0.0,0.0
2022-07-11 00:00:00-04:00,171.9112429603346,174.20340010276863,169.20412945431173,172.2669219970703,3689300,0.0,0.0
2022-07-12 00:00:00-04:00,170.14273204763606,171.2986851118842,162.3770858853703,164.33331298828125,7073000,0.0,0.0
2022-07-13 00:00:00-04:00,160.4603525785872,163.84916990318305,159.2352327328513,161.5273895263672,6225900,0.0,0.0
2022-07-14 00:00:00-04:00,159.09695225208364,159.76879719226557,155.7575218383155,159.10682678222656,6096100,0.0,0.0
2022-07-15 00:00:00-04:00,161.7447850754425,165.59796233225444,160.2726660334204,165.3707275390625,6037700,0.0,0.0
2022-07-18 00:00:00-04:00,166.92184562775893,170.56755162963097,165.10393742878387,165.87457275390625,3818200,0.0,0.0
2022-07-19 00:00:00-04:00,168.86820409582555,172.0100379050593,165.7955372140492,171.7235107421875,4373400,0.0,0.0
2022-07-20 00:00:00-04:00,173.98601833278616,181.29717920224925,173.50189509734062,180.25978088378906,5654000,0.0,0.0
2022-07-21 00:00:00-04:00,178.49128311058297,183.30281670733217,177.75028643384587,183.12498474121094,3886000,0.0,0.0
2022-07-22 00:00:00-04:00,182.8483663114668,185.30846588713368,178.75804975549357,180.27957153320312,3804700,0.0,0.0
2022-07-25 00:00:00-04:00,179.64723623370892,179.80531914299652,172.9782661387505,175.16172790527344,4407900,0.0,0.0
2022-07-26 00:00:00-04:00,174.98389113397334,175.00365526599558,167.722117866403,168.41372680664062,3886500,0.0,0.0
2022-07-27 00:00:00-04:00,172.76090652823322,180.04242907832858,172.25703421313625,178.13560485839844,4960900,0.0,0.0
2022-07-28 00:00:00-04:00,176.26829153380757,179.69663733414717,173.8180516897849,179.11370849609375,4562100,0.0,0.0
2022-07-29 00:00:00-04:00,179.63737150567232,182.2061510814681,178.05657247778507,181.8109588623047,4751400,0.0,0.0
2022-08-01 00:00:00-04:00,179.12360662282885,182.9570193278238,177.60208494520575,180.78343200683594,3997100,0.0,0.0
2022-08-02 00:00:00-04:00,178.63947195709514,182.91749447309124,177.27603328173126,181.5836944580078,4317900,0.0,0.0
2022-08-03 00:00:00-04:00,183.30281516501876,188.39098627222188,183.14473225716378,187.37335205078125,5786300,0.0,0.0
2022-08-04 00:00:00-04:00,186.29646306145133,189.28021423706915,185.0021911323837,188.97393798828125,3759700,0.0,0.0
2022-08-05 00:00:00-04:00,184.7551563305761,189.49753769001333,184.0437983728798,187.88710021972656,4090300,0.0,0.0
2022-08-08 00:00:00-04:00,188.79604774177056,192.03667162578645,186.81018230587253,187.47213745117188,3396800,0.0,0.0
2022-08-09 00:00:00-04:00,184.06356648650078,184.88360456868915,177.6613598043207,180.05230712890625,5851700,0.0,0.0
2022-08-10 00:00:00-04:00,185.90127591848298,187.29435348403499,183.97468730421858,186.3458709716797,4179200,0.0,0.0
2022-08-11 00:00:00-04:00,189.82358829201408,190.18914181832503,184.08333660559583,184.4884033203125,4175100,0.0,0.0
2022-08-12 00:00:00-04:00,184.389628576802,187.73893314722926,183.28306322382912,187.61048889160156,3846200,0.0,0.0
2022-08-15 00:00:00-04:00,186.78056802079197,189.80383209331305,186.6323596379409,188.7664337158203,2768500,0.0,0.0
2022-08-16 00:00:00-04:00,187.27454321119578,188.5589403294835,184.12283526902377,187.31405639648438,3835900,0.0,0.0
2022-08-17 00:00:00-04:00,185.46651944779452,187.15598333761167,184.2315250529395,185.70364379882812,3181300,0.0,0.0
2022-08-18 00:00:00-04:00,186.1581498142376,186.30635821606478,184.36987999176375,185.6740264892578,2791600,0.0,0.0
2022-08-19 00:00:00-04:00,182.99650938374518,183.21386957801957,179.40020672704173,181.5639190673828,4346100,0.0,0.0
2022-08-22 00:00:00-04:00,177.83920436336888,178.42211813730094,173.9464993668721,174.85545349121094,5182900,0.0,0.0
2022-08-23 00:00:00-04:00,173.7686828928788,175.97190901110298,172.81032588897506,173.88723754882812,5076800,0.0,0.0
2022-08-24 00:00:00-04:00,174.5491887410044,179.05444646876165,173.94651079470952,177.84909057617188,11438800,0.0,0.0
2022-08-25 00:00:00-04:00,166.55627846808426,172.0495308799514,163.57252792166474,171.82229614257812,24025600,0.0,0.0
2022-08-26 00:00:00-04:00,171.8717019546872,174.18360778153917,162.65370223029487,163.24649047851562,11074700,0.0,0.0
2022-08-29 00:00:00-04:00,162.30792337681027,163.82944511266453,158.1287060190599,158.2867889404297,9329900,0.0,0.0
2022-08-30 00:00:00-04:00,160.19360037471523,161.88307942486014,156.4787424759452,157.7532501220703,8079400,0.0,0.0
2022-08-31 00:00:00-04:00,157.8717912141573,159.2747580631711,154.09765631752865,154.245849609375,9166100,0.0,0.0
2022-09-01 00:00:00-04:00,153.01089184359589,153.46537650661662,149.05890897621566,151.68698120117188,9924000,0.0,0.0
2022-09-02 00:00:00-04:00,154.58178351123644,156.76524513728205,151.1237992400305,151.84503173828125,7315700,0.0,0.0
2022-09-06 00:00:00-04:00,151.04479081395039,152.5761721226611,149.00952203858927,149.89871215820312,6373700,0.0,0.0
2022-09-07 00:00:00-04:00,149.4738400937447,152.21059198782234,148.67356611051713,151.43995666503906,6211400,0.0,0.0
2022-09-08 00:00:00-04:00,150.4915180548663,155.1449695386981,149.9579919139772,155.0165252685547,6659200,0.0,0.0
2022-09-09 00:00:00-04:00,156.6961061092855,161.32979274823123,156.567661858794,160.63819885253906,5642300,0.0,0.0
2022-09-12 00:00:00-04:00,161.72499458785825,163.67134703458345,160.7864018270209,163.64170837402344,6353400,0.0,0.0
2022-09-13 00:00:00-04:00,156.3502806902879,159.3241415814097,155.91556027816605,156.20208740234375,5463200,0.0,0.0
2022-09-14 00:00:00-04:00,156.68624180768958,159.70950637965683,156.11320246568775,158.35595703125,6037300,0.0,0.0
2022-09-15 00:00:00-04:00,154.91770654270522,157.92120640639757,152.45759217553658,152.9219512939453,7012200,0.0,0.0
2022-09-16 00:00:00-04:00,150.09627439969256,150.38280153674822,147.7646044190173,149.69119262695312,9882300,0.0,0.0
2022-09-19 00:00:00-04:00,148.90081559169656,151.69682972448027,148.5945243084653,150.995361328125,4874800,0.0,0.0
2022-09-20 00:00:00-04:00,149.18733117163765,149.76037041170196,147.06314672493687,148.00173950195312,5505700,0.0,0.0
2022-09-21 00:00:00-04:00,149.4047041273689,151.45973689846085,145.73923361472885,145.85780334472656,6164400,0.0,0.0
2022-09-22 00:00:00-04:00,147.71518720750416,151.02497783628027,147.3595082595629,148.34750366210938,12405100,0.0,0.0
2022-09-23 00:00:00-04:00,146.29249660283566,148.04123773177122,143.05185758893148,145.24520874023438,9175800,0.0,0.0
2022-09-26 00:00:00-04:00,145.23536743520958,149.37507181706036,143.6051805656738,144.56353759765625,7862400,0.0,0.0
2022-09-27 00:00:00-04:00,146.5889144161321,148.80203016955477,144.50424292548124,147.10267639160156,7046600,0.0,0.0
2022-09-28 00:00:00-04:00,144.2473397204767,149.06876247505642,143.92129940381557,148.36727905273438,7908400,0.0,0.0
2022-09-29 00:00:00-04:00,146.6679347617354,147.19157119140013,143.26922769519172,145.04762268066406,8602500,0.0,0.0
2022-09-30 00:00:00-04:00,144.2572143702094,146.84577277496797,142.02435001630474,142.11326599121094,7575600,0.0,0.0
2022-10-03 00:00:00-04:00,143.23958195508658,147.1718148607191,142.1725450165442,146.12452697753906,6819900,0.0,0.0
2022-10-04 00:00:00-04:00,149.87894374529128,155.5302803202898,149.40471003340562,153.86056518554688,8017900,0.0,0.0
2022-10-05 00:00:00-04:00,150.37294690063212,155.0758162178781,150.11607343837974,154.3545684814453,4256200,0.0,0.0
2022-10-06 00:00:00-04:00,153.8506539094096,156.35028121183402,152.58602092935354,153.59378051757812,3853900,0.0,0.0
2022-10-07 00:00:00-04:00,149.97775354929297,151.33130286364462,147.47812557977295,148.48587036132812,5956700,0.0,0.0
2022-10-10 00:00:00-04:00,148.81190747904438,149.1478374744446,142.8444200855497,143.89169311523438,5497800,0.0,0.0
2022-10-11 00:00:00-04:00,142.77523451045448,143.2297191062979,137.8451462605095,140.85853576660156,7415000,0.0,0.0
2022-10-12 00:00:00-04:00,140.60165805500318,141.71809795985433,137.9044341609684,140.58189392089844,5707100,0.0,0.0
2022-10-13 00:00:00-04:00,137.29186953582328,144.58326651109448,135.93830536833877,143.69407653808594,6548600,0.0,0.0
2022-10-14 00:00:00-04:00,145.56138360388593,145.92693712669288,140.29536560689144,140.51272583007812,5736300,0.0,0.0
2022-10-17 00:00:00-04:00,144.31653204846947,147.2113520710194,144.18808778957913,145.41319274902344,6288200,0.0,0.0
2022-10-18 00:00:00-04:00,154.57192688528525,157.0616803129079,150.0765433585166,151.68698120117188,16354800,0.0,0.0
2022-10-19 00:00:00-04:00,150.0370171845336,154.07791569873356,148.8316613081995,151.82528686523438,6220500,0.0,0.0
2022-10-20 00:00:00-04:00,153.13930983770462,159.36368480106995,151.75612210167483,155.6092987060547,9203400,0.0,0.0
2022-10-21 00:00:00-04:00,155.6092919710303,158.50411156314857,152.96147125505655,158.2472381591797,8335500,0.0,0.0
2022-10-24 00:00:00-04:00,159.24513307523182,159.63046585481976,156.4985063493663,158.72149658203125,6259200,0.0,0.0
2022-10-25 00:00:00-04:00,159.75888964017082,164.0369125079797,159.74901511113717,163.28604125976562,5804500,0.0,0.0
2022-10-26 00:00:00-04:00,157.88170683908598,162.14984017948672,156.79490560103966,157.99038696289062,6617500,0.0,0.0
2022-10-27 00:00:00-04:00,159.85768456175975,162.68335246529972,157.40745979507273,157.83229064941406,4987700,0.0,0.0
2022-10-28 00:00:00-04:00,157.59517506069793,161.1322011701089,156.2712645552561,161.06304931640625,5055400,0.0,0.0
2022-10-31 00:00:00-04:00,160.17383972065653,162.0312762481866,159.06728948754906,160.63819885253906,4878100,0.0,0.0
2022-11-01 00:00:00-04:00,163.01928429389292,163.71087824244051,157.72362694047268,157.90147399902344,4545900,0.0,0.0
2022-11-02 00:00:00-04:00,157.59518760139963,157.85207613003732,148.15984079145733,148.209228515625,7238200,0.0,0.0
2022-11-03 00:00:00-04:00,147.21134116026232,148.61429307231305,144.3757986748625,144.57339477539062,5999400,0.0,0.0
2022-11-04 00:00:00-04:00,144.74135392627505,145.185948926625,134.40691342222684,138.09214782714844,14265300,0.0,0.0
2022-11-07 00:00:00-05:00,138.9319348709225,143.19019344649254,137.10415207703772,142.85427856445312,7379900,0.0,0.0
2022-11-08 00:00:00-05:00,143.34827150703964,149.74060395617914,143.33839697870786,145.3341522216797,9101800,0.0,0.0
2022-11-09 00:00:00-05:00,144.0991720008911,144.57340569309437,140.23610538003317,140.3546600341797,5588500,0.0,0.0
2022-11-10 00:00:00-05:00,149.18735615565214,154.49288843447312,147.93259734959366,154.42373657226562,8777900,0.0,0.0
2022-11-11 00:00:00-05:00,154.61141263045707,158.00022977084515,153.7123331572714,155.83651733398438,7382500,0.0,0.0
2022-11-14 00:00:00-05:00,153.9494824516799,158.23737976046536,152.79351432695483,156.75538635253906,6580100,0.0,0.0
2022-11-15 00:00:00-05:00,160.72711351403706,163.26626938770897,158.82028928335382,160.12445068359375,8116100,0.0,0.0
2022-11-16 00:00:00-05:00,158.07929691526925,158.88946054825595,151.98336583704818,153.25787353515625,6454700,0.0,0.0
2022-11-17 00:00:00-05:00,148.3870489052783,149.93819402550494,146.559251171108,147.89305114746094,7357900,0.0,0.0
2022-11-18 00:00:00-05:00,150.01724948429566,150.49149823052815,143.90155425934054,146.2628631591797,7555700,0.0,0.0
2022-11-21 00:00:00-05:00,144.2670978712616,145.57124400823406,141.67853957599235,143.11114501953125,8015900,0.0,0.0
2022-11-22 00:00:00-05:00,143.45695830514995,147.58678775823597,141.2043295400545,147.45834350585938,7017700,0.0,0.0
2022-11-23 00:00:00-05:00,145.8479102594017,151.07441559100496,145.7787584045357,150.41246032714844,5558900,0.0,0.0
2022-11-25 00:00:00-05:00,150.24450677987596,152.19084435438543,149.56278736452165,151.50914001464844,3023700,0.0,0.0
2022-11-28 00:00:00-05:00,150.1753169209434,153.45546923735395,150.1753169209434,151.84503173828125,7931700,0.0,0.0
2022-11-29 00:00:00-05:00,150.88668521590793,152.17108247679343,149.44420504508847,149.85916137695312,6398100,0.0,0.0
2022-11-30 00:00:00-05:00,148.94033580190865,158.3262939453125,148.32778335779952,158.3262939453125,14591500,0.0,0.0
2022-12-01 00:00:00-05:00,145.77875215149655,145.8182653417798,140.37441507438007,145.2353515625,33721500,0.0,0.0
2022-12-02 00:00:00-05:00,142.55786772427894,143.466836874173,141.06599990817173,142.8246307373047,15086700,0.0,0.0
2022-12-05 00:00:00-05:00,141.08576577688547,142.65667506343803,131.28485185348956,132.32223510742188,20294600,0.0,0.0
2022-12-06 00:00:00-05:00,131.1168909413807,132.93479906407342,129.33849600587038,131.670166015625,16981800,0.0,0.0
2022-12-07 00:00:00-05:00,130.90940567318708,132.14440006633035,128.45918101836307,128.9136505126953,12915900,0.0,0.0
2022-12-08 00:00:00-05:00,126.88826652839074,129.881907038984,125.49519666460313,128.56787109375,15156900,0.0,0.0
2022-12-09 00:00:00-05:00,128.182538062653,131.76895137734132,126.81909948605235,129.5360870361328,10287500,0.0,0.0
2022-12-12 00:00:00-05:00,129.52623441090657,132.4803317255793,129.37802601956304,131.51210021972656,11852400,0.0,0.0
2022-12-13 00:00:00-05:00,135.74071505356008,138.20082952790986,132.43092375910533,133.99195861816406,12579800,0.0,0.0
2022-12-14 00:00:00-05:00,133.38927392876346,135.62215352267657,131.6306430538287,133.1324005126953,9611800,0.0,0.0
2022-12-15 00:00:00-05:00,130.089360443977,132.5099463065026,128.1232440508291,128.87413024902344,10807300,0.0,0.0
2022-12-16 00:00:00-05:00,127.3723851724565,128.32086753875777,125.36675540136874,126.73019409179688,15464700,0.0,0.0
2022-12-19 00:00:00-05:00,126.23618375238901,128.02446076191234,125.67302660982725,127.46129608154297,9441400,0.0,0.0
2022-12-20 00:00:00-05:00,125.96944244775453,128.42955698630922,125.66316621547045,126.90803527832031,8455500,0.0,0.0
2022-12-21 00:00:00-05:00,126.42392603783472,130.57351240764382,125.08025131288422,128.73583984375,9313200,0.0,0.0
2022-12-22 00:00:00-05:00,127.12539059951622,127.98494193755943,124.82335906858003,127.63915252685547,9968600,0.0,0.0
2022-12-23 00:00:00-05:00,127.18464789577287,128.30108755949504,126.0583337049396,127.8861312866211,5821300,0.0,0.0
2022-12-27 00:00:00-05:00,127.01669518244113,130.16840314312827,126.11762322460376,129.09149169921875,8300800,0.0,0.0
2022-12-28 00:00:00-05:00,128.1529230793171,129.56574963006764,126.63140132784406,126.92780303955078,6249800,0.0,0.0
2022-12-29 00:00:00-05:00,128.14302497624828,131.35401064295576,127.94542887342031,130.9489288330078,7628800,0.0,0.0
2022-12-30 00:00:00-05:00,129.04212469925307,131.0477548530944,128.7951257633059,130.99835205078125,5630200,0.0,0.0
2023-01-03 00:00:00-05:00,133.56713016183372,135.30599702427463,131.43305600637208,133.16204833984375,8196400,0.0,0.0
2023-01-04 00:00:00-05:00,139.52474434484105,140.1471864171438,135.9679540397065,137.914306640625,14322600,0.0,0.0
2023-01-05 00:00:00-05:00,135.98772072496678,136.9263135777712,132.62854154368233,134.7033233642578,8493500,0.0,0.0
2023-01-06 00:00:00-05:00,135.9284524918863,139.94958721891925,133.92282239334128,138.82327270507812,9145700,0.0,0.0
2023-01-09 00:00:00-05:00,140.878282618674,147.40893384253735,140.878282618674,145.3341522216797,13679700,0.0,0.0
2023-01-10 00:00:00-05:00,144.0596217118977,147.48796730934848,143.85215109885465,145.67005920410156,6527700,0.0,0.0
2023-01-11 00:00:00-05:00,143.53599612171436,145.2748629088157,141.83664252439473,143.16055297851562,13595000,0.0,0.0
2023-01-12 00:00:00-05:00,146.0652714714922,148.02151368874414,142.21209451439054,147.8041534423828,11678000,0.0,0.0
2023-01-13 00:00:00-05:00,144.44494708686915,148.15982002106006,144.3362669728239,147.7152099609375,8378100,0.0,0.0
2023-01-17 00:00:00-05:00,147.80413814358897,148.6834535671745,144.34615376927948,146.6876983642578,9407600,0.0,0.0
2023-01-18 00:00:00-05:00,147.07300178396778,147.7448314467933,143.5458508272917,143.7039337158203,7812600,0.0,0.0
2023-01-19 00:00:00-05:00,141.7971436605091,144.91919853963603,141.4414646140747,144.65245056152344,7070100,0.0,0.0
2023-01-20 00:00:00-05:00,142.56776014967892,149.7109637184084,142.56776014967892,149.434326171875,10127100,0.0,0.0
2023-01-23 00:00:00-05:00,155.4611152063131,155.97486206887936,151.39056304319766,153.99887084960938,19922900,0.0,0.0
2023-01-24 00:00:00-05:00,154.02848520107435,158.28675827002317,152.6452975961446,153.0009765625,6390200,0.0,0.0
2023-01-25 00:00:00-05:00,149.39482303682638,154.5225075966035,148.02150973997047,154.29527282714844,9390500,0.0,0.0
2023-01-26 00:00:00-05:00,156.2910214208401,163.18722626902107,156.20210543780718,163.10818481445312,13354600,0.0,0.0
2023-01-27 00:00:00-05:00,163.0686651109546,165.23237773201927,161.63607460872564,162.54502868652344,9872300,0.0,0.0
2023-01-30 00:00:00-05:00,162.1004328532413,164.44197742084157,161.43846258564324,162.7722625732422,8169800,0.0,0.0
2023-01-31 00:00:00-05:00,162.3079222233001,165.99314173229212,162.3079222233001,165.95362854003906,6421300,0.0,0.0
2023-02-01 00:00:00-05:00,165.71648730630147,171.00226946289348,164.99525478500044,169.7574005126953,8853900,0.0,0.0
2023-02-02 00:00:00-05:00,173.6007264498727,176.69314265696937,170.82444594340447,172.54356384277344,10667100,0.0,0.0
2023-02-03 00:00:00-05:00,167.97901074585732,172.9782659094258,167.82092783677933,168.98675537109375,6481700,0.0,0.0
2023-02-06 00:00:00-05:00,165.98326199778117,169.11520626330818,165.3410708833935,167.02066040039062,4310600,0.0,0.0
2023-02-07 00:00:00-05:00,165.5584368255543,169.66848723531285,164.60995437676877,169.22389221191406,6179200,0.0,0.0
2023-02-08 00:00:00-05:00,167.95924249195278,170.37982855980192,167.19848170184628,167.59368896484375,7694500,0.0,0.0
2023-02-09 00:00:00-05:00,171.2492922595818,173.27468640967066,169.94513073150281,171.57533264160156,11512300,0.0,0.0
2023-02-10 00:00:00-05:00,165.64734439022092,167.70237702838895,163.34531285432524,165.02490234375,11273700,0.0,0.0
2023-02-13 00:00:00-05:00,166.2598851593203,169.10531708556294,164.94584930659337,169.02627563476562,8820300,0.0,0.0
2023-02-14 00:00:00-05:00,166.2006361012898,170.71576856318865,165.83508252035588,167.9197540283203,8393100,0.0,0.0
2023-02-15 00:00:00-05:00,166.8230760119918,169.5499386519866,166.22039804628503,169.0460662841797,4997000,0.0,0.0
2023-02-16 00:00:00-05:00,166.96135978248407,168.32478327868597,165.94372565516485,166.0919189453125,7483500,0.0,0.0
2023-02-17 00:00:00-05:00,163.0489065659929,165.10393914623478,160.786403359853,163.18722534179688,8084500,0.0,0.0
2023-02-21 00:00:00-05:00,161.77443187725157,162.53517776133359,159.51191313460833,159.67987060546875,5210800,0.0,0.0
2023-02-22 00:00:00-05:00,161.15197264271362,163.01928383635993,160.1639769830993,161.3989715576172,4343700,0.0,0.0
2023-02-23 00:00:00-05:00,163.30577904284254,163.48362608248766,159.63044943902813,162.1498260498047,4679400,0.0,0.0
2023-02-24 00:00:00-05:00,158.66222549342044,160.44062076460494,157.74339673075224,160.25289916992188,6569900,0.0,0.0
2023-02-27 00:00:00-05:00,161.87320404888365,162.7920478448107,160.2726559164125,161.18161010742188,6891200,0.0,0.0
2023-02-28 00:00:00-05:00,160.57891332897086,162.4758629498314,159.5909177925467,161.6459503173828,6912600,0.0,0.0
2023-03-01 00:00:00-05:00,161.03343289304206,165.9635220424523,161.02354328713542,165.34109497070312,15841200,0.0,0.0
2023-03-02 00:00:00-05:00,190.8017077976567,191.5822327736146,182.97678435836136,184.35009765625,37712500,0.0,0.0
2023-03-03 00:00:00-05:00,185.81232850146463,187.4919179048601,182.07769148954526,184.19200134277344,12087200,0.0,0.0
2023-03-06 00:00:00-05:00,182.84834070259663,186.73115591468596,181.42562472162436,181.5935821533203,10770300,0.0,0.0
2023-03-07 00:00:00-05:00,182.24569929670147,183.92528902541292,180.83285756109504,181.119384765625,9024300,0.0,0.0
2023-03-08 00:00:00-05:00,181.09958865496353,182.6803725011584,179.61759531912196,180.7537841796875,6749100,0.0,0.0
2023-03-09 00:00:00-05:00,180.90197949573098,181.63308650689223,176.39670741658048,176.57455444335938,7102400,0.0,0.0
2023-03-10 00:00:00-05:00,176.3572024254057,177.20687918577397,169.64871939778848,171.10105895996094,14109000,0.0,0.0
2023-03-13 00:00:00-04:00,168.94726671531234,174.97404658745086,167.95927100352688,173.4031219482422,9154800,0.0,0.0
2023-03-14 00:00:00-04:00,177.83921229306586,183.08546664361262,176.9598967908637,180.69451904296875,10138100,0.0,0.0
2023-03-15 00:00:00-04:00,177.00929566741053,181.65287198155457,176.07070286066065,180.7142791748047,7716900,0.0,0.0
2023-03-16 00:00:00-04:00,181.09960732939325,185.39737940113727,180.78344148218275,185.0515899658203,8369500,0.0,0.0
2023-03-17 00:00:00-04:00,183.80669883042324,185.40726198901953,181.96902637101033,182.63099670410156,10493300,0.0,0.0
2023-03-20 00:00:00-04:00,181.9986904690208,183.2929623950406,180.4574045478951,183.0261993408203,5513200,0.0,0.0
2023-03-21 00:00:00-04:00,183.63875826360282,187.0078272614757,182.6705266864973,186.41502380371094,6982000,0.0,0.0
2023-03-22 00:00:00-04:00,187.7191517156955,189.14186769869187,184.17225136195188,184.2710418701172,6575600,0.0,0.0
2023-03-23 00:00:00-04:00,185.15035210844223,188.2724215308495,183.35220812378975,185.18988037109375,8685000,0.0,0.0
2023-03-24 00:00:00-04:00,184.26116546609876,188.03531560899197,183.85608368258326,187.77842712402344,6102700,0.0,0.0
2023-03-27 00:00:00-04:00,186.6521439958956,189.8038526599416,186.6422694662154,188.96405029296875,7776500,0.0,0.0
2023-03-28 00:00:00-04:00,188.8849813672222,190.51518306452067,188.8849813672222,189.99154663085938,4899000,0.0,0.0
2023-03-29 00:00:00-04:00,190.8214649468679,195.05995933466465,190.56459152432802,194.27944946289062,8085200,0.0,0.0
2023-03-30 00:00:00-04:00,195.39589752157104,195.7910897383798,193.14326871940423,194.2399444580078,6932500,0.0,0.0
2023-03-31 00:00:00-04:00,195.11925635418305,197.59911988147363,194.62525855447936,197.3817596435547,6634300,0.0,0.0
2023-04-03 00:00:00-04:00,195.84048422836577,196.54195264479304,193.18277371753834,194.13125610351562,5340800,0.0,0.0
2023-04-04 00:00:00-04:00,195.7713106454207,196.31471120872254,194.2596786719909,194.8327178955078,4659100,0.0,0.0
2023-04-05 00:00:00-04:00,195.62313423390736,195.9096463325947,191.40438868354886,192.96542358398438,3953700,0.0,0.0
2023-04-06 00:00:00-04:00,191.6711618876267,191.7403288215115,187.323986926608,190.2385711669922,6304700,0.0,0.0
2023-04-10 00:00:00-04:00,188.30206390109555,190.23854176757746,187.0077921726294,189.19126892089844,5263800,0.0,0.0
2023-04-11 00:00:00-04:00,186.7904550098695,188.17365796400296,185.0614626239156,186.62249755859375,4907700,0.0,0.0
2023-04-12 00:00:00-04:00,188.01555996410954,189.58646930207777,187.25479915412612,188.0353240966797,5033400,0.0,0.0
2023-04-13 00:00:00-04:00,188.16376630363797,192.04659700157126,188.16376630363797,191.69091796875,4716400,0.0,0.0
2023-04-14 00:00:00-04:00,189.54696358909743,192.82710117117574,188.8948828691051,192.31333923339844,5073800,0.0,0.0
2023-04-17 00:00:00-04:00,192.8172075325674,195.14887754140278,192.6887632919488,194.7141571044922,5413500,0.0,0.0
2023-04-18 00:00:00-04:00,196.69015041814873,197.7176591282246,194.6943952416302,196.1171112060547,4679000,0.0,0.0
2023-04-19 00:00:00-04:00,193.94353044492922,196.68028235321606,193.38036574233212,196.53207397460938,3665100,0.0,0.0
2023-04-20 00:00:00-04:00,194.81296720787765,197.67816352319437,194.45730326075207,195.13900756835938,3620000,0.0,0.0
2023-04-21 00:00:00-04:00,194.66477113646576,196.72967831462222,194.11149601462637,196.64076232910156,4860100,0.0,0.0
2023-04-24 00:00:00-04:00,196.06771651608784,196.38388233263032,191.730416596351,192.58009338378906,4449700,0.0,0.0
2023-04-25 00:00:00-04:00,191.64150726142864,191.7897005708135,188.34160558378358,188.38111877441406,5010000,0.0,0.0
2023-04-26 00:00:00-04:00,190.3077181816213,192.03671057732365,188.2823391500067,189.22093200683594,4007600,0.0,0.0
2023-04-27 00:00:00-04:00,191.839103675773,195.13900535874978,190.94991366679434,193.58786010742188,4794400,0.0,0.0
2023-04-28 00:00:00-04:00,193.79534167738862,196.26533081462588,192.92591575250086,195.9886932373047,4094600,0.0,0.0
2023-05-01 00:00:00-04:00,195.38601075115275,196.66053355873947,194.75369414971667,195.4156494140625,2882900,0.0,0.0
2023-05-02 00:00:00-04:00,195.64287534060722,196.02819298693407,190.61396673134738,191.51304626464844,6051000,0.0,0.0
2023-05-03 00:00:00-04:00,191.87865070595603,193.43967063870605,190.24844876258865,190.2978515625,3779900,0.0,0.0
2023-05-04 00:00:00-04:00,189.59633844368963,192.22441020306024,188.4700241290473,190.07058715820312,4386500,0.0,0.0
2023-05-05 00:00:00-04:00,191.6217297165902,195.73179473285043,190.93013586183858,195.21803283691406,4284400,0.0,0.0
2023-05-08 00:00:00-04:00,196.3344861351611,198.09311709081578,193.72617836352362,195.52432250976562,4169400,0.0,0.0
2023-05-09 00:00:00-04:00,194.4177639463278,201.35349695787363,194.4177639463278,198.7649383544922,6996800,0.0,0.0
2023-05-10 00:00:00-04:00,202.47981564184445,203.80372609478013,200.6026150031474,202.39089965820312,6535600,0.0,0.0
2023-05-11 00:00:00-04:00,200.47420591352844,201.35352146073234,196.16654417005793,201.02748107910156,5366300,0.0,0.0
2023-05-12 00:00:00-04:00,200.98792280736168,201.51157430620142,197.72754962898028,199.3873748779297,4733600,0.0,0.0
2023-05-15 00:00:00-04:00,201.3040859454119,202.93427251300602,200.04932742165968,200.88912963867188,4518200,0.0,0.0
2023-05-16 00:00:00-04:00,199.50596708543458,203.2010764791964,199.3281350933952,202.10440063476562,4423200,0.0,0.0
2023-05-17 00:00:00-04:00,204.02108406340565,206.97519622839778,202.34149461892696,206.86651611328125,5772200,0.0,0.0
2023-05-18 00:00:00-04:00,206.98509607199927,211.31252199784544,206.81713861457106,210.75924682617188,5165500,0.0,0.0
2023-05-19 00:00:00-04:00,210.40355725685734,210.68019482886302,207.40991661047966,207.8347625732422,6091600,0.0,0.0
2023-05-22 00:00:00-04:00,206.65905026348622,210.26524346559444,206.53060600356923,207.7359619140625,3890800,0.0,0.0
2023-05-23 00:00:00-04:00,205.24620975100328,207.12339534593815,203.99145112773576,204.15940856933594,4256800,0.0,0.0
2023-05-24 00:00:00-04:00,203.56660312447133,207.68655796881296,202.95405068770074,206.55035400390625,4894000,0.0,0.0
2023-05-25 00:00:00-04:00,209.47483862794965,209.7811148625168,205.93781244770184,207.39016723632812,6496700,0.0,0.0
2023-05-26 00:00:00-04:00,210.2454672367197,213.55524345987587,209.99846833608342,212.85377502441406,6933300,0.0,0.0
2023-05-30 00:00:00-04:00,216.63779149941215,219.47333394337096,213.14027876115367,216.24258422851562,10421000,0.0,0.0
2023-05-31 00:00:00-04:00,216.91443095877565,222.29900381380915,214.4543165560144,220.69845581054688,19624000,0.0,0.0
2023-06-01 00:00:00-04:00,205.72044144900306,212.77472930690766,203.58636737208664,210.34425354003906,20907400,0.0,0.0
2023-06-02 00:00:00-04:00,210.3442577738255,213.5453689536317,207.90390742923196,210.4727020263672,11026900,0.0,0.0
2023-06-05 00:00:00-04:00,207.94345250549316,209.7712505483975,204.57438360996048,207.3407745361328,7804400,0.0,0.0
2023-06-06 00:00:00-04:00,206.0464769194762,210.83824633699862,205.86862987947129,210.29486083984375,6796000,0.0,0.0
2023-06-07 00:00:00-04:00,212.30049896925894,214.05912992803746,202.3217373970116,203.2603302001953,9323900,0.0,0.0
2023-06-08 00:00:00-04:00,202.9145339092567,207.85451173292648,202.39089746599697,207.01470947265625,5548600,0.0,0.0
2023-06-09 00:00:00-04:00,208.16079176937126,216.03511777098495,208.16079176937126,212.72532653808594,7676700,0.0,0.0
2023-06-12 00:00:00-04:00,213.5552317245203,217.74433827633234,209.59337500324963,211.12477111816406,11568300,0.0,0.0
2023-06-13 00:00:00-04:00,212.9130646575319,213.63429726791355,205.4240557482068,206.47132873535156,11698900,0.0,0.0
2023-06-14 00:00:00-04:00,205.20668671072707,209.16855878473882,202.558865692496,206.8862762451172,8963400,0.0,0.0
2023-06-15 00:00:00-04:00,205.45369363752644,210.7691150906793,204.88065434800737,209.37603759765625,7905400,0.0,0.0
2023-06-16 00:00:00-04:00,210.97655684609646,211.08523695639244,208.0718626789055,209.21792602539062,13672700,0.0,0.0
2023-06-20 00:00:00-04:00,206.145286432571,214.44445894157744,206.10577323982528,214.36541748046875,9522900,0.0,0.0
2023-06-21 00:00:00-04:00,213.92080707272203,215.1854402083039,205.57224744192067,207.07398986816406,7971600,0.0,0.0
2023-06-22 00:00:00-04:00,207.1135311498482,211.39155408657604,206.58000506109775,210.72958374023438,5689800,0.0,0.0
2023-06-23 00:00:00-04:00,207.9730749805098,208.46707278331388,205.572252895178,207.5679931640625,14037600,0.0,0.0
2023-06-26 00:00:00-04:00,206.5108496703765,209.20807350430056,204.86089878640598,204.8707733154297,4771500,0.0,0.0
2023-06-27 00:00:00-04:00,205.6414028357781,207.95330891325233,205.02885039019512,206.31324768066406,4014800,0.0,0.0
2023-06-28 00:00:00-04:00,205.9081584754763,209.65265501820107,205.10788448320636,209.62301635742188,4775900,0.0,0.0
2023-06-29 00:00:00-04:00,209.3562548375533,210.09725151358376,207.2024317355205,207.90390014648438,3838300,0.0,0.0
2023-06-30 00:00:00-04:00,209.31675666065792,211.28287340929367,208.42756661589354,208.7239532470703,5984200,0.0,0.0
2023-07-03 00:00:00-04:00,208.04224617906277,209.4155594960193,207.4000399768669,209.10926818847656,2400000,0.0,0.0
2023-07-05 00:00:00-04:00,207.96320757484204,212.0436193143468,207.5680002736922,211.25323486328125,5069300,0.0,0.0
2023-07-06 00:00:00-04:00,208.66465874318106,209.94905598314227,205.3351185383749,207.6173858642578,4250900,0.0,0.0
2023-07-07 00:00:00-04:00,207.25183691177634,209.56374294942296,206.76771365064883,207.07398986816406,3022200,0.0,0.0
2023-07-10 00:00:00-04:00,206.491079763867,210.3146178998906,205.81924999423256,210.25534057617188,3820100,0.0,0.0
2023-07-11 00:00:00-04:00,219.39429960816452,219.68082677331378,214.63216867536187,218.51498413085938,10028100,0.0,0.0
2023-07-12 00:00:00-04:00,219.23621466147185,225.3519097553268,218.9497025745961,224.5516357421875,8923500,0.0,0.0
2023-07-13 00:00:00-04:00,225.51986667766846,228.1874668161567,224.8678010494046,227.6045379638672,5800300,0.0,0.0
2023-07-14 00:00:00-04:00,226.94259518808815,229.4125842847709,225.41119893302144,226.57704162597656,4278700,0.0,0.0
2023-07-17 00:00:00-04:00,226.48812047956235,227.51562928711473,225.07527890910902,225.26300048828125,3557900,0.0,0.0
2023-07-18 00:00:00-04:00,224.32443685527346,226.86357807989884,222.76340176953136,224.89747619628906,5092700,0.0,0.0
2023-07-19 00:00:00-04:00,231.1711704158906,235.36027653744944,228.45418293725174,231.55648803710938,8516300,0.0,0.0
2023-07-20 00:00:00-04:00,228.32577558722372,230.69695885570854,224.59115364777156,225.4210662841797,5303000,0.0,0.0
2023-07-21 00:00:00-04:00,227.23899481739096,228.03926886530135,224.56152002779288,225.32228088378906,3529700,0.0,0.0
2023-07-24 00:00:00-04:00,224.5318795301925,224.85791989438377,220.8565346119123,222.9510955810547,5363200,0.0,0.0
2023-07-25 00:00:00-04:00,223.16844182814128,224.7887539428715,222.48672247991416,223.31663513183594,3203700,0.0,0.0
2023-07-26 00:00:00-04:00,221.76550477712814,224.77887937500927,220.4415791812259,222.87205505371094,4856700,0.0,0.0
2023-07-27 00:00:00-04:00,225.3025267418993,227.37732368640638,221.32090538391637,222.4472198486328,4299600,0.0,0.0
2023-07-28 00:00:00-04:00,223.2870073984834,224.5812792328096,221.29125204923582,222.89181518554688,4238700,0.0,0.0
2023-07-31 00:00:00-04:00,219.68082683864841,222.67445228899425,219.08802345069986,222.3088836669922,5571900,0.0,0.0
2023-08-01 00:00:00-04:00,221.20234613432487,222.1113003259581,218.96948138589647,221.57778930664062,4212600,0.0,0.0
2023-08-02 00:00:00-04:00,219.31527195529708,220.1748384292303,216.17345299895814,217.85304260253906,5127000,0.0,0.0
2023-08-03 00:00:00-04:00,213.60465241627224,215.59053328306257,212.02386845197435,212.9723358154297,5515200,0.0,0.0
2023-08-04 00:00:00-04:00,213.8121209321344,214.64203357730045,210.5122194080581,212.0139617919922,4800400,0.0,0.0
2023-08-07 00:00:00-04:00,212.72532716320055,214.28636199781428,211.79660890046435,213.46632385253906,3615200,0.0,0.0
2023-08-08 00:00:00-04:00,210.98648333725004,211.61879997799102,208.6054100980466,209.04013061523438,4843800,0.0,0.0
2023-08-09 00:00:00-04:00,209.109266686029,209.11915629061158,202.4501858637991,203.38877868652344,7847500,0.0,0.0
2023-08-10 00:00:00-04:00,205.6809093681391,207.81498340547023,203.96180673441341,205.7500762939453,4004700,0.0,0.0
2023-08-11 00:00:00-04:00,203.6555157944035,206.98505578158597,203.0330738096225,206.1946563720703,2930800,0.0,0.0
2023-08-14 00:00:00-04:00,205.40429293178696,209.55388678949373,204.63365751835397,209.5143585205078,3304700,0.0,0.0
2023-08-15 00:00:00-04:00,207.80510829390582,209.82061260642982,205.34499391814023,206.27371215820312,4076400,0.0,0.0
2023-08-16 00:00:00-04:00,205.5030886533483,207.17280366075545,204.46569023877296,204.50521850585938,2759600,0.0,0.0
2023-08-17 00:00:00-04:00,204.09025948764855,204.44592343307713,200.94842562248053,201.3930206298828,4062700,0.0,0.0
2023-08-18 00:00:00-04:00,198.55746095552738,203.03307945722128,197.79670018359081,202.37112426757812,4267200,0.0,0.0
2023-08-21 00:00:00-04:00,203.5270809015847,206.9060238336925,201.7684500493581,206.5207061767578,4023300,0.0,0.0
2023-08-22 00:00:00-04:00,207.33090277637453,207.5877762300384,203.52711331761847,204.27798461914062,3153200,0.0,0.0
2023-08-23 00:00:00-04:00,205.50308225634825,208.4571944910051,204.6534054478406,206.61952209472656,3833200,0.0,0.0
2023-08-24 00:00:00-04:00,208.47696017490296,209.44520678258235,202.97383215145052,203.04298400878906,3960300,0.0,0.0
2023-08-25 00:00:00-04:00,203.04297503596274,208.25959071885123,203.01333637332493,206.9554443359375,3068800,0.0,0.0
2023-08-28 00:00:00-04:00,207.92366243902762,210.91728777764965,207.1233884480952,209.1784210205078,4086900,0.0,0.0
2023-08-29 00:00:00-04:00,204.2680940573728,209.90955567041487,204.04085928636556,209.41555786132812,5850400,0.0,0.0
2023-08-30 00:00:00-04:00,209.22782252435442,213.00195769829463,206.91590147237616,212.45855712890625,9946000,0.0,0.0
2023-08-31 00:00:00-04:00,225.26301401519666,226.04352396557405,218.54464040663743,218.80152893066406,19268400,0.0,0.0
2023-09-01 00:00:00-04:00,220.81700366919017,221.28136278004712,217.87278117477334,218.8706512451172,5600900,0.0,0.0
2023-09-05 00:00:00-04:00,216.69707487626846,217.67519593900084,214.99772125296855,216.06475830078125,5807300,0.0,0.0
2023-09-06 00:00:00-04:00,216.83539496364705,219.54250832769776,216.39079995994808,218.95957946777344,5066700,0.0,0.0
2023-09-07 00:00:00-04:00,217.13181050030894,220.0562692126533,216.6773258632679,219.85867309570312,4201900,0.0,0.0
2023-09-08 00:00:00-04:00,220.63917346117287,222.7633578634158,220.18468887490428,222.06187438964844,4578900,0.0,0.0
2023-09-11 00:00:00-04:00,223.29689485380328,224.1070585355244,220.11554760596414,222.6053009033203,4418000,0.0,0.0
2023-09-12 00:00:00-04:00,220.76760515286531,222.09151558683254,218.60389246156385,218.9990997314453,4002300,0.0,0.0
2023-09-13 00:00:00-04:00,218.52485057627055,219.19669539593505,215.67943361681947,216.17343139648438,4173600,0.0,0.0
2023-09-14 00:00:00-04:00,216.78598783129766,217.92219179092504,215.71895079839908,216.15367126464844,4297200,0.0,0.0
2023-09-15 00:00:00-04:00,216.24259302853753,216.55875885812114,210.89754826823616,212.0337371826172,9939000,0.0,0.0
2023-09-18 00:00:00-04:00,211.9843468793256,213.78250622090906,211.6089037034747,212.4190673828125,4279400,0.0,0.0
2023-09-19 00:00:00-04:00,211.8163545284949,213.46630520353716,209.71191929042558,213.11062622070312,4001500,0.0,0.0
2023-09-20 00:00:00-04:00,212.61665067504256,214.57287774711588,210.3640219070511,210.4727020263672,2990900,0.0,0.0
2023-09-21 00:00:00-04:00,207.28149116580812,209.34639846393705,205.57226290604348,206.10577392578125,4957300,0.0,0.0
2023-09-22 00:00:00-04:00,206.79732069593163,207.20240243970264,203.40850361298428,203.95188903808594,3848300,0.0,0.0
2023-09-25 00:00:00-04:00,202.5391415973351,204.0507739846705,201.42270150481977,203.86305236816406,4067300,0.0,0.0
2023-09-26 00:00:00-04:00,203.0034572881449,203.9618142269028,198.86375330898548,200.05923461914062,5404500,0.0,0.0
2023-09-27 00:00:00-04:00,200.5532294431549,201.4819326305411,198.52783547659234,200.2963409423828,4123800,0.0,0.0
2023-09-28 00:00:00-04:00,198.3499848130103,202.6872847536927,197.15451861802373,200.7606964111328,4344000,0.0,0.0
2023-09-29 00:00:00-04:00,202.61814182302496,205.29560148794417,199.6739191218182,200.3457489013672,4405100,0.0,0.0
2023-10-02 00:00:00-04:00,198.38951662972133,202.64777519211935,198.11287907176623,201.26458740234375,3745700,0.0,0.0
2023-10-03 00:00:00-04:00,200.31609753743473,201.12626112382,195.05007945277748,197.43115234375,4622400,0.0,0.0
2023-10-04 00:00:00-04:00,198.46856451904273,200.30623697109374,197.1150002712975,199.44667053222656,3656400,0.0,0.0
2023-10-05 00:00:00-04:00,199.5751016679826,199.7232949706581,196.10724270483487,199.58497619628906,3592600,0.0,0.0
2023-10-06 00:00:00-04:00,198.07335859413863,205.76985295194334,197.49044479378588,204.8707733154297,4989200,0.0,0.0
2023-10-09 00:00:00-04:00,202.4304358895009,205.77974066843558,202.23283976704573,204.7324676513672,2781100,0.0,0.0
2023-10-10 00:00:00-04:00,205.14740136397836,206.70843618744195,203.7839626411371,204.3965301513672,4503500,0.0,0.0
2023-10-11 00:00:00-04:00,204.74234094951817,206.68869364901093,201.95620096573776,204.36691284179688,3971000,0.0,0.0
2023-10-12 00:00:00-04:00,205.33513718706146,206.07613392253512,200.82987944748035,203.2109375,3548500,0.0,0.0
2023-10-13 00:00:00-04:00,202.64779517955023,204.65342521035103,200.77060941176018,202.134033203125,3677500,0.0,0.0
2023-10-16 00:00:00-04:00,203.369007603827,206.97520053454556,202.57860812068208,206.02671813964844,3623200,0.0,0.0
2023-10-17 00:00:00-04:00,204.0112378493284,209.39581140789107,203.52711452832494,207.32101440429688,4006100,0.0,0.0
2023-10-18 00:00:00-04:00,206.3725091406172,207.11350578097205,201.73880773749997,202.37112426757812,3380800,0.0,0.0
2023-10-19 00:00:00-04:00,203.97169753920892,208.41767793395096,203.06274335646904,205.8192596435547,4995900,0.0,0.0
2023-10-20 00:00:00-04:00,204.87076100123463,205.61175767512862,199.6936588124069,201.28433227539062,5539100,0.0,0.0
2023-10-23 00:00:00-04:00,197.50032214702586,201.12627940761885,195.47494314817277,199.5751190185547,4564100,0.0,0.0
2023-10-24 00:00:00-04:00,201.28432464017476,202.18340418854294,198.5179341474501,201.76844787597656,3959600,0.0,0.0
2023-10-25 00:00:00-04:00,200.76070466562433,201.29423073664879,193.0839745651239,194.6944122314453,4490000,0.0,0.0
2023-10-26 00:00:00-04:00,195.05008755261494,197.26320310125402,191.3549786190983,193.89413452148438,5149100,0.0,0.0
2023-10-27 00:00:00-04:00,194.9315291765284,195.9293992760325,193.06421815033326,194.21029663085938,3168600,0.0,0.0
2023-10-30 00:00:00-04:00,196.61115135896026,198.1721864300805,194.71420135592794,196.87791442871094,3438300,0.0,0.0
2023-10-31 00:00:00-04:00,198.0140618921721,199.4861806559611,196.27519519029377,198.4191436767578,3425400,0.0,0.0
2023-11-01 00:00:00-04:00,198.50807641565936,202.03522798433787,198.08324553909134,201.46218872070312,3593600,0.0,0.0
2023-11-02 00:00:00-04:00,203.83337548536466,205.7599639437523,203.47769645646105,205.6117706298828,4963600,0.0,0.0
2023-11-03 00:00:00-04:00,206.8763961362265,207.65690601961805,204.71268338046792,204.9794464111328,3861900,0.0,0.0
2023-11-06 00:00:00-05:00,205.71056339148674,205.97731133981316,202.2328147786476,204.93003845214844,3729700,0.0,0.0
2023-11-07 00:00:00-05:00,206.98509084324257,210.77899056083692,206.45157981992546,209.2969970703125,5467100,0.0,0.0
2023-11-08 00:00:00-05:00,209.87001979004597,209.96882537852574,207.13326780581176,208.93142700195312,3433500,0.0,0.0
2023-11-09 00:00:00-05:00,211.0062451894201,211.01611971902466,206.5602646172936,207.4889678955078,4731400,0.0,0.0
2023-11-10 00:00:00-05:00,206.88627371664163,211.6978225658037,206.33299858978012,211.0655059814453,4112600,0.0,0.0
2023-11-13 00:00:00-05:00,210.01823430576218,213.54537079836982,209.21794519718486,212.69569396972656,3306600,0.0,0.0
2023-11-14 00:00:00-05:00,216.37103342528988,218.5940234947278,215.33363504442895,218.5248565673828,4743800,0.0,0.0
2023-11-15 00:00:00-05:00,218.10003145708365,218.71258391262987,215.0471286326387,216.78599548339844,4800700,0.0,0.0
2023-11-16 00:00:00-05:00,217.35903534960886,220.09578742495617,216.3117624095685,218.7916259765625,3712300,0.0,0.0
2023-11-17 00:00:00-05:00,218.51497403841935,220.1155220056178,217.7344641869974,218.5643768310547,3634900,0.0,0.0
2023-11-20 00:00:00-05:00,218.77184883848219,223.38580135385763,217.97157484981943,222.4274444580078,4599300,0.0,0.0
2023-11-21 00:00:00-05:00,221.31101617600285,223.25736872967147,220.8565315630844,221.62718200683594,3852300,0.0,0.0
2023-11-22 00:00:00-05:00,221.60742346716367,222.98073679382395,220.53051184548684,221.15293884277344,3893600,0.0,0.0
2023-11-24 00:00:00-05:00,221.66666775388134,221.79511199120702,219.45355243889966,221.68643188476562,1869100,0.0,0.0
2023-11-27 00:00:00-05:00,222.79299041253307,223.50434839506576,221.55799600891592,222.0915069580078,4885500,0.0,0.0
2023-11-28 00:00:00-05:00,220.92571403655958,222.82266392818036,219.56227517748746,222.21998596191406,5535300,0.0,0.0
2023-11-29 00:00:00-05:00,225.8656753150618,228.720982003572,224.53187522129545,227.5847930908203,12327400,0.0,0.0
2023-11-30 00:00:00-05:00,246.06032007083977,249.46890205407897,240.72513450629307,248.8760986328125,24425700,0.0,0.0
2023-12-01 00:00:00-05:00,246.99891897348257,260.2676936644416,246.7025172555909,256.8788757324219,14538200,0.0,0.0
2023-12-04 00:00:00-05:00,249.76529574146704,252.0574377404577,246.85071167770306,247.65098571777344,11429200,0.0,0.0
2023-12-05 00:00:00-05:00,246.98903379457607,248.64885922221512,245.6552336593814,248.0066680908203,5771500,0.0,0.0
2023-12-06 00:00:00-05:00,248.50065209098116,250.9311127714086,245.86270570582644,246.13934326171875,5374800,0.0,0.0
2023-12-07 00:00:00-05:00,245.7639110823138,247.7201381935752,243.926238621548,245.8627166748047,6568200,0.0,0.0
2023-12-08 00:00:00-05:00,245.56631440283664,249.06381226488816,245.02291379663205,247.79917907714844,4605800,0.0,0.0
2023-12-11 00:00:00-05:00,246.99888800291205,250.47663656716546,246.7123759260996,249.0736846923828,4766000,0.0,0.0
2023-12-12 00:00:00-05:00,248.77727180565591,253.49987404988028,248.00663651584884,253.3714599609375,5827600,0.0,0.0
2023-12-13 00:00:00-05:00,254.4187549000364,256.00941333278877,252.0969592253436,254.2310333251953,6567600,0.0,0.0
2023-12-14 00:00:00-05:00,253.4208917395376,255.66363107709583,250.1802671174947,254.1223602294922,6613200,0.0,0.0
2023-12-15 00:00:00-05:00,251.94875328081594,259.1611241974673,251.45475547934143,258.45965576171875,13739500,0.0,0.0
2023-12-18 00:00:00-05:00,256.70104833968554,262.40177263714025,256.56271446999256,260.42578125,7498500,0.0,0.0
2023-12-19 00:00:00-05:00,262.2831878766766,263.3798484980859,260.57394466851997,261.166748046875,4665500,0.0,0.0
2023-12-20 00:00:00-05:00,258.51893190412596,261.73980720341206,256.9578819739114,257.1258544921875,4510500,0.0,0.0
2023-12-21 00:00:00-05:00,261.5718202225174,265.1384696630644,261.0679328467826,264.04180908203125,5160700,0.0,0.0
2023-12-22 00:00:00-05:00,264.05173050685187,264.93103096816344,262.11523729873886,263.14276123046875,3110600,0.0,0.0
2023-12-26 00:00:00-05:00,262.34248103587726,263.33047667569923,261.44340138549114,263.0242004394531,3218800,0.0,0.0
2023-12-27 00:00:00-05:00,262.74752268382747,263.8046850930591,262.2139966775713,263.5181579589844,3387000,0.0,0.0
2023-12-28 00:00:00-05:00,263.3008455017366,263.715816948808,262.11523863973383,262.3918762207031,2958700,0.0,0.0
2023-12-29 00:00:00-05:00,261.8286868249943,262.460988241533,259.4970018578879,259.98114013671875,3706600,0.0,0.0
2024-01-02 00:00:00-05:00,257.41239276436755,257.4321418227445,250.7236580532121,253.05532836914062,4741400,0.0,0.0
2024-01-03 00:00:00-05:00,250.45687925768027,251.10895995791913,248.7476511273112,248.81680297851562,5097100,0.0,0.0
2024-01-04 00:00:00-05:00,248.80692805471895,249.607202060279,246.84081142855806,248.22401428222656,4489800,0.0,0.0
2024-01-05 00:00:00-05:00,248.1943692895836,250.86195426527308,247.16684547299982,248.10543823242188,3676000,0.0,0.0
2024-01-08 00:00:00-05:00,249.18237301547987,258.4201226857584,248.3722093998438,257.7384033203125,6626000,0.0,0.0
2024-01-09 00:00:00-05:00,256.3848202546853,260.76163287861493,255.67346232191792,258.2027282714844,4571800,0.0,0.0
2024-01-10 00:00:00-05:00,260.1095976336781,263.2613060930937,259.59585076254086,260.95928955078125,5128300,0.0,0.0
2024-01-11 00:00:00-05:00,264.7828234325696,269.6832732149465,261.9176421943295,268.12225341796875,9012600,0.0,0.0
2024-01-12 00:00:00-05:00,267.97407055097216,271.93591259793584,267.80609802421293,268.6656494140625,4847600,0.0,0.0
2024-01-16 00:00:00-05:00,266.46241399419085,268.3099608630454,264.5061719353399,265.9585266113281,5858700,0.0,0.0
2024-01-17 00:00:00-05:00,265.0693385554277,268.63598807220694,260.95927338720185,268.1815185546875,4706500,0.0,0.0
2024-01-18 00:00:00-05:00,269.72281796696615,272.3805287319263,268.87315616317954,271.165283203125,4752400,0.0,0.0
2024-01-19 00:00:00-05:00,273.19067327641386,278.6147594774202,272.22242673300593,277.5082092285156,7413600,0.0,0.0
2024-01-22 00:00:00-05:00,280.383244340076,282.2900683708539,276.80670554416696,276.93511962890625,6735900,0.0,0.0
2024-01-23 00:00:00-05:00,277.45876917278974,278.32821005633434,272.40023692441827,273.447509765625,6573800,0.0,0.0
2024-01-24 00:00:00-05:00,276.6190364809212,277.58725293351995,273.36852230848365,273.5562438964844,7037800,0.0,0.0
2024-01-25 00:00:00-05:00,275.26547896163714,276.49061418347077,273.5364864146722,275.6804504394531,4178000,0.0,0.0
2024-01-26 00:00:00-05:00,275.92741755891427,279.93867739325555,275.3445037570132,276.5794982910156,4877400,0.0,0.0
2024-01-29 00:00:00-05:00,278.02194553006643,284.69091558348543,277.62675333492496,284.4043884277344,5762300,0.0,0.0
2024-01-30 00:00:00-05:00,284.17719538070816,285.81727178793886,283.08050452382423,284.2760009765625,4810900,0.0,0.0
2024-01-31 00:00:00-05:00,280.64015697230104,282.20120700985944,277.4489502667118,277.7156982421875,4557300,0.0,0.0
2024-02-01 00:00:00-05:00,278.62463710058057,281.6281218895295,277.98241586657116,280.39312744140625,3218300,0.0,0.0
2024-02-02 00:00:00-05:00,281.7763349455667,284.70079324845295,279.7608156382658,282.2308044433594,3629600,0.0,0.0
2024-02-05 00:00:00-05:00,282.81374036256295,285.58011598072545,277.982427408319,284.6513977050781,5274800,0.0,0.0
2024-02-06 00:00:00-05:00,284.483398132633,285.1750069737182,278.52578707156107,282.3987121582031,4207200,0.0,0.0
2024-02-07 00:00:00-05:00,283.9004856065324,286.32105625761596,281.7763015164054,285.3725891113281,3621400,0.0,0.0
2024-02-08 00:00:00-05:00,285.827130415562,289.59139144222496,285.5109947214704,288.4453430175781,4488400,0.0,0.0
2024-02-09 00:00:00-05:00,289.7297347505866,291.695836516185,287.5561321821596,287.8031311035156,4376300,0.0,0.0
2024-02-12 00:00:00-05:00,287.3289571159671,287.50678913067816,283.55480577493,283.8709716796875,3750000,0.0,0.0
2024-02-13 00:00:00-05:00,277.0437953917629,280.02753066319514,273.1017033705406,277.77490234375,4956600,0.0,0.0
2024-02-14 00:00:00-05:00,281.57871873029984,285.9851702372086,281.2230548213362,285.67889404296875,3850700,0.0,0.0
2024-02-15 00:00:00-05:00,287.84262144130577,288.4947021259025,284.5526095089461,288.4354248046875,3986500,0.0,0.0
2024-02-16 00:00:00-05:00,288.4946632685683,288.5638301844135,284.42412695349583,286.2420349121094,4159400,0.0,0.0
2024-02-20 00:00:00-05:00,286.02473938741923,287.3585395391618,280.738956653467,282.95208740234375,4295500,0.0,0.0
2024-02-21 00:00:00-05:00,276.707973330841,280.16595841075286,275.0184789114791,280.14617919921875,3797200,0.0,0.0
2024-02-22 00:00:00-05:00,288.4947217007785,291.0931550115274,287.901918297174,290.1249084472656,5264300,0.0,0.0
2024-02-23 00:00:00-05:00,294.4226532575536,294.4226532575536,287.5857112643608,289.2850646972656,4416800,0.0,0.0
2024-02-26 00:00:00-05:00,292.0416599296074,300.18273525578263,291.4587460556446,296.7840576171875,8719300,0.0,0.0
2024-02-27 00:00:00-05:00,297.9596805346505,298.12765304234273,293.0394820612614,295.9046630859375,6178800,0.0,0.0
2024-02-28 00:00:00-05:00,295.98372616665455,297.26813861370476,293.0493778542677,296.17144775390625,12490800,0.0,0.0
2024-02-29 00:00:00-05:00,296.3986946279696,306.8121772082445,291.25124574027615,305.1128234863281,21737800,0.0,0.0
2024-03-01 00:00:00-05:00,303.31467804186707,314.8840991756457,302.9392348539693,313.0760803222656,9450200,0.0,0.0
2024-03-04 00:00:00-05:00,310.79380914013393,313.83682257627595,309.7761747930125,310.86297607421875,9350000,0.0,0.0
2024-03-05 00:00:00-05:00,307.5729190665558,308.79802400694234,292.58504215139726,295.1636962890625,9015300,0.0,0.0
2024-03-06 00:00:00-05:00,300.9928540396655,302.2179890886607,299.1057788221952,300.1234130859375,8270000,0.0,0.0
2024-03-07 00:00:00-05:00,302.3266224332344,303.0873681123655,298.1276415661061,298.78961181640625,6788900,0.0,0.0
2024-03-08 00:00:00-05:00,298.5723124399148,305.1622268706784,298.5723124399148,301.6153259277344,4851600,0.0,0.0
2024-03-11 00:00:00-04:00,299.0070093408519,303.91731863415316,296.6456853330525,302.32666015625,4895500,0.0,0.0
2024-03-12 00:00:00-04:00,303.02812497108897,305.3301716260945,300.2222210580376,302.939208984375,4832000,0.0,0.0
2024-03-13 00:00:00-04:00,301.7322892771597,304.43305145636157,299.86252387833866,301.41571044921875,5548800,0.4,0.0
2024-03-14 00:00:00-04:00,301.7322754671155,306.17416061545356,298.76441701989796,300.0702819824219,4828800,0.0,0.0
2024-03-15 00:00:00-04:00,295.7569743406349,296.83529260445295,290.62257688691585,291.17657470703125,11885100,0.0,0.0
2024-03-18 00:00:00-04:00,296.4099564921705,297.7454990358206,292.8485197726443,297.2904357910156,5240500,0.0,0.0
2024-03-19 00:00:00-04:00,294.98538190625186,298.5369161030019,293.4420976923611,298.2203674316406,3329900,0.0,0.0
2024-03-20 00:00:00-04:00,298.7347381365779,303.7306210879537,297.46845307977543,302.8006896972656,4946600,0.0,0.0
2024-03-21 00:00:00-04:00,304.6407771771472,308.45940719620796,303.0678158332374,305.0859680175781,6083900,0.0,0.0
2024-03-22 00:00:00-04:00,306.0060069004833,306.90626094261853,303.3645995293291,304.47259521484375,3779000,0.0,0.0
2024-03-25 00:00:00-04:00,300.4462135022352,304.4132304033637,299.29863795425695,302.7809143066406,4141200,0.0,0.0
2024-03-26 00:00:00-04:00,304.1857215725864,304.680364656208,301.6234740223004,302.5533752441406,3893900,0.0,0.0
2024-03-27 00:00:00-04:00,304.14610247985263,305.9861600223163,295.4304948847936,298.1510314941406,3859900,0.0,0.0
2024-03-28 00:00:00-04:00,296.78589645666574,299.5558860806789,296.4198653482021,297.9532470703125,4892300,0.0,0.0
2024-04-01 00:00:00-04:00,298.45776707996214,300.2582752759903,296.77596840180485,299.02166748046875,2918100,0.0,0.0
2024-04-02 00:00:00-04:00,294.31265103189565,301.1980746833356,291.730628484088,300.7430114746094,4746100,0.0,0.0
2024-04-03 00:00:00-04:00,300.7330720456801,303.8691222682996,299.8526231153094,301.47503662109375,3047400,0.0,0.0
2024-04-04 00:00:00-04:00,304.95739528181883,307.9648038056736,288.9705255341391,290.9886779785156,8351000,0.0,0.0
2024-04-05 00:00:00-04:00,290.3950642944449,300.1692162657415,290.1576150893402,298.6753845214844,4918200,0.0,0.0
2024-04-08 00:00:00-04:00,297.8740593616041,300.24834003213687,296.3109703716601,298.497314453125,3142900,0.0,0.0
2024-04-09 00:00:00-04:00,300.0702659967041,302.3258370888031,296.0438643387303,299.13043212890625,2997700,0.0,0.0
2024-04-10 00:00:00-04:00,295.2524642179776,297.6960022216823,294.9556602579294,296.409912109375,3036400,0.0,0.0
2024-04-11 00:00:00-04:00,296.26152510340404,297.86416383890906,293.23431189397957,295.9449462890625,3468600,0.0,0.0
2024-04-12 00:00:00-04:00,293.6893544455407,294.65886567489423,290.35546517841976,291.16668701171875,3820000,0.0,0.0
2024-04-15 00:00:00-04:00,279.9086381296287,283.410719709562,268.7494910695705,269.9761962890625,18365100,0.0,0.0
2024-04-16 00:00:00-04:00,271.83600865621634,277.55408058714994,269.521083015383,274.4378356933594,7624300,0.0,0.0
2024-04-17 00:00:00-04:00,274.76435821584954,275.98119119323854,271.8954340788356,273.3595886230469,4199400,0.0,0.0
2024-04-18 00:00:00-04:00,273.3595670618035,273.36943939407547,266.8599495526232,269.0067138671875,5918200,0.0,0.0
2024-04-19 00:00:00-04:00,269.5705789703492,270.22351146583037,265.85088349845057,267.4732971191406,4913600,0.0,0.0
2024-04-22 00:00:00-04:00,276.3966678686032,276.70334415533637,266.6719682506047,270.8764343261719,6747200,0.0,0.0
2024-04-23 00:00:00-04:00,272.00425244023484,273.73550328815986,267.5128846442447,273.7156982421875,6285200,0.0,0.0
2024-04-24 00:00:00-04:00,275.0215319141225,275.95146325023245,271.17319454800145,273.2309265136719,3938800,0.0,0.0
2024-04-25 00:00:00-04:00,268.6901746724826,270.6489422941364,266.39502312912003,270.21368408203125,4811900,0.0,0.0
2024-04-26 00:00:00-04:00,272.0536725065324,273.933310023909,270.5301634871235,271.3512878417969,3754600,0.0,0.0
2024-04-29 00:00:00-04:00,271.9448974856773,274.3191783229802,270.2927762509873,272.7857666015625,3576400,0.0,0.0
2024-04-30 00:00:00-04:00,271.56895546557405,271.66785992981664,265.48482138375783,266.0586242675781,5218000,0.0,0.0
2024-05-01 00:00:00-04:00,266.13776097451904,271.06441708802635,263.6942228683271,265.8113098144531,3761000,0.0,0.0
2024-05-02 00:00:00-04:00,267.5326484765471,270.1542507572642,265.06933560399256,269.2144470214844,3859900,0.0,0.0
2024-05-03 00:00:00-04:00,273.8542366624147,274.6951360427981,270.42141204580264,270.72808837890625,4041600,0.0,0.0
2024-05-06 00:00:00-04:00,273.2111638816895,274.16087011338,271.12375444769026,272.67694091796875,3744800,0.0,0.0
2024-05-07 00:00:00-04:00,272.6373961391329,275.8921563803691,271.1336918960387,274.2103576660156,3507700,0.0,0.0
2024-05-08 00:00:00-04:00,272.7758930478209,276.9407794697765,272.7758930478209,275.9811706542969,3283300,0.0,0.0
2024-05-09 00:00:00-04:00,269.25400456522846,272.39992704088553,268.16578384360065,272.22186279296875,4709700,0.0,0.0
2024-05-10 00:00:00-04:00,273.14194065415825,276.6440224452385,272.0240423571029,273.7058410644531,2912300,0.0,0.0
2024-05-13 00:00:00-04:00,274.1708494549779,274.8237519161513,272.2417288841807,274.5467529296875,2998700,0.0,0.0
2024-05-14 00:00:00-04:00,273.992670502794,275.8723080594741,272.09325809268506,273.8343811035156,3056800,0.0,0.0
2024-05-15 00:00:00-04:00,276.7429004320802,284.71654445763374,276.73302810011114,284.4593505859375,5828500,0.0,0.0
2024-05-16 00:00:00-04:00,286.3192422787033,286.9127898814306,281.5310702188177,281.6300048828125,3559200,0.0,0.0
2024-05-17 00:00:00-04:00,283.9647205275259,284.2614943125598,281.2145060872753,282.5500183105469,3478900,0.0,0.0
2024-05-20 00:00:00-04:00,282.9358413302844,284.6374147305248,282.0553621577252,283.994384765625,2799300,0.0,0.0
2024-05-21 00:00:00-04:00,283.7173844708764,284.142770271216,280.2548829329523,280.7198486328125,3492100,0.0,0.0
2024-05-22 00:00:00-04:00,280.37359437358157,284.0141601985175,279.7997914937387,280.7792053222656,3309200,0.0,0.0
2024-05-23 00:00:00-04:00,283.608576785551,283.9251556333999,274.48735629242117,275.5854797363281,5456600,0.0,0.0
2024-05-24 00:00:00-04:00,268.02723606852334,272.0140572525001,265.65295581884345,269.3726806640625,8325100,0.0,0.0
2024-05-28 00:00:00-04:00,270.1740412814433,270.30265330557654,264.2976794031939,266.9390563964844,9294100,0.0,0.0
2024-05-29 00:00:00-04:00,265.12868886091525,269.94650759292637,264.9011421772258,268.70989990234375,13397900,0.0,0.0
2024-05-30 00:00:00-04:00,221.00650680040437,222.67840271026915,209.72865139555876,215.67425537109375,66763300,0.0,0.0
2024-05-31 00:00:00-04:00,216.76250856774948,232.10633271000063,213.74518251783536,231.9282684326172,36807400,0.0,0.0
2024-06-03 00:00:00-04:00,232.10632746778333,238.40809093666886,227.743586722013,234.08489990234375,19962700,0.0,0.0
2024-06-04 00:00:00-04:00,233.19453670821804,238.0123555154584,229.71224517047568,232.34375,11197500,0.0,0.0
2024-06-05 00:00:00-04:00,233.1154007494996,234.38168588431347,229.06922379380043,233.99586486816406,10772100,0.0,0.0
2024-06-06 00:00:00-04:00,237.30998458790097,244.10637612614184,236.88458366140273,240.15911865234375,11693800,0.0,0.0
2024-06-07 00:00:00-04:00,239.73371848958018,241.316567298466,237.7155662569664,239.2588653564453,6883800,0.0,0.0
2024-06-10 00:00:00-04:00,239.1994798194223,241.02966514516496,237.85405011768432,239.2489471435547,7656900,0.0,0.0
2024-06-11 00:00:00-04:00,238.57625789321708,241.1385054668937,233.7287465722869,238.4080810546875,7264400,0.0,0.0
2024-06-12 00:00:00-04:00,237.98266280336395,239.60509141038688,232.3734124041693,233.27366638183594,10260100,0.0,0.0
2024-06-13 00:00:00-04:00,232.99669053708172,233.12528747853975,226.2101865871021,226.5762176513672,13566700,0.0,0.0
2024-06-14 00:00:00-04:00,226.89278483963028,232.72956709419873,226.74438285974952,229.4550323486328,8833700,0.0,0.0
2024-06-17 00:00:00-04:00,227.81281168411914,229.3560956511484,225.32970890078963,228.0106658935547,10563700,0.0,0.0
2024-06-18 00:00:00-04:00,228.0106788188837,229.80128442303925,226.77407107067577,229.32643127441406,7119800,0.0,0.0
2024-06-20 00:00:00-04:00,230.355302948724,241.158306687056,230.355302948724,239.20941162109375,14809600,0.0,0.0
2024-06-21 00:00:00-04:00,237.99257831188092,242.74113979475362,237.61664474128514,242.43446350097656,15719600,0.0,0.0
2024-06-24 00:00:00-04:00,240.5845192170878,241.79144961792878,237.24072694964548,237.3693389892578,7545700,0.0,0.0
2024-06-25 00:00:00-04:00,239.18962027328695,240.49548532511884,237.30007997645885,239.16983032226562,6037800,0.0,0.0
2024-06-26 00:00:00-04:00,238.88292838501286,241.0000001469586,237.3297418802739,240.544921875,4524700,0.0,0.0
2024-06-27 00:00:00-04:00,242.37511901975878,255.82941737897937,241.83100859065252,250.14102172851562,12869000,0.0,0.0
2024-06-28 00:00:00-04:00,250.78403807848227,257.3924622897924,250.46745926592894,254.34547424316406,12619300,0.0,0.0
2024-07-01 00:00:00-04:00,255.38422926073724,256.6999968277493,251.803018008409,253.4650115966797,5871700,0.0,0.0
2024-07-02 00:00:00-04:00,252.31746572291067,254.96876077124222,251.33806688308306,253.44525146484375,5130600,0.0,0.0
2024-07-03 00:00:00-04:00,254.22676857227853,258.4213322347438,254.1871886724578,258.15423583984375,4755700,0.0,0.0
2024-07-05 00:00:00-04:00,259.90530399593825,262.96219511124826,258.52030918181083,260.3702697753906,6562100,0.0,0.0
2024-07-08 00:00:00-04:00,258.5796420854942,260.02399154164806,254.4345303271486,254.6125946044922,6539300,0.0,0.0
2024-07-09 00:00:00-04:00,253.74066996033076,254.64232540252667,248.78653911592363,250.11424255371094,7014900,0.4,0.0
2024-07-10 00:00:00-04:00,248.89550323591263,252.46248309925832,243.8522022192758,250.2727508544922,8947700,0.0,0.0
2024-07-11 00:00:00-04:00,250.2826718756605,253.0767935373784,248.6180762126491,248.8162384033203,5341800,0.0,0.0
2024-07-12 00:00:00-04:00,249.31167393278065,252.94800413143543,247.39938669800452,251.64012145996094,4705500,0.0,0.0
2024-07-15 00:00:00-04:00,253.67129757522991,254.0379286467674,249.80708167526035,250.54029846191406,4404300,0.0,0.0
2024-07-16 00:00:00-04:00,251.45186970649118,254.42434828143004,250.35205202901147,253.6812286376953,4780400,0.0,0.0
2024-07-17 00:00:00-04:00,251.66985512714626,253.2254595201962,247.32012870824437,248.9153594970703,5625300,0.0,0.0
2024-07-18 00:00:00-04:00,249.82687586105695,250.1340295128992,243.46577453059044,245.08082580566406,6351600,0.0,0.0
2024-07-19 00:00:00-04:00,246.3689234433536,246.70581583462027,242.92085257254473,245.35829162597656,4468900,0.0,0.0
2024-07-22 00:00:00-04:00,246.46800969192537,253.23535424465805,245.72489006471355,251.74911499023438,5647600,0.0,0.0
2024-07-23 00:00:00-04:00,254.2360894319847,254.9692911393405,251.42214667018013,253.71095275878906,3905500,0.0,0.0
2024-07-24 00:00:00-04:00,251.30324265435354,253.56232507936082,246.61662405335565,247.48855590820312,5204100,0.0,0.0
2024-07-25 00:00:00-04:00,252.40301782123387,261.6573138089982,249.41071910189268,254.1666717529297,7155800,0.0,0.0
2024-07-26 00:00:00-04:00,255.80156786336107,262.0635653530551,254.71165318968295,260.2998962402344,6127300,0.0,0.0
2024-07-29 00:00:00-04:00,260.29991101398406,263.63899006561377,256.1483473197158,256.21771240234375,5101400,0.0,0.0
2024-07-30 00:00:00-04:00,257.2382649928474,258.3579033140673,252.77954758186638,255.5637664794922,3944300,0.0,0.0
2024-07-31 00:00:00-04:00,253.8595452928734,259.427983107866,253.0074493653636,256.42578125,4647700,0.0,0.0
2024-08-01 00:00:00-04:00,257.5157116268895,260.94396165652313,247.4489293827774,250.73846435546875,5527400,0.0,0.0
2024-08-02 00:00:00-04:00,245.51680533532763,245.72488547933938,238.90799672157164,241.7318572998047,6504500,0.0,0.0
2024-08-05 00:00:00-04:00,230.18875289337228,239.60160191001,230.07976140526944,236.81736755371094,6899300,0.0,0.0
2024-08-06 00:00:00-04:00,238.87827687772065,241.61296677358075,235.84635122692572,236.23277282714844,5673900,0.0,0.0
2024-08-07 00:00:00-04:00,240.38432096152468,244.26835746307742,237.4613869874191,237.837890625,4035500,0.0,0.0
2024-08-08 00:00:00-04:00,241.0085475031773,247.14174840046056,240.85001169767943,246.8345947265625,4474300,0.0,0.0
2024-08-09 00:00:00-04:00,246.4184370050827,250.6294477414019,246.17073049118156,250.2133026123047,2975300,0.0,0.0
2024-08-12 00:00:00-04:00,250.2826754607024,251.7589966533348,246.73551625729607,249.00450134277344,3679700,0.0,0.0
2024-08-13 00:00:00-04:00,250.67900021491758,253.43349552951375,250.67900021491758,252.2643280029297,4031600,0.0,0.0
2024-08-14 00:00:00-04:00,253.04707213183485,255.34578077715807,251.53110943794854,252.97772216796875,4145200,0.0,0.0
2024-08-15 00:00:00-04:00,255.53402710711555,260.4782695587321,253.88925226868872,260.3791809082031,5167900,0.0,0.0
2024-08-16 00:00:00-04:00,259.3487459424135,261.1817803757758,257.29772854555483,260.49810791015625,3494900,0.0,0.0
2024-08-19 00:00:00-04:00,260.68635227770824,262.95535250732274,259.22983670500196,262.9454345703125,4501300,0.0,0.0
2024-08-20 00:00:00-04:00,262.51938155576465,263.06432380381614,258.63533002405535,259.4378967285156,5731300,0.0,0.0
2024-08-21 00:00:00-04:00,258.70471163862516,259.7351792924982,256.80231214206066,258.6947937011719,4648200,0.0,0.0
2024-08-22 00:00:00-04:00,259.1010199236984,260.8448835005592,254.90981471969812,256.21771240234375,5111400,0.0,0.0
2024-08-23 00:00:00-04:00,259.5865243143035,263.1634223146865,258.308380396437,261.5780944824219,4711300,0.0,0.0
2024-08-26 00:00:00-04:00,261.51867102523556,264.84783256072484,260.8250805865339,262.84637451171875,3818300,0.0,0.0
2024-08-27 00:00:00-04:00,257.26796860879716,262.0338393193739,257.02026210518045,261.7762451171875,5276400,0.0,0.0
2024-08-28 00:00:00-04:00,259.4279850487505,262.7472585388257,254.99899116216827,256.5248718261719,10981900,0.0,0.0
2024-08-29 00:00:00-04:00,268.5237868641205,269.4551658026557,253.9289077523873,254.6522216796875,14301700,0.0,0.0
2024-08-30 00:00:00-04:00,255.0782846932192,256.75278329403153,248.69736191278247,250.57992553710938,10507700,0.0,0.0
2024-09-03 00:00:00-04:00,250.3024970990101,251.3626883362158,244.37736095707453,245.78433227539062,6190400,0.0,0.0
2024-09-04 00:00:00-04:00,244.20893044083076,247.1913118077581,242.91095056060263,245.40782165527344,4706500,0.0,0.0
2024-09-05 00:00:00-04:00,243.72340652897915,246.22029260272342,242.75240115761463,243.86212158203125,4083600,0.0,0.0
2024-09-06 00:00:00-04:00,245.4672761228171,247.7065377815921,239.22506834695955,241.7318572998047,6259400,0.0,0.0
2024-09-09 00:00:00-04:00,244.23864893155258,247.07241235960808,242.5245239045688,243.50543212890625,4588800,0.0,0.0
2024-09-10 00:00:00-04:00,244.86286647211946,245.07093149299567,241.07790339652593,243.90176391601562,3544800,0.0,0.0
2024-09-11 00:00:00-04:00,242.56414495727648,247.72635579986428,239.7898287410246,247.28048706054688,4822200,0.0,0.0
2024-09-12 00:00:00-04:00,249.0837770413773,251.80854886415008,247.28048136953987,251.0456085205078,5219700,0.0,0.0
2024-09-13 00:00:00-04:00,250.22322815576874,254.47386566808734,250.1340574311791,252.234619140625,4998900,0.0,0.0
2024-09-16 00:00:00-04:00,252.23458659174068,255.4448532131657,252.23458659174068,254.55311584472656,5367000,0.0,0.0
2024-09-17 00:00:00-04:00,256.34653776159587,256.9905686990718,252.42285963148268,252.8489227294922,5423400,0.0,0.0
2024-09-18 00:00:00-04:00,254.04970679283613,254.16878774728167,249.04810985307088,250.50689697265625,4436700,0.4,0.0
2024-09-19 00:00:00-04:00,258.7337220820819,267.4865347282224,256.0840499858392,263.96356201171875,11022800,0.0,0.0
2024-09-20 00:00:00-04:00,263.98346579910145,268.26062850476694,259.32919320169236,264.7674255371094,11463200,0.0,0.0
2024-09-23 00:00:00-04:00,265.21396133908655,266.01778794784104,260.2421202304283,262.1971130371094,6034000,0.0,0.0
2024-09-24 00:00:00-04:00,267.7743311435845,270.38429976621893,264.2613218573424,268.37969970703125,7154500,0.0,0.0
2024-09-25 00:00:00-04:00,268.38963850890605,274.93933339419,267.32778283877536,272.00189208984375,7920000,0.0,0.0
2024-09-26 00:00:00-04:00,274.0263255021704,276.5172129134848,270.63236723541894,273.6591491699219,5253400,0.0,0.0
2024-09-27 00:00:00-04:00,274.1553303596473,275.7232798469827,272.96446041313067,274.5324401855469,5220100,0.0,0.0
2024-09-30 00:00:00-04:00,271.8629480342527,273.63928927077893,267.08959502075254,271.624755859375,5059700,0.0,0.0
2024-10-01 00:00:00-04:00,272.0515345526866,272.6072658834686,267.6354238610257,268.8064270019531,4369900,0.0,0.0
2024-10-02 00:00:00-04:00,271.63473206150934,279.8516516868692,268.7866013030761,277.3508605957031,8512300,0.0,0.0
2024-10-03 00:00:00-04:00,276.86454191896075,278.9783196414862,275.61416165605294,278.7699279785156,3868400,0.0,0.0
2024-10-04 00:00:00-04:00,281.6974214011695,285.6967482513236,279.3256451678305,285.55780029296875,6129900,0.0,0.0
2024-10-07 00:00:00-04:00,284.3967049920806,285.97461838356645,281.2211020499471,282.40203857421875,4794700,0.0,0.0
2024-10-08 00:00:00-04:00,283.82115131765556,290.40064648926926,281.9356322435412,289.3487243652344,5211200,0.0,0.0
2024-10-09 00:00:00-04:00,288.6044326498607,289.34871887170266,284.892904763085,285.7265319824219,4851000,0.0,0.0
2024-10-10 00:00:00-04:00,285.72655279294054,288.01895210037094,282.4516750072641,287.95941162109375,3965500,0.0,0.0
2024-10-11 00:00:00-04:00,287.006711065969,288.02886303437316,284.11887660337004,285.9051818847656,3597000,0.0,0.0
2024-10-14 00:00:00-04:00,287.71131515896195,290.22203964305663,286.0540243981558,289.418212890625,3642500,0.0,0.0
2024-10-15 00:00:00-04:00,291.2243150507366,291.3433960049719,285.80591963743404,286.15325927734375,3850800,0.0,0.0
2024-10-16 00:00:00-04:00,285.3593534285688,288.7037052873726,282.06466911224425,288.6441345214844,3497000,0.0,0.0
2024-10-17 00:00:00-04:00,289.73574238619153,291.10523392928116,287.8899270264342,288.8922119140625,2830000,0.0,0.0
2024-10-18 00:00:00-04:00,289.8151450442657,292.46478708553286,287.9395291921711,290.7082824707031,3087900,0.0,0.0
2024-10-21 00:00:00-04:00,286.798299338365,290.68844876555454,285.8456214259229,289.07086181640625,2712600,0.0,0.0
2024-10-22 00:00:00-04:00,287.54258762465736,289.7159058952571,285.45858006975675,286.1333923339844,3100100,0.0,0.0
2024-10-23 00:00:00-04:00,285.53803124489525,286.1036658641882,280.4669444093482,282.2631530761719,3227100,0.0,0.0
2024-10-24 00:00:00-04:00,284.37685947291857,286.7089622128459,283.0073680645748,284.5753479003906,3210700,0.0,0.0
2024-10-25 00:00:00-04:00,287.7906747919397,292.1373112085486,286.62957495096276,288.2471618652344,3351200,0.0,0.0
2024-10-28 00:00:00-04:00,291.3632639802696,293.81444791330256,290.2617045797951,291.5319519042969,3867800,0.0,0.0
2024-10-29 00:00:00-04:00,291.76024512080215,298.3099709662461,290.5793083725061,296.6130065917969,4280700,0.0,0.0
2024-10-30 00:00:00-04:00,294.80681575053603,297.25799956856685,294.0922997712089,294.14190673828125,2826500,0.0,0.0
2024-10-31 00:00:00-04:00,290.37084772925857,293.8342496492291,287.34406582922696,289.15020751953125,4301800,0.0,0.0
2024-11-01 00:00:00-04:00,288.0189173177721,294.72739621523795,287.7906586513844,292.4747009277344,3527500,0.0,0.0
2024-11-04 00:00:00-05:00,295.7198180418061,297.893136423992,290.6884657552521,295.73968505859375,5107900,0.0,0.0
2024-11-05 00:00:00-05:00,295.17399532730803,296.5335533188354,292.49455280431073,295.2236022949219,4456100,0.0,0.0
2024-11-06 00:00:00-05:00,302.67643143006325,306.20930801017766,300.7611419356645,304.56195068359375,5874900,0.0,0.0
2024-11-07 00:00:00-05:00,305.15734306764017,309.8116152107305,303.66877066243217,308.412353515625,5722600,0.0,0.0
2024-11-08 00:00:00-05:00,307.6680519690885,320.35068701755256,307.0825504864499,319.49725341796875,8485000,0.0,0.0
2024-11-11 00:00:00-05:00,322.77212667228025,342.2525830062161,322.77212667228025,339.1265869140625,13954200,0.0,0.0
2024-11-12 00:00:00-05:00,336.7051795352578,346.20224893805914,335.93112305730034,338.5509948730469,7659700,0.0,0.0
2024-11-13 00:00:00-05:00,342.86783938280405,345.53734828300503,336.1891003787379,339.11663818359375,6902900,0.0,0.0
2024-11-14 00:00:00-05:00,339.83118952027087,343.3640659260675,328.29971908825195,329.1233825683594,7630600,0.0,0.0
2024-11-15 00:00:00-05:00,324.43930374140183,327.7439513732491,321.710254387482,322.78204345703125,7093000,0.0,0.0
2024-11-18 00:00:00-05:00,324.5087647241987,324.5087647241987,317.77048556401724,319.7949523925781,4250400,0.0,0.0
2024-11-19 00:00:00-05:00,316.5697597902427,322.22634754943186,313.5926147138455,320.96600341796875,5469900,0.0,0.0
2024-11-20 00:00:00-05:00,322.8118698458839,324.7668631163459,319.55685889804283,323.21875,3763500,0.0,0.0
2024-11-21 00:00:00-05:00,328.8256801943921,340.3273803877121,326.096630537299,333.221923828125,8364200,0.0,0.0
2024-11-22 00:00:00-05:00,336.3677487236443,340.1983270863861,333.22188578896635,339.4143371582031,5649400,0.0,0.0
2024-11-25 00:00:00-05:00,342.37166210881327,345.1999558093376,335.71278985602765,336.5265197753906,7117200,0.0,0.0
2024-11-26 00:00:00-05:00,339.37468145274875,341.1907265140792,336.55632125175697,340.5655212402344,4492800,0.0,0.0
2024-11-27 00:00:00-05:00,333.89672363982226,334.8097280891675,326.37448400958306,327.4958801269531,7471500,0.0,0.0
2024-11-29 00:00:00-05:00,326.8309711637943,329.46077649687487,324.7568971356257,327.47601318359375,3517600,0.0,0.0
2024-12-02 00:00:00-05:00,329.4707294568515,331.95168374493016,327.59511347822246,328.48828125,6063400,0.0,0.0
2024-12-03 00:00:00-05:00,324.90573262529205,330.2645872551553,321.18430159273663,328.905029296875,12632400,0.0,0.0
2024-12-04 00:00:00-05:00,364.0155216894566,366.18883999189006,353.9329201844669,365.06744384765625,24733100,0.0,0.0
2024-12-05 00:00:00-05:00,358.03145703192314,362.66589274772684,353.95278291257443,358.62689208984375,10942100,0.0,0.0
2024-12-06 00:00:00-05:00,362.20938384365564,364.35293193123545,358.3391013043111,359.23223876953125,5738900,0.0,0.0
2024-12-09 00:00:00-05:00,358.94443187729155,358.94443187729155,348.1175451365924,348.8916015625,6475000,0.0,0.0
2024-12-10 00:00:00-05:00,348.67332218786936,352.7817667463889,344.78317253332085,346.16259765625,6033000,0.0,0.0
2024-12-11 00:00:00-05:00,350.7969821614354,357.45588488364274,349.1992622308716,352.1466369628906,7546600,0.0,0.0
2024-12-12 00:00:00-05:00,352.2954532533317,357.25736104563214,350.2313129371707,355.3023681640625,5422000,0.0,0.0
2024-12-13 00:00:00-05:00,361.2269291293821,362.02082235409387,349.81453988490983,351.6107482910156,5538000,0.0,0.0
2024-12-16 00:00:00-05:00,348.1076405272929,355.34211137177573,347.8893153487804,354.5085144042969,5482300,0.0,0.0
2024-12-17 00:00:00-05:00,354.18098874455217,354.50849163382753,346.45032756227937,348.2961730957031,6911000,0.0,0.0
2024-12-18 00:00:00-05:00,352.20069983284696,352.468937687748,333.06561120593415,335.042724609375,8400000,0.4,0.0
2024-12-19 00:00:00-05:00,339.483747674258,341.3018649629688,333.2543954576421,334.0492248535156,7423400,0.0,0.0
2024-12-20 00:00:00-05:00,330.5818401167717,344.20293894703144,328.99224196546874,341.42108154296875,14932300,0.0,0.0
2024-12-23 00:00:00-05:00,340.0301558220981,341.61978423610753,334.4962757391636,340.6759338378906,5330300,0.0,0.0
2024-12-24 00:00:00-05:00,340.775296683177,342.7126610808064,338.61935799617214,342.1960144042969,1811000,0.0,0.0
2024-12-26 00:00:00-05:00,342.64310891356513,342.64310891356513,338.81807399716564,339.50360107421875,3483300,0.0,0.0
2024-12-27 00:00:00-05:00,338.14249229292227,340.05002217321436,333.09542424871614,336.25482177734375,3220400,0.0,0.0
2024-12-30 00:00:00-05:00,331.30708177195874,335.9169705062854,329.45913014992766,333.5623474121094,3411100,0.0,0.0
2024-12-31 00:00:00-05:00,334.08888777940143,334.9631848090044,330.25393891366764,332.1614685058594,3026000,0.0,0.0
2025-01-02 00:00:00-05:00,334.12866746636405,336.721754590603,325.68379905899747,328.51531982421875,4807100,0.0,0.0
2025-01-03 00:00:00-05:00,329.94601511359593,331.27732027417466,327.1343534323665,330.7408142089844,4101200,0.0,0.0
2025-01-06 00:00:00-05:00,331.85352346699364,334.41680647409135,325.1572490493602,328.38616943359375,5785300,0.0,0.0
2025-01-07 00:00:00-05:00,328.35635920485424,329.34987315101114,320.8155919918801,322.8224792480469,4643100,0.0,0.0
2025-01-08 00:00:00-05:00,325.61424165595326,326.6673639830512,321.0142673662664,324.7796936035156,3788200,0.0,0.0
2025-01-10 00:00:00-05:00,320.6764933873943,320.6764933873943,313.9702740855954,315.7884216308594,6540000,0.0,0.0
2025-01-13 00:00:00-05:00,312.55947992241414,318.4708694530025,311.76465060829565,317.00048828125,4583000,0.0,0.0
2025-01-14 00:00:00-05:00,322.89201961674473,327.7999807404903,319.414720943949,321.4414978027344,5935200,0.0,0.0
2025-01-15 00:00:00-05:00,327.7403774267142,329.3796693340175,318.6993946729668,319.0769348144531,6042700,0.0,0.0
2025-01-16 00:00:00-05:00,320.84540247859553,325.59439802140986,317.4773755817616,317.9244689941406,5047700,0.0,0.0
2025-01-17 00:00:00-05:00,326.5879168159225,327.4324097631028,320.9745688911741,322.45489501953125,6303600,0.0,0.0
2025-01-21 00:00:00-05:00,327.26348603632,327.38270285807397,320.35858233952825,324.7200927734375,6397200,0.0,0.0
2025-01-22 00:00:00-05:00,329.1015066620841,333.05570322701163,325.1572549392654,330.4626159667969,7259300,0.0,0.0
2025-01-23 00:00:00-05:00,330.1744451109626,333.2841483190193,327.462171699435,332.4893493652344,4355900,0.0,0.0
2025-01-24 00:00:00-05:00,334.11873383442384,336.453497712837,329.63800647589477,331.7144470214844,3299100,0.0,0.0
2025-01-27 00:00:00-05:00,330.2042777882614,350.85944104302604,328.356356417523,344.84869384765625,15661100,0.0,0.0
2025-01-28 00:00:00-05:00,352.4689612483542,364.70906136565065,348.1869182077803,357.6153869628906,12099300,0.0,0.0
2025-01-29 00:00:00-05:00,356.43311615035697,357.843889145591,349.22019432628224,351.7039794921875,6266700,0.0,0.0
2025-01-30 00:00:00-05:00,338.6889180371325,345.74287353232364,337.79476149709785,341.34161376953125,7591100,0.0,0.0
2025-01-31 00:00:00-05:00,345.7428599854995,347.2331309337128,337.8941057221704,339.4837341308594,5778000,0.0,0.0
2025-02-03 00:00:00-05:00,333.7908930522389,339.2452750998084,329.11145069623467,337.0396728515625,4549400,0.0,0.0
2025-02-04 00:00:00-05:00,343.3782791590096,344.6797799799326,336.47337554687374,341.90789794921875,4965600,0.0,0.0
2025-02-05 00:00:00-05:00,343.477682259223,345.7826421566354,336.67210487987126,345.67333984375,4521000,0.0,0.0
2025-02-06 00:00:00-05:00,335.29111947226227,335.29111947226227,326.96546720583797,328.66436767578125,13240600,0.0,0.0
2025-02-07 00:00:00-05:00,329.8466388374716,331.65484154395693,321.6203443587684,323.7166442871094,7626100,0.0,0.0
2025-02-10 00:00:00-05:00,325.7931205914578,329.59826582842817,324.5313384209432,325.0777893066406,5981900,0.0,0.0
2025-02-11 00:00:00-05:00,321.9183887916446,324.3227059631927,319.17631082499133,322.2959289550781,5455900,0.0,0.0
2025-02-12 00:00:00-05:00,317.4773967929109,324.8790884590551,314.9141439310324,324.0047912597656,5643400,0.0,0.0
2025-02-13 00:00:00-05:00,324.0842515592302,328.20732824711183,321.1235691741864,327.7105712890625,4312100,0.0,0.0
2025-02-14 00:00:00-05:00,325.9024148655122,326.3693676850314,320.52750017943504,324.4220886230469,5879700,0.0,0.0
2025-02-18 00:00:00-05:00,326.4587901370808,327.0251004432606,320.9050500303311,326.8263854980469,5262100,0.0,0.0
2025-02-19 00:00:00-05:00,327.60124750194956,327.60124750194956,320.77581219723197,322.425048828125,5012000,0.0,0.0
2025-02-20 00:00:00-05:00,320.14994044105924,322.34562820285663,316.1460802490606,316.3646545410156,6393100,0.0,0.0
2025-02-21 00:00:00-05:00,316.9011554343283,316.9011554343283,304.86968536952014,307.7906188964844,7353200,0.0,0.0
2025-02-24 00:00:00-05:00,309.4895327968412,310.7016209993714,301.5513359105853,306.3202209472656,6652900,0.0,0.0
2025-02-25 00:00:00-05:00,304.2636524456165,306.4195910950157,298.67016395931057,303.89605712890625,7360100,0.0,0.0
2025-02-26 00:00:00-05:00,310.6320859187478,311.66534895175005,304.4623725667541,305.3366394042969,12638500,0.0,0.0
2025-02-27 00:00:00-05:00,294.4179367634713,302.9423039100066,290.7717573421373,292.9872741699219,16691400,0.0,0.0
2025-02-28 00:00:00-05:00,294.04036551245565,300.0213385982369,290.25507997699333,295.9181213378906,10863100,0.0,0.0
2025-03-03 00:00:00-05:00,299.0477137849774,301.10429504021255,289.1721822065069,291.1592102050781,6298200,0.0,0.0
2025-03-04 00:00:00-05:00,288.11906932324877,289.7583614123664,280.409390731486,285.476318359375,9096300,0.0,0.0
2025-03-05 00:00:00-05:00,285.3570722590492,290.7816498287126,283.7674439067222,290.0762634277344,6612600,0.0,0.0
2025-03-06 00:00:00-05:00,286.36052447456217,296.14661220775275,282.98255293334245,284.19464111328125,10396800,0.0,0.0
2025-03-07 00:00:00-05:00,281.3432424476593,286.4399733072975,273.38521719209643,281.0551452636719,8248100,0.0,0.0
2025-03-10 00:00:00-04:00,275.17355279582483,276.5446068623499,268.9640907696343,271.12994384765625,10040200,0.0,0.0
2025-03-11 00:00:00-04:00,271.9446332052547,278.6309928464292,270.23578803869503,275.2530212402344,8313400,0.0,0.0
2025-03-12 00:00:00-04:00,280.02191816433384,284.0754418163111,277.2798099082185,282.73419189453125,7463900,0.0,0.0
2025-03-13 00:00:00-04:00,280.2205730147762,280.727274787341,268.0003646240905,269.9774475097656,9494500,0.0,0.0
2025-03-14 00:00:00-04:00,273.216343637986,278.07464153828516,270.9113839349445,277.5877990722656,6976900,0.0,0.0
2025-03-17 00:00:00-04:00,275.5709645664941,280.8962152033799,274.28932305774714,278.9290466308594,4484300,0.0,0.0
2025-03-18 00:00:00-04:00,278.20376080254954,278.68065840580067,274.15023729365186,276.9221496582031,5881700,0.0,0.0
2025-03-19 00:00:00-04:00,275.7001249146373,280.38951203588084,275.49149547176864,277.577880859375,5245400,0.0,0.0
2025-03-20 00:00:00-04:00,275.26296071611097,281.0452189329981,275.26296071611097,277.2201843261719,5504700,0.0,0.0
2025-03-21 00:00:00-04:00,274.41849582398214,280.0219293858747,272.27250192706424,278.7998962402344,9804100,0.0,0.0
2025-03-24 00:00:00-04:00,281.8996225521375,284.90005391627557,281.3830062423805,284.105224609375,6763800,0.0,0.0
2025-03-25 00:00:00-04:00,283.75752555792866,288.5661601105729,283.75752555792866,286.7380676269531,4301700,0.0,0.0
2025-03-26 00:00:00-04:00,286.4698142053963,287.16528611160646,277.76662213399413,279.16748046875,5070300,0.0,0.0
2025-03-27 00:00:00-04:00,278.7204217691993,279.07807225027915,274.21980463110077,276.00811767578125,3757200,0.0,0.0
2025-03-28 00:00:00-04:00,274.91523797693566,275.4119949543966,267.4440239509934,268.2189636230469,4973400,0.0,0.0
2025-03-31 00:00:00-04:00,262.8340991027866,266.7088277009643,257.50887897015684,266.619384765625,7585800,0.0,0.0
2025-04-01 00:00:00-04:00,267.11614388452494,269.06345304092576,264.09588333107763,268.4474792480469,4598200,0.0,0.0
2025-04-02 00:00:00-04:00,264.2349534287142,271.85521852869005,264.02632399520644,269.7787780761719,5396900,0.0,0.0
2025-04-03 00:00:00-04:00,258.45274215812157,260.8669738607244,252.79963000799293,253.57456970214844,8872600,0.0,0.0
2025-04-04 00:00:00-04:00,246.09341488172535,248.66661250455718,237.97640731715396,239.19842529296875,9705000,0.0,0.0
2025-04-07 00:00:00-04:00,228.50819832638814,251.30933943177476,228.50819832638814,242.62603759765625,11965200,0.0,0.0
2025-04-08 00:00:00-04:00,252.3028610162248,255.7205665414689,238.71159764840493,242.407470703125,9340300,0.0,0.0
2025-04-09 00:00:00-04:00,239.33752885197924,266.4306764307174,239.33752885197924,263.45013427734375,12491100,0.0,0.0
2025-04-10 00:00:00-04:00,258.71949617764693,259.9533794418881,246.90796096091665,253.863525390625,9692300,0.416,0.0
2025-04-11 00:00:00-04:00,253.01774008168894,255.14720010547077,246.46018388832317,253.744140625,6089000,0.0,0.0
2025-04-14 00:00:00-04:00,258.7194965840514,258.7194965840514,251.89328156683433,253.2963409423828,6038100,0.0,0.0
2025-04-15 00:00:00-04:00,253.11722940917366,255.45566179284566,252.55004454006084,253.67446899414062,5227700,0.0,0.0
2025-04-16 00:00:00-04:00,250.68924602363424,255.3461898945357,245.47506256308372,248.6095428466797,7190900,0.0,0.0
2025-04-17 00:00:00-04:00,248.53989968187287,250.32107734194676,245.58452556639912,246.04225158691406,5566900,0.0,0.0
2025-04-21 00:00:00-04:00,239.24589685454328,241.2858038279371,231.62363319661833,235.096435546875,9240000,0.0,0.0
2025-04-22 00:00:00-04:00,237.05672381882823,243.01722880700052,234.43968677425073,242.19131469726562,7145300,0.0,0.0
2025-04-23 00:00:00-04:00,251.36591368061553,256.5204104313382,248.27122960999503,249.24639892578125,5818900,0.0,0.0
2025-04-24 00:00:00-04:00,256.9283748622034,263.67498208751874,255.7342727259102,263.3963623046875,7857600,0.0,0.0
2025-04-25 00:00:00-04:00,263.4162635639989,267.70503452055453,262.89883547981884,266.5308532714844,5651700,0.0,0.0
2025-04-28 00:00:00-04:00,266.8293743717208,268.17273179181507,262.03310523853975,264.3317565917969,4977700,0.0,0.0
2025-04-29 00:00:00-04:00,264.0928914551403,267.25722257747185,263.8640436466732,266.4412841796875,3139800,0.0,0.0
2025-04-30 00:00:00-04:00,263.4958497574938,267.5458123249117,261.70472689146015,267.3865966796875,4624100,0.0,0.0
2025-05-01 00:00:00-04:00,272.05353361112446,273.24763591027425,267.67520912638,268.0035705566406,5208900,0.0,0.0
2025-05-02 00:00:00-04:00,273.10827808062066,274.9591333857254,270.9091708166825,273.7252197265625,4323400,0.0,0.0
2025-05-05 00:00:00-04:00,272.02366883721663,274.8098972721253,270.9688916853805,271.2873229980469,4219600,0.0,0.0
2025-05-06 00:00:00-04:00,268.491158563174,273.4466129008133,267.21746370777396,272.0137023925781,4681600,0.0,0.0
2025-05-07 00:00:00-04:00,272.36198256421926,277.41698080777826,272.36198256421926,276.8597412109375,4267600,0.0,0.0
2025-05-08 00:00:00-04:00,277.8349160879543,281.6560009092958,277.00901709896107,278.3623046875,4789900,0.0,0.0
2025-05-09 00:00:00-04:00,280.2330148555544,281.0887951410864,272.53114412216104,274.0635681152344,4324200,0.0,0.0
2025-05-12 00:00:00-04:00,283.5963890315926,287.5468381917414,281.83511712667,287.3975830078125,5937400,0.0,0.0
2025-05-13 00:00:00-04:00,289.5668541989714,291.2982751560329,287.50704145311965,287.7458801269531,6711600,0.0,0.0
2025-05-14 00:00:00-04:00,292.0545222782317,294.5919514662753,287.83541385450167,289.30810546875,7926200,0.0,0.0
2025-05-15 00:00:00-04:00,288.143891699413,290.5320657640479,286.53187496496645,289.3280334472656,4635600,0.0,0.0
2025-05-16 00:00:00-04:00,289.65639289703677,290.7310909575918,288.29314493618807,289.7160949707031,3846000,0.0,0.0
2025-05-19 00:00:00-04:00,286.68112642706654,288.47224936046155,285.49698469459213,286.21343994140625,5781200,0.0,0.0
2025-05-20 00:00:00-04:00,286.67117794219195,287.0194602958218,283.80535683514177,286.6413269042969,4032300,0.0,0.0
2025-05-21 00:00:00-04:00,283.009285122029,286.2134278449618,279.72551939321505,280.8897705078125,5689800,0.0,0.0
2025-05-22 00:00:00-04:00,281.10868756007653,284.9397323843511,279.6459260950728,282.024169921875,6642700,0.0,0.0
2025-05-23 00:00:00-04:00,277.6259367118648,279.3573575673769,270.3121290798704,271.78485107421875,8887800,0.0,0.0
2025-05-27 00:00:00-04:00,271.8246687911871,277.2079981681154,268.9588477460283,275.8248596191406,10958000,0.0,0.0
2025-05-28 00:00:00-04:00,276.3422815272568,277.4368701473734,272.2326167433027,274.6705627441406,12758600,0.0,0.0
2025-05-29 00:00:00-04:00,262.2918515403526,266.4711792598392,253.2466221952144,265.60546875,28053100,0.0,0.0
2025-05-30 00:00:00-04:00,266.75969407812215,268.41152223111067,259.41606604700235,264.06304931640625,12388500,0.0,0.0
2025-06-02 00:00:00-04:00,261.8141951511624,262.49086929872703,257.8637761542416,260.33154296875,9213500,0.0,0.0
2025-06-03 00:00:00-04:00,260.7096742926187,263.4461307975984,260.0728116569826,263.1675109863281,7838500,0.0,0.0
2025-06-04 00:00:00-04:00,262.88889757181516,264.1924435456143,260.3315472331505,261.8739318847656,7372500,0.0,0.0
2025-06-05 00:00:00-04:00,262.41121061002536,267.4263969382351,262.341578441582,265.8243408203125,8642900,0.0,0.0
2025-06-06 00:00:00-04:00,268.640401491774,273.5461139997748,266.8890597577699,273.1580505371094,7507000,0.0,0.0
2025-06-09 00:00:00-04:00,271.5062307850607,272.84958816275235,268.33193897752176,270.9091796875,5728300,0.0,0.0
2025-06-10 00:00:00-04:00,270.7300621519756,272.401780861444,265.5258089771785,266.8990173339844,6309700,0.0,0.0
2025-06-11 00:00:00-04:00,267.1776743106173,268.1827099166162,264.10289578106074,264.6004333496094,6568100,0.0,0.0
2025-06-12 00:00:00-04:00,263.39638210899955,267.69508331485355,262.10276630287075,265.5954895019531,8054000,0.0,0.0
2025-06-13 00:00:00-04:00,262.1823785034667,264.39144627352516,256.7293564345736,257.12738037109375,7659300,0.0,0.0
2025-06-16 00:00:00-04:00,259.107611548361,262.6799273986216,258.6797061899617,262.5804138183594,7177000,0.0,0.0
2025-06-17 00:00:00-04:00,262.5505705952052,269.16781392129263,260.80918917427266,261.4659423828125,9110100,0.0,0.0
2025-06-18 00:00:00-04:00,263.91368765093256,264.1927492588952,256.60823494739657,258.6314392089844,7628000,0.416,0.0
2025-06-20 00:00:00-04:00,259.817456655112,261.99015275869795,258.3922502544928,259.7576599121094,12859200,0.0,0.0
2025-06-23 00:00:00-04:00,259.7676331752182,263.85388583857736,257.88394454608215,262.5283508300781,9283800,0.0,0.0
2025-06-24 00:00:00-04:00,264.82064320505685,272.46498460976255,264.55155786179466,270.26239013671875,9713900,0.0,0.0
2025-06-25 00:00:00-04:00,271.0895987672613,273.08290464055,266.0864119748629,266.8638000488281,6074300,0.0,0.0
2025-06-26 00:00:00-04:00,267.8803700666945,270.10291702325173,264.27249137022915,269.83380126953125,6708000,0.0,0.0
2025-06-27 00:00:00-04:00,270.9500761150971,273.2523725794237,268.52821656996906,272.5048828125,21741400,0.0,0.0
2025-06-30 00:00:00-04:00,273.541347404653,275.45493436234784,269.4949390492876,271.77728271484375,8541900,0.0,0.0
2025-07-01 00:00:00-04:00,271.1693224168494,273.0829094718521,269.7341701448904,270.9999084472656,6256800,0.0,0.0
2025-07-02 00:00:00-04:00,270.6112260808115,270.8005925941724,264.7608775244461,268.3089599609375,6115200,0.0,0.0
2025-07-03 00:00:00-04:00,268.7973236476577,273.81048697220405,268.41859064487744,271.2391052246094,5031800,0.0,0.0
2025-07-07 00:00:00-04:00,270.6012712197317,273.0829275068359,267.31229800414667,268.89697265625,6283500,0.0,0.0
2025-07-08 00:00:00-04:00,269.8836872256023,275.87355135806405,268.8272374285782,272.7341003417969,6661200,0.0,0.0
2025-07-09 00:00:00-04:00,273.44167206780656,274.63766770095964,268.4683838838861,270.0132141113281,6373600,0.0,0.0
2025-07-10 00:00:00-04:00,269.9932846279135,270.5813062328398,262.3290208230744,263.08648681640625,7244600,0.0,0.0
2025-07-11 00:00:00-04:00,261.7011219794026,262.0699091251535,256.3989513251319,257.20623779296875,7011200,0.0,0.0
2025-07-14 00:00:00-04:00,257.73444976835225,261.35230471439434,256.63812547933446,258.8108215332031,6533900,0.0,0.0
2025-07-15 00:00:00-04:00,260.12643161487614,260.93371810734266,256.3690607744403,256.7178649902344,5201500,0.0,0.0
2025-07-16 00:00:00-04:00,258.0633398248054,258.1131907213305,253.66811189393175,257.0866394042969,5649500,0.0,0.0
2025-07-17 00:00:00-04:00,257.12647375976223,259.3290985834791,255.7909625141523,259.0101623535156,5837400,0.0,0.0
2025-07-18 00:00:00-04:00,259.4287756865312,262.0998289653263,258.25273239205177,261.5018310546875,6381200,0.0,0.0
2025-07-21 00:00:00-04:00,262.73764140771107,263.4253343649166,260.7642880656724,261.4021301269531,6714700,0.0,0.0
2025-07-22 00:00:00-04:00,262.1197420448966,265.0000838477651,261.12308903331905,262.707763671875,5001400,0.0,0.0
2025-07-23 00:00:00-04:00,263.03667974225016,267.5814151030404,261.6214190639502,266.32562255859375,5620700,0.0,0.0
2025-07-24 00:00:00-04:00,267.08307773232013,268.39863655611185,264.75091339847336,266.80401611328125,5877100,0.0,0.0
2025-07-25 00:00:00-04:00,267.11296512767046,270.1926190733175,266.1163121841432,268.2092590332031,4015400,0.0,0.0
2025-07-28 00:00:00-04:00,268.5979692739651,269.4351540997721,265.6977055477225,269.345458984375,4533700,0.0,0.0
2025-07-29 00:00:00-04:00,270.6909567011995,273.0829177811591,266.4153068809318,266.49505615234375,5137100,0.0,0.0
2025-07-30 00:00:00-04:00,265.9767782608509,266.8737598677049,262.4486181640939,263.9236755371094,3928200,0.0,0.0
2025-07-31 00:00:00-04:00,264.1130203024067,264.152894935,256.99690394843594,257.46533203125,7340300,0.0,0.0
2025-08-01 00:00:00-04:00,254.1365472328568,255.13320020653453,249.29281317247444,249.90077209472656,7646900,0.0,0.0
2025-08-04 00:00:00-04:00,250.1598899349808,252.65152230485114,249.8010942654108,251.47547912597656,4403500,0.0,0.0
2025-08-05 00:00:00-04:00,252.16314951484713,252.44221111549828,246.1832320019514,246.66163635253906,6761000,0.0,0.0
2025-08-06 00:00:00-04:00,248.53534134245595,249.42236185988793,246.19321603395085,248.3360137939453,5834700,0.0,0.0
2025-08-07 00:00:00-04:00,249.85092372884824,252.16315060246154,236.1768444070978,240.07376098632812,10010200,0.0,0.0
2025-08-08 00:00:00-04:00,240.48238993587321,242.13683752621722,237.03397915454343,239.7050018310547,8812000,0.0,0.0
2025-08-11 00:00:00-04:00,238.12033484425083,241.0604581762803,230.7949443601488,231.90121459960938,10740100,0.0,0.0
2025-08-12 00:00:00-04:00,232.22013961205553,232.8878952701341,225.72195805659598,230.88462829589844,13178000,0.0,0.0
2025-08-13 00:00:00-04:00,232.23009942481045,236.5555848046755,228.84148546301256,236.2366485595703,10209200,0.0,0.0
2025-08-14 00:00:00-04:00,236.20675283651198,236.20675283651198,232.09057122230067,232.58889770507812,7544800,0.0,0.0
2025-08-15 00:00:00-04:00,235.35959942334426,243.68165804074732,233.8446978157562,241.62855529785156,12942800,0.0,0.0
2025-08-18 00:00:00-04:00,238.9674726814049,243.70157400771933,238.6884110829974,243.15341186523438,8809200,0.0,0.0
2025-08-19 00:00:00-04:00,244.17996755460413,247.66825280538418,242.6351524734296,245.17662048339844,8642200,0.0,0.0
2025-08-20 00:00:00-04:00,244.8776323408181,246.74138374093866,243.63181612499412,245.6251220703125,8195100,0.0,0.0
2025-08-21 00:00:00-04:00,244.21983778353916,245.46565399964132,239.21665080922955,245.0072021484375,5646800,0.0,0.0
2025-08-22 00:00:00-04:00,244.95736043181125,248.694808988169,243.29295183297268,247.45895385742188,6694300,0.0,0.0
2025-08-25 00:00:00-04:00,248.53533890783123,248.53533890783123,245.96397249639642,247.0403594970703,4957700,0.0,0.0
2025-08-26 00:00:00-04:00,245.87429398147762,247.99716975455067,242.03718902609776,242.92420959472656,8862300,0.0,0.0
2025-08-27 00:00:00-04:00,244.9274649263173,249.53199673516653,244.78793412022242,249.3227081298828,6506900,0.0,0.0
2025-08-28 00:00:00-04:00,251.63492851216466,254.79431648794338,249.45225615352194,253.67807006835938,8461200,0.0,0.0
2025-08-29 00:00:00-04:00,254.54517284221765,256.77769626861664,252.02364194183815,255.392333984375,7363200,0.0,0.0
2025-09-02 00:00:00-04:00,253.9671183974592,254.1365475782886,247.91742753930816,252.013671875,9312500,0.0,0.0
2025-09-03 00:00:00-04:00,254.2062973549213,257.13645944226556,249.71139805417766,255.59165954589844,17417900,0.0,0.0
2025-09-04 00:00:00-04:00,239.25650693405856,244.39923985299026,233.83471240318957,243.1932830810547,30967500,0.0,0.0
2025-09-05 00:00:00-04:00,244.0105402023087,250.28945674210604,243.54211210566288,249.92068481445312,13029400,0.0,0.0
2025-09-08 00:00:00-04:00,249.9605628679778,252.09339957238274,246.47227754344624,251.42564392089844,12602200,0.0,0.0
2025-09-09 00:00:00-04:00,250.47882566429809,254.4853595572759,250.36919323193996,251.21633911132812,10901900,0.0,0.0
2025-09-10 00:00:00-04:00,251.90403758730855,253.1398927420404,240.92091762504424,241.75811767578125,11363600,0.0,0.0
2025-09-11 00:00:00-04:00,242.8843220284092,246.34270899797176,242.6849944790048,245.4556884765625,6944900,0.0,0.0
2025-09-12 00:00:00-04:00,245.27629639079507,246.76129954919494,240.44252351375297,241.9474639892578,8386400,0.0,0.0
2025-09-15 00:00:00-04:00,242.43583488042594,243.89095490758902,240.03389757358784,241.70828247070312,7244600,0.0,0.0
2025-09-16 00:00:00-04:00,241.70828064430623,241.8677335603887,236.44595422065126,238.50901794433594,8779800,0.0,0.0
2025-09-17 00:00:00-04:00,239.5832760328519,242.60839179826723,238.99423050732716,241.81967163085938,10124000,0.416,0.0
2025-09-18 00:00:00-04:00,243.7665355373202,246.89148112821167,242.5584787704777,243.88633728027344,9344400,0.0,0.0
2025-09-19 00:00:00-04:00,245.6235352392074,246.80162631939768,242.95783985692353,246.69180297851562,11813900,0.0,0.0
2025-09-22 00:00:00-04:00,244.88471622264223,250.0763330824201,242.76813759719553,249.28761291503906,7523800,0.0,0.0
2025-09-23 00:00:00-04:00,249.33753841836412,250.95492284170336,243.7365785723499,244.16587829589844,7669800,0.0,0.0
2025-09-24 00:00:00-04:00,245.27409721111175,248.43898687954513,242.6183801855698,245.49374389648438,6707100,0.0,0.0
2025-09-25 00:00:00-04:00,244.1059732887912,244.2657190952083,239.1040526946698,240.5616912841797,8145500,0.0,0.0
2025-09-26 00:00:00-04:00,240.30212973638223,244.13593790795204,239.96268130367227,243.03770446777344,4974600,0.0,0.0
2025-09-29 00:00:00-04:00,244.32562460095255,245.42385799816446,242.47859986042315,244.70501708984375,6373500,0.0,0.0
2025-09-30 00:00:00-04:00,244.65510291400471,244.81484872886895,235.4299877672869,236.61807250976562,10801100,0.0,0.0
2025-10-01 00:00:00-04:00,236.10889448599363,242.07925326422549,233.13368588015516,235.3101806640625,10016600,0.0,0.0
2025-10-02 00:00:00-04:00,235.05058850917524,239.01419192564174,233.22355102815519,238.4950408935547,7679200,0.0,0.0
2025-10-03 00:00:00-04:00,238.36525018389457,242.41870498515195,238.11565306328316,239.97265625,8849800,0.0,0.0
2025-10-06 00:00:00-04:00,238.9443087004941,250.0663553838117,235.030627818784,245.3839111328125,13922600,0.0,0.0
2025-10-07 00:00:00-04:00,246.08278137033756,246.9613680829946,237.16717980686568,239.35365295410156,8387400,0.0,0.0
2025-10-08 00:00:00-04:00,239.35365101557989,240.93110658498432,235.27023070219687,240.0425262451172,7120200,0.0,0.0
2025-10-09 00:00:00-04:00,238.88441488031407,245.56363622116956,236.7678209522734,244.9346466064453,7929100,0.0,0.0
2025-10-10 00:00:00-04:00,246.1227237369477,248.64864528416416,240.33206770887335,241.29051208496094,7988300,0.0,0.0
2025-10-13 00:00:00-04:00,242.49857920437358,248.94817553892844,241.9794129251161,248.34913635253906,8276500,0.0,0.0
2025-10-14 00:00:00-04:00,247.71016207938936,247.87988628993733,239.16395927651064,239.38360595703125,9123900,0.0,0.0
2025-10-15 00:00:00-04:00,240.48182555475006,240.93111255297558,235.51983364711316,236.19874572753906,8389200,0.0,0.0
2025-10-16 00:00:00-04:00,252.78197687329362,256.3262437224176,242.27892599819603,245.6035614013672,24869700,0.0,0.0
2025-10-17 00:00:00-04:00,246.17265954454095,250.37586659475454,241.7697626071404,242.6882781982422,10851200,0.0,0.0
2025-10-20 00:00:00-04:00,244.60518003126887,254.988414232794,243.90631113516227,253.87022399902344,9963900,0.0,0.0
2025-10-21 00:00:00-04:00,254.08985944257833,266.6995103873049,253.5906652197049,262.9855041503906,13354700,0.0,0.0
2025-10-22 00:00:00-04:00,261.7774780774517,261.97713749732,256.0966450491536,256.2264404296875,9370000,0.0,0.0
2025-10-23 00:00:00-04:00,257.1848706434358,258.14331502365,253.7104678711125,254.63897705078125,6110100,0.0,0.0
2025-10-24 00:00:00-04:00,257.0051798213831,258.08342599002344,253.59067776195727,254.41934204101562,5490800,0.0,0.0
2025-10-27 00:00:00-04:00,256.6656946460323,257.68407038593926,254.5091871272732,255.0583038330078,4942400,0.0,0.0
2025-10-28 00:00:00-04:00,255.05830701181281,258.42287132512075,253.7304485011051,253.85025024414062,6435600,0.0,0.0
2025-10-29 00:00:00-04:00,251.5938868484303,253.16136401144894,248.63865036335372,251.0547637939453,7904200,0.0,0.0
2025-10-30 00:00:00-04:00,250.09630629684727,258.8621556541047,249.5971120727019,256.23638916015625,7767800,0.0,0.0
2025-10-31 00:00:00-04:00,254.38939627545577,261.3980879054935,252.22289502936,259.9903564453125,6878300,0.0,0.0
2025-11-03 00:00:00-05:00,259.581016790974,261.13850045424783,254.6889191066702,260.9188537597656,7054300,0.0,0.0
2025-11-04 00:00:00-05:00,257.7339810055552,258.84220806616736,253.05155181314677,254.02996826171875,6792200,0.0,0.0
2025-11-05 00:00:00-05:00,254.28954564855417,256.4161027754438,251.60387816989416,252.27279663085938,5241200,0.0,0.0
2025-11-06 00:00:00-05:00,250.13624181719678,250.13624181719678,234.10212534656964,238.88441467285156,11041800,0.0,0.0
2025-11-07 00:00:00-05:00,235.76942361831442,240.58166320348778,235.4100031711471,239.49342346191406,5741500,0.0,0.0
2025-11-10 00:00:00-05:00,239.6132293842693,241.5201549909935,234.70116000999562,241.3204803466797,6486600,0.0,0.0
2025-11-11 00:00:00-05:00,241.51017136260455,245.3040506985469,240.77137362461437,244.10598754882812,5762800,0.0,0.0
2025-11-12 00:00:00-05:00,245.34398760395354,248.02963978607323,243.28729456320232,245.62353515625,4278200,0.0,0.0
2025-11-13 00:00:00-05:00,244.85476585694323,245.5037122517735,239.52337522293246,240.0425262451172,5542100,0.0,0.0
2025-11-14 00:00:00-05:00,237.92594966999576,244.78487346350207,237.03738455666786,243.267333984375,5512900,0.0,0.0
2025-11-17 00:00:00-05:00,241.67989651286456,242.43866624147637,235.21032846563247,236.64801025390625,5280900,0.0,0.0
2025-11-18 00:00:00-05:00,235.85929283939552,237.4067827490581,229.8989125760023,233.1237030029297,8045100,0.0,0.0
2025-11-19 00:00:00-05:00,231.62612726745814,231.90567482301051,224.69730878155454,227.5127716064453,9710700,0.0,0.0
2025-11-20 00:00:00-05:00,228.8805575724273,230.6976319067919,222.9401492013568,225.00680541992188,7521100,0.0,0.0
2025-11-21 00:00:00-05:00,224.49762926549602,228.31146525310695,221.60230883110134,226.74400329589844,7479300,0.0,0.0
2025-11-24 00:00:00-05:00,226.97363407477627,228.4712167993143,224.6773375169781,226.45448303222656,8563300,0.0,0.0
2025-11-25 00:00:00-05:00,226.43451053962758,234.2518941740301,226.15496298368106,233.74270629882812,10233000,0.0,0.0
2025-11-26 00:00:00-05:00,230.13851545978986,232.44480556934866,225.63578904762014,227.78231811523438,8506600,0.0,0.0
2025-11-28 00:00:00-05:00,228.63096074180987,232.18522127482206,228.26156188105725,230.16847229003906,3691500,0.0,0.0
2025-12-01 00:00:00-05:00,228.30148853607872,233.87249800065496,228.23160926528996,232.4547882080078,5634700,0.0,0.0
2025-12-02 00:00:00-05:00,232.64449284586362,236.2686327464416,231.24673980347964,234.33177185058594,7626200,0.0,0.0
2025-12-03 00:00:00-05:00,234.98071076435025,238.8744197012809,232.78425917853812,238.33529663085938,13782000,0.0,0.0
2025-12-04 00:00:00-05:00,243.2972894524746,248.5687793718207,237.21710730737183,247.06121826171875,20912100,0.0,0.0
2025-12-05 00:00:00-05:00,250.42577647236214,261.4579718798408,249.0979180071859,260.15008544921875,15852400,0.0,0.0
2025-12-08 00:00:00-05:00,261.4579743418438,263.8541005481511,255.92689375155607,259.11175537109375,10805400,0.0,0.0
2025-12-09 00:00:00-05:00,259.580989495859,261.8273634434193,258.5826010747211,260.5993347167969,8045900,0.0,0.0
2025-12-10 00:00:00-05:00,260.3297787441035,265.5014234121082,258.73235118929074,263.77423095703125,8894700,0.0,0.0
2025-12-11 00:00:00-05:00,263.0753561983486,267.4682592783796,260.34974476512775,261.9272155761719,7783800,0.0,0.0
2025-12-12 00:00:00-05:00,263.0953333430303,264.06377143176593,260.4895539155952,261.80743408203125,6006600,0.0,0.0
2025-12-15 00:00:00-05:00,260.78904397285606,261.85732694921745,252.68213446346326,254.16973876953125,10271800,0.0,0.0
2025-12-16 00:00:00-05:00,253.59066938620413,255.44767253517185,251.7037158021078,254.49920654296875,6145300,0.0,0.0
2025-12-17 00:00:00-05:00,255.9168879687216,261.5478132312219,255.8370303019412,257.7239990234375,6269000,0.0,0.0
2025-12-18 00:00:00-05:00,258.4200134277344,260.07000732421875,256.1600036621094,257.8500061035156,5654200,0.416,0.0
2025-12-19 00:00:00-05:00,260.67999267578125,262.0400085449219,255.5,259.9100036621094,20732100,0.0,0.0
2025-12-22 00:00:00-05:00,260.6199951171875,264.6300048828125,258.4100036621094,264.6300048828125,5664200,0.0,0.0
2025-12-23 00:00:00-05:00,262.7200012207031,264.239990234375,260.5199890136719,263.42999267578125,4745100,0.0,0.0
2025-12-24 00:00:00-05:00,263.2300109863281,266.29998779296875,262.54998779296875,265.260009765625,2076600,0.0,0.0
2025-12-26 00:00:00-05:00,264.79998779296875,267.9100036621094,264.79998779296875,266.0799865722656,2456400,0.0,0.0
2025-12-29 00:00:00-05:00,264.7099914550781,269.1099853515625,264.7099914550781,266.2300109863281,4300100,0.0,0.0
2025-12-30 00:00:00-05:00,266.6600036621094,268.2799987792969,265.3299865722656,265.9200134277344,3291800,0.0,0.0
2025-12-31 00:00:00-05:00,265.2900085449219,266.1000061035156,264.3900146484375,264.9100036621094,3367900,0.0,0.0
2026-01-02 00:00:00-05:00,265.0,265.3800048828125,252.47999572753906,253.6199951171875,9680600,0.0,0.0
2026-01-05 00:00:00-05:00,253.6199951171875,259.5899963378906,252.30999755859375,256.260009765625,6421500,0.0,0.0
2026-01-06 00:00:00-05:00,255.1999969482422,263.54998779296875,255.0,262.8999938964844,6103300,0.0,0.0
2026-01-07 00:00:00-05:00,263.5,267.8299865722656,263.5,266.1199951171875,5976200,0.0,0.0
2026-01-08 00:00:00-05:00,264.3999938964844,265.20001220703125,260.4100036621094,260.5299987792969,5243500,0.0,0.0
2026-01-09 00:00:00-05:00,260.0,261.0299987792969,256.510009765625,259.94000244140625,5174400,0.0,0.0
2026-01-12 00:00:00-05:00,259.0,261.55999755859375,255.77000427246094,259.3999938964844,4927700,0.0,0.0
2026-01-13 00:00:00-05:00,257.6600036621094,260.9100036621094,240.36000061035156,241.05999755859375,13661000,0.0,0.0
2026-01-14 00:00:00-05:00,239.17999267578125,242.24000549316406,236.4600067138672,239.57000732421875,10149300,0.0,0.0
2026-01-15 00:00:00-05:00,237.02000427246094,238.83999633789062,231.6699981689453,233.52999877929688,11489600,0.0,0.0
2026-01-16 00:00:00-05:00,232.9499969482422,232.9499969482422,226.44000244140625,227.11000061035156,13902600,0.0,0.0
2026-01-20 00:00:00-05:00,223.5399932861328,227.94000244140625,219.36000061035156,220.07000732421875,13050800,0.0,0.0
2026-01-21 00:00:00-05:00,220.14999389648438,223.38999938964844,218.9600067138672,221.5800018310547,12616600,0.0,0.0
2026-01-22 00:00:00-05:00,222.24000549316406,228.72000122070312,221.11000061035156,228.08999633789062,9483000,0.0,0.0
2026-01-23 00:00:00-05:00,226.77999877929688,230.85000610351562,226.64999389648438,228.0500030517578,9408000,0.0,0.0
2026-01-26 00:00:00-05:00,229.42999267578125,230.9499969482422,227.58999633789062,229.39999389648438,7239600,0.0,0.0
2026-01-27 00:00:00-05:00,231.94000244140625,235.74000549316406,226.27000427246094,228.52999877929688,9838400,0.0,0.0
2026-01-28 00:00:00-05:00,229.38999938964844,231.86000061035156,227.6699981689453,227.9600067138672,8465900,0.0,0.0
2026-01-29 00:00:00-05:00,216.6699981689453,217.27999877929688,208.77999877929688,214.0800018310547,18555600,0.0,0.0
2026-01-30 00:00:00-05:00,214.16000366210938,215.5500030517578,211.02999877929688,212.2899932861328,11090400,0.0,0.0
2026-02-02 00:00:00-05:00,214.35000610351562,216.88999938964844,209.8000030517578,210.80999755859375,7950900,0.0,0.0
2026-02-03 00:00:00-05:00,205.0,205.55999755859375,193.11000061035156,196.3800048828125,20194200,0.0,0.0
2026-02-04 00:00:00-05:00,193.30999755859375,200.6699981689453,187.27999877929688,199.44000244140625,23000400,0.0,0.0
