Date,Open,High,Low,Close,Volume,Dividends,Stock Splits
2000-06-30 00:00:00-04:00,11.762371991287198,12.564276276973256,10.80740713654903,12.138368606567383,3518000,0.0,0.0
2000-07-03 00:00:00-04:00,12.231536468592557,12.231536468592557,11.419649934768678,11.712461471557617,778800,0.0,0.0
2000-07-05 00:00:00-04:00,11.552742952289003,11.71245829264323,10.64768935694839,10.980429649353027,2986000,0.0,0.0
2000-07-06 00:00:00-04:00,10.993739825028639,11.073597499302455,8.997297968183245,9.689397811889648,3596000,0.0,0.0
2000-07-07 00:00:00-04:00,9.716018559727283,10.301641596203996,9.157014752181329,10.195164680480957,1938800,0.0,0.0
2000-07-10 00:00:00-04:00,10.115306490943546,11.619292850781203,9.689398849219607,10.621071815490723,2824400,0.0,0.0
2000-07-11 00:00:00-04:00,10.43473857317784,11.499507815338845,9.875734721043314,10.301642417907715,2786800,0.0,0.0
2000-07-12 00:00:00-04:00,10.660999267332016,12.444487284588558,10.32825896560505,12.377939224243164,4570400,0.0,0.0
2000-07-13 00:00:00-04:00,12.723988163792075,13.575803270991546,11.51281355824283,12.857084274291992,5894400,0.0,0.0
2000-07-14 00:00:00-04:00,12.88370702061718,12.88370702061718,11.605984010308038,11.76569938659668,1805200,0.0,0.0
2000-07-17 00:00:00-04:00,11.872177220700031,12.910327246725371,11.073600277603617,12.604206085205078,1578000,0.0,0.0
2000-07-18 00:00:00-04:00,12.351321459766403,13.775450119459297,11.978652277790694,13.362852096557617,2166000,0.0,0.0
2000-07-19 00:00:00-04:00,13.469330248625381,14.480860978759303,12.936945653818054,14.081572532653809,3068800,0.0,0.0
2000-07-20 00:00:00-04:00,14.38769260228661,15.01324445455994,14.001713799820086,14.560717582702637,1586400,0.0,0.0
2000-07-21 00:00:00-04:00,14.480863526629916,14.786984722505364,13.09666333658441,13.109972953796387,1402000,0.0,0.0
2000-07-24 00:00:00-04:00,14.06826338117773,14.06826338117773,11.712461471557617,11.712461471557617,3320800,0.0,0.0
2000-07-25 00:00:00-04:00,12.031891551238811,12.377941529482406,11.233314678368979,12.058510780334473,1588400,0.0,0.0
2000-07-26 00:00:00-04:00,12.085127924402132,12.085127924402132,10.807405148253888,11.220003128051758,1924400,0.0,0.0
2000-07-27 00:00:00-04:00,11.126835634298189,11.126835634298189,9.90235133004528,10.288330078125,2432000,0.0,0.0
2000-07-28 00:00:00-04:00,10.514594762012212,10.541213989257812,9.582921808416193,10.541213989257812,1814000,0.0,0.0
2000-07-31 00:00:00-04:00,10.607759589209602,10.674307641839524,9.689396462916676,9.729325294494629,1662000,0.0,0.0
2000-08-01 00:00:00-04:00,9.902356933063778,10.00883388933328,9.157018239177257,9.19694709777832,894400,0.0,0.0
2000-08-02 00:00:00-04:00,9.183635115623474,9.902354385541832,8.864204328993091,9.795877456665039,1896800,0.0,0.0
2000-08-03 00:00:00-04:00,9.582925543084844,11.419652938842773,9.436519736176605,11.419652938842773,1499200,0.0,0.0
2000-08-04 00:00:00-04:00,11.166765252233068,12.29808235168457,11.166765252233068,12.29808235168457,1474800,0.0,0.0
2000-08-07 00:00:00-04:00,12.524348005381498,12.564276851307262,11.353101858225736,11.712461471557617,492400,0.0,0.0
2000-08-08 00:00:00-04:00,11.765700216646547,12.111750223018504,11.499507904052734,11.499507904052734,323600,0.0,0.0
2000-08-09 00:00:00-04:00,11.725770528979087,11.925414749109263,11.073599409887175,11.206695556640625,369200,0.0,0.0
2000-08-10 00:00:00-04:00,11.353099778294563,11.353099778294563,10.647690296173096,11.07359790802002,300400,0.0,0.0
2000-08-11 00:00:00-04:00,11.073598176887236,11.233313535207726,10.554523262345647,11.046978950500488,134000,0.0,0.0
2000-08-14 00:00:00-04:00,10.91388331917593,11.073598684822407,10.541214132667484,10.621071815490723,593200,0.0,0.0
2000-08-15 00:00:00-04:00,10.594453007567163,10.94050298017614,10.434737635593788,10.860645294189453,204000,0.0,0.0
2000-08-16 00:00:00-04:00,10.900574302890577,11.739080018497544,10.860645459290247,11.68584156036377,740800,0.0,0.0
2000-08-17 00:00:00-04:00,11.71246034879211,11.765698804922982,10.913883506829011,11.259933471679688,575200,0.0,0.0
2000-08-18 00:00:00-04:00,11.25993101375031,11.49950401404287,10.860642679929377,11.123507499694824,198800,0.0,0.0
2000-08-21 00:00:00-04:00,11.126838397979737,11.818938394026324,10.913884553042326,11.712461471557617,263200,0.0,0.0
2000-08-22 00:00:00-04:00,11.499508544102612,12.324704759072938,11.499508544102612,11.898797035217285,379600,0.0,0.0
2000-08-23 00:00:00-04:00,11.89879652050054,11.93872536788477,11.233315730763373,11.393031120300293,454400,0.0,0.0
2000-08-24 00:00:00-04:00,11.34645312962512,11.925420851934524,11.286559020580889,11.739086151123047,1924000,0.0,0.0
2000-08-25 00:00:00-04:00,11.872173150021657,12.178294206580512,11.31316948152288,11.792315483093262,1748000,0.0,0.0
2000-08-28 00:00:00-04:00,12.058510529689299,12.457798957824707,11.818937472808056,12.457798957824707,1642800,0.0,0.0
2000-08-29 00:00:00-04:00,12.351321787684881,14.786981148833949,12.324702559694181,14.454240798950195,3262000,0.0,0.0
2000-08-30 00:00:00-04:00,14.068258057285458,15.904984274792927,14.054948447013665,14.960001945495605,1767200,0.0,0.0
2000-08-31 00:00:00-04:00,14.93339070589029,15.745277366370955,14.853533001580715,15.199583053588867,850800,0.0,0.0
2000-09-01 00:00:00-04:00,15.465765871652742,15.612171572675273,14.933381504298087,15.279431343078613,467600,0.0,0.0
2000-09-05 00:00:00-04:00,15.039861222141374,16.55715695605652,14.960003551935314,15.944914817810059,1028000,0.0,0.0
2000-09-06 00:00:00-04:00,15.86505447525576,18.154307302222197,15.86505447525576,17.675161361694336,2685600,0.0,0.0
2000-09-07 00:00:00-04:00,17.71509566481825,20.709758718600447,17.355736098364385,20.33708953857422,2757200,0.0,0.0
2000-09-08 00:00:00-04:00,20.89608681217641,21.548257674467266,19.804698838546813,20.20398712158203,3938400,0.0,0.0
2000-09-11 00:00:00-04:00,19.804704688995404,20.217302703349475,18.393885672171805,19.991039276123047,3260400,0.0,0.0
2000-09-12 00:00:00-04:00,19.991040045818448,22.000791741503257,19.48527471842757,21.042499542236328,2206000,0.0,0.0
2000-09-13 00:00:00-04:00,20.869472635203394,22.360149252003637,20.64320922015336,21.614810943603516,1278400,0.0,0.0
2000-09-14 00:00:00-04:00,22.014108560085297,23.371689620018007,20.975958337783812,21.29538917541504,2366000,0.0,0.0
2000-09-15 00:00:00-04:00,21.614820884414744,21.721297834584274,20.57667062026182,20.669837951660156,563200,0.0,0.0
2000-09-18 00:00:00-04:00,19.991040305401587,21.588193991585467,19.072676935845852,19.139225006103516,1785200,0.0,0.0
2000-09-19 00:00:00-04:00,19.072681808735855,19.4985895672003,17.78164891589051,19.219087600708008,1632800,0.0,0.0
2000-09-20 00:00:00-04:00,19.1924706066356,20.65652869729435,19.059374416575714,19.911190032958984,1920800,0.0,0.0
2000-09-21 00:00:00-04:00,19.804708771083664,19.991043396618053,18.46043754401414,19.591754913330078,601200,0.0,0.0
2000-09-22 00:00:00-04:00,18.540293428114246,19.378799161044036,17.914741532119006,19.03274917602539,883200,0.0,0.0
2000-09-25 00:00:00-04:00,19.511897751570608,20.12414010939615,17.675170678093977,18.433818817138672,1111600,0.0,0.0
2000-09-26 00:00:00-04:00,17.994598059514637,18.31402879429892,16.184490562403695,17.27587890625,1539600,0.0,0.0
2000-09-27 00:00:00-04:00,17.515450084170098,17.888119234897122,15.758581230742703,16.131250381469727,721200,0.0,0.0
2000-09-28 00:00:00-04:00,15.971532741926874,17.062920812625208,15.652102087088336,16.55715560913086,1638800,0.0,0.0
2000-09-29 00:00:00-04:00,16.50392424152195,16.823355033293343,15.944920355922012,16.4240665435791,1117600,0.0,0.0
2000-10-02 00:00:00-04:00,16.424065704225367,17.72840803729999,16.410756088581746,16.8765926361084,976800,0.0,0.0
2000-10-03 00:00:00-04:00,17.142786661783855,17.64855210677437,16.50392504705899,16.53054428100586,1291600,0.0,0.0
2000-10-04 00:00:00-04:00,16.264350642328676,16.33089872187994,15.119723674046952,15.91830062866211,1386400,0.0,0.0
2000-10-05 00:00:00-04:00,16.101312708697822,16.61040567096911,15.67873227596283,16.184497833251953,606000,0.0,0.0
2000-10-06 00:00:00-04:00,16.397445102907575,16.397445102907575,15.519010543823242,15.519010543823242,546400,0.0,0.0
2000-10-09 00:00:00-04:00,15.51901258271316,17.169405001457957,15.51901258271316,16.983070373535156,1023200,0.0,0.0
2000-10-10 00:00:00-04:00,16.929829736270815,17.59531046489781,16.849972048835575,17.009687423706055,1687200,0.0,0.0
2000-10-11 00:00:00-04:00,16.557154167129333,18.726620508963805,16.53053494821112,17.675161361694336,1465600,0.0,0.0
2000-10-12 00:00:00-04:00,18.55027660650407,18.553604010379676,17.408977077171173,18.007909774780273,708400,0.0,0.0
2000-10-13 00:00:00-04:00,17.994599986010673,19.69823075391701,17.994599986010673,19.3255615234375,640000,0.0,0.0
2000-10-16 00:00:00-04:00,19.485279713201958,19.48860711752457,16.836665872404698,17.408979415893555,540400,0.0,0.0
2000-10-17 00:00:00-04:00,13.535879060968773,13.535879060968773,11.73908095553044,12.151679039001465,24374000,0.0,0.0
2000-10-18 00:00:00-04:00,11.339791405186224,11.71246060629563,10.43473763106338,10.767477989196777,5658400,0.0,0.0
2000-10-19 00:00:00-04:00,11.492851104150594,11.978651143736759,11.286551299876413,11.779006958007812,4004000,0.0,0.0
2000-10-20 00:00:00-04:00,11.818939618827882,13.229758987742022,11.712462685324928,12.883708953857422,4702000,0.0,0.0
2000-10-23 00:00:00-04:00,12.817161716840653,12.830471334407466,11.938726957431014,12.710684776306152,1491200,0.0,0.0
2000-10-24 00:00:00-04:00,12.634149297819299,12.87039491281671,12.497725773665865,12.564273834228516,977200,0.0,0.0
2000-10-25 00:00:00-04:00,12.138369454277885,12.138369454277885,11.22000597582923,11.499507904052734,1446800,0.0,0.0
2000-10-26 00:00:00-04:00,11.68583875981773,11.68583875981773,10.754165965754812,10.913881301879883,2017600,0.0,0.0
2000-10-27 00:00:00-04:00,11.096892685868173,12.085131704669626,11.073600857142212,11.526127815246582,830000,0.0,0.0
2000-10-30 00:00:00-05:00,11.552744125693966,11.579363351790034,10.967121151580447,11.15345573425293,1358800,0.0,0.0
2000-10-31 00:00:00-05:00,11.289881441090674,12.231536745490516,11.20669634352885,11.872177124023438,1287600,0.0,0.0
2000-11-01 00:00:00-05:00,11.712459325790405,11.739078551530838,10.88726332783699,11.07359790802002,904400,0.0,0.0
2000-11-02 00:00:00-05:00,11.126835861206054,11.566053066253662,11.126835861206054,11.313170433044434,1970400,0.0,0.0
2000-11-03 00:00:00-05:00,11.499509163622587,11.499509163622587,11.193387970609486,11.286555290222168,662800,0.0,0.0
2000-11-06 00:00:00-05:00,11.339794672282279,11.925417871320331,11.286556199642456,11.472890853881836,400400,0.0,0.0
2000-11-07 00:00:00-05:00,10.750839965444214,10.754167368714239,10.27502129783093,10.394807815551758,1746000,0.0,0.0
2000-11-08 00:00:00-05:00,10.438065977059594,10.647692421610042,10.301642417907715,10.301642417907715,646000,0.0,0.0
2000-11-09 00:00:00-05:00,10.301641193861814,10.341570035698487,9.915662389440635,10.32826042175293,928400,0.0,0.0
2000-11-10 00:00:00-05:00,10.271695375442505,10.271695375442505,9.10377665928432,9.782567024230957,2156400,0.0,0.0
2000-11-13 00:00:00-05:00,9.742638714681535,10.168546418055591,9.183634854003087,9.915663719177246,403600,0.0,0.0
2000-11-14 00:00:00-05:00,10.168546262637589,10.54121549739394,10.00883087631344,10.301642417907715,350400,0.0,0.0
2000-11-15 00:00:00-05:00,10.554521165301452,10.860642207926842,10.088684796088904,10.594449996948242,611600,0.0,0.0
2000-11-16 00:00:00-05:00,10.331590547125757,10.35488237766678,9.42320915602581,9.609543800354004,2296000,0.0,0.0
2000-11-17 00:00:00-05:00,9.66278076171875,9.82249614620997,9.343349992736313,9.66278076171875,678800,0.0,0.0
2000-11-20 00:00:00-05:00,9.476445879255023,9.50306510925293,8.731107439313616,8.944061279296875,2574000,0.0,0.0
2000-11-21 00:00:00-05:00,8.917443041475662,9.23687383699121,8.411677615242715,8.571393013000488,686400,0.0,0.0
2000-11-22 00:00:00-05:00,8.385053639435888,8.571388164756685,7.3469041412200164,7.945836544036865,518400,0.0,0.0
2000-11-24 00:00:00-05:00,7.905911309378488,8.398367064339773,7.613099779401507,8.38505744934082,143600,0.0,0.0
2000-11-27 00:00:00-05:00,8.531462080182303,8.558081306641531,6.7080450677252434,7.173881530761719,817200,0.0,0.0
2000-11-28 00:00:00-05:00,7.187192099434989,7.187192099434989,5.909469059535435,5.96270751953125,1688400,0.0,0.0
2000-11-29 00:00:00-05:00,6.015945769116656,6.175661143517983,5.576728489513006,5.842920780181885,2391200,0.0,0.0
2000-11-30 00:00:00-05:00,5.64327726405781,6.12242344685517,5.323846475526235,6.095804214477539,1413600,0.0,0.0
2000-12-01 00:00:00-05:00,6.069183714070897,6.548329796760705,6.015945260438697,6.26882791519165,1346400,0.0,0.0
2000-12-04 00:00:00-05:00,6.282136698238186,6.282136698238186,5.550108057553651,5.683204174041748,1337200,0.0,0.0
2000-12-05 00:00:00-05:00,5.7497534368456025,6.495091845325589,5.7497534368456025,6.45516300201416,1512800,0.0,0.0
2000-12-06 00:00:00-05:00,6.508401588389748,6.814522726493969,5.949397770982039,6.069184303283691,540800,0.0,0.0
2000-12-07 00:00:00-05:00,6.1190957602358305,6.1190957602358305,5.802992005154019,5.88284969329834,1088800,0.0,0.0
2000-12-08 00:00:00-05:00,6.175659555149829,6.867759332882137,6.029253832937226,6.761282444000244,876000,0.0,0.0
2000-12-11 00:00:00-05:00,6.827832428403973,7.253740104249835,6.535020901259943,7.040786266326904,1400000,0.0,0.0
2000-12-12 00:00:00-05:00,6.871087877362063,7.24042964704109,6.841141247388088,7.027475833892822,1737600,0.0,0.0
2000-12-13 00:00:00-05:00,7.227120336810667,7.227120336810667,6.428543504013907,6.481781959533691,1656400,0.0,0.0
2000-12-14 00:00:00-05:00,6.445181321232106,6.468473556057719,5.9094696684971755,5.949398517608643,1315200,0.0,0.0
2000-12-15 00:00:00-05:00,5.97601617872715,6.015945017337799,5.377083599567413,5.53679895401001,614800,0.0,0.0
2000-12-18 00:00:00-05:00,5.74975507736206,5.74975507736206,5.270608820915222,5.32384729385376,878800,0.0,0.0
2000-12-19 00:00:00-05:00,5.300554209470647,5.59003876603168,4.804771415565325,4.8979387283325195,1436800,0.0,0.0
2000-12-20 00:00:00-05:00,4.8580100151322645,5.08427349528911,4.179219574661729,4.285696506500244,1824800,0.0,0.0
2000-12-21 00:00:00-05:00,4.285697617028889,4.631747735174079,3.9795763586696826,4.046124458312988,1304000,0.0,0.0
2000-12-22 00:00:00-05:00,4.152598803556418,4.265730907907341,3.939645018758653,4.205837249755859,866000,0.0,0.0
2000-12-26 00:00:00-05:00,4.019503880949581,4.072742342948914,3.27416541295893,3.62021541595459,3630000,0.0,0.0
2000-12-27 00:00:00-05:00,3.64683432672538,4.192528514301076,3.4871189547520056,4.072741985321045,5408400,0.0,0.0
2000-12-28 00:00:00-05:00,3.9263366511170297,4.831390523238921,3.913027035350531,4.724913597106934,3259600,0.0,0.0
2000-12-29 00:00:00-05:00,4.818080980893214,4.818080980893214,4.578507893445485,4.671675205230713,2409600,0.0,0.0
2001-01-02 00:00:00-05:00,4.485339919028924,4.684984129074722,4.485339919028924,4.5518879890441895,2221600,0.0,0.0
2001-01-03 00:00:00-05:00,4.605127197177678,4.7914618236530755,4.2590771765805115,4.618436813354492,3264000,0.0,0.0
2001-01-04 00:00:00-05:00,4.658364880945265,5.270607122440928,4.631745653054149,5.164130210876465,4648000,0.0,0.0
2001-01-05 00:00:00-05:00,5.1907499233881635,5.204059538576338,4.714930774233694,4.79146146774292,1514000,0.0,0.0
2001-01-08 00:00:00-05:00,4.818080021583871,4.897937701499625,4.698293501710238,4.858008861541748,1948800,0.0,0.0
2001-01-09 00:00:00-05:00,4.778150844049978,4.951175804976579,4.778150844049978,4.844698905944824,2123200,0.0,0.0
2001-01-10 00:00:00-05:00,4.778151181625994,4.884628088180333,4.418791622005097,4.858008861541748,3650800,0.0,0.0
2001-01-11 00:00:00-05:00,4.854683029192771,5.802992799546983,4.684985012478299,5.390394687652588,5093200,0.0,0.0
2001-01-12 00:00:00-05:00,5.496871122446928,6.0159461194818675,5.2173692009665755,5.856230735778809,2292800,0.0,0.0
2001-01-16 00:00:00-05:00,5.77637189010094,5.856229566000953,5.337154672650868,5.403702735900879,1420000,0.0,0.0
2001-01-17 00:00:00-05:00,5.643275129606708,5.962705797320295,5.629965518451974,5.896157741546631,4712000,0.0,0.0
2001-01-18 00:00:00-05:00,6.069182927629589,6.308755937930757,5.6432753537608455,6.015944480895996,4115200,0.0,0.0
2001-01-19 00:00:00-05:00,6.292120896932569,6.308757509504046,5.896159444536481,5.96270751953125,3609200,0.0,0.0
2001-01-22 00:00:00-05:00,5.856229922192244,7.213810495064084,5.749753014516022,7.067404747009277,9569600,0.0,0.0
2001-01-23 00:00:00-05:00,7.133952246959881,7.692955967803752,6.681425425324366,7.503293991088867,10602800,0.0,0.0
2001-01-24 00:00:00-05:00,7.639718433330951,7.666337661321651,7.160572329498348,7.227120399475098,5402000,0.0,0.0
2001-01-25 00:00:00-05:00,7.213812419109874,8.305201013882956,7.160573951072163,7.66633939743042,6128400,0.0,0.0
2001-01-26 00:00:00-05:00,7.240426728219697,7.533238103257993,6.841138489531111,7.4666900634765625,5333600,0.0,0.0
2001-01-29 00:00:00-05:00,7.187193332437697,7.426766443518954,6.9210009867918565,7.14726448059082,3665600,0.0,0.0
2001-01-30 00:00:00-05:00,7.187191550411395,7.200501164393638,7.027476182624476,7.133953094482422,5190800,0.0,0.0
2001-01-31 00:00:00-05:00,7.133951790725129,8.544770615010322,7.133951790725129,8.411674499511719,6700000,0.0,0.0
2001-02-01 00:00:00-05:00,8.358438731667524,8.944061827516842,8.305200268408496,8.890823364257812,5822000,0.0,0.0
2001-02-02 00:00:00-05:00,8.890822078195379,8.904131692084892,8.012387561487452,8.172102928161621,5268400,0.0,0.0
2001-02-05 00:00:00-05:00,8.05231612274956,8.05897174181691,7.14726240977936,7.493312358856201,2630800,0.0,0.0
2001-02-06 00:00:00-05:00,7.44007384686759,7.48000268683289,6.654806660883354,7.027475833892822,6284400,0.0,0.0
2001-02-07 00:00:00-05:00,6.934310291609775,6.974239141657432,6.002637123831111,6.711373805999756,4690400,0.0,0.0
2001-02-08 00:00:00-05:00,6.731338261779352,7.027476792403215,6.282138344724086,6.56164026260376,4302800,0.0,0.0
2001-02-09 00:00:00-05:00,6.455162273340927,6.574948789753439,5.856229691278367,6.149041175842285,1206000,0.0,0.0
2001-02-12 00:00:00-05:00,5.8163013322979,6.308757051508477,5.616657121807125,5.629966735839844,2901200,0.0,0.0
2001-02-13 00:00:00-05:00,5.656585484343285,6.295446903751468,5.629966258534611,5.859556674957275,4834800,0.0,0.0
2001-02-14 00:00:00-05:00,5.816303419900107,5.856232276329627,5.110893622978583,5.709826469421387,4453200,0.0,0.0
2001-02-15 00:00:00-05:00,5.816302673316296,6.654808550705145,5.696516119403603,6.4684739112854,5850800,0.0,0.0
2001-02-16 00:00:00-05:00,6.01594504649505,6.149041175842285,5.696514336061684,6.149041175842285,3525600,0.0,0.0
2001-02-20 00:00:00-05:00,5.909468905616353,5.9893265935300875,4.858009348085515,5.230678558349609,4621600,0.0,0.0
2001-02-21 00:00:00-05:00,5.004415310753717,5.270607614517212,4.472030703226725,4.79146146774292,4533200,0.0,0.0
2001-02-22 00:00:00-05:00,4.778151569478323,4.791461183877984,4.125980463894931,4.538578510284424,5556800,0.0,0.0
2001-02-23 00:00:00-05:00,5.004416456222534,5.4835627126693725,4.591818290948868,5.32384729385376,5194000,0.0,0.0
2001-02-26 00:00:00-05:00,5.523490852779812,5.590038935343425,5.110892740885417,5.390394687652588,4283600,0.0,0.0
2001-02-27 00:00:00-05:00,5.2572983632916985,5.337156059949295,4.658365638359733,4.8979387283325195,3001600,0.0,0.0
2001-02-28 00:00:00-05:00,4.645055186073735,4.897937846633623,3.8331687495393574,4.232457160949707,4192400,0.0,0.0
2001-03-01 00:00:00-05:00,4.0993602014357045,4.259075533959173,3.833167980563256,4.125979423522949,2540800,0.0,0.0
2001-03-02 00:00:00-05:00,4.006193727817176,4.472030207795917,3.779930294684644,4.232457160949707,6501200,0.0,0.0
2001-03-05 00:00:00-05:00,4.338934714729722,4.445411640244561,3.8331693185342326,3.9396462440490723,2490000,0.0,0.0
2001-03-06 00:00:00-05:00,4.179221920478039,4.365556655785976,4.032816057021801,4.152602672576904,5240800,0.0,0.0
2001-03-07 00:00:00-05:00,4.232456176610621,4.285694619083711,4.072740849191352,4.139288902282715,3170800,0.0,0.0
2001-03-08 00:00:00-05:00,4.125981108742471,4.352244588899316,3.9795753274645125,4.285696506500244,2900000,0.0,0.0
2001-03-09 00:00:00-05:00,4.312316286207434,4.312316286207434,3.7266930868459305,4.006195068359375,1542800,0.0,0.0
2001-03-12 00:00:00-05:00,3.966264923277975,4.072741833970001,3.6335245773653932,3.899716854095459,1842800,0.0,0.0
2001-03-13 00:00:00-05:00,3.8331681263597703,4.362225591643829,3.7400008455107483,4.205837249755859,1862800,0.0,0.0
2001-03-14 00:00:00-05:00,4.139291106470374,4.152600724176066,3.8065506638280606,4.019504547119141,2107600,0.0,0.0
2001-03-15 00:00:00-05:00,4.132635518871291,4.259076444644493,3.926336097406642,4.0860514640808105,1634400,0.0,0.0
2001-03-16 00:00:00-05:00,4.032814081834287,4.046123699266084,3.66014479374399,3.91302752494812,2215600,0.0,0.0
2001-03-19 00:00:00-05:00,3.939646174112956,4.019503866831462,3.7266923268636067,3.992884635925293,1898400,0.0,0.0
2001-03-20 00:00:00-05:00,4.046123111949247,4.112671189448412,3.5536673384554245,3.62021541595459,1317600,0.0,0.0
2001-03-21 00:00:00-05:00,3.553666940168901,3.8331688343394887,3.4072611860795456,3.6601438522338867,2201600,0.0,0.0
2001-03-22 00:00:00-05:00,3.606906260213544,3.7799312837662233,3.370660351889514,3.713383197784424,2879200,0.0,0.0
2001-03-23 00:00:00-05:00,3.753312331244403,3.8864085132034245,3.473810349130458,3.6867642402648926,2613200,0.0,0.0
2001-03-26 00:00:00-05:00,3.726691654750279,3.766620493908318,3.220926358748456,3.260855197906494,1350800,0.0,0.0
2001-03-27 00:00:00-05:00,3.2475461352955213,3.2475461352955213,2.821638445420699,2.9281153678894043,5968400,0.0,0.0
2001-03-28 00:00:00-05:00,2.928115759255751,2.928115759255751,2.755090737117911,2.821638822555542,2838000,0.0,0.0
2001-03-29 00:00:00-05:00,2.78170860472636,2.8482566574710098,2.5554452253945508,2.6486124992370605,2442000,0.0,0.0
2001-03-30 00:00:00-05:00,2.6219935985426828,2.715160883770088,2.342491742860468,2.5687551498413086,3236800,0.0,0.0
2001-04-02 00:00:00-04:00,2.555445576762105,2.5687551891410743,2.1295379806350874,2.422349452972412,3023200,0.0,0.0
2001-04-03 00:00:00-04:00,2.3424923453532474,2.3424923453532474,1.6903211810219456,1.8899654150009155,5518800,0.0,0.0
2001-04-04 00:00:00-04:00,1.9565141228375282,1.9698237427207768,1.7435602047055525,1.8167635202407837,2302400,0.0,0.0
2001-04-05 00:00:00-04:00,1.8899657526216307,2.0763004042885522,1.836727280716796,1.9032753705978394,6473200,0.0,0.0
2001-04-06 00:00:00-04:00,1.8234167590737342,2.329181991517544,1.8101071476936341,2.12953782081604,12031600,0.0,0.0
2001-04-09 00:00:00-04:00,2.2147198340707277,2.225367566588959,2.0784295077209016,2.15083384513855,4875600,0.0,0.0
2001-04-10 00:00:00-04:00,2.172129237815291,2.6086846726278856,2.1508339745857854,2.6022961139678955,4862400,0.0,0.0
2001-04-11 00:00:00-04:00,2.772658958092365,3.5882721089831944,2.7662701969823766,3.3625409603118896,9857200,0.0,0.0
2001-04-12 00:00:00-04:00,3.2134735358817292,3.4498524325092146,3.045240007379948,3.2880072593688965,3914000,0.0,0.0
2001-04-16 00:00:00-04:00,3.266712480235428,3.266712480235428,2.9536702266183505,3.164494514465332,3375600,0.0,0.0
2001-04-17 00:00:00-04:00,3.1027373231598636,3.3433751820265485,3.066535154820449,3.307173013687134,6679600,0.0,0.0
2001-04-18 00:00:00-04:00,3.4285566852604963,4.075936106112716,3.375318228676256,3.824650526046753,8188400,0.0,0.0
2001-04-19 00:00:00-04:00,3.8544638379664042,4.369812047102383,3.6202145781451165,4.291018962860107,4748400,0.0,0.0
2001-04-20 00:00:00-04:00,4.28888968958812,4.961823710213351,4.244169583554719,4.748869895935059,5736800,0.0,0.0
2001-04-23 00:00:00-04:00,4.474159476973702,4.589154320080744,4.301667009224565,4.386848449707031,8404000,0.0,0.0
2001-04-24 00:00:00-04:00,4.450735331597388,5.068301408123435,4.450735331597388,4.563601016998291,3416000,0.0,0.0
2001-04-25 00:00:00-04:00,4.501843626107733,5.047005697910842,4.482677749808091,5.0171918869018555,3112000,0.0,0.0
2001-04-26 00:00:00-04:00,5.004415853315599,5.323846652463404,4.889420570657302,4.9384002685546875,3418800,0.0,0.0
2001-04-27 00:00:00-04:00,5.012934849395192,5.2386658628403895,4.799980955834016,5.002286911010742,2833200,0.0,0.0
2001-04-30 00:00:00-04:00,5.089596268931963,5.443099581261132,5.083207914219877,5.36643648147583,2824800,0.0,0.0
2001-05-01 00:00:00-04:00,5.366435325639504,5.590036628300694,5.110890631589205,5.5517048835754395,3482400,0.0,0.0
2001-05-02 00:00:00-04:00,5.6006860945029375,5.798733240061092,5.334493781909124,5.749753952026367,3606800,0.0,0.0
2001-05-03 00:00:00-04:00,5.639016353195335,6.220380111843887,5.483560181455986,5.954187870025635,7837600,0.0,0.0
2001-05-04 00:00:00-04:00,5.7497540720401155,5.783826656269137,5.345141829687556,5.719940662384033,5635200,0.0,0.0
2001-05-07 00:00:00-04:00,5.743364946409646,5.988262188538238,5.600685856671108,5.739106178283691,2840000,0.0,0.0
2001-05-08 00:00:00-04:00,5.890303842883608,6.186309583723049,5.56235510369514,5.681609153747559,6511600,0.0,0.0
2001-05-09 00:00:00-04:00,5.558093742366521,5.675218158961662,5.274865231054051,5.472912311553955,4496800,0.0,0.0
2001-05-10 00:00:00-04:00,5.683738079910634,5.728458191161308,5.338752681814119,5.343011856079102,1689200,0.0,0.0
2001-05-11 00:00:00-04:00,5.3472703263131836,5.387731257971718,5.068300541344688,5.228015899658203,1671600,0.0,0.0
2001-05-14 00:00:00-04:00,5.208851766994556,5.462267000705065,4.94053023268613,5.40902853012085,5339200,0.0,0.0
2001-05-15 00:00:00-04:00,5.419675227890679,5.9669665152846,5.366436769487734,5.747623920440674,2395200,0.0,0.0
2001-05-16 00:00:00-04:00,5.61772213957665,6.465278734352177,5.61772213957665,6.209733963012695,8853200,0.0,0.0
2001-05-17 00:00:00-04:00,6.273620076448428,6.708046115055164,6.2076044982521115,6.627123832702637,5998800,0.0,0.0
2001-05-18 00:00:00-04:00,6.827301263645327,6.974239139323909,6.346025069646727,6.367320537567139,7377200,0.0,0.0
2001-05-21 00:00:00-04:00,6.4035217160371,6.889056197046045,6.346024083440608,6.618605136871338,4750800,0.0,0.0
2001-05-22 00:00:00-04:00,6.4780550042026315,6.899703862409176,6.377966858370556,6.880537986755371,13885200,0.0,0.0
2001-05-23 00:00:00-04:00,6.814522610754195,6.825170139862618,6.54407114715736,6.720822811126709,8274400,0.0,0.0
2001-05-24 00:00:00-04:00,6.612217884088664,6.729342763080316,6.441854940690092,6.4908342361450195,5672000,0.0,0.0
2001-05-25 00:00:00-04:00,6.484444764802454,6.654807678911704,6.409910837563198,6.501481056213379,1844400,0.0,0.0
2001-05-29 00:00:00-04:00,6.443983306257491,6.443983306257491,5.728458267316652,5.834935188293457,6860800,0.0,0.0
2001-05-30 00:00:00-04:00,5.696516604423523,5.707164136540305,5.238665818387562,5.32384729385376,4416000,0.0,0.0
2001-05-31 00:00:00-04:00,5.340882556562872,5.4707845353997975,5.1747784068784695,5.253571510314941,4419600,0.0,0.0
2001-06-01 00:00:00-04:00,5.398378936596498,5.483560375761244,5.0555231870091095,5.0917253494262695,4199600,0.0,0.0
2001-06-04 00:00:00-04:00,5.144964334300687,5.196073203110367,4.940528859061965,5.164130210876465,3136800,0.0,0.0
2001-06-05 00:00:00-04:00,5.262088233041384,5.6730891343734084,5.217368129751399,5.594296455383301,11191200,0.0,0.0
2001-06-06 00:00:00-04:00,5.68586657023419,5.966965518663362,5.47291277219062,5.698643684387207,12755200,0.0,0.0
2001-06-07 00:00:00-04:00,5.62198207590173,6.324730089250242,5.62198207590173,6.190568923950195,6662800,0.0,0.0
2001-06-08 00:00:00-04:00,6.1756617223331,6.405651866779794,5.990391691945121,6.0947394371032715,5442800,0.0,0.0
2001-06-11 00:00:00-04:00,6.050018749861604,6.052148337069029,5.323846165395795,5.653924465179443,4959200,0.0,0.0
2001-06-12 00:00:00-04:00,5.524023982554822,5.536801102137802,5.230147388905139,5.3770856857299805,6858800,0.0,0.0
2001-06-13 00:00:00-04:00,5.389862196482019,5.685868344321997,5.121540278484853,5.385603427886963,5143600,0.0,0.0
2001-06-14 00:00:00-04:00,5.23227663935146,5.370696576749332,5.023581939509913,5.149224758148193,3730400,0.0,0.0
2001-06-15 00:00:00-04:00,4.946917897198317,5.0789494644958175,4.684984756047301,4.9277520179748535,3055600,0.0,0.0
2001-06-18 00:00:00-04:00,4.919233667448209,5.127928328168645,4.87238356381658,4.976731300354004,1973200,0.0,0.0
2001-06-19 00:00:00-04:00,5.123668837945416,5.257829973116825,4.87664243719175,5.11728048324585,3158000,0.0,0.0
2001-06-20 00:00:00-04:00,5.106633184897181,5.110892359345837,4.463512465530293,4.761648178100586,5540800,0.0,0.0
2001-06-21 00:00:00-04:00,4.638134071570446,4.674336235076895,4.046122340752376,4.382589340209961,5626000,0.0,0.0
2001-06-22 00:00:00-04:00,4.386849206686652,4.550823761771001,4.099361440045425,4.34638786315918,4323600,0.0,0.0
2001-06-25 00:00:00-04:00,4.327221624876778,4.363423791088287,4.05251140400594,4.267594814300537,1734800,0.0,0.0
2001-06-26 00:00:00-04:00,4.141951121759894,4.763776166342404,4.131303189212277,4.618967533111572,5748400,0.0,0.0
2001-06-27 00:00:00-04:00,4.80423757058316,5.1492229021639835,4.616838407005211,4.844698905944824,4921200,0.0,0.0
2001-06-28 00:00:00-04:00,4.919232630486244,5.110890960260591,4.844698722747019,4.9064555168151855,4994800,0.0,0.0
2001-06-29 00:00:00-04:00,4.8809021907451005,5.964837304748653,4.770166092794024,5.728458404541016,4164800,0.0,0.0
2001-07-02 00:00:00-04:00,5.717810025218156,6.116033432591257,5.643276108586299,5.998908996582031,5725200,0.0,0.0
2001-07-03 00:00:00-04:00,5.990391076703723,5.992520663751216,5.834934877831547,5.877525806427002,3016800,0.0,0.0
2001-07-05 00:00:00-04:00,5.792344064954081,6.026592941950999,5.758271486257178,5.94141149520874,3893600,0.0,0.0
2001-07-06 00:00:00-04:00,5.815769924346333,5.886044683367096,5.717811341665321,5.777438163757324,10161600,0.0,0.0
2001-07-09 00:00:00-04:00,5.766790161999252,5.802992332245672,5.536800023427063,5.728458404541016,9950000,0.0,0.0
2001-07-10 00:00:00-04:00,5.728458123635224,5.949930308677068,5.174778067207821,5.196073532104492,4247200,0.0,0.0
2001-07-11 00:00:00-04:00,5.17051880794322,5.17051880794322,4.653040969150168,4.9469170570373535,6656000,0.0,0.0
2001-07-12 00:00:00-04:00,5.208850471223119,5.728457928595381,5.132187368853385,5.679478645324707,3520800,0.0,0.0
2001-07-13 00:00:00-04:00,5.685869011767263,6.018076965636953,5.400510767360828,5.939283847808838,3159600,0.0,0.0
2001-07-16 00:00:00-04:00,5.924374997710278,5.952059220789577,5.4516176802679555,5.579390048980713,2565200,0.0,0.0
2001-07-17 00:00:00-04:00,5.526152950156762,5.973355740981438,5.287644443029974,5.8519721031188965,4530800,0.0,0.0
2001-07-18 00:00:00-04:00,5.736976866235955,5.792344916300595,5.259960288191248,5.279126167297363,2763600,0.0,0.0
2001-07-19 00:00:00-04:00,5.460135545350487,6.015945118096441,5.458005958514327,5.83067512512207,6409600,0.0,0.0
2001-07-20 00:00:00-04:00,5.700775109124621,5.888174333105354,5.387732665117608,5.826417922973633,5877200,0.0,0.0
2001-07-23 00:00:00-04:00,5.826415642456602,5.920115014683469,5.4303214754473,5.5666117668151855,2855600,0.0,0.0
2001-07-24 00:00:00-04:00,5.583649793130436,5.6709608390167014,5.270607780282893,5.330235004425049,3515200,0.0,0.0
2001-07-25 00:00:00-04:00,5.445230184395658,5.5261528793858545,4.684984962317107,5.015063285827637,6218400,0.0,0.0
2001-07-26 00:00:00-04:00,5.015062493074772,5.943541314269266,4.919233514063655,5.930764198303223,5606000,0.0,0.0
2001-07-27 00:00:00-04:00,5.80299303582826,6.260843781272833,5.734847861496807,5.964838027954102,5110400,0.0,0.0
2001-07-30 00:00:00-04:00,5.911598447052904,6.441853441964232,5.905209685845345,6.371578693389893,5696800,0.0,0.0
2001-07-31 00:00:00-04:00,6.388616124435448,6.761285398360848,6.207605253007655,6.5355544090271,10629200,0.0,0.0
2001-08-01 00:00:00-04:00,6.637770866059503,6.8145225278792845,6.520646422582456,6.601568698883057,4544000,0.0,0.0
2001-08-02 00:00:00-04:00,6.63351200719475,7.078585969616353,6.62925283292992,6.931647300720215,6470000,0.0,0.0
2001-08-03 00:00:00-04:00,6.880539498680325,7.112659238224757,6.763414632150451,7.095622539520264,1845600,0.0,0.0
2001-08-06 00:00:00-04:00,6.978497663343799,7.427830410469346,6.974238488921465,7.070067882537842,8884000,0.0,0.0
2001-08-07 00:00:00-04:00,7.006182319475173,7.112659249483279,6.663326474872351,6.869891166687012,5917600,0.0,0.0
2001-08-08 00:00:00-04:00,6.718696145228823,7.070070445058351,6.656939718430507,6.963593482971191,6636800,0.0,0.0
2001-08-09 00:00:00-04:00,6.923128980419798,6.97423825945173,6.5099988232998705,6.708045959472656,3792000,0.0,0.0
2001-08-10 00:00:00-04:00,6.699528069093724,6.820911701197339,6.367320169729527,6.55897855758667,3248400,0.0,0.0
2001-08-13 00:00:00-04:00,6.665454656291606,6.906092709476126,6.639900424381778,6.803874969482422,2750800,0.0,0.0
2001-08-14 00:00:00-04:00,6.814523176849918,7.0892338373817525,6.778321006225814,6.967850208282471,4922800,0.0,0.0
2001-08-15 00:00:00-04:00,6.955072714881808,6.957201895947794,6.254454758951686,6.271491050720215,7715600,0.0,0.0
2001-08-16 00:00:00-04:00,6.245935359175655,6.245935359175655,5.74123464040479,6.050017833709717,7495600,0.0,0.0
2001-08-17 00:00:00-04:00,5.790214002452538,6.250194183258902,5.641146178263915,5.717809677124023,7267600,0.0,0.0
2001-08-20 00:00:00-04:00,5.762530118372363,6.067054138715693,5.722069185982549,5.847711563110352,3428800,0.0,0.0
2001-08-21 00:00:00-04:00,5.847714032522312,5.886045800385695,5.015064297009366,5.085339069366455,4928800,0.0,0.0
2001-08-22 00:00:00-04:00,5.185425633256883,5.481431315079356,5.174777698478662,5.389861106872559,5504000,0.0,0.0
2001-08-23 00:00:00-04:00,5.430323570966721,5.536800503730774,5.078949774080797,5.1108927726745605,2313600,0.0,0.0
2001-08-24 00:00:00-04:00,5.196071952941013,5.928633041980716,5.132185983844104,5.785953998565674,15788400,0.0,0.0
2001-08-27 00:00:00-04:00,5.762530756658828,5.943541600637441,5.6752197153592405,5.690126419067383,5238800,0.0,0.0
2001-08-28 00:00:00-04:00,5.9073404455990355,5.9073404455990355,5.536800751724876,5.592168807983398,4321200,0.0,0.0
2001-08-29 00:00:00-04:00,5.656054117265874,5.681608757870884,5.323846226464137,5.4771728515625,5218800,0.0,0.0
2001-08-30 00:00:00-04:00,5.334494240072526,5.53680057749019,5.279126591733621,5.379214763641357,3965600,0.0,0.0
2001-08-31 00:00:00-04:00,5.3238461073411685,5.430323029487991,5.276996407820366,5.334493637084961,5418400,0.0,0.0
2001-09-04 00:00:00-04:00,5.3557897081444805,5.6113345126533964,5.228017305890022,5.379214763641357,6346400,0.0,0.0
2001-09-05 00:00:00-04:00,5.3856033257020295,5.526152841103712,4.929881788142182,5.264219284057617,7985200,0.0,0.0
2001-09-06 00:00:00-04:00,5.249311724676857,5.291902652307264,4.897937993346157,5.012933254241943,4082800,0.0,0.0
2001-09-07 00:00:00-04:00,4.944787607368794,5.1790368931241195,4.904326673581111,5.089596271514893,3179600,0.0,0.0
2001-09-10 00:00:00-04:00,5.029969288943912,5.142834550938863,4.902196918710359,4.949046611785889,4385600,0.0,0.0
2001-09-17 00:00:00-04:00,4.459254877204443,4.670079194071569,4.248430560337317,4.354907512664795,2885200,0.0,0.0
2001-09-18 00:00:00-04:00,4.350646775928123,4.525268850096434,3.6734535371371053,3.6755831241607666,4378800,0.0,0.0
2001-09-19 00:00:00-04:00,3.777800912611057,3.8821482410435606,3.428556759802089,3.8459460735321045,10944400,0.0,0.0
2001-09-20 00:00:00-04:00,3.7053961039310597,3.7820596032560188,3.420037974418319,3.5733649730682373,6838000,0.0,0.0
2001-09-21 00:00:00-04:00,3.4434636365592723,3.535033853479244,3.1474577234823804,3.5030908584594727,6833600,0.0,0.0
2001-09-24 00:00:00-04:00,3.6691952763890647,3.9396468030542593,3.620215981184995,3.8970558643341064,4001200,0.0,0.0
2001-09-25 00:00:00-04:00,3.8864078626816405,4.252688347899609,3.8565944528898424,4.0844550132751465,5345600,0.0,0.0
2001-09-26 00:00:00-04:00,4.118526144750136,4.14833954402454,3.9630699825663083,4.0354743003845215,4262400,0.0,0.0
2001-09-27 00:00:00-04:00,3.992884969870338,3.992884969870338,2.7407162189483643,2.7407162189483643,16444800,0.0,0.0
2001-09-28 00:00:00-04:00,2.8322863464663204,3.243287153500476,2.8322863464663204,3.0558879375457764,10611200,0.0,0.0
2001-10-01 00:00:00-04:00,3.0665347240624214,3.0665347240624214,2.672570304957162,2.768399477005005,6884000,0.0,0.0
2001-10-02 00:00:00-04:00,2.7471043483562383,3.100607879657808,2.6640524839499378,3.0622761249542236,6211200,0.0,0.0
2001-10-03 00:00:00-04:00,2.90681912914097,4.03760363131604,2.847192125280097,3.899183750152588,8432800,0.0,0.0
2001-10-04 00:00:00-04:00,3.8906675584478383,4.480549914653643,3.7522476150731485,4.250559329986572,13756000,0.0,0.0
2001-10-05 00:00:00-04:00,4.2377820789684355,4.339999842636534,4.0354761391474865,4.184543609619141,5046400,0.0,0.0
2001-10-08 00:00:00-04:00,4.227133246978778,4.376200671585849,3.971588510256427,4.1036200523376465,6917200,0.0,0.0
2001-10-09 00:00:00-04:00,4.078065142157991,4.137692351700306,3.7905774342081453,3.816132068634033,3500400,0.0,0.0
2001-10-10 00:00:00-04:00,3.7884488021917826,4.058899855564454,3.577624154640368,3.924739122390747,8013200,0.0,0.0
2001-10-11 00:00:00-04:00,4.065288778937861,4.682854824715865,4.056770430496753,4.476289749145508,9906000,0.0,0.0
2001-10-12 00:00:00-04:00,4.448604652903051,4.910714404853776,4.297407653236929,4.8489580154418945,7805600,0.0,0.0
2001-10-15 00:00:00-04:00,4.646652996801669,4.706280221728556,4.339999335456202,4.631746292114258,3807600,0.0,0.0
2001-10-16 00:00:00-04:00,4.644523705879439,5.012934202924628,4.525269654593893,4.9384002685546875,8888000,0.0,0.0
2001-10-17 00:00:00-04:00,5.081078702442423,5.132187574798885,4.644523091026343,4.7722954750061035,8870400,0.0,0.0
2001-10-18 00:00:00-04:00,4.780815094328976,4.780815094328976,4.388979895927494,4.43795919418335,3899200,0.0,0.0
2001-10-19 00:00:00-04:00,4.412404325615635,4.659430798301653,4.299539027167808,4.548695087432861,3660000,0.0,0.0
2001-10-22 00:00:00-04:00,4.578507615863815,4.725445880986276,4.478419456066406,4.667948246002197,3272800,0.0,0.0
2001-10-23 00:00:00-04:00,4.6871139706288325,5.1215395840714155,4.623227576237989,4.9000678062438965,8880000,0.0,0.0
2001-10-24 00:00:00-04:00,4.902196372790298,5.3877307569595185,4.878771325772617,5.332363128662109,9021200,0.0,0.0
2001-10-25 00:00:00-04:00,5.259960185442138,5.41967557075503,4.897938482928691,5.28125524520874,12871200,0.0,0.0
2001-10-26 00:00:00-04:00,5.276996575915398,5.276996575915398,5.047006432999173,5.102374076843262,10177600,0.0,0.0
2001-10-29 00:00:00-05:00,5.1108909113519365,5.270606252331684,4.917102996790678,4.932009696960449,8792800,0.0,0.0
2001-10-30 00:00:00-05:00,4.887289840501189,5.078948178012049,4.691372329535676,4.942657470703125,5412800,0.0,0.0
2001-10-31 00:00:00-05:00,5.057653877935957,5.2982915468839815,4.9064568411816785,5.1832966804504395,11770400,0.0,0.0
2001-11-01 00:00:00-05:00,5.2173686246126145,5.7497531781445135,5.204591509057459,5.7156805992126465,14248400,0.0,0.0
2001-11-02 00:00:00-05:00,5.645405106179757,5.975483323151746,5.466523887406886,5.905208587646484,9975600,0.0,0.0
2001-11-05 00:00:00-05:00,5.962708068249698,6.324729792007187,5.9222467211998016,6.156496047973633,8937200,0.0,0.0
2001-11-06 00:00:00-05:00,6.154366063636478,6.420558370940626,6.024464493872567,6.39926290512085,10201200,0.0,0.0
2001-11-07 00:00:00-05:00,6.31408103046493,6.452500939873849,6.222510817819541,6.324728965759277,5643200,0.0,0.0
2001-11-08 00:00:00-05:00,6.384355383642235,6.573884558381773,6.12029269734031,6.167142391204834,8080800,0.0,0.0
2001-11-09 00:00:00-05:00,6.111775070692066,6.418428292803319,6.090479606501153,6.377967357635498,6757200,0.0,0.0
2001-11-12 00:00:00-05:00,6.3758393508953075,6.614347471653308,6.1586262934291565,6.4908342361450195,6087600,0.0,0.0
2001-11-13 00:00:00-05:00,6.6824933551487256,6.708048002447508,6.409912616907531,6.603700637817383,8443200,0.0,0.0
2001-11-14 00:00:00-05:00,6.620734406361865,6.678232036200268,6.326857902417038,6.412039756774902,8159200,0.0,0.0
2001-11-15 00:00:00-05:00,6.369449008029294,6.450371690700791,5.8988212397861615,6.128811359405518,8841600,0.0,0.0
2001-11-16 00:00:00-05:00,6.335376652080877,7.106269314723582,6.2331589077819345,6.9848856925964355,19865200,0.0,0.0
2001-11-19 00:00:00-05:00,7.040255307306356,7.336261059684546,6.921000846427957,7.248950004577637,11271600,0.0,0.0
2001-11-20 00:00:00-05:00,6.931647449474049,6.955072502256104,6.369449432122507,6.40352201461792,17546000,0.0,0.0
2001-11-21 00:00:00-05:00,6.416298569808012,6.418428156799697,6.207603918749034,6.38222599029541,10422000,0.0,0.0
2001-11-23 00:00:00-05:00,6.403521235217246,6.593050003051758,6.337505665439581,6.593050003051758,5401600,0.0,0.0
2001-11-26 00:00:00-05:00,6.597310813332225,6.793228390520232,6.576015345037975,6.659067630767822,10885200,0.0,0.0
2001-11-27 00:00:00-05:00,6.644160232940871,6.8379482025020675,6.448242676154282,6.6952691078186035,13757600,0.0,0.0
2001-11-28 00:00:00-05:00,6.505740262716458,6.663326476605425,6.273620522744235,6.305563926696777,5658800,0.0,0.0
2001-11-29 00:00:00-05:00,6.309822321969132,6.4525014160245355,6.186309106680665,6.422688007354736,8711200,0.0,0.0
2001-11-30 00:00:00-05:00,6.4226881134735025,6.8571141644655675,6.401392647138692,6.716564655303955,19083600,0.0,0.0
2001-12-03 00:00:00-05:00,6.590920748635494,6.942294056608081,6.527034360313704,6.6739726066589355,14946000,0.0,0.0
2001-12-04 00:00:00-05:00,6.70804691513427,7.155249717868069,6.622865448241035,7.125436305999756,18437600,0.0,0.0
2001-12-05 00:00:00-05:00,7.248948720614374,8.251961086043213,7.240430372270174,8.034748077392578,28809200,0.0,0.0
2001-12-06 00:00:00-05:00,8.017711593563682,8.34778984985414,7.791980253447079,8.190203666687012,14183200,0.0,0.0
2001-12-07 00:00:00-05:00,8.141226620910112,8.251962734441948,7.730225573277284,7.900588512420654,17360000,0.0,0.0
2001-12-10 00:00:00-05:00,7.851604068166948,8.273252370612308,7.679112060830324,7.772811412811279,23968000,0.0,0.0
2001-12-11 00:00:00-05:00,7.804757896201518,8.298810697934115,7.791980374442199,8.08372688293457,12115600,0.0,0.0
2001-12-12 00:00:00-05:00,8.081600582916929,8.345662961235558,7.924014341129629,8.326497077941895,13254800,0.0,0.0
2001-12-13 00:00:00-05:00,7.866514516819795,7.972991436273875,7.048771742918288,7.234042167663574,30795600,0.0,0.0
2001-12-14 00:00:00-05:00,7.547084526799964,8.156132698059082,7.400146655441695,8.156132698059082,24326800,0.0,0.0
2001-12-17 00:00:00-05:00,8.10289442799832,8.156132894427158,7.687634227382473,8.002806663513184,10713200,0.0,0.0
2001-12-18 00:00:00-05:00,8.147612743173704,8.207240364789788,7.760036858263739,7.868643760681152,9756000,0.0,0.0
2001-12-19 00:00:00-05:00,7.602453139333472,7.864386295675606,7.559862203882945,7.753650188446045,8389200,0.0,0.0
2001-12-20 00:00:00-05:00,7.6237481599007,7.70254086203019,7.150991134769233,7.412924289703369,13025200,0.0,0.0
2001-12-21 00:00:00-05:00,7.583286385036533,7.7387425910135255,7.4597727677002075,7.630136489868164,9835600,0.0,0.0
2001-12-24 00:00:00-05:00,7.640785143589614,7.708930317541097,7.534308207746103,7.566250801086426,755200,0.0,0.0
2001-12-26 00:00:00-05:00,7.542825377883607,8.11780096590779,7.540696196706432,7.7621684074401855,6382800,0.0,0.0
2001-12-27 00:00:00-05:00,7.811143696584475,7.985765708420271,7.708925992999188,7.74086856842041,5109600,0.0,0.0
2001-12-28 00:00:00-05:00,7.855868784300665,7.998548311430021,7.510883713816629,7.613101482391357,6953200,0.0,0.0
2001-12-31 00:00:00-05:00,7.610970097791569,7.6663377351092095,7.219135025502923,7.6280059814453125,9410000,0.0,0.0
2002-01-02 00:00:00-05:00,7.6301390313055855,8.079471101740975,7.517272905922838,7.815408706665039,9806000,0.0,0.0
2002-01-03 00:00:00-05:00,7.866514622903437,8.496858611961436,7.866514622903437,8.4691743850708,15481200,0.0,0.0
2002-01-04 00:00:00-05:00,8.518153541129115,8.518153541129115,8.115670916287472,8.273256301879883,12445200,0.0,0.0
2002-01-07 00:00:00-05:00,8.326494255352769,8.507505494510927,8.115670422944069,8.279644966125488,7924800,0.0,0.0
2002-01-08 00:00:00-05:00,8.283904089064904,8.592686484373658,8.09224532227969,8.354178428649902,8362400,0.0,0.0
2002-01-09 00:00:00-05:00,8.460655709767154,8.965356067839805,8.283904450338508,8.588428497314453,15794400,0.0,0.0
2002-01-10 00:00:00-05:00,8.601206100404738,8.769439841346577,8.369086365233763,8.662962913513184,8049200,0.0,0.0
2002-01-11 00:00:00-05:00,8.579907700960609,8.954705983647687,8.579907700960609,8.841840744018555,11040000,0.0,0.0
2002-01-14 00:00:00-05:00,8.769442791616507,8.784349501539829,8.326498232881303,8.443623542785645,8135600,0.0,0.0
2002-01-15 00:00:00-05:00,8.513892836773305,8.692774061482957,7.81753381245196,8.452136039733887,20975200,0.0,0.0
2002-01-16 00:00:00-05:00,8.194461686753485,8.498985669399243,8.113539019637082,8.230664253234863,8193200,0.0,0.0
2002-01-17 00:00:00-05:00,8.454268723215845,9.005819273904722,8.032620162001288,8.982394218444824,14534400,0.0,0.0
2002-01-18 00:00:00-05:00,8.688514309969113,9.233676294805024,8.67999596356053,9.039888381958008,16320400,0.0,0.0
2002-01-22 00:00:00-05:00,9.071835027356377,9.316732316033962,8.75027502371328,9.269882202148438,15839600,0.0,0.0
2002-01-23 00:00:00-05:00,9.269880198691617,9.4125596908906,8.816289114004578,9.12507152557373,8699200,0.0,0.0
2002-01-24 00:00:00-05:00,9.05054009580752,9.57014728180152,9.05054009580752,9.340157508850098,8925600,0.0,0.0
2002-01-25 00:00:00-05:00,9.297565805397811,9.689400953368889,9.295436624162736,9.574405670166016,10991200,0.0,0.0
2002-01-28 00:00:00-05:00,9.580792579559022,9.846984850678245,9.3870046386784,9.516905784606934,5118400,0.0,0.0
2002-01-29 00:00:00-05:00,9.467926781711814,9.719212358001979,8.645924894425788,9.052666664123535,15484400,0.0,0.0
2002-01-30 00:00:00-05:00,8.814154786750349,8.816284778976335,7.996412428084851,8.656569480895996,23870000,0.0,0.0
2002-01-31 00:00:00-05:00,8.67360975444373,8.724719033177548,8.294552181437933,8.547966957092285,5960800,0.0,0.0
2002-02-01 00:00:00-05:00,8.560749053955078,8.982397782470965,8.396774413028645,8.560749053955078,6602000,0.0,0.0
2002-02-04 00:00:00-05:00,8.560742170179134,8.560742170179134,8.043264416665147,8.11353874206543,6187600,0.0,0.0
2002-02-05 00:00:00-05:00,7.975123864253941,8.262611309603313,7.5790294729870356,8.024103164672852,10393600,0.0,0.0
2002-02-06 00:00:00-05:00,8.181687058510313,8.243443873986791,7.472551114372801,7.610971450805664,9523600,0.0,0.0
2002-02-07 00:00:00-05:00,7.583287436837376,7.883552360891173,7.410794509777071,7.500235557556152,11828000,0.0,0.0
2002-02-08 00:00:00-05:00,7.687633494191762,7.783462887095065,7.374591893846908,7.764297008514404,8681600,0.0,0.0
2002-02-11 00:00:00-05:00,7.747260633838016,8.273256046356089,7.745130640600041,8.192334175109863,7894000,0.0,0.0
2002-02-12 00:00:00-05:00,8.051784689145826,8.481951527737333,7.964473650424814,8.262608528137207,7220000,0.0,0.0
2002-02-13 00:00:00-05:00,8.34779237930784,8.524543679841987,7.904847912565879,8.25835132598877,6544400,0.0,0.0
2002-02-14 00:00:00-05:00,8.237053475376099,8.411675535426998,7.900586064028946,7.904845237731934,5514000,0.0,0.0
2002-02-15 00:00:00-05:00,7.879293018402273,8.026230893054578,7.4107943521344755,7.527918815612793,8584400,0.0,0.0
2002-02-19 00:00:00-05:00,7.489586131742102,7.538566229610433,6.812393264545472,6.931647300720215,11106000,0.0,0.0
2002-02-20 00:00:00-05:00,6.997663575168938,7.261725891767128,6.486574015033565,7.24043083190918,17686000,0.0,0.0
2002-02-21 00:00:00-05:00,7.2127472679247004,7.3341309074645,6.576015252562103,6.612217426300049,14116400,0.0,0.0
2002-02-22 00:00:00-05:00,6.635640492206276,7.15524748089702,6.546199878386206,7.146729946136475,16416000,0.0,0.0
2002-02-25 00:00:00-05:00,7.144601766085361,7.698282283728949,7.14247258494353,7.593934535980225,15110400,0.0,0.0
2002-02-26 00:00:00-05:00,7.602453912914538,7.736615088911069,7.240432143279635,7.519402027130127,13838000,0.0,0.0
2002-02-27 00:00:00-05:00,7.6109703963995505,7.6748563842277475,7.063678294804717,7.261725425720215,9290400,0.0,0.0
2002-02-28 00:00:00-05:00,7.280892550700628,7.293670075397136,6.356673125048725,6.5355544090271,24244800,0.0,0.0
2002-03-01 00:00:00-05:00,7.197838995812228,7.647171688628491,7.080714556595061,7.536435604095459,26915600,0.0,0.0
2002-03-04 00:00:00-05:00,7.58115742565181,8.347791842899847,7.400146961604735,8.143356323242188,19849200,0.0,0.0
2002-03-05 00:00:00-05:00,8.068819264070678,8.262607187464159,7.932528963532969,8.162519454956055,12610800,0.0,0.0
2002-03-06 00:00:00-05:00,8.143358214588117,8.194466700195527,7.921885944010061,8.092248916625977,9829200,0.0,0.0
2002-03-07 00:00:00-05:00,8.19872397184985,8.460657133727702,8.049656100799853,8.143356323242188,10638000,0.0,0.0
2002-03-08 00:00:00-05:00,8.232793370771592,8.85248885828527,8.232793370771592,8.812027931213379,14364800,0.0,0.0
2002-03-11 00:00:00-05:00,8.75240201208932,8.77795705636267,8.418064566879647,8.522412300109863,8888400,0.0,0.0
2002-03-12 00:00:00-05:00,8.24770229742265,8.739625970511382,8.230666412292292,8.586298942565918,9348800,0.0,0.0
2002-03-13 00:00:00-05:00,8.471303001391185,8.560744031401306,8.200851542875284,8.247701644897461,6298400,0.0,0.0
2002-03-14 00:00:00-05:00,8.271126227196845,8.471302521335804,8.092244989667908,8.171037673950195,6178000,0.0,0.0
2002-03-15 00:00:00-05:00,8.164652637092498,8.371218182034525,8.051787328959474,8.220020294189453,4545200,0.0,0.0
2002-03-18 00:00:00-05:00,8.341402438733013,8.607594767960201,8.220018801593776,8.422325134277344,9063200,0.0,0.0
2002-03-19 00:00:00-05:00,8.481951766588166,8.846102634994566,8.275386283552695,8.673609733581543,12158800,0.0,0.0
2002-03-20 00:00:00-05:00,8.592690049334664,8.592690049334664,8.262611647242318,8.324368476867676,6507600,0.0,0.0
2002-03-21 00:00:00-05:00,8.394639735305509,8.790733996001093,8.145484139783425,8.756661415100098,10530800,0.0,0.0
2002-03-22 00:00:00-05:00,8.722588229493233,8.944060396173038,8.560743684522206,8.71619987487793,8663600,0.0,0.0
2002-03-25 00:00:00-05:00,8.750271204902095,8.77369625162165,8.222145906726983,8.230664253234863,6287600,0.0,0.0
2002-03-26 00:00:00-05:00,8.239183206824318,8.771567769971893,8.047525251503815,8.699163436889648,13226800,0.0,0.0
2002-03-27 00:00:00-05:00,8.60333716209279,9.27414140331928,8.5713937548348,9.171923637390137,16205200,0.0,0.0
2002-03-28 00:00:00-05:00,9.171923001014523,9.369970162621941,9.157016295289624,9.32737922668457,8556400,0.0,0.0
2002-04-01 00:00:00-05:00,9.167660007507555,9.444499757254414,9.050535591732444,9.359318733215332,10158400,0.0,0.0
2002-04-02 00:00:00-05:00,9.19960562910101,9.263491615703952,8.756661272259079,8.792863845825195,11488400,0.0,0.0
2002-04-03 00:00:00-05:00,8.835454249221005,8.937671984181407,8.435100844693677,8.594816207885742,9992000,0.0,0.0
2002-04-04 00:00:00-05:00,8.560744138362805,8.880174883731907,8.518153209842714,8.792863845825195,8013600,0.0,0.0
2002-04-05 00:00:00-05:00,8.90572655641731,8.997296742094415,8.345657916373334,8.543704986572266,7963600,0.0,0.0
2002-04-08 00:00:00-04:00,8.30520030343919,8.537320036721797,7.883551770131738,8.420195579528809,13704000,0.0,0.0
2002-04-09 00:00:00-04:00,8.42658164829829,8.72897646124227,7.994285702086079,8.01345157623291,11850800,0.0,0.0
2002-04-10 00:00:00-04:00,8.060301042207309,8.230664732875919,7.676984362911501,8.028358459472656,11285200,0.0,0.0
2002-04-11 00:00:00-04:00,7.998549484775906,8.234927652330953,7.713191201011222,8.092248916625977,11612400,0.0,0.0
2002-04-12 00:00:00-04:00,8.151872698959902,8.35843818279383,8.000675668197994,8.352049827575684,10018800,0.0,0.0
2002-04-15 00:00:00-04:00,8.420196746422608,8.699165813830014,8.271128865539442,8.677870750427246,8240800,0.0,0.0
2002-04-16 00:00:00-04:00,8.878047569875806,9.103778990509202,8.656576136969903,8.8759183883667,14676800,0.0,0.0
2002-04-17 00:00:00-04:00,8.969614865787898,9.186827864388944,8.667220824749077,8.754531860351562,18061600,0.0,0.0
2002-04-18 00:00:00-04:00,8.711944071113502,8.929157147957582,8.498990169778676,8.909991264343262,10223200,0.0,0.0
2002-04-19 00:00:00-04:00,8.94405705578063,9.029238876491588,8.533056273705244,8.760916709899902,6287200,0.0,0.0
2002-04-22 00:00:00-04:00,8.665088249404919,8.667218241934895,8.484077877355308,8.565000534057617,5519600,0.0,0.0
2002-04-23 00:00:00-04:00,8.539454401741796,8.590563715148164,8.207246707842831,8.305205345153809,8994400,0.0,0.0
2002-04-24 00:00:00-04:00,8.326493895354107,8.53944771172996,8.171037706882256,8.347789764404297,12984400,0.0,0.0
2002-04-25 00:00:00-04:00,8.332885040774897,8.677870077756499,8.205112233198891,8.492600440979004,14445200,0.0,0.0
2002-04-26 00:00:00-04:00,8.51815351292252,8.66083219433385,7.8026284878603205,7.857996940612793,10601200,0.0,0.0
2002-04-29 00:00:00-04:00,7.906975226214694,7.970861207014141,7.3426473023852195,7.457642555236816,13771600,0.0,0.0
2002-04-30 00:00:00-04:00,7.461903875130702,7.80475973927029,7.434219644291817,7.66633939743042,9618400,0.0,0.0
2002-05-01 00:00:00-04:00,7.655688019613124,7.685501416757459,7.15524618409815,7.214873790740967,18949600,0.0,0.0
2002-05-02 00:00:00-04:00,7.238301350458389,7.65569068024543,7.1978396011113,7.304316520690918,12560000,0.0,0.0
2002-05-03 00:00:00-04:00,7.334128657231318,7.334128657231318,6.6569359072476795,6.920998573303223,13122000,0.0,0.0
2002-05-06 00:00:00-04:00,6.9422954352938575,7.119047527095047,6.656937639691166,6.729341983795166,7594800,0.0,0.0
2002-05-07 00:00:00-04:00,6.942294032685215,6.984884958086308,6.4461120669723275,6.599438667297363,12706000,0.0,0.0
2002-05-08 00:00:00-04:00,7.2659834673735375,7.751518686369368,7.251076766282211,7.623745918273926,25554000,0.0,0.0
2002-05-09 00:00:00-04:00,7.593933799067739,7.794110113509329,7.406534194946289,7.406534194946289,12026800,0.0,0.0
2002-05-10 00:00:00-04:00,7.491717777592944,7.615230609100062,7.148861891013212,7.489587783813477,12504000,0.0,0.0
2002-05-13 00:00:00-04:00,7.4810676162012655,7.9112344123817335,7.363943182491996,7.828181743621826,8650800,0.0,0.0
2002-05-14 00:00:00-04:00,8.230665634619026,8.816288651478342,8.226406460650253,8.78221607208252,15970400,0.0,0.0
2002-05-15 00:00:00-04:00,8.599077410972436,9.029244321498483,8.464916246771876,8.763051986694336,19581200,0.0,0.0
2002-05-16 00:00:00-04:00,8.575647465827112,8.575647465827112,7.828179360973652,8.111408233642578,36382000,0.0,0.0
2002-05-17 00:00:00-04:00,8.273255927984458,8.305199327261837,7.868644140479208,8.271126747131348,10956400,0.0,0.0
2002-05-20 00:00:00-04:00,8.256222625861525,8.262610982772918,7.979382724187685,8.08798885345459,4773200,0.0,0.0
2002-05-21 00:00:00-04:00,8.209371506423336,8.326495972172708,7.815407172806026,7.817536354064941,7505600,0.0,0.0
2002-05-22 00:00:00-04:00,7.811148961583433,8.156134045260556,7.779205552277092,8.017714500427246,8130000,0.0,0.0
2002-05-23 00:00:00-04:00,8.073078271455223,8.288161245250924,7.8324402575686305,8.24557113647461,7865200,0.0,0.0
2002-05-24 00:00:00-04:00,7.964474989518553,7.9857700513804195,7.389499383348256,7.504494667053223,16984000,0.0,0.0
2002-05-28 00:00:00-04:00,7.557732138441809,7.600322256554916,6.918870618492032,7.080715179443359,15086400,0.0,0.0
2002-05-29 00:00:00-04:00,7.042383838829516,7.044513832273521,6.671844184134343,6.686750888824463,9328800,0.0,0.0
2002-05-30 00:00:00-04:00,6.652678400698942,6.814523379708284,6.441854132380487,6.733601093292236,16850800,0.0,0.0
2002-05-31 00:00:00-04:00,6.708046024298944,6.959331622895958,6.548330642768016,6.703786849975586,10912000,0.0,0.0
2002-06-03 00:00:00-04:00,6.70378649052582,6.797486289729504,5.847711993939304,5.877525806427002,16578000,0.0,0.0
2002-06-04 00:00:00-04:00,5.834935246133888,5.984003099449979,5.142835252924022,5.981873512268066,43268800,0.0,0.0
2002-06-05 00:00:00-04:00,5.8881737625536745,5.9627076899130325,5.259960160358459,5.406898021697998,31433200,0.0,0.0
2002-06-06 00:00:00-04:00,5.364307952130098,5.364307952130098,4.865995877482003,5.113022327423096,27351200,0.0,0.0
2002-06-07 00:00:00-04:00,4.714797804542091,5.494208812713623,4.661559345480225,5.494208812713623,32450800,0.0,0.0
2002-06-10 00:00:00-04:00,5.494209320655219,5.692256471663241,5.351530220931599,5.545318603515625,11127200,0.0,0.0
2002-06-11 00:00:00-04:00,5.573002107841099,5.707162850701425,5.032099149687313,5.038487911224365,13152400,0.0,0.0
2002-06-12 00:00:00-04:00,5.021452352020433,5.21736993310239,4.855348183436617,5.149224758148193,14759200,0.0,0.0
2002-06-13 00:00:00-04:00,5.121539262115258,5.345141019161086,4.961823895444172,4.991637706756592,10730800,0.0,0.0
2002-06-14 00:00:00-04:00,4.876643408219516,5.259960607428883,4.7275759470080345,5.113022327423096,13193600,0.0,0.0
2002-06-17 00:00:00-04:00,5.259959330287401,5.694384896498181,5.217368405324095,5.579390048980713,16896400,0.0,0.0
2002-06-18 00:00:00-04:00,5.547448041094191,5.920117306208929,5.323846644496254,5.383473873138428,12433600,0.0,0.0
2002-06-19 00:00:00-04:00,5.289773098163435,5.502726925283775,5.061912568133021,5.157741546630859,11426800,0.0,0.0
2002-06-20 00:00:00-04:00,5.172649391314456,5.245053329148834,4.799980140857008,4.823404788970947,7339600,0.0,0.0
2002-06-21 00:00:00-04:00,5.078949667732164,5.081079255084126,4.497585724496214,4.5976738929748535,10250400,0.0,0.0
2002-06-24 00:00:00-04:00,4.567860244025716,5.121539928969361,4.544435190553847,5.0555243492126465,12955600,0.0,0.0
2002-06-25 00:00:00-04:00,5.064042837742902,5.181167295975768,4.538046553901654,4.578507900238037,10149200,0.0,0.0
2002-06-26 00:00:00-04:00,4.2931490036276445,4.699890769694615,4.263335598631274,4.4443464279174805,15943200,0.0,0.0
2002-06-27 00:00:00-04:00,4.582765685389125,4.650910833603858,4.103619655055023,4.197319030761719,18795200,0.0,0.0
2002-06-28 00:00:00-04:00,4.207968147974801,4.39962653279756,4.037604823327829,4.235651969909668,13618400,0.0,0.0
2002-07-01 00:00:00-04:00,4.205838334392462,4.388978766524994,3.9630710870928465,3.9864957332611084,7429200,0.0,0.0
2002-07-02 00:00:00-04:00,3.952424340190391,4.035476638860206,3.705397844314575,3.705397844314575,10024400,0.0,0.0
2002-07-03 00:00:00-04:00,3.686230235187966,4.0887132011315925,3.641510131292645,4.086583614349365,9056400,0.0,0.0
2002-07-05 00:00:00-04:00,4.169634707094022,4.54230379625883,4.167505120700403,4.503972053527832,5294000,0.0,0.0
2002-07-08 00:00:00-04:00,4.448605119466317,4.516750276106585,4.259076351788428,4.297408103942871,6496400,0.0,0.0
2002-07-09 00:00:00-04:00,4.2590762387534955,4.501843454385753,4.199449025187168,4.327221393585205,11880800,0.0,0.0
2002-07-10 00:00:00-04:00,4.508232982920803,4.5167509256371705,4.28676078581399,4.363424301147461,7400800,0.0,0.0
2002-07-11 00:00:00-04:00,4.348518758806972,4.799981216380386,4.220746334499226,4.79359245300293,12158400,0.0,0.0
2002-07-12 00:00:00-04:00,4.8915501449567955,5.225888055024825,4.81701661696377,5.1108927726745605,17914800,0.0,0.0
2002-07-15 00:00:00-04:00,5.034229146692371,5.174778662531592,4.785073112945161,5.166260719299316,9273200,0.0,0.0
2002-07-16 00:00:00-04:00,5.108762478743934,5.421804471553204,5.01932185134454,5.0725603103637695,10468000,0.0,0.0
2002-07-17 00:00:00-04:00,5.238664130207026,5.515503937803756,4.819144838689644,5.164130210876465,10818000,0.0,0.0
2002-07-18 00:00:00-04:00,5.132189255228253,5.142836788139043,4.691374731413099,4.863867282867432,12466400,0.0,0.0
2002-07-19 00:00:00-04:00,4.827663849973969,4.889420255955487,4.638135051321796,4.804238796234131,8665200,0.0,0.0
2002-07-22 00:00:00-04:00,4.802108196457932,4.985248600877139,4.429439033348159,4.557211399078369,8573200,0.0,0.0
2002-07-23 00:00:00-04:00,4.57212187327488,4.731837360681684,4.088716640085178,4.152602672576904,9628400,0.0,0.0
2002-07-24 00:00:00-04:00,4.065288327273601,4.291019255579941,3.7692826568446676,4.227133274078369,21142400,0.0,0.0
2002-07-25 00:00:00-04:00,4.16963741951554,4.30166901856926,3.5989208924309533,3.705397844314575,15398000,0.0,0.0
2002-07-26 00:00:00-04:00,3.7969669327357227,3.899184677962768,3.4626294705281704,3.7011375427246094,14812400,0.0,0.0
2002-07-29 00:00:00-04:00,3.8331697863214207,4.037605313293466,3.8331697863214207,3.950294256210327,15049600,0.0,0.0
2002-07-30 00:00:00-04:00,3.926868615752886,4.3123149222327175,3.8331688197624154,4.267594814300537,20361200,0.0,0.0
2002-07-31 00:00:00-04:00,4.19306277605507,4.29102138376488,3.96520214786477,4.046124458312988,15290800,0.0,0.0
2002-08-01 00:00:00-04:00,3.982237023640701,4.167506639455133,3.5776243972966437,3.5882723331451416,12073600,0.0,0.0
2002-08-02 00:00:00-04:00,3.1538461913043254,3.305043412957997,2.9281150507595206,3.243286609649658,41423600,0.0,0.0
2002-08-05 00:00:00-04:00,3.183659637316647,3.3668000564588016,3.094219014732942,3.2049551010131836,12098800,0.0,0.0
2002-08-06 00:00:00-04:00,3.305043824844525,3.5137384988062386,3.305043824844525,3.3476345539093018,18852400,0.0,0.0
2002-08-07 00:00:00-04:00,3.5094790470558825,3.6521581304656365,3.1730120093969822,3.3604114055633545,20296000,0.0,0.0
2002-08-08 00:00:00-04:00,3.4072617905446934,3.7586355814591634,3.3135621806637108,3.7437288761138916,13436000,0.0,0.0
2002-08-09 00:00:00-04:00,3.586142747607873,3.8331691729243773,3.4924429429845443,3.6478991508483887,8500000,0.0,0.0
2002-08-12 00:00:00-04:00,3.618085580695841,3.8118735365941174,3.5669767094215135,3.707526206970215,8822400,0.0,0.0
2002-08-13 00:00:00-04:00,3.6628063480249478,3.9034440175439475,3.5627177795127754,3.62021541595459,8105200,0.0,0.0
2002-08-14 00:00:00-04:00,3.6628061129514107,3.6904899326963747,3.311432164453315,3.6308627128601074,27756400,0.0,0.0
2002-08-15 00:00:00-04:00,3.6755833095064547,3.9183505559649907,3.58188350662639,3.7011375427246094,11511200,0.0,0.0
2002-08-16 00:00:00-04:00,3.6819723314723305,3.9460350617518247,3.60956798860149,3.8608531951904297,11421600,0.0,0.0
2002-08-19 00:00:00-04:00,3.8672406020001895,4.380459177938367,3.8246496836428476,4.312314033508301,14372000,0.0,0.0
2002-08-20 00:00:00-04:00,4.216484998830898,4.4315683815577485,3.943904399871826,3.943904399871826,12894400,0.0,0.0
2002-08-21 00:00:00-04:00,4.04612413895065,4.190932857333046,3.941776775687413,4.110010147094727,12574000,0.0,0.0
2002-08-22 00:00:00-04:00,4.103620244772451,4.24416973470751,4.005661275503577,4.041863441467285,15827600,0.0,0.0
2002-08-23 00:00:00-04:00,4.716927263936109,4.812756650123791,4.548693949067641,4.7297043800354,44040000,0.0,0.0
2002-08-26 00:00:00-04:00,4.727574301532203,4.780812749044156,4.503972578275731,4.676465034484863,15804800,0.0,0.0
2002-08-27 00:00:00-04:00,4.689243739825881,4.742482200797082,4.493326187204774,4.7147979736328125,15497200,0.0,0.0
2002-08-28 00:00:00-04:00,4.680724105720327,4.682853692315631,4.357034254422156,4.408143520355225,11179200,0.0,0.0
2002-08-29 00:00:00-04:00,4.301669261731286,4.578509189806799,4.248430782780044,4.440089225769043,10108000,0.0,0.0
2002-08-30 00:00:00-04:00,4.365552995022781,4.457123196004285,4.03121558673377,4.058899402618408,26205600,0.0,0.0
2002-09-03 00:00:00-04:00,3.950295095392978,3.950295095392978,3.6798439228216253,3.7628958225250244,14244000,0.0,0.0
2002-09-04 00:00:00-04:00,3.7650240385178253,3.8331692038195952,3.56697689799879,3.747987747192383,14043200,0.0,0.0
2002-09-05 00:00:00-04:00,3.67132413494345,3.8885371481660282,3.6478990826810502,3.8033556938171387,17436800,0.0,0.0
2002-09-06 00:00:00-04:00,3.888535372499051,4.003530181814336,3.888535372499051,3.9588100910186768,9353600,0.0,0.0
2002-09-09 00:00:00-04:00,3.935387409005383,4.197320570883235,3.880019354220449,4.071678161621094,8165200,0.0,0.0
2002-09-10 00:00:00-04:00,4.090841780467502,4.423049958478499,4.088712600175368,4.420920372009277,16795200,0.0,0.0
2002-09-11 00:00:00-04:00,4.429441083885106,4.670079225208951,4.427311902260418,4.448606967926025,10923600,0.0,0.0
2002-09-12 00:00:00-04:00,4.384718405554395,4.386847992116464,4.248428114998842,4.25907564163208,7580800,0.0,0.0
2002-09-13 00:00:00-04:00,4.212226021535501,4.408143520355225,4.169635101983648,4.408143520355225,10081200,0.0,0.0
2002-09-16 00:00:00-04:00,4.354907371907575,4.429440911185901,4.154730594272278,4.163248538970947,8848800,0.0,0.0
2002-09-17 00:00:00-04:00,4.314443622015123,4.365552480361024,3.799095459305908,3.87149977684021,15173200,0.0,0.0
2002-09-18 00:00:00-04:00,3.8352969370697267,4.03760274799494,3.7692813908669334,3.9588100910186768,8262800,0.0,0.0
2002-09-19 00:00:00-04:00,3.869370906667058,4.022697510091177,3.835298328128365,3.9204797744750977,7025600,0.0,0.0
2002-09-20 00:00:00-04:00,3.9332572383681774,4.012050337080684,3.8864075402708993,3.9289984703063965,7881600,0.0,0.0
2002-09-23 00:00:00-04:00,3.937517770935799,3.9481657102065073,3.833170403146969,3.9077043533325195,9870400,0.0,0.0
2002-09-24 00:00:00-04:00,3.8033571814834835,4.043994934915641,3.722434463566565,3.7628958225250244,14530400,0.0,0.0
2002-09-25 00:00:00-04:00,3.84594564466049,4.127044605202318,3.8267797695165333,4.0333452224731445,12541600,0.0,0.0
2002-09-26 00:00:00-04:00,4.058900027727375,4.210097463516359,3.496702026883176,3.6053085327148438,27071200,0.0,0.0
2002-09-27 00:00:00-04:00,3.5989198725945903,3.8203920647184284,3.5243859461614826,3.549940586090088,10846000,0.0,0.0
2002-09-30 00:00:00-04:00,3.532904573457951,3.5371637481447884,3.2368986346474533,3.375318765640259,11685200,0.0,0.0
2002-10-01 00:00:00-04:00,3.4392039997123987,3.6010489463806152,3.292265958058743,3.6010489463806152,9541600,0.0,0.0
2002-10-02 00:00:00-04:00,3.513739200346589,3.771413213406895,3.5009620806204307,3.6564183235168457,16403200,0.0,0.0
2002-10-03 00:00:00-04:00,3.5712367996668504,3.6798433313010306,3.2156037904175054,3.290137529373169,23748000,0.0,0.0
2002-10-04 00:00:00-04:00,3.3029133704304403,3.3284678011599227,3.0729232907765374,3.0793118476867676,25036800,0.0,0.0
2002-10-07 00:00:00-04:00,3.0218152791580377,3.053758481016683,2.836545439496974,2.9132089614868164,21722800,0.0,0.0
2002-10-08 00:00:00-04:00,2.987742033134348,3.2880068863777936,2.921726462765615,3.196436882019043,20761600,0.0,0.0
2002-10-09 00:00:00-04:00,3.128291141570132,3.2475453554573708,3.019684861079194,3.141068458557129,19801600,0.0,0.0
2002-10-10 00:00:00-04:00,3.155975311598548,3.4711468441665456,3.1410686103007186,3.371058702468872,16866800,0.0,0.0
2002-10-11 00:00:00-04:00,3.456240205153824,3.5691058695782933,2.700254349487963,2.9302444458007812,117801200,0.0,0.0
2002-10-14 00:00:00-04:00,2.6172028688905846,2.715161650279101,2.39999004247434,2.451098918914795,47578800,0.0,0.0
2002-10-15 00:00:00-04:00,2.698124433170935,3.0452391220708335,2.691735876578136,3.0239436626434326,53857200,0.0,0.0
2002-10-16 00:00:00-04:00,2.821638655548855,3.051628808961596,2.8003431882337897,2.953670024871826,26967600,0.0,0.0
2002-10-17 00:00:00-04:00,3.2475451067670162,3.345503852537301,3.0707934876949774,3.102736473083496,27419200,0.0,0.0
2002-10-18 00:00:00-04:00,3.0452402983863,3.2283805484688664,2.874877166424877,3.1730124950408936,24699200,0.0,0.0
2002-10-21 00:00:00-04:00,3.1836598306109734,3.332727476271519,3.100607963946932,3.294395923614502,17762400,0.0,0.0
2002-10-22 00:00:00-04:00,3.141069661289659,3.2880077459164103,3.1048674862344834,3.164494514465332,11438400,0.0,0.0
2002-10-23 00:00:00-04:00,3.1559759684848827,3.3476345539093018,3.1219033852330615,3.3476345539093018,11066400,0.0,0.0
2002-10-24 00:00:00-04:00,3.462629415282914,3.535033751874517,3.32207991629385,3.456240653991699,11530400,0.0,0.0
2002-10-25 00:00:00-04:00,3.4136503134729956,3.584013228594079,3.354023090092002,3.535033941268921,6785600,0.0,0.0
2002-10-28 00:00:00-05:00,3.556329474064405,3.675583516891208,3.3114324235685673,3.3582823276519775,9075200,0.0,0.0
2002-10-29 00:00:00-05:00,3.3433748609262133,3.4157793937398586,3.226250221846766,3.3369863033294678,8675600,0.0,0.0
2002-10-30 00:00:00-05:00,3.3561527132065363,3.609567907565202,3.296525489187664,3.5435519218444824,7510400,0.0,0.0
2002-10-31 00:00:00-05:00,3.524385882443235,3.5840131037471505,3.3966137005532895,3.451981544494629,9794400,0.0,0.0
2002-11-01 00:00:00-05:00,3.4498511622671066,3.7905768619966853,3.409389833107817,3.7841885089874268,7599600,0.0,0.0
2002-11-04 00:00:00-05:00,3.9162207697313627,4.395366883072479,3.9077028278174386,4.261206150054932,23029200,0.0,0.0
2002-11-05 00:00:00-05:00,4.161118712258645,4.259077295080408,3.960941965660232,4.099361896514893,16938000,0.0,0.0
2002-11-06 00:00:00-05:00,3.814002173840081,4.088712745475731,3.7714112552962726,4.0354743003845215,24334800,0.0,0.0
2002-11-07 00:00:00-05:00,3.835297822371273,4.0248265662719245,3.8331682357212844,3.911961317062378,16079200,0.0,0.0
2002-11-08 00:00:00-05:00,3.897056353304966,3.9609427694011416,3.6521594403796542,3.71604585647583,8472800,0.0,0.0
2002-11-11 00:00:00-05:00,3.6947462486496434,3.718170876104434,3.5754923074078766,3.6670620441436768,7903200,0.0,0.0
2002-11-12 00:00:00-05:00,3.6862307257173508,3.873630325719237,3.607438035175695,3.6329922676086426,10673600,0.0,0.0
2002-11-13 00:00:00-05:00,3.61382752264174,4.242041687655598,3.6074391656202174,3.9545538425445557,36281200,0.0,0.0
2002-11-14 00:00:00-05:00,4.0269552814294185,4.499712448632992,3.960939734274995,4.450733184814453,18729200,0.0,0.0
2002-11-15 00:00:00-05:00,4.357033824770135,4.61896726368339,4.205836847007273,4.555080890655518,14394800,0.0,0.0
2002-11-18 00:00:00-05:00,4.697761326103439,5.228016308422208,4.684984210168956,4.983119487762451,28847200,0.0,0.0
2002-11-19 00:00:00-05:00,4.9618251346331546,5.057654541039555,4.6232284402335875,4.678596496582031,20676800,0.0,0.0
2002-11-20 00:00:00-05:00,4.663689232799546,5.078949402684515,4.591284891320349,5.0555243492126465,17804800,0.0,0.0
2002-11-21 00:00:00-05:00,5.034227003025898,5.323844260789514,4.83830951798176,5.1811652183532715,32497200,0.0,0.0
2002-11-22 00:00:00-05:00,4.897937202101015,4.998025337833228,4.706278871080313,4.90432596206665,17850400,0.0,0.0
2002-11-25 00:00:00-05:00,4.90006744833931,5.047005697910842,4.759517959593383,5.0171918869018555,14785200,0.0,0.0
2002-11-26 00:00:00-05:00,4.9213628891017995,5.066171551070029,4.834051855769868,4.893678665161133,10943200,0.0,0.0
2002-11-27 00:00:00-05:00,4.923493466389426,5.153483621019721,4.92136387902892,5.015063285827637,10184000,0.0,0.0
2002-11-29 00:00:00-05:00,5.010804444792962,5.010804444792962,4.812757291080874,4.821275234222412,5657600,0.0,0.0
2002-12-02 00:00:00-05:00,4.946918018133305,5.13005846577811,4.8361819146189,4.8979387283325195,12039200,0.0,0.0
2002-12-03 00:00:00-05:00,4.74461365712631,4.8617381549334695,4.53591849920868,4.644525051116943,10682800,0.0,0.0
2002-12-04 00:00:00-05:00,4.523139512503153,4.557212094406298,4.280372264898947,4.4720306396484375,10953200,0.0,0.0
2002-12-05 00:00:00-05:00,4.57424838535787,4.676466131067302,4.429439709180899,4.4720306396484375,9213600,0.0,0.0
2002-12-06 00:00:00-05:00,4.384718071034573,4.578505965450158,4.318702517355337,4.4805474281311035,10048800,0.0,0.0
2002-12-09 00:00:00-05:00,4.448605184999004,4.472030235255612,4.107879396778414,4.24416971206665,13086400,0.0,0.0
2002-12-10 00:00:00-05:00,4.312315197249062,4.533787382591359,4.301667667874887,4.476289749145508,9505600,0.0,0.0
2002-12-11 00:00:00-05:00,4.440087573060462,4.748870392334774,4.408144578815149,4.623227596282959,10319200,0.0,0.0
2002-12-12 00:00:00-05:00,4.674336496362345,4.706279488023663,4.578507115201217,4.621098041534424,8806000,0.0,0.0
2002-12-13 00:00:00-05:00,4.593414372664175,4.59980313423937,4.361294649069336,4.367683410644531,6592800,0.0,0.0
2002-12-16 00:00:00-05:00,4.386849354427628,4.4464761719739,4.29101996026079,4.363424301147461,9766000,0.0,0.0
2002-12-17 00:00:00-05:00,4.339999569001873,4.546565077006757,4.299538627295097,4.395367622375488,9539600,0.0,0.0
2002-12-18 00:00:00-05:00,4.154729587262722,4.312315384677573,4.058900194021218,4.0695481300354,13194800,0.0,0.0
2002-12-19 00:00:00-05:00,4.050382401494566,4.2058386174678,3.843816903113599,3.8608531951904297,13776000,0.0,0.0
2002-12-20 00:00:00-05:00,3.865112590163404,4.046123457662715,3.8608534153570044,4.022698402404785,6654000,0.0,0.0
2002-12-23 00:00:00-05:00,4.003532454707976,4.218615904691304,3.9396464583941104,4.150470733642578,6845600,0.0,0.0
2002-12-24 00:00:00-05:00,4.176025336112309,4.199449984576483,4.075936761682388,4.078066349029541,2184400,0.0,0.0
2002-12-26 00:00:00-05:00,4.099361758852902,4.229263741967298,4.095102584218307,4.156859397888184,4659200,0.0,0.0
2002-12-27 00:00:00-05:00,4.167506565260696,4.237781315900792,4.120656866893038,4.176024913787842,4753200,0.0,0.0
2002-12-30 00:00:00-05:00,4.188803497303555,4.1994510305139965,3.9630724625878737,4.052513122558594,7091600,0.0,0.0
2002-12-31 00:00:00-05:00,4.050379917228937,4.184540584275532,3.982234790717841,4.016307353973389,4606400,0.0,0.0
2003-01-02 00:00:00-05:00,4.065288105402048,4.269723559991317,4.005660894724939,4.237780570983887,6030400,0.0,0.0
2003-01-03 00:00:00-05:00,4.2292645608659605,4.26759632764487,4.1483418518488575,4.214357852935791,6020800,0.0,0.0
2003-01-06 00:00:00-05:00,4.278243639278914,4.5785085886446835,4.122787398635393,4.516751766204834,14976000,0.0,0.0
2003-01-07 00:00:00-05:00,4.552953062377888,4.987379104482133,4.552953062377888,4.8127570152282715,18596800,0.0,0.0
2003-01-08 00:00:00-05:00,4.7872016474934975,4.902196902168816,4.697761029249528,4.748869895935059,9649600,0.0,0.0
2003-01-09 00:00:00-05:00,4.834051350479471,5.130056998094505,4.812755889561187,4.972471237182617,11777600,0.0,0.0
2003-01-10 00:00:00-05:00,4.908585185511617,4.995896215606287,4.836180857212063,4.878771781921387,12272000,0.0,0.0
2003-01-13 00:00:00-05:00,4.955435316024078,4.983119132940436,4.631745423432698,4.653040885925293,17577200,0.0,0.0
2003-01-14 00:00:00-05:00,4.631746686362206,4.725446503172273,4.3783314665741315,4.535917282104492,20724000,0.0,0.0
2003-01-15 00:00:00-05:00,4.559340094030851,4.6636873905486995,4.386847657434171,4.4805474281311035,14416400,0.0,0.0
2003-01-16 00:00:00-05:00,4.442216679978294,4.469900497017782,4.2675946178812465,4.32509183883667,6936000,0.0,0.0
2003-01-17 00:00:00-05:00,4.235652345054256,4.2377819324958965,4.026957649900785,4.167507171630859,7542800,0.0,0.0
2003-01-21 00:00:00-05:00,4.184544321548436,4.195192260936233,4.016310940994794,4.052513122558594,5480400,0.0,0.0
2003-01-22 00:00:00-05:00,4.0567697737919115,4.122785744992288,3.9907542087686796,4.0887131690979,8111600,0.0,0.0
2003-01-23 00:00:00-05:00,4.13982264668464,4.205838221494943,3.992884387495199,4.080195426940918,7677600,0.0,0.0
2003-01-24 00:00:00-05:00,4.063160087372338,4.080196381832246,3.856594966273794,4.005662441253662,8892800,0.0,0.0
2003-01-27 00:00:00-05:00,3.6819716786102736,3.8225211648671613,3.6095673485776745,3.6734533309936523,29172000,0.0,0.0
2003-01-28 00:00:00-05:00,3.7543738113795007,3.9566800028118623,3.6372494307672762,3.909830331802368,17958400,0.0,0.0
2003-01-29 00:00:00-05:00,3.884277190760963,4.037603777675441,3.845945442488061,3.943904399871826,9836400,0.0,0.0
2003-01-30 00:00:00-05:00,3.9502933093701196,4.005661352864949,3.803355461894769,3.8140029907226562,7622000,0.0,0.0
2003-01-31 00:00:00-05:00,3.7714125124656097,3.950293780094841,3.7160448685502527,3.890666961669922,8828800,0.0,0.0
2003-02-03 00:00:00-05:00,3.897054781016422,3.931127360050005,3.7990962178391654,3.8565938472747803,6925200,0.0,0.0
2003-02-04 00:00:00-05:00,3.8331692543454206,3.845946371463614,3.7479877965954125,3.8310396671295166,7817200,0.0,0.0
2003-02-05 00:00:00-05:00,3.8736300805286885,4.21861503977725,3.8544642043285267,3.9204797744750977,20775200,0.0,0.0
2003-02-06 00:00:00-05:00,3.880017751509627,4.03973308758537,3.833168065817833,3.9460337162017822,5623200,0.0,0.0
2003-02-07 00:00:00-05:00,4.005662934287552,4.0184404613381695,3.7330821893786403,3.8352999687194824,7346400,0.0,0.0
2003-02-10 00:00:00-05:00,3.845945717203544,3.952422622821848,3.8118731398998595,3.914090871810913,6178800,0.0,0.0
2003-02-11 00:00:00-05:00,3.9822366312991875,4.127044888976839,3.9609411678775035,4.041863441467285,7049600,0.0,0.0
2003-02-12 00:00:00-05:00,4.022698955942233,4.0801966052087035,3.988626365157063,4.043994426727295,5321200,0.0,0.0
2003-02-13 00:00:00-05:00,4.07167743546007,4.103620428937565,3.882148249296161,4.007791042327881,8542400,0.0,0.0
2003-02-14 00:00:00-05:00,4.0163107379541225,4.110010162765722,3.8161339555341858,3.8544657230377197,15989200,0.0,0.0
2003-02-18 00:00:00-05:00,3.9822363091501765,4.133433315476178,3.9332566253894345,4.058899402618408,15348800,0.0,0.0
2003-02-19 00:00:00-05:00,3.9162217461404456,3.9502943346456503,3.8097448055173575,3.8970558643341064,15175600,0.0,0.0
2003-02-20 00:00:00-05:00,3.9673299007670737,4.318704065276768,3.8587237987002156,4.220745086669922,25951200,0.0,0.0
2003-02-21 00:00:00-05:00,4.201579012458131,4.244169941375445,4.065288689806248,4.1313042640686035,12088000,0.0,0.0
2003-02-24 00:00:00-05:00,4.154729250661223,4.335740086465189,4.11852708350043,4.135563373565674,11474800,0.0,0.0
2003-02-25 00:00:00-05:00,3.988626069525705,4.248430062727975,3.939646774674465,4.207968711853027,10328000,0.0,0.0
2003-02-26 00:00:00-05:00,4.2037092265469775,4.269724810656217,4.054641765455878,4.073807239532471,10469600,0.0,0.0
2003-02-27 00:00:00-05:00,4.110011713464095,4.21648870506863,3.9822396484806424,4.152602672576904,19560800,0.0,0.0
2003-02-28 00:00:00-05:00,4.082324444577212,4.408143911371934,4.067417743264924,4.386848449707031,37534800,0.0,0.0
2003-03-03 00:00:00-05:00,4.408143451560045,4.437956851074796,4.218614309306986,4.25907564163208,22690000,0.0,0.0
2003-03-04 00:00:00-05:00,4.256946238538172,4.280371285553406,4.131303469200836,4.197319030761719,17573200,0.0,0.0
2003-03-05 00:00:00-05:00,4.197318024121715,4.280370258995041,4.1249141261409825,4.178152561187744,7566400,0.0,0.0
2003-03-06 00:00:00-05:00,4.15685797673488,4.216484776524903,4.069546957461965,4.205837249755859,8708000,0.0,0.0
2003-03-07 00:00:00-05:00,4.107881210239774,4.188803519121755,4.052513143666899,4.124917507171631,7506400,0.0,0.0
2003-03-10 00:00:00-05:00,4.090844708791315,4.103622236753102,3.9481659688144233,3.9801089763641357,9520800,0.0,0.0
2003-03-11 00:00:00-05:00,3.9971450483862276,4.003533405828944,3.843817970923363,3.916222333908081,7916800,0.0,0.0
2003-03-12 00:00:00-05:00,3.848075851571224,4.003532058410135,3.730951401197188,3.875760078430176,15371200,0.0,0.0
2003-03-13 00:00:00-05:00,4.026956038031567,4.250557349598377,3.939645018758653,4.205837249755859,18230400,0.0,0.0
2003-03-14 00:00:00-05:00,4.195188600231468,4.269722080021655,3.946032722452409,3.9992711544036865,14549600,0.0,0.0
2003-03-17 00:00:00-05:00,3.937517478979307,4.259077909919508,3.9013153004978984,4.043994426727295,18322800,0.0,0.0
2003-03-18 00:00:00-05:00,4.0141802752117455,4.220745369738971,4.007791513294605,4.180284023284912,14212800,0.0,0.0
2003-03-19 00:00:00-05:00,4.12704594446589,4.220745763778653,4.05677118152564,4.137693881988525,10200000,0.0,0.0
2003-03-20 00:00:00-05:00,4.148339348073442,4.25907540611493,4.080194206563936,4.120655536651611,11180800,0.0,0.0
2003-03-21 00:00:00-05:00,4.163249577285877,4.382592292918936,4.141954507139549,4.303799152374268,17275600,0.0,0.0
2003-03-24 00:00:00-05:00,4.19093117126513,4.325091896863962,4.152599419329129,4.173894882202148,10680400,0.0,0.0
2003-03-25 00:00:00-05:00,4.184544145234426,4.395368462101553,4.122787724096705,4.354907512664795,12397200,0.0,0.0
2003-03-26 00:00:00-05:00,4.361295173170235,4.57850821870287,4.301668349345234,4.535917282104492,20208400,0.0,0.0
2003-03-27 00:00:00-05:00,4.450735746009968,4.785073252733343,4.42092233456017,4.663689613342285,22853600,0.0,0.0
2003-03-28 00:00:00-05:00,4.631745161985348,4.819144327752332,4.6210976344286525,4.665817737579346,14022400,0.0,0.0
2003-03-31 00:00:00-05:00,4.546564763260455,4.5912848766431695,4.472030834778696,4.5124921798706055,10058800,0.0,0.0
2003-04-01 00:00:00-05:00,4.533787890357193,4.623228121942513,4.418792610586486,4.523139953613281,13166800,0.0,0.0
2003-04-02 00:00:00-05:00,4.633876196989778,4.844700476684444,4.633876196989778,4.787202835083008,12604800,0.0,0.0
2003-04-03 00:00:00-05:00,4.7829431058021195,4.865995380546671,4.663689067776192,4.716927528381348,13776800,0.0,0.0
2003-04-04 00:00:00-05:00,4.723316587187414,4.727575761786453,4.523139848982261,4.578507900238037,10300800,0.0,0.0
2003-04-07 00:00:00-04:00,4.742481885520973,4.821274575061035,4.582766513225112,4.606191158294678,9768800,0.0,0.0
2003-04-08 00:00:00-04:00,4.3229628919726135,4.482678275757472,4.301667832409746,4.367683410644531,14824800,0.0,0.0
2003-04-09 00:00:00-04:00,4.316573897508045,4.459252968812709,4.29101926116784,4.32509183883667,7804000,0.0,0.0
2003-04-10 00:00:00-04:00,4.354906502015026,4.3612948577186215,4.2058386408800255,4.2569475173950195,10322400,0.0,0.0
2003-04-11 00:00:00-04:00,4.32296410202468,4.44008899329131,4.233523445822505,4.354907512664795,6917600,0.0,0.0
2003-04-14 00:00:00-04:00,4.361294545374611,4.478419401071733,4.248429270136902,4.4720306396484375,7761200,0.0,0.0
2003-04-15 00:00:00-04:00,4.444346365235513,4.578507092004191,4.369812447618615,4.497584819793701,5982800,0.0,0.0
2003-04-16 00:00:00-04:00,4.597673664531594,4.751000290659199,4.506103443833367,4.731834411621094,11082800,0.0,0.0
2003-04-17 00:00:00-04:00,4.76590654888389,4.953306147222907,4.648782104554901,4.9298810958862305,11270400,0.0,0.0
2003-04-21 00:00:00-04:00,4.9277510964204865,4.980989549601095,4.84044006569846,4.925621509552002,5476000,0.0,0.0
2003-04-22 00:00:00-04:00,4.929881035214561,5.1683895012078604,4.846829172300745,5.134316921234131,11072000,0.0,0.0
2003-04-23 00:00:00-04:00,5.119410282677755,5.2003325595891905,5.047005947778325,5.1300578117370605,9087600,0.0,0.0
2003-04-24 00:00:00-04:00,5.091724450954308,5.289771515926206,5.068299407001095,5.215237617492676,5813600,0.0,0.0
2003-04-25 00:00:00-04:00,5.038487548020897,5.057653425073245,4.578507311118938,4.759518146514893,24110000,0.0,0.0
2003-04-28 00:00:00-04:00,4.793592089414008,4.9085869782446006,4.697762676907423,4.738224029541016,15424400,0.0,0.0
2003-04-29 00:00:00-04:00,4.744611817307486,4.966083605104621,4.727575525938476,4.814886569976807,10690000,0.0,0.0
2003-04-30 00:00:00-04:00,4.802108571863155,5.0299695048807,4.79146104312708,4.912844657897949,11921200,0.0,0.0
2003-05-01 00:00:00-04:00,4.900067624922522,5.0193216547244806,4.814886175063979,4.983119487762451,6536400,0.0,0.0
2003-05-02 00:00:00-04:00,4.985250456686283,5.189686399193366,4.968214161992135,5.108763694763184,5226000,0.0,0.0
2003-05-05 00:00:00-04:00,5.102373776433189,5.517633924055434,5.078949130394386,5.268477916717529,14659200,0.0,0.0
2003-05-06 00:00:00-04:00,5.2706079327429975,5.355789393854909,5.185426471631085,5.245053291320801,7766000,0.0,0.0
2003-05-07 00:00:00-04:00,5.196074877565807,5.413287944637595,5.147095579944907,5.32384729385376,10540400,0.0,0.0
2003-05-08 00:00:00-04:00,5.240794044834591,5.400509422166709,5.191814353758063,5.396250247955322,8178000,0.0,0.0
2003-05-09 00:00:00-04:00,5.451618347382681,5.690126419067383,5.4303228822951,5.690126419067383,11671200,0.0,0.0
2003-05-12 00:00:00-04:00,5.6773493939890525,6.1139046075230645,5.673090219667448,5.834935188293457,20720400,0.0,0.0
2003-05-13 00:00:00-04:00,5.76252982291149,5.903079301067101,5.685866729666613,5.813638687133789,13137600,0.0,0.0
2003-05-14 00:00:00-04:00,5.817898587628804,6.003168598988679,5.739105897757568,5.877525806427002,19027200,0.0,0.0
2003-05-15 00:00:00-04:00,5.896691387985496,6.054277166002969,5.851970874585074,5.94141149520874,13653600,0.0,0.0
2003-05-16 00:00:00-04:00,5.894561948090917,5.964836694178507,5.811510086217545,5.9584479331970215,9418000,0.0,0.0
2003-05-19 00:00:00-04:00,5.877528631327365,5.928637526499921,5.707165241241455,5.707165241241455,10546400,0.0,0.0
2003-05-20 00:00:00-04:00,5.794474914879327,5.877527204782178,5.65392538572348,5.730588912963867,10471200,0.0,0.0
2003-05-21 00:00:00-04:00,5.707162777187115,5.781696702783764,5.613463379580625,5.739106178283691,12470000,0.0,0.0
2003-05-22 00:00:00-04:00,5.74975349005727,6.069184239504897,5.690126270603255,5.873266696929932,17869600,0.0,0.0
2003-05-23 00:00:00-04:00,6.733601885325706,6.974239591758447,6.4205594207956,6.835819244384766,74360400,0.0,0.0
2003-05-27 00:00:00-04:00,6.750638677092912,7.001924339786456,6.718695267697006,6.812395095825195,18655200,0.0,0.0
2003-05-28 00:00:00-04:00,6.697398458755135,6.920999829228555,6.65480752810438,6.7548956871032715,14472800,0.0,0.0
2003-05-29 00:00:00-04:00,6.7314707326127925,6.863501880466259,6.69100939096477,6.748507022857666,15214800,0.0,0.0
2003-05-30 00:00:00-04:00,6.708046694026409,6.906093851886027,6.678233283140793,6.744248867034912,9336400,0.0,0.0
2003-06-02 00:00:00-04:00,6.714434592606109,6.863502034039893,6.520646634418145,6.565366744995117,12740800,0.0,0.0
2003-06-03 00:00:00-04:00,6.527036572577689,6.835819465837996,6.516389040670449,6.629254341125488,11732800,0.0,0.0
2003-06-04 00:00:00-04:00,6.629252615210076,6.857113556768439,6.603698382814783,6.795356750488281,11060800,0.0,0.0
2003-06-05 00:00:00-04:00,6.714433198400625,7.176542942628166,6.64415846338801,7.114786148071289,17132400,0.0,0.0
2003-06-06 00:00:00-04:00,7.312835028618726,7.421441131521253,6.842207228783698,6.952943325042725,19026800,0.0,0.0
2003-06-09 00:00:00-04:00,6.89970466125011,6.918870539122921,6.495092044981617,6.588791847229004,12554000,0.0,0.0
2003-06-10 00:00:00-04:00,6.593049994723957,6.73359988795459,6.431205450862594,6.718692779541016,12334400,0.0,0.0
2003-06-11 00:00:00-04:00,6.65693637183552,6.786838330253913,6.495091422084929,6.746376991271973,8931600,0.0,0.0
2003-06-12 00:00:00-04:00,6.769803112181822,6.889056748727975,6.603698962327029,6.7655439376831055,7390000,0.0,0.0
2003-06-13 00:00:00-04:00,6.750636369626033,6.803874825518424,6.354542127809946,6.509998321533203,9242800,0.0,0.0
2003-06-16 00:00:00-04:00,6.582403588248519,6.733601035653739,6.52703553752106,6.635642051696777,9033600,0.0,0.0
2003-06-17 00:00:00-04:00,6.754895377838744,6.969978796041016,6.729341145560034,6.748507022857666,11718000,0.0,0.0
2003-06-18 00:00:00-04:00,6.7719339626812545,7.121178234127449,6.729343425726322,7.067939758300781,17599600,0.0,0.0
2003-06-19 00:00:00-04:00,7.142472827453558,7.334130818551266,6.955073198784098,7.11052942276001,18816800,0.0,0.0
2003-06-20 00:00:00-04:00,7.238301436867686,7.2617256770771155,6.972109134740894,7.006181716918945,13017600,0.0,0.0
2003-06-23 00:00:00-04:00,7.006180924350955,7.0743260809981985,6.774060824483376,6.816651344299316,8208800,0.0,0.0
2003-06-24 00:00:00-04:00,6.793226575191741,6.912480597123552,6.4972209041517015,6.874148845672607,16094000,0.0,0.0
2003-06-25 00:00:00-04:00,6.889057475118187,7.13395475431253,6.889057475118187,6.974239349365234,11620400,0.0,0.0
2003-06-26 00:00:00-04:00,7.050903163063927,7.176545985939308,6.997664692563419,7.157380104064941,10938400,0.0,0.0
2003-06-27 00:00:00-04:00,7.210617438955842,7.300057665380432,7.04877205920497,7.0934929847717285,10868800,0.0,0.0
2003-06-30 00:00:00-04:00,7.291539578411419,7.389498146344982,7.189321023993161,7.3149638175964355,12374000,0.0,0.0
2003-07-01 00:00:00-04:00,7.3618106347619765,7.794106461603393,7.17228193850843,7.772811412811279,25364400,0.0,0.0
2003-07-02 00:00:00-04:00,7.849478955241831,8.079468688305475,7.804758842195353,7.958085060119629,19875600,0.0,0.0
2003-07-03 00:00:00-04:00,7.855866255720029,8.070950067904763,7.838830372618248,7.9878973960876465,7143600,0.0,0.0
2003-07-07 00:00:00-04:00,8.053913644479866,8.154002202779383,7.9708617822119185,8.126317977905273,9704400,0.0,0.0
2003-07-08 00:00:00-04:00,8.239187155178369,8.479825320498067,8.15613525350421,8.443623542785645,14692800,0.0,0.0
2003-07-09 00:00:00-04:00,8.454266559644,8.518152541232375,8.251960274318863,8.426582336425781,7970000,0.0,0.0
2003-07-10 00:00:00-04:00,8.352049445014393,8.432971315252408,8.115670564517096,8.14548397064209,9496000,0.0,0.0
2003-07-11 00:00:00-04:00,8.166777187386998,8.192332226036381,7.994285144451808,8.11353874206543,8532800,0.0,0.0
2003-07-14 00:00:00-04:00,8.260477507270318,8.507503865141556,8.249829980501275,8.411674499511719,11137200,0.0,0.0
2003-07-15 00:00:00-04:00,8.328626505490886,8.347792387481267,7.9091070954539875,8.039009094238281,14567600,0.0,0.0
2003-07-16 00:00:00-04:00,8.085858684542675,8.1944648005473,7.5598623669454135,7.817536354064941,17408800,0.0,0.0
2003-07-17 00:00:00-04:00,7.538565531433102,7.708928424476161,7.314963371187589,7.491715431213379,18344000,0.0,0.0
2003-07-18 00:00:00-04:00,7.623747905069548,7.657820489637002,7.161638426101304,7.5215301513671875,17315200,0.0,0.0
2003-07-21 00:00:00-04:00,7.5279170808916325,7.5279170808916325,7.15524790238503,7.346906661987305,10272400,0.0,0.0
2003-07-22 00:00:00-04:00,7.504495926193729,7.613102059678967,7.229785195368863,7.41079568862915,12660400,0.0,0.0
2003-07-23 00:00:00-04:00,7.329871193262377,7.47042151539191,7.234042609780571,7.408664703369141,9389600,0.0,0.0
2003-07-24 00:00:00-04:00,7.45338437057327,7.68337490679537,7.289409816938126,7.304316520690918,7640400,0.0,0.0
2003-07-25 00:00:00-04:00,7.293668793891752,7.419311588090925,6.929517933745717,7.41505241394043,12641600,0.0,0.0
2003-07-28 00:00:00-04:00,7.538567909415345,7.5577337917005645,7.308577321992722,7.519402027130127,6635200,0.0,0.0
2003-07-29 00:00:00-04:00,7.538567987986073,7.642914938572901,7.2681164517445875,7.3873701095581055,9378800,0.0,0.0
2003-07-30 00:00:00-04:00,7.444866966238032,7.527918844066491,7.208488044815785,7.310706615447998,6440000,0.0,0.0
2003-07-31 00:00:00-04:00,7.481067554723112,7.65994878718602,7.359683948304101,7.48319673538208,8461600,0.0,0.0
2003-08-01 00:00:00-04:00,7.476810036438873,7.636525428915279,7.3937581623278605,7.5215301513671875,6874000,0.0,0.0
2003-08-04 00:00:00-04:00,7.593934806322713,7.617359861489281,7.440607763308463,7.527918815612793,6232800,0.0,0.0
2003-08-05 00:00:00-04:00,7.591803144836649,7.70892757005001,7.329869261143838,7.357553482055664,10102000,0.0,0.0
2003-08-06 00:00:00-04:00,7.325611419937383,7.481067604412622,7.270242974184694,7.457642555236816,12192400,0.0,0.0
2003-08-07 00:00:00-04:00,7.455514898091842,7.487458304676893,6.861374196917402,7.285151958465576,20981200,0.0,0.0
2003-08-08 00:00:00-04:00,7.295797139933155,7.3511655851993805,6.735728800902108,6.938035488128662,14802000,0.0,0.0
2003-08-11 00:00:00-04:00,6.908222241733081,7.240430522877402,6.903963067472386,7.234042167663574,9201600,0.0,0.0
2003-08-12 00:00:00-04:00,7.287280920158999,7.670597683122649,7.283021745727191,7.662079334259033,15476800,0.0,0.0
2003-08-13 00:00:00-04:00,7.721704400913928,7.749388622266823,7.4661604917786,7.579025745391846,7075200,0.0,0.0
2003-08-14 00:00:00-04:00,7.502361611303797,7.623745201552707,7.423568939749324,7.585413455963135,5050800,0.0,0.0
2003-08-15 00:00:00-04:00,7.62374955998877,7.964476291980778,7.464034132842268,7.7089314460754395,4983600,0.0,0.0
2003-08-18 00:00:00-04:00,7.804759784991362,8.090118007839335,7.768557204089272,8.036879539489746,11524800,0.0,0.0
2003-08-19 00:00:00-04:00,8.198720529221015,8.283902366154603,7.717445343902592,8.243440628051758,31847600,0.0,0.0
2003-08-20 00:00:00-04:00,8.145484329682459,8.454267558245881,8.09437505096223,8.175297737121582,15815200,0.0,0.0
2003-08-21 00:00:00-04:00,8.224277671541563,8.251961900214441,8.019842165236811,8.168910026550293,24626000,0.0,0.0
2003-08-22 00:00:00-04:00,9.029242922219064,9.082481380929426,8.820547449202566,8.878045082092285,36238800,0.0,0.0
2003-08-25 00:00:00-04:00,8.8780448019299,8.901469852999945,8.539448182722838,8.620370864868164,13088400,0.0,0.0
2003-08-26 00:00:00-04:00,8.51176514529892,8.741754867387334,8.349919773871497,8.728978157043457,17713200,0.0,0.0
2003-08-27 00:00:00-04:00,8.750275159780935,8.982394926729794,8.667223274677559,8.892953872680664,13120400,0.0,0.0
2003-08-28 00:00:00-04:00,8.963224146707493,9.284783979636646,8.93341074910065,9.180437088012695,17060000,0.0,0.0
2003-08-29 00:00:00-04:00,9.17618000670128,9.261361858440019,8.895081033259519,8.971744537353516,11672800,0.0,0.0
2003-09-02 00:00:00-04:00,9.001559986462073,9.007948342469575,8.841844587438306,8.963228225708008,8066000,0.0,0.0
2003-09-03 00:00:00-04:00,8.986649914570986,9.046276714584176,8.731105209386392,8.788602828979492,8426800,0.0,0.0
2003-09-04 00:00:00-04:00,8.7758285392614,8.8929530019743,8.603336429352147,8.790735244750977,10551600,0.0,0.0
2003-09-05 00:00:00-04:00,8.803511945328568,9.227290452414753,8.767309369416546,9.056926727294922,17792000,0.0,0.0
2003-09-08 00:00:00-04:00,9.101647163651867,9.101647163651867,8.807770647175834,8.93767261505127,14922400,0.0,0.0
2003-09-09 00:00:00-04:00,8.869524961941348,9.048406163585089,8.826934044911091,8.841840744018555,10063600,0.0,0.0
2003-09-10 00:00:00-04:00,8.733235741533166,8.748143256198066,8.162520255169904,8.190203666687012,14460000,0.0,0.0
2003-09-11 00:00:00-04:00,8.262608333748673,8.475562160970826,8.194463174025934,8.373344421386719,10269600,0.0,0.0
2003-09-12 00:00:00-04:00,8.32010600089496,8.522412300109863,8.243442492783679,8.522412300109863,6621600,0.0,0.0
2003-09-15 00:00:00-04:00,8.59481722329847,8.613983101639995,8.262608936163508,8.315847396850586,8504000,0.0,0.0
2003-09-16 00:00:00-04:00,8.345661706430981,8.558615572184454,8.200853012730258,8.539449691772461,12447200,0.0,0.0
2003-09-17 00:00:00-04:00,8.484081089007041,8.567132957324509,8.409547569325838,8.4691743850708,9098800,0.0,0.0
2003-09-18 00:00:00-04:00,8.432973651209405,8.780088716575932,8.369087647194332,8.665093421936035,13336400,0.0,0.0
2003-09-19 00:00:00-04:00,8.613982790347215,8.760920644085898,8.545837628118747,8.682127952575684,9232000,0.0,0.0
2003-09-22 00:00:00-04:00,8.362698489649338,8.539449777576351,8.258350736945662,8.366957664489746,12457600,0.0,0.0
2003-09-23 00:00:00-04:00,8.379732469190133,8.509634429012328,8.307328138093547,8.464914321899414,10050800,0.0,0.0
2003-09-24 00:00:00-04:00,8.44362476396604,8.464919834834992,7.947441651641595,7.99429178237915,11322800,0.0,0.0
2003-09-25 00:00:00-04:00,8.087987494246136,8.345661469528334,7.964474678039551,7.964474678039551,13174400,0.0,0.0
2003-09-26 00:00:00-04:00,7.9431779883293645,8.194463581948932,7.811146836338304,7.857996940612793,15402000,0.0,0.0
2003-09-29 00:00:00-04:00,7.926141979244466,8.034748077392578,7.711058151502677,8.034748077392578,12071600,0.0,0.0
2003-09-30 00:00:00-04:00,7.964474920551578,8.23279643451848,7.943179046519582,8.04539680480957,16248400,0.0,0.0
2003-10-01 00:00:00-04:00,8.087983529012897,8.283901406317911,7.985765823948845,8.04326343536377,9341600,0.0,0.0
2003-10-02 00:00:00-04:00,8.060305305865793,8.254093334772794,8.017715173024026,8.105026245117188,5014400,0.0,0.0
2003-10-03 00:00:00-04:00,8.360566921667646,8.763050338571711,8.251960826929789,8.648055076599121,14650000,0.0,0.0
2003-10-06 00:00:00-04:00,8.688518150787639,8.709814026223082,8.5458394409658,8.686388969421387,6364000,0.0,0.0
2003-10-07 00:00:00-04:00,8.635278409644549,9.063316100813408,8.469174667470973,8.94619083404541,17332400,0.0,0.0
2003-10-08 00:00:00-04:00,9.037760458223369,9.048408799848971,8.763050628667257,8.878045082092285,9634400,0.0,0.0
2003-10-09 00:00:00-04:00,9.007946556229784,9.387004913814849,8.98665149885782,9.052666664123535,16766400,0.0,0.0
2003-10-10 00:00:00-04:00,9.069702020798807,9.267749112063816,9.012204399558556,9.07822036743164,8712400,0.0,0.0
2003-10-13 00:00:00-04:00,9.157011930900316,9.199602846538124,8.892948903829225,8.961094856262207,7800800,0.0,0.0
2003-10-14 00:00:00-04:00,8.95471015166249,9.199607429309504,8.909990033524894,9.174053192138672,8321600,0.0,0.0
2003-10-15 00:00:00-04:00,9.40191206235127,9.578663321513613,9.133589777554299,9.282657623291016,17442800,0.0,0.0
2003-10-16 00:00:00-04:00,9.188955522482111,9.338022511956328,9.15275295907111,9.274136543273926,7928800,0.0,0.0
2003-10-17 00:00:00-04:00,9.295436436422131,9.316731497760921,8.684258265273762,8.697035789489746,11973200,0.0,0.0
2003-10-20 00:00:00-04:00,8.731105229657802,9.08886765527602,8.692773483173404,9.039888381958008,9771600,0.0,0.0
2003-10-21 00:00:00-04:00,9.11655226685741,9.476443888372797,9.080349699241657,9.418946266174316,13857600,0.0,0.0
2003-10-22 00:00:00-04:00,9.186828372047362,9.316730342224224,8.835455029410413,8.873785972595215,12291200,0.0,0.0
2003-10-23 00:00:00-04:00,8.720460827353252,8.901471285443192,8.628890601537066,8.794994354248047,8488400,0.0,0.0
2003-10-24 00:00:00-04:00,8.731107228499276,8.95896776679127,8.637407833616628,8.878045082092285,10466800,0.0,0.0
2003-10-27 00:00:00-05:00,8.801382845753166,8.961098230264835,8.748144384249276,8.85675048828125,12551200,0.0,0.0
2003-10-28 00:00:00-05:00,8.931283797321045,9.44450252153508,8.890822859986667,9.438114166259766,15198800,0.0,0.0
2003-10-29 00:00:00-05:00,9.421076195169254,9.653195862905951,9.135718078982437,9.423205375671387,11766800,0.0,0.0
2003-10-30 00:00:00-05:00,9.73412229532184,9.742640646043055,9.423209805189185,9.514780044555664,12318000,0.0,0.0
2003-10-31 00:00:00-05:00,9.55736868327171,9.580793735934234,9.289046386679344,9.335896492004395,5137600,0.0,0.0
2003-11-03 00:00:00-05:00,9.487091416145333,9.778837888185672,9.474314708336752,9.697916030883789,9742400,0.0,0.0
2003-11-04 00:00:00-05:00,9.678753207497667,9.930038830090684,9.604218868253069,9.685141563415527,8668400,0.0,0.0
2003-11-05 00:00:00-05:00,9.65745412503227,9.919388003596797,9.540329702112036,9.627640724182129,10345600,0.0,0.0
2003-11-06 00:00:00-05:00,9.6894001417676,9.821431300855512,9.435985353584362,9.714954376220703,10829600,0.0,0.0
2003-11-07 00:00:00-05:00,9.763932802648105,9.806523731215341,9.453020405109752,9.4594087600708,10341600,0.0,0.0
2003-11-10 00:00:00-05:00,9.476446520494385,9.572275917442191,9.208125021395013,9.231549263000488,8453600,0.0,0.0
2003-11-11 00:00:00-05:00,9.231548193759036,9.350802630854192,9.01859436403122,9.212382316589355,6584800,0.0,0.0
2003-11-12 00:00:00-05:00,9.220902410811444,9.519038153827058,9.210254879779718,9.495613098144531,6167200,0.0,0.0
2003-11-13 00:00:00-05:00,9.487094249256856,9.561628587266746,9.35719226538218,9.395524024963379,4487600,0.0,0.0
2003-11-14 00:00:00-05:00,9.393396915493907,9.63190506254784,9.316733379423615,9.367842674255371,10004400,0.0,0.0
2003-11-17 00:00:00-05:00,9.01007754745332,9.146367879381682,8.892952281870084,9.076092720031738,12739200,0.0,0.0
2003-11-18 00:00:00-05:00,9.225159249746078,9.387004604923007,9.018593788146973,9.018593788146973,15553200,0.0,0.0
2003-11-19 00:00:00-05:00,9.044149844042424,9.063315722135094,8.731107439313616,8.944061279296875,24213600,0.0,0.0
2003-11-20 00:00:00-05:00,8.09224567434799,8.303070326984047,7.990027931733491,8.286033630371094,61395600,0.0,0.0
2003-11-21 00:00:00-05:00,8.251963527082681,8.432974014992958,8.100766454841896,8.283906936645508,14542400,0.0,0.0
2003-11-24 00:00:00-05:00,8.34779331434315,8.401031791077028,8.105025990413411,8.164652824401855,18722400,0.0,0.0
2003-11-25 00:00:00-05:00,8.188075366799664,8.24131382716591,7.783462743074413,8.124189376831055,31764000,0.0,0.0
2003-11-26 00:00:00-05:00,8.20937187550591,8.375476453578152,8.19872434402355,8.364828109741211,11904800,0.0,0.0
2003-11-28 00:00:00-05:00,8.34779004829754,8.469173662771466,8.34779004829754,8.409546852111816,3682800,0.0,0.0
2003-12-01 00:00:00-05:00,8.45213551760295,8.677866824377846,8.45213551760295,8.631016731262207,9535200,0.0,0.0
2003-12-02 00:00:00-05:00,8.645923941166924,8.679996516618008,8.251959736741615,8.256218910217285,15149200,0.0,0.0
2003-12-03 00:00:00-05:00,8.352052347569451,8.45214012972155,8.047528200855151,8.051787376403809,13666400,0.0,0.0
2003-12-04 00:00:00-05:00,8.305200725406795,8.426584363328224,7.972992403942895,8.198723793029785,21500000,0.0,0.0
2003-12-05 00:00:00-05:00,8.007065506338547,8.256221966597982,7.97086373692519,8.094376564025879,10287200,0.0,0.0
2003-12-08 00:00:00-05:00,8.11354004627793,8.305198805185483,7.998545603287735,8.171037673950195,9250400,0.0,0.0
2003-12-09 00:00:00-05:00,8.200851673098331,8.234924253558855,7.591804398910768,7.691892147064209,17568000,0.0,0.0
2003-12-10 00:00:00-05:00,7.728094423156051,7.8047579293286375,7.549213179538139,7.706798553466797,11546400,0.0,0.0
2003-12-11 00:00:00-05:00,7.7089285138925305,8.13696533840019,7.655690058426911,8.08372688293457,8427200,0.0,0.0
2003-12-12 00:00:00-05:00,8.29668057596486,8.388250782932158,8.070950048202606,8.190203666687012,12995600,0.0,0.0
2003-12-15 00:00:00-05:00,8.46278319460531,8.47343072065633,7.823921883294076,7.860123634338379,12234000,0.0,0.0
2003-12-16 00:00:00-05:00,7.845223522920488,7.902721186700982,7.585419444880073,7.81328010559082,11411600,0.0,0.0
2003-12-17 00:00:00-05:00,7.749390520695367,7.875033325486784,7.606711830220175,7.781333923339844,8528800,0.0,0.0
2003-12-18 00:00:00-05:00,7.819665621343522,7.981510189687961,7.772815514453659,7.855867385864258,9962800,0.0,0.0
2003-12-19 00:00:00-05:00,7.821795874835516,7.849480106552934,7.676987172189206,7.82605504989624,22755600,0.0,0.0
2003-12-22 00:00:00-05:00,7.836702667388366,7.847350198979757,7.734484901872752,7.794111728668213,7407600,0.0,0.0
2003-12-23 00:00:00-05:00,7.81753555314894,7.972991764468454,7.813276378712924,7.958085060119629,5236800,0.0,0.0
2003-12-24 00:00:00-05:00,7.960216021331325,8.007065321114597,7.832443209779392,7.838832378387451,2110000,0.0,0.0
2003-12-26 00:00:00-05:00,7.845215716000122,7.915490026897329,7.747257191789935,7.772811412811279,1600000,0.0,0.0
2003-12-29 00:00:00-05:00,7.7941091585172115,7.934658641298528,7.736612344412677,7.904845237731934,4576000,0.0,0.0
2003-12-30 00:00:00-05:00,7.9048477662486505,8.113542470324123,7.8963302284724985,7.996417999267578,7776000,0.0,0.0
2003-12-31 00:00:00-05:00,8.036876337636047,8.124187358450888,7.943176150763568,8.077337265014648,6287200,0.0,0.0
2004-01-02 00:00:00-05:00,8.158259618224458,8.188073017498864,8.039005208772636,8.070948600769043,4820400,0.0,0.0
2004-01-05 00:00:00-05:00,8.156129240239258,8.326492094013021,8.05604152059639,8.241311073303223,10238800,0.0,0.0
2004-01-06 00:00:00-05:00,8.18807696334885,8.669352381465082,8.177429431670383,8.556487083435059,14644000,0.0,0.0
2004-01-07 00:00:00-05:00,8.560740725420727,8.861005473865852,8.556481553031299,8.826932907104492,13867600,0.0,0.0
2004-01-08 00:00:00-05:00,8.880176988104159,8.980264759637036,8.709814046006572,8.956840515136719,9172400,0.0,0.0
2004-01-09 00:00:00-05:00,8.835456575907115,9.108037274248257,8.737497176630526,8.843974113464355,8808000,0.0,0.0
2004-01-12 00:00:00-05:00,8.861007602590293,9.201733352058147,8.707680609152627,9.16340160369873,10386000,0.0,0.0
2004-01-13 00:00:00-05:00,9.135721206665039,9.30182496274292,8.999430049594856,9.135721206665039,11302800,0.0,0.0
2004-01-14 00:00:00-05:00,9.254975277958776,9.263493627984088,8.820549174922702,8.941933631896973,9743600,0.0,0.0
2004-01-15 00:00:00-05:00,8.899341063414433,9.250714407850104,8.784345796208102,9.199605941772461,12778800,0.0,0.0
2004-01-16 00:00:00-05:00,9.263494841417334,9.369971793617532,9.122945297007258,9.29330825805664,7390000,0.0,0.0
2004-01-20 00:00:00-05:00,9.308213529163737,9.50626069466548,9.28691846695358,9.491353988647461,7308800,0.0,0.0
2004-01-21 00:00:00-05:00,9.163401101998065,9.199603667846192,8.8333228979566,9.169790267944336,22411600,0.0,0.0
2004-01-22 00:00:00-05:00,9.27626852305309,9.338024512341377,9.005817079085974,9.018593788146973,9557600,0.0,0.0
2004-01-23 00:00:00-05:00,9.05479784570051,9.125072194134884,8.833325645604987,8.92276668548584,6218800,0.0,0.0
2004-01-26 00:00:00-05:00,8.858878638484232,8.944060491920455,8.697034091780637,8.888692855834961,7358800,0.0,0.0
2004-01-27 00:00:00-05:00,8.92489734212393,9.152757935471076,8.875918045758663,9.037762641906738,12166000,0.0,0.0
2004-01-28 00:00:00-05:00,9.13572090299675,9.33802641976005,8.92276704336843,9.022854804992676,10311200,0.0,0.0
2004-01-29 00:00:00-05:00,9.046279287608623,9.056926817445985,8.628889944090202,8.927024841308594,8459200,0.0,0.0
2004-01-30 00:00:00-05:00,8.88443317767421,9.122941216462541,8.737494529454233,8.858878135681152,6215200,0.0,0.0
2004-02-02 00:00:00-05:00,8.90999062222769,9.073965211920923,8.763052733343702,8.767311096191406,6324800,0.0,0.0
2004-02-03 00:00:00-05:00,8.737494116250891,8.927022867454363,8.677867312462189,8.805639266967773,4594000,0.0,0.0
2004-02-04 00:00:00-05:00,8.607589788430477,8.667217388083605,8.31158421954713,8.356305122375488,12039600,0.0,0.0
2004-02-05 00:00:00-05:00,8.394640865495038,8.82267858381805,8.394640865495038,8.794994354248047,12004000,0.0,0.0
2004-02-06 00:00:00-05:00,8.773699506350125,9.127202894021952,8.728979389125538,9.080352783203125,7758800,0.0,0.0
2004-02-09 00:00:00-05:00,9.135718591568182,9.293303952903937,9.071831799960082,9.146366119384766,7136400,0.0,0.0
2004-02-10 00:00:00-05:00,9.093129392428192,9.263492306865166,9.046279286325102,9.201735496520996,8469200,0.0,0.0
2004-02-11 00:00:00-05:00,9.199607231226993,9.36571098779275,9.125072890247962,9.32737922668457,11358800,0.0,0.0
2004-02-12 00:00:00-05:00,9.223030346722943,9.306082207537457,9.069703334539618,9.10803508758545,10703200,0.0,0.0
2004-02-13 00:00:00-05:00,9.067575270544653,9.314601702623346,9.063316096086723,9.220901489257812,13094000,0.0,0.0
2004-02-17 00:00:00-05:00,9.348674515838617,9.47644650330088,9.201735836667082,9.259233474731445,10237200,0.0,0.0
2004-02-18 00:00:00-05:00,9.41256275589317,9.82995221439202,9.404044404734904,9.657459259033203,17516000,0.0,0.0
2004-02-19 00:00:00-05:00,9.785225000817412,9.868276833560131,9.197472194346638,9.223027229309082,14350800,0.0,0.0
2004-02-20 00:00:00-05:00,9.310342432607937,9.348674189981422,8.888693913854059,9.005818367004395,17242000,0.0,0.0
2004-02-23 00:00:00-05:00,9.031368307672649,9.054793349637471,8.667217598094233,8.826932907104492,9404400,0.0,0.0
2004-02-24 00:00:00-05:00,8.78434705618964,8.982394218444824,8.707683533722532,8.982394218444824,17133200,0.0,0.0
2004-02-25 00:00:00-05:00,8.990915770469789,9.263496558679691,8.986656594109656,9.184703826904297,12473200,0.0,0.0
2004-02-26 00:00:00-05:00,9.188958779393381,9.350803344909524,8.995170812037015,9.131461143493652,16151200,0.0,0.0
2004-02-27 00:00:00-05:00,9.73198820008051,9.815040046792406,9.329505673797179,9.742635726928711,43932800,0.0,0.0
2004-03-01 00:00:00-05:00,9.844851204212,9.85336954869174,9.527550589705113,9.736245155334473,14490400,0.0,0.0
2004-03-02 00:00:00-05:00,9.729862918175032,9.85976492073833,9.521168203961148,9.527557373046875,11160800,0.0,0.0
2004-03-03 00:00:00-05:00,9.50839061710681,9.527556497894269,9.237939104819123,9.276270866394043,10027600,0.0,0.0
2004-03-04 00:00:00-05:00,9.244327593920648,9.529685816218928,9.244327593920648,9.48709487915039,12806800,0.0,0.0
2004-03-05 00:00:00-05:00,9.367839311568567,9.655326656280801,9.316730035083037,9.338025093078613,9445200,0.0,0.0
2004-03-08 00:00:00-05:00,9.410430596262,9.446633174175828,8.969616179701843,8.980263710021973,7047200,0.0,0.0
2004-03-09 00:00:00-05:00,8.965356601979732,8.997300003858289,8.628889947336685,8.75879192352295,14100800,0.0,0.0
2004-03-10 00:00:00-05:00,8.777954768912576,8.873783316725298,8.577777702707465,8.660829544067383,10351600,0.0,0.0
2004-03-11 00:00:00-05:00,8.582041321934298,8.784347673243554,8.494730262403516,8.556487083435059,11476400,0.0,0.0
2004-03-12 00:00:00-05:00,8.701295242440528,8.971746754333964,8.701295242440528,8.90786075592041,11160000,0.0,0.0
2004-03-15 00:00:00-05:00,8.852491248107654,8.888693824085644,8.541578830199974,8.586298942565918,9397600,0.0,0.0
2004-03-16 00:00:00-05:00,8.711943426173569,8.790736136375171,8.530932948380931,8.645927429199219,9055600,0.0,0.0
2004-03-17 00:00:00-05:00,8.918506571208473,9.012205963365709,8.773697902739952,8.895081520080566,11948000,0.0,0.0
2004-03-18 00:00:00-05:00,8.867396063665659,8.993038837616337,8.763049157035429,8.805639266967773,11640400,0.0,0.0
2004-03-19 00:00:00-05:00,8.841846772723658,8.961101259249757,8.667224624954384,8.848235130310059,11341200,0.0,0.0
2004-03-22 00:00:00-05:00,8.78221625230284,8.822677187304938,8.582039133434469,8.797122955322266,8330000,0.0,0.0
2004-03-23 00:00:00-05:00,8.92063553093914,8.935542233586602,8.603334789038188,8.731106758117676,11383600,0.0,0.0
2004-03-24 00:00:00-05:00,8.743884171475921,8.74601335224727,8.428712614283286,8.4883394241333,20000400,0.0,0.0
2004-03-25 00:00:00-05:00,8.575653086215066,8.822679561466838,8.522414614718091,8.767311096191406,12620800,0.0,0.0
2004-03-26 00:00:00-05:00,8.803512292450746,9.208124937032533,8.765180534022809,9.086740493774414,14964800,0.0,0.0
2004-03-29 00:00:00-05:00,9.180444650544164,9.318864226651769,9.139982881300313,9.184703826904297,8304800,0.0,0.0
2004-03-30 00:00:00-05:00,9.199603109790953,9.636158179773966,9.195343936869877,9.623380661010742,17891200,0.0,0.0
2004-03-31 00:00:00-05:00,9.593571550699828,9.678753422484444,9.548851433572445,9.574405670166016,10414000,0.0,0.0
2004-04-01 00:00:00-05:00,9.593568926969235,10.00031066941026,9.587180572656617,9.710693359375,12843200,0.0,0.0
2004-04-02 00:00:00-05:00,9.868283460119073,10.040776406351295,9.757547337984706,10.004573822021484,13718800,0.0,0.0
2004-04-05 00:00:00-04:00,9.991792006016574,10.240948376933078,9.959849423109624,10.206875801086426,8603200,0.0,0.0
2004-04-06 00:00:00-04:00,10.102530589425518,10.115308113173985,9.925779312188075,10.051422119140625,9610000,0.0,0.0
2004-04-07 00:00:00-04:00,9.881059518192432,10.128085965529518,9.710695778770017,10.030126571655273,16975600,0.0,0.0
2004-04-08 00:00:00-04:00,10.12808436174355,10.328260667806026,10.072715911492525,10.240949630737305,13327600,0.0,0.0
2004-04-12 00:00:00-04:00,10.26437342514408,10.306964348040967,10.16428487818954,10.206875801086426,10534400,0.0,0.0
2004-04-13 00:00:00-04:00,10.275026143415628,10.334652978180394,10.125958244149022,10.1387357711792,8979600,0.0,0.0
2004-04-14 00:00:00-04:00,10.025866482921284,10.147250098328112,9.804394309691348,9.849114418029785,9086800,0.0,0.0
2004-04-15 00:00:00-04:00,9.819299629190875,9.959849101565093,9.604215841064804,9.697916030883789,9151200,0.0,0.0
2004-04-16 00:00:00-04:00,9.700046172945994,9.710693701293366,9.391262976746159,9.572274208068848,12750800,0.0,0.0
2004-04-19 00:00:00-04:00,9.536073396536482,9.81930241449548,9.53394421541585,9.749027252197266,5572400,0.0,0.0
2004-04-20 00:00:00-04:00,9.751157391665732,9.815043386849563,9.387006487998837,9.395524024963379,8602800,0.0,0.0
2004-04-21 00:00:00-04:00,9.384877982824698,9.401914684164613,9.095260558883224,9.36997127532959,16325200,0.0,0.0
2004-04-22 00:00:00-04:00,9.259232107986973,9.316729737564179,9.08248085767574,9.20599365234375,17436800,0.0,0.0
2004-04-23 00:00:00-04:00,9.382746267813237,9.604217638948175,9.329507809033359,9.455150604248047,13397600,0.0,0.0
2004-04-26 00:00:00-04:00,9.39765328213079,9.465798446634729,9.061185821582463,9.08887004852295,10184800,0.0,0.0
2004-04-27 00:00:00-04:00,9.120813488669883,9.180440304776399,8.837584487455047,8.935543060302734,7066400,0.0,0.0
2004-04-28 00:00:00-04:00,8.933413184810139,8.969614945387729,8.684256785362335,8.722588539123535,9491600,0.0,0.0
2004-04-29 00:00:00-04:00,8.748143464158654,8.88656296209775,8.175297158719365,8.409546852111816,16344400,0.0,0.0
2004-04-30 00:00:00-04:00,8.439360060067314,8.624629654822808,8.185944495981786,8.288162231445312,9732400,0.0,0.0
2004-05-03 00:00:00-04:00,8.34992026283069,8.401029544262347,7.985769374326475,8.102893829345703,11914400,0.0,0.0
2004-05-04 00:00:00-04:00,8.168907241266082,8.411674423772983,8.166777248518919,8.290290832519531,11007600,0.0,0.0
2004-05-05 00:00:00-04:00,8.38186165674452,8.741753284526597,8.315845686621728,8.554353713989258,14696400,0.0,0.0
2004-05-06 00:00:00-04:00,8.432970803542034,8.56074358078015,8.20298110428037,8.347789764404297,10902400,0.0,0.0
2004-05-07 00:00:00-04:00,8.288161981521636,8.85461990187669,8.288161981521636,8.626758575439453,14714800,0.0,0.0
2004-05-10 00:00:00-04:00,8.66722302105721,8.77369996035188,8.428714904496426,8.541580200195312,16950400,0.0,0.0
2004-05-11 00:00:00-04:00,8.675738920809069,8.871656043846663,8.526671085428008,8.869526863098145,9381600,0.0,0.0
2004-05-12 00:00:00-04:00,8.848231460280157,8.867397337444551,8.475562258359234,8.714070320129395,11075600,0.0,0.0
2004-05-13 00:00:00-04:00,8.679998068493656,8.903600247995106,8.65870300966229,8.7992525100708,10852800,0.0,0.0
2004-05-14 00:00:00-04:00,8.833325004607678,8.837584178802883,8.298811234602772,8.458526611328125,15172800,0.0,0.0
2004-05-17 00:00:00-04:00,8.33714297749541,8.360567217002272,8.109282438697495,8.183815956115723,17989200,0.0,0.0
2004-05-18 00:00:00-04:00,8.281776942752172,8.332886235581762,8.209372585117132,8.283906936645508,12409600,0.0,0.0
2004-05-19 00:00:00-04:00,8.467044926685027,8.752403125193347,8.409548100643681,8.513895034790039,17136400,0.0,0.0
2004-05-20 00:00:00-04:00,8.556482345370771,8.601202441069796,8.147610694018436,8.481948852539062,32519200,0.0,0.0
2004-05-21 00:00:00-04:00,8.95896393258425,9.408296461773597,8.91424384137166,9.389130592346191,46346800,0.0,0.0
2004-05-24 00:00:00-04:00,9.47857164373244,9.480701636283014,9.220897785194545,9.467924118041992,16892800,0.0,0.0
2004-05-25 00:00:00-04:00,9.49348081549243,9.86827914690782,9.416817317341621,9.86189079284668,14306800,0.0,0.0
2004-05-26 00:00:00-04:00,9.881058558863103,9.883187739839634,9.670233898591329,9.783099174499512,12082400,0.0,0.0
2004-05-27 00:00:00-04:00,9.795876605047523,10.040773845115483,9.77458154606528,10.01095962524414,11847200,0.0,0.0
2004-05-28 00:00:00-04:00,9.934297536932949,10.13021469116211,9.915131657727532,10.13021469116211,12252800,0.0,0.0
2004-06-01 00:00:00-04:00,10.010958414549133,10.115306140593264,9.904481507806047,10.027995109558105,9091200,0.0,0.0
2004-06-02 00:00:00-04:00,9.987535101439267,10.019477689004761,9.593570022629601,9.683011054992676,10804000,0.0,0.0
2004-06-03 00:00:00-04:00,9.646805667425904,9.902350355192015,9.587178871477006,9.725598335266113,11048800,0.0,0.0
2004-06-04 00:00:00-04:00,9.904484572168279,10.008832330496707,9.859764452465202,9.889577865600586,6786000,0.0,0.0
2004-06-07 00:00:00-04:00,9.955593368038109,10.264376640319824,9.919391600266332,10.264376640319824,7160800,0.0,0.0
2004-06-08 00:00:00-04:00,10.15577086043105,10.392149811537909,10.09188485502897,10.181325912475586,11672800,0.0,0.0
2004-06-09 00:00:00-04:00,10.168542452083772,10.221780894241277,9.846982618888262,9.887443542480469,8164800,0.0,0.0
2004-06-10 00:00:00-04:00,10.013090360249713,10.064198830534604,9.900225077045627,10.051422119140625,5231600,0.0,0.0
2004-06-14 00:00:00-04:00,9.98540611374749,10.040774570870488,9.83633825303375,9.90235424041748,6246400,0.0,0.0
2004-06-15 00:00:00-04:00,10.049293192297657,10.232433657024993,9.95772295993399,10.219656944274902,9058000,0.0,0.0
2004-06-16 00:00:00-04:00,10.211137099657686,10.711578313868959,10.136602765988174,10.617878913879395,18879200,0.0,0.0
2004-06-17 00:00:00-04:00,10.547601670695352,10.60509929535887,10.228170964134215,10.2537260055542,15434800,0.0,0.0
2004-06-18 00:00:00-04:00,10.189841943482778,10.64769307045411,10.119567591642127,10.551863670349121,13276400,0.0,0.0
2004-06-21 00:00:00-04:00,10.590195368614529,10.664729707085629,9.97262966154339,10.0620698928833,17475200,0.0,0.0
2004-06-22 00:00:00-04:00,10.104658986161017,10.588064258138306,10.0365138283131,10.583805084228516,15915600,0.0,0.0
2004-06-23 00:00:00-04:00,10.573161896259581,11.073603256969196,10.445389063574043,11.071474075317383,18851600,0.0,0.0
2004-06-24 00:00:00-04:00,11.02675092971088,11.335534198110974,10.877683873283864,11.205632209777832,22012400,0.0,0.0
2004-06-25 00:00:00-04:00,11.133226031956228,11.282293876223909,11.048044986913553,11.201371192932129,14995200,0.0,0.0
2004-06-28 00:00:00-04:00,11.180074626001819,11.226924722483199,10.737130327079688,10.807405471801758,17601200,0.0,0.0
2004-06-29 00:00:00-04:00,11.120450943909296,11.333404806106842,10.881942033352793,11.069341659545898,8760800,0.0,2.0
2004-06-30 00:00:00-04:00,11.07359986684278,11.40154898094127,11.00971387623573,11.371735572814941,7024600,0.0,0.0
2004-07-01 00:00:00-04:00,11.252478768763437,11.303588037946188,10.605099025004721,10.639171600341797,11397600,0.0,0.0
2004-07-02 00:00:00-04:00,10.711576075963517,10.775462054079744,10.349554450165853,10.485845565795898,7811000,0.0,0.0
2004-07-06 00:00:00-04:00,10.226043807314449,10.285670624386281,9.859762931348717,10.06845760345459,9537800,0.0,0.0
2004-07-07 00:00:00-04:00,10.106791116818144,10.549735584466621,10.106791116818144,10.174936294555664,5543800,0.0,0.0
2004-07-08 00:00:00-04:00,10.119564102895097,10.370849637714809,9.957718769102282,10.017346382141113,7902000,0.0,0.0
2004-07-09 00:00:00-04:00,10.234560325743836,10.311223014402142,10.034383225909933,10.11530590057373,3889200,0.0,0.0
2004-07-12 00:00:00-04:00,9.838466902271874,9.902352887462044,9.65532648233351,9.821430206298828,7730200,0.0,0.0
2004-07-13 00:00:00-04:00,9.842725823161642,10.149379031601566,9.842725823161642,10.034383773803711,5261800,0.0,0.0
2004-07-14 00:00:00-04:00,9.668104041918207,10.123825100362863,9.582922186430407,9.872539520263672,7668800,0.0,0.0
2004-07-15 00:00:00-04:00,9.851243846290751,10.447515221864599,9.770321975556513,10.260115623474121,10686200,0.0,0.0
2004-07-16 00:00:00-04:00,10.379368150062106,10.379368150062106,9.710692562702054,9.8086519241333,6576400,0.0,0.0
2004-07-19 00:00:00-04:00,9.893831509048743,10.051417649114137,9.501996557583738,9.676618576049805,5711600,0.0,0.0
2004-07-20 00:00:00-04:00,9.646809782663867,10.030126571655273,9.565887087673673,10.030126571655273,5212600,0.0,0.0
2004-07-21 00:00:00-04:00,10.106789596329065,10.306966736628187,9.391264525375773,9.41681957244873,9782200,0.0,0.0
2004-07-22 00:00:00-04:00,9.582920550488609,9.864019488314602,9.378485107043204,9.812911033630371,7133600,0.0,0.0
2004-07-23 00:00:00-04:00,9.663848555915434,9.736252917005372,9.404044528647777,9.727734565734863,9184800,0.0,0.0
2004-07-26 00:00:00-04:00,9.731990215488475,9.753285273594894,9.259232451865504,9.4594087600708,6582000,0.0,0.0
2004-07-27 00:00:00-04:00,9.561628651623858,9.731991577378917,8.820548502968961,9.638291358947754,9934000,0.0,0.0
2004-07-28 00:00:00-04:00,9.433856306418571,9.64681017704813,9.1910890238776,9.616996765136719,7954800,0.0,0.0
2004-07-29 00:00:00-04:00,9.727734232891601,10.038646732434774,9.710697530933512,9.940688133239746,8629800,0.0,0.0
2004-07-30 00:00:00-04:00,9.881060327815177,10.034386568562097,9.744769162639075,9.889577865600586,6248000,0.0,0.0
2004-08-02 00:00:00-04:00,9.821430474148334,9.987535014998024,9.710694384366676,9.910871505737305,3948000,0.0,0.0
2004-08-03 00:00:00-04:00,9.872538959918339,9.88105730745451,9.463667214079763,9.497739791870117,4457400,0.0,0.0
2004-08-04 00:00:00-04:00,9.523294696472973,9.868279643145287,9.348672636283634,9.757543563842773,5443200,0.0,0.0
2004-08-05 00:00:00-04:00,9.795877840532663,10.153640400566566,9.757546079646565,9.876800537109375,8629000,0.0,0.0
2004-08-06 00:00:00-04:00,9.616995616793936,10.0088307244584,9.540332102544777,9.629773139953613,12415200,0.0,0.0
2004-08-09 00:00:00-04:00,9.668105466954685,9.87254097543305,9.651068768404238,9.795877456665039,9437800,0.0,0.0
2004-08-10 00:00:00-04:00,9.864022385016687,9.94494507644403,9.68088194184903,9.855504035949707,8259000,0.0,0.0
2004-08-11 00:00:00-04:00,9.369967529617158,9.582921337108457,8.71406941261389,9.114422798156738,16438800,0.0,0.0
2004-08-12 00:00:00-04:00,8.986654133523944,9.114426139924088,8.607595664808255,8.645927429199219,11494800,0.0,0.0
2004-08-13 00:00:00-04:00,8.77369894456563,8.790734830456046,8.232795960607335,8.420195579528809,19420800,0.0,0.0
2004-08-16 00:00:00-04:00,8.458531189014526,8.790738832484436,8.44149448301358,8.607598304748535,10856600,0.0,0.0
2004-08-17 00:00:00-04:00,8.773696184575071,9.122940265187008,8.773696184575071,8.812027931213379,12832000,0.0,0.0
2004-08-18 00:00:00-04:00,8.722589481521622,9.391264439049014,8.679998549146008,9.272010803222656,14355600,0.0,0.0
2004-08-19 00:00:00-04:00,9.208122286369566,9.378485156811458,9.157013019059875,9.250712394714355,21795800,0.0,0.0
2004-08-20 00:00:00-04:00,9.13572212596895,10.413445454783929,9.13572212596895,10.213268280029297,32466000,0.0,0.0
2004-08-23 00:00:00-04:00,10.281409252347713,10.370850271192122,10.000310300015478,10.183450698852539,11213200,0.0,0.0
2004-08-24 00:00:00-04:00,10.213266143270362,10.243079551395255,9.625513892417539,9.731990814208984,17549000,0.0,0.0
2004-08-25 00:00:00-04:00,9.69365970337319,10.05142224942254,9.642550420071354,10.042903900146484,10859200,0.0,0.0
2004-08-26 00:00:00-04:00,9.859763678197337,9.996054020316246,9.744768397401566,9.834209442138672,3837800,0.0,0.0
2004-08-27 00:00:00-04:00,9.838469149511882,10.200490898086034,9.825691624613537,10.098272323608398,5711800,0.0,0.0
2004-08-30 00:00:00-04:00,10.021603196573402,10.106784204308669,9.710690121895254,9.736245155334473,3206200,0.0,0.0
2004-08-31 00:00:00-04:00,9.757544782658467,9.966239446212468,9.578663526418692,9.846985816955566,5298600,0.0,0.0
2004-09-01 00:00:00-04:00,9.851244392218295,10.204747738116378,9.783099227637056,10.0812349319458,6438000,0.0,0.0
2004-09-02 00:00:00-04:00,10.119568796579342,10.328263508126984,9.93642832398427,10.217527389526367,4894800,0.0,0.0
2004-09-03 00:00:00-04:00,9.81290760697157,10.094006446638094,9.655321499956601,9.740503311157227,10975600,0.0,0.0
2004-09-07 00:00:00-04:00,9.915130845437478,10.042902821436304,9.812913102167535,9.953462600708008,8405800,0.0,0.0
2004-09-08 00:00:00-04:00,9.881059083150644,10.034385304583875,9.757545458742884,9.855504035949707,7037600,0.0,0.0
2004-09-09 00:00:00-04:00,10.157898437235788,10.988417934552329,10.051421516116658,10.826573371887207,19345000,0.0,0.0
2004-09-10 00:00:00-04:00,10.83934714307488,11.18007284777984,10.613615855986493,11.175813674926758,15233800,0.0,0.0
2004-09-13 00:00:00-04:00,11.226926205456433,11.695423982737307,11.180076102786588,11.452656745910645,15988000,0.0,0.0
2004-09-14 00:00:00-04:00,11.324883246601614,11.563391277198203,11.048043466686288,11.482468605041504,11317400,0.0,0.0
2004-09-15 00:00:00-04:00,11.269515818814563,11.282293340523747,10.924530856210172,11.031007766723633,7672600,0.0,0.0
2004-09-16 00:00:00-04:00,11.22266545343155,11.329142353725294,10.984157424232759,11.235442161560059,9301600,0.0,0.0
2004-09-17 00:00:00-04:00,11.201371887117732,11.269517052316811,11.086377428565818,11.218408584594727,8935200,0.0,0.0
2004-09-20 00:00:00-04:00,11.154522420716187,11.865788282257295,11.013972918129236,11.478212356567383,13702400,0.0,0.0
2004-09-21 00:00:00-04:00,11.461176006528607,11.614503036669552,11.333404022980792,11.605984687805176,9238400,0.0,0.0
2004-09-22 00:00:00-04:00,11.329144084964627,11.448397711610374,11.13322613606112,11.150262832641602,8262600,0.0,0.0
2004-09-23 00:00:00-04:00,11.20137200705097,11.401549142776704,11.052304964303453,11.307848930358887,6266800,0.0,0.0
2004-09-24 00:00:00-04:00,11.393033153463394,11.473955859395886,10.92879360670773,11.192856788635254,5109000,0.0,0.0
2004-09-27 00:00:00-04:00,11.052301513167892,11.107669138563235,10.877679478457857,10.94582462310791,4400600,0.0,0.0
2004-09-28 00:00:00-04:00,10.924530314272692,11.009712163399554,10.588063716165655,10.762685775756836,7816200,0.0,0.0
2004-09-29 00:00:00-04:00,10.741390562955491,10.94156767691619,10.698800448146665,10.72861385345459,8148800,0.0,0.0
2004-09-30 00:00:00-04:00,10.805277238333197,11.231184880465529,10.78824054271781,11.128966331481934,10967200,0.0,0.0
2004-10-01 00:00:00-04:00,11.269518377318603,11.976525971005001,11.205632378977445,11.942453384399414,12048600,0.0,0.0
2004-10-04 00:00:00-04:00,11.968005700875915,12.564276276973256,11.968005700875915,12.138368606567383,16445400,0.0,0.0
2004-10-05 00:00:00-04:00,12.112816349660797,12.368361156060008,11.857271543261586,12.28317928314209,9673400,0.0,0.0
2004-10-06 00:00:00-04:00,12.151147378914839,12.692049558574611,12.05744716188133,12.666495323181152,10005800,0.0,0.0
2004-10-07 00:00:00-04:00,12.675006693123247,12.675006693123247,12.031886301305494,12.274653434753418,10215000,0.0,0.0
2004-10-08 00:00:00-04:00,12.180957577584598,12.372615511039204,11.90411779880287,12.087257385253906,6475400,0.0,0.0
2004-10-11 00:00:00-04:00,11.870046809322172,12.027632188174719,11.503765962765891,11.857269287109375,8882800,0.0,0.0
2004-10-12 00:00:00-04:00,11.63153806225647,11.899860345169108,11.52080197226841,11.848751068115234,5622800,0.0,0.0
2004-10-13 00:00:00-04:00,12.270397437718152,12.555755555449005,12.138366312306642,12.40668773651123,17345200,0.0,0.0
2004-10-14 00:00:00-04:00,12.304472196847525,12.640939642536475,12.244845383628483,12.440762519836426,10484000,0.0,0.0
2004-10-15 00:00:00-04:00,12.070221950992456,12.415206893881283,11.985040102508005,12.219289779663086,8113600,0.0,0.0
2004-10-18 00:00:00-04:00,12.189477558357478,12.308731182974007,11.899860220252659,12.257622718811035,6721800,0.0,0.0
2004-10-19 00:00:00-04:00,12.55575936589214,12.73464064043381,12.197996816808796,12.312992095947266,10779000,0.0,0.0
2004-10-20 00:00:00-04:00,12.244845383628483,12.581312829317431,12.053186609203841,12.440762519836426,7087000,0.0,0.0
2004-10-21 00:00:00-04:00,12.52168720828469,12.807045422357318,12.236328994212066,12.734641075134277,12189800,0.0,0.0
2004-10-22 00:00:00-04:00,12.717603827489793,12.77723064387445,11.848751753776195,11.963747024536133,11931800,0.0,0.0
2004-10-25 00:00:00-04:00,11.712460310577006,11.86578732368705,11.393029574833998,11.520801544189453,16222600,0.0,0.0
2004-10-26 00:00:00-04:00,11.64005614749605,11.708201307125279,11.278034479244285,11.465434074401855,7330000,0.0,0.0
2004-10-27 00:00:00-04:00,11.414325764221168,12.415208997943287,11.397289879049717,12.261882781982422,12216600,0.0,0.0
2004-10-28 00:00:00-04:00,12.206516137520675,12.585573777784695,12.17244354977059,12.364102363586426,9940200,0.0,0.0
2004-10-29 00:00:00-04:00,12.223550826754055,12.449281378831904,12.02763287015436,12.168182373046875,5600000,0.0,0.0
2004-11-01 00:00:00-05:00,12.189474706381992,12.257619850891608,11.976520926700891,12.104292869567871,3803600,0.0,0.0
2004-11-02 00:00:00-05:00,12.09577226078852,12.602602389081408,12.036145473584904,12.274653434753418,7988400,0.0,0.0
2004-11-03 00:00:00-05:00,12.692045195060352,12.755931980111521,12.053183843382397,12.142624855041504,7161400,0.0,0.0
2004-11-04 00:00:00-05:00,12.06170402045934,12.351321340488877,11.720978239456555,12.146885871887207,6867800,0.0,0.0
2004-11-05 00:00:00-05:00,12.321505460313306,12.436500692927494,11.899857086415468,12.019110679626465,6206000,0.0,0.0
2004-11-08 00:00:00-05:00,11.921153905366298,12.206512036535306,11.5846873159202,11.776345252990723,6928400,0.0,0.0
2004-11-09 00:00:00-05:00,11.720976986706283,12.104293652453714,11.593204223220969,11.90837574005127,6416400,0.0,0.0
2004-11-10 00:00:00-05:00,11.823195350039967,12.031889981439049,11.669868350500112,11.776345252990723,6941200,0.0,0.0
2004-11-11 00:00:00-05:00,11.925414962229205,12.202254789952926,11.831715565687853,12.125591278076172,7304200,0.0,0.0
2004-11-12 00:00:00-05:00,12.19799652851726,13.279802499547818,12.159664769710384,13.11795711517334,18434600,0.0,0.0
2004-11-15 00:00:00-05:00,12.964633537311224,13.062592135423175,12.594093397366269,12.790011405944824,12930400,0.0,0.0
2004-11-16 00:00:00-05:00,12.564275638426398,12.760192766925998,12.308730886699394,12.517425537109375,16339600,0.0,0.0
2004-11-17 00:00:00-05:00,12.70482566829134,13.007220534147,12.572794519041103,12.794266700744629,12006800,0.0,0.0
2004-11-18 00:00:00-05:00,12.594089861432996,13.169065387055829,12.534463046689172,12.926298141479492,16135800,0.0,0.0
2004-11-19 00:00:00-05:00,13.382019015437011,13.607750372841943,12.87944783517792,13.134992599487305,24370600,0.0,0.0
2004-11-22 00:00:00-05:00,13.07536633607469,13.279801831185969,12.841116620449544,13.152029037475586,5700200,0.0,0.0
2004-11-23 00:00:00-05:00,13.20739572765797,13.522567276945194,13.032773664030646,13.347945213317871,9194400,0.0,0.0
2004-11-24 00:00:00-05:00,13.50127457659142,13.633304925358487,13.288320724041743,13.373501777648926,5378000,0.0,0.0
2004-11-26 00:00:00-05:00,13.237210469283687,13.594972980266036,13.220174584755888,13.428869247436523,1409800,0.0,0.0
2004-11-29 00:00:00-05:00,13.565159510220754,13.629045498524203,13.049810804883512,13.130733489990234,4880000,0.0,0.0
2004-11-30 00:00:00-05:00,13.309618072787893,13.790894317218491,13.20314112820559,13.654603958129883,9151000,0.0,0.0
2004-12-01 00:00:00-05:00,13.744039273272953,14.225315345126237,13.744039273272953,14.110320091247559,12799400,0.0,0.0
2004-12-02 00:00:00-05:00,14.144389313537687,14.663997043267626,14.093280862571772,14.38715648651123,10023800,0.0,0.0
2004-12-03 00:00:00-05:00,14.455301730419874,14.68955218379362,14.434006677760907,14.489375114440918,7039000,0.0,0.0
2004-12-06 00:00:00-05:00,14.591599581945813,14.689559799438555,14.276428739896073,14.540491104125977,4219400,0.0,0.0
2004-12-07 00:00:00-05:00,14.676777618186698,14.864178028968734,14.221056550581132,14.246611595153809,8044400,0.0,0.0
2004-12-08 00:00:00-05:00,14.242351095608544,14.476601600646973,13.974030448451543,14.476601600646973,6031200,0.0,0.0
2004-12-09 00:00:00-05:00,13.969769363970665,14.523448935235836,13.969769363970665,14.425490379333496,9685600,0.0,0.0
2004-12-10 00:00:00-05:00,14.425495511898898,14.638449393900927,14.272168456903968,14.314760208129883,3425000,0.0,0.0
2004-12-13 00:00:00-05:00,14.493639611428465,14.808812048227814,14.472344549753563,14.621413230895996,4226400,0.0,0.0
2004-12-14 00:00:00-05:00,14.629932753362013,14.898255130960253,14.60011933637436,14.859923362731934,4268600,0.0,0.0
2004-12-15 00:00:00-05:00,14.859914642936749,15.102681824357248,14.642702500242562,15.077128410339355,4636200,0.0,0.0
2004-12-16 00:00:00-05:00,15.021766177159703,15.307123582954866,14.787517245220121,15.000471115112305,6688800,0.0,0.0
2004-12-17 00:00:00-05:00,14.864177576141131,15.145276559041893,14.715108924404992,15.068613052368164,5144000,0.0,0.0
2004-12-20 00:00:00-05:00,15.068616424807576,15.281570296626246,14.625671981494559,14.736407279968262,6459800,0.0,0.0
2004-12-21 00:00:00-05:00,14.668257552334241,14.915284746816699,14.374381885351049,14.88547134399414,5499400,0.0,0.0
2004-12-22 00:00:00-05:00,14.83010750347539,14.915289377144678,14.536231745260904,14.736407279968262,4194800,0.0,0.0
2004-12-23 00:00:00-05:00,14.740659902292728,15.21767588191414,14.540482842891723,15.136754035949707,4491200,0.0,0.0
2004-12-27 00:00:00-05:00,15.238979688507214,15.247498038982895,14.83010861392995,14.928067207336426,2620800,0.0,0.0
2004-12-28 00:00:00-05:00,15.026024539685547,15.119724762345017,14.821589019554143,15.000471115112305,2930200,0.0,0.0
2004-12-29 00:00:00-05:00,14.915287012042267,15.115464139716838,14.893991953178958,15.013245582580566,2175600,0.0,0.0
2004-12-30 00:00:00-05:00,15.008992213930888,15.417863329082827,14.94936375468385,15.094172477722168,4055800,0.0,0.0
2004-12-31 00:00:00-05:00,15.119721747580835,15.29434382108567,15.013244833865476,15.106945037841797,2391600,0.0,0.0
2005-01-03 00:00:00-05:00,15.162314984520954,15.264533557602428,14.531971720527652,14.791775703430176,6209400,0.0,0.0
2005-01-04 00:00:00-05:00,14.595855324324951,14.855659250135064,13.735521678490134,13.961252212524414,10233800,0.0,0.0
2005-01-05 00:00:00-05:00,13.922921585544543,14.336052558352165,13.820704651364826,14.01236343383789,7738200,0.0,0.0
2005-01-06 00:00:00-05:00,14.089023845615815,14.28494094692663,14.003842002743303,14.07198715209961,7036600,0.0,0.0
2005-01-07 00:00:00-05:00,14.399937642390242,14.838621984039808,14.289200748082848,14.69381332397461,11718400,0.0,0.0
2005-01-10 00:00:00-05:00,14.625669738444701,14.80455018347821,14.50215612180222,14.608633041381836,5069600,0.0,0.0
2005-01-11 00:00:00-05:00,14.55327157916839,14.693821960389261,14.370132684250027,14.595863342285156,5492000,0.0,0.0
2005-01-12 00:00:00-05:00,14.659742193184798,14.804550875571044,14.297721299573649,14.723628997802734,4822200,0.0,0.0
2005-01-13 00:00:00-05:00,14.77473531867534,14.90676727082636,14.612891586668058,14.685295104980469,5063600,0.0,0.0
2005-01-14 00:00:00-05:00,14.779001463009646,15.119727389089507,14.727892980275008,14.859923362731934,5239200,0.0,0.0
2005-01-18 00:00:00-05:00,14.693816346972246,15.153797464650836,14.693816346972246,15.123982429504395,7267200,0.0,0.0
2005-01-19 00:00:00-05:00,15.119722666598612,15.119722666598612,14.48511950741032,14.514934539794922,5267600,0.0,0.0
2005-01-20 00:00:00-05:00,14.416973583225248,14.719369255389658,14.029397679169907,14.101802825927734,9038400,0.0,0.0
2005-01-21 00:00:00-05:00,14.118838929450186,14.21679749177927,13.437385729970156,13.577935218811035,16825800,0.0,0.0
2005-01-24 00:00:00-05:00,13.475719868715068,13.624787731724336,13.232952600672158,13.360725402832031,8222600,0.0,0.0
2005-01-25 00:00:00-05:00,13.394796084658648,13.841998797799652,13.394796084658648,13.663118362426758,7405200,0.0,0.0
2005-01-26 00:00:00-05:00,13.68015247954858,14.161428551401864,13.629044019394275,14.110320091247559,8447800,0.0,0.0
2005-01-27 00:00:00-05:00,14.11032209763217,14.225317367862335,13.871813208483434,14.157172203063965,5397800,0.0,0.0
2005-01-28 00:00:00-05:00,14.204017971445564,14.267904762054611,13.663116743045547,13.939955711364746,5481400,0.0,0.0
2005-01-31 00:00:00-05:00,14.118839621708014,14.429752019486003,14.054952822630721,14.246611595153809,4700800,0.0,0.0
2005-02-01 00:00:00-05:00,14.22531713089514,14.608633067234809,14.144393632057753,14.216798782348633,5584600,0.0,0.0
2005-02-02 00:00:00-05:00,14.357344457307729,14.395676205364934,13.91440017413748,14.07198715209961,5440200,0.0,0.0
2005-02-03 00:00:00-05:00,14.012362797243501,14.05495291376533,13.73978052749387,13.786630630493164,5717400,0.0,0.0
2005-02-04 00:00:00-05:00,13.91866614573879,14.54475109169134,13.91866614573879,14.540491104125977,7231000,0.0,0.0
2005-02-07 00:00:00-05:00,14.634188308447017,15.111204460464295,14.557524795212775,14.74492359161377,6784400,0.0,0.0
2005-02-08 00:00:00-05:00,14.757697805179916,15.221937116900525,14.749179458898716,15.162308692932129,7892600,0.0,0.0
2005-02-09 00:00:00-05:00,15.102686667568305,15.162313485676064,14.587338739969598,14.727889060974121,5655000,0.0,0.0
2005-02-10 00:00:00-05:00,14.81732947314778,15.077133433611785,14.57030222394956,14.706592559814453,7854600,0.0,0.0
2005-02-11 00:00:00-05:00,14.638445272694486,15.635069224869751,14.438269784770844,15.426375389099121,19886000,0.0,0.0
2005-02-14 00:00:00-05:00,15.520072873140746,15.843763569698403,15.439151011355637,15.686178207397461,9148200,0.0,0.0
2005-02-15 00:00:00-05:00,15.77988215346037,16.218568250239777,15.622296737474516,15.754328727722168,6651400,0.0,0.0
2005-02-16 00:00:00-05:00,15.750066211215454,15.920429937423304,15.43063544310741,15.528594017028809,7521200,0.0,0.0
2005-02-17 00:00:00-05:00,15.715995710915116,15.843767703542671,15.503041848299512,15.571187019348145,8194000,0.0,0.0
2005-02-18 00:00:00-05:00,15.494523228178807,15.945984369224194,15.460449830895152,15.826730728149414,6884000,0.0,0.0
2005-02-22 00:00:00-05:00,15.750064906345179,16.04394060376219,15.336933960579236,15.345452308654785,9255600,0.0,0.0
2005-02-23 00:00:00-05:00,15.507300281431103,15.52433698044825,15.200646197958651,15.319901466369629,6109600,0.0,0.0
2005-02-24 00:00:00-05:00,15.19211974615665,15.515810356014889,15.141011301071519,15.39229679107666,11426800,0.0,0.0
2005-02-25 00:00:00-05:00,15.843762979759243,16.035421723912457,15.34545024496089,15.967276573181152,12137600,0.0,0.0
2005-02-28 00:00:00-05:00,15.93320271609172,16.312260207412386,15.22193782783088,15.583958625793457,10681000,0.0,0.0
2005-03-01 00:00:00-05:00,15.622299287586484,16.0780205343448,15.571190803058201,15.954506874084473,7455200,0.0,0.0
2005-03-02 00:00:00-05:00,15.911915351381593,16.346341493703683,15.839510181973267,16.035429000854492,9626200,0.0,0.0
2005-03-03 00:00:00-05:00,16.197261455528995,16.286703263929105,15.673395433565606,15.8650541305542,5818800,0.0,0.0
2005-03-04 00:00:00-05:00,16.078017875133323,16.099312938105573,15.899137396515416,15.992835998535156,4745000,0.0,0.0
2005-03-07 00:00:00-05:00,15.920431327286794,16.567811268800828,15.920431327286794,16.295228958129883,8733400,0.0,0.0
2005-03-08 00:00:00-05:00,16.325040763837656,16.50392119434195,16.03542343612799,16.16745376586914,6478200,0.0,0.0
2005-03-09 00:00:00-05:00,16.28245096572015,16.444296344548153,15.9076517396428,15.971538543701172,5642200,0.0,0.0
2005-03-10 00:00:00-05:00,16.11209038980881,16.299489208254208,15.72451279136082,16.137643814086914,4437600,0.0,0.0
2005-03-11 00:00:00-05:00,16.222824972958268,16.397447071589433,15.54137327700958,15.724512100219727,7761800,0.0,0.0
2005-03-14 00:00:00-05:00,15.801172356645774,15.886354207229173,15.558405138543716,15.7500638961792,4353400,0.0,0.0
2005-03-15 00:00:00-05:00,15.805430734484581,15.91616599167908,15.332673055325357,15.388041496276855,7176600,0.0,0.0
2005-03-16 00:00:00-05:00,15.18360844191924,15.59247939786163,15.00046802160382,15.256011962890625,7486400,0.0,0.0
2005-03-17 00:00:00-05:00,15.170833342895447,15.405082276482478,15.14953828069828,15.230460166931152,4338600,0.0,0.0
2005-03-18 00:00:00-05:00,15.243235279920297,15.34119384507533,15.030281453572293,15.10268497467041,6482000,0.0,0.0
2005-03-21 00:00:00-05:00,15.145279304959141,15.383786591445578,15.051579085434307,15.217682838439941,4927200,0.0,0.0
2005-03-22 00:00:00-05:00,15.758580905875231,16.346333837823558,15.728767504408365,15.775617599487305,15938000,0.0,0.0
2005-03-23 00:00:00-05:00,15.920430324952708,16.286711207919232,15.77988000370367,15.813953399658203,10411000,0.0,0.0
2005-03-24 00:00:00-05:00,15.886357437701344,16.20578822381347,15.84802567837953,15.877839088439941,5636000,0.0,0.0
2005-03-28 00:00:00-05:00,15.958763216615539,16.180235431924594,15.907653119053332,16.005613327026367,6219800,0.0,0.0
2005-03-29 00:00:00-05:00,15.984312237505026,16.244116142063284,15.554146262129388,15.686178207397461,5964600,0.0,0.0
2005-03-30 00:00:00-05:00,15.775622889335168,16.146162163749306,15.733031141023211,16.137643814086914,4087000,0.0,0.0
2005-03-31 00:00:00-05:00,16.1802385638326,16.401709197301287,16.060983271146338,16.32930564880371,6665200,0.0,0.0
2005-04-01 00:00:00-05:00,16.414487304040634,16.469854149268958,15.90339760969211,16.048206329345703,6508400,0.0,0.0
2005-04-04 00:00:00-04:00,16.035421504281423,16.039679865333813,15.686177408478388,15.873576164245605,5958000,0.0,0.0
2005-04-05 00:00:00-04:00,15.873572190480305,16.0780075886961,15.609510004206747,15.728763580322266,4767200,0.0,0.0
2005-04-06 00:00:00-04:00,15.865062487739023,16.141903154187197,15.78414060625385,15.826730728149414,4014200,0.0,0.0
2005-04-07 00:00:00-04:00,15.784136313642387,16.103567015114606,15.771357980781675,16.056716918945312,4577200,0.0,0.0
2005-04-08 00:00:00-04:00,16.031167811061334,16.124868038078343,15.468969698377611,15.498783111572266,12587400,0.0,0.0
2005-04-11 00:00:00-04:00,15.532848901027746,15.622289096785575,14.83861913815143,15.09842300415039,18700200,0.0,0.0
2005-04-12 00:00:00-04:00,15.128235634414182,15.166567377036253,14.527706083140595,14.940836906433105,16259400,0.0,0.0
2005-04-13 00:00:00-04:00,14.855656673728976,15.200640769730828,14.715106394092322,14.842878341674805,6179800,0.0,0.0
2005-04-14 00:00:00-04:00,14.757698459543063,14.991947306183262,14.536226320536974,14.676774978637695,7766600,0.0,0.0
2005-04-15 00:00:00-04:00,14.395680909110508,14.566044650521373,13.888851296712208,14.020881652832031,12344800,0.0,0.0
2005-04-18 00:00:00-04:00,13.982552867755729,14.2466152302144,13.96977452985457,14.152915000915527,6115400,0.0,0.0
2005-04-19 00:00:00-04:00,14.340310068094444,14.617150695737699,14.32327499654944,14.493637084960938,8233000,0.0,0.0
2005-04-20 00:00:00-04:00,14.710850771008024,14.864177786525643,14.152911158920856,14.306238174438477,6903400,0.0,0.0
2005-04-21 00:00:00-04:00,14.69381629973696,14.838624989128526,14.54474924802903,14.783256530761719,5002600,0.0,0.0
2005-04-22 00:00:00-04:00,14.78325130639921,15.000465076078282,14.651221000033926,14.957873344421387,5684200,0.0,0.0
2005-04-25 00:00:00-04:00,15.034540771194123,15.200644506353822,14.770478464650727,15.004727363586426,4846800,0.0,0.0
2005-04-26 00:00:00-04:00,14.88121198576081,14.906767028418935,14.297718988423982,14.549004554748535,9281200,0.0,0.0
2005-04-27 00:00:00-04:00,14.374381032804582,14.56603977151701,14.24660908189913,14.331790924072266,6000200,0.0,0.0
2005-04-28 00:00:00-04:00,14.267907486595483,14.625670007964143,14.097543762245117,14.157172203063965,6416200,0.0,0.0
2005-04-29 00:00:00-04:00,14.297718196391571,14.468081888590978,13.709965245483053,14.233831405639648,10483200,0.0,0.0
2005-05-02 00:00:00-04:00,14.395682818062307,14.53197317938028,14.331797625093468,14.416977882385254,5769000,0.0,0.0
2005-05-03 00:00:00-04:00,14.357346090059828,14.625668356974517,14.020878666039202,14.127355575561523,10129800,0.0,0.0
2005-05-04 00:00:00-04:00,14.208279960005497,14.600114231825364,14.140134798614703,14.53196907043457,11260800,0.0,0.0
2005-05-05 00:00:00-04:00,14.510675968367444,14.693816418927904,14.246613635467556,14.378643989562988,6845200,0.0,0.0
2005-05-06 00:00:00-04:00,14.52344999979943,14.566041738993235,14.319014525795332,14.472341537475586,5352400,0.0,0.0
2005-05-09 00:00:00-04:00,14.48085764430616,14.651221325299035,14.246608801472314,14.638442993164062,6693000,0.0,0.0
2005-05-10 00:00:00-04:00,14.51067329039565,14.642705244833362,14.38290132223168,14.472341537475586,4485200,0.0,0.0
2005-05-11 00:00:00-04:00,14.557524112041074,14.736404551387022,14.374383686210429,14.629927635192871,6084200,0.0,0.0
2005-05-12 00:00:00-04:00,14.719368379287813,15.179347778014069,14.719368379287813,14.987689018249512,6714200,0.0,0.0
2005-05-13 00:00:00-04:00,15.277304894800645,15.745804221582578,15.200641398140121,15.566922187805176,9608400,0.0,0.0
2005-05-16 00:00:00-04:00,15.690445276272904,15.92469426908905,15.349719320839464,15.920435905456543,7994200,0.0,0.0
2005-05-17 00:00:00-04:00,15.886356375154094,16.26541395603406,15.775621091580296,16.23986053466797,8419000,0.0,0.0
2005-05-18 00:00:00-04:00,16.359118078768255,16.93835293063814,16.261159482453387,16.427263259887695,14060800,0.0,0.0
2005-05-19 00:00:00-04:00,16.388927200710842,16.729653017051316,16.163196652018186,16.405963897705078,11749000,0.0,0.0
2005-05-20 00:00:00-04:00,16.5252188412501,17.032050056521797,16.290969925434023,17.027790069580078,15122600,0.0,0.0
2005-05-23 00:00:00-04:00,16.98945403321532,17.240739584114156,16.925568867554745,16.951122283935547,10216000,0.0,0.0
2005-05-24 00:00:00-04:00,16.874458565732564,17.709238691992027,16.870200204627384,17.66664695739746,10984800,0.0,0.0
2005-05-25 00:00:00-04:00,17.568698677449444,17.61554880054283,17.07890400383069,17.287599563598633,8186200,0.0,0.0
2005-05-26 00:00:00-04:00,17.44944212611487,17.560177433151864,17.25778330171504,17.33018684387207,5332000,0.0,0.0
2005-05-27 00:00:00-04:00,17.37703142569306,17.394068121261025,17.117227504762035,17.227964401245117,3372400,0.0,0.0
2005-05-31 00:00:00-04:00,17.4196234014451,17.504803631025602,17.16407783857739,17.46221351623535,5004800,0.0,0.0
2005-06-01 00:00:00-04:00,17.398331995849468,17.589990819948717,17.087419514403678,17.245006561279297,7464000,0.0,0.0
2005-06-02 00:00:00-04:00,17.16833698547639,17.462212662461727,17.112968539189186,17.411104202270508,4215600,0.0,0.0
2005-06-03 00:00:00-04:00,17.449432355343735,17.462209061579692,17.074633266908574,17.08740997314453,4372600,0.0,0.0
2005-06-06 00:00:00-04:00,17.155559875986704,17.223705036006866,16.91705262827052,17.044824600219727,4523000,0.0,0.0
2005-06-07 00:00:00-04:00,17.08741247766507,17.466469982168313,16.83612692837403,16.904272079467773,6942200,0.0,0.0
2005-06-08 00:00:00-04:00,17.04908358997611,17.17259720478422,16.7296528359813,16.861684799194336,3475600,0.0,0.0
2005-06-09 00:00:00-04:00,16.929835420069036,17.423888413880164,16.733918217716724,17.41963005065918,6546200,0.0,0.0
2005-06-10 00:00:00-04:00,17.33868956138846,17.457944736107923,17.07462743291638,17.151290893554688,5607400,0.0,0.0
2005-06-13 00:00:00-04:00,17.193894666016885,17.23222642684087,16.912795628210663,17.078899383544922,3438000,0.0,0.0
2005-06-14 00:00:00-04:00,17.112966405946064,17.112966405946064,16.75946234064413,16.814830780029297,2975400,0.0,0.0
2005-06-15 00:00:00-04:00,16.474112085422618,16.767987851335434,16.33356174648009,16.738174438476562,9292600,0.0,0.0
2005-06-16 00:00:00-04:00,16.71262119468025,16.88724331105583,16.614660980268603,16.83187484741211,2732600,0.0,0.0
2005-06-17 00:00:00-04:00,16.989468520466172,16.989468520466172,16.414493415685662,16.610410690307617,8588800,0.0,0.0
2005-06-20 00:00:00-04:00,16.444292178470167,16.58484083719881,16.25263343955974,16.49114227294922,4330200,0.0,0.0
2005-06-21 00:00:00-04:00,16.44003478570415,16.865942439475848,16.44003478570415,16.80205726623535,4686800,0.0,0.0
2005-06-22 00:00:00-04:00,16.94260073618591,16.976674117868082,16.555024955446633,16.674280166625977,5000400,0.0,0.0
2005-06-23 00:00:00-04:00,16.73391387681269,17.39832884716789,16.73391387681269,16.810577392578125,8992600,0.0,0.0
2005-06-24 00:00:00-04:00,16.814833146072292,17.02352860099245,16.56780756392482,16.695579528808594,4308000,0.0,0.0
2005-06-27 00:00:00-04:00,16.68279808665806,16.759461576245997,16.444290896569708,16.503917694091797,4064400,0.0,0.0
2005-06-28 00:00:00-04:00,16.567808436022496,16.576325159382193,16.12060409832628,16.495403289794922,9362800,0.0,0.0
2005-06-29 00:00:00-04:00,16.448553784755692,16.50392223685587,16.16745478712921,16.367631912231445,4689800,0.0,0.0
2005-06-30 00:00:00-04:00,16.397443394395278,16.60187885733439,16.15893454194533,16.17171287536621,3758400,0.0,0.0
2005-07-01 00:00:00-04:00,16.248384658793313,16.278198077456757,15.890622010122522,16.184497833251953,3693200,0.0,0.0
2005-07-05 00:00:00-04:00,16.086535285408853,16.69558347414477,16.02264847551552,16.68706512451172,4992400,0.0,0.0
2005-07-06 00:00:00-04:00,16.61040378729993,17.032053213695782,16.567813658241846,16.912797927856445,5363600,0.0,0.0
2005-07-07 00:00:00-04:00,16.716882701123737,17.040571944286068,16.57207397069887,16.95965003967285,5368400,0.0,0.0
2005-07-08 00:00:00-04:00,17.04482641022239,17.130008275470313,16.79779916347431,16.997976303100586,4833000,0.0,0.0
2005-07-11 00:00:00-04:00,17.091679586438218,17.25778335990843,16.938352526401335,17.13426971435547,6828200,0.0,0.0
2005-07-12 00:00:00-04:00,17.142788007075143,17.355741895361792,17.03631106293182,17.33018684387207,6173800,0.0,0.0
2005-07-13 00:00:00-04:00,17.36000268025437,17.696470260620117,17.266304061138065,17.696470260620117,7966200,0.0,0.0
2005-07-14 00:00:00-04:00,17.790164472343008,17.95200985006264,17.51332382293118,17.9094181060791,8186400,0.0,0.0
2005-07-15 00:00:00-04:00,18.075519816141068,18.08403816398125,17.713498968831324,17.862565994262695,7067400,0.0,0.0
2005-07-18 00:00:00-04:00,17.802937046750927,17.888118890217477,17.666646747087857,17.82423210144043,3636000,0.0,0.0
2005-07-19 00:00:00-04:00,18.365145566442568,18.365145566442568,17.81146570057348,17.93071937561035,3698400,0.0,0.0
2005-07-20 00:00:00-04:00,17.756089135952156,18.03718811667643,17.496286837245822,18.020153045654297,6306200,0.0,0.0
2005-07-21 00:00:00-04:00,18.037194215522824,18.079785969251358,17.61128642649315,17.7518367767334,6923000,0.0,0.0
2005-07-22 00:00:00-04:00,18.079778453790826,18.812338441606656,18.037186717766964,18.237363815307617,10552000,0.0,0.0
2005-07-25 00:00:00-04:00,18.318284623071445,18.43753985237042,18.084035774893668,18.288471221923828,6510800,0.0,0.0
2005-07-26 00:00:00-04:00,18.407724442859063,18.62067821336985,18.30124755760367,18.54827308654785,6043400,0.0,0.0
2005-07-27 00:00:00-04:00,18.32254901862207,18.974187264410137,18.186258687799846,18.906042098999023,6443800,0.0,0.0
2005-07-28 00:00:00-04:00,18.84641180317269,18.889001914426363,18.60364459466783,18.795303344726562,4492800,0.0,0.0
2005-07-29 00:00:00-04:00,18.786782638670807,18.83789109069977,18.561052152893517,18.607900619506836,2744800,0.0,0.0
2005-08-01 00:00:00-04:00,18.680311368860487,19.195659279016482,18.650497960815684,19.16584587097168,5436800,0.0,0.0
2005-08-02 00:00:00-04:00,19.08066035853298,19.45971786662185,18.982701804453384,19.10195541381836,7426400,0.0,0.0
2005-08-03 00:00:00-04:00,19.07640077333017,19.10195418814957,18.78252350523932,19.021032333374023,4584400,0.0,0.0
2005-08-04 00:00:00-04:00,18.825114905385686,18.842151598103445,18.237362004290564,18.339580535888672,6487400,0.0,0.0
2005-08-05 00:00:00-04:00,18.326805090508863,18.484392085905764,18.045706115225904,18.382173538208008,3484200,0.0,0.0
2005-08-08 00:00:00-04:00,18.441800837688746,18.569572807176307,18.18625689871362,18.207551956176758,2951000,0.0,0.0
2005-08-09 00:00:00-04:00,18.335321445595326,19.02529128726858,18.314026391012597,18.837892532348633,7621400,0.0,0.0
2005-08-10 00:00:00-04:00,18.825111874666096,19.059360675343203,18.399204373541107,18.446054458618164,5061000,0.0,0.0
2005-08-11 00:00:00-04:00,18.48864886025017,18.786784505340854,18.424762070334825,18.77400779724121,5147400,0.0,0.0
2005-08-12 00:00:00-04:00,18.629198142197513,19.021032333374023,18.335320874106664,19.021032333374023,7185600,0.0,0.0
2005-08-15 00:00:00-04:00,18.910295887632696,19.22120820445952,18.880482489081384,19.191394805908203,3732200,0.0,0.0
2005-08-16 00:00:00-04:00,19.13177412623057,19.161589161555625,18.569576062172562,18.688831329345703,5771200,0.0,0.0
2005-08-17 00:00:00-04:00,18.739942390609716,18.84216097306693,18.42051155440614,18.505693435668945,7785800,0.0,0.0
2005-08-18 00:00:00-04:00,18.561050851188224,18.731412887573242,18.27143360215458,18.731412887573242,8378200,0.0,0.0
2005-08-19 00:00:00-04:00,19.144555584757693,19.35750948086243,18.735684494166826,18.825124740600586,12526800,0.0,0.0
2005-08-22 00:00:00-04:00,19.21695649473662,19.523610582989086,18.99548427818863,19.502315521240234,10232800,0.0,0.0
2005-08-23 00:00:00-04:00,19.608786613329933,19.9835841376447,19.58749155792478,19.90266227722168,10041600,0.0,0.0
2005-08-24 00:00:00-04:00,19.826002595399807,20.141175000090257,19.65564049464756,19.706748962402344,7157000,0.0,0.0
2005-08-25 00:00:00-04:00,19.8472933802877,19.868590059915235,19.617304512570648,19.7706298828125,3735200,0.0,0.0
2005-08-26 00:00:00-04:00,19.80470638268814,19.80470638268814,19.19139993121619,19.319171905517578,6385600,0.0,0.0
2005-08-29 00:00:00-04:00,19.216960729776247,19.791937271963118,19.136038827413394,19.766382217407227,5803000,0.0,0.0
2005-08-30 00:00:00-04:00,19.591754694298245,20.06025252623483,19.52360952556731,20.047475814819336,8442200,0.0,0.0
2005-08-31 00:00:00-04:00,20.055987392578203,20.124132538301577,19.787665170482487,20.09857749938965,6998400,0.0,0.0
2005-09-01 00:00:00-04:00,20.055994128473575,20.230616224581606,19.706749936257516,19.749340057373047,5623400,0.0,0.0
2005-09-02 00:00:00-04:00,19.830258311177634,19.830258311177634,19.574712778024125,19.7706298828125,4046400,0.0,0.0
2005-09-06 00:00:00-04:00,19.868596356877045,19.91970482982216,19.463983686348016,19.75360107421875,5705400,0.0,0.0
2005-09-07 00:00:00-04:00,19.77489151907336,19.834518327706522,19.455460794502557,19.787668228149414,5909000,0.0,0.0
2005-09-08 00:00:00-04:00,19.804705217222367,20.251907913314678,19.651378207200157,20.17950439453125,5920800,0.0,0.0
2005-09-09 00:00:00-04:00,20.273209020162923,20.422277713150546,20.188028766694785,20.405241012573242,7770800,0.0,0.0
2005-09-12 00:00:00-04:00,20.426534654867083,20.533011589003852,20.15821395063297,20.285985946655273,4278000,0.0,0.0
2005-09-13 00:00:00-04:00,20.213578905425685,20.230615603232234,19.757857799708535,19.877111434936523,8039600,0.0,0.0
2005-09-14 00:00:00-04:00,19.800447176763125,19.953772564562765,19.30639437240766,19.408611297607422,6870200,0.0,0.0
2005-09-15 00:00:00-04:00,19.395831730693637,19.63433893749477,19.118991151704037,19.255281448364258,6439400,0.0,0.0
2005-09-16 00:00:00-04:00,19.208433796396292,20.081545752812332,19.14454862561304,20.077285766601562,12746800,0.0,0.0
2005-09-19 00:00:00-04:00,20.017664896685698,20.230618778565333,19.591757132926425,19.676939010620117,6387000,0.0,0.0
2005-09-20 00:00:00-04:00,19.838780380113167,19.889888846449097,19.374540947063934,19.387317657470703,4471000,0.0,0.0
2005-09-21 00:00:00-04:00,19.587492277711036,19.587492277711036,19.182879711310353,19.26380157470703,5120200,0.0,0.0
2005-09-22 00:00:00-04:00,19.331951681704577,19.370283442545535,18.271442339619895,18.522727966308594,14086800,0.0,0.0
2005-09-23 00:00:00-04:00,18.565313593769897,19.050848030371018,18.45031833909458,18.995479583740234,8214400,0.0,0.0
2005-09-26 00:00:00-04:00,19.216952814610753,19.544901901808462,18.867708669742285,18.944372177124023,9672800,0.0,0.0
2005-09-27 00:00:00-04:00,19.029553191613296,19.038071539246932,18.505686997459872,18.641977310180664,5694400,0.0,0.0
2005-09-28 00:00:00-04:00,18.744201891675537,19.14029628259501,18.705870124015284,19.025300979614258,5950400,0.0,0.0
2005-09-29 00:00:00-04:00,18.986956187562445,18.99547290739658,18.676042298249495,18.803815841674805,6469200,0.0,0.0
2005-09-30 00:00:00-04:00,18.89752680970113,19.728047264595823,18.816604920395896,19.638607025146484,9802200,0.0,0.0
2005-10-03 00:00:00-04:00,19.596014247016612,19.919705036684938,19.54916576074403,19.63434600830078,5950800,0.0,0.0
2005-10-04 00:00:00-04:00,19.745079274947013,20.251908802818082,19.557678865707228,19.587493896484375,6981600,0.0,0.0
2005-10-05 00:00:00-04:00,19.698232243853038,19.74934071583748,18.923080315801382,19.072147369384766,8097000,0.0,0.0
2005-10-06 00:00:00-04:00,19.14028959917943,19.14028959917943,18.45031964692831,18.676050186157227,9063200,0.0,0.0
2005-10-07 00:00:00-04:00,18.7441918851364,19.033809169578095,18.46309294726163,18.705860137939453,5196400,0.0,0.0
2005-10-10 00:00:00-04:00,18.739931612467355,18.825113444738413,18.31402407582037,18.416242599487305,5418600,0.0,0.0
2005-10-11 00:00:00-04:00,18.424765577748964,18.629202694512138,17.828495798767783,18.18625831604004,9437600,0.0,0.0
2005-10-12 00:00:00-04:00,17.99886128279035,18.25866527721079,17.802944102466775,17.913681030273438,9426800,0.0,0.0
2005-10-13 00:00:00-04:00,18.01163204462967,18.590866616486352,17.683683011307625,18.50142478942871,6919000,0.0,0.0
2005-10-14 00:00:00-04:00,18.49717149959669,18.63346183331508,18.30977269691114,18.544021606445312,5499800,0.0,0.0
2005-10-17 00:00:00-04:00,18.54401239156104,18.799556234121027,18.424757190286,18.778261184692383,3940400,0.0,0.0
2005-10-18 00:00:00-04:00,18.761227572273107,18.910296192138443,18.590865524194943,18.718637466430664,4730200,0.0,0.0
2005-10-19 00:00:00-04:00,18.667534658186682,19.16584587097168,18.2586620448272,19.16584587097168,9558200,0.0,0.0
2005-10-20 00:00:00-04:00,19.26806706052043,19.591756231207505,19.05085320116342,19.225475311279297,5726800,0.0,0.0
2005-10-21 00:00:00-04:00,19.578976437116506,19.583234799015813,19.191400515925597,19.387317657470703,6372400,0.0,0.0
2005-10-24 00:00:00-04:00,19.331950630831123,19.860076904296875,19.199920280996412,19.860076904296875,5865200,0.0,0.0
2005-10-25 00:00:00-04:00,19.787669155916863,20.07302812809468,19.574715329551744,19.745079040527344,6019600,0.0,0.0
2005-10-26 00:00:00-04:00,19.651381270052905,19.97507203604087,19.33621047784821,19.374542236328125,5194400,0.0,0.0
2005-10-27 00:00:00-04:00,19.395838491342523,19.43417025218348,18.522727966308594,18.522727966308594,6583200,0.0,0.0
2005-10-28 00:00:00-04:00,18.654755631527387,18.978446370745985,17.722018418599106,18.910301208496094,12399000,0.0,0.0
2005-10-31 00:00:00-05:00,19.144557178932025,19.86434082280734,19.140297190817996,19.766382217407227,8814600,0.0,0.0
2005-11-01 00:00:00-05:00,19.715267755311338,19.75785787528169,19.366023572485883,19.429908752441406,4532000,0.0,0.0
2005-11-02 00:00:00-05:00,19.468241667116647,20.153953362463778,19.455464955308127,20.060253143310547,5823400,0.0,0.0
2005-11-03 00:00:00-05:00,20.27320131290684,21.346488670607823,20.251906257635536,20.41375160217285,11466200,0.0,0.0
2005-11-04 00:00:00-05:00,20.550045233086216,20.848180929285192,20.38394150048204,20.78429412841797,4939800,0.0,0.0
2005-11-07 00:00:00-05:00,20.967435826556997,21.065394402360766,20.78003702389443,20.826887130737305,3766200,0.0,0.0
2005-11-08 00:00:00-05:00,20.750228856567524,20.99725453953605,20.639491917019047,20.890777587890625,3680200,0.0,0.0
2005-11-09 00:00:00-05:00,20.690597732946028,21.103727114856397,20.58412080338095,21.06539535522461,5350600,0.0,0.0
2005-11-10 00:00:00-05:00,21.099466826405408,21.687218254159152,20.690595844130925,21.670183181762695,8264000,0.0,0.0
2005-11-11 00:00:00-05:00,21.708517346538674,21.802215941596426,21.082432468477013,21.19742774963379,5115400,0.0,0.0
2005-11-14 00:00:00-05:00,21.252786774414677,21.444443866552614,21.09094145522136,21.188899993896484,3576000,0.0,0.0
2005-11-15 00:00:00-05:00,21.28260472141416,21.30815813931705,20.916323900858487,21.052614212036133,4189600,0.0,0.0
2005-11-16 00:00:00-05:00,21.14631157066953,21.24427011713011,20.877989345759314,21.09520149230957,4105400,0.0,0.0
2005-11-17 00:00:00-05:00,21.295382448509713,21.71703173586205,20.81836633658154,21.504077911376953,9638600,0.0,0.0
2005-11-18 00:00:00-05:00,22.875498547920177,25.051886809594194,22.74346822168023,24.293771743774414,47271200,0.0,0.0
2005-11-21 00:00:00-05:00,24.221371440091563,24.31933002015466,23.850832180773075,24.085081100463867,9240200,0.0,0.0
2005-11-22 00:00:00-05:00,24.102116606314166,24.29377539465225,23.893421120188492,24.14470672607422,6289600,0.0,0.0
2005-11-23 00:00:00-05:00,24.153214786569574,24.28950506139771,23.64212544360995,23.74008560180664,4640800,0.0,0.0
2005-11-25 00:00:00-05:00,23.81250353755541,23.999902372891167,23.60806800135935,23.970088958740234,1853200,0.0,0.0
2005-11-28 00:00:00-05:00,24.10637388090835,24.3832145209865,24.012675296721426,24.251182556152344,7025200,0.0,0.0
2005-11-29 00:00:00-05:00,24.404507321064106,24.476912464338827,23.275853055716283,23.326961517333984,9334400,0.0,0.0
2005-11-30 00:00:00-05:00,23.378070421564168,24.038226947712825,23.088453092399423,23.654911041259766,14356400,0.0,0.0
2005-12-01 00:00:00-05:00,23.948791726216893,24.809125545240093,23.906201602632297,24.779312133789062,10823600,0.0,0.0
2005-12-02 00:00:00-05:00,24.919860506302033,25.315954824207175,24.73246169045696,25.04763412475586,9167400,0.0,0.0
2005-12-05 00:00:00-05:00,25.073183135791314,25.243546847272984,24.73245733753674,25.17540168762207,8966000,0.0,0.0
2005-12-06 00:00:00-05:00,25.311691539741986,25.558717129651377,25.009297500916684,25.098737716674805,9811600,0.0,0.0
2005-12-07 00:00:00-05:00,25.128544000994943,25.29890766105449,24.55356949153345,24.664304733276367,6337800,0.0,0.0
2005-12-08 00:00:00-05:00,24.894301449182777,24.966704966861037,24.276735057001527,24.489688873291016,6132400,0.0,0.0
2005-12-09 00:00:00-05:00,24.4896903987957,25.5502011848502,24.4896903987957,25.511869430541992,8168600,0.0,0.0
2005-12-12 00:00:00-05:00,25.61834492271215,25.801485335936,25.196695648736412,25.53316307067871,5444200,0.0,0.0
2005-12-13 00:00:00-05:00,25.46928039755107,25.631125780137594,25.239289847250586,25.26484489440918,5388400,0.0,0.0
2005-12-14 00:00:00-05:00,25.375575674578517,25.97184534179107,24.809117784782597,25.290393829345703,7882400,0.0,0.0
2005-12-15 00:00:00-05:00,25.298912799648896,25.499088272463037,25.009295493546947,25.0518856048584,3854200,0.0,0.0
2005-12-16 00:00:00-05:00,25.179656008590435,25.588528525590963,24.915593760407067,25.388351440429688,7370400,0.0,0.0
2005-12-19 00:00:00-05:00,25.550206820542552,25.758900709701575,24.689872964409684,24.72820472717285,7578000,0.0,0.0
2005-12-20 00:00:00-05:00,24.813385014692077,25.264847818491212,24.323592072782258,25.111520767211914,6291000,0.0,0.0
2005-12-21 00:00:00-05:00,24.442836386747288,24.608940087278558,23.476025960243486,23.603797912597656,26174400,0.0,0.0
2005-12-22 00:00:00-05:00,23.752871307548983,24.263960844165503,23.544175831243233,24.16600227355957,9297200,0.0,0.0
2005-12-23 00:00:00-05:00,24.144705636846727,24.545059893249515,24.144705636846727,24.251182556152344,4056000,0.0,0.0
2005-12-27 00:00:00-05:00,24.43857749483821,24.617457899306586,23.72731098849335,23.94452476501465,4429400,0.0,0.0
2005-12-28 00:00:00-05:00,24.085078904341437,24.25544262569648,23.395108919800347,24.15748405456543,5261200,0.0,0.0
2005-12-29 00:00:00-05:00,24.174512127998828,24.391725891074845,24.063776878474,24.114885330200195,3720400,0.0,0.0
2005-12-30 00:00:00-05:00,24.0978594676684,24.0978594676684,23.55269648375008,23.889163970947266,3894600,0.0,0.0
2006-01-03 00:00:00-05:00,24.1532299590336,24.919863642699312,23.476036519775217,24.775054931640625,8779000,0.0,0.0
2006-01-04 00:00:00-05:00,24.817642990458644,25.085965308448404,24.485435489420187,24.62598419189453,6692800,0.0,0.0
2006-01-05 00:00:00-05:00,24.81763547008453,25.63963724895396,24.6856035322585,25.622600555419922,8597600,0.0,0.0
2006-01-06 00:00:00-05:00,25.780195080898263,26.3594298694672,25.332992277129602,26.1422176361084,9095800,0.0,0.0
2006-01-09 00:00:00-05:00,26.393490080538484,26.65329393306863,26.19757138250554,26.431821823120117,9012800,0.0,0.0
2006-01-10 00:00:00-05:00,26.785328987741376,27.68399429321289,26.53404343609156,27.68399429321289,17994800,0.0,0.0
2006-01-11 00:00:00-05:00,27.901209175421485,28.70191433350944,27.892689203323577,28.471923828125,18844600,0.0,0.0
2006-01-12 00:00:00-05:00,28.386748430514196,28.412301852318464,27.16013381793304,27.236797332763672,12811400,0.0,0.0
2006-01-13 00:00:00-05:00,27.27086767377896,27.51789490299634,26.542565945776815,27.454008102416992,11398600,0.0,0.0
2006-01-17 00:00:00-05:00,27.356051978361027,27.360308715621066,26.661820373679234,26.815147399902344,7097000,0.0,0.0
2006-01-18 00:00:00-05:00,26.19332315842136,27.377346026813882,25.971850962767203,27.236797332763672,11904600,0.0,0.0
2006-01-19 00:00:00-05:00,27.97787642273369,28.195086999050172,27.67122237450135,27.72658920288086,8943400,0.0,0.0
2006-01-20 00:00:00-05:00,27.662702559006103,27.86713967546601,26.491458061903938,26.58089828491211,9007800,0.0,0.0
2006-01-23 00:00:00-05:00,26.832178243638985,27.25382747376792,26.57663433882107,26.823659896850586,8196800,0.0,0.0
2006-01-24 00:00:00-05:00,26.989767959211733,27.85010162737456,26.98550959748361,27.78621482849121,7517200,0.0,0.0
2006-01-25 00:00:00-05:00,28.143974404394438,28.1695278200512,27.040873678274984,27.38159942626953,6690400,0.0,0.0
2006-01-26 00:00:00-05:00,27.807508397043293,28.403779704147727,27.381600784742584,28.15249252319336,7602800,0.0,0.0
2006-01-27 00:00:00-05:00,29.63891620676762,31.376620456771235,29.477072445515336,30.08612060546875,22447600,0.0,0.0
2006-01-30 00:00:00-05:00,29.660218735456027,29.932799465695847,29.00432033787314,29.340787887573242,8694200,0.0,0.0
2006-01-31 00:00:00-05:00,29.51540873810381,29.762432766586816,28.855250417709918,29.140607833862305,8490200,0.0,0.0
2006-02-01 00:00:00-05:00,28.876549142834925,29.068206346450708,28.49323148618484,28.833955764770508,9327400,0.0,0.0
2006-02-02 00:00:00-05:00,28.902098470848728,29.570773468946065,28.599704376108463,28.92339515686035,9369800,0.0,0.0
2006-02-03 00:00:00-05:00,28.96172229235204,28.978758989512965,28.11842365468387,28.284530639648438,9897400,0.0,0.0
2006-02-06 00:00:00-05:00,28.56989380567864,29.174682055285455,28.408046774503298,28.965988159179688,6903800,0.0,0.0
2006-02-07 00:00:00-05:00,28.927647312905197,29.366331680153106,28.224899028259276,28.5102596282959,8973000,0.0,0.0
2006-02-08 00:00:00-05:00,28.821174100726992,28.90209760584755,28.16101909655909,28.855247497558594,7601200,0.0,0.0
2006-02-09 00:00:00-05:00,28.91912996673364,29.643171669008552,28.833946487431163,29.281150817871094,9987400,0.0,0.0
2006-02-10 00:00:00-05:00,29.093750199039857,29.357814108810953,27.986390971584466,28.599699020385742,10210000,0.0,0.0
2006-02-13 00:00:00-05:00,28.425069926192144,28.684873800319565,26.836434906617335,26.972726821899414,16023800,0.0,0.0
2006-02-14 00:00:00-05:00,27.0834697037386,27.513635749916194,26.154990822189703,27.36456871032715,16925200,0.0,0.0
2006-02-15 00:00:00-05:00,27.38586395265905,27.747884815294324,26.904586215212696,27.24531364440918,8870600,0.0,0.0
2006-02-16 00:00:00-05:00,27.35178518351952,28.04601336598244,27.347525197902083,27.888429641723633,7867600,0.0,0.0
2006-02-17 00:00:00-05:00,27.960841729550655,27.965101716475214,27.138839721679688,27.138839721679688,7803800,0.0,0.0
2006-02-21 00:00:00-05:00,27.198462689562895,27.262349486712935,26.176283683414713,26.534046173095703,14324400,0.0,0.0
2006-02-22 00:00:00-05:00,26.40628511235122,27.415687825952844,26.001672354236216,27.398651123046875,11382600,0.0,0.0
2006-02-23 00:00:00-05:00,27.449745347391733,27.483818737519897,26.6831135660121,26.759777069091797,19991000,0.0,0.0
2006-02-24 00:00:00-05:00,26.93865876405889,27.326236283862972,26.214615436762987,26.534046173095703,28645800,0.0,0.0
2006-02-27 00:00:00-05:00,26.7470012680611,26.917364985415986,26.448865575044465,26.57663917541504,7359600,0.0,0.0
2006-02-28 00:00:00-05:00,26.585155973537102,26.908846712476606,26.005922907266875,26.074068069458008,8306200,0.0,0.0
2006-03-01 00:00:00-05:00,26.133696703927537,27.790477395197367,26.02295979220929,27.760663986206055,16204600,0.0,0.0
2006-03-02 00:00:00-05:00,27.683994853483384,28.216379369896526,27.24956889312523,27.611591339111328,16421000,0.0,0.0
2006-03-03 00:00:00-05:00,27.466792642716214,28.024734060784876,27.24958038330078,27.24958038330078,9698600,0.0,0.0
2006-03-06 00:00:00-05:00,27.32198115153618,27.547711725407556,26.419055606632604,26.546829223632812,9277400,0.0,0.0
2006-03-07 00:00:00-05:00,26.380725678221776,26.397762378299284,24.770794889207448,25.111520767211914,19880600,0.0,0.0
2006-03-08 00:00:00-05:00,25.03911266826626,25.592792322263712,24.566354887833967,25.30317497253418,12992200,0.0,0.0
2006-03-09 00:00:00-05:00,25.528911210838967,25.797233561508506,24.847459427069417,24.958194732666016,10165000,0.0,0.0
2006-03-10 00:00:00-05:00,25.12855449418137,25.37984010411154,24.20433555789974,24.332107543945312,9693000,0.0,0.0
2006-03-13 00:00:00-05:00,24.55784226491839,24.907086510774526,23.99564413135928,24.259706497192383,11116800,0.0,0.0
2006-03-14 00:00:00-05:00,24.370438819518892,25.02207707274043,24.16174333416794,25.000782012939453,10728200,0.0,0.0
2006-03-15 00:00:00-05:00,25.128551143338168,25.362800023969914,24.4258028767342,24.651535034179688,10760400,0.0,0.0
2006-03-16 00:00:00-05:00,24.885785294097758,25.085962418953013,23.52714041136421,23.53139877319336,14220200,0.0,0.0
2006-03-17 00:00:00-05:00,23.343998857409357,23.633616189088478,22.82439100503645,23.08845329284668,20663400,0.0,0.0
2006-03-20 00:00:00-05:00,23.190676390590923,24.06378691844214,23.190676390590923,23.799724578857422,13202600,0.0,0.0
2006-03-21 00:00:00-05:00,23.292888641357422,24.421544556363777,23.211966773281492,23.292888641357422,13285200,0.0,0.0
2006-03-22 00:00:00-05:00,23.109750782360063,23.65065374919179,22.841430104689074,23.267337799072266,19080800,0.0,0.0
2006-03-23 00:00:00-05:00,23.43343745219974,24.24692094157923,23.352515589278152,24.178775787353516,19114200,0.0,0.0
2006-03-24 00:00:00-05:00,24.046747094347374,24.60894509896589,23.999896989844355,24.604686737060547,11265000,0.0,0.0
2006-03-27 00:00:00-05:00,24.46840077197396,24.775053249797732,24.30655537066946,24.37470054626465,6877000,0.0,0.0
2006-03-28 00:00:00-05:00,24.395991103505697,24.442841207707986,23.220486635405898,23.318445205688477,11038200,0.0,0.0
2006-03-29 00:00:00-05:00,23.45899509210545,23.833792669496944,23.15234105177712,23.595285415649414,14867400,0.0,0.0
2006-03-30 00:00:00-05:00,23.740095480056766,23.936012628554778,23.26733768172237,23.416404724121094,10236800,0.0,0.0
2006-03-31 00:00:00-05:00,23.458994012826796,23.54843422890474,22.93086781485984,23.041603088378906,8633200,0.0,0.0
2006-04-03 00:00:00-04:00,23.250297898286828,24.127668212740392,23.20344779840556,23.727313995361328,12029600,0.0,0.0
2006-04-04 00:00:00-04:00,23.867867694988856,24.34488386001443,23.407886603039646,23.454736709594727,13783400,0.0,0.0
2006-04-05 00:00:00-04:00,23.420662416114926,24.732457134820272,23.382330662581168,24.68986701965332,17193400,0.0,0.0
2006-04-06 00:00:00-04:00,24.936896373842785,25.746121681756968,24.809124384358704,25.631126403808594,22277800,0.0,0.0
2006-04-07 00:00:00-04:00,25.58001016122805,25.78870396821452,25.11577082820436,25.4437198638916,16209400,0.0,0.0
2006-04-10 00:00:00-04:00,25.571494717914256,25.805743591513345,24.775046273085184,24.84319305419922,8629200,0.0,0.0
2006-04-11 00:00:00-04:00,24.860225829081052,25.064661279418747,23.91897043542983,24.059520721435547,12387600,0.0,0.0
2006-04-12 00:00:00-04:00,24.04249123896179,24.4002537905361,23.812500679083517,24.068044662475586,7459200,0.0,0.0
2006-04-13 00:00:00-04:00,24.148966597688258,24.902823411749647,24.085079793643985,24.506729125976562,7851000,0.0,0.0
2006-04-17 00:00:00-04:00,24.67283321694698,24.983745643309167,24.123411893438522,24.18303871154785,8297800,0.0,0.0
2006-04-18 00:00:00-04:00,24.33210472767621,25.28613696278902,24.268217929693392,25.17540168762207,9693600,0.0,0.0
2006-04-19 00:00:00-04:00,25.256324203868882,26.035736010503534,24.78782642235794,25.933517456054688,13267000,0.0,0.0
2006-04-20 00:00:00-04:00,26.035739186128602,26.525532085683892,25.695013337588183,25.976112365722656,13027200,0.0,0.0
2006-04-21 00:00:00-04:00,25.74611896156274,25.852595879001207,24.41302750031468,24.52802276611328,17896000,0.0,0.0
2006-04-24 00:00:00-04:00,24.613207651599165,24.63876107511296,23.62936022859256,24.068044662475586,11302200,0.0,0.0
2006-04-25 00:00:00-04:00,24.165997196099912,24.22562399831384,23.680461182268274,23.81675148010254,9490400,0.0,0.0
2006-04-26 00:00:00-04:00,23.923234042158427,24.093597767149827,23.318445905385857,23.573989868164062,6974000,0.0,0.0
2006-04-27 00:00:00-04:00,23.32270416067088,24.33210654585639,23.17789548250348,23.936012268066406,15015800,0.0,0.0
2006-04-28 00:00:00-04:00,24.0723095073768,24.70265286836301,23.936019138769478,24.31507682800293,8101600,0.0,0.0
2006-05-01 00:00:00-04:00,24.327851115396722,24.489696521238262,23.527145685884243,23.75287628173828,11229000,0.0,0.0
2006-05-02 00:00:00-04:00,23.91898092271643,23.953054325066475,23.182160656343765,23.36530113220215,10573800,0.0,0.0
2006-05-03 00:00:00-04:00,23.403628413375436,23.769909294913084,23.211969623651207,23.744354248046875,11232000,0.0,0.0
2006-05-04 00:00:00-04:00,23.74435050800879,24.481170517148776,23.671946990355746,24.293771743774414,10693400,0.0,0.0
2006-05-05 00:00:00-04:00,24.881516856379427,25.16261738289016,24.532272815494803,24.664304733276367,10575400,0.0,0.0
2006-05-08 00:00:00-04:00,24.574877617842397,24.617467743163076,23.872129177087235,24.327850341796875,9364200,0.0,0.0
2006-05-09 00:00:00-04:00,24.242668868093403,24.425809334483002,23.637880630032257,24.161746978759766,10694400,0.0,0.0
2006-05-10 00:00:00-04:00,24.004159774374685,24.468399262193408,23.791205910691033,23.855091094970703,7912800,0.0,0.0
2006-05-11 00:00:00-04:00,23.872124548427387,23.872124548427387,22.973459105908248,23.177894592285156,14347000,0.0,0.0
2006-05-12 00:00:00-04:00,23.020309508253888,23.795461346758515,22.475148204173845,23.318445205688477,21392000,0.0,0.0
2006-05-15 00:00:00-04:00,23.12252700489799,23.697501689886586,21.874617444421087,22.177011489868164,19541600,0.0,0.0
2006-05-16 00:00:00-04:00,22.364420596823578,22.5731161592054,21.359279430716843,21.4061279296875,19581000,0.0,0.0
2006-05-17 00:00:00-04:00,21.384826493943965,21.721293986807026,20.763001605036127,21.448713302612305,22540600,0.0,0.0
2006-05-18 00:00:00-04:00,21.67869847750886,21.721288589565734,21.103722216489295,21.17186737060547,18998000,0.0,0.0
2006-05-19 00:00:00-04:00,22.786055622790364,24.080815061192975,22.53902844552434,23.94452476501465,38774000,0.0,0.0
2006-05-22 00:00:00-04:00,23.586760297301748,23.799714069804306,21.976828672380726,22.57735824584961,28518200,0.0,0.0
2006-05-23 00:00:00-04:00,22.675330234385413,22.85846907949876,21.47852882398611,22.223867416381836,29833800,0.0,0.0
2006-05-24 00:00:00-04:00,22.15997461497877,22.86698125235271,21.54240981930883,21.8320255279541,21019000,0.0,0.0
2006-05-25 00:00:00-04:00,22.14294095105081,22.14719931296987,20.988729905923073,21.12076187133789,19960000,0.0,0.0
2006-05-26 00:00:00-04:00,21.303898326478503,21.66591913624695,20.75021877195265,21.129276275634766,13817000,0.0,0.0
2006-05-30 00:00:00-04:00,21.027063594099317,21.039841930448347,19.93674087524414,19.93674087524414,17567400,0.0,0.0
2006-05-31 00:00:00-04:00,20.13691294095763,20.5585622244897,20.017659320233246,20.303016662597656,18834800,0.0,0.0
2006-06-01 00:00:00-04:00,20.290238503045288,21.133535385131836,20.124134793276387,21.133535385131836,14078800,0.0,0.0
2006-06-02 00:00:00-04:00,21.461487646817755,21.725549952411242,21.15483359857444,21.372047424316406,14768400,0.0,0.0
2006-06-05 00:00:00-04:00,21.401863431982996,21.644630708100408,20.869478769495856,20.992992401123047,11314200,0.0,0.0
2006-06-06 00:00:00-04:00,21.010030296719737,21.214465823791787,20.58412254247568,20.635231018066406,14554600,0.0,0.0
2006-06-07 00:00:00-04:00,20.733183768464507,20.937619237970996,20.20931757322125,20.33708953857422,11272200,0.0,0.0
2006-06-08 00:00:00-04:00,20.213578808443597,20.294502310281977,19.353245069847787,20.043216705322266,14576600,0.0,0.0
2006-06-09 00:00:00-04:00,20.400975497777413,20.98872683926265,20.05173138192377,20.23061180114746,10053800,0.0,0.0
2006-06-12 00:00:00-04:00,20.39246200377358,20.72466950408614,19.911185827255096,19.93674087524414,9116200,0.0,0.0
2006-06-13 00:00:00-04:00,19.82600267615971,20.63096795158935,19.698230693897827,19.94951629638672,15380800,0.0,0.0
2006-06-14 00:00:00-04:00,20.205062796773994,20.852442762821237,20.175249384661413,20.754484176635742,12875400,0.0,0.0
2006-06-15 00:00:00-04:00,20.937621078331777,22.385707812171542,20.933362716486144,22.228120803833008,16929200,0.0,0.0
2006-06-16 00:00:00-04:00,22.1599760392392,22.60292041574461,21.614814729514922,22.4155216217041,15461000,0.0,0.0
2006-06-19 00:00:00-04:00,22.611439056663357,22.77754279382339,22.24941817437656,22.343116760253906,11135800,0.0,0.0
2006-06-20 00:00:00-04:00,22.40274778387589,22.40274778387589,21.350756709374217,21.49556541442871,10073400,0.0,0.0
2006-06-21 00:00:00-04:00,21.56370579505473,22.28774915926633,21.28686515956803,21.78943634033203,10764000,0.0,0.0
2006-06-22 00:00:00-04:00,21.72129129724107,22.262194236274684,21.46574734362765,21.976835250854492,8604000,0.0,0.0
2006-06-23 00:00:00-04:00,21.917206608027215,22.26645074035765,21.699994428049486,21.883134841918945,5181200,0.0,0.0
2006-06-26 00:00:00-04:00,21.88313635427632,22.211085452365268,21.827767902726546,22.1046085357666,3417400,0.0,0.0
2006-06-27 00:00:00-04:00,19.82174342313821,20.230614397881055,18.36939832819447,18.799564361572266,81708000,0.0,0.0
2006-06-28 00:00:00-04:00,18.6803142991392,18.69309101181722,17.74757528062456,18.024415969848633,47979600,0.0,0.0
2006-06-29 00:00:00-04:00,18.15644557192386,19.2254731761625,18.147927223021654,19.18714141845703,24753000,0.0,0.0
2006-06-30 00:00:00-04:00,19.20418043045924,19.233993842855163,18.774014319668677,18.880491256713867,13106800,0.0,0.0
2006-07-03 00:00:00-04:00,18.978444595067533,19.268061913709335,18.846412644751553,19.097698211669922,3213600,0.0,0.0
2006-07-05 00:00:00-04:00,18.377916065184536,18.377916065184536,17.41962383611322,17.59424591064453,27343800,0.0,0.0
2006-07-06 00:00:00-04:00,17.504802681328954,18.267177717557573,17.27481379934707,17.560171127319336,15907400,0.0,0.0
2006-07-07 00:00:00-04:00,17.602766400670983,18.228849628377755,17.42814268018259,17.773128509521484,14034600,0.0,0.0
2006-07-10 00:00:00-04:00,17.879603798727455,18.10107598218037,16.65724924026104,16.75946617126465,16243200,0.0,0.0
2006-07-11 00:00:00-04:00,16.69558899259619,17.53462639991812,16.503930124275584,17.423891067504883,13694800,0.0,0.0
2006-07-12 00:00:00-04:00,17.377028461591188,17.389806793441846,16.912789147158712,17.22370147705078,11502400,0.0,0.0
2006-07-13 00:00:00-04:00,17.03205197206205,17.172600687475168,16.5678124504511,16.589107513427734,19418600,0.0,0.0
2006-07-14 00:00:00-04:00,16.716873420657105,16.985195665512165,15.967276754118517,16.197265625,16008600,0.0,0.0
2006-07-17 00:00:00-04:00,16.273928828679065,16.559287762417014,16.078011724744677,16.32503890991211,8530000,0.0,0.0
2006-07-18 00:00:00-04:00,16.235601058640167,16.4655916064224,14.966396308421482,15.613776206970215,28961400,0.0,0.0
2006-07-19 00:00:00-04:00,15.498778513520843,15.9502411896466,15.307119753622706,15.89913272857666,27588800,0.0,0.0
2006-07-20 00:00:00-04:00,16.01412714184656,16.188749215012713,15.541371010622658,15.554147720336914,13688200,0.0,0.0
2006-07-21 00:00:00-04:00,15.034538497938774,15.07713023430185,14.238091712098361,14.374382019042969,23965000,0.0,0.0
2006-07-24 00:00:00-04:00,14.399938834273405,14.693814540181869,14.229575117257335,14.578819274902344,11073600,0.0,0.0
2006-07-25 00:00:00-04:00,14.719368960834556,15.07713145162699,14.58307864288589,14.761959075927734,10202800,0.0,2.0
2006-07-26 00:00:00-04:00,14.710849534604113,14.906766649206471,14.301978610727378,14.770476341247559,9383500,0.0,0.0
2006-07-27 00:00:00-04:00,14.974916171146957,15.503042487065827,14.821589123792796,15.230460166931152,8877600,0.0,0.0
2006-07-28 00:00:00-04:00,15.554144892832547,15.741543641646745,15.383781212304388,15.596735000610352,7597000,0.0,0.0
2006-07-31 00:00:00-04:00,15.656368323480802,16.099312777608137,15.503042896783626,15.801177024841309,6907500,0.0,0.0
2006-08-01 00:00:00-04:00,15.68191969304505,15.733028156615532,15.026021515840272,15.358230590820312,9850400,0.0,0.0
2006-08-02 00:00:00-04:00,15.409341300109334,15.877839137985431,15.358232829090431,15.724512100219727,5202400,0.0,0.0
2006-08-03 00:00:00-04:00,15.409344340570497,16.07376109375016,15.400825989601733,15.622298240661621,7612500,0.0,0.0
2006-08-04 00:00:00-04:00,15.937460222684773,16.16745069656386,15.545626044705656,15.784134864807129,6287300,0.0,0.0
2006-08-07 00:00:00-04:00,15.758586539162529,15.928950286766849,15.128243272561122,15.33267879486084,9421200,0.0,0.0
2006-08-08 00:00:00-04:00,15.281569620160546,15.56266865352948,14.6938165050404,14.778998374938965,13376000,0.0,0.0
2006-08-09 00:00:00-04:00,15.136752969416422,15.579697160209243,14.949352629238133,15.034534454345703,11412600,0.0,0.0
2006-08-10 00:00:00-04:00,14.991952924361309,15.477487492911779,14.796035751912717,15.33267879486084,7006500,0.0,0.0
2006-08-11 00:00:00-04:00,15.545628815646028,15.579702206608992,14.889730661987311,14.983430862426758,5144200,0.0,0.0
2006-08-14 00:00:00-04:00,15.196391282235773,15.460453678057064,14.889737129211426,14.889737129211426,5932900,0.0,0.0
2006-08-15 00:00:00-04:00,15.27305327297518,16.014131901416246,15.213426443641904,15.860806465148926,11899000,0.0,0.0
2006-08-16 00:00:00-04:00,16.12486485297082,17.7603503917359,15.954501132902207,17.5985050201416,23761400,0.0,0.0
2006-08-17 00:00:00-04:00,17.044824469292454,18.101075253845945,17.036306121266772,17.44517707824707,23365200,0.0,0.0
2006-08-18 00:00:00-04:00,15.954496904037773,16.516694756656868,15.784134853833802,16.22707748413086,37853200,0.0,0.0
2006-08-21 00:00:00-04:00,16.06523579285573,16.073754140139403,15.673399941349958,15.869317054748535,7541600,0.0,0.0
2006-08-22 00:00:00-04:00,15.784143280925155,16.005615526671043,15.264535257263292,15.349717140197754,9562500,0.0,0.0
2006-08-23 00:00:00-04:00,15.468965310688063,15.80969109677418,14.923804052950276,14.983430862426758,10726800,0.0,0.0
2006-08-24 00:00:00-04:00,15.162312493642487,15.162312493642487,14.736404821071531,14.923805236816406,7828900,0.0,0.0
2006-08-25 00:00:00-04:00,14.957875368754461,15.119720721537226,14.719368138031076,14.753439903259277,7764700,0.0,0.0
2006-08-28 00:00:00-04:00,14.83862514413027,14.974915485603761,14.74492492510136,14.93232536315918,5501900,0.0,0.0
2006-08-29 00:00:00-04:00,14.974912514686018,15.111202829120463,14.727886929039347,14.983430862426758,8801000,0.0,0.0
2006-08-30 00:00:00-04:00,14.957877810919289,15.238976824958636,14.85566087383712,15.128241539001465,11736800,0.0,0.0
2006-08-31 00:00:00-04:00,15.145275616176825,15.162310686270342,14.761958106671504,14.915285110473633,9977000,0.0,0.0
2006-09-01 00:00:00-04:00,15.060093269477994,15.196383573976643,14.76195761912148,15.145275115966797,8170900,0.0,0.0
2006-09-05 00:00:00-04:00,15.24749042575592,15.818206624988244,14.84713790155442,15.784134864807129,12070800,0.0,0.0
2006-09-06 00:00:00-04:00,15.971539787429368,16.39744751509415,15.204906202574566,15.221942901611328,26970600,0.0,0.0
2006-09-07 00:00:00-04:00,15.077134798163469,15.630814540813844,14.974916224659056,15.33267879486084,12563600,0.0,0.0
2006-09-08 00:00:00-04:00,15.426374072083833,15.468964182973941,15.085646686128625,15.145275115966797,6423000,0.0,0.0
2006-09-11 00:00:00-04:00,15.026021645220041,15.426375883310849,14.813067816349196,15.15379524230957,8889100,0.0,0.0
2006-09-12 00:00:00-04:00,15.281563012058701,16.491140492383675,15.247489628949783,16.482622146606445,16529600,0.0,0.0
2006-09-13 00:00:00-04:00,16.150420039515268,16.687064679110055,15.928949453803634,16.116348266601562,13943300,0.0,0.0
2006-09-14 00:00:00-04:00,16.09930749211103,16.968159415024896,16.031162338826135,16.63595199584961,19157900,0.0,0.0
2006-09-15 00:00:00-04:00,16.951126551718964,17.547397996258965,16.66150917862342,17.027790069580078,24457100,0.0,0.0
2006-09-18 00:00:00-04:00,17.095940100869274,17.86257387282527,17.01927656120273,17.760356903076172,18514600,0.0,0.0
2006-09-19 00:00:00-04:00,17.97330574321847,17.99034244160197,16.87446306811755,17.325925827026367,16348000,0.0,0.0
2006-09-20 00:00:00-04:00,17.57295051013424,17.607023905069656,16.98519906987839,17.368515014648438,11378000,0.0,0.0
2006-09-21 00:00:00-04:00,17.44518110303884,17.453699453029802,16.329303249569243,16.448556900024414,19380400,0.0,0.0
2006-09-22 00:00:00-04:00,16.457075076271053,16.550775300473244,15.971540504876273,16.073759078979492,17715900,0.0,0.0
2006-09-25 00:00:00-04:00,16.354849349386022,16.610393210432456,16.031158725705083,16.4315128326416,14535000,0.0,0.0
2006-09-26 00:00:00-04:00,16.41448548733818,16.559294190964813,16.01413115246558,16.03968620300293,12685800,0.0,0.0
2006-09-27 00:00:00-04:00,16.184494428980837,17.121491799811025,16.07375912933877,16.755210876464844,21773400,0.0,0.0
2006-09-28 00:00:00-04:00,16.840392751032883,17.061864975026136,16.61040217711191,16.755210876464844,12678700,0.0,0.0
2006-09-29 00:00:00-04:00,16.9170595066057,17.121495069787983,16.4741149740227,16.499670028686523,14237100,0.0,0.0
2006-10-02 00:00:00-04:00,16.601878021874832,16.78076005838754,16.244115573557977,16.261152267456055,16507200,0.0,0.0
2006-10-03 00:00:00-04:00,13.841997644651396,14.60863103541344,13.552380333186616,14.310495376586914,80498300,0.0,0.0
2006-10-04 00:00:00-04:00,14.20828110536102,14.267907923295992,13.688673192426664,13.978290557861328,31791200,0.0,0.0
2006-10-05 00:00:00-04:00,13.99532485437391,14.446785898251354,13.876071238966082,14.404195785522461,18076700,0.0,0.0
2006-10-06 00:00:00-04:00,14.276421338434512,14.685292198436802,14.157167743777602,14.489375114440918,11267200,0.0,0.0
2006-10-09 00:00:00-04:00,14.480862117110089,14.855661356236157,14.39568025030294,14.557525634765625,9030600,0.0,0.0
2006-10-10 00:00:00-04:00,14.685295800453776,14.778996004786109,14.387160115976256,14.702332496643066,9373200,0.0,0.0
2006-10-11 00:00:00-04:00,14.591598450140403,15.281570158381623,14.55752667580638,15.000471115112305,11890400,0.0,0.0
2006-10-12 00:00:00-04:00,15.170831479199803,15.204904874296725,14.761960486290143,14.838624000549316,10741800,0.0,0.0
2006-10-13 00:00:00-04:00,14.864180902826746,14.881215977793321,14.642708681170237,14.736407279968262,8673200,0.0,0.0
2006-10-16 00:00:00-04:00,14.940839774140207,15.537109454731015,14.872692996658127,15.290083885192871,13134600,0.0,0.0
2006-10-17 00:00:00-04:00,15.162310947636085,15.230456103310747,14.778995056231858,14.898248672485352,11277900,0.0,0.0
2006-10-18 00:00:00-04:00,15.162311465328004,15.179348161005526,14.40419637947422,14.472341537475586,14810900,0.0,0.0
2006-10-19 00:00:00-04:00,14.4638262925018,14.608634987408504,14.267909124307161,14.412717819213867,15124800,0.0,0.0
2006-10-20 00:00:00-04:00,14.480862117110089,14.796034536883845,14.157172972893694,14.557525634765625,11381800,0.0,0.0
2006-10-23 00:00:00-04:00,14.438267546433908,14.489376000883855,13.859032980306253,13.944214820861816,17357300,0.0,0.0
2006-10-24 00:00:00-04:00,14.020882142590478,14.140137415627368,13.79941154561291,13.901628494262695,12574000,0.0,0.0
2006-10-25 00:00:00-04:00,14.07198753608883,14.310494752989905,13.961250649920277,14.046432495117188,13394100,0.0,0.0
2006-10-26 00:00:00-04:00,14.199763526062458,14.480862557784022,14.08902823313961,14.378643989562988,19388500,0.0,0.0
2006-10-27 00:00:00-04:00,14.44678164828247,15.264524894723689,14.421228238045924,15.034534454345703,29062900,0.0,0.0
2006-10-30 00:00:00-05:00,15.162310585561752,15.187865627595249,14.710849549263703,14.96639347076416,8909100,0.0,0.0
2006-10-31 00:00:00-05:00,15.068615773598598,15.673403963566575,15.008988952019676,15.571187019348145,19072800,0.0,0.0
2006-11-01 00:00:00-05:00,15.690438919622336,15.911911107106661,15.179349381174571,15.213422775268555,15041700,0.0,0.0
2006-11-02 00:00:00-05:00,15.085653502594768,15.707480125639934,15.068618425366562,15.622298240661621,15290800,0.0,0.0
2006-11-03 00:00:00-05:00,15.971528602229311,16.073747100155057,15.588211265892646,15.639321327209473,13234500,0.0,0.0
2006-11-06 00:00:00-05:00,15.886362497558443,16.014134527757296,15.647855141109792,15.920435905456543,8923600,0.0,0.0
2006-11-07 00:00:00-05:00,15.920431383929099,16.55929297819116,15.911913034373852,16.39744758605957,16843600,0.0,0.0
2006-11-08 00:00:00-05:00,16.15893835654118,16.5167009073178,16.014129666352808,16.312265396118164,8922000,0.0,0.0
2006-11-09 00:00:00-05:00,16.67854846253003,16.72965694079077,15.426380184531991,15.511560440063477,19563800,0.0,0.0
2006-11-10 00:00:00-05:00,15.664881706383118,16.031162518664104,15.520073050939674,16.01412582397461,8449700,0.0,0.0
2006-11-13 00:00:00-05:00,16.167450225338023,16.593357775792924,16.06523332306553,16.457067489624023,10703100,0.0,0.0
2006-11-14 00:00:00-05:00,16.533735725142904,16.865943189960273,16.141901446097684,16.806316375732422,11128800,0.0,0.0
2006-11-15 00:00:00-05:00,16.908537925745488,17.172600274668202,16.652992302041373,16.755210876464844,14767900,0.0,0.0
2006-11-16 00:00:00-05:00,16.823345474776676,16.823345474776676,16.422993028119947,16.712610244750977,19657900,0.0,0.0
2006-11-17 00:00:00-05:00,15.792653200050262,16.610394940329524,15.588216140272031,16.22707748413086,28128400,0.0,0.0
2006-11-20 00:00:00-05:00,16.60187626480585,17.83700882165009,16.440030939320213,17.768863677978516,30380900,0.0,0.0
2006-11-21 00:00:00-05:00,18.084036917808493,18.18625546013806,17.18963157743638,17.334440231323242,24807700,0.0,0.0
2006-11-22 00:00:00-05:00,17.462217860647694,17.862570563289204,17.078900233335187,17.726280212402344,14547200,0.0,0.0
2006-11-24 00:00:00-05:00,17.462215619047054,17.83701484822803,17.37703375450016,17.55591583251953,4666100,0.0,0.0
2006-11-27 00:00:00-05:00,17.530363717120608,17.845536181233683,17.087419247175983,17.104455947875977,13125600,0.0,0.0
2006-11-28 00:00:00-05:00,16.97668022612725,17.325924390487284,16.635954410252683,17.2066707611084,17317400,0.0,0.0
2006-11-29 00:00:00-05:00,17.607027323914053,17.768872731865816,17.121492724767982,17.291854858398438,13028100,0.0,0.0
2006-11-30 00:00:00-05:00,17.47925231689822,17.802941452525697,17.16407990548739,17.55591583251953,13129300,0.0,0.0
2006-12-01 00:00:00-05:00,17.51332318304108,17.632578437128814,16.97668022612725,17.2066707611084,13422300,0.0,0.0
2006-12-04 00:00:00-05:00,17.29185640809872,17.632583955314136,17.078902503443764,17.41963005065918,8864700,0.0,0.0
2006-12-05 00:00:00-05:00,17.54740059215636,17.7603544788944,17.42814531078079,17.496292114257812,8529300,0.0,0.0
2006-12-06 00:00:00-05:00,17.717760564612565,18.399213893841676,17.598506922498807,18.092559814453125,17358200,0.0,0.0
2006-12-07 00:00:00-05:00,18.262920164135068,18.61216430098574,17.700722206048194,17.777385711669922,18451900,0.0,0.0
2006-12-08 00:00:00-05:00,17.54739373168572,17.930709603124395,17.351476622414268,17.64109230041504,11805300,0.0,0.0
2006-12-11 00:00:00-05:00,17.63258247179342,17.871089785126124,17.436663661215416,17.496292114257812,7607900,0.0,0.0
2006-12-12 00:00:00-05:00,17.462209296003014,17.58146288836173,17.002228368833663,17.181110382080078,12581600,0.0,0.0
2006-12-13 00:00:00-05:00,17.36851946918287,17.36851946918287,16.797802955313173,16.857431411743164,16348300,0.0,0.0
2006-12-14 00:00:00-05:00,16.908534482075236,17.27481533082297,16.865942741111088,17.138525009155273,8739900,0.0,0.0
2006-12-15 00:00:00-05:00,17.325923588391497,17.377032052229428,16.874460887814934,17.044824600219727,10335700,0.0,0.0
2006-12-18 00:00:00-05:00,17.11297123660021,17.2492615683985,16.64447342413221,16.772245407104492,9570100,0.0,0.0
2006-12-19 00:00:00-05:00,16.695580958848197,17.087415234681686,16.482627124232042,17.010751724243164,9741900,0.0,0.0
2006-12-20 00:00:00-05:00,17.12149379138159,17.189638974020834,16.780767878185348,16.857431411743164,7418700,0.0,0.0
2006-12-21 00:00:00-05:00,16.780762629778298,17.010751533810346,16.35485496531396,16.525217056274414,7915000,0.0,0.0
2006-12-22 00:00:00-05:00,16.61892271094979,16.840394964046943,16.371895404711267,16.440040588378906,5375200,0.0,0.0
2006-12-26 00:00:00-05:00,16.50817963801627,16.593361492126686,16.414481060732673,16.46558952331543,3515800,0.0,0.0
2006-12-27 00:00:00-05:00,16.652987438838437,16.695579176038876,16.363370124710062,16.414480209350586,4912700,0.0,0.0
2006-12-28 00:00:00-05:00,16.34633879367261,16.482629134472372,16.269675273884122,16.312265396118164,5036400,0.0,0.0
2006-12-29 00:00:00-05:00,16.312261068881835,16.618915066688135,16.29522437462402,16.34633445739746,4976400,0.0,0.0
2007-01-03 00:00:00-05:00,16.52521687266541,17.121488246173925,16.33781808727843,16.644472122192383,12724500,0.0,0.0
2007-01-04 00:00:00-05:00,16.67001708974814,17.12999790889456,16.354846491184517,16.99370765686035,13241700,0.0,0.0
2007-01-05 00:00:00-05:00,16.627433562466994,16.67854202098876,16.329297909124254,16.533733367919922,12759200,0.0,0.0
2007-01-08 00:00:00-05:00,16.491147451599886,16.806318254816887,16.397447233217473,16.508182525634766,7549800,0.0,0.0
2007-01-09 00:00:00-05:00,16.661507702018135,17.01075186367456,16.354855282459347,16.806316375732422,17773900,0.0,0.0
2007-01-10 00:00:00-05:00,16.823356900843354,17.973308203817524,16.73817502197319,17.785907745361328,28393600,0.0,0.0
2007-01-11 00:00:00-05:00,17.726272642197372,17.9307080812212,17.15555643232352,17.6325740814209,24537300,0.0,0.0
2007-01-12 00:00:00-05:00,17.28333477672769,17.67516907023159,17.18111621663034,17.368515014648438,13827700,0.0,0.0
2007-01-16 00:00:00-05:00,17.29184804158433,17.521838537262976,16.86594043834621,16.951122283935547,13046400,0.0,0.0
2007-01-17 00:00:00-05:00,16.874459954704143,17.070378700548527,16.627434372556667,16.695579528808594,10687600,0.0,0.0
2007-01-18 00:00:00-05:00,16.52522992182477,16.610411845976923,15.843777778027695,15.98006820678711,17916900,0.0,0.0
2007-01-19 00:00:00-05:00,15.818210813543704,16.18449167455279,15.690438835791635,15.715993881225586,13628800,0.0,0.0
2007-01-22 00:00:00-05:00,15.79266061307683,15.801177338582601,15.264534272714275,15.588223457336426,14227200,0.0,0.0
2007-01-23 00:00:00-05:00,15.503045391500393,15.87784310557288,15.460453634417561,15.630817413330078,11016600,0.0,0.0
2007-01-24 00:00:00-05:00,15.963014427153757,16.56780397967041,15.79265238573416,16.482622146606445,14808300,0.0,0.0
2007-01-25 00:00:00-05:00,16.52521303136975,16.90001213973022,16.014123633552458,16.141897201538086,16158800,0.0,0.0
2007-01-26 00:00:00-05:00,16.065234438862248,16.414478524515037,15.750062114763924,16.20152473449707,11963600,0.0,0.0
2007-01-29 00:00:00-05:00,16.12487046809091,16.227087435959742,15.843771369387511,16.218570709228516,9491900,0.0,0.0
2007-01-30 00:00:00-05:00,16.32078413844802,16.32078413844802,15.971539928651561,16.005613327026367,5260400,0.0,0.0
2007-01-31 00:00:00-05:00,15.98857528250752,16.04820209993717,15.451930676222801,15.579704284667969,18316000,0.0,0.0
2007-02-01 00:00:00-05:00,15.673407545703505,15.715999302786337,15.247499723131618,15.630817413330078,24953000,0.0,0.0
2007-02-02 00:00:00-05:00,15.656366930624857,15.937465958292316,15.605258459605956,15.724512100219727,9970700,0.0,0.0
2007-02-05 00:00:00-05:00,15.511556212690426,15.750065087421625,15.290085659014986,15.494521141052246,14192800,0.0,0.0
2007-02-06 00:00:00-05:00,15.511554830614413,15.673400182072655,15.33267440903581,15.656363487243652,13242200,0.0,0.0
2007-02-07 00:00:00-05:00,15.971535711959502,16.141899409437187,15.698955095762107,16.01412582397461,18893800,0.0,0.0
2007-02-08 00:00:00-05:00,15.997095826476688,16.014130901859165,15.72451349913815,15.801177024841309,9615600,0.0,0.0
2007-02-09 00:00:00-05:00,16.073752656205805,16.354851591781337,15.554144892832547,15.596735000610352,16345300,0.0,0.0
2007-02-12 00:00:00-05:00,15.630811151525528,15.681919614841137,15.213421847579076,15.256011962890625,13640400,0.0,0.0
2007-02-13 00:00:00-05:00,15.426375749068054,15.596737835856947,15.264530385616158,15.554147720336914,15281000,0.0,0.0
2007-02-14 00:00:00-05:00,15.656363698066592,15.920427597345999,15.630810280187637,15.7500638961792,13526400,0.0,0.0
2007-02-15 00:00:00-05:00,15.724505619516323,16.51669390500703,15.681915515338506,16.482622146606445,20361300,0.0,0.0
2007-02-16 00:00:00-05:00,16.414486380641886,16.917057695596306,16.329304498924156,16.874465942382812,18031500,0.0,0.0
2007-02-20 00:00:00-05:00,16.84038629571048,17.05334008814574,16.525213968034553,16.891494750976562,11522700,0.0,0.0
2007-02-21 00:00:00-05:00,16.900020365455944,17.078900848168644,16.61040295321797,17.00223731994629,13526600,0.0,0.0
2007-02-22 00:00:00-05:00,17.198150763440104,17.402586233360907,16.968160250513446,17.189632415771484,13770800,0.0,0.0
2007-02-23 00:00:00-05:00,17.078900896825985,17.308891482148294,16.908538763953654,17.104455947875977,12283100,0.0,0.0
2007-02-26 00:00:00-05:00,16.96816168828989,17.078896967947585,16.67854434185121,16.91705322265625,16487600,0.0,0.0
2007-02-27 00:00:00-05:00,17.317405363702722,18.05848540582305,17.215186810589692,17.42814064025879,40865400,0.0,0.0
2007-02-28 00:00:00-05:00,17.291855213307727,17.61554603585489,17.06186624695071,17.47925567626953,17239700,0.0,0.0
2007-03-01 00:00:00-05:00,17.13852973204989,17.751836348564506,17.03631115027617,17.377037048339844,17025300,0.0,0.0
2007-03-02 00:00:00-05:00,17.334439029171946,17.462210979691402,16.86593971098927,16.891494750976562,13179800,0.0,0.0
2007-03-05 00:00:00-05:00,16.397442569223568,16.729649976693306,16.235597226608938,16.261152267456055,13426500,0.0,0.0
2007-03-06 00:00:00-05:00,16.42299894292965,16.525215865196735,16.21004512604642,16.388925552368164,13555800,0.0,0.0
2007-03-07 00:00:00-05:00,16.337824513469098,16.567815130117253,16.12487059984142,16.210052490234375,8207900,0.0,0.0
2007-03-08 00:00:00-05:00,16.499655545211446,16.56780067312076,15.971529585383252,15.997084617614746,14806200,0.0,0.0
2007-03-09 00:00:00-05:00,16.193011512275866,16.25263833239669,15.758585448198293,15.877839088439941,9682500,0.0,0.0
2007-03-12 00:00:00-04:00,15.89486578726183,16.252628107622076,15.843757348555501,16.065229415893555,7871200,0.0,0.0
2007-03-13 00:00:00-04:00,15.588219649523179,15.707474898692196,15.1793486873377,15.196385383605957,16883300,0.0,0.0
2007-03-14 00:00:00-04:00,15.204910028379416,15.349718757210058,14.770483841887495,15.307126998901367,17504600,0.0,0.0
2007-03-15 00:00:00-04:00,15.315640793274111,15.596739815630436,15.29008737060197,15.443412780761719,12046600,0.0,0.0
2007-03-16 00:00:00-04:00,15.383784142711413,15.511556115092164,15.026021645220041,15.15379524230957,8436700,0.0,0.0
2007-03-19 00:00:00-04:00,15.298604598644612,15.375268118602706,14.770479933054435,14.872696876525879,10445500,0.0,0.0
2007-03-20 00:00:00-04:00,14.906762912420254,15.375260525498746,14.821581085121922,15.273043632507324,11683300,0.0,0.0
2007-03-21 00:00:00-04:00,15.307114966129326,15.400815136042212,15.060089460961047,15.39229679107666,8252000,0.0,0.0
2007-03-22 00:00:00-04:00,15.417858382967582,15.545630362374087,15.153796075566285,15.400821685791016,8885200,0.0,0.0
2007-03-23 00:00:00-04:00,15.375266709031868,15.64784899095369,15.375266709031868,15.503040313720703,6601500,0.0,0.0
2007-03-26 00:00:00-04:00,15.409342318811872,15.477487492911779,15.051579748610088,15.33267879486084,8546500,0.0,0.0
2007-03-27 00:00:00-04:00,15.264537212356913,15.417864296335338,15.034546586389274,15.051583290100098,7003600,0.0,0.0
2007-03-28 00:00:00-04:00,14.991951693244005,15.02602346514148,14.497898815413313,14.557525634765625,16818000,0.0,0.0
2007-03-29 00:00:00-04:00,14.668261465692137,14.693816514090154,14.225318666423068,14.284945487976074,13413400,0.0,0.0
2007-03-30 00:00:00-04:00,14.404197362421414,14.608632850376255,14.25938868869813,14.319015502929688,11150400,0.0,0.0
2007-04-02 00:00:00-04:00,14.284943117443174,14.36160662520617,13.986807434443604,14.208279609680176,8985700,0.0,0.0
2007-04-03 00:00:00-04:00,14.216796661388328,14.28494181488516,13.98680615907079,14.123096466064453,12652000,0.0,0.0
2007-04-04 00:00:00-04:00,14.208280654458763,14.566043175423872,14.140135489737261,14.353089332580566,8919700,0.0,0.0
2007-04-05 00:00:00-04:00,14.404195290876782,14.69381259667193,14.387158596486808,14.634185791015625,7002000,0.0,0.0
2007-04-09 00:00:00-04:00,14.753442329301512,14.778997375956404,14.455306617163467,14.48086166381836,7204200,0.0,0.0
2007-04-10 00:00:00-04:00,14.412716475905276,14.540488459570911,14.191244279354011,14.438271522521973,5855100,0.0,0.0
2007-04-11 00:00:00-04:00,14.45530162936857,14.566038501954473,14.31049299770818,14.38715648651123,6336300,0.0,0.0
2007-04-12 00:00:00-04:00,14.336050630331036,14.489377635688907,14.28494217011463,14.404195785522461,5754300,0.0,0.0
2007-04-13 00:00:00-04:00,14.43827145587833,14.455306528835242,14.233834333306241,14.336052894592285,5995300,0.0,0.0
2007-04-16 00:00:00-04:00,14.361609704079763,14.497900052719146,14.242354430488469,14.301982879638672,6266600,0.0,0.0
2007-04-17 00:00:00-04:00,14.310496889737287,14.566042463484369,14.165688218693248,14.53196907043457,7883400,0.0,0.0
2007-04-18 00:00:00-04:00,14.46382209653309,14.889729708030826,14.353086832415462,14.634185791015625,9123100,0.0,0.0
2007-04-19 00:00:00-04:00,14.50641769103079,15.026024010464859,14.40419912221071,14.778998374938965,7014100,0.0,0.0
2007-04-20 00:00:00-04:00,15.060093651837404,15.068611999173413,14.54900418463717,14.770476341247559,9807500,0.0,0.0
2007-04-23 00:00:00-04:00,14.693815196110792,14.736405314911616,14.140135528155643,14.199762344360352,12967900,0.0,0.0
2007-04-24 00:00:00-04:00,14.353084096051273,14.540482824488283,14.063466845470618,14.429747581481934,13152800,0.0,0.0
2007-04-25 00:00:00-04:00,14.319014651738211,14.41271485408,14.140134219677055,14.267906188964844,14744900,0.0,0.0
2007-04-26 00:00:00-04:00,14.267906162448991,14.404196479397177,14.18272430817919,14.225316047668457,18555700,0.0,0.0
2007-04-27 00:00:00-04:00,14.020877172209925,14.063468906306214,13.663116354052264,13.867551803588867,26177500,0.0,0.0
2007-04-30 00:00:00-04:00,13.850516236783955,13.969769852538601,13.629044075590569,13.748297691345215,17514800,0.0,0.0
2007-05-01 00:00:00-04:00,13.782371907202878,14.063470893116401,13.612008196166721,13.952733993530273,15310100,0.0,0.0
2007-05-02 00:00:00-04:00,13.969773219822207,14.199763783964958,13.842001225757029,14.080510139465332,8076800,0.0,0.0
2007-05-03 00:00:00-04:00,14.003843061851242,14.787513151071838,13.850516058026331,14.566040992736816,19770900,0.0,0.0
2007-05-04 00:00:00-04:00,14.71937032756245,15.085649575616403,14.506416482905806,14.991950988769531,18021600,0.0,0.0
2007-05-07 00:00:00-04:00,15.588216258741552,15.724506549823895,15.068610133255785,15.162308692932129,19380100,0.0,0.0
2007-05-08 00:00:00-04:00,15.332674398489,15.341192745897644,14.923803471126035,15.111202239990234,8005300,0.0,0.0
2007-05-09 00:00:00-04:00,14.94936375468385,15.12824588300619,14.84714678825056,15.094172477722168,10541000,0.0,0.0
2007-05-10 00:00:00-04:00,15.23045952339599,15.486005133091677,14.676779806118882,14.778998374938965,11603800,0.0,0.0
2007-05-11 00:00:00-04:00,14.838623377360447,15.026022168396487,14.75344151790449,14.923805236816406,4776400,0.0,0.0
2007-05-14 00:00:00-04:00,14.983431590848223,15.085648519288995,14.60863239557823,14.651224136352539,6242100,0.0,0.0
2007-05-15 00:00:00-04:00,14.676779341880417,14.881214848345087,14.37864361902024,14.446788787841797,9742100,0.0,0.0
2007-05-16 00:00:00-04:00,14.506416191214873,14.5745613551464,14.225317186908718,14.514934539794922,10783400,0.0,0.0
2007-05-17 00:00:00-04:00,14.668260465160795,14.693815511815687,14.344571331076782,14.48086166381836,12331000,0.0,0.0
2007-05-18 00:00:00-04:00,14.73640708256076,14.855662353983874,14.012365227843764,14.06347370147705,21499200,0.0,0.0
2007-05-21 00:00:00-04:00,14.09754018421166,14.165685331714414,13.88458639517699,13.944214820861816,15502300,0.0,0.0
2007-05-22 00:00:00-04:00,14.012363756657413,14.046435527265979,13.850518378317215,13.884590148925781,8302800,0.0,0.0
2007-05-23 00:00:00-04:00,13.893109466222969,13.91866451449248,13.629047132940768,13.64608383178711,12265700,0.0,0.0
2007-05-24 00:00:00-04:00,13.543863199218322,13.543863199218322,13.015737800790204,13.203137397766113,34863600,0.0,0.0
2007-05-25 00:00:00-04:00,13.262765037664902,13.364982784480006,12.990184379491293,13.21165657043457,16131900,0.0,0.0
2007-05-29 00:00:00-04:00,13.441647060801104,13.731265245084685,13.41609282573515,13.569419860839844,13756300,0.0,0.0
2007-05-30 00:00:00-04:00,13.45016260358664,13.45016260358664,13.177581986811342,13.262763023376465,13307300,0.0,0.0
2007-05-31 00:00:00-04:00,13.24572979106091,13.450165294543527,13.083884408204646,13.373501777648926,13929200,0.0,0.0
2007-06-01 00:00:00-04:00,13.467202650435514,13.918664612431641,13.416093365891367,13.83348274230957,16136000,0.0,0.0
2007-06-04 00:00:00-04:00,13.697190130003552,13.961252421381582,13.586454042138628,13.663118362426758,8139800,0.0,0.0
2007-06-05 00:00:00-04:00,13.646084610280331,13.850520133972168,13.433130736679361,13.850520133972168,12533900,0.0,0.0
2007-06-06 00:00:00-04:00,13.731265324984143,13.927182482220601,13.43312960218011,13.467202186584473,13291600,0.0,0.0
2007-06-07 00:00:00-04:00,13.475717455575946,13.799408171474843,13.4160906459916,13.535345077514648,13444900,0.0,0.0
2007-06-08 00:00:00-04:00,13.560900704535657,14.020880157762138,13.4586829580015,14.01236343383789,14262100,0.0,0.0
2007-06-11 00:00:00-04:00,13.918659781282605,14.208277064346433,13.910141434756202,13.944214820861816,9353000,0.0,0.0
2007-06-12 00:00:00-04:00,13.841997188173021,14.421231792000713,13.739778647911661,14.233831405639648,17084900,0.0,0.0
2007-06-13 00:00:00-04:00,14.378642179107498,14.634187755129105,14.208280086468578,14.52345085144043,13929200,0.0,0.0
2007-06-14 00:00:00-04:00,14.574564192815405,14.736407973220738,14.387163736985173,14.45530891418457,12348300,0.0,0.0
2007-06-15 00:00:00-04:00,14.659741175435093,14.710851265464704,14.378642179107498,14.52345085144043,12539800,0.0,0.0
2007-06-18 00:00:00-04:00,14.5915974066631,14.625670803269548,14.404198599454553,14.557525634765625,7296800,0.0,0.0
2007-06-19 00:00:00-04:00,14.412712758156053,15.051574136399303,14.267904114099244,15.026019096374512,17332300,0.0,0.0
2007-06-20 00:00:00-04:00,15.034541257674098,15.128241470163825,14.787515640258789,14.787515640258789,9562700,0.0,0.0
2007-06-21 00:00:00-04:00,14.778997358671033,15.221941751917555,14.710852192379946,15.128241539001465,14894100,0.0,0.0
2007-06-22 00:00:00-04:00,15.085651523305488,15.33267879486084,14.82158917675699,15.33267879486084,42984900,0.0,0.0
2007-06-25 00:00:00-04:00,15.238977047622864,15.298603865910186,14.506416905467116,14.574562072753906,19315900,0.0,0.0
2007-06-26 00:00:00-04:00,14.778996986255159,14.830105453508361,14.412716117404633,14.74492359161377,17126000,0.0,0.0
2007-06-27 00:00:00-04:00,14.702331299572595,15.034538724671448,14.557522643171545,14.915285110473633,14601100,0.0,0.0
2007-06-28 00:00:00-04:00,14.889734842136843,14.932326592797772,14.600117436479172,14.659744262695312,13337500,0.0,0.0
2007-06-29 00:00:00-04:00,15.043062535803392,15.715997602524883,14.94084557928192,15.511560440063477,28052300,0.0,0.0
2007-07-02 00:00:00-04:00,15.29860312744049,15.503040244141541,15.102685984036588,15.400821685791016,15025100,0.0,0.0
2007-07-03 00:00:00-04:00,15.596738685791797,16.08227317789763,15.562666916460804,15.605257034301758,14446300,0.0,0.0
2007-07-05 00:00:00-04:00,15.664883516537147,15.852283930359365,15.38378452051264,15.520074844360352,13768800,0.0,0.0
2007-07-06 00:00:00-04:00,15.545629889347603,15.61377505127146,15.256012544994011,15.520074844360352,14789800,0.0,0.0
2007-07-09 00:00:00-04:00,15.47748526784116,15.588220550568092,15.349713287861201,15.503040313720703,8984600,0.0,0.0
2007-07-10 00:00:00-04:00,15.332676724841663,16.269673960745987,15.281568257344013,15.73302936553955,21779700,0.0,0.0
2007-07-11 00:00:00-04:00,15.673399175933255,15.673399175933255,15.170828083700256,15.264528274536133,20114500,0.0,0.0
2007-07-12 00:00:00-04:00,15.392299526628406,15.750061955222963,15.119718938119881,15.70747184753418,15347000,0.0,0.0
2007-07-13 00:00:00-04:00,15.715995436395547,15.988576115828762,15.613776869253588,15.826730728149414,18878400,0.0,0.0
2007-07-16 00:00:00-04:00,16.158934363558878,16.184489405409888,15.818208595755129,15.869317054748535,13250400,0.0,0.0
2007-07-17 00:00:00-04:00,15.963019069158198,16.772244281523953,15.954500720903855,16.525217056274414,21472500,0.0,0.0
2007-07-18 00:00:00-04:00,16.312269325656708,16.49115145649128,16.107833765209637,16.218570709228516,14317300,0.0,0.0
2007-07-19 00:00:00-04:00,16.397443400089884,16.695579059578698,16.24411639665514,16.618915557861328,29820800,0.0,0.0
2007-07-20 00:00:00-04:00,16.857429846689076,17.070383725754624,16.601884216984924,16.729656219482422,22244700,0.0,0.0
2007-07-23 00:00:00-04:00,16.840389922805,16.951125203849834,16.371890503716607,16.405963897705078,16244100,0.0,0.0
2007-07-24 00:00:00-04:00,16.269673045396605,16.38040832286291,15.826728686113796,16.031164169311523,15786200,0.0,0.0
2007-07-25 00:00:00-04:00,16.141903671107467,16.20153049355432,15.758586062936208,16.005613327026367,11802800,0.0,0.0
2007-07-26 00:00:00-04:00,15.843758708708373,16.405956456865383,15.758576887079832,15.835240364074707,19657200,0.0,0.0
2007-07-27 00:00:00-04:00,15.826730728149412,16.329301965120283,15.801175680186672,15.826730728149414,20449100,0.0,0.0
2007-07-30 00:00:00-04:00,15.894876442651963,16.175975481038062,15.894876442651963,16.09079360961914,8785100,0.0,0.0
2007-07-31 00:00:00-04:00,16.235602757861873,16.252639457564126,15.16231504725652,15.33267879486084,25905100,0.0,0.0
2007-08-01 00:00:00-04:00,15.332671053495798,15.341189399046069,14.651219656557078,14.940836906433105,23268800,0.0,0.0
2007-08-02 00:00:00-04:00,14.787513293196136,14.915285256042043,14.14013350677373,14.753439903259277,22837500,0.0,0.0
2007-08-03 00:00:00-04:00,14.940844243107586,14.974916017331262,14.36160945892334,14.36160945892334,12780400,0.0,0.0
2007-08-06 00:00:00-04:00,14.361603173778748,14.557520257774634,13.876068824437482,14.489375114440918,12635400,0.0,0.0
2007-08-07 00:00:00-04:00,14.463825418806865,14.634189152421161,13.952735842672949,14.557525634765625,13781000,0.0,0.0
2007-08-08 00:00:00-04:00,14.685296932557115,15.290086696230611,14.634188464758012,14.991950988769531,12792800,0.0,0.0
2007-08-09 00:00:00-04:00,14.69381647172399,15.273051236070033,14.463825910932057,14.974915504455566,13369000,0.0,0.0
2007-08-10 00:00:00-04:00,14.966391690752767,15.162308782249173,14.48085732282322,14.957873344421387,10905800,0.0,0.0
2007-08-13 00:00:00-04:00,15.01750556703461,15.068615663479353,14.64270794136062,14.872696876525879,9013400,0.0,0.0
2007-08-14 00:00:00-04:00,14.90676872847991,15.145277613030776,14.770478401510516,14.804550170898438,9279400,0.0,0.0
2007-08-15 00:00:00-04:00,14.71936483206259,14.940836942783578,14.370120787193262,14.429747581481934,9188500,0.0,0.0
2007-08-16 00:00:00-04:00,14.540487195807188,14.600114008021519,13.765335387603331,14.003844261169434,17905700,0.0,0.0
2007-08-17 00:00:00-04:00,14.293460663755779,14.566041287308673,14.00384334505366,14.242350578308105,12174400,0.0,0.0
2007-08-20 00:00:00-04:00,14.327532139597109,14.68529460695235,14.06346986895901,14.566040992736816,11274900,0.0,0.0
2007-08-21 00:00:00-04:00,14.48938231513886,14.549009142099687,14.3105002095472,14.45530891418457,11936300,0.0,0.0
2007-08-22 00:00:00-04:00,14.617150360257169,15.162311630195923,14.429751579892907,15.068613052368164,18251100,0.0,0.0
2007-08-23 00:00:00-04:00,15.15379799034434,15.545632326662885,15.11120624202119,15.204906463623047,21800000,0.0,0.0
2007-08-24 00:00:00-04:00,13.629045758928571,13.867554644605011,13.356465103703417,13.416091918945312,71822200,0.0,0.0
2007-08-27 00:00:00-04:00,13.390539852812141,13.424612440229799,13.007223041274862,13.109440803527832,20085100,0.0,0.0
2007-08-28 00:00:00-04:00,13.075364226649368,13.450162573887825,13.058327531961371,13.220172882080078,11122900,0.0,0.0
2007-08-29 00:00:00-04:00,13.543861498507052,13.884587257174113,13.424607889150726,13.841997146606445,14251600,0.0,0.0
2007-08-30 00:00:00-04:00,13.773857066360469,13.859038943568056,13.526830597283972,13.671638488769531,12058700,0.0,0.0
2007-08-31 00:00:00-04:00,13.876075707813966,14.191246542810639,13.73978372882906,14.114583015441895,9461400,0.0,0.0
2007-09-04 00:00:00-04:00,14.131613387337133,14.634184452928196,14.037913201468424,14.506412506103516,10070400,0.0,0.0
2007-09-05 00:00:00-04:00,14.429754204189766,14.617153018635697,14.319017285651096,14.583081245422363,8803500,0.0,0.0
2007-09-06 00:00:00-04:00,14.60863496944053,14.685298491632674,14.3530909786061,14.37012767791748,8095700,0.0,0.0
2007-09-07 00:00:00-04:00,14.182724697812425,14.2593882062905,13.816443851685788,14.003844261169434,9840700,0.0,0.0
2007-09-10 00:00:00-04:00,14.12310026258404,14.293464004476979,13.765337704376112,14.080510139465332,6876100,0.0,0.0
2007-09-11 00:00:00-04:00,14.267905621031943,14.480859436271226,14.157170351979332,14.242350578308105,11175500,0.0,0.0
2007-09-12 00:00:00-04:00,14.23383047921717,14.480857654357452,13.918659781282605,13.944214820861816,12479000,0.0,0.0
2007-09-13 00:00:00-04:00,14.037913765067197,14.140132301455916,13.859033357272589,14.07198715209961,9609800,0.0,0.0
2007-09-14 00:00:00-04:00,13.91014457077376,14.182725222237607,13.850517756354648,13.969771385192871,8554500,0.0,0.0
2007-09-17 00:00:00-04:00,13.9357014800662,13.952736554529565,13.535347985414091,13.629047393798828,11817200,0.0,0.0
2007-09-18 00:00:00-04:00,13.688670118546996,13.841997115782885,13.586452391174499,13.799407005310059,13790500,0.0,0.0
2007-09-19 00:00:00-04:00,13.84199764637829,13.961251260040326,13.134991062351622,13.262763023376465,25925800,0.0,0.0
2007-09-20 00:00:00-04:00,13.245728003461418,13.433127595873563,13.194618728311061,13.322391510009766,10509700,0.0,0.0
2007-09-21 00:00:00-04:00,13.322391284448969,13.714226346119656,13.322391284448969,13.577935218811035,12306700,0.0,0.0
2007-09-24 00:00:00-04:00,13.637565240532302,13.824964050391891,13.39053879812239,13.458683967590332,10363100,0.0,0.0
2007-09-25 00:00:00-04:00,13.441647764674826,13.680155866607038,13.424611877856933,13.629047393798828,7043500,0.0,0.0
2007-09-26 00:00:00-04:00,13.714229231691851,14.225318832661614,13.714229231691851,14.080510139465332,12536000,0.0,0.0
2007-09-27 00:00:00-04:00,14.199761449351625,14.208279797516656,13.867553994459294,13.893107414245605,7019000,0.0,0.0
2007-09-28 00:00:00-04:00,13.92717812780901,14.054950076288115,13.816441247674236,13.944214820861816,6270400,0.0,0.0
2007-10-01 00:00:00-04:00,13.748297391072402,13.910142740853644,13.671633889844898,13.876070976257324,9736300,0.0,0.0
2007-10-02 00:00:00-04:00,13.918663298215158,14.472342964665975,13.833481436136058,14.353089332580566,11379500,0.0,0.0
2007-10-03 00:00:00-04:00,14.22531500866401,14.378640385500418,14.003842853622153,14.123096466064453,5814500,0.0,0.0
2007-10-04 00:00:00-04:00,14.09754988660348,14.301987094520547,14.01236961213256,14.276432037353516,6256500,0.0,0.0
2007-10-05 00:00:00-04:00,14.28494154515811,14.378640114004162,14.131614546508192,14.29345989227295,8164000,0.0,0.0
2007-10-08 00:00:00-04:00,14.199764138040845,14.276427661333392,14.063473791011669,14.250872611999512,6256100,0.0,0.0
2007-10-09 00:00:00-04:00,14.182727084833852,14.250872256649217,13.9527365206911,14.080510139465332,9670200,0.0,0.0
2007-10-10 00:00:00-04:00,14.020881528656993,14.293463837442081,14.012364803900022,14.284945487976074,13854700,0.0,0.0
2007-10-11 00:00:00-04:00,14.327537156528074,14.770481628299569,14.140138322182846,14.395682334899902,17442900,0.0,0.0
2007-10-12 00:00:00-04:00,14.463824622571185,14.617151649441581,14.395679457818662,14.591596603393555,9409100,0.0,0.0
2007-10-15 00:00:00-04:00,14.259389445622945,14.796034051611104,14.259389445622945,14.438271522521973,11145800,0.0,0.0
2007-10-16 00:00:00-04:00,14.33605427929472,14.549008146559768,14.276427456413957,14.37012767791748,8161500,0.0,0.0
2007-10-17 00:00:00-04:00,14.608638030508914,14.889737129211426,14.523456140812215,14.889737129211426,19364200,0.0,0.0
2007-10-18 00:00:00-04:00,14.855659354952296,15.341193818222479,14.727887384308895,15.256011962890625,15792800,0.0,0.0
2007-10-19 00:00:00-04:00,15.28157317193247,15.41786354556342,14.69381992020561,14.889737129211426,14515100,0.0,0.0
2007-10-22 00:00:00-04:00,14.87269749340972,15.068616288489439,14.583081725088714,15.000471115112305,8974800,0.0,0.0
2007-10-23 00:00:00-04:00,15.119721719643458,15.358230590820312,14.98343140031633,15.358230590820312,10655200,0.0,0.0
2007-10-24 00:00:00-04:00,14.949346955447316,15.04304708997404,14.284932546134364,14.668248176574707,22280100,0.0,0.0
2007-10-25 00:00:00-04:00,14.736405719469001,14.753442417340594,13.86755524923394,14.17420768737793,20825000,0.0,0.0
2007-10-26 00:00:00-04:00,14.438271194659665,14.480861313344773,13.961253416900265,14.353089332580566,13802300,0.0,0.0
2007-10-29 00:00:00-04:00,14.395679188810362,15.256012893177179,14.395679188810362,15.213422775268555,13451200,0.0,0.0
2007-10-30 00:00:00-04:00,15.230458584874386,15.409340663109313,14.974914615634699,15.315640449523926,8267100,0.0,0.0
2007-10-31 00:00:00-04:00,15.341193894727231,15.503039258193981,14.915286240652767,15.358230590820312,9902500,0.0,0.0
2007-11-01 00:00:00-04:00,15.196381837223631,15.758579685205648,15.11971834661623,15.48599910736084,13048700,0.0,0.0
2007-11-02 00:00:00-04:00,15.758584736956927,15.8011748566327,15.145278240197598,15.579704284667969,9248900,0.0,0.0
2007-11-05 00:00:00-05:00,15.392295874786415,15.707468120917166,15.196378826366042,15.545622825622559,7823500,0.0,0.0
2007-11-06 00:00:00-05:00,15.460441323733997,16.048194105792003,15.460441323733997,15.835240364074707,13253900,0.0,0.0
2007-11-07 00:00:00-05:00,15.656356389607174,15.818201667694645,15.49451273622761,15.639321327209473,10632400,0.0,0.0
2007-11-08 00:00:00-05:00,15.434890770302617,15.61377116658168,14.915283024468064,15.17082691192627,13464800,0.0,0.0
2007-11-09 00:00:00-05:00,15.043062988376473,15.341198765833823,14.693818731120778,14.949362754821777,10123100,0.0,0.0
2007-11-12 00:00:00-05:00,14.881208967405522,15.162307880794932,14.566038295424724,14.600110054016113,10964400,0.0,0.0
2007-11-13 00:00:00-05:00,14.710853722082208,15.034542889446326,14.574563375327937,15.000471115112305,9729300,0.0,0.0
2007-11-14 00:00:00-05:00,14.991949939003085,15.068613447688055,14.617150743733092,14.651224136352539,11279200,0.0,0.0
2007-11-15 00:00:00-05:00,14.48085865383359,14.915284608413627,14.48085865383359,14.79603099822998,8170200,0.0,0.0
2007-11-16 00:00:00-05:00,14.787514911570407,15.000468747855884,14.702333052114449,14.923805236816406,11462600,0.0,0.0
2007-11-19 00:00:00-05:00,14.744921567467607,14.957875380615873,14.003843207548485,14.054951667785645,12054300,0.0,0.0
2007-11-20 00:00:00-05:00,14.18272646265551,14.412717016708864,13.450165491599602,13.714228630065918,14222700,0.0,0.0
2007-11-21 00:00:00-05:00,13.637565578325136,14.267908817693995,13.313875609157595,13.83348274230957,13385900,0.0,0.0
2007-11-23 00:00:00-05:00,13.876070050788794,14.114577261181607,13.62904286892936,14.07198715209961,2966400,0.0,0.0
2007-11-26 00:00:00-05:00,13.92718228886678,14.387161765762432,13.603492335341949,13.620528221130371,8909900,0.0,0.0
2007-11-27 00:00:00-05:00,13.688669363771998,14.208277131374572,13.646079255647534,14.182722091674805,19959200,0.0,0.0
2007-11-28 00:00:00-05:00,13.126474123334875,13.279801142898673,12.351322301947949,12.743157386779785,41764000,0.0,0.0
2007-11-29 00:00:00-05:00,12.623904802299387,13.024258294216065,12.623904802299387,12.93907642364502,11985900,0.0,0.0
2007-11-30 00:00:00-05:00,12.964628859712116,13.075364944198114,12.649457301877058,12.726119995117188,7670300,0.0,0.0
2007-12-03 00:00:00-05:00,12.657974941431435,13.032774124674695,12.623902362259717,12.870928764343262,8058400,0.0,0.0
2007-12-04 00:00:00-05:00,12.845377183378606,12.990185877824686,12.717605188210667,12.734641075134277,7818700,0.0,0.0
2007-12-05 00:00:00-05:00,13.015739362473163,13.279802499547818,12.879449025539593,13.11795711517334,9490000,0.0,0.0
2007-12-06 00:00:00-05:00,13.10943968862133,13.330911081823546,12.956112652104459,13.066848754882812,6466200,0.0,0.0
2007-12-07 00:00:00-05:00,12.990185776980118,13.330911636352539,12.964631540615818,13.330911636352539,6316300,0.0,0.0
2007-12-10 00:00:00-05:00,13.228694943306616,13.586457530620912,12.9561142338689,12.981668472290039,7812400,0.0,0.0
2007-12-11 00:00:00-05:00,12.990182173677352,13.06684567385935,12.530201984939671,12.6239013671875,13309300,0.0,0.0
2007-12-12 00:00:00-05:00,12.777230238049686,12.896484679385742,12.342804214990934,12.530203819274902,11862000,0.0,0.0
2007-12-13 00:00:00-05:00,12.496129619275663,12.760191888408308,12.129848806606294,12.36835765838623,9802900,0.0,0.0
2007-12-14 00:00:00-05:00,12.172440862066892,12.35132211134608,12.05318642509597,12.257622718811035,9622400,0.0,0.0
2007-12-17 00:00:00-05:00,12.053186490962348,12.402431455638322,12.053186490962348,12.155405044555664,8046200,0.0,0.0
2007-12-18 00:00:00-05:00,12.18947820046796,12.496131438662678,12.18947820046796,12.41946792602539,6334500,0.0,0.0
2007-12-19 00:00:00-05:00,12.393913730038118,12.513167361296874,12.223550819415298,12.266140937805176,11236800,0.0,0.0
2007-12-20 00:00:00-05:00,12.334285545104771,12.351322241574987,12.0361506680656,12.249104499816895,13463900,0.0,0.0
2007-12-21 00:00:00-05:00,12.385395022908613,12.393913371281789,12.053186747544443,12.138368606567383,10186400,0.0,0.0
2007-12-24 00:00:00-05:00,12.010598472291237,12.121333768706863,11.9254166002051,12.044671058654785,4405900,0.0,0.0
2007-12-26 00:00:00-05:00,12.061706251394538,12.206514938193145,11.92541591378514,12.027633666992188,5848300,0.0,0.0
2007-12-27 00:00:00-05:00,11.959489006289546,12.02763417798941,11.678389969938975,11.703944206237793,6463500,0.0,0.0
2007-12-28 00:00:00-05:00,11.738014366956918,12.01059580979425,11.490987967493133,11.933932304382324,9354600,0.0,0.0
2007-12-31 00:00:00-05:00,11.942449126864089,12.010594275781221,11.763567907868053,11.90837574005127,9614100,0.0,0.0
2008-01-02 00:00:00-05:00,11.840234643813012,11.874307229933953,11.261000679757023,11.354700088500977,20483700,0.0,0.0
2008-01-03 00:00:00-05:00,11.346182378415817,11.371737428712844,10.903238733876831,11.269518852233887,16088600,0.0,0.0
2008-01-04 00:00:00-05:00,11.039525125942243,11.065079354717877,10.2217824939334,10.485845565795898,14878600,0.0,0.0
2008-01-07 00:00:00-05:00,10.53695408755952,10.5710266635861,9.974756176943828,10.230300903320312,16949300,0.0,0.0
2008-01-08 00:00:00-05:00,10.27288955306805,10.349552222896808,9.404037838134355,9.489219665527344,22130800,0.0,0.0
2008-01-09 00:00:00-05:00,9.540329538719435,9.91512866047028,9.361448324327949,9.864019393920898,20173300,0.0,0.0
2008-01-10 00:00:00-05:00,9.812911816203602,9.991792234218247,9.531812043605848,9.770320892333984,13136500,0.0,0.0
2008-01-11 00:00:00-05:00,9.685139604812889,9.761803109741791,9.225159387593825,9.242196083068848,12671900,0.0,0.0
2008-01-14 00:00:00-05:00,9.591442369464753,9.778841187623655,9.438115325194255,9.574405670166016,14424500,0.0,0.0
2008-01-15 00:00:00-05:00,9.480705320939897,9.540332137863563,9.08887021182484,9.131461143493652,8663200,0.0,0.0
2008-01-16 00:00:00-05:00,8.79073219322019,9.668102393112216,8.77369631244057,9.352930068969727,19434100,0.0,0.0
2008-01-17 00:00:00-05:00,9.387006099749595,9.523296433799295,8.93554335276687,8.969615936279297,11235600,0.0,0.0
2008-01-18 00:00:00-05:00,8.927022581545152,9.361448512717457,8.748142175908114,9.148494720458984,19717500,0.0,0.0
2008-01-22 00:00:00-05:00,8.68851714873394,8.918507702784224,8.509635877479662,8.662962913513184,18898900,0.0,0.0
2008-01-23 00:00:00-05:00,8.543708080682402,9.037760938796952,8.32223669806014,8.927024841308594,18284900,0.0,0.0
2008-01-24 00:00:00-05:00,9.301823478783206,10.179193042185576,9.28478678223442,9.906612396240234,24327400,0.0,0.0
2008-01-25 00:00:00-05:00,10.221783625767271,10.383628175739329,9.77883927872059,9.821430206298828,20566400,0.0,0.0
2008-01-28 00:00:00-05:00,9.812910895543583,10.13659993693342,9.676619789476954,10.119564056396484,11033600,0.0,0.0
2008-01-29 00:00:00-05:00,10.221785789885327,10.255858376690764,9.889577459266418,10.162158966064453,10507800,0.0,0.0
2008-01-30 00:00:00-05:00,10.136602378213789,10.383628798149454,9.991793703180356,10.094012260437012,9445200,0.0,0.0
2008-01-31 00:00:00-05:00,10.05142188039106,10.230303146848225,9.906613197432668,10.111048698425293,10683900,0.0,0.0
2008-02-01 00:00:00-05:00,10.264375513278784,11.099154197522235,10.15363941616098,10.86916446685791,16029600,0.0,0.0
2008-02-04 00:00:00-05:00,10.903236659487632,11.013972752642989,10.579546728499917,10.690282821655273,7504300,0.0,0.0
2008-02-05 00:00:00-05:00,10.434737464085291,10.562509434622136,9.966238884859566,10.025866508483887,8722100,0.0,0.0
2008-02-06 00:00:00-05:00,10.034381261045137,10.111044747046028,8.952576548460767,9.003684997558594,21028700,0.0,0.0
2008-02-07 00:00:00-05:00,8.867398987042371,9.361451898794744,8.535191470864989,9.2251615524292,18381300,0.0,0.0
2008-02-08 00:00:00-05:00,9.148497581192593,9.625514582450577,9.122943345589961,9.395524024963379,13314600,0.0,0.0
2008-02-11 00:00:00-05:00,9.497743955559294,9.86402493664423,9.284790047924737,9.727734565734863,8481200,0.0,0.0
2008-02-12 00:00:00-05:00,9.761804236173518,9.804395167421367,9.378487479651762,9.429595947265625,8372300,0.0,0.0
2008-02-13 00:00:00-05:00,9.582922511073713,9.659586021139008,9.284786819120768,9.557368278503418,10114600,0.0,0.0
2008-02-14 00:00:00-05:00,9.582920552151396,9.642547353411425,9.242194813016598,9.352930068969727,8108300,0.0,0.0
2008-02-15 00:00:00-05:00,9.40404295138527,9.40404295138527,9.046280381575404,9.174053192138672,7979100,0.0,0.0
2008-02-19 00:00:00-05:00,9.318863223509775,9.335899927116369,8.884437842153273,8.918510437011719,9031800,0.0,0.0
2008-02-20 00:00:00-05:00,8.935541623958327,9.438112742797248,8.867396470117896,9.361449241638184,16656500,0.0,0.0
2008-02-21 00:00:00-05:00,9.63403034210205,9.881056719471115,9.49773922669646,9.63403034210205,16516300,0.0,0.0
2008-02-22 00:00:00-05:00,9.582922175629589,9.634031451335542,9.012205856625966,9.472186088562012,32671000,0.0,0.0
2008-02-25 00:00:00-05:00,9.7106941314315,10.076974971756874,9.6425489721646,10.025866508483887,16678800,0.0,0.0
2008-02-26 00:00:00-05:00,10.000313485528377,10.366594399878098,9.906614075688594,10.264376640319824,13607200,0.0,0.0
2008-02-27 00:00:00-05:00,10.264375168607396,10.409183843640829,9.906612655272376,10.094012260437012,19331600,0.0,0.0
2008-02-28 00:00:00-05:00,10.034383246334741,10.04290159365444,9.57440305167707,9.710693359375,13886700,0.0,0.0
2008-02-29 00:00:00-05:00,9.58292107228067,9.710693028302698,9.438112422200085,9.63403034210205,15342900,0.0,0.0
2008-03-03 00:00:00-05:00,9.625513971813398,10.119566828012532,9.625513971813398,9.97475814819336,16567800,0.0,0.0
2008-03-04 00:00:00-05:00,9.932168395861849,10.187713203079893,9.651069351628367,10.162158966064453,13697200,0.0,0.0
2008-03-05 00:00:00-05:00,10.187709379833557,10.37510894311337,9.855501173885832,10.008828163146973,13803700,0.0,0.0
2008-03-06 00:00:00-05:00,10.102527505667576,10.221781920521183,9.778837647368563,9.812911033630371,24049200,0.0,0.0
2008-03-07 00:00:00-05:00,9.165532897495975,9.438113535759108,8.731106895998325,9.318859100341797,34987300,0.0,0.0
2008-03-10 00:00:00-04:00,9.225161182751714,9.429596694107742,9.046279907226562,9.046279907226562,11430800,0.0,0.0
2008-03-11 00:00:00-04:00,9.21664400067422,9.369971059787861,8.935544933868952,9.182571411132812,19008300,0.0,0.0
2008-03-12 00:00:00-04:00,9.199606162718181,9.531813637264714,9.11442430073708,9.335896492004395,7491500,0.0,0.0
2008-03-13 00:00:00-04:00,9.293305285521544,10.051421235145437,9.165533308692025,9.949203491210938,16576900,0.0,0.0
2008-03-14 00:00:00-04:00,10.025868043972674,10.094013213676192,9.421079053588079,9.599960327148438,10366800,0.0,0.0
2008-03-17 00:00:00-04:00,9.293306251128106,9.761804902105666,9.105906628266183,9.599960327148438,12173000,0.0,0.0
2008-03-18 00:00:00-04:00,9.79587804895973,9.957722633202195,9.40404289450716,9.616996765136719,14177800,0.0,0.0
2008-03-19 00:00:00-04:00,9.625514445762027,9.66810537939793,9.157015800476074,9.157015800476074,13337400,0.0,0.0
2008-03-20 00:00:00-04:00,9.105904549944313,9.157013821734076,8.875914857776166,9.063314437866211,13264600,0.0,0.0
2008-03-24 00:00:00-04:00,9.088870742017555,9.69365973240215,9.088870742017555,9.599960327148438,16381700,0.0,0.0
2008-03-25 00:00:00-04:00,9.668102917864877,9.795874873886905,9.506257573725739,9.63403034210205,10841600,0.0,0.0
2008-03-26 00:00:00-04:00,9.591443034823865,10.221786330222484,9.352934102223369,9.838469505310059,21087300,0.0,0.0
2008-03-27 00:00:00-04:00,9.761802921029894,9.915129927923633,9.514776527897945,9.548849105834961,7835600,0.0,0.0
2008-03-28 00:00:00-04:00,9.642549825727315,9.80439520257861,9.438114329829894,9.480705261230469,6772700,0.0,0.0
2008-03-31 00:00:00-04:00,9.438114612067983,9.582923295747639,9.165533942720147,9.267751693725586,11038700,0.0,0.0
2008-04-01 00:00:00-04:00,9.463668823242188,9.591441620947712,9.32737848890654,9.463668823242188,13621700,0.0,0.0
2008-04-02 00:00:00-04:00,9.497742277755236,9.812914720250369,9.48070639057835,9.565887451171875,15656500,0.0,0.0
2008-04-03 00:00:00-04:00,9.62551363068643,10.017348724718586,9.429595677493142,9.846985816955566,24383000,0.0,0.0
2008-04-04 00:00:00-04:00,9.89809428310726,10.042902957794432,9.557368467581224,9.846985816955566,18643200,0.0,0.0
2008-04-07 00:00:00-04:00,9.889575738980486,9.957720900737547,9.472186420129889,9.557368278503418,13486500,0.0,0.0
2008-04-08 00:00:00-04:00,9.44663070269703,9.514775853742739,9.276267825082758,9.387003898620605,11755600,0.0,0.0
2008-04-09 00:00:00-04:00,9.39552603468627,9.455153680319562,9.250717314705625,9.29330825805664,11214300,0.0,0.0
2008-04-10 00:00:00-04:00,9.284786494112696,9.574403827619536,9.020724204636021,9.472186088562012,13285700,0.0,0.0
2008-04-11 00:00:00-04:00,9.27626824767398,9.352930936827152,9.046277743151517,9.063314437866211,8147500,0.0,0.0
2008-04-14 00:00:00-04:00,9.029245103844445,9.250716528201611,8.952581574801554,9.037762641906738,10794200,0.0,0.0
2008-04-15 00:00:00-04:00,9.080351606909451,9.182569352618884,8.816289300248691,8.944061279296875,11083500,0.0,0.0
2008-04-16 00:00:00-04:00,9.165534071416085,9.32737864302525,8.969616103305531,9.259233474731445,14325300,0.0,0.0
2008-04-17 00:00:00-04:00,9.174049760425062,9.438112007907188,9.063313690968146,9.148494720458984,6921700,0.0,0.0
2008-04-18 00:00:00-04:00,9.37848561770371,9.821429102620455,9.344413041940882,9.63403034210205,17668000,0.0,0.0
2008-04-21 00:00:00-04:00,9.753284651919175,10.196228981018066,9.719212073708057,10.196228981018066,14507100,0.0,0.0
2008-04-22 00:00:00-04:00,10.008831069737417,10.059940351784812,9.778840519055853,9.855504035949707,16123900,0.0,0.0
2008-04-23 00:00:00-04:00,10.051422679456222,10.639174994623605,10.051422679456222,10.61362075805664,27000600,0.0,0.0
2008-04-24 00:00:00-04:00,10.698800710498341,11.243961992021465,10.485846881814775,11.20988941192627,32695300,0.0,0.0
2008-04-25 00:00:00-04:00,11.158784198614407,11.218411028062231,10.69028547656181,11.192856788635254,16466900,0.0,0.0
2008-04-28 00:00:00-04:00,11.363219383310982,11.414327860566324,10.988420092450347,11.013975143432617,12157400,0.0,0.0
2008-04-29 00:00:00-04:00,10.954345660663941,11.133226925673938,10.860646259888977,11.107672691345215,8579000,0.0,0.0
2008-04-30 00:00:00-04:00,11.124707967882268,11.20988900888042,10.92027168230711,11.031007766723633,10318800,0.0,0.0
2008-05-01 00:00:00-04:00,10.996937751339035,11.567654189718688,10.903238340692578,11.542099952697754,16147600,0.0,0.0
2008-05-02 00:00:00-04:00,11.652835826325106,11.661353363589441,11.073601049914584,11.354700088500977,15782000,0.0,0.0
2008-05-05 00:00:00-04:00,11.371735481052035,11.39728971461776,11.09915401105137,11.226926803588867,9023600,0.0,0.0
2008-05-06 00:00:00-04:00,11.167300671926629,11.278036782023108,10.894719977753482,11.243964195251465,10405500,0.0,0.0
2008-05-07 00:00:00-04:00,11.175817524102982,11.516544158515202,11.107672359691424,11.226926803588867,9632000,0.0,0.0
2008-05-08 00:00:00-04:00,11.261003105619682,11.448401963477341,11.073603435407318,11.329148292541504,7569500,0.0,0.0
2008-05-09 00:00:00-04:00,11.235439083071498,11.499502080883119,11.13322138427947,11.405802726745605,7355600,0.0,0.0
2008-05-12 00:00:00-04:00,11.516544162781335,11.729498004734943,11.286553623541305,11.669870376586914,13803800,0.0,0.0
2008-05-13 00:00:00-04:00,11.814677915062894,12.359839990353224,11.7124601782624,12.18095874786377,17596600,0.0,0.0
2008-05-14 00:00:00-04:00,12.334281537819022,12.40242748920554,11.86578391005993,11.95096492767334,15151500,0.0,0.0
2008-05-15 00:00:00-04:00,12.002079239673186,12.785749480738248,11.97652500486907,12.63242244720459,16169600,0.0,0.0
2008-05-16 00:00:00-04:00,12.734637799458456,12.990182536416196,12.479093062500715,12.905000686645508,17418700,0.0,0.0
2008-05-19 00:00:00-04:00,12.913521467113311,13.152029554112184,12.521686346580779,12.63242244720459,11346800,0.0,0.0
2008-05-20 00:00:00-04:00,12.419467271799638,12.419467271799638,11.86578764002588,12.257622718811035,12546400,0.0,0.0
2008-05-21 00:00:00-04:00,12.37687870699563,12.521687403701636,11.908380030144116,12.036152839660645,10291900,0.0,0.0
2008-05-22 00:00:00-04:00,12.104296900095445,12.385395917887413,12.06170596750632,12.24058723449707,8519500,0.0,0.0
2008-05-23 00:00:00-04:00,12.095780191797969,12.308734071274534,12.027635015353836,12.300215721130371,6778200,0.0,0.0
2008-05-27 00:00:00-04:00,11.831712291529408,12.14688378797493,11.5846859395935,12.104292869567871,14621900,0.0,0.0
2008-05-28 00:00:00-04:00,12.138370011664886,12.215033531188965,11.874306868010228,12.215033531188965,9725000,0.0,0.0
2008-05-29 00:00:00-04:00,12.223552311368211,12.223552311368211,11.882825636180536,11.993561744689941,22714200,0.0,0.0
2008-05-30 00:00:00-04:00,14.438271461517514,15.213423333817314,14.327534551355306,14.787515640258789,73807600,0.0,0.0
2008-06-02 00:00:00-04:00,14.76196383181745,15.068617958351657,14.50641980951179,14.71937370300293,19977000,0.0,0.0
2008-06-03 00:00:00-04:00,14.813070803799711,14.864180902826746,14.523453408149592,14.736407279968262,16037800,0.0,0.0
2008-06-04 00:00:00-04:00,14.7789923797863,14.89824597444321,14.37012151978401,14.489375114440918,21365400,0.0,0.0
2008-06-05 00:00:00-04:00,14.540488253202241,15.077132851573968,14.472343087900471,14.991950988769531,14363100,0.0,0.0
2008-06-06 00:00:00-04:00,14.796033124138575,14.949358520100956,14.42975226913711,14.52345085144043,9712500,0.0,0.0
2008-06-09 00:00:00-04:00,14.531970393424807,14.591597211981576,14.071990918337626,14.463825225830078,9454900,0.0,0.0
2008-06-10 00:00:00-04:00,14.31049845111549,14.353090197074804,13.646083461239995,13.714228630065918,19116400,0.0,0.0
2008-06-11 00:00:00-04:00,13.646082324349523,13.77385430216449,13.39905509249292,13.424610137939453,11844900,0.0,0.0
2008-06-12 00:00:00-04:00,13.697192142304246,14.012364568413663,13.467202397068823,13.603492736816406,12051700,0.0,0.0
2008-06-13 00:00:00-04:00,13.79089250259637,14.830106760083268,13.705710633197011,14.378643989562988,17176800,0.0,0.0
2008-06-16 00:00:00-04:00,14.33605134756558,14.625668677795893,14.157170915504425,14.267906188964844,14113600,0.0,0.0
2008-06-17 00:00:00-04:00,14.284941426333429,14.472340187175298,14.123096081914932,14.148651123046875,11531600,0.0,0.0
2008-06-18 00:00:00-04:00,14.054958995505073,14.301986327407846,13.76534152865124,13.927186965942383,10374700,0.0,0.0
2008-06-19 00:00:00-04:00,13.842002255575999,14.923808360249676,13.722748602204124,14.906771659851074,16927500,0.0,0.0
2008-06-20 00:00:00-04:00,14.710854868503983,14.949362181556364,14.557527810279328,14.881217002868652,17240400,0.0,0.0
2008-06-23 00:00:00-04:00,15.068616157203301,15.3837869720607,14.94084416132303,15.008989334106445,14978300,0.0,0.0
2008-06-24 00:00:00-04:00,14.813068519422632,15.145277613030776,14.625669726016929,14.804550170898438,10473800,0.0,0.0
2008-06-25 00:00:00-04:00,15.05157683772691,15.59673812509529,14.991950025009594,15.383784294128418,13436900,0.0,0.0
2008-06-26 00:00:00-04:00,14.90676546430269,15.119719256649871,14.387157691068849,14.676774978637695,19305000,0.0,0.0
2008-06-27 00:00:00-04:00,14.583079641561099,15.162312720155462,14.361607453550521,15.06009578704834,14964000,0.0,0.0
2008-06-30 00:00:00-04:00,15.136760519560744,15.50304141292674,14.85566149379063,15.043060302734375,10734000,0.0,0.0
2008-07-01 00:00:00-04:00,14.770477700458537,15.273048866570434,14.719369236447992,15.15379524230957,14805100,0.0,0.0
2008-07-02 00:00:00-04:00,15.196389137848566,15.196389137848566,14.438273838416608,14.45530891418457,9959800,0.0,0.0
2008-07-03 00:00:00-04:00,14.395681119881532,14.540489814788236,13.876074787917887,14.412717819213867,13186200,0.0,0.0
2008-07-07 00:00:00-04:00,14.48938165930227,15.051579751927688,14.216800962842564,14.497900009155273,11183900,0.0,0.0
2008-07-08 00:00:00-04:00,14.489381702840546,14.557526877160237,13.816446684813117,14.301982879638672,15617300,0.0,0.0
2008-07-09 00:00:00-04:00,14.216798078706615,14.284943238997057,13.117955541225866,13.203137397766113,23545800,0.0,0.0
2008-07-10 00:00:00-04:00,13.262763490069446,13.535344928790716,12.853892550519058,13.33942699432373,20029800,0.0,0.0
2008-07-11 00:00:00-04:00,13.041294119120572,13.186101989617713,12.232068840001178,13.083884239196777,25932900,0.0,0.0
2008-07-14 00:00:00-04:00,13.33091138137555,13.433129949586695,12.581314505093573,12.85389518737793,12066200,0.0,0.0
2008-07-15 00:00:00-04:00,12.709084317772493,13.194618777932162,12.393912754830746,12.819820404052734,14982000,0.0,0.0
2008-07-16 00:00:00-04:00,12.88796663267619,13.220174919091106,12.581313392230879,13.21165657043457,12291300,0.0,0.0
2008-07-17 00:00:00-04:00,13.424611877856933,13.80792786098209,13.271284834723247,13.629047393798828,13756900,0.0,0.0
2008-07-18 00:00:00-04:00,13.475720148989456,13.620528840369744,12.964631366783598,13.24573040008545,11633300,0.0,0.0
2008-07-21 00:00:00-04:00,13.26276536079559,13.330910526999265,12.666494750336213,12.845376014709473,10653100,0.0,0.0
2008-07-22 00:00:00-04:00,12.683533524431187,13.007223523065768,12.342806825279451,12.981668472290039,13345700,0.0,0.0
2008-07-23 00:00:00-04:00,13.100921633786754,13.373502316071109,12.692049798005709,12.85389518737793,12157700,0.0,0.0
2008-07-24 00:00:00-04:00,12.521684644548484,12.606866498789683,12.223549779413025,12.325767517089844,16467100,0.0,0.0
2008-07-25 00:00:00-04:00,12.002076235766571,12.709082783113615,11.91689439126638,12.598346710205078,18424500,0.0,0.0
2008-07-28 00:00:00-04:00,12.393912404013927,12.623902105659536,12.291694668576506,12.334284782409668,8221600,0.0,0.0
2008-07-29 00:00:00-04:00,12.427986784085164,12.709085800375476,12.33428657041875,12.589831352233887,11121800,0.0,0.0
2008-07-30 00:00:00-04:00,12.640939912153863,12.777230238049686,12.26614070358593,12.530203819274902,9918500,0.0,0.0
2008-07-31 00:00:00-04:00,12.32576610757131,12.89648235360147,12.283175185321214,12.598346710205078,14173300,0.0,0.0
2008-08-01 00:00:00-04:00,12.58131527573499,12.785750799970515,12.393915639008478,12.513169288635254,9371300,0.0,0.0
2008-08-04 00:00:00-04:00,12.41094952061436,12.504649730010724,12.061705353402818,12.121332168579102,12813400,0.0,0.0
2008-08-05 00:00:00-04:00,12.232068191172347,12.538722238523691,12.002078468013266,12.427986145019531,13182300,0.0,0.0
2008-08-06 00:00:00-04:00,12.47057803641952,12.879449047931066,12.070224561715264,12.675013542175293,15284900,0.0,0.0
2008-08-07 00:00:00-04:00,12.70907941711062,13.390531555566543,12.445016418980606,13.032769203186035,17013500,0.0,0.0
2008-08-08 00:00:00-04:00,13.092403359246433,13.475720148989456,12.95611301732487,13.24573040008545,9752300,0.0,0.0
2008-08-11 00:00:00-04:00,13.543865577836936,13.807927917249305,13.450166169070375,13.475720405578613,15913500,0.0,0.0
2008-08-12 00:00:00-04:00,13.612009981831605,13.620528330971752,12.981666767841507,13.569419860839844,19545500,0.0,0.0
2008-08-13 00:00:00-04:00,13.526829376926253,13.799410871986138,13.339429751389055,13.64608383178711,11037300,0.0,0.0
2008-08-14 00:00:00-04:00,13.552384274409238,14.020882142590478,13.441648163565901,13.901628494262695,8584400,0.0,0.0
2008-08-15 00:00:00-04:00,13.995322468848011,14.165684515433751,13.501269771745116,13.526823997497559,19320800,0.0,0.0
2008-08-18 00:00:00-04:00,13.62904581755777,13.714227678859281,13.237210717808807,13.509791374206543,11459400,0.0,0.0
2008-08-19 00:00:00-04:00,13.407571607787713,13.66311715318632,13.237208723209621,13.51830768585205,13028000,0.0,0.0
2008-08-20 00:00:00-04:00,13.629048362520324,13.893110719625588,13.50979389690062,13.671638488769531,9217400,0.0,0.0
2008-08-21 00:00:00-04:00,13.69718945201174,13.841998112640013,13.382017900160303,13.492753982543945,6741100,0.0,0.0
2008-08-22 00:00:00-04:00,13.663119966487628,13.790891953141477,13.526828818407846,13.620528221130371,6452100,0.0,0.0
2008-08-25 00:00:00-04:00,13.773852844087799,13.773852844087799,13.305354287770012,13.347945213317871,10843100,0.0,0.0
2008-08-26 00:00:00-04:00,12.675014804470191,12.87945033058554,12.172443526837364,12.462060928344727,38613000,0.0,0.0
2008-08-27 00:00:00-04:00,12.555760538973166,12.649460765849787,12.14688948030836,12.300215721130371,21111100,0.0,0.0
2008-08-28 00:00:00-04:00,12.530205884642877,12.683532932725956,12.266142725428075,12.572796821594238,23304700,0.0,0.0
2008-08-29 00:00:00-04:00,12.070219942684163,12.300209595558359,11.75504845549853,12.019110679626465,30078400,0.0,0.0
2008-09-02 00:00:00-04:00,12.223552765789455,12.27466124093716,11.814680902834985,12.070225715637207,12711300,0.0,0.0
2008-09-03 00:00:00-04:00,11.90837992904103,11.90837992904103,10.690284354394276,10.758429527282715,32020800,0.0,0.0
2008-09-04 00:00:00-04:00,10.451778040515945,10.468813930480405,9.97476093619089,10.17067813873291,32879900,0.0,0.0
2008-09-05 00:00:00-04:00,9.983276835260588,10.639174278707165,9.983276835260588,10.553993225097656,18523900,0.0,0.0
2008-09-08 00:00:00-04:00,10.843608487037638,10.945827038927257,10.187711121931267,10.315483093261719,13566000,0.0,0.0
2008-09-09 00:00:00-04:00,10.341037548695338,10.349555083905917,9.761802911950477,9.898093223571777,15024900,0.0,0.0
2008-09-10 00:00:00-04:00,10.068456103084541,10.10252868095598,9.64254847351441,9.702176094055176,11918100,0.0,0.0
2008-09-11 00:00:00-04:00,9.514777470223502,10.170674863558476,9.412559726289002,9.949203491210938,16451900,0.0,0.0
2008-09-12 00:00:00-04:00,9.778839189065458,9.949202897816471,9.642548871948142,9.881057739257812,11554200,0.0,0.0
2008-09-15 00:00:00-04:00,9.53181340834041,9.57440433830806,9.01220633732745,9.199605941772461,18164200,0.0,0.0
2008-09-16 00:00:00-04:00,8.85887819148712,9.344413431807714,8.78221550208796,9.105904579162598,22618300,0.0,0.0
2008-09-17 00:00:00-04:00,8.833324692989477,9.037760173020882,8.594816632952835,8.620370864868164,18691700,0.0,0.0
2008-09-18 00:00:00-04:00,8.952580082973633,9.352932737599252,8.611853434266617,9.02072525024414,19639400,0.0,0.0
2008-09-19 00:00:00-04:00,9.557365146093757,10.076972037279697,9.310338812598257,9.421074867248535,20660800,0.0,0.0
2008-09-22 00:00:00-04:00,9.352935818368222,9.412563468636558,8.89295538160183,8.918510437011719,5423100,0.0,0.0
2008-09-23 00:00:00-04:00,8.884433902194022,9.02924256921314,8.586298220130102,8.722588539123535,8192900,0.0,0.0
2008-09-24 00:00:00-04:00,8.850362139066918,9.097388568124195,8.705553458686332,8.927024841308594,9097100,0.0,0.0
2008-09-25 00:00:00-04:00,9.020725334577966,9.34441528831626,8.790734783623988,9.165534019470215,12544400,0.0,0.0
2008-09-26 00:00:00-04:00,8.748143818027541,8.782216398690512,8.151872437893953,8.262608528137207,30929200,0.0,0.0
2008-09-29 00:00:00-04:00,8.092245473113623,8.151872285067373,7.1978392320354505,7.351166248321533,23930600,0.0,0.0
2008-09-30 00:00:00-04:00,7.49597361628025,7.921881198883057,7.2915381715959215,7.921881198883057,13179500,0.0,0.0
2008-10-01 00:00:00-04:00,7.887811531203994,7.938920005029978,7.572639901428613,7.768557071685791,8126100,0.0,0.0
2008-10-02 00:00:00-04:00,7.674855676453875,7.708928254310374,7.23191135196506,7.274502277374268,11827700,0.0,0.0
2008-10-03 00:00:00-04:00,7.402276240158944,7.794111397497048,7.172286480609706,7.248950004577637,13732100,0.0,0.0
2008-10-06 00:00:00-04:00,7.02747615490729,7.1552481236911305,6.524905002943282,6.90822172164917,19330200,0.0,0.0
2008-10-07 00:00:00-04:00,7.155249803200301,7.16376815307985,6.439725066586639,6.456761360168457,13115800,0.0,0.0
2008-10-08 00:00:00-04:00,6.2182509779289745,6.840075669544742,6.133069134967296,6.4056501388549805,19931800,0.0,0.0
2008-10-09 00:00:00-04:00,6.584531119419619,6.780448619978435,6.090478397882722,6.218250751495361,11296200,0.0,0.0
2008-10-10 00:00:00-04:00,6.064925265240682,6.456760363304056,5.647535933838558,5.96270751953125,16312900,0.0,0.0
2008-10-13 00:00:00-04:00,6.20973272096302,6.720821755238473,6.1926964333597425,6.678231239318848,10705700,0.0,0.0
2008-10-14 00:00:00-04:00,6.925259292942748,7.061549626837329,6.490833244387921,6.541942119598389,14823100,0.0,0.0
2008-10-15 00:00:00-04:00,6.635642744341014,6.754896801183509,6.030853703945293,6.081962585449219,12259700,0.0,0.0
2008-10-16 00:00:00-04:00,6.081961826663406,6.328988259535331,5.766790226954707,6.294915676116943,13698300,0.0,0.0
2008-10-17 00:00:00-04:00,6.192698722301862,6.5845338881842865,6.030853727161096,6.2778801918029785,10352200,0.0,0.0
2008-10-20 00:00:00-04:00,6.44824080075655,6.44824080075655,5.9201151015982285,6.1926960945129395,10400800,0.0,0.0
2008-10-21 00:00:00-04:00,6.090478813731472,6.124551389530985,5.732716361659445,5.741234302520752,13195000,0.0,0.0
2008-10-22 00:00:00-04:00,5.783827639432278,5.962708940130375,5.451619683640376,5.596428394317627,15044000,0.0,0.0
2008-10-23 00:00:00-04:00,5.545317518761428,5.604944326805853,5.179036698250062,5.3749542236328125,13572300,0.0,0.0
2008-10-24 00:00:00-04:00,4.872385134509951,5.400511124009158,4.778685709395557,5.187557220458984,18567700,0.0,0.0
2008-10-27 00:00:00-04:00,5.119410134942581,5.451617987367917,5.051264569927089,5.16200065612793,11212000,0.0,0.0
2008-10-28 00:00:00-04:00,5.374955528255222,5.562355157765081,4.897938917231353,5.528282165527344,16519500,0.0,0.0
2008-10-29 00:00:00-04:00,5.570872904489454,6.090480432830708,5.323846461184665,5.911599159240723,15785200,0.0,0.0
2008-10-30 00:00:00-04:00,6.030852577649218,6.456760250151871,6.0138162869961995,6.116034030914307,14488200,0.0,0.0
2008-10-31 00:00:00-04:00,5.954188875625892,6.116033834726566,5.673089885779477,5.9286346435546875,9627300,0.0,0.0
2008-11-03 00:00:00-05:00,5.886046577434095,5.954191770997502,5.579393206398763,5.707165241241455,9622200,0.0,0.0
2008-11-04 00:00:00-05:00,6.150108450097231,6.550462009349219,6.056409026593429,6.269362926483154,22081600,0.0,0.0
2008-11-05 00:00:00-05:00,6.209733584544967,6.448242050337137,6.0564069747924805,6.0564069747924805,9703600,0.0,0.0
2008-11-06 00:00:00-05:00,5.996778576619356,6.107514642736061,5.59642563796749,5.639016151428223,11520200,0.0,0.0
2008-11-07 00:00:00-05:00,5.681609208976732,5.715681795037203,5.366437584828736,5.528282165527344,10506000,0.0,0.0
2008-11-10 00:00:00-05:00,5.707162998064487,5.749753930390122,5.204592189979055,5.255701065063477,7944700,0.0,0.0
2008-11-11 00:00:00-05:00,5.230146113468282,5.289773333943519,4.940529171876067,5.196073532104492,8950800,0.0,0.0
2008-11-12 00:00:00-05:00,5.204593258875135,5.204593258875135,4.846830653631264,4.880903244018555,8660300,0.0,0.0
2008-11-13 00:00:00-05:00,4.855347721208081,5.2557011952163055,4.497585586757461,5.247182846069336,12853000,0.0,0.0
2008-11-14 00:00:00-05:00,5.230145582593404,5.230145582593404,4.761647433306601,4.949046611785889,10727900,0.0,0.0
2008-11-17 00:00:00-05:00,4.846827633402302,5.034226763757405,4.693501072202673,4.838309288024902,9416000,0.0,0.0
2008-11-18 00:00:00-05:00,4.880901917186277,5.000155951123586,4.616839210379348,4.727575302124023,10809400,0.0,0.0
2008-11-19 00:00:00-05:00,4.659429937484588,4.787202325380067,4.293149471282959,4.293149471282959,9589400,0.0,0.0
2008-11-20 00:00:00-05:00,4.199450158318495,4.472031257372645,4.012050931965641,4.071678161621094,18176900,0.0,0.0
2008-11-21 00:00:00-05:00,4.156858526400238,4.361293991873776,3.8161323444338446,4.352776050567627,17064800,0.0,0.0
2008-11-24 00:00:00-05:00,4.506101609179366,4.719055372963559,4.327220415106478,4.710537433624268,11887500,0.0,0.0
2008-11-25 00:00:00-05:00,4.659430798301653,4.81275785457387,4.497586204067889,4.548695087432861,9530500,0.0,0.0
2008-11-26 00:00:00-05:00,4.514621222460111,4.940528869628906,4.420921426353364,4.940528869628906,9407400,0.0,0.0
2008-11-28 00:00:00-05:00,4.872383304893065,4.983119390639476,4.770165567055077,4.940528869628906,2579100,0.0,0.0
2008-12-01 00:00:00-05:00,4.838312337153219,4.838312337153219,4.43795919418335,4.43795919418335,8756000,0.0,0.0
2008-12-02 00:00:00-05:00,4.506102990184911,4.54869391846561,4.225004000828442,4.335740089416504,15831000,0.0,0.0
2008-12-03 00:00:00-05:00,4.761647932924261,5.2642187128488125,4.6849844215047485,5.221628189086914,27266900,0.0,0.0
2008-12-04 00:00:00-05:00,5.068300488554095,5.162000278185,4.727574719309268,4.8553466796875,11402100,0.0,0.0
2008-12-05 00:00:00-05:00,4.92349180376897,4.92349180376897,4.514620510701038,4.9064555168151855,12297600,0.0,0.0
2008-12-08 00:00:00-05:00,5.068302491148654,5.068302491148654,4.710540292082101,4.880903244018555,13472900,0.0,0.0
2008-12-09 00:00:00-05:00,4.821275482418148,5.604945788290484,4.702021429056745,5.4516191482543945,23738900,0.0,0.0
2008-12-10 00:00:00-05:00,5.494208030354457,5.962706565856934,5.3664360717421005,5.53679895401001,20156700,0.0,0.0
2008-12-11 00:00:00-05:00,5.460135729325069,5.664571604536016,5.230145623573486,5.272736549377441,10432600,0.0,0.0
2008-12-12 00:00:00-05:00,5.170520612879743,5.6816098693697406,5.110893377254607,5.596428394317627,16580200,0.0,0.0
2008-12-15 00:00:00-05:00,5.6134644410486425,5.715682206590163,5.366437971234654,5.656054973602295,10861700,0.0,0.0
2008-12-16 00:00:00-05:00,5.758272048137417,6.252324893628348,5.732717408532583,6.209733963012695,23040600,0.0,0.0
2008-12-17 00:00:00-05:00,6.0138162869961995,6.448242307913966,5.9371527759690155,6.116034030914307,28005400,0.0,0.0
2008-12-18 00:00:00-05:00,6.1586258413008395,6.192698427479154,5.715681814805475,5.826417922973633,20337400,0.0,0.0
2008-12-19 00:00:00-05:00,5.937152217365319,6.184179017858093,5.894561697828556,6.0734429359436035,17609200,0.0,0.0
2008-12-22 00:00:00-05:00,5.9797441651110415,6.201216366793084,5.69864514465094,5.8690080642700195,15502200,0.0,0.0
2008-12-23 00:00:00-05:00,5.826417243669158,5.954189223852217,5.536799888742823,5.613463401794434,10113700,0.0,0.0
2008-12-24 00:00:00-05:00,5.562352612699047,5.673088263639619,5.545316327463799,5.587906837463379,3091800,0.0,0.0
2008-12-26 00:00:00-05:00,5.621981195697542,5.656053777002959,5.366436835906913,5.494208812713623,4735000,0.0,0.0
2008-12-29 00:00:00-05:00,5.502727268786307,5.536799850758334,5.153483100484413,5.340882301330566,16014000,0.0,0.0
2008-12-30 00:00:00-05:00,5.443101092302147,5.664573323819402,5.289774443989866,5.656054973602295,10734600,0.0,0.0
2008-12-31 00:00:00-05:00,5.570873047038825,5.749754325206084,5.511245818923985,5.681609153747559,6969500,0.0,0.0
2009-01-02 00:00:00-05:00,5.681608189220323,6.17566100459997,5.579390449385333,6.0564069747924805,10972000,0.0,0.0
2009-01-05 00:00:00-05:00,5.9627076661490515,6.218252442883472,5.937153026004719,5.979743957519531,12329400,0.0,0.0
2009-01-06 00:00:00-05:00,5.97974337919928,6.584532273626064,5.97974337919928,6.507868766784668,17849300,0.0,0.0
2009-01-07 00:00:00-05:00,6.2608429838268655,6.371579081099617,5.962707681011724,6.226770401000977,14302000,0.0,0.0
2009-01-08 00:00:00-05:00,6.158624341740313,6.260842075386312,5.996779393712233,6.2012152671813965,10463000,0.0,0.0
2009-01-09 00:00:00-05:00,6.201216424851592,6.260843244187902,5.800862950732611,5.843453884124756,15492900,0.0,0.0
2009-01-12 00:00:00-05:00,5.766790193905725,5.817899068740405,5.42606395549729,5.553836345672607,11036000,0.0,0.0
2009-01-13 00:00:00-05:00,5.485691107596274,5.800862701383361,5.238664679365615,5.434582233428955,18447300,0.0,0.0
2009-01-14 00:00:00-05:00,5.366436282273823,5.451617726749548,5.2216276235765084,5.3749542236328125,11097700,0.0,0.0
2009-01-15 00:00:00-05:00,5.374954012766921,5.664571318799517,5.289772571632966,5.53679895401001,11092200,0.0,0.0
2009-01-16 00:00:00-05:00,5.647535252132299,5.851970718874038,5.298290720516078,5.3749542236328125,26164700,0.0,0.0
2009-01-20 00:00:00-05:00,5.323845589609949,5.357918168889278,4.821274435974071,4.940528869628906,21009800,0.0,0.0
2009-01-21 00:00:00-05:00,5.00867475643559,5.2557011952163055,4.983120115171924,5.247182846069336,14166600,0.0,0.0
2009-01-22 00:00:00-05:00,5.0938540767419775,5.383471327215005,4.949045451505463,5.289771556854248,20009900,0.0,0.0
2009-01-23 00:00:00-05:00,5.187555917804948,5.843453759789015,5.110892401801215,5.749753952026367,21259900,0.0,0.0
2009-01-26 00:00:00-05:00,5.758272750617002,6.030853440043524,5.604945706637317,5.826417922973633,14628500,0.0,0.0
2009-01-27 00:00:00-05:00,5.911598685092922,6.226770272833748,5.903080336473171,6.133070468902588,12287900,0.0,0.0
2009-01-28 00:00:00-05:00,6.252323552642793,6.4397227135688,6.167141709681116,6.4056501388549805,14549200,0.0,0.0
2009-01-29 00:00:00-05:00,6.277877705444452,6.328986566903416,6.081960200096526,6.158623695373535,10584500,0.0,0.0
2009-01-30 00:00:00-05:00,6.133070450375407,6.328988000088419,6.047888995321318,6.209733963012695,14751200,0.0,0.0
2009-02-02 00:00:00-05:00,6.09047962154364,6.354542322102452,6.04788869305662,6.25232458114624,8570600,0.0,0.0
2009-02-03 00:00:00-05:00,6.252324464817493,6.414169421408857,6.107515798068524,6.380096435546875,11398100,0.0,0.0
2009-02-04 00:00:00-05:00,6.371579202230162,6.77193226113411,6.20973422764173,6.541942119598389,18363100,0.0,0.0
2009-02-05 00:00:00-05:00,6.754895165593489,6.993403627704747,6.644159485569834,6.882667541503906,26022100,0.0,0.0
2009-02-06 00:00:00-05:00,6.8826675925167855,7.1893208095620125,6.848595012845093,7.053030490875244,15019500,0.0,0.0
2009-02-09 00:00:00-05:00,7.129695531977576,7.155249769140021,6.874150723289456,6.950814247131348,12027400,0.0,0.0
2009-02-10 00:00:00-05:00,6.950811840971284,7.053029566590947,6.550458879205701,6.678231239318848,15758000,0.0,0.0
2009-02-11 00:00:00-05:00,6.788967521197394,6.857113083966298,6.52490483631585,6.669713497161865,11769500,0.0,0.0
2009-02-12 00:00:00-05:00,6.627123707505442,6.76341403570431,6.4056515180050635,6.7548956871032715,18204700,0.0,0.0
2009-02-13 00:00:00-05:00,6.831559142151412,7.061548852283214,6.746377286633335,6.976366996765137,12142400,0.0,0.0
2009-02-17 00:00:00-05:00,6.729341896630124,6.763414480922752,6.260843253340609,6.3375067710876465,20966700,0.0,0.0
2009-02-18 00:00:00-05:00,6.499350870620842,6.584532319832826,6.1671426094283195,6.380096435546875,11596300,0.0,0.0
2009-02-19 00:00:00-05:00,6.439724072352484,6.584532748529455,5.928634937628106,5.96270751953125,12412300,0.0,0.0
2009-02-20 00:00:00-05:00,5.8775262092966525,6.098997997112889,5.596427198595125,5.979743957519531,22824600,0.0,0.0
2009-02-23 00:00:00-05:00,6.047887649225343,6.047887649225343,5.587907488135173,5.63049840927124,10331500,0.0,0.0
2009-02-24 00:00:00-05:00,5.979743608558057,6.397133332042926,5.920116389152447,6.371578693389893,21835800,0.0,0.0
2009-02-25 00:00:00-05:00,6.3460238113290455,6.6697137222402905,6.209733493546284,6.507868766784668,19813000,0.0,0.0
2009-02-26 00:00:00-05:00,6.541941615897077,6.780450088025702,6.38009665377001,6.3971333503723145,10919000,0.0,0.0
2009-02-27 00:00:00-05:00,6.328987782494704,6.524905325471975,6.158624878243688,6.3971333503723145,13436500,0.0,0.0
2009-03-02 00:00:00-05:00,6.235287885008511,6.490832220760599,6.022334068793185,6.0734429359436035,14385200,0.0,0.0
2009-03-03 00:00:00-05:00,6.184179599703587,6.311951576512616,5.954189066622034,6.116034030914307,10958800,0.0,0.0
2009-03-04 00:00:00-05:00,6.252325837186633,6.635642645866192,6.150107669518443,6.456761360168457,13855600,0.0,0.0
2009-03-05 00:00:00-05:00,6.337504989427342,6.703785370689465,6.311950355303413,6.4056501388549805,24576200,0.0,0.0
2009-03-06 00:00:00-05:00,7.070066563520707,7.070066563520707,6.771930908414232,6.865631103515625,39080800,0.0,0.0
2009-03-09 00:00:00-04:00,6.8315601012565494,7.240431115495554,6.499351792921489,6.533424377441406,21100400,0.0,0.0
2009-03-10 00:00:00-04:00,6.79748681216688,7.155248933921155,6.754895880297995,7.070067882537842,19271100,0.0,0.0
2009-03-11 00:00:00-04:00,7.172287197769964,7.470422973599414,7.129696256600809,7.359686851501465,18919100,0.0,0.0
2009-03-12 00:00:00-04:00,7.33413232996411,7.615231424719741,7.325614790997798,7.547086238861084,14441400,0.0,0.0
2009-03-13 00:00:00-04:00,7.538565777270141,7.785592183326839,7.385238762354128,7.649301052093506,15746100,0.0,0.0
2009-03-16 00:00:00-04:00,7.5896734355022595,7.666336934827219,7.078584793926354,7.146729946136475,12599300,0.0,0.0
2009-03-17 00:00:00-04:00,7.2148765891703,7.572639118375734,7.112658839733671,7.564120769500732,19073600,0.0,0.0
2009-03-18 00:00:00-04:00,7.547084541923041,8.092246718568997,7.521530306060507,8.058174133300781,27449300,0.0,0.0
2009-03-19 00:00:00-04:00,8.075208126607466,8.09224482142475,7.4959743128432645,7.555601119995117,20827600,0.0,0.0
2009-03-20 00:00:00-04:00,7.6748580609798545,7.802630064551028,7.274504537513141,7.453385829925537,13157900,0.0,0.0
2009-03-23 00:00:00-04:00,7.478937615684997,7.904845237731934,7.478937615684997,7.904845237731934,11264100,0.0,0.0
2009-03-24 00:00:00-04:00,7.95595554091248,7.972991425577977,7.6833748874291246,7.802628517150879,12777800,0.0,0.0
2009-03-25 00:00:00-04:00,7.947432567480989,8.25408562419637,7.5470793563926675,7.819660663604736,16423100,0.0,0.0
2009-03-26 00:00:00-04:00,7.887812726898387,8.245575347330817,7.819667543230749,8.220020294189453,13769300,0.0,0.0
2009-03-27 00:00:00-04:00,8.092245583984035,8.151872396754719,7.845219172335539,7.896328449249268,7088300,0.0,0.0
2009-03-30 00:00:00-04:00,7.862255404300712,7.879292101477278,7.555602166312435,7.700410842895508,9204500,0.0,0.0
2009-03-31 00:00:00-04:00,7.777074283975422,7.99854647110786,7.700410772094621,7.802628517150879,9178000,0.0,0.0
2009-04-01 00:00:00-04:00,7.666337059913807,8.168908174929289,7.564119329930806,8.066690444946289,13392200,0.0,0.0
2009-04-02 00:00:00-04:00,8.21149829644677,8.594814949515309,8.117798110519328,8.407415390014648,15637700,0.0,0.0
2009-04-03 00:00:00-04:00,8.5862983886089,8.679997781666845,8.271126816663752,8.569262504577637,18897200,0.0,0.0
2009-04-06 00:00:00-04:00,8.305198926866408,8.330753157643702,8.007063255832028,8.288162231445312,13330000,0.0,0.0
2009-04-07 00:00:00-04:00,8.134835598268289,8.177426522183117,7.921881791048461,8.066690444946289,8584700,0.0,0.0
2009-04-08 00:00:00-04:00,8.09225019593025,8.569267407021224,8.09225019593025,8.560749053955078,15374900,0.0,0.0
2009-04-09 00:00:00-04:00,8.79073759702649,9.1144276543591,8.731110759112896,8.918510437011719,15527900,0.0,0.0
2009-04-13 00:00:00-04:00,8.94406084610213,8.94406084610213,8.475562258359234,8.714070320129395,12702100,0.0,0.0
2009-04-14 00:00:00-04:00,8.654442476561464,9.165531931810552,8.57777897703867,8.773696899414062,15126400,0.0,0.0
2009-04-15 00:00:00-04:00,8.714070100936505,9.003687431978175,8.49259874104085,8.78221607208252,23020200,0.0,0.0
2009-04-16 00:00:00-04:00,8.961098850338807,9.097389191242826,8.74814498958765,9.046279907226562,11098000,0.0,0.0
2009-04-17 00:00:00-04:00,8.927026868131662,8.995172861742677,8.773700616482135,8.8759183883667,6926300,0.0,0.0
2009-04-20 00:00:00-04:00,8.603334639225064,8.662961448776606,8.305198966758654,8.339271545410156,9774300,0.0,0.0
2009-04-21 00:00:00-04:00,8.373346485292712,8.560746126898673,8.177429305887749,8.415937423706055,13992200,0.0,0.0
2009-04-22 00:00:00-04:00,8.185944860535637,8.88443396917452,8.134836396704978,8.620370864868164,13395300,0.0,0.0
2009-04-23 00:00:00-04:00,8.68851714873394,8.69703549792569,8.26260943740037,8.662962913513184,11293300,0.0,0.0
2009-04-24 00:00:00-04:00,8.679998644916244,8.935543429634997,8.441490558277497,8.867398262023926,10709900,0.0,0.0
2009-04-27 00:00:00-04:00,8.78221697328246,9.191087967989212,8.714070995143548,8.927024841308594,11060400,0.0,0.0
2009-04-28 00:00:00-04:00,8.833327075960087,8.833327075960087,8.560746362383991,8.645927429199219,10844700,0.0,0.0
2009-04-29 00:00:00-04:00,8.739626772316576,9.06331674303436,8.620372316045438,8.790735244750977,12919700,0.0,0.0
2009-04-30 00:00:00-04:00,8.80776888635405,9.582920552151396,8.79925053978712,9.352930068969727,24823100,0.0,0.0
2009-05-01 00:00:00-04:00,9.51477777071074,9.71921326503604,9.318859812716498,9.58292293548584,15954400,0.0,0.0
2009-05-04 00:00:00-04:00,9.710694157307728,10.162156854096935,9.710694157307728,9.872539520263672,16159800,0.0,0.0
2009-05-05 00:00:00-04:00,9.79587804895973,9.846987335346826,9.421079594087708,9.616996765136719,13255700,0.0,0.0
2009-05-06 00:00:00-04:00,9.727733274713676,9.983278092431318,9.421079980865256,9.889577865600586,20566100,0.0,0.0
2009-05-07 00:00:00-04:00,10.000315155677589,10.034387747887466,9.029245871518766,9.29330825805664,15874000,0.0,0.0
2009-05-08 00:00:00-04:00,9.24219380119562,9.25922968011018,8.569259930810466,9.003684997558594,21808200,0.0,0.0
2009-05-11 00:00:00-04:00,8.816289548911566,9.335896640678607,8.773698617242754,9.131461143493652,13313000,0.0,0.0
2009-05-12 00:00:00-04:00,9.20812275306953,9.242195328884828,8.688514956443406,8.82480525970459,9990700,0.0,0.0
2009-05-13 00:00:00-04:00,8.77369571798334,8.833322515203388,8.501114332789873,8.6799955368042,11027900,0.0,0.0
2009-05-14 00:00:00-04:00,8.697036645907488,9.21664382987336,8.628891468087525,9.097390174865723,10268800,0.0,0.0
2009-05-15 00:00:00-04:00,9.097387044132237,9.293304159853955,8.944060040625278,9.105904579162598,9478400,0.0,0.0
2009-05-18 00:00:00-04:00,9.497741491741879,9.668105223539069,9.301824337471379,9.608477592468262,16505300,0.0,0.0
2009-05-19 00:00:00-04:00,9.540330739900098,9.940684139155236,9.46366723660078,9.702176094055176,14175000,0.0,0.0
2009-05-20 00:00:00-04:00,9.795877210032485,9.898094961698112,9.480705605974846,9.608477592468262,11948300,0.0,0.0
2009-05-21 00:00:00-04:00,9.523295896923576,9.668104571776412,9.31885959501965,9.446632385253906,12384900,0.0,0.0
2009-05-22 00:00:00-04:00,9.421078353985498,9.49774105494316,9.165533580396628,9.335896492004395,9942000,0.0,0.0
2009-05-26 00:00:00-04:00,9.182568275205616,9.923647453912187,9.165532392430123,9.898093223571777,16387300,0.0,0.0
2009-05-27 00:00:00-04:00,9.966240380397009,10.145121653404203,9.736250636447474,9.795877456665039,24063400,0.0,0.0
2009-05-28 00:00:00-04:00,9.9917914230408,10.017346462700484,9.506257042466162,9.957718849182129,21394700,0.0,0.0
2009-05-29 00:00:00-04:00,9.932162204244223,10.085489155463362,9.378482810725844,9.736245155334473,27548100,0.0,0.0
2009-06-01 00:00:00-04:00,9.923649602840756,10.409184958575391,9.812914309934895,10.332521438598633,20414300,0.0,0.0
2009-06-02 00:00:00-04:00,9.84698657222736,9.940685975595233,9.335896997382898,9.50625991821289,25318800,0.0,0.0
2009-06-03 00:00:00-04:00,9.199608112080822,9.395525298855263,9.046281052967181,9.182571411132812,17912100,0.0,0.0
2009-06-04 00:00:00-04:00,9.26775086925229,9.69365853339612,9.225159940367025,9.659585952758789,12321200,0.0,0.0
2009-06-05 00:00:00-04:00,9.710695799441481,9.846986953740444,9.455151814472904,9.685141563415527,12145600,0.0,0.0
2009-06-08 00:00:00-04:00,9.489222297533766,9.62551260928183,9.293304365130174,9.548849105834961,8459300,0.0,0.0
2009-06-09 00:00:00-04:00,10.042903857486863,11.022491274146269,10.008831272881869,10.937310218811035,48117900,0.0,0.0
2009-06-10 00:00:00-04:00,10.903236321903375,11.013972411630139,10.485847007640155,11.005454063415527,20916200,0.0,0.0
2009-06-11 00:00:00-04:00,10.835091197009806,10.945827287105665,10.553992203825857,10.656209945678711,14575800,0.0,0.0
2009-06-12 00:00:00-04:00,10.673244891901676,10.69028158689059,10.30696488553764,10.50288200378418,9840900,0.0,0.0
2009-06-15 00:00:00-04:00,10.409186981894601,10.673249366081954,10.255859912137641,10.622140884399414,10986700,0.0,0.0
2009-06-16 00:00:00-04:00,10.656209462397117,10.732872968398507,10.170674195173106,10.179192543029785,13230200,0.0,0.0
2009-06-17 00:00:00-04:00,10.179190545076994,10.298444954600381,9.753282984091728,9.932164192199707,28116100,0.0,0.0
2009-06-18 00:00:00-04:00,10.008831345369543,10.025868043972674,9.51477845884179,9.599960327148438,18644400,0.0,0.0
2009-06-19 00:00:00-04:00,9.795874949715717,10.247336785156456,9.770320720784355,10.230300903320312,22292600,0.0,0.0
2009-06-22 00:00:00-04:00,10.519920152330041,10.54547438598996,9.753285831342524,9.778840065002441,29846500,0.0,0.0
2009-06-23 00:00:00-04:00,9.702174965342216,9.89809206222217,9.412557680950771,9.812911033630371,19013600,0.0,0.0
2009-06-24 00:00:00-04:00,9.966238884859566,10.145120131023775,9.889575377595708,10.025866508483887,11422400,0.0,0.0
2009-06-25 00:00:00-04:00,9.966240744244487,10.289930717329753,9.846987099455646,10.221785545349121,11954700,0.0,0.0
2009-06-26 00:00:00-04:00,10.196230805538633,10.392147962221532,10.017349534832535,10.051422119140625,16625500,0.0,0.0
2009-06-29 00:00:00-04:00,10.085496850464857,10.162160384566935,9.881061301095757,9.940688133239746,10205800,0.0,0.0
2009-06-30 00:00:00-04:00,10.04290452019448,10.119568043703183,9.753287125763626,9.915132522583008,8914200,0.0,0.0
2009-07-01 00:00:00-04:00,9.974759521350732,10.264376920858737,9.889577646546767,10.000313758850098,7905300,0.0,0.0
2009-07-02 00:00:00-04:00,9.881061301095757,10.008833316362779,9.736252583870646,9.940688133239746,9181100,0.0,0.0
2009-07-06 00:00:00-04:00,9.881057056351725,9.99179232209056,9.48922201554302,9.710693359375,6850500,0.0,0.0
2009-07-07 00:00:00-04:00,10.094013182461861,10.264376106193831,9.761804871918645,9.795877456665039,18813100,0.0,0.0
2009-07-08 00:00:00-04:00,9.898094961698112,9.906613310758868,9.395523740076252,9.608477592468262,12690900,0.0,0.0
2009-07-09 00:00:00-04:00,9.761805475565604,10.076977107047842,9.651069365203538,9.915132522583008,11749700,0.0,0.0
2009-07-10 00:00:00-04:00,9.864021631754978,10.068457119623977,9.770322236236959,9.949203491210938,9068500,0.0,0.0
2009-07-13 00:00:00-04:00,9.957721410937653,10.145121021548498,9.659586516063687,10.128085136413574,10978500,0.0,0.0
2009-07-14 00:00:00-04:00,10.111048476435105,10.511401933021672,10.051421659709991,10.417701721191406,17565500,0.0,0.0
2009-07-15 00:00:00-04:00,10.843607774031243,10.988416431939733,10.724354158592012,10.852126121520996,16565200,0.0,0.0
2009-07-16 00:00:00-04:00,10.809538594486792,11.329146581743839,10.749911768023034,11.167301177978516,17725200,0.0,0.0
2009-07-17 00:00:00-04:00,11.201371887117732,11.226926933333223,10.920272877582923,11.218408584594727,7221100,0.0,0.0
2009-07-20 00:00:00-04:00,11.37173399208001,11.4824692604837,11.073598327550382,11.448396682739258,8357900,0.0,0.0
2009-07-21 00:00:00-04:00,11.448398675604118,11.627279942989547,11.065081906165188,11.593207359313965,16756600,0.0,0.0
2009-07-22 00:00:00-04:00,11.576168342168813,11.99355758237481,11.499504846548476,11.90837574005127,14350800,0.0,0.0
2009-07-23 00:00:00-04:00,11.933930780160884,11.985039235671607,11.746531214461644,11.90837574005127,12243300,0.0,0.0
2009-07-24 00:00:00-04:00,11.627278559908184,11.763569690752966,11.380252154555732,11.567651748657227,12401900,0.0,0.0
2009-07-27 00:00:00-04:00,11.5420963831312,11.746531840783032,11.422841959990485,11.678386688232422,7619900,0.0,0.0
2009-07-28 00:00:00-04:00,11.644312395835334,12.053183250880204,11.627275704031375,12.019110679626465,10710700,0.0,0.0
2009-07-29 00:00:00-04:00,11.865788499865978,11.9083786189699,11.593207025945066,11.712461471557617,9809100,0.0,0.0
2009-07-30 00:00:00-04:00,11.916897723568818,11.925416072871664,11.490990006680544,11.576171875,22035600,0.0,0.0
2009-07-31 00:00:00-04:00,11.47395441420385,11.703944164787742,11.2780364369947,11.363218307495117,12340400,0.0,0.0
2009-08-03 00:00:00-04:00,11.473952621420151,11.86578770226043,11.473952621420151,11.755051612854004,11017900,0.0,0.0
2009-08-04 00:00:00-04:00,11.81468061971563,12.325770233072655,11.678390272781638,12.036152839660645,14301900,0.0,0.0
2009-08-05 00:00:00-04:00,12.036151429294833,12.129850828743859,11.695424789530788,11.959487915039062,11559300,0.0,0.0
2009-08-06 00:00:00-04:00,11.831716667603864,12.02763382744231,11.533580940840272,11.576171875,9607200,0.0,0.0
2009-08-07 00:00:00-04:00,11.92541294837572,11.933931295446733,11.397287615287311,11.533577919006348,11034200,0.0,0.0
2009-08-10 00:00:00-04:00,11.533582470932455,11.644318589496653,11.29507434529282,11.346182823181152,6951000,0.0,0.0
2009-08-11 00:00:00-04:00,11.31210860289828,11.533580808096263,11.18433661424417,11.337663650512695,9810100,0.0,0.0
2009-08-12 00:00:00-04:00,11.337663470523824,11.840233880311487,11.320626772384676,11.738016128540039,8237500,0.0,0.0
2009-08-13 00:00:00-04:00,11.806160331203213,12.146886954940559,11.66987000665004,12.138368606567383,11343700,0.0,0.0
2009-08-14 00:00:00-04:00,11.985040138151671,12.078740334234093,11.593205096195641,11.66135025024414,7508900,0.0,0.0
2009-08-17 00:00:00-04:00,11.439879178534182,11.49098763911202,11.252479594255327,11.3035888671875,7666200,0.0,0.0
2009-08-18 00:00:00-04:00,11.422845279977738,11.720981018303895,11.422845279977738,11.652835845947266,9279100,0.0,0.0
2009-08-19 00:00:00-04:00,11.48247009241123,11.908377751251784,11.329143887629616,11.857269287109375,10599500,0.0,0.0
2009-08-20 00:00:00-04:00,11.89134137778077,12.053185924041447,11.755051062539284,11.933932304382324,9284200,0.0,0.0
2009-08-21 00:00:00-04:00,12.061705353402818,12.172441447554796,11.789124698477604,12.121332168579102,8104700,0.0,0.0
2009-08-24 00:00:00-04:00,12.206513570429152,12.266140383363338,11.79764260341576,11.848751068115234,10845700,0.0,0.0
2009-08-25 00:00:00-04:00,11.840233630520203,12.027633244324894,11.72097999547996,12.002079010009766,8819700,0.0,0.0
2009-08-26 00:00:00-04:00,12.036151211552976,12.30021351992974,11.925415116559535,12.266140937805176,11495000,0.0,0.0
2009-08-27 00:00:00-04:00,12.232070352199033,12.479096816010388,11.933935413036123,12.462060928344727,20595700,0.0,0.0
2009-08-28 00:00:00-04:00,13.33942902142635,13.501274402192015,12.939075556345168,13.083884239196777,26351400,0.0,0.0
2009-08-31 00:00:00-04:00,12.973143323974208,13.066843503009533,12.862408078057461,12.990180015563965,10698000,0.0,0.0
2009-09-01 00:00:00-04:00,12.94759290839334,13.373500575198085,12.709084842441918,12.794266700744629,13278200,0.0,0.0
2009-09-02 00:00:00-04:00,12.734640915470402,12.896486307165448,12.632423158146729,12.692049980163574,9211800,0.0,0.0
2009-09-03 00:00:00-04:00,12.709081825709353,12.887963035800801,12.683527599226064,12.751672744750977,10305100,0.0,0.0
2009-09-04 00:00:00-04:00,12.777231152980722,13.373501777648926,12.70056763608612,13.373501777648926,9210700,0.0,0.0
2009-09-08 00:00:00-04:00,13.501271387939386,13.884587257174113,13.441643770906936,13.841997146606445,12251800,0.0,0.0
2009-09-09 00:00:00-04:00,13.765338146256912,13.944220243457693,13.62052944841213,13.901628494262695,9993200,0.0,0.0
2009-09-10 00:00:00-04:00,13.95273551101394,14.233834527499473,13.833481875143997,13.978290557861328,10809100,0.0,0.0
2009-09-11 00:00:00-04:00,14.242354364277151,14.242354364277151,13.64608449792913,13.901628494262695,10250600,0.0,0.0
2009-09-14 00:00:00-04:00,13.765336860307366,13.969772363217798,13.705710041713775,13.773855209350586,7130800,0.0,0.0
2009-09-15 00:00:00-04:00,13.7908911055915,13.935699781488713,13.705709244820989,13.807926177978516,10270400,0.0,0.0
2009-09-16 00:00:00-04:00,13.901624889279516,14.046433549572372,13.57793499052809,13.995325088500977,13857900,0.0,0.0
2009-09-17 00:00:00-04:00,13.910145702900847,14.14013625555789,13.560901511699697,13.569419860839844,11558100,0.0,0.0
2009-09-18 00:00:00-04:00,13.714228065933566,13.833481700296208,13.526828453193685,13.68867301940918,11027700,0.0,0.0
2009-09-21 00:00:00-04:00,13.62904562738517,13.62904562738517,13.30535569625224,13.424610137939453,9924600,0.0,0.0
2009-09-22 00:00:00-04:00,13.50127092890283,13.722743070683618,13.390534858012435,13.612006187438965,7243300,0.0,0.0
2009-09-23 00:00:00-04:00,13.867553530578862,14.089025701334927,13.79089002436681,13.81644344329834,10599900,0.0,0.0
2009-09-24 00:00:00-04:00,13.884590536355468,13.884590536355468,13.24572979106091,13.373501777648926,10309300,0.0,0.0
2009-09-25 00:00:00-04:00,13.177584367224707,13.552382782994743,13.049811570764529,13.390538215637207,12043900,0.0,0.0
2009-09-28 00:00:00-04:00,13.433127536946818,14.037915614054405,13.433127536946818,13.81644344329834,8663400,0.0,0.0
2009-09-29 00:00:00-04:00,13.799410545931897,13.9186641856205,13.458683888246403,13.560901641845703,8903900,0.0,0.0
2009-09-30 00:00:00-04:00,13.612012394135418,13.884593116090635,13.38202261307436,13.790894508361816,10802600,0.0,0.0
2009-10-01 00:00:00-04:00,13.756817273434748,13.79089066654173,12.73463903850304,12.743157386779785,13054600,0.0,0.0
2009-10-02 00:00:00-04:00,12.581314505093573,13.25424867374896,12.57279615568356,12.85389518737793,11535800,0.0,0.0
2009-10-05 00:00:00-04:00,12.947589098943741,13.152024523895813,12.760189553227258,12.990180015563965,7876100,0.0,0.0
2009-10-06 00:00:00-04:00,13.092400618734304,13.382017940871943,13.032773809713381,13.186100006103516,8271700,0.0,0.0
2009-10-07 00:00:00-04:00,13.194621471645128,13.194621471645128,12.768713735473074,12.879449844360352,11174500,0.0,0.0
2009-10-08 00:00:00-04:00,12.998704064489123,13.007222414021394,12.54724128753307,12.692049980163574,14294500,0.0,0.0
2009-10-09 00:00:00-04:00,12.734641486464962,13.33091217043252,12.632423724558057,13.305357933044434,10766900,0.0,0.0
2009-10-12 00:00:00-04:00,13.49275663268287,13.714228840949945,13.177585018927955,13.603492736816406,12106300,0.0,0.0
2009-10-13 00:00:00-04:00,13.52682963582788,13.824964560154513,13.458684463847248,13.629047393798828,12903900,0.0,0.0
2009-10-14 00:00:00-04:00,13.969772208912199,14.0379173757963,13.799410104056413,13.978290557861328,12365800,0.0,0.0
2009-10-15 00:00:00-04:00,13.850516460289757,13.901624921479534,13.399053783105447,13.492753982543945,11581000,0.0,0.0
2009-10-16 00:00:00-04:00,13.31387348632668,13.382018646617121,12.734638811503535,13.203137397766113,19582900,0.0,0.0
2009-10-19 00:00:00-04:00,13.339426524933096,13.492753528046359,13.015736636335271,13.262763023376465,11829700,0.0,0.0
2009-10-20 00:00:00-04:00,13.330912709345759,13.390540348801203,12.905004944672033,12.981668472290039,19022600,0.0,0.0
2009-10-21 00:00:00-04:00,12.964630967175893,13.066848720466416,12.683531942538334,12.768712997436523,13821000,0.0,0.0
2009-10-22 00:00:00-04:00,12.726122012436992,12.794267993376739,12.334286886894516,12.675013542175293,12664000,0.0,0.0
2009-10-23 00:00:00-04:00,12.68353104595889,12.768712094835761,12.25762336451123,12.41946792602539,12362300,0.0,0.0
2009-10-26 00:00:00-04:00,12.887967449119378,13.109439654092757,12.632422659715827,12.768712997436523,21191000,0.0,0.0
2009-10-27 00:00:00-04:00,12.802787006671798,13.066850174658754,12.283179833196629,12.300215721130371,16597100,0.0,0.0
2009-10-28 00:00:00-04:00,12.121330756087811,12.359839613708512,11.644314665555079,11.695423126220703,19794600,0.0,0.0
2009-10-29 00:00:00-04:00,11.814681592278346,12.197998427672774,11.814681592278346,12.129853248596191,10100700,0.0,0.0
2009-10-30 00:00:00-04:00,12.10429487331738,12.112813220879763,11.661350548325508,11.695423126220703,9599500,0.0,0.0
2009-11-02 00:00:00-05:00,11.729496854025667,11.899859748404404,11.499506337348603,11.78060531616211,8150000,0.0,0.0
2009-11-03 00:00:00-05:00,11.678388582819553,11.908378306900563,11.3802528827783,11.874305725097656,7611700,0.0,0.0
2009-11-04 00:00:00-05:00,12.044669468647207,12.462058799590052,11.89986079262958,12.121332168579102,12630900,0.0,0.0
2009-11-05 00:00:00-05:00,12.342805282654814,12.65797689164014,12.274660113812283,12.521686553955078,9843500,0.0,0.0
2009-11-06 00:00:00-05:00,12.436502136081298,12.692046043961025,12.351320291885209,12.547237396240234,7605000,0.0,0.0
2009-11-09 00:00:00-05:00,12.777232940211753,13.066850350166622,12.743160351532039,12.981668472290039,8807900,0.0,0.0
2009-11-10 00:00:00-05:00,13.007222798685728,13.245730906161068,12.870931639202414,13.1690673828125,10999900,0.0,0.0
2009-11-11 00:00:00-05:00,13.288319551279915,13.475718340089513,13.109438298431188,13.237210273742676,8344000,0.0,0.0
2009-11-12 00:00:00-05:00,13.2712822855892,13.458681878717684,12.981664954123646,13.015737533569336,10018200,0.0,0.0
2009-11-13 00:00:00-05:00,13.04129211771398,13.53534490843832,13.007219539469347,13.492753982543945,8528400,0.0,0.0
2009-11-16 00:00:00-05:00,13.620528879358913,13.884591214499197,13.586456293780989,13.83348274230957,10728200,0.0,0.0
2009-11-17 00:00:00-05:00,13.969768269064746,14.02939507018337,13.756814479521966,13.986804962158203,7976100,0.0,0.0
2009-11-18 00:00:00-05:00,13.910144951592182,13.969771767643698,13.697191108717403,13.705709457397461,9034900,0.0,0.0
2009-11-19 00:00:00-05:00,13.279800909478963,13.279800909478963,12.657975306231291,13.007220268249512,20578000,0.0,0.0
2009-11-20 00:00:00-05:00,12.845374636340884,13.058328460965042,12.734638550053797,13.015737533569336,9418300,0.0,0.0
2009-11-23 00:00:00-05:00,13.203135566364951,13.347944214984393,13.152026297059269,13.296834945678711,9349200,0.0,0.0
2009-11-24 00:00:00-05:00,13.330908646661177,13.424608846240567,13.134991524548536,13.33942699432373,8829200,0.0,0.0
2009-11-25 00:00:00-05:00,13.42461156187551,13.577937789045755,13.339429692727423,13.543865203857422,6977400,0.0,0.0
2009-11-27 00:00:00-05:00,13.16906368113249,13.450162646160358,13.092400179333197,13.313872337341309,3157500,0.0,0.0
2009-11-30 00:00:00-05:00,13.322392201628107,13.356464782712397,12.87944783517792,13.134992599487305,12812900,0.0,0.0
2009-12-01 00:00:00-05:00,13.382022427598045,13.705712436610801,13.356468188357585,13.654603958129883,8370200,0.0,0.0
2009-12-02 00:00:00-05:00,13.66312075900759,14.114581913018487,13.629047360745382,14.080510139465332,9868900,0.0,0.0
2009-12-03 00:00:00-05:00,14.216800483096062,14.353090826726792,14.07199178989978,14.080510139465332,12875800,0.0,0.0
2009-12-04 00:00:00-05:00,15.247493972286323,15.503039544271846,14.855659703167499,15.383784294128418,27741100,0.0,0.0
2009-12-07 00:00:00-05:00,15.332675470218419,15.656364570828954,15.170830107558771,15.256011962890625,12992400,0.0,0.0
2009-12-08 00:00:00-05:00,14.983432239260733,15.400821568658898,14.983432239260733,15.213422775268555,13744800,0.0,0.0
2009-12-09 00:00:00-05:00,15.187868613382978,15.56266784667969,15.119723445938936,15.562667846679688,9307700,0.0,0.0
2009-12-10 00:00:00-05:00,15.630807450620422,15.945978128603958,15.554143961444238,15.903388023376465,13051600,0.0,0.0
2009-12-11 00:00:00-05:00,15.945982085657821,15.954500433758854,15.554147821262992,15.698956489562988,10922000,0.0,0.0
2009-12-14 00:00:00-05:00,15.809696746702617,16.20153275926404,15.630816254346454,16.17597770690918,13009700,0.0,0.0
2009-12-15 00:00:00-05:00,16.158942436907036,16.167460788446654,15.920435092635428,15.954506874084473,9232300,0.0,0.0
2009-12-16 00:00:00-05:00,16.03968240052417,16.81483421125997,16.03968240052417,16.644472122192383,18138000,0.0,0.0
2009-12-17 00:00:00-05:00,16.465592757792496,16.63595649947933,16.35485746299239,16.39744758605957,15240300,0.0,0.0
2009-12-18 00:00:00-05:00,16.49114706926126,17.036308418754533,16.448555323388987,17.027790069580078,20630900,0.0,0.0
2009-12-21 00:00:00-05:00,17.019274020597745,17.078900848168644,16.9170570661074,17.00223731994629,9029100,0.0,0.0
2009-12-22 00:00:00-05:00,17.01926752356968,17.249258020438926,16.985195759982705,17.053340911865234,7583300,0.0,0.0
2009-12-23 00:00:00-05:00,17.061862144834592,17.232224241002186,17.002233705231642,17.09593391418457,6278500,0.0,0.0
2009-12-24 00:00:00-05:00,17.206676074859086,17.70924741774353,17.164084319278587,17.61554718017578,5364500,0.0,0.0
2009-12-28 00:00:00-05:00,17.700723243687285,17.871085335837858,17.39406920322391,17.513322830200195,7726400,0.0,0.0
2009-12-29 00:00:00-05:00,17.5388771516509,17.572948918792004,17.13852454566762,17.25777816772461,6186900,0.0,0.0
2009-12-30 00:00:00-05:00,17.513318546898248,17.87959931126702,17.48776513291521,17.743309020996094,10887800,0.0,0.0
2009-12-31 00:00:00-05:00,17.85404173296481,17.94774190346354,17.675161361694336,17.675161361694336,7476100,0.0,0.0
2010-01-04 00:00:00-05:00,17.930716105951316,18.152188336855474,17.837017503240876,17.913681030273438,9389900,0.0,0.0
2010-01-05 00:00:00-05:00,17.879604841467692,18.339585931936533,17.760351206772327,18.254404067993164,13747600,0.0,0.0
2010-01-06 00:00:00-05:00,18.339579112914183,18.5354961898418,18.143660411278248,18.416242599487305,11170800,0.0,0.0
2010-01-07 00:00:00-05:00,18.399210220251604,18.43328198632032,17.939229193008682,17.990339279174805,10261800,0.0,0.0
2010-01-08 00:00:00-05:00,18.00737989219465,18.271443877867554,17.939234714374685,18.194780349731445,12276000,0.0,0.0
2010-01-11 00:00:00-05:00,18.296990343054997,18.373653842024638,17.930709542357512,18.058483123779297,7378200,0.0,0.0
2010-01-12 00:00:00-05:00,18.126630513555078,18.135148861682097,17.257778501104617,17.342960357666016,13538600,0.0,0.0
2010-01-13 00:00:00-05:00,17.487765568759098,17.785899570714317,16.968157808708355,17.624055862426758,15758200,0.0,0.0
2010-01-14 00:00:00-05:00,17.5474008097263,17.581472587178048,17.266301740735113,17.377037048339844,9129100,0.0,0.0
2010-01-15 00:00:00-05:00,17.53887671721369,17.547395064965155,16.644471324523163,16.678543090820312,15970300,0.0,0.0
2010-01-19 00:00:00-05:00,16.82335076909263,17.377030342880538,16.74668726852261,17.334440231323242,11612300,0.0,0.0
2010-01-20 00:00:00-05:00,17.164078745120204,17.291850720948133,16.7040993071979,17.010751724243164,10963900,0.0,0.0
2010-01-21 00:00:00-05:00,17.377035120541596,17.632580734271198,16.9681640882251,17.078899383544922,12628700,0.0,0.0
2010-01-22 00:00:00-05:00,17.027792356681104,17.078900833883527,15.980059638130829,16.02264976501465,18306900,0.0,0.0
2010-01-25 00:00:00-05:00,16.235597807521273,16.5166967680631,16.090789153623444,16.133380889892578,13255400,0.0,0.0
2010-01-26 00:00:00-05:00,16.07375986692627,16.371894004531406,15.911914460291197,16.02264976501465,14048100,0.0,0.0
2010-01-27 00:00:00-05:00,16.014125458687936,16.35485284587122,15.937461959042555,16.235597610473633,9173900,0.0,0.0
2010-01-28 00:00:00-05:00,16.21856607428069,16.235601147584266,15.55414947417287,15.758584976196289,13266100,0.0,0.0
2010-01-29 00:00:00-05:00,15.971532097186142,16.048195581229297,14.69380952941125,14.847136497497559,20411400,0.0,0.0
2010-02-01 00:00:00-05:00,14.923808091341593,15.818213724932933,14.923808091341593,15.801177024841309,16483500,0.0,0.0
2010-02-02 00:00:00-05:00,15.698958628077468,15.988576004129182,15.622295109433837,15.877839088439941,10445100,0.0,0.0
2010-02-03 00:00:00-05:00,15.758583069262109,16.19300906775817,15.724509677360262,16.15041732788086,10463300,0.0,0.0
2010-02-04 00:00:00-05:00,16.05672055985331,16.05672055985331,15.264531980617775,15.315640449523926,11331200,0.0,0.0
2010-02-05 00:00:00-05:00,15.443408455076794,15.54562699126094,14.974910757278364,15.477481842041016,13340200,0.0,0.0
2010-02-08 00:00:00-05:00,15.596732196125359,15.894867771086945,15.230451486147542,15.39229679107666,9815200,0.0,0.0
2010-02-09 00:00:00-05:00,15.65636779053524,15.767104712652142,15.315641923846869,15.537114143371582,13912800,0.0,0.0
2010-02-10 00:00:00-05:00,15.571184416428432,15.724509807125806,15.179348529867331,15.554147720336914,9385400,0.0,0.0
2010-02-11 00:00:00-05:00,15.630814338806207,16.414484643181776,15.392305420184394,16.286712646484375,14689800,0.0,0.0
2010-02-12 00:00:00-05:00,16.227085241008503,16.77224828650214,16.056723109367958,16.51670265197754,15844800,0.0,0.0
2010-02-16 00:00:00-05:00,16.75520261334309,17.19814684288389,16.652984089330477,17.08740997314453,12889200,0.0,0.0
2010-02-17 00:00:00-05:00,17.20667215282567,17.25778062316342,16.917054779730126,17.027790069580078,7134200,0.0,0.0
2010-02-18 00:00:00-05:00,16.90853479346435,17.1129702797308,16.77224446928672,17.010751724243164,6988700,0.0,0.0
2010-02-19 00:00:00-05:00,16.942605663443082,17.445176816455294,16.942605663443082,17.07037925720215,11913800,0.0,0.0
2010-02-22 00:00:00-05:00,17.325928133487174,17.35999991008089,16.942610492375387,17.00223731994629,8365000,0.0,0.0
2010-02-23 00:00:00-05:00,16.848907527791482,16.917052688052458,16.371889781255867,16.542253494262695,8424500,0.0,0.0
2010-02-24 00:00:00-05:00,16.755201960505005,16.882973892011115,16.269667645956826,16.42299461364746,14756000,0.0,0.0
2010-02-25 00:00:00-05:00,16.16745241710759,16.371887874075593,15.767099850300484,16.34633445739746,11444800,0.0,0.0
2010-02-26 00:00:00-05:00,16.27818709829298,16.457067489624023,15.937459758162367,16.457067489624023,9181600,0.0,0.0
2010-03-01 00:00:00-05:00,16.610403000540572,17.232227953707525,16.542257822449802,17.104455947875977,12376200,0.0,0.0
2010-03-02 00:00:00-05:00,17.53887308997691,17.74330851960637,17.266292517137625,17.3599910736084,13891400,0.0,0.0
2010-03-03 00:00:00-05:00,17.504808616199874,17.547400367828516,16.87446531447876,17.00223731994629,14581100,0.0,0.0
2010-03-04 00:00:00-05:00,17.112975264232585,17.206675498662612,16.90002136758928,17.14704704284668,25577800,0.0,0.0
2010-03-05 00:00:00-05:00,16.73817538020449,17.38555539888009,16.635958423140004,17.377037048339844,38196500,0.0,0.0
2010-03-08 00:00:00-05:00,17.43666232290517,17.555917595127582,17.17259997853607,17.266300201416016,11320000,0.0,0.0
2010-03-09 00:00:00-05:00,17.18963641794245,17.589989103327405,17.130009595088207,17.283336639404297,11833400,0.0,0.0
2010-03-10 00:00:00-05:00,17.249262981614784,17.675170709555893,17.249262981614784,17.581470489501953,12199400,0.0,0.0
2010-03-11 00:00:00-05:00,17.496288688878906,17.504805412936932,17.21518805369701,17.470733642578125,9462500,0.0,0.0
2010-03-12 00:00:00-05:00,17.47073944771901,17.513329580996505,17.05334996770367,17.274822235107422,10318300,0.0,0.0
2010-03-15 00:00:00-04:00,17.215187161166124,17.223705509491413,16.814834538130455,16.92557144165039,9587300,0.0,0.0
2010-03-16 00:00:00-04:00,16.98519881637423,17.419624847063588,16.86594356058906,17.38555145263672,10916000,0.0,0.0
2010-03-17 00:00:00-04:00,17.385556646053896,17.6411006817561,17.18112109255026,17.41963005065918,13969400,0.0,0.0
2010-03-18 00:00:00-04:00,17.52183951637124,17.675166522058145,17.155558697165567,17.30036735534668,8172700,0.0,0.0
2010-03-19 00:00:00-04:00,17.27481032971627,17.34295547082191,16.908529587007855,17.08740997314453,9935100,0.0,0.0
2010-03-22 00:00:00-04:00,17.027788349272395,17.60702303694374,16.951124839156552,17.513322830200195,10903600,0.0,0.0
2010-03-23 00:00:00-04:00,17.607017498552327,18.27995055658333,17.564427395088856,18.007369995117188,22673400,0.0,0.0
2010-03-24 00:00:00-04:00,17.82849383475075,17.947747452468032,17.65813013111861,17.692203521728516,10625000,0.0,0.0
2010-03-25 00:00:00-04:00,17.9733021384999,18.049965641141057,17.377030812337257,17.411104202270508,17256000,0.0,0.0
2010-03-26 00:00:00-04:00,17.42814025233057,17.624059006043915,17.036305994321378,17.061861038208008,13709400,0.0,0.0
2010-03-29 00:00:00-04:00,17.172596694539386,17.46221403286606,17.172596694539386,17.42814064025879,7839400,0.0,0.0
2010-03-30 00:00:00-04:00,17.504799474039192,17.80293508089682,17.377027535302595,17.68368148803711,10353000,0.0,0.0
2010-03-31 00:00:00-04:00,17.41110827793414,17.581470393353488,17.121490894541306,17.394071578979492,11859800,0.0,0.0
2010-04-01 00:00:00-04:00,17.479246292756862,17.845527046775285,17.215182441198984,17.3599910736084,11053300,0.0,0.0
2010-04-05 00:00:00-04:00,17.47073373434545,17.87108638024053,17.351480100399876,17.854049682617188,9977900,0.0,0.0
2010-04-06 00:00:00-04:00,17.70073006660429,17.888128927617263,17.564439690465868,17.760356903076172,7554900,0.0,0.0
2010-04-07 00:00:00-04:00,17.71775442388049,17.794417917157105,17.470728875873526,17.624055862426758,6381400,0.0,0.0
2010-04-08 00:00:00-04:00,17.453698625705396,17.615544018443718,17.18111793775184,17.572952270507812,9318900,0.0,0.0
2010-04-09 00:00:00-04:00,17.649612172384323,17.87108434210288,17.487768437547043,17.862565994262695,7896100,0.0,0.0
2010-04-12 00:00:00-04:00,17.854043023115405,18.152178621484612,17.768862816188463,18.007369995117188,9372000,0.0,0.0
2010-04-13 00:00:00-04:00,18.02441973956752,18.049974794977413,17.68369379098306,17.837020874023438,10497300,0.0,0.0
2010-04-14 00:00:00-04:00,18.26292295972156,19.23399201329769,18.237367912366253,19.208436965942383,25509400,0.0,0.0
2010-04-15 00:00:00-04:00,19.225475180483166,19.481020800064094,19.174366706450616,19.233993530273438,16252100,0.0,0.0
2010-04-16 00:00:00-04:00,19.225477480382146,19.225477480382146,18.424770376109738,18.825124740600586,19562900,0.0,0.0
2010-04-19 00:00:00-04:00,18.62067802211286,18.66326812589423,18.058480203715504,18.416242599487305,17607800,0.0,0.0
2010-04-20 00:00:00-04:00,18.654753785158746,19.06362471818977,18.586608629653572,18.60364532470703,15945200,0.0,0.0
2010-04-21 00:00:00-04:00,18.86771087513023,19.1488098934838,18.203295899772115,18.535503387451172,13840800,0.0,0.0
2010-04-22 00:00:00-04:00,18.22885589288798,18.654763748444754,17.85405652507935,18.578100204467773,13804100,0.0,0.0
2010-04-23 00:00:00-04:00,18.586610723829132,19.089181911570815,18.518465560645964,18.893264770507812,17553000,0.0,0.0
2010-04-26 00:00:00-04:00,18.9954795626846,19.1488065687484,18.55253686425532,18.60364532470703,11023700,0.0,0.0
2010-04-27 00:00:00-04:00,18.825124514084944,19.165850418810837,18.220334611575872,18.24588966369629,18908500,0.0,0.0
2010-04-28 00:00:00-04:00,18.552538906486696,18.80808286158376,18.1095945345902,18.399211883544922,10139900,0.0,0.0
2010-04-29 00:00:00-04:00,18.407736016277436,18.629208271818975,18.237372242873377,18.58661651611328,8875100,0.0,0.0
2010-04-30 00:00:00-04:00,18.5440205795756,18.569574000289702,17.53887820553024,17.5985050201416,15122000,0.0,0.0
2010-05-03 00:00:00-04:00,17.794420185586503,17.930710496628425,17.547394606088762,17.709239959716797,9403800,0.0,0.0
2010-05-04 00:00:00-04:00,17.47073457766085,17.479252926883703,16.42300199388473,16.72113609313965,19914200,0.0,0.0
2010-05-05 00:00:00-04:00,16.482626682122937,17.036306312331973,16.354854709722204,16.542253494262695,17851100,0.0,0.0
2010-05-06 00:00:00-04:00,16.525208613666457,16.857417527027525,14.702325260963669,16.065229415893555,21144100,0.0,0.0
2010-05-07 00:00:00-04:00,15.928939162871364,16.405955048449034,15.443403308683337,16.065229415893555,24431700,0.0,0.0
2010-05-10 00:00:00-04:00,16.96816292667499,17.86256845172971,15.596739605196063,16.942607879638672,11487300,0.0,0.0
2010-05-11 00:00:00-04:00,16.712615754340035,17.112968332979587,16.49114359656859,16.618915557861328,9371900,0.0,0.0
2010-05-12 00:00:00-04:00,16.746691966091277,17.0959361778942,16.67002844401658,16.985200881958008,11963200,0.0,0.0
2010-05-13 00:00:00-04:00,16.797792062770956,17.11296434354707,16.286704336746507,16.42299461364746,14003600,0.0,0.0
2010-05-14 00:00:00-04:00,15.988572752870986,15.988572752870986,15.000467185404341,15.7500638961792,31964900,0.0,0.0
2010-05-17 00:00:00-04:00,15.75858555829111,16.03968458704524,15.273051019962068,15.826730728149414,14860400,0.0,0.0
2010-05-18 00:00:00-04:00,15.980060474377922,16.031168954254884,15.213426777386328,15.349717140197754,15574700,0.0,0.0
2010-05-19 00:00:00-04:00,15.341189929163452,15.971532899290448,15.111199465483669,15.767097473144531,22764400,0.0,0.0
2010-05-20 00:00:00-04:00,15.358230748736835,15.588219649523179,14.804549492979957,15.196385383605957,27444500,0.0,0.0
2010-05-21 00:00:00-04:00,15.375261921538568,16.780758137806433,15.290081711214283,16.457067489624023,30403800,0.0,0.0
2010-05-24 00:00:00-04:00,16.491146152847655,16.491146152847655,15.690439246742992,15.73302936553955,17770400,0.0,0.0
2010-05-25 00:00:00-04:00,15.051580092610477,15.87784055054447,14.864181265730055,15.801177024841309,21718600,0.0,0.0
2010-05-26 00:00:00-04:00,16.031161116996547,16.388923550652205,15.622290228449646,15.647845268249512,27477800,0.0,0.0
2010-05-27 00:00:00-04:00,16.090793500906884,16.405965935614816,16.02264832917396,16.39744758605957,14978500,0.0,0.0
2010-05-28 00:00:00-04:00,16.567807990784182,16.593361409594095,15.835246323670468,16.16745376586914,15715300,0.0,0.0
2010-06-01 00:00:00-04:00,16.065232640149187,16.576320379202567,15.886350631713867,15.886350631713867,14599600,0.0,0.0
2010-06-02 00:00:00-04:00,16.022647791112252,16.644474290091114,15.784140510410932,16.627437591552734,14229200,0.0,0.0
2010-06-03 00:00:00-04:00,16.695582760997254,16.831873099886295,16.26115669652257,16.627437591552734,12357000,0.0,0.0
2010-06-04 00:00:00-04:00,16.235603648852145,16.635957990280524,15.954504587175018,16.02264976501465,10017500,0.0,0.0
2010-06-07 00:00:00-04:00,16.099309296153812,16.193009501686053,15.30712078500364,15.383784294128418,14082300,0.0,0.0
2010-06-08 00:00:00-04:00,15.281570824671583,15.281570824671583,14.182728028257038,14.659744262695312,32493500,0.0,0.0
2010-06-09 00:00:00-04:00,14.702333334429404,15.196386179110187,14.438271027283347,14.514934539794922,15679700,0.0,0.0
2010-06-10 00:00:00-04:00,14.651229517937423,14.940846962747793,14.583084332376712,14.86418342590332,11311600,0.0,0.0
2010-06-11 00:00:00-04:00,14.727890525183446,15.23897851675184,14.608635252402932,15.230460166931152,11744200,0.0,0.0
2010-06-14 00:00:00-04:00,15.66488208000247,15.69043712264622,14.855658559454438,14.898248672485352,21338700,0.0,0.0
2010-06-15 00:00:00-04:00,15.119720312607784,16.210044390468404,15.119720312607784,16.133380889892578,20487200,0.0,0.0
2010-06-16 00:00:00-04:00,16.039685028284453,16.448556058682,15.724512593576522,16.39744758605957,18193400,0.0,0.0
2010-06-17 00:00:00-04:00,16.52521452404204,16.567806258787233,15.988571663921032,16.261152267456055,13540100,0.0,0.0
2010-06-18 00:00:00-04:00,16.193015654906603,16.3804145124724,16.150423897703416,16.218570709228516,11333100,0.0,0.0
2010-06-21 00:00:00-04:00,16.55076815302901,16.567804845473777,15.664879642402184,15.784134864807129,21611100,0.0,0.0
2010-06-22 00:00:00-04:00,15.860799059122915,16.10782461168765,15.57970012015836,15.647845268249512,22696400,0.0,0.0
2010-06-23 00:00:00-04:00,15.630805672990455,15.997086385241367,15.426370266673056,15.741540908813477,11936800,0.0,0.0
2010-06-24 00:00:00-04:00,15.698963408725955,15.84377214084897,14.915292909832495,15.051583290100098,18029600,0.0,0.0
2010-06-25 00:00:00-04:00,15.060093259940306,15.060093259940306,14.523448764696724,14.79603099822998,19035600,0.0,0.0
2010-06-28 00:00:00-04:00,14.804550446333797,14.906769005817024,14.463824622571185,14.591596603393555,13490100,0.0,0.0
2010-06-29 00:00:00-04:00,14.31049446523058,14.361604546146129,13.739778226008527,13.867551803588867,18386500,0.0,0.0
2010-06-30 00:00:00-04:00,13.81644441986653,13.92718132542599,13.390537556365167,13.424610137939453,16704400,0.0,0.0
2010-07-01 00:00:00-04:00,13.416092336272834,14.02939882960724,13.38201975330981,13.884590148925781,23504900,0.0,0.0
2010-07-02 00:00:00-04:00,13.88458836457187,13.969770217209655,13.458681538445996,13.680152893066406,10102700,0.0,0.0
2010-07-06 00:00:00-04:00,14.02939688680832,14.174205547436593,13.31387274367104,13.492753982543945,15366700,0.0,0.0
2010-07-07 00:00:00-04:00,13.450167132170439,14.131619715903655,13.416094543601508,14.114583015441895,15757300,0.0,0.0
2010-07-08 00:00:00-04:00,14.208280995279784,14.259389463869654,13.765336601610452,14.029398918151855,20612100,0.0,0.0
2010-07-09 00:00:00-04:00,13.75681793825327,14.233834091841855,13.731264516896935,14.157172203063965,12000100,0.0,0.0
2010-07-12 00:00:00-04:00,14.301979985547131,14.736404368483587,14.140134620022327,14.651224136352539,17660100,0.0,0.0
2010-07-13 00:00:00-04:00,14.821588497533728,14.898252017971531,14.566044512547075,14.778998374938965,14883000,0.0,0.0
2010-07-14 00:00:00-04:00,15.204907820167195,15.247497947581058,14.668263116380903,14.881217002868652,16816400,0.0,0.0
2010-07-15 00:00:00-04:00,14.889733668510772,14.898252017971531,14.51493604049155,14.778998374938965,11762500,0.0,0.0
2010-07-16 00:00:00-04:00,14.736402878356152,14.736402878356152,14.131614842895473,14.16568660736084,13870800,0.0,0.0
2010-07-19 00:00:00-04:00,14.276425248465909,14.617151058452567,14.208280086468578,14.52345085144043,9719400,0.0,0.0
2010-07-20 00:00:00-04:00,14.182727606047377,14.353091354201162,13.86755678408472,14.301982879638672,14050100,0.0,0.0
2010-07-21 00:00:00-04:00,14.140134636905184,14.327533422409536,13.816443905469102,13.893107414245605,19154500,0.0,0.0
2010-07-22 00:00:00-04:00,13.986808884917217,14.3104980209328,13.927182067075579,14.17420768737793,14306700,0.0,0.0
2010-07-23 00:00:00-04:00,14.071990662567517,14.14013582892365,13.714228133020583,14.029398918151855,20976100,0.0,0.0
2010-07-26 00:00:00-04:00,14.097542896080023,14.097542896080023,13.790890485682791,13.893107414245605,13505000,0.0,0.0
2010-07-27 00:00:00-04:00,13.901625123004589,13.952733584935261,13.458681599403233,13.577935218811035,19316900,0.0,0.0
2010-07-28 00:00:00-04:00,13.552381749516213,13.637563607327195,13.058328923863089,13.092401504516602,22945700,0.0,0.0
2010-07-29 00:00:00-04:00,13.10943973589175,13.143512320534526,12.513168286111409,12.666495323181152,32718900,0.0,0.0
2010-07-30 00:00:00-04:00,12.487609523712992,12.845371938943462,12.266137397645712,12.709081649780273,31269800,0.0,0.0
2010-08-02 00:00:00-04:00,12.964629070577987,13.109437736310763,12.675011739112431,13.015737533569336,11731500,0.0,0.0
2010-08-03 00:00:00-04:00,12.922035608563258,12.947589835046546,12.675009252946897,12.751672744750977,9971800,0.0,0.0
2010-08-04 00:00:00-04:00,12.768715268869945,13.032778454444001,12.589833965701619,12.998705863952637,14797100,0.0,0.0
2010-08-05 00:00:00-04:00,13.169064046526918,13.305354359127536,12.870928378447312,12.896483421325684,14108100,0.0,0.0
2010-08-06 00:00:00-04:00,12.734638904735242,13.049810476474539,12.709084672527839,12.947592735290527,10610400,0.0,0.0
2010-08-09 00:00:00-04:00,13.024257711620132,13.220175680228003,12.8453764413062,13.11795711517334,7625300,0.0,0.0
2010-08-10 00:00:00-04:00,12.887964444219456,12.905000326285288,12.487611061243639,12.6239013671875,15465900,0.0,0.0
2010-08-11 00:00:00-04:00,12.351324240676982,12.45354199897935,12.146888724072243,12.393915176391602,17170600,0.0,0.0
2010-08-12 00:00:00-04:00,12.010601176197056,12.521690086709976,11.814683151234396,12.487617492675781,18988400,0.0,0.0
2010-08-13 00:00:00-04:00,12.487610438075373,12.73463680835986,12.351320138932797,12.359838485717773,12868900,0.0,0.0
2010-08-16 00:00:00-04:00,12.300212868025664,12.700566296036621,12.240586055556472,12.50464916229248,10801000,0.0,0.0
2010-08-17 00:00:00-04:00,12.692045785567103,12.862409470490894,12.513164566280528,12.564273834228516,9831100,0.0,0.0
2010-08-18 00:00:00-04:00,12.564277490855478,12.845376515493038,12.504650671191296,12.768712997436523,10815000,0.0,0.0
2010-08-19 00:00:00-04:00,12.70908463997453,12.82833907722761,12.479094113633813,12.700566291809082,17480900,0.0,0.0
2010-08-20 00:00:00-04:00,14.208279427811174,14.250869542819338,13.688671576226124,13.765335083007812,41251000,0.0,0.0
2010-08-23 00:00:00-04:00,13.961253782016598,14.003845526524454,13.330910585680671,13.390538215637207,19450700,0.0,0.0
2010-08-24 00:00:00-04:00,13.271282176642629,13.884588601630304,13.15202774338451,13.81644344329834,27848800,0.0,0.0
2010-08-25 00:00:00-04:00,13.884591348875736,14.131618612149593,13.535347952587887,14.080510139465332,21624100,0.0,0.0
2010-08-26 00:00:00-04:00,14.199763818402516,14.199763818402516,13.612010694626406,13.629047393798828,22707300,0.0,0.0
2010-08-27 00:00:00-04:00,13.799412180445223,14.23383666925586,13.373503604801696,14.114583015441895,19154000,0.0,0.0
2010-08-30 00:00:00-04:00,14.165689250864125,14.259389463869654,13.978290449561987,14.029398918151855,13566500,0.0,0.0
2010-08-31 00:00:00-04:00,13.95273216448622,14.09754081247156,13.407570960168954,13.552379608154297,16233300,0.0,0.0
2010-09-01 00:00:00-04:00,13.7483008721875,14.106063426932964,13.697192399997872,13.83348274230957,14933500,0.0,0.0
2010-09-02 00:00:00-04:00,13.876072758048613,14.319015502929688,13.78237255013683,14.319015502929688,11961300,0.0,0.0
2010-09-03 00:00:00-04:00,14.53197013241922,14.685297162930723,14.182725951680315,14.48086166381836,11345100,0.0,0.0
2010-09-07 00:00:00-04:00,14.438271201232043,14.727888557607484,14.37864276045331,14.591596603393555,16561900,0.0,0.0
2010-09-08 00:00:00-04:00,14.549006086787026,14.855660132141113,14.421234109459105,14.813068389892578,16721900,0.0,0.0
2010-09-09 00:00:00-04:00,14.881218210359632,14.983436799040023,14.617155824606868,14.8215913772583,14321300,0.0,0.0
2010-09-10 00:00:00-04:00,14.872697654432814,14.94084445325685,14.344572961219413,14.497900009155273,18177600,0.0,0.0
2010-09-13 00:00:00-04:00,14.651228040240888,15.026025710668693,14.608636288117808,14.881217002868652,14491200,0.0,0.0
2010-09-14 00:00:00-04:00,14.796035522561718,14.949360943378002,14.404199559029214,14.85566234588623,16551300,0.0,0.0
2010-09-15 00:00:00-04:00,14.761958250743492,14.813066710940124,14.480859282599035,14.753439903259277,11485000,0.0,0.0
2010-09-16 00:00:00-04:00,14.676776400610002,14.90676690855783,14.574559480216738,14.753439903259277,9940800,0.0,0.0
2010-09-17 00:00:00-04:00,15.060094832923491,15.324157122214357,15.026021440907249,15.256011962890625,18898800,0.0,0.0
2010-09-20 00:00:00-04:00,15.315639744525004,15.332676441612477,14.915287111222534,15.06009578704834,13378400,0.0,0.0
2010-09-21 00:00:00-04:00,15.119717288863912,15.119717288863912,14.906763524232026,14.940836906433105,10860000,0.0,0.0
2010-09-22 00:00:00-04:00,14.889720187914879,14.932311896657737,14.455294506983106,14.668248176574707,19249100,0.0,0.0
2010-09-23 00:00:00-04:00,14.574562862007834,15.14527927820646,14.353090650155185,14.778998374938965,12223200,0.0,0.0
2010-09-24 00:00:00-04:00,15.077137399789546,15.468971812299472,15.051582345826528,15.094172477722168,17589100,0.0,0.0
2010-09-27 00:00:00-04:00,15.102680361169233,15.136753742836529,14.813063115830264,14.847136497497559,13120800,0.0,0.0
2010-09-28 00:00:00-04:00,14.85566318336444,15.136762241104693,14.61715425191152,14.906771659851074,17066000,0.0,0.0
2010-09-29 00:00:00-04:00,14.889728042429905,15.18786366206987,14.796029483183597,15.077128410339355,12845900,0.0,0.0
2010-09-30 00:00:00-04:00,15.213420770676812,15.409337886775692,14.77899480147366,14.915285110473633,17327000,0.0,0.0
2010-10-01 00:00:00-04:00,15.094170490108185,15.324161071361804,14.872698259053868,14.906771659851074,15859200,0.0,0.0
2010-10-04 00:00:00-04:00,14.761956820518266,14.855657009057746,14.370122622459533,14.676774978637695,12848800,0.0,0.0
2010-10-05 00:00:00-04:00,14.57456444356921,14.60863622040052,14.054956443040757,14.395682334899902,34345200,0.0,0.0
2010-10-06 00:00:00-04:00,14.293458939006522,14.455302649268932,13.86755135992096,13.986804962158203,18062000,0.0,0.0
2010-10-07 00:00:00-04:00,13.97828781179511,14.259386773058116,13.850515852077127,14.123096466064453,10670900,0.0,0.0
2010-10-08 00:00:00-04:00,14.208281967491056,14.40419913108209,13.986809755502003,14.284945487976074,16749600,0.0,0.0
2010-10-11 00:00:00-04:00,14.344568292981837,14.463821902696274,14.21679633618657,14.233831405639648,7833900,0.0,0.0
2010-10-12 00:00:00-04:00,14.148654434970314,14.531970393424807,14.003845750742896,14.463825225830078,15385700,0.0,0.0
2010-10-13 00:00:00-04:00,14.57456149253347,14.855660499489403,14.267907439596494,14.74492359161377,15116100,0.0,0.0
2010-10-14 00:00:00-04:00,14.881213695552242,14.881213695552242,14.480861062828065,14.608633041381836,12240800,0.0,0.0
2010-10-15 00:00:00-04:00,14.727889105326417,14.813069345903195,14.438271738180328,14.574562072753906,15113100,0.0,0.0
2010-10-18 00:00:00-04:00,14.514937615582511,14.566046093184081,14.259391978156245,14.395682334899902,10392900,0.0,0.0
2010-10-19 00:00:00-04:00,14.2253146832674,14.497895291019587,14.06346933814882,14.233831405639648,11144400,0.0,0.0
2010-10-20 00:00:00-04:00,14.267906900127642,14.727887962141242,14.242351855112835,14.52345085144043,15274300,0.0,0.0
2010-10-21 00:00:00-04:00,14.54900479133818,14.685295104980469,14.370124363948438,14.685295104980469,11848600,0.0,0.0
2010-10-22 00:00:00-04:00,14.625665807758354,15.111200170599352,14.625665807758354,15.077128410339355,9180700,0.0,0.0
2010-10-25 00:00:00-04:00,15.153793862925882,15.315637588345476,14.813066467980434,14.96639347076416,14383200,0.0,0.0
2010-10-26 00:00:00-04:00,14.889730068270397,15.128238921374669,14.719367994374753,14.915285110473633,7459600,0.0,0.0
2010-10-27 00:00:00-04:00,15.068615567891698,16.031166298902132,15.008988747126761,15.928949356079102,28890000,0.0,0.0
2010-10-28 00:00:00-04:00,15.988571876261224,16.44003289759614,15.886353336223776,16.3548526763916,19631800,0.0,0.0
2010-10-29 00:00:00-04:00,16.448548025123728,16.54224819975873,16.15893078053214,16.42299461364746,15393300,0.0,0.0
2010-11-01 00:00:00-04:00,16.559288750905292,16.81483267349077,16.303743203611177,16.618915557861328,13795400,0.0,0.0
2010-11-02 00:00:00-04:00,16.90001817740159,17.112972033845956,16.678545971734373,16.72113609313965,16306800,0.0,0.0
2010-11-03 00:00:00-04:00,16.704100241205346,16.85742727065565,16.576326633524154,16.772245407104492,9955000,0.0,0.0
2010-11-04 00:00:00-04:00,17.010756143574266,17.63258273698037,16.90002083567713,17.47925567626953,15141400,0.0,0.0
2010-11-05 00:00:00-04:00,17.649611117422783,17.84552985661896,17.35147708438026,17.717756271362305,12416900,0.0,0.0
2010-11-08 00:00:00-05:00,17.589984974607496,17.88812064360939,17.589984974607496,17.692203521728516,6746300,0.0,0.0
2010-11-09 00:00:00-05:00,17.692210788664028,17.709247490966668,17.317411461552684,17.41963005065918,10416900,0.0,0.0
2010-11-10 00:00:00-05:00,17.479250340622407,17.50480375980105,17.002232602976957,17.25777816772461,10722400,0.0,0.0
2010-11-11 00:00:00-05:00,16.746686916039575,17.12148606374776,16.124862202022946,17.053340911865234,15637900,0.0,0.0
2010-11-12 00:00:00-05:00,17.002230008171157,17.351475722496804,16.584840769963066,16.891494750976562,13654000,0.0,0.0
2010-11-15 00:00:00-05:00,17.027791756004167,17.112973631476105,16.371893426992116,16.5507755279541,13881100,0.0,0.0
2010-11-16 00:00:00-05:00,16.482625003756407,16.559288504332233,16.039680694809096,16.133380889892578,13646400,0.0,0.0
2010-11-17 00:00:00-05:00,16.16745872242799,16.47411283982962,15.920433058183853,15.96302318572998,13169400,0.0,0.0
2010-11-18 00:00:00-05:00,16.227079460267447,16.4485516147411,16.06523573657058,16.133380889892578,18388500,0.0,0.0
2010-11-19 00:00:00-05:00,16.516702644620818,17.402591577710155,16.397448990054635,17.112974166870117,33653300,0.0,0.0
2010-11-22 00:00:00-05:00,17.078892673061272,17.249256348609926,16.88297558347622,17.03630256652832,11145000,0.0,0.0
2010-11-23 00:00:00-05:00,16.848905024990934,17.13000397240055,16.763723181140755,16.86594009399414,10386500,0.0,0.0
2010-11-24 00:00:00-05:00,16.951129473457843,17.078901483679807,16.780767334731642,16.874465942382812,10137100,0.0,0.0
2010-11-26 00:00:00-05:00,16.81483340542632,16.874460214977862,16.678543090820312,16.678543090820312,3599600,0.0,0.0
2010-11-29 00:00:00-05:00,16.644472307126414,16.831871094595552,16.235599714461962,16.525217056274414,11138300,0.0,0.0
2010-11-30 00:00:00-05:00,16.41447626825262,16.71261185823905,16.286704336746507,16.42299461364746,9085400,0.0,0.0
2010-12-01 00:00:00-05:00,16.72965299417516,17.2066707611084,16.704099573427598,17.2066707611084,15870800,0.0,0.0
2010-12-02 00:00:00-05:00,17.14704165008393,17.453695684714244,16.98519790932574,17.42814064025879,18772200,0.0,0.0
2010-12-03 00:00:00-05:00,17.027786689064715,17.504802775169637,16.951123186423555,17.411104202270508,13003100,0.0,0.0
2010-12-06 00:00:00-05:00,17.359995353577457,17.462213905947547,17.1214881058952,17.240741729736328,6898300,0.0,0.0
2010-12-07 00:00:00-05:00,17.48776989396549,17.589986827143065,17.172597496465436,17.198152542114258,7705200,0.0,0.0
2010-12-08 00:00:00-05:00,17.181124954663453,17.317415354302344,16.93409758987439,17.121498107910156,9492700,0.0,0.0
2010-12-09 00:00:00-05:00,17.27481160768974,17.27481160768974,16.80631230630959,16.823348999023438,8165600,0.0,0.0
2010-12-10 00:00:00-05:00,16.695585778112207,16.882984621772856,16.516703660550835,16.66151237487793,11118800,0.0,0.0
2010-12-13 00:00:00-05:00,16.738173117294664,16.882981807483034,16.278193623272735,16.312265396118164,12848900,0.0,0.0
2010-12-14 00:00:00-05:00,16.346339055279525,16.627438090766365,16.133385191283157,16.295228958129883,8130300,0.0,0.0
2010-12-15 00:00:00-05:00,16.24412249288109,16.440039682035923,15.84376976399392,15.860806465148926,11469500,0.0,0.0
2010-12-16 00:00:00-05:00,15.945987384736615,16.039687620277117,15.775625240228528,15.818215370178223,7891600,0.0,0.0
2010-12-17 00:00:00-05:00,15.988565945480076,16.28670148323161,15.89486578726183,16.065229415893555,20617600,0.0,0.0
2010-12-20 00:00:00-05:00,15.971533596470694,16.363367774177405,15.733024776535036,16.22707748413086,15355700,0.0,0.0
2010-12-21 00:00:00-05:00,16.261156342332335,16.32930151029256,16.184492825288462,16.24411964416504,7910000,0.0,0.0
2010-12-22 00:00:00-05:00,16.244118858621135,16.26967390463627,15.87783798928192,16.082273483276367,8287200,0.0,0.0
2010-12-23 00:00:00-05:00,16.082272836601142,16.227081508779666,15.988574254397733,16.12486457824707,5530500,0.0,0.0
2010-12-27 00:00:00-05:00,16.02264644531893,16.073756536641167,15.767102487543186,15.945982933044434,6343600,0.0,0.0
2010-12-28 00:00:00-05:00,15.928950650819338,15.971540776339253,15.647851598144134,15.801177024841309,6148500,0.0,0.0
2010-12-29 00:00:00-05:00,15.809688755870644,15.843762141788442,15.681916808095831,15.70747184753418,4007100,0.0,0.0
2010-12-30 00:00:00-05:00,15.681917029940841,15.707472069740707,15.494518278867302,15.647845268249512,5560100,0.0,0.0
2010-12-31 00:00:00-05:00,15.639333248098323,15.801177024841309,15.503042896783626,15.801177024841309,5687500,0.0,0.0
2011-01-03 00:00:00-05:00,15.963018988599238,16.099309310563317,15.664883300037015,15.792656898498535,13439100,0.0,0.0
2011-01-04 00:00:00-05:00,15.809692138811345,15.954500810531059,15.290085890047864,15.434894561767578,29101600,0.0,0.0
2011-01-05 00:00:00-05:00,15.298601004065816,15.809690475463867,15.145275624884176,15.809690475463867,15256400,0.0,0.0
2011-01-06 00:00:00-05:00,15.945987154051029,16.74669425825433,15.801178439723936,16.66151237487793,17352100,0.0,0.0
2011-01-07 00:00:00-05:00,16.9085338965604,17.325923195302817,16.576324827379054,17.07037925720215,23809100,0.0,0.0
2011-01-10 00:00:00-05:00,17.00223985811935,17.419630962844124,16.831877700299923,17.274822235107422,15554000,0.0,0.0
2011-01-11 00:00:00-05:00,17.419621116318858,17.59850152462265,17.249257430088893,17.48776626586914,11327200,0.0,0.0
2011-01-12 00:00:00-05:00,17.649610035193156,17.879600524902344,17.359992742531627,17.879600524902344,12935100,0.0,0.0
2011-01-13 00:00:00-05:00,17.89664153919815,18.31403088534085,17.692206040559416,18.254404067993164,15789000,0.0,0.0
2011-01-14 00:00:00-05:00,18.296990933857916,18.637716704331236,18.135147208325982,18.629199981689453,12481200,0.0,0.0
2011-01-18 00:00:00-05:00,18.356615331903676,18.74845113506398,18.348098610379434,18.64623260498047,10643600,0.0,0.0
2011-01-19 00:00:00-05:00,18.365140628689108,18.390695677058766,17.939232904115645,18.084041595458984,13418100,0.0,0.0
2011-01-20 00:00:00-05:00,17.692203301012718,17.77738515176612,17.087413622901398,17.402585983276367,18861100,0.0,0.0
2011-01-21 00:00:00-05:00,17.66665407330215,17.71776255069293,17.01927406908521,17.104455947875977,11909000,0.0,0.0
2011-01-24 00:00:00-05:00,17.147042048420797,17.41110597313518,16.959643258853756,17.010751724243164,12730300,0.0,0.0
2011-01-25 00:00:00-05:00,16.993721777021662,17.01927520506806,16.670030940953247,16.857431411743164,12220900,0.0,0.0
2011-01-26 00:00:00-05:00,17.002232859764142,17.130006456422123,16.729652219683487,17.044824600219727,7319300,0.0,0.0
2011-01-27 00:00:00-05:00,17.215190102731086,17.453699022466814,17.070383030584395,17.266300201416016,10328500,0.0,0.0
2011-01-28 00:00:00-05:00,17.249260553979262,17.30036901922073,16.261154894197155,16.320781707763672,17027600,0.0,0.0
2011-01-31 00:00:00-05:00,16.346339281703493,16.45707457764349,16.03116684375123,16.193012237548828,14053200,0.0,0.0
2011-02-01 00:00:00-05:00,16.431521391896094,16.840392432436477,16.29522942034021,16.670028686523438,12508400,0.0,0.0
2011-02-02 00:00:00-05:00,16.44004685385638,16.729664400997514,16.363383289924315,16.610410690307617,9701800,0.0,0.0
2011-02-03 00:00:00-05:00,16.533735993033574,16.78927995092453,16.47410917783961,16.59336280822754,12334400,0.0,0.0
2011-02-04 00:00:00-05:00,16.695577053086467,17.070376169248895,16.66150366765877,16.823348999023438,18173500,0.0,0.0
2011-02-07 00:00:00-05:00,16.882983583313173,17.240746171720915,16.78076662931621,17.112974166870117,14145000,0.0,0.0
2011-02-08 00:00:00-05:00,17.10445140971539,17.394068745937076,16.90853427777389,17.240741729736328,11278500,0.0,0.0
2011-02-09 00:00:00-05:00,17.198152089224365,17.300369019710196,16.857426279756897,16.92557144165039,10596500,0.0,0.0
2011-02-10 00:00:00-05:00,16.814837701249733,16.831874401105168,16.584847127328764,16.755210876464844,10685300,0.0,0.0
2011-02-11 00:00:00-05:00,16.712613745800315,16.92556753059808,16.618913560582595,16.823348999023438,7588300,0.0,0.0
2011-02-14 00:00:00-05:00,16.848909508180068,17.189635349533212,16.68706412427146,16.840391159057617,10210100,0.0,0.0
2011-02-15 00:00:00-05:00,16.78927112029503,16.840381184758023,15.869311081165275,15.997084617614746,32296000,0.0,0.0
2011-02-16 00:00:00-05:00,16.167458206271327,16.167458206271327,15.920432549913645,16.03968620300293,14223500,0.0,0.0
2011-02-17 00:00:00-05:00,15.971534251347629,16.47410532576671,15.886352410398745,16.20152473449707,12785600,0.0,0.0
2011-02-18 00:00:00-05:00,16.235602303618588,16.28671240129538,15.971539964458087,16.09079360961914,9349100,0.0,0.0
2011-02-22 00:00:00-05:00,15.681921045674095,15.903393239860739,15.46044885148745,15.528594017028809,13068200,0.0,0.0
2011-02-23 00:00:00-05:00,15.503045837702436,15.51156256465472,15.238981810316915,15.307126998901367,14076900,0.0,0.0
2011-02-24 00:00:00-05:00,15.366754928979164,15.468971895965307,14.991955592374712,15.34119987487793,13616300,0.0,0.0
2011-02-25 00:00:00-05:00,15.613777024629503,16.124866616007246,15.58822197641246,16.116348266601562,15570300,0.0,0.0
2011-02-28 00:00:00-05:00,16.10783003826749,16.10783003826749,15.460450100950972,15.571187019348145,17745000,0.0,0.0
2011-03-01 00:00:00-05:00,15.656369644168823,15.784143280925155,15.349717140197754,15.349717140197754,12317000,0.0,0.0
2011-03-02 00:00:00-05:00,15.332677017381682,15.554149213708932,15.247495153454445,15.324158668518066,10262500,0.0,0.0
2011-03-03 00:00:00-05:00,15.46044803076558,15.6904385615244,15.145277266133553,15.520074844360352,21865400,0.0,0.0
2011-03-04 00:00:00-05:00,14.259390271720465,14.480862481102406,13.62052869167183,13.739782333374023,60904000,0.0,0.0
2011-03-07 00:00:00-05:00,13.816445567463312,13.859037313411879,13.330911036612534,13.467202186584473,23720500,0.0,0.0
2011-03-08 00:00:00-05:00,13.501277085107082,13.824966286251588,13.467204494862681,13.790894508361816,19888900,0.0,0.0
2011-03-09 00:00:00-05:00,13.714226620056268,13.944217140401332,13.552381258549513,13.765335083007812,17607700,0.0,0.0
2011-03-10 00:00:00-05:00,13.526826560788576,13.790889651450236,13.382017900160303,13.492753982543945,18812000,0.0,0.0
2011-03-11 00:00:00-05:00,13.39053613886573,13.501272220348433,13.109437167545925,13.347945213317871,20049100,0.0,0.0
2011-03-14 00:00:00-04:00,13.211654605727023,13.390535839140604,13.066845949518205,13.313872337341309,15802600,0.0,0.0
2011-03-15 00:00:00-04:00,12.913523292239777,13.433131284940389,12.717606110460892,13.279804229736328,23059000,0.0,0.0
2011-03-16 00:00:00-04:00,13.134993520584478,13.509791938794576,13.075366702594216,13.083884239196777,17920800,0.0,0.0
2011-03-17 00:00:00-04:00,13.271282923824465,13.330909737633371,13.058329088959049,13.134992599487305,13971100,0.0,0.0
2011-03-18 00:00:00-04:00,13.245731108354045,13.416094044865554,13.143513346447142,13.305357933044434,15112900,0.0,0.0
2011-03-21 00:00:00-04:00,13.50127392592125,13.50127392592125,13.134993057234633,13.21165657043457,17792000,0.0,0.0
2011-03-22 00:00:00-04:00,13.203136258337253,13.467199340939898,12.922037293309385,13.313872337341309,15489900,0.0,0.0
2011-03-23 00:00:00-04:00,13.296839720260843,13.714229934461791,13.20314030730183,13.594975471496582,13243300,0.0,0.0
2011-03-24 00:00:00-04:00,13.714226976906286,14.054952779963648,13.663118512624878,13.893107414245605,12823900,0.0,0.0
2011-03-25 00:00:00-04:00,13.773854883114888,13.93570026168484,13.594973619216468,13.68867301940918,14107300,0.0,0.0
2011-03-28 00:00:00-04:00,13.69719290118212,13.816446548891122,13.458684793409569,13.756819725036621,15104600,0.0,0.0
2011-03-29 00:00:00-04:00,13.935697667036331,13.95273273683863,13.620525317418947,13.73126220703125,9171000,0.0,0.0
2011-03-30 00:00:00-04:00,13.867555879343229,13.927182699894171,13.56090180255666,13.603492736816406,14098500,0.0,0.0
2011-03-31 00:00:00-04:00,13.612010490911018,13.629047189828471,13.228693701167995,13.24573040008545,15941600,0.0,0.0
2011-04-01 00:00:00-04:00,13.313875073116849,13.620528330971752,13.279802488910748,13.569419860839844,22363200,0.0,0.0
2011-04-04 00:00:00-04:00,13.577936215544861,13.65460053877738,13.203137821907307,13.228692054748535,12525300,0.0,0.0
2011-04-05 00:00:00-04:00,13.399056494785958,13.612010355000772,13.37350225901944,13.501275062561035,12125100,0.0,0.0
2011-04-06 00:00:00-04:00,13.569419860839844,13.67163680110366,13.271284139770602,13.569419860839844,16038800,0.0,0.0
2011-04-07 00:00:00-04:00,13.594972185912047,14.037915718361036,13.586453837968666,13.765335083007812,27208800,0.0,0.0
2011-04-08 00:00:00-04:00,14.080507459031079,14.20827942877296,13.78237177982753,13.961252212524414,20364000,0.0,0.0
2011-04-11 00:00:00-04:00,13.92718412039229,13.978292596833173,13.441648720076385,13.671638488769531,24258500,0.0,0.0
2011-04-12 00:00:00-04:00,13.49275671318736,13.586456119234256,13.441647429299822,13.501275062561035,14991400,0.0,0.0
2011-04-13 00:00:00-04:00,13.58645643705912,13.65460242128813,13.271284814050997,13.330911636352539,13939800,0.0,0.0
2011-04-14 00:00:00-04:00,13.271281837731998,13.373499572619595,13.100918946252671,13.33942699432373,16878700,0.0,0.0
2011-04-15 00:00:00-04:00,13.339429594289586,13.671637094335695,13.245730188801748,13.603492736816406,16485200,0.0,0.0
2011-04-18 00:00:00-04:00,13.313876821183198,13.313876821183198,12.811305528891467,12.981668472290039,16867200,0.0,0.0
2011-04-19 00:00:00-04:00,12.939072473951835,13.126472044591104,12.709082793382333,13.10091781616211,13297700,0.0,0.0
2011-04-20 00:00:00-04:00,13.339429436203307,13.594974226378804,13.254248381047804,13.560901641845703,12935000,0.0,0.0
2011-04-21 00:00:00-04:00,13.629046563179436,13.671636683805788,13.31387495888845,13.373501777648926,8257000,0.0,0.0
2011-04-25 00:00:00-04:00,13.382017081395674,13.526825733163983,13.356462852364295,13.484234809875488,7652900,0.0,0.0
2011-04-26 00:00:00-04:00,13.51831065701377,13.543864892228418,13.37350197020661,13.467202186584473,8500000,0.0,0.0
2011-04-27 00:00:00-04:00,13.407573699951172,13.433128745891317,13.18610150926322,13.407573699951172,9275100,0.0,0.0
2011-04-28 00:00:00-04:00,13.390535428524233,13.569416656452479,13.313871929075798,13.484234809875488,12500000,0.0,0.0
2011-04-29 00:00:00-04:00,13.245729521819323,13.330910573695059,13.117956725474023,13.143511772155762,19738800,0.0,0.0
2011-05-02 00:00:00-04:00,13.169066345417738,13.194620580402708,12.990185075813988,13.02425765991211,8548500,0.0,0.0
2011-05-03 00:00:00-04:00,13.007221768256567,13.041294352339536,12.64945922920815,12.777231216430664,15800000,0.0,0.0
2011-05-04 00:00:00-04:00,12.7687128673213,12.922039901871903,12.675013464181756,12.777231216430664,10229400,0.0,0.0
2011-05-05 00:00:00-04:00,12.726117385541,12.726117385541,12.300209830555163,12.410945892333984,22500000,0.0,0.0
2011-05-06 00:00:00-04:00,12.496130814124198,12.666493715717884,12.308731216193946,12.50464916229248,11345300,0.0,0.0
2011-05-09 00:00:00-04:00,12.547239212039747,12.666493648701568,12.342803731208956,12.606866836547852,10506200,0.0,0.0
2011-05-10 00:00:00-04:00,12.743156897216076,12.922038142383487,12.65797504242993,12.819820404052734,12313100,0.0,0.0
2011-05-11 00:00:00-04:00,12.853894648452211,12.896485581362057,12.496132111776662,12.63242244720459,10895200,0.0,0.0
2011-05-12 00:00:00-04:00,12.513166173956659,12.794265965254565,12.513166173956659,12.726119995117188,8900000,0.0,0.0
2011-05-13 00:00:00-04:00,12.7005637443186,12.785745584178436,12.376873890147145,12.436501502990723,10614900,0.0,0.0
2011-05-16 00:00:00-04:00,12.359838802888133,12.385393031544556,11.993558005277496,12.087257385253906,15920800,0.0,0.0
2011-05-17 00:00:00-04:00,12.053185967597381,12.223549674619232,11.933932347507318,12.18095874786377,10433900,0.0,0.0
2011-05-18 00:00:00-04:00,12.189475095396787,12.427983108792185,12.180956748972681,12.385392189025879,5984400,0.0,0.0
2011-05-19 00:00:00-04:00,12.39391333792739,12.43650426732424,12.223550432694402,12.291695594787598,3862300,0.0,0.0
2011-05-20 00:00:00-04:00,12.249106116271388,12.351323871518657,12.053188142781575,12.215033531188965,8413300,0.0,0.0
2011-05-23 00:00:00-04:00,12.036152256417617,12.376878107241847,12.019115557699154,12.215033531188965,10691500,0.0,0.0
2011-05-24 00:00:00-04:00,12.283174076994163,12.368355913808283,12.078738643465316,12.104292869567871,7447900,0.0,0.0
2011-05-25 00:00:00-04:00,12.104296260544201,12.215032354483206,12.010596863682471,12.078742027282715,6240200,0.0,0.0
2011-05-26 00:00:00-04:00,12.129849098952462,12.470575690126791,11.985040439865381,12.402430534362793,16436500,0.0,0.0
2011-05-27 00:00:00-04:00,13.765336860307366,13.93570059175387,13.59497394121534,13.773855209350586,64353600,0.0,0.0
2011-05-31 00:00:00-04:00,13.83348274230957,13.935701311397862,13.560902057686176,13.83348274230957,18464400,0.0,0.0
2011-06-01 00:00:00-04:00,13.833481797910885,13.859036844615598,13.373501517834065,13.390538215637207,16249700,0.0,0.0
2011-06-02 00:00:00-04:00,13.416092178415312,13.526828274830798,13.330910315832801,13.399055480957031,11144600,0.0,0.0
2011-06-03 00:00:00-04:00,13.203136348488593,13.390535930571513,12.887964804103966,12.905000686645508,16282700,0.0,0.0
2011-06-06 00:00:00-04:00,12.887966058066837,13.0157380328004,12.726120690226296,12.743157386779785,7042100,0.0,0.0
2011-06-07 00:00:00-04:00,12.785749565540026,12.956112485954872,12.760194518211938,12.777231216430664,11331100,0.0,0.0
2011-06-08 00:00:00-04:00,12.717603423558868,12.794266934963874,12.479094540886758,12.530203819274902,11889800,0.0,0.0
2011-06-09 00:00:00-04:00,12.538720332149737,12.734637443855462,12.402430026205877,12.6239013671875,8119500,0.0,0.0
2011-06-10 00:00:00-04:00,12.547239943421438,12.606867571405253,12.206514122175797,12.266140937805176,13859400,0.0,0.0
2011-06-13 00:00:00-04:00,12.26613702430462,12.300209595558359,11.959483883020965,12.019110679626465,11427900,0.0,0.0
2011-06-14 00:00:00-04:00,12.163922413325265,12.504649025129618,12.095777253435271,12.112813949584961,13835500,0.0,0.0
2011-06-15 00:00:00-04:00,11.993560367723203,12.274659375376526,11.933933551661724,11.968006134033203,11125900,0.0,0.0
2011-06-16 00:00:00-04:00,11.968005575108608,12.036150736669082,11.63579730323549,11.746533393859863,9553200,0.0,0.0
2011-06-17 00:00:00-04:00,11.84023172185054,11.84023172185054,11.218406975510232,11.252479553222656,29748600,0.0,0.0
2011-06-20 00:00:00-04:00,11.371740345771869,11.627284415457254,11.312112692137799,11.41433048248291,14135400,0.0,0.0
2011-06-21 00:00:00-04:00,11.473954556358938,11.959489112105029,11.405809384056138,11.899862289428711,15344000,0.0,0.0
2011-06-22 00:00:00-04:00,11.891342398750282,12.019114377170862,11.75505207180715,11.83171558380127,8285400,0.0,0.0
2011-06-23 00:00:00-04:00,11.66986766657927,12.325765737412127,11.635795092273293,12.31724739074707,17398300,0.0,0.0
2011-06-24 00:00:00-04:00,12.291695939639322,12.38539533705766,11.950969307259623,11.976524353027344,19840400,0.0,0.0
2011-06-27 00:00:00-04:00,11.942453299564143,12.155407167424949,11.840234728118963,12.044671058654785,7392800,0.0,0.0
2011-06-28 00:00:00-04:00,12.078741461043897,12.197995085576625,11.985041256220306,12.053186416625977,7683400,0.0,0.0
2011-06-29 00:00:00-04:00,12.129849896482531,12.334285377216032,12.12133154836337,12.206513404846191,13076800,0.0,0.0
2011-06-30 00:00:00-04:00,12.266140738271405,12.640939947899172,12.240586505182282,12.581313133239746,9460300,0.0,0.0
2011-07-01 00:00:00-04:00,12.59834813096952,12.947592270568219,12.521684624744564,12.870928764343262,9706200,0.0,0.0
2011-07-05 00:00:00-04:00,13.032776643744073,13.066849229501587,12.819822779670982,12.93907642364502,10963200,0.0,0.0
2011-07-06 00:00:00-04:00,12.905002832049071,12.990184695980895,12.76019415077765,12.845376014709473,6590100,0.0,0.0
2011-07-07 00:00:00-04:00,12.956113753971096,13.296839628147664,12.887968579135782,13.109440803527832,10344600,0.0,0.0
2011-07-08 00:00:00-04:00,12.956112414689716,13.160547918063033,12.887967246898612,13.12647533416748,8560500,0.0,0.0
2011-07-11 00:00:00-04:00,12.905004520763484,12.981668045863216,12.606869582697882,12.657978057861328,8785400,0.0,0.0
2011-07-12 00:00:00-04:00,12.615387916564941,12.675014741630996,12.359843104010391,12.615387916564941,9036900,0.0,0.0
2011-07-13 00:00:00-04:00,12.649461978391525,12.802788233910958,12.4365080785018,12.538725852966309,9301200,0.0,0.0
2011-07-14 00:00:00-04:00,12.564275974761673,12.828339081497681,12.385394724999703,12.50464916229248,12455200,0.0,0.0
2011-07-15 00:00:00-04:00,12.57279591850214,12.717604606322565,12.385396296789619,12.666495323181152,9404000,0.0,0.0
2011-07-18 00:00:00-04:00,12.598351279088293,12.836859392889535,12.266142939884924,12.462060928344727,10637300,0.0,0.0
2011-07-19 00:00:00-04:00,12.58983062414301,12.973147368520639,12.530203809697767,12.930557250976562,8934000,0.0,0.0
2011-07-20 00:00:00-04:00,12.956112112879058,13.058329862184568,12.726121567675813,12.845376014709473,6013500,0.0,0.0
2011-07-21 00:00:00-04:00,12.828337996677078,13.007219231312064,12.504648104844517,12.905000686645508,9925700,0.0,0.0
2011-07-22 00:00:00-04:00,12.930551935353176,13.237205042322303,12.930551935353176,13.058323860168457,8288600,0.0,0.0
2011-07-25 00:00:00-04:00,12.939075793489568,13.117957063093316,12.853894739421511,13.02425765991211,6083900,0.0,0.0
2011-07-26 00:00:00-04:00,13.117954338660729,13.569416999640856,13.075364226649368,13.220172882080078,11230800,0.0,0.0
2011-07-27 00:00:00-04:00,13.100917568954555,13.100917568954555,12.785746049763162,12.811300277709961,8270000,0.0,0.0
2011-07-28 00:00:00-04:00,12.811302146798129,12.922038233862304,12.61538501669916,12.76019287109375,8530700,0.0,0.0
2011-07-29 00:00:00-04:00,12.606865485121668,12.794265061971627,12.504647755663772,12.6239013671875,8538300,0.0,0.0
2011-08-01 00:00:00-04:00,12.78575087047907,12.887968633160524,12.470579232455943,12.657978057861328,7809300,0.0,0.0
2011-08-02 00:00:00-04:00,12.555757661319504,12.760193143797347,12.146886696363822,12.155405044555664,8812600,0.0,0.0
2011-08-03 00:00:00-04:00,12.155405303313735,12.215032117217145,11.738015168926626,12.138368606567383,14065800,0.0,0.0
2011-08-04 00:00:00-04:00,11.91689596003409,11.993559467705566,11.456915726359606,11.465434074401855,14069300,0.0,0.0
2011-08-05 00:00:00-04:00,11.593207624660362,11.69542537802668,10.5028841097318,11.09063720703125,27488100,0.0,0.0
2011-08-08 00:00:00-04:00,10.50288231754525,10.928789956739639,10.025866216565975,10.187710762023926,26487500,0.0,0.0
2011-08-09 00:00:00-04:00,10.392147770093661,10.477329635466308,9.565886600455096,10.204748153686523,26655800,0.0,0.0
2011-08-10 00:00:00-04:00,10.008833528474488,10.468813930480405,9.719216087886563,10.17067813873291,22142000,0.0,0.0
2011-08-11 00:00:00-04:00,10.247339918264881,10.894719873059593,10.19623144477582,10.758429527282715,16174400,0.0,0.0
2011-08-12 00:00:00-04:00,10.894719711581478,10.94582899666755,10.553993852189414,10.715838432312012,7321100,0.0,0.0
2011-08-15 00:00:00-04:00,10.792498949189394,11.090634602423961,10.758426372735812,11.07359790802002,7294700,0.0,0.0
2011-08-16 00:00:00-04:00,10.954343441414517,11.260997440651776,10.85212571245353,11.022488594055176,11135300,0.0,0.0
2011-08-17 00:00:00-04:00,11.082114912408016,11.218405201708121,10.758425069143163,10.94582462310791,12322000,0.0,0.0
2011-08-18 00:00:00-04:00,10.61361826719286,10.673245075973732,10.136601359882851,10.196228981018066,15725100,0.0,0.0
2011-08-19 00:00:00-04:00,10.962861335297289,11.490986652602926,10.698799082821603,10.801016807556152,30481100,0.0,0.0
2011-08-22 00:00:00-04:00,11.073600420345608,11.158782286982367,10.605101778552397,10.69880199432373,13719500,0.0,0.0
2011-08-23 00:00:00-04:00,10.783983543703846,11.124710213539325,10.724356721733308,11.116191864013672,13322100,0.0,0.0
2011-08-24 00:00:00-04:00,11.065078387946429,11.150260226228465,10.809533685454536,11.133223533630371,9998600,0.0,0.0
2011-08-25 00:00:00-04:00,11.15026467756851,11.286555023345388,10.698802704093966,10.758429527282715,13971900,0.0,0.0
2011-08-26 00:00:00-04:00,10.681764657067824,11.065081409294137,10.562510213381097,10.979900360107422,9099400,0.0,0.0
2011-08-29 00:00:00-04:00,11.14174425173588,11.226926108151062,11.022489815225503,11.20988941192627,12462500,0.0,0.0
2011-08-30 00:00:00-04:00,11.141742401832342,11.337660314116551,11.090633946352463,11.26099681854248,9209400,0.0,0.0
2011-08-31 00:00:00-04:00,11.312107282606565,11.559133694232802,11.107671799678865,11.201371192932129,11133200,0.0,0.0
2011-09-01 00:00:00-04:00,11.261000129308448,11.354699533472283,11.09063720703125,11.09063720703125,6722300,0.0,0.0
2011-09-02 00:00:00-04:00,10.860645916420696,11.022490478523562,10.69880135431783,10.979900360107422,8173100,0.0,0.0
2011-09-06 00:00:00-04:00,10.494365931660022,10.945828698499676,10.477330045331746,10.928791999816895,7914000,0.0,0.0
2011-09-07 00:00:00-04:00,11.116191136388537,11.542098836538639,11.099154438452388,11.499507904052734,8481600,0.0,0.0
2011-09-08 00:00:00-04:00,11.46543555985121,11.814679751287299,11.329145222935125,11.439881324768066,9097500,0.0,0.0
2011-09-09 00:00:00-04:00,11.303588597666677,12.036149409865203,11.303588597666677,11.66135025024414,18818400,0.0,0.0
2011-09-12 00:00:00-04:00,11.499506793322212,12.266140254601936,11.329143892188316,12.257622718811035,16467900,0.0,0.0
2011-09-13 00:00:00-04:00,12.300213482772449,12.453540508047025,12.172441503279925,12.41946792602539,12883700,0.0,0.0
2011-09-14 00:00:00-04:00,12.479094051762816,12.785748085363391,12.32576784731692,12.606866836547852,14199600,0.0,0.0
2011-09-15 00:00:00-04:00,12.734638904735242,13.143510681825678,12.683530440320434,12.947592735290527,19788800,0.0,0.0
2011-09-16 00:00:00-04:00,12.84537646788436,13.092402907176195,12.760194600947388,12.922039985656738,11739900,0.0,0.0
2011-09-19 00:00:00-04:00,12.700569412593747,13.083886238329182,12.555760707616313,12.981668472290039,10912700,0.0,0.0
2011-09-20 00:00:00-04:00,12.92203867584429,13.10943827669761,12.777230004142323,12.794266700744629,11864100,0.0,0.0
2011-09-21 00:00:00-04:00,12.819823458039554,13.015740633423702,12.649460520237131,12.657978057861328,10940600,0.0,0.0
2011-09-22 00:00:00-04:00,12.189474581130535,12.521681954112806,12.121328624966942,12.410945892333984,17787800,0.0,0.0
2011-09-23 00:00:00-04:00,12.22354514417453,13.100914335796222,12.112809100594463,13.032769203186035,15147600,0.0,0.0
2011-09-26 00:00:00-04:00,13.126471614362563,13.203135109491127,12.657973109296869,13.075363159179688,10702500,0.0,0.0
2011-09-27 00:00:00-04:00,13.160546029306465,13.33942727217431,12.887965397261883,12.973146438598633,13284600,0.0,0.0
2011-09-28 00:00:00-04:00,13.041293318173194,13.083883435633673,12.657975762193528,12.683530807495117,12525900,0.0,0.0
2011-09-29 00:00:00-04:00,12.91352029054267,13.03277472935389,12.402431579254017,12.743157386779785,10857400,0.0,0.0
2011-09-30 00:00:00-04:00,12.555756426043489,12.66649250457968,12.351320963678672,12.36835765838623,14144100,0.0,0.0
2011-10-03 00:00:00-04:00,12.257622710197381,12.419467263072253,12.002077952498919,12.053186416625977,12397900,0.0,0.0
2011-10-04 00:00:00-04:00,11.908379809012184,12.479096235466312,11.686908405534316,12.393915176391602,17981700,0.0,0.0
2011-10-05 00:00:00-04:00,12.385396093299278,12.802785451404269,12.070224487443191,12.777231216430664,11467800,0.0,0.0
2011-10-06 00:00:00-04:00,12.785749242156063,13.245729521819323,12.743158310040965,13.143511772155762,13283600,0.0,0.0
2011-10-07 00:00:00-04:00,13.186098416194003,13.27979860461969,12.913517822273997,13.075363159179688,8948500,0.0,0.0
2011-10-10 00:00:00-04:00,13.28831840496347,13.552380681122395,13.177582323480767,13.347945213317871,7743700,0.0,0.0
2011-10-11 00:00:00-04:00,13.28831664381624,13.347943444268092,12.870926603590581,13.041290283203125,12966900,0.0,0.0
2011-10-12 00:00:00-04:00,13.160546093480045,13.160546093480045,12.72612009977487,12.870928764343262,19165700,0.0,0.0
2011-10-13 00:00:00-04:00,12.794269601535278,12.956114194179483,12.726123612030014,12.887969017028809,16933100,0.0,0.0
2011-10-14 00:00:00-04:00,13.066846900611273,13.066846900611273,12.521684813300194,12.76019287109375,16351200,0.0,0.0
2011-10-17 00:00:00-04:00,12.683529896398635,12.683529896398635,11.99355915755235,12.18095874786377,19387600,0.0,0.0
2011-10-18 00:00:00-04:00,12.189476719511713,12.453538995008623,12.019113017747381,12.402430534362793,17788000,0.0,0.0
2011-10-19 00:00:00-04:00,12.385395415527753,12.462058928607762,11.550616744999735,11.669870376586914,25561200,0.0,0.0
2011-10-20 00:00:00-04:00,11.0650837577315,11.610246000119561,11.0650837577315,11.346182823181152,30417300,0.0,0.0
2011-10-21 00:00:00-04:00,11.53358268884371,11.729500690729543,11.082120667978849,11.192856788635254,24073100,0.0,0.0
2011-10-24 00:00:00-04:00,11.243962094417327,11.77208749687955,11.243962094417327,11.755051612854004,22294800,0.0,0.0
2011-10-25 00:00:00-04:00,11.69542960902066,11.882829297497423,11.397294590269452,11.41433048248291,11992400,0.0,0.0
2011-10-26 00:00:00-04:00,11.618760663830411,11.746532630362822,11.278034065820062,11.635796546936035,11398000,0.0,0.0
2011-10-27 00:00:00-04:00,11.985044479370117,12.112817298758614,11.525064116751668,11.985044479370117,17821600,0.0,0.0
2011-10-28 00:00:00-04:00,11.950969729025045,12.172441926034729,11.814679396205074,12.002079010009766,11434300,0.0,0.0
2011-10-31 00:00:00-04:00,11.83171482370403,12.053186184581564,11.79764224415715,11.916895866394043,9183400,0.0,0.0
2011-11-01 00:00:00-04:00,11.55913446121112,11.64431632426023,11.337663079521448,11.516544342041016,15092900,0.0,0.0
2011-11-02 00:00:00-04:00,11.66135663973528,11.814683726532547,11.499512013280755,11.584693908691406,8687300,0.0,0.0
2011-11-03 00:00:00-04:00,11.686908523643902,11.848753106169646,11.295073373347611,11.840234756469727,11790300,0.0,0.0
2011-11-04 00:00:00-04:00,11.720982174136699,12.180962539080936,11.669872883651957,12.129853248596191,11724900,0.0,0.0
2011-11-07 00:00:00-05:00,12.12984993369482,12.274658602747229,11.933932800479438,12.257622718811035,11138300,0.0,0.0
2011-11-08 00:00:00-05:00,12.39391398514526,12.513167618858645,12.112814973743065,12.453540802001953,14345400,0.0,0.0
2011-11-09 00:00:00-05:00,12.121328393387683,12.317246287362318,11.968002228922945,12.019110679626465,11897600,0.0,0.0
2011-11-10 00:00:00-05:00,12.197994468493107,12.427984982493067,11.94245053607673,12.334284782409668,13609800,0.0,0.0
2011-11-11 00:00:00-05:00,12.42798272529265,12.802781020491414,12.376873460679352,12.709081649780273,11439000,0.0,0.0
2011-11-14 00:00:00-05:00,12.657975596815145,12.81130261720377,12.359840716714872,12.640939712524414,9279700,0.0,0.0
2011-11-15 00:00:00-05:00,12.598349584132539,12.922039529777221,12.496131834827027,12.845376014709473,12147200,0.0,0.0
2011-11-16 00:00:00-05:00,12.743157224523642,12.862411661816418,12.462058233805461,12.50464916229248,12261900,0.0,0.0
2011-11-17 00:00:00-05:00,12.036149321450846,12.180957975828761,11.567650781543144,11.720977783203125,26839400,0.0,0.0
2011-11-18 00:00:00-05:00,12.351325359964868,12.692051251849643,12.22355335359673,12.479097366333008,31036600,0.0,0.0
2011-11-21 00:00:00-05:00,12.26614038393271,12.45353998333308,12.0361506680656,12.249104499816895,15624300,0.0,0.0
2011-11-22 00:00:00-05:00,12.2065129348653,12.2065129348653,11.83171456795121,11.933932304382324,14338400,0.0,0.0
2011-11-23 00:00:00-05:00,11.82319186656824,11.840227743523217,11.278029993990025,11.405802726745605,12476200,0.0,0.0
2011-11-25 00:00:00-05:00,11.312110447530902,11.525064338249843,11.184338438041385,11.192856788635254,4485000,0.0,0.0
2011-11-28 00:00:00-05:00,11.593204473044448,11.652832088897553,11.26951460253571,11.397287368774414,9526400,0.0,0.0
2011-11-29 00:00:00-05:00,11.51654570177916,11.51654570177916,11.184337371489725,11.243964195251465,8373500,0.0,0.0
2011-11-30 00:00:00-05:00,11.542099136170087,12.061706251394538,11.39729044937148,12.027633666992188,13690400,0.0,0.0
2011-12-01 00:00:00-05:00,12.087259938479692,12.095778287282615,11.67838894419281,11.806160926818848,8822900,0.0,0.0
2011-12-02 00:00:00-05:00,12.291695498698063,12.325768079478301,11.720979161363287,11.746533393859863,13589600,0.0,0.0
2011-12-05 00:00:00-05:00,11.95096998115251,12.027633498069715,11.703943544616223,11.738016128540039,10821100,0.0,0.0
2011-12-06 00:00:00-05:00,11.78912316221183,12.104294706487043,11.703941312470713,12.010595321655273,12373200,0.0,0.0
2011-12-07 00:00:00-05:00,12.215032433895578,12.521685672090296,12.061705408621002,12.41946792602539,14271200,0.0,0.0
2011-12-08 00:00:00-05:00,12.223550129994546,12.393913031008724,12.027632184562448,12.053186416625977,8549000,0.0,0.0
2011-12-09 00:00:00-05:00,12.06171011306604,12.249109793454,11.857274541199946,12.172446250915527,6789200,0.0,0.0
2011-12-12 00:00:00-05:00,12.036147371430424,12.061701596782184,11.84022947745579,12.019110679626465,7189400,0.0,0.0
2011-12-13 00:00:00-05:00,12.146886253812223,12.266139874735625,11.6528334496469,11.729496955871582,10199200,0.0,0.0
2011-12-14 00:00:00-05:00,11.729497611266689,11.848751238853483,11.431361917590879,11.490988731384277,8174200,0.0,0.0
2011-12-15 00:00:00-05:00,11.75505470806085,11.789127297437942,11.286555994859896,11.346182823181152,8412700,0.0,0.0
2011-12-16 00:00:00-05:00,11.3717356622702,11.627279626708626,11.3546989647186,11.516544342041016,8139000,0.0,0.0
2011-12-19 00:00:00-05:00,11.584686681880637,11.627276790662451,11.235441778448289,11.26099681854248,6930200,0.0,0.0
2011-12-20 00:00:00-05:00,11.439882068828059,11.86578980556948,11.405809482382926,11.840234756469727,12353800,0.0,0.0
2011-12-21 00:00:00-05:00,11.831715251987658,11.908377949477389,11.5506162574621,11.746533393859863,8376400,0.0,0.0
2011-12-22 00:00:00-05:00,11.755052820153209,12.249105692951499,11.755052820153209,12.189478874206543,9550400,0.0,0.0
2011-12-23 00:00:00-05:00,12.172443054429452,12.232069877477027,11.985043423252673,12.044671058654785,4533600,0.0,0.0
2011-12-27 00:00:00-05:00,12.05318655162193,12.05318655162193,11.840232719880522,11.848751068115234,6447000,0.0,0.0
2011-12-28 00:00:00-05:00,11.891341058383828,11.891341058383828,11.65283301311746,11.695423126220703,5293800,0.0,0.0
2011-12-29 00:00:00-05:00,11.695424774032489,11.823197568407606,11.669870540099245,11.712461471557617,3107400,0.0,0.0
2011-12-30 00:00:00-05:00,11.669869920236435,11.823196940400598,11.669869920236435,11.797642707824707,3182200,0.0,0.0
2012-01-03 00:00:00-05:00,12.03615030098531,12.180958967148147,11.79764224415715,11.916895866394043,7046500,0.0,0.0
2012-01-04 00:00:00-05:00,11.882821931293947,12.112812426264613,11.755049975657544,12.087257385253906,7096000,0.0,0.0
2012-01-05 00:00:00-05:00,12.325767437492752,13.032774061124156,12.317249089652769,12.973146438598633,26999700,0.0,0.0
2012-01-06 00:00:00-05:00,13.015738987512709,13.441646684337707,12.981666404260887,13.390538215637207,23177700,0.0,0.0
2012-01-09 00:00:00-05:00,13.52682929832755,13.654602101869145,13.143512512411787,13.501275062561035,17819500,0.0,0.0
2012-01-10 00:00:00-05:00,13.637566268507793,13.680156393369751,13.228694408525614,13.305357933044434,15531400,0.0,0.0
2012-01-11 00:00:00-05:00,13.117955544483184,13.1690648208909,12.632421074204627,13.007220268249512,23508600,0.0,0.0
2012-01-12 00:00:00-05:00,12.964628903113011,13.075364987969714,12.794266008085149,12.973146438598633,9840400,0.0,0.0
2012-01-13 00:00:00-05:00,12.862412831935453,12.862412831935453,12.5131678364539,12.589831352233887,13651800,0.0,0.0
2012-01-17 00:00:00-05:00,12.768709203389818,12.819818471025908,12.257620588800174,12.31724739074707,16915100,0.0,0.0
2012-01-18 00:00:00-05:00,12.393915285077663,12.99018595324763,12.240588240102271,12.879449844360352,18900600,0.0,0.0
2012-01-19 00:00:00-05:00,12.973149399548989,13.313876079725452,12.956113512335167,13.1690673828125,12596900,0.0,0.0
2012-01-20 00:00:00-05:00,13.143511007826298,13.288319681183959,12.981665637671544,13.228692054748535,11168500,0.0,0.0
2012-01-23 00:00:00-05:00,13.2201759531877,13.629046972430453,13.066848914794418,13.603492736816406,20122700,0.0,0.0
2012-01-24 00:00:00-05:00,13.407573570380919,13.722745968428042,13.322392521800273,13.416091918945312,18571900,0.0,0.0
2012-01-25 00:00:00-05:00,13.441647507403568,13.731265701309795,13.20313941003637,13.64608383178711,12864000,0.0,0.0
2012-01-26 00:00:00-05:00,13.782372650646668,13.799409347611022,13.339428277826526,13.424610137939453,11323200,0.0,0.0
2012-01-27 00:00:00-05:00,13.007220298228795,13.876072312681801,12.97314690564219,13.450163841247559,23460400,0.0,0.0
2012-01-30 00:00:00-05:00,13.330910186839617,13.492755561709442,13.075366226273685,13.407573699951172,9780000,0.0,0.0
2012-01-31 00:00:00-05:00,13.501273385035335,13.577936082809584,13.17758346024457,13.237210273742676,8794000,0.0,0.0
2012-02-01 00:00:00-05:00,13.433127368437898,13.671634607253504,13.37349974637964,13.577935218811035,14221400,0.0,0.0
2012-02-02 00:00:00-05:00,13.629047613821404,14.10606382538661,13.424612094579173,14.06347370147705,13306100,0.0,0.0
2012-02-03 00:00:00-05:00,14.259389552026956,14.361608114547575,14.140135916343679,14.17420768737793,11676700,0.0,0.0
2012-02-06 00:00:00-05:00,14.097542503587094,14.106060851514966,13.807925172874445,13.918662071228027,8077000,0.0,0.0
2012-02-07 00:00:00-05:00,13.952732022364389,13.986805409641422,13.688669769801507,13.867551803588867,9217300,0.0,0.0
2012-02-08 00:00:00-05:00,13.893106541649502,14.250869018566638,13.841998080578106,13.995325088500977,8984300,0.0,0.0
2012-02-09 00:00:00-05:00,14.020878506682333,14.174205514605202,13.833479732948094,13.995325088500977,5808900,0.0,0.0
2012-02-10 00:00:00-05:00,13.799412116935498,13.867557293759733,13.646085062903676,13.671638488769531,6191200,0.0,0.0
2012-02-13 00:00:00-05:00,13.671634607253504,13.773853155823556,13.339427167641073,13.577935218811035,8576600,0.0,0.0
2012-02-14 00:00:00-05:00,13.51831128624167,13.654602442557461,13.416093528270721,13.629047393798828,6805100,0.0,0.0
2012-02-15 00:00:00-05:00,13.671634188443324,13.807924499222537,13.509789647481592,13.748297691345215,8024100,0.0,0.0
2012-02-16 00:00:00-05:00,13.824964871356066,14.293464360889311,13.807928171800146,14.250872611999512,9003200,0.0,0.0
2012-02-17 00:00:00-05:00,14.242348825743573,14.293458904901994,13.910141434756202,13.944214820861816,9627200,0.0,0.0
2012-02-21 00:00:00-05:00,13.961254904115776,14.080510173613675,13.620529044212617,13.629047393798828,12798200,0.0,0.0
2012-02-22 00:00:00-05:00,13.629047393798828,13.927183130479989,13.552383872231985,13.629047393798828,15893100,0.0,0.0
2012-02-23 00:00:00-05:00,13.603490200517621,13.697189588535704,13.339427107223967,13.680152893066406,16040700,0.0,0.0
2012-02-24 00:00:00-05:00,13.893110055022706,13.893110055022706,13.075367972250111,13.1690673828125,26893100,0.0,0.0
2012-02-27 00:00:00-05:00,13.075360550066007,13.245723387271077,12.96462450279419,13.058323860168457,13641600,0.0,0.0
2012-02-28 00:00:00-05:00,13.083886934003731,13.134996225918096,12.845378800564175,12.998705863952637,14522400,0.0,0.0
2012-02-29 00:00:00-05:00,13.007221768256567,13.015739305011447,12.683531813291118,12.777231216430664,14473100,0.0,0.0
2012-03-01 00:00:00-05:00,12.794267287870182,12.990184433660836,12.709085425658499,12.862412452697754,10879000,0.0,0.0
2012-03-02 00:00:00-05:00,12.811304512994882,12.990185792467301,12.743159341039155,12.836858749389648,12991700,0.0,0.0
2012-03-05 00:00:00-05:00,12.777227933772059,12.81130050910128,12.402429605150626,12.598346710205078,15286000,0.0,0.0
2012-03-06 00:00:00-05:00,12.402432333940347,12.598349482100595,12.325768819493483,12.453540802001953,10650800,0.0,0.0
2012-03-07 00:00:00-05:00,12.51316934165947,12.760195804246138,12.453542516593414,12.615387916564941,8150200,0.0,0.0
2012-03-08 00:00:00-05:00,12.675012225274632,12.811302548284939,12.606867063769478,12.743157386779785,13081700,0.0,0.0
2012-03-09 00:00:00-05:00,12.726122143217388,12.870930831037814,12.58983180464628,12.666495323181152,11425900,0.0,0.0
2012-03-12 00:00:00-04:00,12.666491632087665,12.956108923332257,12.589828135893006,12.811300277709961,11592000,0.0,0.0
2012-03-13 00:00:00-04:00,12.964628653016801,13.186100006103516,12.862410917971932,13.186100006103516,10555300,0.0,0.0
2012-03-14 00:00:00-04:00,13.30535533668965,13.399054730398209,12.896484368847508,13.092401504516602,12974600,0.0,0.0
2012-03-15 00:00:00-04:00,13.092400179333197,13.373499144361062,13.049809254738664,13.313872337341309,9896700,0.0,0.0
2012-03-16 00:00:00-04:00,13.28831738680138,13.399052647445114,13.083881122306597,13.10091781616211,8215200,0.0,0.0
2012-03-19 00:00:00-04:00,13.041293753556143,13.262765133749472,13.007221171037598,13.152029037475586,5464500,0.0,0.0
2012-03-20 00:00:00-04:00,13.066847625232239,13.484236952605848,13.04129339214013,13.424610137939453,11192000,0.0,0.0
2012-03-21 00:00:00-04:00,13.407573699951172,13.501273910356156,13.2542474860825,13.407573699951172,5764700,0.0,0.0
2012-03-22 00:00:00-04:00,13.305355300015037,13.603490989177294,13.245728487124346,13.441645622253418,10655200,0.0,0.0
2012-03-23 00:00:00-04:00,13.416090478404936,13.518308213138834,13.262763470126918,13.492753982543945,8087600,0.0,0.0
2012-03-26 00:00:00-04:00,13.543861915450186,13.629043763916389,13.416089955105196,13.51830768585205,8052900,0.0,0.0
2012-03-27 00:00:00-04:00,13.501273779880389,13.560900595122282,13.305355824671485,13.416091918945312,6886900,0.0,0.0
2012-03-28 00:00:00-04:00,13.42461239477977,13.55238439407476,13.262766995827917,13.305357933044434,7943500,0.0,0.0
2012-03-29 00:00:00-04:00,13.228692440142355,13.458682979477022,13.058329528980254,13.407573699951172,8021100,0.0,0.0
2012-03-30 00:00:00-04:00,13.441646412248287,13.458683109706568,13.19461998558434,13.399055480957031,7010300,0.0,0.0
2012-04-02 00:00:00-04:00,13.330906100450996,13.535342343533102,13.15202489547552,13.526823997497559,8221100,0.0,0.0
2012-04-03 00:00:00-04:00,13.441647743737208,13.526829614757578,13.245730577686697,13.330911636352539,11192800,0.0,0.0
2012-04-04 00:00:00-04:00,13.203138929515857,13.271284097712098,12.896485672632782,13.02425765991211,9248000,0.0,0.0
2012-04-05 00:00:00-04:00,12.939073534747621,13.058327964450331,12.86241084317553,12.896483421325684,5133100,0.0,0.0
2012-04-09 00:00:00-04:00,12.726119995117188,12.777229269631631,12.589829679551148,12.726119995117188,11006400,0.0,0.0
2012-04-10 00:00:00-04:00,12.726118360081012,12.768709281311958,12.38539261494194,12.564273834228516,15641900,0.0,0.0
2012-04-11 00:00:00-04:00,12.632423233522463,12.896486384116807,12.632423233522463,12.836858749389648,10005000,0.0,0.0
2012-04-12 00:00:00-04:00,12.811299803138727,13.152025537655359,12.802781456687255,13.041290283203125,4815900,0.0,0.0
2012-04-13 00:00:00-04:00,12.947595017159518,13.032776889335743,12.777232085161604,12.879449844360352,5189400,0.0,0.0
2012-04-16 00:00:00-04:00,12.922034873913274,13.126470298865346,12.802780469847482,12.990180015563965,6708900,0.0,0.0
2012-04-17 00:00:00-04:00,13.03277593154333,13.17758461618805,13.015739233418316,13.12647533416748,6641100,0.0,0.0
2012-04-18 00:00:00-04:00,13.032774824029604,13.347946401369082,12.879447803351972,13.28831958770752,8418700,0.0,0.0
2012-04-19 00:00:00-04:00,13.271283482467721,13.543864142616092,13.066847987356443,13.152029037475586,8235900,0.0,0.0
2012-04-20 00:00:00-04:00,13.13499233363841,13.211655842615016,12.93055685127039,12.947592735290527,8484400,0.0,0.0
2012-04-23 00:00:00-04:00,12.870928764343262,12.922038039278021,12.589829783088,12.870928764343262,11558500,0.0,0.0
2012-04-24 00:00:00-04:00,12.905006008375468,12.947596950824344,12.513170800084186,12.538725852966309,7563600,0.0,0.0
2012-04-25 00:00:00-04:00,12.785748315809107,12.819820896561684,12.555757786463412,12.743157386779785,13347900,0.0,0.0
2012-04-26 00:00:00-04:00,12.768709178665432,13.092399040122563,12.717600723482555,13.075363159179688,13143600,0.0,0.0
2012-04-27 00:00:00-04:00,12.836857017532566,12.905002180294636,12.479094506854489,12.683530807495117,13392000,0.0,0.0
2012-04-30 00:00:00-04:00,12.666493096612246,12.828338454481457,12.547238665148319,12.785747528076172,8718400,0.0,0.0
2012-05-01 00:00:00-04:00,12.785749695828855,12.998703551606066,12.70908617777234,12.768712997436523,9856500,0.0,0.0
2012-05-02 00:00:00-04:00,12.675010638093598,12.760191673131361,12.547237867005503,12.6239013671875,7768200,0.0,0.0
2012-05-03 00:00:00-04:00,12.615387972959665,12.726123273618912,12.070225757896548,12.163925170898438,13178000,0.0,0.0
2012-05-04 00:00:00-04:00,12.112816317427352,12.215034077244116,11.755053751891408,11.942453384399414,10295800,0.0,0.0
2012-05-07 00:00:00-04:00,11.857271353650827,12.053188520932746,11.823198767499425,11.899862289428711,11615800,0.0,0.0
2012-05-08 00:00:00-04:00,11.857271455869563,11.87430734291486,11.559135715208752,11.840234756469727,14489500,0.0,0.0
2012-05-09 00:00:00-04:00,11.42284272781245,11.746532630362822,11.303589109010026,11.635796546936035,15593200,0.0,0.0
2012-05-10 00:00:00-04:00,11.686906587545405,11.738015052569006,11.414325128786714,11.550616264343262,9122100,0.0,0.0
2012-05-11 00:00:00-04:00,11.525063762289927,11.925417284293344,11.516546224476343,11.763572692871094,9608000,0.0,0.0
2012-05-14 00:00:00-04:00,11.644316050353506,11.763570493346172,11.490989025413569,11.52506160736084,8736900,0.0,0.0
2012-05-15 00:00:00-04:00,11.542096016432383,11.69542219862285,11.363214793581614,11.397287368774414,8849700,0.0,0.0
2012-05-16 00:00:00-04:00,11.43988017365292,11.72097916834594,11.431361825364185,11.550616264343262,14835400,0.0,0.0
2012-05-17 00:00:00-04:00,11.627283282235801,11.746537765526343,11.329148292541504,11.329148292541504,14600900,0.0,0.0
2012-05-18 00:00:00-04:00,11.763570780229072,11.789125014224119,10.792500952518317,10.86916446685791,25079800,0.0,0.0
2012-05-21 00:00:00-04:00,10.886201780770106,11.320627877472052,10.877684243223554,11.286555290222168,20246200,0.0,0.0
2012-05-22 00:00:00-04:00,11.286554763004954,11.295073112508156,10.886201272254192,11.065082550048828,24103200,0.0,0.0
2012-05-23 00:00:00-04:00,10.962862168071945,11.201370210570406,10.809535163145771,11.158780097961426,18618300,0.0,0.0
2012-05-24 00:00:00-04:00,11.167299552183565,11.167299552183565,10.860646301986838,10.954345703125,13832200,0.0,0.0
2012-05-25 00:00:00-04:00,10.928788096578543,11.20988702561336,10.928788096578543,11.133223533630371,8254100,0.0,0.0
2012-05-29 00:00:00-04:00,11.192855385035518,11.30359149180546,11.03100999346617,11.116191864013672,10718100,0.0,0.0
2012-05-30 00:00:00-04:00,10.97990112151,10.97990112151,10.826574085045218,10.886200904846191,12065000,0.0,0.0
2012-05-31 00:00:00-04:00,10.852128613938293,10.894719548814624,10.56251123160465,10.673247337341309,13368000,0.0,0.0
2012-06-01 00:00:00-04:00,10.511400532559502,10.56250899369901,10.187710633376701,10.196228981018066,18853900,0.0,0.0
2012-06-04 00:00:00-04:00,10.255859780242902,10.460295329053276,10.128087765325086,10.238823890686035,8512800,0.0,0.0
2012-06-05 00:00:00-04:00,10.434735473621409,10.511398966261424,10.22178168844546,10.477326393127441,9071400,0.0,0.0
2012-06-06 00:00:00-04:00,10.528437381285599,10.818054728824546,10.519919845217244,10.792500495910645,8919900,0.0,0.0
2012-06-07 00:00:00-04:00,10.886200343279373,11.00545478908405,10.417701721191406,10.417701721191406,14187400,0.0,0.0
2012-06-08 00:00:00-04:00,10.315483193648383,10.519919487062744,10.24733803329506,10.460291862487793,8871100,0.0,0.0
2012-06-11 00:00:00-04:00,10.460292200638843,10.53695571160324,10.128084736265683,10.145120620727539,9429700,0.0,0.0
2012-06-12 00:00:00-04:00,10.204749004644926,10.349557700441116,10.16215888076155,10.264376640319824,7668700,0.0,0.0
2012-06-13 00:00:00-04:00,10.221783638287633,10.230301986284589,9.940684653223073,10.025866508483887,12123200,0.0,0.0
2012-06-14 00:00:00-04:00,10.076974867025362,10.076974867025362,9.846985159978484,9.881057739257812,11950700,0.0,0.0
2012-06-15 00:00:00-04:00,9.855501141749151,9.966237210037306,9.795874340499468,9.812911033630371,9844200,0.0,0.0
2012-06-18 00:00:00-04:00,9.736250991898487,10.27289483051186,9.736250991898487,10.221785545349121,9657900,0.0,0.0
2012-06-19 00:00:00-04:00,10.256025773465012,10.401562103229866,10.187538184921133,10.358757972717285,6025400,0.06,0.0
2012-06-20 00:00:00-04:00,10.341635150216272,10.427245039833315,10.213221132227122,10.281708717346191,7223600,0.0,0.0
2012-06-21 00:00:00-04:00,10.238902932379599,10.273146722129244,9.725245269698599,9.759489059448242,9567400,0.0,0.0
2012-06-22 00:00:00-04:00,9.845099849614826,9.853661001950538,9.699563525653433,9.785173416137695,8632900,0.0,0.0
2012-06-25 00:00:00-04:00,9.72525108038782,9.802299857469073,9.434179101822954,9.459861755371094,12969500,0.0,0.0
2012-06-26 00:00:00-04:00,9.494103692746188,9.545468989709999,9.365688817463313,9.442737579345703,12292400,0.0,0.0
2012-06-27 00:00:00-04:00,9.519781982815392,9.785171950414648,9.408489468430949,9.699562072753906,14825400,0.0,0.0
2012-06-28 00:00:00-04:00,9.554030144682859,9.648201216510968,9.305762365526643,9.442737579345703,13371500,0.0,0.0
2012-06-29 00:00:00-04:00,9.613955263268235,9.691004014464799,9.536907328508233,9.656760215759277,9106600,0.0,0.0
2012-07-02 00:00:00-04:00,9.699567737513364,9.759494197012463,9.53690985468576,9.562592506408691,6784100,0.0,0.0
2012-07-03 00:00:00-04:00,9.519787788391113,9.605397718260468,9.468422483618939,9.519787788391113,3437000,0.0,0.0
2012-07-05 00:00:00-04:00,9.519782478104114,9.554026267662762,9.357124681809617,9.451294898986816,7307900,0.0,0.0
2012-07-06 00:00:00-04:00,9.382808573446594,9.425613520222885,9.108858220376648,9.245833396911621,10355800,0.0,0.0
2012-07-09 00:00:00-04:00,9.220155283904552,9.305764403067647,9.07461888324675,9.280081748962402,11104000,0.0,0.0
2012-07-10 00:00:00-04:00,9.28007983094151,9.382811242566655,9.040373203816175,9.11742115020752,8449600,0.0,0.0
2012-07-11 00:00:00-04:00,9.125978302914865,9.194465880628437,8.946198207307658,9.006125450134277,9237000,0.0,0.0
2012-07-12 00:00:00-04:00,8.920518697910332,8.997567453965678,8.79210464877583,8.937640190124512,10807400,0.0,0.0
2012-07-13 00:00:00-04:00,8.963326046052018,9.0917401294694,8.946203732830057,9.014691352844238,12058300,0.0,0.0
2012-07-16 00:00:00-04:00,8.971881500600936,9.074613691116374,8.869150126521888,8.886272430419922,9677100,0.0,0.0
2012-07-17 00:00:00-04:00,8.920516532121331,9.048930550078527,8.860590099266162,8.997565269470215,10818600,0.0,0.0
2012-07-18 00:00:00-04:00,8.971884597618665,9.425616010304152,8.937640794438314,9.30576229095459,7250200,0.0,0.0
2012-07-19 00:00:00-04:00,9.46841770593379,9.759489524456214,9.417051610643725,9.536905288696289,10887400,0.0,0.0
2012-07-20 00:00:00-04:00,9.562588301487185,9.60539324649413,9.245833014734064,9.297198295593262,8840600,0.0,0.0
2012-07-23 00:00:00-04:00,9.117418062744356,9.203027951659942,8.963321405707273,9.160223007202148,9371000,0.0,0.0
2012-07-24 00:00:00-04:00,9.151664954082568,9.203031068113482,8.980445934707328,9.11742115020752,7812000,0.0,0.0
2012-07-25 00:00:00-04:00,9.177350070221447,9.39137408705025,9.13454510356832,9.32288646697998,6568300,0.0,0.0
2012-07-26 00:00:00-04:00,9.785172514087735,9.86222124513352,9.571148624043376,9.759489059448242,14672600,0.0,0.0
2012-07-27 00:00:00-04:00,9.716689483650516,10.007761424575449,9.588274599642101,9.947834968566895,11288300,0.0,0.0
2012-07-30 00:00:00-04:00,9.887903313745756,10.059122252630939,9.605391860476132,9.699562072753906,7248000,0.0,0.0
2012-07-31 00:00:00-04:00,9.733811070790168,9.956396218703171,9.639640808105469,9.639640808105469,11167900,0.0,0.0
2012-08-01 00:00:00-04:00,9.691001941693715,9.776611828365033,9.382807819262474,9.536905288696289,11468400,0.0,0.0
2012-08-02 00:00:00-04:00,9.48554019721077,9.639637682951905,9.340003864330026,9.511222839355469,9691500,0.0,0.0
2012-08-03 00:00:00-04:00,9.596832560227048,9.793734173809538,9.545466460437096,9.716686248779297,11909900,0.0,0.0
2012-08-06 00:00:00-04:00,9.75949444901379,9.768055605288085,9.494105136005025,9.519787788391113,9163800,0.0,0.0
2012-08-07 00:00:00-04:00,9.588274345978649,10.0676884306741,9.562591696431108,9.999200820922852,12590500,0.0,0.0
2012-08-08 00:00:00-04:00,9.999200164081936,10.178980331978499,9.94783405192435,10.10193157196045,8093700,0.0,0.0
2012-08-09 00:00:00-04:00,10.101929804324756,10.256026480960363,10.076247160958241,10.221782684326172,7259700,0.0,0.0
2012-08-10 00:00:00-04:00,10.178979568628542,10.384442368977345,10.161857260381177,10.36732006072998,8047200,0.0,0.0
2012-08-13 00:00:00-04:00,10.367321679582565,10.444370445853645,10.110493547261262,10.2645902633667,6161000,0.0,0.0
2012-08-14 00:00:00-04:00,10.384439261766738,10.418683051578515,10.033440212086935,10.084805488586426,12870000,0.0,0.0
2012-08-15 00:00:00-04:00,10.084807497789404,10.2474661441292,10.076247160958241,10.221782684326172,8725700,0.0,0.0
2012-08-16 00:00:00-04:00,10.273148949564218,10.555660480362313,10.204661355215379,10.512855529785156,16812800,0.0,0.0
2012-08-17 00:00:00-04:00,9.185905525876839,9.288637717792124,8.817784967853262,9.023247718811035,54101900,0.0,0.0
2012-08-20 00:00:00-04:00,8.997567453965678,9.05749390137023,8.911957543584935,8.937640190124512,14118500,0.0,0.0
2012-08-21 00:00:00-04:00,8.94620232709577,9.194470114745585,8.94620232709577,9.0917387008667,11720200,0.0,0.0
2012-08-22 00:00:00-04:00,9.0574951171875,9.134543883585355,8.980446350789645,9.0574951171875,8894000,0.0,0.0
2012-08-23 00:00:00-04:00,9.014691052746077,9.040374521724019,8.860594321062447,8.920520782470703,8269200,0.0,0.0
2012-08-24 00:00:00-04:00,8.920513923298094,8.980440338627655,8.84346520848227,8.946196556091309,6801100,0.0,0.0
2012-08-27 00:00:00-04:00,8.963321357361858,8.980442845190781,8.83490652468111,8.860589981079102,5798300,0.0,0.0
2012-08-28 00:00:00-04:00,8.834906769396108,8.894834019548256,8.80066297635335,8.809224128723145,8241400,0.0,0.0
2012-08-29 00:00:00-04:00,8.800664773623602,9.074615990348372,8.800664773623602,8.971883773803711,15275300,0.0,0.0
2012-08-30 00:00:00-04:00,8.90339400444073,8.96332125223008,8.68937010225286,8.71505355834961,8637100,0.0,0.0
2012-08-31 00:00:00-04:00,8.766420795703812,8.826348056878283,8.586640645053556,8.697933197021484,9506600,0.0,0.0
2012-09-04 00:00:00-04:00,8.740738566921499,8.766421213542353,8.543836098997305,8.638007164001465,9958400,0.0,0.0
2012-09-05 00:00:00-04:00,8.65512781788775,8.81778646908261,8.578079885488464,8.766420364379883,7155500,0.0,0.0
2012-09-06 00:00:00-04:00,8.843467263980136,9.006125881161854,8.749297044226129,8.9290771484375,8085600,0.0,0.0
2012-09-07 00:00:00-04:00,8.911957327849821,9.02324988207604,8.843469727777777,8.971883773803711,5868900,0.0,0.0
2012-09-10 00:00:00-04:00,8.97188237136734,9.006126982487022,8.706493166681529,8.740736961364746,7996200,0.0,0.0
2012-09-11 00:00:00-04:00,8.818240910552312,8.930191335665867,8.7149022461235,8.912968635559082,6489200,0.06,0.0
2012-09-12 00:00:00-04:00,8.930191464380187,9.033530130298459,8.801018337298025,8.826852798461914,8200400,0.0,0.0
2012-09-13 00:00:00-04:00,8.70629020196242,8.852686843785579,8.594339780493964,8.783794403076172,11813000,0.0,0.0
2012-09-14 00:00:00-04:00,8.654621643174496,8.94741493903757,8.637398121647157,8.904356956481934,13140600,0.0,0.0
2012-09-17 00:00:00-04:00,8.809630089114098,8.861299837468671,8.671845188518956,8.697680473327637,7567200,0.0,0.0
2012-09-18 00:00:00-04:00,8.706290610925906,8.86991078124354,8.654621688598127,8.826852798461914,11494200,0.0,0.0
2012-09-19 00:00:00-04:00,8.878525393935643,8.895748099822795,8.671847174448994,8.689070701599121,9328300,0.0,0.0
2012-09-20 00:00:00-04:00,8.637396150619129,8.689065882147554,8.508223053691845,8.620173454284668,14157200,0.0,0.0
2012-09-21 00:00:00-04:00,8.6546217604509,8.714902444088011,8.43072090513774,8.456555366516113,14222700,0.0,0.0
2012-09-24 00:00:00-04:00,8.404888347885342,8.430722815116509,8.120706744553777,8.172375679016113,16389100,0.0,0.0
2012-09-25 00:00:00-04:00,8.180988450425758,8.26710444683018,7.957087516784668,7.957087516784668,11043100,0.0,0.0
2012-09-26 00:00:00-04:00,7.767630281592773,7.9570840777809,7.707348781657776,7.931249618530273,14762900,0.0,0.0
2012-09-27 00:00:00-04:00,7.948476622651364,8.103485104635876,7.845137908416053,8.034592628479004,13151800,0.0,0.0
2012-09-28 00:00:00-04:00,8.0001435700978,8.008755331897266,7.870970428157039,7.888193130493164,10194700,0.0,0.0
2012-10-01 00:00:00-04:00,7.905414844972736,8.0431997171815,7.8451333474344365,7.914025783538818,8900400,0.0,0.0
2012-10-02 00:00:00-04:00,7.914028320886649,8.000144304258422,7.793466929681627,7.982921600341797,14936500,0.0,0.0
2012-10-03 00:00:00-04:00,7.9915299794719035,8.051811477010203,7.88819132531533,7.914025783538818,14852600,0.0,0.0
2012-10-04 00:00:00-04:00,7.905418040861025,8.077649200749107,7.8365255769057915,8.069037437438965,8263300,0.0,0.0
2012-10-05 00:00:00-04:00,8.086259005020848,8.180985914694297,7.939862349267403,7.965696811676025,8269000,0.0,0.0
2012-10-08 00:00:00-04:00,7.931254473267079,7.991535188837371,7.853750226812044,7.922642707824707,3998700,0.0,0.0
2012-10-09 00:00:00-04:00,7.905422435350677,7.957091401407524,7.724579411624896,7.75041389465332,10464500,0.0,0.0
2012-10-10 00:00:00-04:00,7.707348845418289,7.776241284831652,7.569563966591562,7.595398426055908,11751600,0.0,0.0
2012-10-11 00:00:00-04:00,7.638459121400858,7.750409580560509,7.492062430289235,7.64707088470459,21518500,0.0,0.0
2012-10-12 00:00:00-04:00,7.6470723990538065,7.741799350364766,7.474841205187009,7.535121917724609,15317300,0.0,0.0
2012-10-15 00:00:00-04:00,7.526508238096923,7.638458690947786,7.466227540893731,7.500673770904541,10050200,0.0,0.0
2012-10-16 00:00:00-04:00,7.5781764817238075,7.750407597413788,7.535118497485628,7.724573135375977,8285100,0.0,0.0
2012-10-17 00:00:00-04:00,7.681521392401919,7.793471913876298,7.586794407122094,7.75041389465332,11597500,0.0,0.0
2012-10-18 00:00:00-04:00,7.715962942587564,7.733185647025801,7.5954007264682755,7.604012489318848,11000100,0.0,0.0
2012-10-19 00:00:00-04:00,6.846195909922586,6.854807674414621,6.475898660027254,6.518956661224365,54487000,0.0,0.0
2012-10-22 00:00:00-04:00,6.562011653119351,6.6050696372647515,6.320888091672938,6.424226760864258,17758900,0.0,0.0
2012-10-23 00:00:00-04:00,6.338112648297527,6.6567404896004145,6.303666417379997,6.562013149261475,16594300,0.0,0.0
2012-10-24 00:00:00-04:00,6.613682003843136,6.630905118021188,6.3725584053504205,6.527566432952881,14488200,0.0,0.0
2012-10-25 00:00:00-04:00,6.59645893366687,6.682574915762997,6.467285781785551,6.665351390838623,10330900,0.0,0.0
2012-10-26 00:00:00-04:00,6.648128110635257,6.742855442198123,6.570624303566935,6.68257474899292,10852700,0.0,0.0
2012-10-31 00:00:00-04:00,6.691187396959142,6.872030332874106,6.673964279759217,6.794526100158691,9025300,0.0,0.0
2012-11-01 00:00:00-04:00,6.794524329263322,7.00120209242633,6.794524329263322,6.9667558670043945,9030000,0.0,0.0
2012-11-02 00:00:00-04:00,6.9150883252196,7.001204326890118,6.837584498600273,6.872030735015869,7221900,0.0,0.0
2012-11-05 00:00:00-05:00,6.854804429452942,7.0270355314467,6.8203582090541905,7.009812831878662,5873300,0.0,0.0
2012-11-06 00:00:00-05:00,7.035648906098487,7.104541362702451,6.923698458801328,7.027037143707275,8362600,0.0,0.0
2012-11-07 00:00:00-05:00,6.975367167997135,6.975367167997135,6.760077657381442,6.820358753204346,8227100,0.0,0.0
2012-11-08 00:00:00-05:00,6.837583848991991,6.880641435105012,6.717022032991444,6.742856502532959,5074400,0.0,0.0
2012-11-09 00:00:00-05:00,6.742854811149491,6.9236976951032725,6.673962362144505,6.691185474395752,6744200,0.0,0.0
2012-11-12 00:00:00-05:00,6.751467450620566,6.751467450620566,6.579235895077964,6.699798107147217,4581000,0.0,0.0
2012-11-13 00:00:00-05:00,6.760079911722752,6.760079911722752,6.501733151967297,6.510344505310059,6237900,0.0,0.0
2012-11-14 00:00:00-05:00,6.579234474582729,6.622292456829769,6.320887812994544,6.33811092376709,12405300,0.0,0.0
2012-11-15 00:00:00-05:00,6.3983929102729435,6.553401349450957,6.355335329881277,6.38116979598999,11991300,0.0,0.0
2012-11-16 00:00:00-05:00,6.501731186214449,6.544788761173114,6.071152972839489,6.372557640075684,20595000,0.0,0.0
2012-11-19 00:00:00-05:00,6.389782011159532,6.65674050677488,6.372558895656331,6.630905628204346,10262500,0.0,0.0
2012-11-20 00:00:00-05:00,6.587848216755804,6.725633144378662,6.518955752944374,6.725633144378662,15159800,0.0,0.0
2012-11-21 00:00:00-05:00,6.717019805247829,6.803135359544575,6.673961822783779,6.734242916107178,9120000,0.0,0.0
2012-11-23 00:00:00-05:00,6.7514664500346875,6.958143793297931,6.734243338096084,6.9495320320129395,4589800,0.0,0.0
2012-11-26 00:00:00-05:00,6.906473979080524,7.225101714245159,6.880638698551185,7.19926643371582,15418300,0.0,0.0
2012-11-27 00:00:00-05:00,7.190656730457461,7.276771883232148,7.113152518076287,7.147598743438721,11535400,0.0,0.0
2012-11-28 00:00:00-05:00,7.06148239283195,7.380110165758622,7.009813468175056,7.354275703430176,12998100,0.0,0.0
2012-11-29 00:00:00-05:00,7.431782488954361,7.50928672408023,7.19065884065624,7.302608489990234,13506900,0.0,0.0
2012-11-30 00:00:00-05:00,7.293994903564453,7.328441126551539,7.164820951415827,7.293994903564453,19913200,0.0,0.0
2012-12-03 00:00:00-05:00,7.362889282414292,7.380111987797701,7.2509388230018,7.3284430503845215,10521100,0.0,0.0
2012-12-04 00:00:00-05:00,7.337052580234702,7.509283687954664,7.276771076585688,7.457613945007324,13837700,0.0,0.0
2012-12-05 00:00:00-05:00,7.4231683102914,7.535118744475135,7.3628876231396845,7.517895221710205,16800200,0.0,0.0
2012-12-06 00:00:00-05:00,7.509283695831853,7.647068582152358,7.397333270380767,7.63845682144165,16157000,0.0,0.0
2012-12-07 00:00:00-05:00,7.707349145184318,7.7159609057615945,7.526506279374956,7.578176021575928,10797500,0.0,0.0
2012-12-10 00:00:00-05:00,7.466226563790194,7.578177001990126,7.33705342347024,7.4317803382873535,11268200,0.0,0.0
2012-12-11 00:00:00-05:00,7.492483615875244,7.544514286902009,7.414436782322491,7.492483615875244,13108800,0.06,0.0
2012-12-12 00:00:00-05:00,7.535841083927154,7.631232011288718,7.284357340268221,7.353732109069824,11347500,0.0,0.0
2012-12-13 00:00:00-05:00,7.362405930921183,7.431780716391775,7.154281574509406,7.232328414916992,9228300,0.0,0.0
2012-12-14 00:00:00-05:00,7.206309612934836,7.267012314287713,7.067559281680393,7.119590759277344,7885200,0.0,0.0
2012-12-17 00:00:00-05:00,7.154282158311776,7.241001060732775,7.067563255890778,7.214984893798828,8772500,0.0,0.0
2012-12-18 00:00:00-05:00,7.3277175353794,7.518498582821264,7.2843580936409,7.475139141082764,12543900,0.0,0.0
2012-12-19 00:00:00-05:00,7.58787380666164,7.683263922506559,7.518499026590313,7.553186416625977,10109400,0.0,0.0
2012-12-20 00:00:00-05:00,7.5358426063551684,7.570529997763688,7.310374975706115,7.327718257904053,8287400,0.0,0.0
2012-12-21 00:00:00-05:00,7.110922126837117,7.267015807652288,7.067562679164827,7.232328414916992,18962800,0.0,0.0
2012-12-24 00:00:00-05:00,7.188970446595704,7.214985789747461,7.102251533406051,7.154283046722412,2521800,0.0,0.0
2012-12-26 00:00:00-05:00,7.154279452346087,7.258341599684174,6.235062990513881,6.417171955108643,30435700,0.0,0.0
2012-12-27 00:00:00-05:00,6.226392618706651,6.304439457028844,6.052955659664365,6.191705226898193,35280900,0.0,0.0
2012-12-28 00:00:00-05:00,6.139671321880713,6.252405500281144,6.113655996715161,6.217718124389648,19906700,0.0,0.0
2012-12-31 00:00:00-05:00,6.191705195711108,6.321783121090794,6.139674108260498,6.295767784118652,11254400,0.0,0.0
2013-01-02 00:00:00-05:00,6.460532232005062,6.573266453617443,6.226392148236583,6.408501148223877,18853200,0.0,0.0
2013-01-03 00:00:00-05:00,6.477876488228751,6.642641807907421,6.3564706155468,6.495220184326172,14383500,0.0,0.0
2013-01-04 00:00:00-05:00,6.512566247909194,6.807409170027716,6.434519385301063,6.772721767425537,17510700,0.0,0.0
2013-01-07 00:00:00-05:00,6.755375989257153,6.920141307715417,6.70334490135028,6.790063381195068,11854900,0.0,0.0
2013-01-08 00:00:00-05:00,6.85076582532059,7.032874407673294,6.824750077266611,6.859437465667725,14706300,0.0,0.0
2013-01-09 00:00:00-05:00,6.98951569798864,7.10224908850957,6.911468454881281,7.093577861785889,17503200,0.0,0.0
2013-01-10 00:00:00-05:00,7.154279855518333,7.371076214776465,7.119592471117532,7.353732109069824,17807200,0.0,0.0
2013-01-11 00:00:00-05:00,7.3103742548915385,7.49248324858319,7.3103742548915385,7.475139141082764,8996700,0.0,0.0
2013-01-14 00:00:00-05:00,7.483809699795972,7.596543894990193,7.275685413443133,7.57919979095459,12004600,0.0,0.0
2013-01-15 00:00:00-05:00,7.553186102651597,7.561858156553182,7.431779829067143,7.50982666015625,8006500,0.0,0.0
2013-01-16 00:00:00-05:00,7.47514076053797,7.59654705830538,7.466468704908995,7.570530891418457,5613400,0.0,0.0
2013-01-17 00:00:00-05:00,7.553187005383894,7.674593293478432,7.3970933245498705,7.5358428955078125,17066200,0.0,0.0
2013-01-18 00:00:00-05:00,7.440454602448143,7.544516806264068,7.371079799904193,7.5271735191345215,8266800,0.0,0.0
2013-01-22 00:00:00-05:00,7.492481123554836,7.743964821896891,7.440449642823366,7.700605392456055,10979300,0.0,0.0
2013-01-23 00:00:00-05:00,7.700610452825245,8.134203378139642,7.570532079023201,8.073500633239746,27889300,0.0,0.0
2013-01-24 00:00:00-05:00,7.978104120510577,8.021463548336477,7.839354613077535,7.900057315826416,11419700,0.0,0.0
2013-01-25 00:00:00-05:00,7.960764520097181,8.116857374502148,7.90873301728707,7.94342041015625,8462800,0.0,0.0
2013-01-28 00:00:00-05:00,7.969436842735503,8.229592738495661,7.934749445101668,8.168889999389648,8544000,0.0,0.0
2013-01-29 00:00:00-05:00,8.030138481261693,8.212247481878213,8.021466427181716,8.194903373718262,10042900,0.0,0.0
2013-01-30 00:00:00-05:00,8.177556410030371,8.324977954952292,8.021462814933695,8.038806915283203,10116200,0.0,0.0
2013-01-31 00:00:00-05:00,8.064827615304239,8.11685829701516,7.952093368913542,8.021468162536621,7197900,0.0,0.0
2013-02-01 00:00:00-05:00,8.13420254975326,8.272952139401562,8.064827754929109,8.246936798095703,8208900,0.0,0.0
2013-02-04 00:00:00-05:00,8.168888777606185,8.264278900078967,8.030139207822986,8.04748249053955,6427700,0.0,0.0
2013-02-05 00:00:00-05:00,8.290295945460102,8.290295945460102,8.151545533922949,8.203577041625977,7121000,0.0,0.0
2013-02-06 00:00:00-05:00,8.238264083862305,8.29029558933019,8.177561349993706,8.238264083862305,6958300,0.0,0.0
2013-02-07 00:00:00-05:00,8.212248224916602,8.238263562497783,7.943420313202152,8.04748249053955,9249200,0.0,0.0
2013-02-08 00:00:00-05:00,8.05615540131562,8.220920326185146,8.02146800518452,8.203577041625977,7550700,0.0,0.0
2013-02-11 00:00:00-05:00,8.203572269314902,8.290291122701571,8.151540791880445,8.28161907196045,5033800,0.0,0.0
2013-02-12 00:00:00-05:00,8.2556069252655,8.333652930947498,8.168888038490929,8.194903373718262,7250100,0.0,0.0
2013-02-13 00:00:00-05:00,8.186230468556362,8.220917854257396,8.04748092575223,8.142871856689453,9026800,0.0,0.0
2013-02-14 00:00:00-05:00,8.099513926739505,8.298966224925035,8.064826534576254,8.255607604980469,7161500,0.0,0.0
2013-02-15 00:00:00-05:00,8.24693339314086,8.33365143736092,8.082167703201588,8.108183860778809,6682900,0.0,0.0
2013-02-19 00:00:00-05:00,8.134201385160384,8.134201385160384,7.995451815377186,8.04748249053955,10355900,0.0,0.0
2013-02-20 00:00:00-05:00,8.116856664129106,8.23826294205231,8.004122440417405,8.012794494628906,8920100,0.0,0.0
2013-02-21 00:00:00-05:00,8.06482623061995,8.290294684689707,7.943419949117937,8.212247848510742,15324600,0.0,0.0
2013-02-22 00:00:00-05:00,8.654512575848786,8.663184631018021,8.108186332390165,8.57646656036377,25406800,0.0,0.0
2013-02-25 00:00:00-05:00,8.62849759234947,8.784591283766948,8.541779518127441,8.541779518127441,13560600,0.0,0.0
2013-02-26 00:00:00-05:00,8.585136692912291,8.741230357987547,8.550449303674746,8.70654296875,11061400,0.0,0.0
2013-02-27 00:00:00-05:00,8.67185448191224,9.001385051466404,8.66318242894733,8.914666175842285,8450500,0.0,0.0
2013-02-28 00:00:00-05:00,8.932009487238092,8.966696868999676,8.749900526236676,8.758572578430176,8770000,0.0,0.0
2013-03-01 00:00:00-05:00,8.741227790859558,8.949352065162797,8.628493602192217,8.905993461608887,8034300,0.0,0.0
2013-03-04 00:00:00-05:00,8.87130681389379,9.018728407507982,8.758573432435874,8.940682411193848,7815000,0.0,0.0
2013-03-05 00:00:00-05:00,8.949352587775712,9.070758835048505,8.914665206699542,8.992712020874023,8857100,0.0,0.0
2013-03-06 00:00:00-05:00,9.036072388590442,9.105447157918347,8.93201023459859,9.070759773254395,7707700,0.0,0.0
2013-03-07 00:00:00-05:00,9.114118268146816,9.148805649222986,8.923337258721684,8.992712020874023,5279200,0.0,0.0
2013-03-08 00:00:00-05:00,9.018729351760577,9.365604066528343,8.984041962985058,9.27021312713623,10595500,0.0,0.0
2013-03-11 00:00:00-04:00,9.244197792307737,9.304900515911749,9.209510403532219,9.27021312713623,5098500,0.0,0.0
2013-03-12 00:00:00-04:00,9.235329277806892,9.348699801481631,9.148120926770794,9.226608276367188,5354800,0.06,0.0
2013-03-13 00:00:00-04:00,9.278935371384716,9.33998073072046,9.156843821032583,9.331259727478027,6217700,0.0,0.0
2013-03-14 00:00:00-04:00,9.374864002531412,9.584163092286897,9.339980820905497,9.462072372436523,7846700,0.0,0.0
2013-03-15 00:00:00-04:00,9.418468096541071,9.45335127783016,9.217889180368328,9.331259727478027,7282900,0.0,0.0
2013-03-18 00:00:00-04:00,9.156841026487124,9.270211538997659,9.087074685200701,9.174283027648926,5587800,0.0,0.0
2013-03-19 00:00:00-04:00,9.183007234621291,9.217890420603792,8.860337556362962,8.999870300292969,8219400,0.0,0.0
2013-03-20 00:00:00-04:00,9.052194878612665,9.217889792824803,9.052194878612665,9.113240242004395,5813100,0.0,0.0
2013-03-21 00:00:00-04:00,9.078356782071292,9.095798789184144,8.834174504256072,8.8428955078125,9140100,0.0,0.0
2013-03-22 00:00:00-04:00,8.9475424669439,9.034749982237207,8.877776122037083,8.903938293457031,5087400,0.0,0.0
2013-03-25 00:00:00-04:00,8.921379765164902,9.034750287387702,8.877776421885756,8.964983940124512,5756600,0.0,0.0
2013-03-26 00:00:00-04:00,8.947544703648152,9.165564793902654,8.938823700434618,9.148122787475586,4379800,0.0,0.0
2013-03-27 00:00:00-04:00,9.06963611144195,9.200448674548175,9.034752927616431,9.165565490722656,3462400,0.0,0.0
2013-03-28 00:00:00-04:00,9.078354578614103,9.226608276367188,9.052192405975463,9.226608276367188,4664800,0.0,0.0
2013-04-01 00:00:00-04:00,9.191728645939778,9.2266118334665,9.008591703504285,9.060916900634766,4463600,0.0,0.0
2013-04-02 00:00:00-04:00,9.060917829286835,9.069638003301648,8.808014485877871,8.825455665588379,4673000,0.0,0.0
2013-04-03 00:00:00-04:00,8.86905539926959,8.964983918606105,8.685918530223178,8.729522705078125,8062400,0.0,0.0
2013-04-04 00:00:00-04:00,8.712081106368197,9.095796864864779,8.6771979312031,9.052192687988281,7570000,0.0,0.0
2013-04-05 00:00:00-04:00,8.851613417901714,8.991146944108555,8.755684898334943,8.964983940124512,7052500,0.0,0.0
2013-04-08 00:00:00-04:00,8.9301030677467,9.139402163471855,8.91266189227661,9.130681991577148,5208800,0.0,0.0
2013-04-09 00:00:00-04:00,9.104518921734488,9.165565114685121,8.825453462579615,9.078356742858887,8521600,0.0,0.0
2013-04-10 00:00:00-04:00,9.104515854682111,9.261490538416759,9.017308343914278,9.174283027648926,8597200,0.0,0.0
2013-04-11 00:00:00-04:00,9.060916499522914,9.121961867072102,8.877779565194592,8.999870300292969,7945300,0.0,0.0
2013-04-12 00:00:00-04:00,8.973707164772662,9.252772622966507,8.9039408002242,9.10451889038086,8641600,0.0,0.0
2013-04-15 00:00:00-04:00,9.008591617650685,9.034753800126198,8.851616859436035,8.851616859436035,9139100,0.0,0.0
2013-04-16 00:00:00-04:00,8.9126590191759,8.973704361163549,8.851612845507843,8.947542190551758,6112100,0.0,0.0
2013-04-17 00:00:00-04:00,8.877777260900979,8.886497431372652,8.537665662089536,8.598711013793945,9357400,0.0,0.0
2013-04-18 00:00:00-04:00,8.642315849483756,8.659757855113359,8.249879871304369,8.328367233276367,9976100,0.0,0.0
2013-04-19 00:00:00-04:00,8.34580963445092,8.494063377380371,8.276043265034794,8.494063377380371,6942400,0.0,0.0
2013-04-22 00:00:00-04:00,8.502784383416863,8.8428960581586,8.45045919050247,8.78184986114502,8852400,0.0,0.0
2013-04-23 00:00:00-04:00,8.869055121003623,9.008587810817257,8.781846774029884,8.903938293457031,6160500,0.0,0.0
2013-04-24 00:00:00-04:00,8.895218577769525,9.069634465239407,8.80801104987486,9.043472290039062,7566700,0.0,0.0
2013-04-25 00:00:00-04:00,9.113239067823699,9.313817971480072,9.026031535883156,9.209168434143066,6429100,0.0,0.0
2013-04-26 00:00:00-04:00,9.13068322202615,9.278936976063616,9.07835802520319,9.191728591918945,5721600,0.0,0.0
2013-04-29 00:00:00-04:00,9.183007003312298,9.383585941419906,9.183007003312298,9.278936386108398,6503900,0.0,0.0
2013-04-30 00:00:00-04:00,9.270213486198054,9.409746198079626,9.209168132670008,9.383584022521973,6631800,0.0,0.0
2013-05-01 00:00:00-04:00,9.374865479420846,9.584164602148713,9.348703297000057,9.505677223205566,10697000,0.0,0.0
2013-05-02 00:00:00-04:00,9.488234872625313,9.540559230998968,9.017311488859013,9.392306327819824,18073300,0.0,0.0
2013-05-03 00:00:00-04:00,9.49695581659794,9.584163357233178,9.296376892943604,9.339981079101562,6392000,0.0,0.0
2013-05-06 00:00:00-04:00,9.3661413887112,9.514395093049503,9.339979214910473,9.418466567993164,3176900,0.0,0.0
2013-05-07 00:00:00-04:00,9.401025828888294,9.418467834888608,9.12196038632824,9.244051933288574,8832100,0.0,0.0
2013-05-08 00:00:00-04:00,9.235333392491775,9.479515719832508,9.226612387166536,9.444632530212402,4465900,0.0,0.0
2013-05-09 00:00:00-04:00,9.392304394192436,9.44462874179389,9.27893386548194,9.418466567993164,6641800,0.0,0.0
2013-05-10 00:00:00-04:00,9.462071109439488,9.531837463378906,9.401024925982092,9.531837463378906,3723300,0.0,0.0
2013-05-13 00:00:00-04:00,9.540556331766348,9.810901540145295,9.496952990265601,9.653926849365234,8702400,0.0,0.0
2013-05-14 00:00:00-04:00,9.680090851406096,9.854506730452586,9.653927845788736,9.732415199279785,6567200,0.0,0.0
2013-05-15 00:00:00-04:00,9.749857498624047,9.924273382958535,9.72369449221347,9.793460845947266,4830800,0.0,0.0
2013-05-16 00:00:00-04:00,9.845785490952775,9.985318190822355,9.776019141017985,9.854506492614746,3808400,0.0,0.0
2013-05-17 00:00:00-04:00,9.924274159260218,10.055085874823371,9.898111982483709,9.967878341674805,5862500,0.0,0.0
2013-05-20 00:00:00-04:00,9.941714993560003,10.13357289062101,9.88939064179464,10.063806533813477,5024300,0.0,0.0
2013-05-21 00:00:00-04:00,10.046364130421548,10.194616996725731,9.959155779249228,10.107409477233887,6719300,0.0,0.0
2013-05-22 00:00:00-04:00,10.098689636964338,10.203339171395818,9.845786387501454,9.906831741333008,8026000,0.0,0.0
2013-05-23 00:00:00-04:00,9.706255012467969,9.950437293123574,9.418468545203693,9.863229751586914,11753300,0.0,0.0
2013-05-24 00:00:00-04:00,10.334154100627705,10.37775745962046,9.776022289704363,9.889392852783203,14338000,0.0,0.0
2013-05-28 00:00:00-04:00,9.967879561378416,10.037645929106361,9.83706699812799,9.84578800201416,7009300,0.0,0.0
2013-05-29 00:00:00-04:00,9.749858261282482,10.194618593205561,9.749858261282482,9.967878341674805,8858700,0.0,0.0
2013-05-30 00:00:00-04:00,9.985320753696326,10.028924941517326,9.575442718868064,9.636488914489746,10961100,0.0,0.0
2013-05-31 00:00:00-04:00,9.662650458865366,9.732416822117194,9.435909362456599,9.462072372436523,10433400,0.0,0.0
2013-06-03 00:00:00-04:00,9.470791909680322,9.601604455775494,9.217888651913038,9.496954917907715,9117800,0.0,0.0
2013-06-04 00:00:00-04:00,9.540560516282383,9.5754437037911,9.348703400824837,9.427190780639648,6938200,0.0,0.0
2013-06-05 00:00:00-04:00,9.35742225455634,9.444630626872254,9.270214713921101,9.339981079101562,6322400,0.0,0.0
2013-06-06 00:00:00-04:00,9.3312588397261,9.496954558845893,9.313817666581187,9.383584022521973,6177200,0.0,0.0
2013-06-07 00:00:00-04:00,9.418469987379682,9.898114450157875,9.366144789100995,9.80218505859375,11184800,0.0,0.0
2013-06-10 00:00:00-04:00,9.653928445378892,9.81090316211044,9.627766269817156,9.723694801330566,8983300,0.0,0.0
2013-06-11 00:00:00-04:00,9.60094368082319,9.785071404507153,9.486959772239764,9.530799865722656,9211900,0.06,0.0
2013-06-12 00:00:00-04:00,9.662319925246342,9.811374901791721,9.504495926788604,9.609711647033691,9278600,0.0,0.0
2013-06-13 00:00:00-04:00,9.644782592944557,9.723694584312014,9.539566883181323,9.671086311340332,6069200,0.0,0.0
2013-06-14 00:00:00-04:00,9.68862300611566,9.758766814977843,9.644782916531756,9.65355110168457,4029200,0.0,0.0
2013-06-17 00:00:00-04:00,9.820143788806792,9.97796779853517,9.78507187955385,9.942895889282227,7829400,0.0,0.0
2013-06-18 00:00:00-04:00,9.925359270121882,10.144558906555176,9.925359270121882,10.144558906555176,6058300,0.0,0.0
2013-06-19 00:00:00-04:00,10.100723167728159,10.170867008933447,9.837683345118052,9.855218887329102,5914100,0.0,0.0
2013-06-20 00:00:00-04:00,9.706161159173687,9.837681463412425,9.64478551890384,9.793841361999512,7151200,0.0,0.0
2013-06-21 00:00:00-04:00,9.846448484372758,9.899056771539165,9.697393482458715,9.811376571655273,7434900,0.0,0.0
2013-06-24 00:00:00-04:00,9.671086635810035,9.776302349103307,9.486958928501767,9.65355110168457,7763800,0.0,0.0
2013-06-25 00:00:00-04:00,9.837681387520531,10.109488509059066,9.776304911543782,10.048112869262695,9836000,0.0,0.0
2013-06-26 00:00:00-04:00,10.091949360653027,10.293612582813353,9.960429104471002,10.284844398498535,9381200,0.0,0.0
2013-06-27 00:00:00-04:00,10.337453311885925,10.468972740077144,10.28484503890136,10.372525215148926,6850300,0.0,0.0
2013-06-28 00:00:00-04:00,10.241006422482545,10.37252585883545,10.179629960828365,10.26731014251709,5603500,0.0,0.0
2013-07-01 00:00:00-04:00,10.425135526361508,10.530351256721335,10.284847049701444,10.302383422851562,5006000,0.0,0.0
2013-07-02 00:00:00-04:00,10.302383856182011,10.468975227213694,10.144559835913858,10.276080131530762,3469200,0.0,0.0
2013-07-03 00:00:00-04:00,10.249772828669078,10.512812513353902,10.214700926456441,10.460205078125,3144600,0.0,0.0
2013-07-05 00:00:00-04:00,10.477741133180979,10.547884941101074,10.416365510295932,10.547884941101074,2936100,0.0,0.0
2013-07-08 00:00:00-04:00,10.547885726089422,10.59172581834716,10.091950940677501,10.118254661560059,5671600,0.0,0.0
2013-07-09 00:00:00-04:00,10.135789446047035,10.390060937916186,10.135789446047035,10.284844398498535,3292900,0.0,0.0
2013-07-10 00:00:00-04:00,10.284845677146725,10.346222138800906,10.188398146233274,10.26731014251709,3384800,0.0,0.0
2013-07-11 00:00:00-04:00,10.354986553946674,10.521577835083008,10.33745018952186,10.521577835083008,3625900,0.0,0.0
2013-07-12 00:00:00-04:00,10.460207816009033,10.600495461578857,10.425135904616576,10.530351638793945,2758700,0.0,0.0
2013-07-15 00:00:00-04:00,10.504043799086823,10.600492152443222,10.460204550666713,10.49527645111084,2861700,0.0,0.0
2013-07-16 00:00:00-04:00,10.530344902495477,10.539113083779636,10.293609024901922,10.398824691772461,4181100,0.0,0.0
2013-07-17 00:00:00-04:00,10.39883134393699,10.53911982568714,10.39883134393699,10.530351638793945,2617500,0.0,0.0
2013-07-18 00:00:00-04:00,10.521583369333802,10.521583369333802,10.284847342157239,10.407599449157715,3932200,0.0,0.0
2013-07-19 00:00:00-04:00,10.416365510295932,10.591725030096171,10.354989887410886,10.547884941101074,5359700,0.0,0.0
2013-07-22 00:00:00-04:00,10.59172899574425,10.59172899574425,10.460209515696913,10.477745056152344,3842300,0.0,0.0
2013-07-23 00:00:00-04:00,10.486508896573541,10.688172127190287,10.486508896573541,10.512812614440918,4506300,0.0,0.0
2013-07-24 00:00:00-04:00,10.530350999206425,10.714478731878437,10.468974530862237,10.504046440124512,4586100,0.0,0.0
2013-07-25 00:00:00-04:00,10.486507415771484,10.539115680257527,10.223467765701264,10.486507415771484,5205700,0.0,0.0
2013-07-26 00:00:00-04:00,10.381294565766714,10.477742101525411,10.354990844410747,10.425134658813477,1875100,0.0,0.0
2013-07-29 00:00:00-04:00,10.460206650574845,10.64433437391555,10.433902092826006,10.609262466430664,4689700,0.0,0.0
2013-07-30 00:00:00-04:00,10.679408574548585,11.13534346975323,10.626800283934767,11.082736015319824,9167000,0.0,0.0
2013-07-31 00:00:00-04:00,11.06519973925297,11.450991644076732,11.01259228434636,11.380846977233887,10268800,0.0,0.0
2013-08-01 00:00:00-04:00,11.43345312866546,11.556205227443098,11.354541124892712,11.459756851196289,6050600,0.0,0.0
2013-08-02 00:00:00-04:00,11.415918849709369,11.547438313029193,11.372078749875975,11.5035982131958,4076400,0.0,0.0
2013-08-05 00:00:00-04:00,11.424687716454919,11.49483155102225,11.372080258619654,11.40715217590332,4575800,0.0,0.0
2013-08-06 00:00:00-04:00,11.380844570428623,11.46852475830438,11.126573029005216,11.231789588928223,6027000,0.0,0.0
2013-08-07 00:00:00-04:00,11.24932912702752,11.3720812664897,11.170417097100446,11.275632858276367,6234700,0.0,0.0
2013-08-08 00:00:00-04:00,11.31070053136304,11.37207699613679,11.15287736695394,11.240556716918945,3007400,0.0,0.0
2013-08-09 00:00:00-04:00,11.231790021904496,11.372077658969488,11.117806107744123,11.13534164428711,3553700,0.0,0.0
2013-08-12 00:00:00-04:00,11.056431427862028,11.301935668618375,11.012592161323061,11.144111633300781,3713600,0.0,0.0
2013-08-13 00:00:00-04:00,11.415917349591625,11.810476523884093,11.398380977490506,11.73156452178955,7079400,0.0,0.0
2013-08-14 00:00:00-04:00,11.749098899173216,11.845547263858444,11.547435656977127,11.556203842163086,7485600,0.0,0.0
2013-08-15 00:00:00-04:00,11.459757283398355,11.556205663282693,11.328237829603724,11.433453559875488,4426900,0.0,0.0
2013-08-16 00:00:00-04:00,11.398383140563965,11.503598884596752,11.363311225886369,11.398383140563965,3486200,0.0,0.0
2013-08-19 00:00:00-04:00,11.415917475647383,11.591277017693681,11.363309194943367,11.529900550842285,3672600,0.0,0.0
2013-08-20 00:00:00-04:00,11.600044157744131,11.608812343732838,11.433452804859881,11.547436714172363,6711200,0.0,0.0
2013-08-21 00:00:00-04:00,11.468527276555545,11.582511211350445,11.389615257375965,11.44222354888916,6548500,0.0,0.0
2013-08-22 00:00:00-04:00,11.494829315419203,11.582509509665877,11.293166039304271,11.363309860229492,4231500,0.0,0.0
2013-08-23 00:00:00-04:00,11.100268821153849,11.161644448271758,10.24100669678229,10.688173294067383,21558200,0.0,0.0
2013-08-26 00:00:00-04:00,10.574189071038283,10.653100224640413,10.416365091473795,10.512812614440918,13557700,0.0,0.0
2013-08-27 00:00:00-04:00,10.319918426343087,10.433901491969857,10.197166339124786,10.205934524536133,12902000,0.0,0.0
2013-08-28 00:00:00-04:00,10.153327375244773,10.600494846695828,10.144559188860176,10.381295204162598,7756600,0.0,0.0
2013-08-29 00:00:00-04:00,10.390063889484217,10.539119720458984,10.346223791636287,10.539119720458984,5659200,0.0,0.0
2013-08-30 00:00:00-04:00,10.53911937795033,10.618030548095703,10.451439185103972,10.618030548095703,6783300,0.0,0.0
2013-09-03 00:00:00-04:00,10.661868734906095,10.88983652653182,10.661868734906095,10.74954891204834,6931700,0.0,0.0
2013-09-04 00:00:00-04:00,10.845996437960697,10.872300156631313,10.705708823477218,10.74954891204834,7195100,0.0,0.0
2013-09-05 00:00:00-04:00,10.758319373518312,10.88107064407613,10.512815160042036,10.539119720458984,8155700,0.0,0.0
2013-09-06 00:00:00-04:00,10.565420048434765,10.705707647508346,10.363755997631454,10.574188232421875,7305600,0.0,0.0
2013-09-09 00:00:00-04:00,10.591731028806807,11.038898684689466,10.591731028806807,11.0213623046875,7203300,0.0,0.0
2013-09-10 00:00:00-04:00,11.320899151009298,11.45304938475714,11.171128437993373,11.276848793029785,9016200,0.06,0.0
2013-09-11 00:00:00-04:00,11.179937642976517,11.32970835338738,11.179937642976517,11.285658836364746,5710000,0.0,0.0
2013-09-12 00:00:00-04:00,11.356141294318896,11.356141294318896,11.030169931450208,11.047789573669434,4533400,0.0,0.0
2013-09-13 00:00:00-04:00,11.091837742561065,11.15350773839974,10.95968667123303,11.13588809967041,3253500,0.0,0.0
2013-09-16 00:00:00-04:00,11.241607861677538,11.329707731074379,11.100647398490088,11.232797622680664,4040300,0.0,0.0
2013-09-17 00:00:00-04:00,11.259226421441506,11.356137360746906,11.127076209903938,11.16231632232666,3064500,0.0,0.0
2013-09-18 00:00:00-04:00,11.091839187244185,11.215179194986252,10.959688098703815,11.188749313354492,4851800,0.0,0.0
2013-09-19 00:00:00-04:00,11.188747743426571,11.294468095310444,11.01254715695345,11.065407752990723,3865600,0.0,0.0
2013-09-20 00:00:00-04:00,11.065407073891834,11.250417888381916,10.96849612713617,10.977306365966797,7225300,0.0,0.0
2013-09-23 00:00:00-04:00,11.012544503811487,11.07421448417188,10.316551724778218,10.598472595214844,19153200,0.0,0.0
2013-09-24 00:00:00-04:00,10.572044372558594,10.695385192707061,10.483943666711033,10.572044372558594,5437100,0.0,0.0
2013-09-25 00:00:00-04:00,10.57204239959448,10.65133285202191,10.48394171018835,10.536802291870117,4635600,0.0,0.0
2013-09-26 00:00:00-04:00,10.572045522479115,10.651335998328218,10.536805404345145,10.56323528289795,3298400,0.0,0.0
2013-09-27 00:00:00-04:00,10.545615967547882,10.545615967547882,10.290124893188477,10.290124893188477,7102000,0.0,0.0
2013-09-30 00:00:00-04:00,10.122736731689182,10.237267363524591,9.902485710511309,10.131546974182129,9124900,0.0,0.0
2013-10-01 00:00:00-04:00,10.069869719568226,10.193209665057157,9.876048724983725,9.928909301757812,11330700,0.0,0.0
2013-10-02 00:00:00-04:00,9.849622333976846,10.017012679174172,9.840812094705761,9.937722206115723,5689400,0.0,0.0
2013-10-03 00:00:00-04:00,9.937722571011175,10.025823286575614,9.74390234107452,9.964153289794922,5847500,0.0,0.0
2013-10-04 00:00:00-04:00,9.97296331822722,10.017013678787844,9.79676271617547,9.823192596435547,4478400,0.0,0.0
2013-10-07 00:00:00-04:00,9.735089690217855,9.831999781182745,9.646988996474876,9.717469215393066,3705200,0.0,0.0
2013-10-08 00:00:00-04:00,9.717472730559706,9.814383696771333,9.576512241732743,9.655802726745605,6620200,0.0,0.0
2013-10-09 00:00:00-04:00,9.673422519768415,9.840813733024026,9.620562755723023,9.761523246765137,10148200,0.0,0.0
2013-10-10 00:00:00-04:00,9.84962118248765,10.105112210145835,9.805570831472673,10.06106185913086,8365100,0.0,0.0
2013-10-11 00:00:00-04:00,10.096303152232624,10.105113391503709,9.884862450870529,9.937722206115723,3973800,0.0,0.0
2013-10-14 00:00:00-04:00,9.823190467764327,10.096301971904728,9.796760593231566,10.06106185913086,4713200,0.0,0.0
2013-10-15 00:00:00-04:00,10.157973519731579,10.193213637919214,9.964153289794922,9.964153289794922,5004500,0.0,0.0
2013-10-16 00:00:00-04:00,9.972962767319988,10.184404318292785,9.955343128183495,10.149164199829102,4394800,0.0,0.0
2013-10-17 00:00:00-04:00,10.078684562943616,10.35179615020752,10.043444439444158,10.35179615020752,4747000,0.0,0.0
2013-10-18 00:00:00-04:00,10.378226032784408,10.422276397206433,10.263695421363469,10.35179615020752,5402300,0.0,0.0
2013-10-21 00:00:00-04:00,10.378227614193579,10.598478629674204,10.334177243059264,10.589669227600098,5598000,0.0,0.0
2013-10-22 00:00:00-04:00,10.589665832088414,10.765866419937083,10.510375357508844,10.721816062927246,8738100,0.0,0.0
2013-10-23 00:00:00-04:00,10.607285190296693,10.68657566277964,10.501564840382985,10.545615196228027,13714300,0.0,0.0
2013-10-24 00:00:00-04:00,10.492754880454283,10.598475233181878,10.175593822271496,10.457514762878418,9590700,0.0,0.0
2013-10-25 00:00:00-04:00,10.519181817912713,10.607282507318844,10.466322076421388,10.536802291870117,5205100,0.0,0.0
2013-10-28 00:00:00-04:00,10.501562184145753,10.589662873551884,10.466322076421388,10.536802291870117,5460600,0.0,0.0
2013-10-29 00:00:00-04:00,10.527994019634814,10.598474248236624,10.483943666711033,10.572044372558594,4390500,0.0,0.0
2013-10-30 00:00:00-04:00,10.616093441336872,10.730624009008599,10.563232856184346,10.624903678894043,3136100,0.0,0.0
2013-10-31 00:00:00-04:00,10.624904964105252,10.721815068385089,10.46632402965588,10.572044372558594,5774100,0.0,0.0
2013-11-01 00:00:00-04:00,10.55442825853989,10.686579371942832,10.519188129670628,10.589669227600098,4717900,0.0,0.0
2013-11-04 00:00:00-05:00,10.66014968575945,10.66014968575945,10.536808812302635,10.580859184265137,3309200,0.0,0.0
2013-11-05 00:00:00-05:00,10.501567394391602,11.74378285822605,10.378226536066794,11.48829174041748,30211400,0.0,0.0
2013-11-06 00:00:00-05:00,11.470673760387939,11.59401379639793,11.285662866181973,11.46186351776123,12577000,0.0,0.0
2013-11-07 00:00:00-05:00,11.453053275134522,11.532343778392933,11.285662866181973,11.46186351776123,10350500,0.0,0.0
2013-11-08 00:00:00-05:00,11.479480317291893,11.761402130126953,11.453050436154184,11.761402130126953,6246200,0.0,0.0
2013-11-11 00:00:00-05:00,11.743783381780554,11.884743888898347,11.646873243184796,11.875933647155762,3295500,0.0,0.0
2013-11-12 00:00:00-05:00,11.805452057855492,12.052133757591445,11.761402534508388,12.043323516845703,6218000,0.0,0.0
2013-11-13 00:00:00-05:00,12.03451249598154,12.351674420742295,11.999272375473762,12.298813819885254,7441100,0.0,0.0
2013-11-14 00:00:00-05:00,12.237144096566972,12.27238421787395,11.9464128857367,12.060942649841309,6410700,0.0,0.0
2013-11-15 00:00:00-05:00,12.272384031122066,12.28119343117168,12.078562946787718,12.219523429870605,3632200,0.0,0.0
2013-11-18 00:00:00-05:00,12.237139962090522,12.325239815496909,12.140229031095869,12.149039268493652,4119100,0.0,0.0
2013-11-19 00:00:00-05:00,12.10499062360781,12.157851215236013,11.743779241418657,11.779019355773926,7295300,0.0,0.0
2013-11-20 00:00:00-05:00,11.699730480107734,11.805450837556183,11.5763904831799,11.717350959777832,6666500,0.0,0.0
2013-11-21 00:00:00-05:00,11.814260645226867,12.228332660229622,11.7261607706712,12.184282302856445,9017300,0.0,0.0
2013-11-22 00:00:00-05:00,12.774553418124443,12.897894236354256,12.519062383369578,12.845033645629883,12404400,0.0,0.0
2013-11-25 00:00:00-05:00,12.800986436357247,12.87146668116737,12.624785824331942,12.756936073303223,8914900,0.0,0.0
2013-11-26 00:00:00-05:00,12.721695042654899,12.853846122382278,12.510254323319975,12.571925163269043,5699000,0.0,0.0
2013-11-27 00:00:00-05:00,12.624781156504154,12.756931356614837,12.519060828377514,12.607161521911621,3321700,0.0,0.0
2013-11-29 00:00:00-05:00,12.580732481526933,12.730503176322898,12.510252253410078,12.53668212890625,1579200,0.0,0.0
2013-12-02 00:00:00-05:00,12.615973358293317,12.83622429452157,12.510253009726632,12.545493125915527,4946600,0.0,0.0
2013-12-03 00:00:00-05:00,12.439775466918945,12.457395948918391,12.219524483070824,12.439775466918945,8935400,0.0,0.0
2013-12-04 00:00:00-05:00,12.378103476939021,12.545493828158403,12.378103476939021,12.519063949584961,6115800,0.0,0.0
2013-12-05 00:00:00-05:00,12.501446869955684,12.501446869955684,12.157855834495386,12.201906204223633,6300200,0.0,0.0
2013-12-06 00:00:00-05:00,12.378103809853787,12.510254046465924,11.97284202000166,11.98165225982666,8264000,0.0,0.0
2013-12-09 00:00:00-05:00,11.796644454746787,11.981655337643327,11.734973600320654,11.823074340820312,8630000,0.0,0.0
2013-12-10 00:00:00-05:00,11.814223288218548,12.00006503131291,11.769975093393391,11.911568641662598,11448400,0.06,0.0
2013-12-11 00:00:00-05:00,11.982362349762743,12.247850606816705,11.902715788250164,11.938114166259766,7646600,0.0,0.0
2013-12-12 00:00:00-05:00,11.920418142777395,11.920418142777395,11.646080017089844,11.646080017089844,6031600,0.0,0.0
2013-12-13 00:00:00-05:00,11.72572438274788,11.778822373938418,11.610679438471662,11.637228012084961,4822000,0.0,0.0
2013-12-16 00:00:00-05:00,12.035459993555593,12.362895191743817,12.017760383076503,12.0531587600708,8884700,0.0,0.0
2013-12-17 00:00:00-05:00,12.115107047475208,12.168205040815641,11.991213136287481,12.000062942504883,6809300,0.0,0.0
2013-12-18 00:00:00-05:00,11.955816836487754,11.9823654157972,11.628381545124185,11.911568641662598,4457800,0.0,0.0
2013-12-19 00:00:00-05:00,11.858469400129838,12.035462160938607,11.823071016760892,11.902717590332031,3332600,0.0,0.0
2013-12-20 00:00:00-05:00,11.867317280659966,11.946963841302876,11.778821758584208,11.805370330810547,3215600,0.0,0.0
2013-12-23 00:00:00-05:00,11.858469400129838,11.929266166867734,11.725725673487293,11.902717590332031,3304300,0.0,0.0
2013-12-24 00:00:00-05:00,11.876169204711914,11.946965972587904,11.84962062774943,11.876169204711914,952100,0.0,0.0
2013-12-26 00:00:00-05:00,11.858467215933528,12.371744102225453,11.823068839084565,12.177053451538086,7580700,0.0,0.0
2013-12-27 00:00:00-05:00,12.256702296032422,12.29210067948237,12.03546218847923,12.062010765075684,2583000,0.0,0.0
2013-12-30 00:00:00-05:00,12.035459944142227,12.247850205236015,12.017760333735808,12.177053451538086,2905600,0.0,0.0
2013-12-31 00:00:00-05:00,12.699182319799649,12.955820806936005,12.619535747246292,12.725730895996094,10160300,0.0,0.0
2014-01-02 00:00:00-05:00,12.725728155897173,12.778825296857207,12.42484154391085,12.539886474609375,5268500,0.0,0.0
2014-01-03 00:00:00-05:00,12.53104019165039,12.610686769438995,12.442544650524002,12.53104019165039,2691400,0.0,0.0
2014-01-06 00:00:00-05:00,12.5310423579954,13.026620681041397,12.5310423579954,12.95582389831543,8749300,0.0,0.0
2014-01-07 00:00:00-05:00,12.964670569839388,13.380602227752725,12.964670569839388,13.008918762207031,12632500,0.0,0.0
2014-01-08 00:00:00-05:00,13.008917386669225,13.30095424386656,12.9558202366137,13.247857093811035,6496500,0.0,0.0
2014-01-09 00:00:00-05:00,13.371750933714928,13.539893877223768,13.309803977666398,13.407149314880371,6377800,0.0,0.0
2014-01-10 00:00:00-05:00,13.575293910926808,13.70803764546529,13.433700369028676,13.460248947143555,6934500,0.0,0.0
2014-01-13 00:00:00-05:00,13.41599837515487,13.531043318536385,13.362901228341206,13.477945327758789,4993300,0.0,0.0
2014-01-14 00:00:00-05:00,13.486797206567115,14.00007420580122,13.486797206567115,13.991225242614746,8445700,0.0,0.0
2014-01-15 00:00:00-05:00,13.787681955845446,13.93812528035689,13.52219368647443,13.73458480834961,11521300,0.0,0.0
2014-01-16 00:00:00-05:00,13.584143289357485,13.681488635347684,13.035467065880937,13.062016487121582,11259600,0.0,0.0
2014-01-17 00:00:00-05:00,13.035466867367983,13.239008207292983,12.89387333209705,12.991219520568848,6519400,0.0,0.0
2014-01-21 00:00:00-05:00,13.079715840313716,13.212460420541532,12.90272391064072,13.177062034606934,5427000,0.0,0.0
2014-01-22 00:00:00-05:00,13.185910184994318,13.58414305715622,13.177061222029419,13.56644344329834,6772900,0.0,0.0
2014-01-23 00:00:00-05:00,13.433698654174805,13.566442371768131,13.309803898847452,13.433698654174805,5288100,0.0,0.0
2014-01-24 00:00:00-05:00,13.318654984699426,13.362903176136445,13.062016487121582,13.062016487121582,5254100,0.0,0.0
2014-01-27 00:00:00-05:00,13.141664879974403,13.300957209622872,12.911574927859293,13.1239652633667,5180700,0.0,0.0
2014-01-28 00:00:00-05:00,13.062014337115869,13.221306618519973,12.867322833217612,13.212457656860352,5853600,0.0,0.0
2014-01-29 00:00:00-05:00,13.062018386497671,13.30980711302679,12.973521990755183,13.159363746643066,5181400,0.0,0.0
2014-01-30 00:00:00-05:00,13.30095386505127,13.40714900610183,13.194758724000708,13.30095386505127,3749200,0.0,0.0
2014-01-31 00:00:00-05:00,13.203607851236812,13.345201365357758,13.115111482929265,13.212457656860352,4202900,0.0,0.0
2014-02-03 00:00:00-05:00,13.256704568912843,13.265554374250568,12.743427674819205,12.787675857543945,5534100,0.0,0.0
2014-02-04 00:00:00-05:00,12.796529009595643,12.929272748522832,12.681484042008828,12.769980430603027,3380300,0.0,0.0
2014-02-05 00:00:00-05:00,12.752277690186608,12.95581899648717,12.699180545213524,12.85847282409668,3601700,0.0,0.0
2014-02-06 00:00:00-05:00,12.876176731874512,12.973522092785482,12.840778342091962,12.93812370300293,1996600,0.0,0.0
2014-02-07 00:00:00-05:00,12.964669177132418,13.239007265170262,12.955820214780733,13.185909271240234,4523300,0.0,0.0
2014-02-10 00:00:00-05:00,13.123963164935734,13.212459545895946,13.000068400384244,13.150511741638184,3746600,0.0,0.0
2014-02-11 00:00:00-05:00,13.150508772939038,13.185907148539208,12.85847196324667,13.115110397338867,3832500,0.0,0.0
2014-02-12 00:00:00-05:00,13.168213081952567,13.5044981921434,13.150513465854244,13.495648384094238,5154500,0.0,0.0
2014-02-13 00:00:00-05:00,13.407148569364615,13.53989312432664,13.32750284914412,13.477945327758789,3508700,0.0,0.0
2014-02-14 00:00:00-05:00,13.557592391967773,13.628389152973039,13.327503340682643,13.557592391967773,3233700,0.0,0.0
2014-02-18 00:00:00-05:00,13.592992991957479,14.008924663750417,13.575294220798257,13.920428276062012,6531200,0.0,0.0
2014-02-19 00:00:00-05:00,13.946975046111268,14.106267332104164,13.83193010158288,13.955824851989746,6135800,0.0,0.0
2014-02-20 00:00:00-05:00,13.902729520743245,14.292111770294856,13.902729520743245,14.274412155151367,7722300,0.0,0.0
2014-02-21 00:00:00-05:00,14.177069106209427,14.708045799641793,13.522197625919059,13.80538558959961,11432700,0.0,0.0
2014-02-24 00:00:00-05:00,13.769985277067116,14.053172357244843,13.628390893014181,13.646090507507324,7359500,0.0,0.0
2014-02-25 00:00:00-05:00,13.628390276062484,13.663788659482229,13.300955018438831,13.37175178527832,6854300,0.0,0.0
2014-02-26 00:00:00-05:00,13.362899734742275,13.646086736666573,13.354049929941182,13.522192001342773,3184500,0.0,0.0
2014-02-27 00:00:00-05:00,13.504495243195805,13.67263733959232,13.389450295571258,13.557592391967773,4979500,0.0,0.0
2014-02-28 00:00:00-05:00,13.584141042407646,13.70803494518117,13.451396490053837,13.53104305267334,3157800,0.0,0.0
2014-03-03 00:00:00-05:00,13.35405203877333,13.699186040880143,13.132811947591437,13.654938697814941,3938300,0.0,0.0
2014-03-04 00:00:00-05:00,13.71688720461201,13.893879128781933,13.71688720461201,13.867330551147461,3966900,0.0,0.0
2014-03-05 00:00:00-05:00,13.805384153616828,14.017774471312077,13.778834730931846,13.920428276062012,3322300,0.0,0.0
2014-03-06 00:00:00-05:00,13.973527144246999,14.088572117792534,13.911580175401001,14.044323921203613,4043900,0.0,0.0
2014-03-07 00:00:00-05:00,14.017775340835922,14.115120698160226,13.973527144246999,14.044323921203613,2941400,0.0,0.0
2014-03-10 00:00:00-04:00,13.982374346791612,14.062020917016985,13.734585673618009,13.79653263092041,2546400,0.0,0.0
2014-03-11 00:00:00-04:00,13.840949632972883,14.16964987721594,13.805414494331053,14.080812454223633,7231700,0.06,0.0
2014-03-12 00:00:00-04:00,13.974205913954169,14.142998454573972,13.929787626951132,14.116347312927246,6247800,0.0,0.0
2014-03-13 00:00:00-04:00,14.178537520626673,14.196304670905313,13.823186042806356,13.974209785461426,3688100,0.0,0.0
2014-03-14 00:00:00-04:00,13.903137134918044,14.116348832720178,13.885369987648888,14.045278549194336,4098200,0.0,0.0
2014-03-17 00:00:00-04:00,13.94755721320535,14.08969778982928,13.91202206904937,13.920906066894531,3440400,0.0,0.0
2014-03-18 00:00:00-04:00,13.876487680276938,14.169652847328761,13.858720530844103,14.063047409057617,4621300,0.0,0.0
2014-03-19 00:00:00-04:00,14.098580942329221,14.231838360342593,13.947556376915502,14.151884078979492,4595100,0.0,0.0
2014-03-20 00:00:00-04:00,14.151885648066703,14.40063082259882,14.125233653174226,14.373980522155762,4730400,0.0,0.0
2014-03-21 00:00:00-04:00,14.391747996388125,14.533888575090035,14.33844400853789,14.382863998413086,7935200,0.0,0.0
2014-03-24 00:00:00-04:00,14.43616876209112,14.43616876209112,14.098584406295242,14.125235557556152,4326200,0.0,0.0
2014-03-25 00:00:00-04:00,14.12522894534983,14.160764079471518,13.938669279404857,14.000856399536133,4371800,0.0,0.0
2014-03-26 00:00:00-04:00,14.080813889143155,14.116349031406228,13.583321050235497,13.592205047607422,4568900,0.0,0.0
2014-03-27 00:00:00-04:00,13.60108757019043,13.805414404241445,13.503365304144701,13.60108757019043,2980900,0.0,0.0
2014-03-28 00:00:00-04:00,13.760997299189023,13.796532442840446,13.64550787051574,13.707695007324219,2012500,0.0,0.0
2014-03-31 00:00:00-04:00,13.805417014247405,13.991976737976074,13.734346723991216,13.991976737976074,4956400,0.0,0.0
2014-04-01 00:00:00-04:00,14.489467099804836,14.791516222193708,14.3384425386104,14.391746520996094,13112900,0.0,0.0
2014-04-02 00:00:00-04:00,14.356211613758973,14.462817892108612,14.240723032125398,14.418397903442383,5157900,0.0,0.0
2014-04-03 00:00:00-04:00,14.391743852086888,14.51611639902393,14.107461929321289,14.107461929321289,4907700,0.0,0.0
2014-04-04 00:00:00-04:00,14.205184782266171,14.38286131977812,14.027509091978741,14.160765647888184,7439100,0.0,0.0
2014-04-07 00:00:00-04:00,14.080813690957257,14.276256547041015,13.99197541293765,14.045278549194336,4824700,0.0,0.0
2014-04-08 00:00:00-04:00,14.134115951250568,14.302908509699694,13.95644024279723,14.23183822631836,6393600,0.0,0.0
2014-04-09 00:00:00-04:00,14.249604763868678,14.38286131977812,14.116347360734716,14.160765647888184,3647500,0.0,0.0
2014-04-10 00:00:00-04:00,14.125233920238216,14.160769066875334,13.565555572509766,13.565555572509766,4228200,0.0,0.0
2014-04-11 00:00:00-04:00,13.538903432469711,13.698812014240717,13.254622262409889,13.27238941192627,3241400,0.0,0.0
2014-04-14 00:00:00-04:00,13.334574095857565,13.476714654692294,13.174665543556216,13.467830657958984,5282500,0.0,0.0
2014-04-15 00:00:00-04:00,13.530016572118358,13.583319703841813,13.29903859391548,13.521133422851562,3486300,0.0,0.0
2014-04-16 00:00:00-04:00,13.636623318159705,13.636623318159705,13.31680621094985,13.57443618774414,2595600,0.0,0.0
2014-04-17 00:00:00-04:00,13.583320272819039,13.929788525472999,13.467830855267717,13.86760139465332,3079200,0.0,0.0
2014-04-21 00:00:00-04:00,13.867600623467503,14.045277161957799,13.805414343330613,14.036393165588379,3566600,0.0,0.0
2014-04-22 00:00:00-04:00,13.991975501018752,14.116348921584224,13.912021219742707,14.027510643005371,1382000,0.0,0.0
2014-04-23 00:00:00-04:00,14.054161699216609,14.071929693710373,13.867601993155123,14.045278549194336,2438400,0.0,0.0
2014-04-24 00:00:00-04:00,14.045282103773422,14.19630585906846,14.000862953522022,14.125235557556152,2947300,0.0,0.0
2014-04-25 00:00:00-04:00,14.009740521410121,14.205183337232455,13.983088535159812,14.107461929321289,6475300,0.0,0.0
2014-04-28 00:00:00-04:00,14.125235976081019,14.143003975597965,13.894257912934643,13.965328216552734,6771200,0.0,0.0
2014-04-29 00:00:00-04:00,14.018627030615544,14.169651600011546,13.983091887653227,14.098581314086914,5159500,0.0,0.0
2014-04-30 00:00:00-04:00,13.974209352980342,14.143001935139678,13.93867420629807,14.089698791503906,4190700,0.0,0.0
2014-05-01 00:00:00-04:00,14.071928457757043,14.240721001724133,13.743228213513985,14.080812454223633,6402800,0.0,0.0
2014-05-02 00:00:00-04:00,14.089698556819226,14.160768848999988,13.9475579724577,14.063047409057617,2936100,0.0,0.0
2014-05-05 00:00:00-04:00,14.0630430416583,14.222951573016399,13.991972771549024,14.134113311767578,3854700,0.0,0.0
2014-05-06 00:00:00-04:00,14.134113421048685,14.160764560739612,13.65438867048974,13.681039810180664,3477700,0.0,0.0
2014-05-07 00:00:00-04:00,13.725463346162195,13.805417638119748,13.503368467268876,13.609973907470703,2663800,0.0,0.0
2014-05-08 00:00:00-04:00,13.601086391107886,13.947553748763292,13.583318399830965,13.681039810180664,2011600,0.0,0.0
2014-05-09 00:00:00-04:00,13.565554472979992,13.805416481532816,13.467832192230059,13.752113342285156,2359800,0.0,0.0
2014-05-12 00:00:00-04:00,13.787651146506333,13.965326888657236,13.787651146506333,13.894256591796875,3862300,0.0,0.0
2014-05-13 00:00:00-04:00,13.947555715149566,13.956439712040531,13.467830896956956,13.494482040405273,8483900,0.0,0.0
2014-05-14 00:00:00-04:00,13.476715623446276,13.707694471768567,13.458947628702429,13.592205047607422,2503000,0.0,0.0
2014-05-15 00:00:00-04:00,13.645506598653371,13.68992573588362,13.307922341817893,13.494482040405273,2158600,0.0,0.0
2014-05-16 00:00:00-04:00,13.396760637107421,13.618855476379395,13.325690356318356,13.618855476379395,2634600,0.0,0.0
2014-05-19 00:00:00-04:00,13.601086821524548,13.894251909075532,13.556667689151023,13.876483917236328,2967200,0.0,0.0
2014-05-20 00:00:00-04:00,13.84095274714126,13.92090703888096,13.556671574044303,13.565555572509766,2678700,0.0,0.0
2014-05-21 00:00:00-04:00,13.663274290514108,13.787647702565573,13.583320014711349,13.71657657623291,2411700,0.0,0.0
2014-05-22 00:00:00-04:00,13.636625475762635,13.885371495108082,13.636625475762635,13.849836349487305,4240800,0.0,0.0
2014-05-23 00:00:00-04:00,13.485597979124625,14.169649596220697,13.22796801727423,14.116347312927246,11121300,0.0,0.0
2014-05-27 00:00:00-04:00,14.187416065481104,14.214067204266264,13.956437270077915,14.000856399536133,3830800,0.0,0.0
2014-05-28 00:00:00-04:00,14.080817671738346,14.098584824030446,13.920909064985215,13.965328216552734,2689100,0.0,0.0
2014-05-29 00:00:00-04:00,13.991977260138485,14.10746669792088,13.91202296881031,13.98309326171875,3148200,0.0,0.0
2014-05-30 00:00:00-04:00,14.018629137367604,14.027513136249452,13.796534248670037,13.832069396972656,3970300,0.0,0.0
2014-06-02 00:00:00-04:00,13.858718521541231,14.17853478998618,13.840950527459771,14.142999649047852,6214800,0.0,0.0
2014-06-03 00:00:00-04:00,14.142996726354816,14.285137260734356,14.054158468755396,14.267369270324707,4735100,0.0,0.0
2014-06-04 00:00:00-04:00,14.249606220775997,14.294024512470877,14.089696812331082,14.23183822631836,4026800,0.0,0.0
2014-06-05 00:00:00-04:00,13.67215797430606,13.681041123572856,13.370108871397063,13.521133422851562,16129800,0.0,0.0
2014-06-06 00:00:00-04:00,13.60996944894495,13.645504584037845,13.485596899732048,13.512248039245605,3617600,0.0,0.0
2014-06-09 00:00:00-04:00,13.387877696235439,13.512251121039137,13.023642266654527,13.183550834655762,9699800,0.0,0.0
2014-06-10 00:00:00-04:00,13.165709730780609,13.486824291044567,13.130030335195725,13.228148460388184,6636100,0.06,0.0
2014-06-11 00:00:00-04:00,13.424387964712741,13.709823180491316,13.397628625899511,13.513586044311523,7533200,0.0,0.0
2014-06-12 00:00:00-04:00,13.504666046254261,13.59386412066442,13.27274952159266,13.326268196105957,5622500,0.0,0.0
2014-06-13 00:00:00-04:00,13.299507936404016,13.344107395847702,13.014072757026717,13.281668663024902,9544100,0.0,0.0
2014-06-16 00:00:00-04:00,13.219228735383215,13.33518698665232,12.951633687015647,13.01407241821289,6266900,0.0,0.0
2014-06-17 00:00:00-04:00,13.04083142090157,13.326266585580642,13.005152025316686,13.228148460388184,10340200,0.0,0.0
2014-06-18 00:00:00-04:00,13.228148384197326,13.41546542260504,13.156789593438566,13.183548927307129,5412700,0.0,0.0
2014-06-19 00:00:00-04:00,13.245988618375415,13.281668014054206,13.05867157839579,13.112190246582031,8112200,0.0,0.0
2014-06-20 00:00:00-04:00,13.183549003241106,13.272747917535263,13.031911359339377,13.228148460388184,12761900,0.0,0.0
2014-06-23 00:00:00-04:00,13.183551565227752,13.228151031041936,13.058674081744904,13.121112823486328,5762600,0.0,0.0
2014-06-24 00:00:00-04:00,13.138948433524535,13.138948433524535,12.799994629501743,12.81783390045166,7651600,0.0,0.0
2014-06-25 00:00:00-04:00,12.799994002181444,12.93379150507185,12.639436318181938,12.924871444702148,10618700,0.0,0.0
2014-06-26 00:00:00-04:00,12.880273422606242,12.91595281737996,12.755395966230166,12.799995422363281,4056200,0.0,0.0
2014-06-27 00:00:00-04:00,12.791075930480597,12.826755326842811,12.639438283275208,12.648358345031738,5199500,0.0,0.0
2014-06-30 00:00:00-04:00,12.612680009959774,12.853515743003797,12.59483988494556,12.782156944274902,7938000,0.0,0.0
2014-07-01 00:00:00-04:00,12.826753652982594,13.130028907816689,12.826753652982594,13.031909942626953,5630800,0.0,0.0
2014-07-02 00:00:00-04:00,13.03191353250013,13.040833595549806,12.924875327896125,12.969474792480469,3482000,0.0,0.0
2014-07-03 00:00:00-04:00,13.049750328063965,13.147868444576753,12.996230814089106,13.049750328063965,2418500,0.0,0.0
2014-07-07 00:00:00-04:00,13.022994320114488,13.085433060134148,12.889195926361456,12.969474792480469,3467400,0.0,0.0
2014-07-08 00:00:00-04:00,12.969473981378016,13.103271516099404,12.85351572097629,13.058672904968262,11127300,0.0,0.0
2014-07-09 00:00:00-04:00,12.746477544910455,12.960553941097137,12.67511874618156,12.782156944274902,6506200,0.0,0.0
2014-07-10 00:00:00-04:00,12.59484060287957,12.862436538698478,12.532401863098636,12.719718933105469,6375600,0.0,0.0
2014-07-11 00:00:00-04:00,12.791074618883197,12.799994679725065,12.550238080135706,12.585917472839355,3069200,0.0,0.0
2014-07-14 00:00:00-04:00,12.56808053085067,12.657278603807459,12.309404673147215,12.41644287109375,7725200,0.0,0.0
2014-07-15 00:00:00-04:00,12.49672069782635,12.65727755612436,12.398601719832326,12.648358345031738,8657000,0.0,0.0
2014-07-16 00:00:00-04:00,12.701878754226835,12.889195823454315,12.621599888748767,12.835677146911621,5846500,0.0,0.0
2014-07-17 00:00:00-04:00,12.791079924014516,12.924877489480105,12.56808341446242,12.577003479003906,3707000,0.0,0.0
2014-07-18 00:00:00-04:00,12.523480004758435,12.74647644419549,12.45212121219169,12.692956924438477,5651200,0.0,0.0
2014-07-21 00:00:00-04:00,12.621599268432426,12.701878129965012,12.532401195023764,12.66619873046875,4031400,0.0,0.0
2014-07-22 00:00:00-04:00,12.67512124495589,12.728640779885396,12.577003090026635,12.630521774291992,4671700,0.0,0.0
2014-07-23 00:00:00-04:00,12.63052294708523,12.66620235679649,12.434285768341187,12.443205833435059,4508100,0.0,0.0
2014-07-24 00:00:00-04:00,12.416438533071931,12.487797306771819,12.336159699993638,12.452117919921875,2459400,0.0,0.0
2014-07-25 00:00:00-04:00,12.416444523861578,12.425364587543811,11.934772143654193,11.943692207336426,8179800,0.0,0.0
2014-07-28 00:00:00-04:00,11.970449415773004,11.98828868929619,11.685014234090506,11.809891700744629,12388400,0.0,0.0
2014-07-29 00:00:00-04:00,11.863410651760361,12.023967508398606,11.809891132438347,11.961528778076172,9351800,0.0,0.0
2014-07-30 00:00:00-04:00,12.023968306682171,12.238045547519137,12.015049095089596,12.148846626281738,7568400,0.0,0.0
2014-07-31 00:00:00-04:00,12.041805464167725,12.10424418325101,11.77420961705347,11.899087905883789,6597400,0.0,0.0
2014-08-01 00:00:00-04:00,11.872333399206747,12.015051015466106,11.827733931459674,11.943692207336426,3112200,0.0,0.0
2014-08-04 00:00:00-04:00,11.98829095306835,12.006131080624264,11.836654122163605,11.872333526611328,2653400,0.0,0.0
2014-08-05 00:00:00-04:00,11.77421272519535,11.90801110940428,11.604735792660804,11.64041519165039,7224700,0.0,0.0
2014-08-06 00:00:00-04:00,11.604739051852743,11.809895440995064,11.560139577924,11.676097869873047,4249000,0.0,0.0
2014-08-07 00:00:00-04:00,11.7563731880709,11.783132524048554,11.417418479919434,11.417418479919434,4373700,0.0,0.0
2014-08-08 00:00:00-04:00,11.462016345016782,11.533375131467963,11.354977314676175,11.524455070495605,6599700,0.0,0.0
2014-08-11 00:00:00-04:00,11.586895894840179,11.756373681359042,11.533377220639267,11.70285415649414,6367000,0.0,0.0
2014-08-12 00:00:00-04:00,11.73853217661088,11.827731090681276,11.595814594629356,11.667173385620117,3084200,0.0,0.0
2014-08-13 00:00:00-04:00,11.693931818042477,11.863409571577717,11.693931818042477,11.827730178833008,4106400,0.0,0.0
2014-08-14 00:00:00-04:00,11.85449260264899,12.050729739259952,11.818813200598274,11.890172004699707,4471000,0.0,0.0
2014-08-15 00:00:00-04:00,11.908012131057088,11.979370935158519,11.747454396496844,11.890172004699707,2851700,0.0,0.0
2014-08-18 00:00:00-04:00,11.899088413538934,11.988286465940009,11.863409022445747,11.97936725616455,4153600,0.0,0.0
2014-08-19 00:00:00-04:00,12.04180752038311,12.086406977628418,11.952608605892491,12.03288745880127,3011600,0.0,0.0
2014-08-20 00:00:00-04:00,12.05964962380187,12.246965843795426,12.006130096186547,12.077488899230957,4317700,0.0,0.0
2014-08-21 00:00:00-04:00,12.086407203634508,12.184525330877802,12.015048410973218,12.166686058044434,7926600,0.0,0.0
2014-08-22 00:00:00-04:00,12.13100947690572,12.434283990763873,11.934772326215299,12.371845245361328,12827900,0.0,0.0
2014-08-25 00:00:00-04:00,12.407521452765923,12.425361575806187,12.041807437079365,12.059647560119629,5675100,0.0,0.0
2014-08-26 00:00:00-04:00,12.077486916046578,12.104246250128206,11.98828800155596,12.03288745880127,4505300,0.0,0.0
2014-08-27 00:00:00-04:00,11.997210453826618,12.309405866091188,11.997210453826618,12.273726463317871,7166700,0.0,0.0
2014-08-28 00:00:00-04:00,12.175606287716063,12.425362933588623,12.175606287716063,12.41644287109375,5423400,0.0,0.0
2014-08-29 00:00:00-04:00,12.398600233502249,12.594837315301705,12.318322239308833,12.407520294189453,6451700,0.0,0.0
2014-09-02 00:00:00-04:00,12.434283834968587,12.45212396238242,12.30940634572815,12.354005813598633,4512800,0.0,0.0
2014-09-03 00:00:00-04:00,12.594835719450977,12.630515107015167,12.505637675872352,12.514556884765625,5132000,0.0,0.0
2014-09-04 00:00:00-04:00,12.514558002393708,12.621596174645456,12.443199220892543,12.60375690460205,5395400,0.0,0.0
2014-09-05 00:00:00-04:00,12.594836844248462,12.710795076853799,12.576997574205059,12.60375690460205,5174700,0.0,0.0
2014-09-08 00:00:00-04:00,12.603761996139406,12.657280678553315,12.478883652733417,12.505643844604492,3710700,0.0,0.0
2014-09-09 00:00:00-04:00,12.532516440493135,12.54147484184558,12.40710223883959,12.4429349899292,4026400,0.06,0.0
2014-09-10 00:00:00-04:00,12.40710223883959,12.469809339666362,12.344394283692644,12.4429349899292,2909100,0.0,0.0
2014-09-11 00:00:00-04:00,12.344394283692644,12.496683689403525,12.344394283692644,12.4429349899292,2254800,0.0,0.0
2014-09-12 00:00:00-04:00,12.353350496950183,12.487723076155346,12.31751775220747,12.416057586669922,3893800,0.0,0.0
2014-09-15 00:00:00-04:00,12.407102572700921,12.425018521567736,12.183147658784444,12.299603462219238,4005100,0.0,0.0
2014-09-16 00:00:00-04:00,12.299597677179202,12.523552485759913,12.254807398918896,12.469803810119629,5870200,0.0,0.0
2014-09-17 00:00:00-04:00,12.442934380499143,12.622098127172105,12.371268881829957,12.40710163116455,9179000,0.0,0.0
2014-09-18 00:00:00-04:00,12.48772528805108,12.496683689403525,12.37126948774998,12.4429349899292,3557200,0.0,0.0
2014-09-19 00:00:00-04:00,12.469809723836747,12.523558424966964,12.335437116690999,12.496684074401855,5409600,0.0,0.0
2014-09-22 00:00:00-04:00,12.416061537487584,12.42501994010385,12.14731629356194,12.15627384185791,4570500,0.0,0.0
2014-09-23 00:00:00-04:00,12.129397278573888,12.210021178791491,11.995024681091309,11.995024681091309,4832500,0.0,0.0
2014-09-24 00:00:00-04:00,12.299601922940994,12.469808114635756,12.14731338651107,12.371268272399902,17087300,0.0,0.0
2014-09-25 00:00:00-04:00,12.308560592707552,12.389184490082686,12.15627119862566,12.290644645690918,10142200,0.0,0.0
2014-09-26 00:00:00-04:00,12.344395543045001,12.389186700056568,12.192106121797835,12.210022926330566,2755500,0.0,0.0
2014-09-29 00:00:00-04:00,12.12043674728629,12.236893376652025,12.084604003967602,12.165227890014648,2268000,0.0,0.0
2014-09-30 00:00:00-04:00,12.17418997618247,12.17418997618247,12.021900557379638,12.07564926147461,3659000,0.0,0.0
2014-10-01 00:00:00-04:00,12.030853722027784,12.030853722027784,11.806898892380623,11.977104187011719,6746800,0.0,0.0
2014-10-02 00:00:00-04:00,11.959191671652976,11.995024420491182,11.654612879368162,11.771069526672363,5150200,0.0,0.0
2014-10-03 00:00:00-04:00,11.833777234873923,11.941275486941736,11.69044623211684,11.806902885437012,4516500,0.0,0.0
2014-10-06 00:00:00-04:00,11.797943236461931,11.923358277770863,11.708360942052684,11.78002643585205,5678000,0.0,0.0
2014-10-07 00:00:00-04:00,11.735236633189931,11.860650825417784,11.672528682755896,11.681487083435059,6606400,0.0,0.0
2014-10-08 00:00:00-04:00,11.74419585431646,11.995025983181726,11.645655995753827,11.959193229675293,6072900,0.0,0.0
2014-10-09 00:00:00-04:00,11.95919124894831,11.95919124894831,11.681486814527748,11.762110710144043,4338100,0.0,0.0
2014-10-10 00:00:00-04:00,11.529200729329682,11.609824648061831,10.82150312114352,10.920042991638184,17568800,0.0,0.0
2014-10-13 00:00:00-04:00,10.911082266328016,10.982747761154465,10.43629729520268,10.454214096069336,13606700,0.0,0.0
2014-10-14 00:00:00-04:00,10.660253524780273,10.920041189875317,10.490048166678084,10.660253524780273,8071400,0.0,0.0
2014-10-15 00:00:00-04:00,10.499006038126089,10.740876887881951,10.43629808466926,10.669211387634277,7276000,0.0,0.0
2014-10-16 00:00:00-04:00,10.552755502891051,10.973790988177734,10.499006800960112,10.884208679199219,6702900,0.0,0.0
2014-10-17 00:00:00-04:00,10.955874184653945,11.152954751814553,10.875251131757537,10.884208679199219,5223500,0.0,0.0
2014-10-20 00:00:00-04:00,10.893167255785047,11.206704487921582,10.848376100576937,11.17087173461914,4385100,0.0,0.0
2014-10-21 00:00:00-04:00,11.269410128594496,11.475449074056872,11.251494181430877,11.421699523925781,3891200,0.0,0.0
2014-10-22 00:00:00-04:00,11.197746658680272,11.511283906851428,11.197746658680272,11.358994483947754,5263600,0.0,0.0
2014-10-23 00:00:00-04:00,11.475449823949857,11.600864025251056,11.412741868979085,11.547115325927734,3241400,0.0,0.0
2014-10-24 00:00:00-04:00,11.58294304084572,11.73523237991588,11.529193510571627,11.672524452209473,3012000,0.0,0.0
2014-10-27 00:00:00-04:00,11.681482849641787,11.690441247074103,11.565026245981088,11.672524452209473,2620800,0.0,0.0
2014-10-28 00:00:00-04:00,11.699403126218813,11.797942964340084,11.672527925923875,11.70836067199707,3721200,0.0,0.0
2014-10-29 00:00:00-04:00,11.663571603112935,11.771069852604095,11.538156551546507,11.627737998962402,3501500,0.0,0.0
2014-10-30 00:00:00-04:00,11.565029475647687,11.565029475647687,11.242534766902203,11.376907348632812,3860900,0.0,0.0
2014-10-31 00:00:00-04:00,11.56502805595188,12.039812088012695,11.547112112603136,12.039812088012695,4572800,0.0,0.0
2014-11-03 00:00:00-05:00,12.00397909527712,12.245850732812723,11.968146355011097,12.12043571472168,3847700,0.0,0.0
2014-11-04 00:00:00-05:00,12.0846056328911,12.156271129188502,11.977107388444994,12.0935640335083,2905200,0.0,0.0
2014-11-05 00:00:00-05:00,12.129397914007313,12.27272891998291,12.003982856618576,12.27272891998291,4226500,0.0,0.0
2014-11-06 00:00:00-05:00,12.174184676310785,12.20105901665888,11.950229846663625,11.977104187011719,2276900,0.0,0.0
2014-11-07 00:00:00-05:00,11.959195323006414,12.057735198817415,11.869612996399773,11.986069679260254,1861100,0.0,0.0
2014-11-10 00:00:00-05:00,11.986068463750316,12.15627384185791,11.968151658517783,12.15627384185791,3446000,0.0,0.0
2014-11-11 00:00:00-05:00,12.12939720649141,12.20106270529891,11.869609559734183,11.950233459472656,2998200,0.0,0.0
2014-11-12 00:00:00-05:00,11.86960914663104,11.986065791720172,11.815859597236015,11.941274642944336,2170000,0.0,0.0
2014-11-13 00:00:00-05:00,11.645654534795437,11.806902332505814,11.502323538750712,11.556072235107422,8117600,0.0,0.0
2014-11-14 00:00:00-05:00,11.52919783127438,11.780027073141824,11.430657985549344,11.771069526672363,4448500,0.0,0.0
2014-11-17 00:00:00-05:00,11.726278232510769,11.771069381586477,11.475448993734954,11.681487083435059,4051900,0.0,0.0
2014-11-18 00:00:00-05:00,11.717321719773976,12.156273171937315,11.717321719773976,12.07564926147461,5006100,0.0,0.0
2014-11-19 00:00:00-05:00,12.057728062375876,12.075644004501314,11.869605971299467,11.977104187011719,4150000,0.0,0.0
2014-11-20 00:00:00-05:00,11.87856735313692,12.129396586134536,11.771069110423655,11.914400100708008,5507700,0.0,0.0
2014-11-21 00:00:00-05:00,12.326477435670183,12.935634159734736,12.272727885798549,12.532515525817871,14134900,0.0,0.0
2014-11-24 00:00:00-05:00,12.514602726474708,12.604184193032584,12.344396487670188,12.451894760131836,7057900,0.0,0.0
2014-11-25 00:00:00-05:00,12.442930579388264,12.675842951752145,12.425013783034188,12.604177474975586,6489200,0.0,0.0
2014-11-26 00:00:00-05:00,12.595218467016352,12.899796280751847,12.58626006988066,12.87292194366455,3912000,0.0,0.0
2014-11-28 00:00:00-05:00,12.837093890820082,12.846052291222685,12.675846100853578,12.82813549041748,2202700,0.0,0.0
2014-12-01 00:00:00-05:00,12.756474367371265,12.855015096928785,12.595227376466884,12.774391174316406,4137100,0.0,0.0
2014-12-02 00:00:00-05:00,12.765430680636701,13.007302408869847,12.747513876625252,12.989385604858398,5999200,0.0,0.0
2014-12-03 00:00:00-05:00,13.025213935202943,13.57166345717453,12.980422794705612,13.517914772033691,15419700,0.0,0.0
2014-12-04 00:00:00-05:00,13.392499469840333,13.517914489749929,13.267085304250665,13.446249008178711,7678400,0.0,0.0
2014-12-05 00:00:00-05:00,13.410421688721339,13.571668660282691,13.365630531051968,13.526878356933594,5749000,0.0,0.0
2014-12-08 00:00:00-05:00,13.249174074451636,13.688125547117671,13.240215671910626,13.64333438873291,11987600,0.0,0.0
2014-12-09 00:00:00-05:00,13.310567555386807,13.598363332465743,13.16666966684734,13.265599250793457,15734300,0.06,0.0
2014-12-10 00:00:00-05:00,13.247610684188386,13.427483890318864,12.83390471164552,12.85189151763916,6374200,0.0,0.0
2014-12-11 00:00:00-05:00,12.959815708915048,13.166669565370594,12.896860597588999,12.950821876525879,6611500,0.0,0.0
2014-12-12 00:00:00-05:00,12.968810079951815,13.022771361129928,12.752963239841167,12.761956214904785,5668500,0.0,0.0
2014-12-15 00:00:00-05:00,12.869882616219416,12.95082455134219,12.546111444931354,12.663028717041016,5523600,0.0,0.0
2014-12-16 00:00:00-05:00,12.65403249680114,12.78893741196712,12.393217356719138,12.40221118927002,4197500,0.0,0.0
2014-12-17 00:00:00-05:00,12.420201264183907,12.779946059027344,12.366239116107769,12.770952224731445,5541100,0.0,0.0
2014-12-18 00:00:00-05:00,12.950822414426378,12.950822414426378,12.707994933726672,12.761956214904785,3855900,0.0,0.0
2014-12-19 00:00:00-05:00,12.860884561196313,12.860884561196313,12.636043925013507,12.752961158752441,4559500,0.0,0.0
2014-12-22 00:00:00-05:00,12.672020461869998,12.977803914245714,12.672020461869998,12.968810081481934,2891200,0.0,0.0
2014-12-23 00:00:00-05:00,13.004785186057982,13.166670752867143,12.85189345244914,12.88786792755127,1485100,0.0,0.0
2014-12-24 00:00:00-05:00,12.93283623585372,12.96881071095585,12.85189345244914,12.88786792755127,556800,0.0,0.0
2014-12-26 00:00:00-05:00,12.905849907292813,13.004779455807912,12.86987544804198,12.923836708068848,2185800,0.0,0.0
2014-12-29 00:00:00-05:00,12.869881118849776,12.959816877755532,12.860887285649458,12.88786792755127,2214300,0.0,0.0
2014-12-30 00:00:00-05:00,12.860886956823714,13.058746993676142,12.752963534276693,13.013778686523438,3697100,0.0,0.0
2014-12-31 00:00:00-05:00,12.977803972378625,13.16667017276851,12.94182949886146,13.040759086608887,2881800,0.0,0.0
2015-01-02 00:00:00-05:00,13.085726977747683,13.211637202213339,12.878873118312699,13.058746337890625,3179700,0.0,0.0
2015-01-05 00:00:00-05:00,13.004785851273954,13.067740971498155,12.79793196558143,12.842900276184082,3481400,0.0,0.0
2015-01-06 00:00:00-05:00,12.860887203125289,13.526415417093808,12.447180313255833,13.337549209594727,16125900,0.0,0.0
2015-01-07 00:00:00-05:00,13.382517921066704,13.562390300845996,13.184657874459903,13.526415824890137,9601500,0.0,0.0
2015-01-08 00:00:00-05:00,13.598360577406654,14.560679013019792,13.598360577406654,14.407787322998047,27679700,0.0,0.0
2015-01-09 00:00:00-05:00,14.389800884947855,14.533698756565498,14.200934714024955,14.41678237915039,9152800,0.0,0.0
2015-01-12 00:00:00-05:00,14.30886009496867,14.470745651757715,14.236911149217782,14.317853927612305,9750200,0.0,0.0
2015-01-13 00:00:00-05:00,14.380808614990087,14.398796279744847,13.949114953264614,14.128987312316895,17136800,0.0,0.0
2015-01-14 00:00:00-05:00,13.940120967221274,14.290872706781082,13.904146495807375,13.949114799499512,18925900,0.0,0.0
2015-01-15 00:00:00-05:00,13.985092042991756,14.200938914259599,13.769245171723913,13.805219650268555,7399400,0.0,0.0
2015-01-16 00:00:00-05:00,13.733270547433428,14.093015329062,13.670314567374016,13.97609806060791,5560700,0.0,0.0
2015-01-20 00:00:00-05:00,13.967102169576911,14.218924337327927,13.93112769671235,14.111000061035156,4269900,0.0,0.0
2015-01-21 00:00:00-05:00,13.985086899019725,14.20992752164802,13.985086899019725,14.17395305633545,4014800,0.0,0.0
2015-01-22 00:00:00-05:00,14.111000061035156,14.164962199181542,13.904147056488702,14.111000061035156,4293900,0.0,0.0
2015-01-23 00:00:00-05:00,14.102004863406696,14.29986400412668,13.814208268152163,13.958106994628906,7688900,0.0,0.0
2015-01-26 00:00:00-05:00,13.688298829663484,14.057037353515625,13.679304997935628,14.057037353515625,5822700,0.0,0.0
2015-01-27 00:00:00-05:00,13.913139518009851,14.048043563532584,13.79622227829728,13.92213249206543,3493300,0.0,0.0
2015-01-28 00:00:00-05:00,14.021064280056612,14.075025560397432,13.742261472632087,13.760249137878418,4505400,0.0,0.0
2015-01-29 00:00:00-05:00,13.832198325280016,13.967102386189545,13.42748528485233,13.733268737792969,6586200,0.0,0.0
2015-01-30 00:00:00-05:00,13.643333636314685,14.182951655110859,13.58037851527817,13.931129455566406,11557400,0.0,0.0
2015-02-02 00:00:00-05:00,13.913140409228573,13.949114880852278,13.400503116466934,13.850184440612793,8577600,0.0,0.0
2015-02-03 00:00:00-05:00,14.21892478170461,14.371815652882896,14.173956474793764,14.335841178894043,9321900,0.0,0.0
2015-02-04 00:00:00-05:00,14.146978572584953,14.56068641518152,14.128991759867333,14.506723403930664,8467500,0.0,0.0
2015-02-05 00:00:00-05:00,14.52470955249945,14.560684889563985,14.398799303570552,14.551691055297852,6680200,0.0,0.0
2015-02-06 00:00:00-05:00,14.569674159345947,14.749545642121829,14.551686496448973,14.596653938293457,7267800,0.0,0.0
2015-02-09 00:00:00-05:00,14.551689238238104,14.551689238238104,14.36282303072911,14.4527587890625,4412400,0.0,0.0
2015-02-10 00:00:00-05:00,14.569673411972595,14.767532547495966,14.488730648486246,14.704577445983887,7779600,0.0,0.0
2015-02-11 00:00:00-05:00,14.740550371100243,14.803505469693457,14.488729976727384,14.713570594787598,7328100,0.0,0.0
2015-02-12 00:00:00-05:00,14.82149586689519,14.893444809340387,14.569675426036053,14.848477363586426,6185300,0.0,0.0
2015-02-13 00:00:00-05:00,14.857475056835684,15.064328105695857,14.803512049429822,14.920430183410645,7984500,0.0,0.0
2015-02-17 00:00:00-05:00,14.857472724207536,14.893446341431696,14.569676924821149,14.695587158203125,10002700,0.0,0.0
2015-02-18 00:00:00-05:00,14.704578200277345,14.749545642121829,14.542692665000487,14.596653938293457,9004100,0.0,0.0
2015-02-19 00:00:00-05:00,14.605651952136947,14.794519035842216,14.560684497415828,14.749549865722656,8223600,0.0,0.0
2015-02-20 00:00:00-05:00,14.66860259296683,15.091304085943555,14.380806853730371,14.650616645812988,18541500,0.0,0.0
2015-02-23 00:00:00-05:00,14.578664761022344,14.623633913593558,14.380805635902314,14.470742225646973,5147400,0.0,0.0
2015-02-24 00:00:00-05:00,14.443766759502733,14.605652345496166,14.398799303570552,14.551691055297852,7422000,0.0,0.0
2015-02-25 00:00:00-05:00,14.335841551271004,14.78552377436094,14.335841551271004,14.695587158203125,11431800,0.0,0.0
2015-02-26 00:00:00-05:00,14.74055152719791,14.758539189748962,14.41678217826855,14.479737281799316,6482000,0.0,0.0
2015-02-27 00:00:00-05:00,14.479738776022415,14.62363666048441,14.452757279411506,14.497726440429688,9878800,0.0,0.0
2015-03-02 00:00:00-05:00,14.659613507536573,14.812505257927256,14.54269709389592,14.758543968200684,8150900,0.0,0.0
2015-03-03 00:00:00-05:00,14.56967422436719,14.704578265900636,14.353826557135108,14.389801025390625,8055300,0.0,0.0
2015-03-04 00:00:00-05:00,14.308858597531138,14.596654350416555,14.218922853603944,14.578666687011719,5227100,0.0,0.0
2015-03-05 00:00:00-05:00,14.64162436848125,14.848477363586426,14.488732651360445,14.848477363586426,7847500,0.0,0.0
2015-03-06 00:00:00-05:00,15.028350031788676,15.05533153058012,14.830490853512798,14.89344596862793,10584200,0.0,0.0
2015-03-09 00:00:00-04:00,14.839482307434082,14.983380180456152,14.767533370923047,14.839482307434082,6201600,0.0,0.0
2015-03-10 00:00:00-04:00,14.803382207635224,14.92975371722176,14.71311733554748,14.731170654296875,5585800,0.06,0.0
2015-03-11 00:00:00-04:00,14.75824696143878,14.794351868297564,14.568690605039047,14.613823890686035,5481000,0.0,0.0
2015-03-12 00:00:00-04:00,14.261791847912333,14.631875316885429,14.261791847912333,14.505505561828613,5129900,0.0,0.0
2015-03-13 00:00:00-04:00,14.460371273755522,14.577714349676015,14.361079786828475,14.496476173400879,4090000,0.0,0.0
2015-03-16 00:00:00-04:00,14.496479174970624,14.640902246772514,14.406215185509147,14.433294296264648,5374100,0.0,0.0
2015-03-17 00:00:00-04:00,14.451350641603133,14.478430618867655,14.135424460153782,14.198609352111816,7293400,0.0,0.0
2015-03-18 00:00:00-04:00,14.225687833497105,14.370110920402944,14.018079000447838,14.288872718811035,4312000,0.0,0.0
2015-03-19 00:00:00-04:00,14.243736011043488,14.442318126312472,14.21665690558884,14.261789321899414,3703000,0.0,0.0
2015-03-20 00:00:00-04:00,14.370106864008061,14.433291731486161,14.17152474515356,14.18957805633545,7464300,0.0,0.0
2015-03-23 00:00:00-04:00,14.171526834262671,14.252765024898466,14.009051313820466,14.063209533691406,7095100,0.0,0.0
2015-03-24 00:00:00-04:00,14.072238868116674,14.108344641843553,13.891709999482277,13.963921546936035,4594600,0.0,0.0
2015-03-25 00:00:00-04:00,14.045159373334435,14.045159373334435,13.404281261385552,13.422333717346191,11158500,0.0,0.0
2015-03-26 00:00:00-04:00,13.268882627062018,13.638966975566277,13.11543289317058,13.503570556640625,7742000,0.0,0.0
2015-03-27 00:00:00-04:00,13.494540624257349,13.801440017560854,13.350117582897871,13.756307601928711,7631700,0.0,0.0
2015-03-30 00:00:00-04:00,13.76533617270275,13.774362829251107,13.548701580518275,13.70215129852295,4602300,0.0,0.0
2015-03-31 00:00:00-04:00,13.69312421968261,13.69312421968261,13.223748423595646,13.268880844116211,8957900,0.0,0.0
2015-04-01 00:00:00-04:00,13.232775796649921,13.53064858305958,13.232775796649921,13.512596130371094,7544900,0.0,0.0
2015-04-02 00:00:00-04:00,13.440384789789027,13.53967543306627,13.323040832736261,13.332067489624023,4849600,0.0,0.0
2015-04-06 00:00:00-04:00,12.971010281721709,13.575782581483281,12.971010281721709,13.476491928100586,6616700,0.0,0.0
2015-04-07 00:00:00-04:00,13.602858764698817,13.810467545391608,13.476489025939912,13.593832969665527,5803600,0.0,0.0
2015-04-08 00:00:00-04:00,13.557725206950028,13.675068272535402,13.422327971473653,13.539671897888184,5439700,0.0,0.0
2015-04-09 00:00:00-04:00,13.629940521421265,13.900733346209858,13.521622358510553,13.882680892944336,6092500,0.0,0.0
2015-04-10 00:00:00-04:00,13.765333874061033,13.882677807106633,13.73825476976719,13.783387184143066,2623400,0.0,0.0
2015-04-13 00:00:00-04:00,13.756310203762125,13.89170747626725,13.675072012424927,13.77436351776123,4363200,0.0,0.0
2015-04-14 00:00:00-04:00,13.738259369269416,13.78339179875541,13.602862080811432,13.675073623657227,5355000,0.0,0.0
2015-04-15 00:00:00-04:00,13.765336244399414,13.882680197651194,13.657018947743007,13.86462688446045,4338500,0.0,0.0
2015-04-16 00:00:00-04:00,13.891707336543604,13.96391887015494,13.7833900361266,13.83754825592041,4672000,0.0,0.0
2015-04-17 00:00:00-04:00,13.720202487117769,13.792414011195026,13.440383046525717,13.548700332641602,4273000,0.0,0.0
2015-04-20 00:00:00-04:00,13.539678310805371,13.657022292798565,13.467466762014107,13.557731628417969,3837700,0.0,0.0
2015-04-21 00:00:00-04:00,13.65701669078588,13.684095795267554,13.449407927548487,13.485513687133789,3384400,0.0,0.0
2015-04-22 00:00:00-04:00,13.539674595473459,13.629939437108346,13.232775166910034,13.323040008544922,7905200,0.0,0.0
2015-04-23 00:00:00-04:00,13.016139124289312,13.160562166089761,12.998085813649642,13.124456405639648,10513100,0.0,0.0
2015-04-24 00:00:00-04:00,13.205695234222464,13.214721889988219,12.682161251418588,12.916849136352539,9715600,0.0,0.0
2015-04-27 00:00:00-04:00,12.474552207937858,12.925874656686165,12.375261579111763,12.700213432312012,14790400,0.0,0.0
2015-04-28 00:00:00-04:00,12.646056385040962,12.754373679415462,12.46552756108346,12.745347023010254,5986300,0.0,0.0
2015-04-29 00:00:00-04:00,12.465530377145917,12.799508992123053,12.465530377145917,12.691191673278809,7376200,0.0,0.0
2015-04-30 00:00:00-04:00,12.6460542678833,12.77242399308251,12.564816095495699,12.6460542678833,6961700,0.0,0.0
2015-05-01 00:00:00-04:00,12.72729473632002,12.971008436620451,12.655083205799201,12.90782356262207,4173400,0.0,0.0
2015-05-04 00:00:00-04:00,12.980038047018896,12.989064705595538,12.781455862480488,12.790482521057129,3635500,0.0,0.0
2015-05-05 00:00:00-04:00,12.736319846399757,12.7543731584728,12.47455284714572,12.546764373779297,5780800,0.0,0.0
2015-05-06 00:00:00-04:00,12.591900152049437,12.709244129338085,12.483582833205194,12.691191673278809,3892300,0.0,0.0
2015-05-07 00:00:00-04:00,12.682158824448724,12.772422782344732,12.609947313800275,12.71826457977295,4707600,0.0,0.0
2015-05-08 00:00:00-04:00,12.817560326172304,13.12445979978072,12.736322128943081,12.808533668518066,5690400,0.0,0.0
2015-05-11 00:00:00-04:00,12.790481016715677,12.817560128431174,12.700216163224766,12.709242820739746,2822300,0.0,0.0
2015-05-12 00:00:00-04:00,12.6460530691245,12.772422782344732,12.600920659761941,12.71826457977295,2879700,0.0,0.0
2015-05-13 00:00:00-04:00,12.75437476362486,12.916851149412885,12.682163227903382,12.736321449279785,2563100,0.0,0.0
2015-05-14 00:00:00-04:00,12.817560535165786,12.898798733719616,12.745348994413373,12.853666305541992,3989800,0.0,0.0
2015-05-15 00:00:00-04:00,12.880743630481442,12.961980951502252,12.862690318590623,12.898796081542969,3184900,0.0,0.0
2015-05-18 00:00:00-04:00,12.952956542449204,13.00711476225841,12.86269169499468,12.989062309265137,4041900,0.0,0.0
2015-05-19 00:00:00-04:00,12.980035274754812,13.007114383871663,12.745347366863806,12.781453132629395,3009600,0.0,0.0
2015-05-20 00:00:00-04:00,12.700216242996166,12.889771747854144,12.700216242996166,12.763401985168457,3158700,0.0,0.0
2015-05-21 00:00:00-04:00,12.745344243810878,13.09737601938735,12.673132729974036,12.9710054397583,6843100,0.0,0.0
2015-05-22 00:00:00-04:00,12.691188390571005,12.826584788897243,11.779516783408376,11.86075496673584,20867100,0.0,0.0
2015-05-26 00:00:00-04:00,12.104467868444347,12.18570604648694,11.905885751099037,12.131546974182129,12119300,0.0,0.0
2015-05-27 00:00:00-04:00,12.140574321258109,12.582870137096084,11.996151267990959,12.546764373779297,13306200,0.0,0.0
2015-05-28 00:00:00-04:00,12.817560195922852,12.94393081930965,12.609952236961801,12.817560195922852,14602200,0.0,0.0
2015-05-29 00:00:00-04:00,12.709242266530072,12.871718651396856,12.51066011400727,12.62800407409668,10582700,0.0,0.0
2015-06-01 00:00:00-04:00,12.799502744459732,12.980031521080855,12.627999761047834,12.71826457977295,10126600,0.0,0.0
2015-06-02 00:00:00-04:00,12.709239130482906,12.736318234335709,12.582868544454504,12.6460542678833,6947500,0.0,0.0
2015-06-03 00:00:00-04:00,12.727296829223633,12.934904798403146,12.67313774201231,12.727296829223633,10375300,0.0,0.0
2015-06-04 00:00:00-04:00,12.673135493427253,12.808531896188045,12.573844855457962,12.745347023010254,6319900,0.0,0.0
2015-06-05 00:00:00-04:00,12.727296202786091,12.871719280468463,12.682163775802987,12.817560195922852,6796100,0.0,0.0
2015-06-08 00:00:00-04:00,12.736322008942935,12.772427778390243,12.501634937950152,12.537740707397461,6222600,0.0,0.0
2015-06-09 00:00:00-04:00,12.610264908885405,12.855036823714267,12.610264908885405,12.809708595275879,8601500,0.06,0.0
2015-06-10 00:00:00-04:00,12.791576110374425,12.86410092524399,12.69185470606977,12.845970153808594,9788900,0.0,0.0
2015-06-11 00:00:00-04:00,12.836905614988414,13.117939949035645,12.836905614988414,13.117939949035645,9550500,0.0,0.0
2015-06-12 00:00:00-04:00,13.00008400294157,13.045412222802085,12.882230977129785,12.954755783081055,6110300,0.0,0.0
2015-06-15 00:00:00-04:00,12.836903166811167,12.845968983985278,12.755312541371993,12.773444175720215,6726900,0.0,0.0
2015-06-16 00:00:00-04:00,12.818774413876366,12.864101777750705,12.601199090284918,12.809708595275879,7132600,0.0,0.0
2015-06-17 00:00:00-04:00,12.800647258477118,12.83690968101133,12.719056591634057,12.782516479492188,6825600,0.0,0.0
2015-06-18 00:00:00-04:00,12.972889549932619,13.163267412998767,12.963823731557081,13.10887336730957,9426500,0.0,0.0
2015-06-19 00:00:00-04:00,13.181400014146272,13.3355154896583,13.136071780543178,13.235794067382812,7633700,0.0,0.0
2015-06-22 00:00:00-04:00,13.272051888877826,13.353641643654244,13.127001418626326,13.226723670959473,6622200,0.0,0.0
2015-06-23 00:00:00-04:00,13.262989117866935,13.308317346193686,13.11793947887257,13.136070251464844,6118200,0.0,0.0
2015-06-24 00:00:00-04:00,13.235794632897985,13.244859588354597,12.991022679721592,13.009154319763184,5077200,0.0,0.0
2015-06-25 00:00:00-04:00,13.018216027382753,13.208593877502318,12.981953620910645,12.981953620910645,4537900,0.0,0.0
2015-06-26 00:00:00-04:00,12.909429482952778,12.98195429968905,12.592133625872586,12.628396034240723,8462500,0.0,0.0
2015-06-29 00:00:00-04:00,12.456149305085845,12.46521512358018,12.01193457363181,12.039131164550781,8575700,0.0,0.0
2015-06-30 00:00:00-04:00,12.15698322630661,12.166049044066419,11.857818156744646,11.957539558410645,7352100,0.0,0.0
2015-07-01 00:00:00-04:00,12.011932294000436,12.11165368482084,11.993800660452795,12.057260513305664,4932600,0.0,0.0
2015-07-02 00:00:00-04:00,12.066330439838772,12.229510874526985,12.03913298025393,12.166051864624023,3596100,0.0,0.0
2015-07-06 00:00:00-04:00,12.048197454103882,12.147918867748364,11.87595121879722,12.021000862121582,6022700,0.0,0.0
2015-07-07 00:00:00-04:00,12.138852154747672,12.138852154747672,11.585849388989269,11.930342674255371,5781100,0.0,0.0
2015-07-08 00:00:00-04:00,11.803425174102392,11.866884170340368,11.567719095841365,11.622112274169922,4608300,0.0,0.0
2015-07-09 00:00:00-04:00,11.79435665035768,11.857815632037035,11.241353988647461,11.241353988647461,7442200,0.0,0.0
2015-07-10 00:00:00-04:00,11.350142667214088,11.422667468670218,11.214158016060972,11.341076850891113,4568900,0.0,0.0
2015-07-13 00:00:00-04:00,11.567718904942492,12.129786637591149,11.386406872566145,11.957539558410645,16087200,0.0,0.0
2015-07-14 00:00:00-04:00,11.948474629538566,11.948474629538566,11.649309559367586,11.7127685546875,7471700,0.0,0.0
2015-07-15 00:00:00-04:00,11.730900922854156,11.776229153352993,11.440801630964126,11.522392272949219,4543500,0.0,0.0
2015-07-16 00:00:00-04:00,11.6039804424504,11.676505249969898,11.513324000769076,11.585848808288574,3365900,0.0,0.0
2015-07-17 00:00:00-04:00,11.66743992869358,11.848751955197129,11.35920905135558,11.649309158325195,11257700,0.0,0.0
2015-07-20 00:00:00-04:00,11.65837501130432,11.730899827504969,11.386407382833891,11.40453815460205,6114000,0.0,0.0
2015-07-21 00:00:00-04:00,11.413603972768133,11.50425956073694,11.359209928335643,11.40453815460205,3582800,0.0,0.0
2015-07-22 00:00:00-04:00,11.259485620306581,11.313878786156378,11.114436025288748,11.241353988647461,6469800,0.0,0.0
2015-07-23 00:00:00-04:00,11.332010999657998,11.458929834097145,11.123502412254927,11.259486198425293,4888800,0.0,0.0
2015-07-24 00:00:00-04:00,11.359212492314485,11.377344132739289,11.032850745745844,11.050981521606445,4148800,0.0,0.0
2015-07-27 00:00:00-04:00,10.960322909364825,11.177897347448324,10.833404054867469,11.141634941101074,4032500,0.0,0.0
2015-07-28 00:00:00-04:00,11.21415751853674,11.467994312371541,11.105370321178968,11.277616500854492,4778700,0.0,0.0
2015-07-29 00:00:00-04:00,11.241356885868589,11.413603972768133,11.078176481699131,11.40453815460205,2934300,0.0,0.0
2015-07-30 00:00:00-04:00,11.540519490567712,11.567716939225441,11.350142537346525,11.467994689941406,3359800,0.0,0.0
2015-07-31 00:00:00-04:00,11.45892936101457,11.531454159253085,11.277616500854492,11.277616500854492,3987800,0.0,0.0
2015-08-03 00:00:00-04:00,11.250420030109467,11.332010645084283,11.186961047157412,11.313879013061523,3276800,0.0,0.0
2015-08-04 00:00:00-04:00,11.13256882735534,11.94847424531927,10.933126030030685,11.1144380569458,12873900,0.0,0.0
2015-08-05 00:00:00-04:00,11.286683971109246,12.102589367728708,11.223224979490059,11.658373832702637,13779100,0.0,0.0
2015-08-06 00:00:00-04:00,11.739962738047867,11.76715932124636,11.050976290218188,11.277616500854492,6833800,0.0,0.0
2015-08-07 00:00:00-04:00,11.241354600466064,11.377339251619178,11.08723918123083,11.341076850891113,5939800,0.0,0.0
2015-08-10 00:00:00-04:00,11.368274526434904,11.531455777655417,11.359208709241784,11.458930969238281,4759500,0.0,0.0
2015-08-11 00:00:00-04:00,11.449865125018405,11.576783971730764,11.295749691354795,11.377340316772461,5832100,0.0,0.0
2015-08-12 00:00:00-04:00,11.250419804477021,11.341076233645058,11.023779596120711,11.241353988647461,5286100,0.0,0.0
2015-08-13 00:00:00-04:00,11.214159455608128,11.250421860991151,11.014715793719532,11.1144380569458,4254300,0.0,0.0
2015-08-14 00:00:00-04:00,11.205092926339287,11.33201176939956,11.087239900189864,11.268552780151367,3160800,0.0,0.0
2015-08-17 00:00:00-04:00,11.005649394110826,11.404535800890702,11.005649394110826,11.259486198425293,3132100,0.0,0.0
2015-08-18 00:00:00-04:00,11.268554639704856,11.313882002611335,11.014716911695633,11.023782730102539,4399700,0.0,0.0
2015-08-19 00:00:00-04:00,11.18696257108858,11.18696257108858,10.779010305205476,10.797141075134277,5422600,0.0,0.0
2015-08-20 00:00:00-04:00,10.380123797231686,10.951257359598667,10.07189290345611,10.352927207946777,11948800,0.0,0.0
2015-08-21 00:00:00-04:00,10.334797069674286,10.38919112069039,10.090026001512099,10.126288414001465,6382100,0.0,0.0
2015-08-24 00:00:00-04:00,9.156269541218467,9.926846132983279,9.156269541218467,9.61861515045166,12090400,0.0,0.0
2015-08-25 00:00:00-04:00,10.044697377661329,10.108156380899548,9.401038932677432,9.410104751586914,6400600,0.0,0.0
2015-08-26 00:00:00-04:00,9.682072993238306,9.944975682233231,9.06561115784439,9.500760078430176,7518200,0.0,0.0
2015-08-27 00:00:00-04:00,9.591416361048344,10.099090957044378,9.537023179248362,10.08095932006836,8816300,0.0,0.0
2015-08-28 00:00:00-04:00,10.06282811662025,10.307599153363595,9.944975075016416,10.2622709274292,6471000,0.0,0.0
2015-08-31 00:00:00-04:00,10.216941833496094,10.352925623675505,10.117219580438261,10.216941833496094,3399600,0.0,0.0
2015-09-01 00:00:00-04:00,9.935911749389644,10.17161789172537,9.827124498595667,9.872452735900879,3789000,0.0,0.0
2015-09-02 00:00:00-04:00,10.099094116445054,10.126290715853228,9.81805970734622,9.990306854248047,4142200,0.0,0.0
2015-09-03 00:00:00-04:00,10.099090957044378,10.207878185208378,9.99936868280435,10.08095932006836,3389800,0.0,0.0
2015-09-04 00:00:00-04:00,9.94497168810295,10.05375887455795,9.80898705661142,9.83618450164795,3430900,0.0,0.0
2015-09-08 00:00:00-04:00,9.863384540971435,9.972171765575487,9.618612637189312,9.890581130981445,4200300,0.0,0.0
2015-09-09 00:00:00-04:00,10.017499209964122,10.026565027447749,9.527956305179465,9.555152893066406,3381400,0.0,0.0
2015-09-10 00:00:00-04:00,9.546088790242752,9.691138437778719,9.4463673737028,9.564220428466797,3391600,0.0,0.0
2015-09-11 00:00:00-04:00,7.451933070179668,8.240641185464638,7.442867250971263,8.01400089263916,45292700,0.0,0.0
2015-09-14 00:00:00-04:00,7.841754146649774,7.88708238021275,7.651376257336591,7.8145575523376465,15022900,0.0,0.0
2015-09-15 00:00:00-04:00,7.841751376113951,7.8961454100846264,7.705767588033021,7.832686424255371,9783500,0.0,0.0
2015-09-16 00:00:00-04:00,7.8417524390036535,8.231573952366613,7.832687485916389,8.195311546325684,8961800,0.0,0.0
2015-09-17 00:00:00-04:00,8.213440330962673,8.249702724417896,8.0049309201724,8.068389892578125,6356700,0.0,0.0
2015-09-18 00:00:00-04:00,7.959604114262502,7.995866514105191,7.723898947566932,7.8417510986328125,7862300,0.0,0.0
2015-09-21 00:00:00-04:00,7.896145130678749,7.932407530521438,7.723898947566932,7.8417510986328125,5839600,0.0,0.0
2015-09-22 00:00:00-04:00,7.778294780605278,8.050263304908672,7.705769956066254,8.01400089263916,10640200,0.0,0.0
2015-09-23 00:00:00-04:00,7.968672839606908,8.07746007885156,7.7964265936105726,7.905213832855225,8491100,0.0,0.0
2015-09-24 00:00:00-04:00,7.887080845366386,8.3040989567775,7.714834628823611,8.186245918273926,12867300,0.0,0.0
2015-09-25 00:00:00-04:00,8.548871213144139,8.793642253798911,8.131853084098962,8.45821475982666,31103500,0.0,0.0
2015-09-28 00:00:00-04:00,8.304098572544492,8.412885788153257,8.186245539494012,8.204377174377441,6097400,0.0,0.0
2015-09-29 00:00:00-04:00,8.376623382950335,8.421951605594971,8.095589958768677,8.204377174377441,10514600,0.0,0.0
2015-09-30 00:00:00-04:00,8.376623382950335,8.431017423036685,8.077458323885248,8.204377174377441,12216200,0.0,0.0
2015-10-01 00:00:00-04:00,8.14091580628682,8.177179069324959,7.878013201206736,8.023063659667969,13252500,0.0,0.0
2015-10-02 00:00:00-04:00,7.986804141354951,8.24970684124169,7.841753630586329,8.222509384155273,14169500,0.0,0.0
2015-10-05 00:00:00-04:00,8.403822020863377,8.494477614378152,8.25877151502443,8.27690315246582,8773900,0.0,0.0
2015-10-06 00:00:00-04:00,8.46853725041058,8.705802518380167,8.349904616425787,8.65104866027832,10220700,0.06,0.0
2015-10-07 00:00:00-04:00,8.79706148492861,8.879190993044803,8.55067034973004,8.660177230834961,8196400,0.0,0.0
2015-10-08 00:00:00-04:00,8.705805978737109,8.705805978737109,8.550671001116195,8.605424880981445,5145400,0.0,0.0
2015-10-09 00:00:00-04:00,8.578048622708824,8.769685921761937,8.550672114353668,8.587174415588379,2928300,0.0,0.0
2015-10-12 00:00:00-04:00,8.359031744200635,8.468538607672059,8.258650670255962,8.441162109375,5016700,0.0,0.0
2015-10-13 00:00:00-04:00,8.450290348624943,8.61455025630912,8.413788050219187,8.477666854858398,4334400,0.0,0.0
2015-10-14 00:00:00-04:00,8.45028700866408,8.751431069055766,8.441161220098731,8.696677207946777,7702000,0.0,0.0
2015-10-15 00:00:00-04:00,8.751431237896325,8.888314587885024,8.53241752980116,8.596296310424805,7703900,0.0,0.0
2015-10-16 00:00:00-04:00,8.59630088031722,8.797063987940655,8.432040076781357,8.532422065734863,8355000,0.0,0.0
2015-10-19 00:00:00-04:00,8.57804441362612,8.769681618646514,8.486789140458317,8.623672485351562,5992200,0.0,0.0
2015-10-20 00:00:00-04:00,8.632800648307313,8.74230752839969,8.340782301394308,8.413786888122559,8164600,0.0,0.0
2015-10-21 00:00:00-04:00,8.596297733928466,8.596297733928466,8.28602782760629,8.295153617858887,8746300,0.0,0.0
2015-10-22 00:00:00-04:00,8.349906131289595,8.413785789044823,8.240399265501903,8.340781211853027,11425900,0.0,0.0
2015-10-23 00:00:00-04:00,8.468540262588025,8.77881020486471,8.368159169026951,8.7240571975708,8304000,0.0,0.0
2015-10-26 00:00:00-04:00,8.6601747686753,8.705802840400743,8.541542130302382,8.623672485351562,6784300,0.0,0.0
2015-10-27 00:00:00-04:00,6.944567094475831,7.4738502748796405,6.889813662020264,7.346092700958252,51478200,0.0,0.0
2015-10-28 00:00:00-04:00,7.117954118726734,7.619861301702441,7.117954118726734,7.555981636047363,10012800,0.0,0.0
2015-10-29 00:00:00-04:00,7.592485074429693,7.66548967166202,7.473852386356297,7.501229763031006,6419900,0.0,0.0
2015-10-30 00:00:00-04:00,7.528603477554212,7.565105762634059,7.4190966223146715,7.492101192474365,8252200,0.0,0.0
2015-11-02 00:00:00-05:00,7.492102574559684,7.6746140336272255,7.473850993511287,7.665488243103027,3991000,0.0,0.0
2015-11-03 00:00:00-05:00,7.692864170206739,7.820621732423674,7.665486803774719,7.802371025085449,5578800,0.0,0.0
2015-11-04 00:00:00-05:00,7.802370309225009,8.10351435008255,7.7658680276144905,7.866249084472656,8109200,0.0,0.0
2015-11-05 00:00:00-05:00,7.866250659738683,8.030511395021781,7.847999950420125,7.939255237579346,4906300,0.0,0.0
2015-11-06 00:00:00-05:00,7.92100209090044,8.194768738420967,7.857122452233762,8.121764183044434,5651400,0.0,0.0
2015-11-09 00:00:00-05:00,8.103513479341775,8.231271886392182,8.0487596276679,8.121764183044434,5126100,0.0,0.0
2015-11-10 00:00:00-05:00,8.112643374834882,8.167396383954472,7.866252222946564,7.966633319854736,4952200,0.0,0.0
2015-11-11 00:00:00-05:00,8.012260194913429,8.0670140660289,7.8571252420833915,8.039637565612793,4246900,0.0,0.0
2015-11-12 00:00:00-05:00,7.9118807613115365,8.048764162189318,7.848001956939697,7.848001956939697,3442500,0.0,0.0
2015-11-13 00:00:00-05:00,7.811497615702173,7.8753764033674365,7.665487590593667,7.77499532699585,3243500,0.0,0.0
2015-11-16 00:00:00-05:00,7.793244521251618,7.866249084472656,7.674611888446672,7.866249084472656,4625300,0.0,0.0
2015-11-17 00:00:00-05:00,7.857130299463867,7.893632613608454,7.674618728740931,7.756749153137207,5850100,0.0,0.0
2015-11-18 00:00:00-05:00,7.848000713388597,7.848000713388597,7.683739962136365,7.738492965698242,5897600,0.0,0.0
2015-11-19 00:00:00-05:00,7.720243181514494,8.039638931678223,7.692866676446672,8.00313663482666,4760700,0.0,0.0
2015-11-20 00:00:00-05:00,7.994008545799011,8.085263826562121,7.930128891953364,7.948380470275879,2326000,0.0,0.0
2015-11-23 00:00:00-05:00,7.948379995404531,7.975756490969556,7.875375427042397,7.902751922607422,3806800,0.0,0.0
2015-11-24 00:00:00-05:00,7.884501383815262,8.012258946032198,7.793245236274776,7.802371025085449,3744100,0.0,0.0
2015-11-25 00:00:00-05:00,7.784125671174693,7.8206279853192795,7.711121042885519,7.756749153137207,5020600,0.0,0.0
2015-11-27 00:00:00-05:00,7.793247084470194,7.9757585525512695,7.738493208904208,7.9757585525512695,1146800,0.0,0.0
2015-11-30 00:00:00-05:00,8.012259629783403,8.085264205932617,7.930129264044738,8.085264205932617,4819100,0.0,0.0
2015-12-01 00:00:00-05:00,8.130892814067442,8.596297670094739,8.094390523611375,8.559795379638672,6729100,0.0,0.0
2015-12-02 00:00:00-05:00,8.58717113995947,8.760557657397635,8.559794642047246,8.714929580688477,5825500,0.0,0.0
2015-12-03 00:00:00-05:00,8.751432602024252,8.778809102232675,8.222148956484057,8.304279327392578,5229400,0.0,0.0
2015-12-04 00:00:00-05:00,8.368160452463064,8.477667354129464,8.203899664821718,8.432039260864258,4647400,0.0,0.0
2015-12-07 00:00:00-05:00,7.9848837115367095,8.714930396362432,7.948381420809587,8.295153617858887,5709900,0.0,0.0
2015-12-08 00:00:00-05:00,8.048763571589907,8.121768162738942,7.638112528805735,7.683740615844727,8312800,0.0,0.0
2015-12-09 00:00:00-05:00,7.692866541877296,7.893628735907307,7.501229269188003,7.5468573570251465,5499300,0.0,0.0
2015-12-10 00:00:00-05:00,7.565107937656699,7.738493624064816,7.48297755504319,7.683740615844727,3102600,0.0,0.0
2015-12-11 00:00:00-05:00,7.537729502082847,7.656362149872508,7.446473351388293,7.51035213470459,3946700,0.0,0.0
2015-12-14 00:00:00-05:00,7.501161641447149,7.565509562470085,7.3356949952401695,7.39085054397583,4182900,0.06,0.0
2015-12-15 00:00:00-05:00,7.464393516476859,7.620667837311006,7.400045576136305,7.574704647064209,4775500,0.0,0.0
2015-12-16 00:00:00-05:00,7.648242901055168,7.878057900502014,7.54712461690143,7.868865966796875,5724200,0.0,0.0
2015-12-17 00:00:00-05:00,7.905635755022665,7.96079085992922,7.730975877244544,7.786131858825684,5785800,0.0,0.0
2015-12-18 00:00:00-05:00,7.6758223161382135,7.887251721928066,7.629859135022014,7.878058910369873,7085800,0.0,0.0
2015-12-21 00:00:00-05:00,7.8872491416904875,7.988367405726452,7.786130877654524,7.859671592712402,3430600,0.0,0.0
2015-12-22 00:00:00-05:00,7.841290753735536,7.9883722734760605,7.63905410242982,7.979180335998535,2702500,0.0,0.0
2015-12-23 00:00:00-05:00,7.896442146572625,8.218182563781738,7.896442146572625,8.218182563781738,3433500,0.0,0.0
2015-12-24 00:00:00-05:00,8.227375419865687,8.319301754839405,8.144641893724241,8.29172420501709,829200,0.0,0.0
2015-12-28 00:00:00-05:00,8.218181561370068,8.245759984344444,8.08029295319575,8.172219276428223,1579200,0.0,0.0
2015-12-29 00:00:00-05:00,8.172219594490903,8.264145044626721,8.153833978459083,8.236567497253418,2799600,0.0,0.0
2015-12-30 00:00:00-05:00,8.172223040790357,8.291726965369776,8.052719116210938,8.052719116210938,1887500,0.0,0.0
2015-12-31 00:00:00-05:00,8.061908767508694,8.236567741620732,7.997559986162616,8.107871055603027,3018600,0.0,0.0
2016-01-04 00:00:00-05:00,7.969984126433699,8.126258393750017,7.933213762163662,8.08948802947998,6680500,0.0,0.0
2016-01-05 00:00:00-05:00,8.034331213568107,8.135450362355686,7.813709050771737,7.832094669342041,4968600,0.0,0.0
2016-01-06 00:00:00-05:00,7.749360909449095,7.75855284178727,7.381656439011963,7.4000420570373535,7374500,0.0,0.0
2016-01-07 00:00:00-05:00,7.280540462111718,7.510355499737278,7.216192093775098,7.47358512878418,6480400,0.0,0.0
2016-01-08 00:00:00-05:00,7.666629873906277,7.666629873906277,7.501162764586779,7.556318759918213,5879800,0.0,0.0
2016-01-11 00:00:00-05:00,7.574702692527775,7.685013794651029,7.510354768791221,7.648243427276611,4981200,0.0,0.0
2016-01-12 00:00:00-05:00,7.730976406540149,7.951598594620273,7.629858122838754,7.795324325561523,5152300,0.0,0.0
2016-01-13 00:00:00-05:00,7.859671399276373,7.951596852499087,7.491966956362157,7.620663642883301,5745700,0.0,0.0
2016-01-14 00:00:00-05:00,7.593088104867458,7.804517492263011,7.47358419503205,7.666628837585449,5135500,0.0,0.0
2016-01-15 00:00:00-05:00,7.464390143519914,7.574701224260657,7.317308702532258,7.455197334289551,6940200,0.0,0.0
2016-01-19 00:00:00-05:00,7.749362020803729,7.749362020803729,7.105879762761301,7.142650127410889,6357400,0.0,0.0
2016-01-20 00:00:00-05:00,7.013954010660125,7.354080110573174,6.802524189947653,7.271346569061279,6162400,0.0,0.0
2016-01-21 00:00:00-05:00,7.2989235224088,7.528738054783379,7.151842081421143,7.455197334289551,7685500,0.0,0.0
2016-01-22 00:00:00-05:00,7.58389490427815,7.666628443501855,7.473583810871425,7.519546985626221,3901300,0.0,0.0
2016-01-25 00:00:00-05:00,7.473583810871425,7.64824282293008,7.418427825830742,7.519546985626221,4315900,0.0,0.0
2016-01-26 00:00:00-05:00,7.528739514141075,7.7401697840500105,7.491969146766658,7.648243427276611,4474000,0.0,0.0
2016-01-27 00:00:00-05:00,7.593087771332566,7.703398865564016,7.381657516549637,7.528738975524902,4910400,0.0,0.0
2016-01-28 00:00:00-05:00,7.593085262558612,7.712589127660308,7.5195445573690085,7.703396320343018,4550600,0.0,0.0
2016-01-29 00:00:00-05:00,7.694203356949202,8.144640386267021,7.694203356949202,8.135448455810547,6687600,0.0,0.0
2016-02-01 00:00:00-05:00,8.006754560801454,8.356073462762353,7.859673102433632,8.208992004394531,6969500,0.0,0.0
2016-02-02 00:00:00-05:00,8.13545064388893,8.22737610989796,7.933213215989745,7.9699835777282715,10769000,0.0,0.0
2016-02-03 00:00:00-05:00,8.282531903868145,8.558310049018802,7.933213036900586,8.521539688110352,15421100,0.0,0.0
2016-02-04 00:00:00-05:00,8.383648158388912,8.73296694123941,8.27333710222681,8.549115180969238,4798500,0.0,0.0
2016-02-05 00:00:00-05:00,8.57669350377224,8.57669350377224,8.2181818812216,8.236567497253418,4278300,0.0,0.0
2016-02-08 00:00:00-05:00,8.199796352377566,8.236566704226483,8.015944593132982,8.135448455810547,5644700,0.0,0.0
2016-02-09 00:00:00-05:00,7.979176235753066,8.190605592564479,7.924020255855772,7.997560977935791,5845900,0.0,0.0
2016-02-10 00:00:00-05:00,8.01594713403416,8.163028588051823,7.850480059926981,7.8872504234313965,4566100,0.0,0.0
2016-02-11 00:00:00-05:00,7.813709159265201,7.878057071805644,7.648242096533139,7.73097562789917,3706400,0.0,0.0
2016-02-12 00:00:00-05:00,7.75855262775788,8.025137945050314,7.7401678869141755,7.9148268699646,2367200,0.0,0.0
2016-02-16 00:00:00-05:00,7.9607902549767555,8.383649826049805,7.9607902549767555,8.383649826049805,3157600,0.0,0.0
2016-02-17 00:00:00-05:00,8.466381669679075,8.631848692259402,8.365263420699067,8.549115180969238,4775900,0.0,0.0
2016-02-18 00:00:00-05:00,8.760549102810765,8.981172208074923,8.466386131358298,8.530734062194824,5346000,0.0,0.0
2016-02-19 00:00:00-05:00,8.558310159357845,8.613465263094335,8.319302372034201,8.42042064666748,4008200,0.0,0.0
2016-02-22 00:00:00-05:00,8.402033772753102,8.631848692259402,8.402033772753102,8.549115180969238,4719300,0.0,0.0
2016-02-23 00:00:00-05:00,8.549115668175421,8.641041115212081,8.475574959876337,8.512345314025879,4349600,0.0,0.0
2016-02-24 00:00:00-05:00,8.429613910410701,8.769739990695287,8.356073183682932,8.723776817321777,4038800,0.0,0.0
2016-02-25 00:00:00-05:00,8.742161259327768,8.815701976145865,8.539923849740749,8.778931617736816,3211900,0.0,0.0
2016-02-26 00:00:00-05:00,8.824895129102977,8.861665488946134,8.696198431314663,8.769739151000977,6593400,0.0,0.0
2016-02-29 00:00:00-05:00,8.80650916737498,8.94439779224029,8.742161259327768,8.778931617736816,3301600,0.0,0.0
2016-03-01 00:00:00-05:00,9.008751775551596,9.146640479986953,8.926018202220384,8.962788581848145,6725500,0.0,0.0
2016-03-02 00:00:00-05:00,8.962785472680444,9.21098610657391,8.907629484034773,9.137444496154785,7995600,0.0,0.0
2016-03-03 00:00:00-05:00,9.19259793042946,9.210983547094058,8.907627008849387,9.008746147155762,5242600,0.0,0.0
2016-03-04 00:00:00-05:00,8.834091814813478,9.05471496925505,8.778936683709338,8.962788581848145,4062100,0.0,0.0
2016-03-07 00:00:00-05:00,9.201792635170888,9.367258835881128,8.990362383326364,9.34887409210205,5828100,0.0,0.0
2016-03-08 00:00:00-05:00,9.017939418036487,9.238561569281083,8.916820274543506,9.045516967773438,4218600,0.0,0.0
2016-03-09 00:00:00-05:00,9.100674786982404,9.100674786982404,8.935208562436655,9.073097229003906,3312600,0.0,0.0
2016-03-10 00:00:00-05:00,9.100675785346903,9.210987782711891,9.027135038220148,9.192602157592773,4278900,0.0,0.0
2016-03-11 00:00:00-05:00,9.210982466956517,9.468374933356241,9.210982466956517,9.449989318847656,2898400,0.0,0.0
2016-03-14 00:00:00-04:00,9.330487147924316,9.495954201834243,9.330487147924316,9.43160629272461,4123600,0.0,0.0
2016-03-15 00:00:00-04:00,9.367258948443597,9.413222123455565,9.348874204443598,9.394837379455566,3026200,0.0,0.0
2016-03-16 00:00:00-04:00,9.339683392163824,9.551113691780733,9.312105831926779,9.440802574157715,3438500,0.0,0.0
2016-03-17 00:00:00-04:00,9.39483938931275,9.523535254868854,9.266142647081812,9.440802574157715,3323500,0.0,0.0
2016-03-18 00:00:00-04:00,9.394835755960058,9.541917189241904,9.394835755960058,9.532724380493164,4500900,0.0,0.0
2016-03-21 00:00:00-04:00,9.532727978579677,9.670617531833088,9.43160967420037,9.633846282958984,2258100,0.0,0.0
2016-03-22 00:00:00-04:00,9.532725791023887,9.66142250252564,9.459185063501348,9.569496154785156,4377100,0.0,0.0
2016-03-23 00:00:00-04:00,9.495955966128635,9.560303887193744,9.394837679215652,9.459185600280762,2809500,0.0,0.0
2016-03-24 00:00:00-04:00,9.37596590433892,9.486923971146819,9.292747133778912,9.468430519104004,1766100,0.06,0.0
2016-03-28 00:00:00-04:00,9.468434879874138,9.486928340434277,9.366723492243581,9.422202110290527,2036400,0.0,0.0
2016-03-29 00:00:00-04:00,9.348228213612925,9.59788459172049,9.28350287787388,9.533159255981445,3000000,0.0,0.0
2016-03-30 00:00:00-04:00,9.431444204092182,9.616374309698637,9.431444204092182,9.542402267456055,2678700,0.0,0.0
2016-03-31 00:00:00-04:00,9.54240510264662,9.699595959569924,9.523912527499707,9.533159255981445,5217800,0.0,0.0
2016-04-01 00:00:00-04:00,9.089321096564076,9.283497881083207,9.00610234865358,9.191032409667969,8303900,0.0,0.0
2016-04-04 00:00:00-04:00,9.20028224804341,9.246514999403706,8.848914572248102,8.895147323608398,4192400,0.0,0.0
2016-04-05 00:00:00-04:00,9.930758677322943,10.10644298761155,9.755075248850883,10.060210227966309,20773200,0.0,0.0
2016-04-06 00:00:00-04:00,10.161918935137622,10.171165661010821,9.810551288302928,10.087946891784668,9489600,0.0,0.0
2016-04-07 00:00:00-04:00,9.940003824510715,10.152673250507442,9.866031773571297,9.88452434539795,4231300,0.0,0.0
2016-04-08 00:00:00-04:00,9.986237169859814,10.106441980229135,9.690348066713614,9.727334976196289,3030500,0.0,0.0
2016-04-11 00:00:00-04:00,9.81055229445853,10.060208627741371,9.74582697034064,9.88452434539795,2787600,0.0,0.0
2016-04-12 00:00:00-04:00,9.88452507492644,9.912265257438394,9.773566990328039,9.856785774230957,2196200,0.0,0.0
2016-04-13 00:00:00-04:00,9.903015702160394,10.041713047849703,9.856782959658553,9.967741012573242,3027100,0.0,0.0
2016-04-14 00:00:00-04:00,9.875275633757397,9.930754214949209,9.459181865738064,9.671852111816406,7814700,0.0,0.0
2016-04-15 00:00:00-04:00,9.588634846213541,9.644114317831018,9.375965448948497,9.412951469421387,5593800,0.0,0.0
2016-04-18 00:00:00-04:00,9.329730271478082,9.36671628231203,9.135553494145839,9.154046058654785,11158000,0.0,0.0
2016-04-19 00:00:00-04:00,9.209527595730005,9.246513614917024,9.024597499794917,9.061583518981934,4254000,0.0,0.0
2016-04-20 00:00:00-04:00,9.033845824365764,9.218775953040229,8.987613071743047,9.135557174682617,3549800,0.0,0.0
2016-04-21 00:00:00-04:00,9.16329784342911,9.20028387469336,9.043093021366163,9.070833206176758,2014300,0.0,0.0
2016-04-22 00:00:00-04:00,9.200281190340057,9.653360161587026,9.200281190340057,9.412951469421387,7376700,0.0,0.0
2016-04-25 00:00:00-04:00,9.412952396898964,9.459184265683183,9.172542799228987,9.200282096862793,3628700,0.0,0.0
2016-04-26 00:00:00-04:00,9.228022449974532,9.338981416833706,9.209529876708984,9.209529876708984,3403700,0.0,0.0
2016-04-27 00:00:00-04:00,9.172544386311111,9.607130906244931,9.172544386311111,9.597884178161621,6272600,0.0,0.0
2016-04-28 00:00:00-04:00,9.579390217035783,10.060209470224166,9.486925586526349,9.653362274169922,9517300,0.0,0.0
2016-04-29 00:00:00-04:00,9.625623046880298,9.690348376914006,9.163297245344712,9.228022575378418,10192900,0.0,0.0
2016-05-02 00:00:00-04:00,9.172545017460392,9.255763812303298,8.950628819090362,9.01535415649414,5410200,0.0,0.0
2016-05-03 00:00:00-04:00,9.107816885150761,9.16329547681032,8.876654028997862,8.92288589477539,5548900,0.0,0.0
2016-05-04 00:00:00-04:00,8.904395759960133,8.987614552024073,8.710218872416458,8.765697479248047,4054200,0.0,0.0
2016-05-05 00:00:00-04:00,8.793435425345342,8.858160744106247,8.636244609654861,8.830421447753906,4732200,0.0,0.0
2016-05-06 00:00:00-04:00,8.765695374342714,8.84891414642334,8.71946350702356,8.84891414642334,2563800,0.0,0.0
2016-05-09 00:00:00-04:00,9.117062831582714,9.246514349935692,8.848913950707233,8.932132720947266,4059000,0.0,0.0
2016-05-10 00:00:00-04:00,9.144802709081116,9.144802709081116,8.848913659969723,9.006104469299316,2617300,0.0,0.0
2016-05-11 00:00:00-04:00,8.959872544713088,9.070831499444779,8.922886520407983,8.9876127243042,1899100,0.0,0.0
2016-05-12 00:00:00-04:00,9.024597948609934,9.061583969636356,8.682477033661458,8.793435096740723,2306300,0.0,0.0
2016-05-13 00:00:00-04:00,8.830426001942744,8.950630857218908,8.737960457325146,8.80268669128418,2844600,0.0,0.0
2016-05-16 00:00:00-04:00,8.8304226432789,9.02459950766698,8.81192918866268,8.969120025634766,2890500,0.0,0.0
2016-05-17 00:00:00-04:00,8.978365073786199,9.154048450701303,8.87665373786864,8.996857643127441,2935500,0.0,0.0
2016-05-18 00:00:00-04:00,8.95062546142088,9.29274635935486,8.839667403859826,9.061583518981934,3023400,0.0,0.0
2016-05-19 00:00:00-04:00,9.015351094284972,9.172541901858834,8.922885602129893,8.996857643127441,3976400,0.0,0.0
2016-05-20 00:00:00-04:00,9.10781454357356,9.255758592385071,9.070828531370681,9.191032409667969,6322300,0.0,0.0
2016-05-23 00:00:00-04:00,9.19103524273197,9.320486766252497,9.163295945483416,9.18178939819336,5205900,0.0,0.0
2016-05-24 00:00:00-04:00,9.209530295901079,9.283502355963215,9.163297537908116,9.255763053894043,3366100,0.0,0.0
2016-05-25 00:00:00-04:00,9.274251291791849,9.394456053644781,9.154046529938917,9.30199146270752,3946200,0.0,0.0
2016-05-26 00:00:00-04:00,9.348225921538223,9.431444693836482,9.292747327883614,9.385211944580078,8219200,0.0,0.0
2016-05-27 00:00:00-04:00,9.385212244677032,9.486924472656693,9.283500898513743,9.311240196228027,3778600,0.0,0.0
2016-05-31 00:00:00-04:00,8.830423101576212,9.514665085192354,8.802683800028666,9.459185600280762,4917100,0.0,0.0
2016-06-01 00:00:00-04:00,9.422199766561102,9.4869259806045,9.366721162314207,9.477679252624512,2125200,0.0,0.0
2016-06-02 00:00:00-04:00,9.422196206029042,9.533155136225847,9.394456914387932,9.505414962768555,2437900,0.0,0.0
2016-06-03 00:00:00-04:00,9.486922446763394,9.523908463089684,9.338978381458233,9.403703689575195,2375800,0.0,0.0
2016-06-06 00:00:00-04:00,9.41295390198021,9.431446476087487,9.237269597970252,9.255763053894043,3522100,0.0,0.0
2016-06-07 00:00:00-04:00,9.311241445166456,9.375967657603493,9.283502143731436,9.338981628417969,3627600,0.0,0.0
2016-06-08 00:00:00-04:00,9.329732702903314,9.449937489894277,9.292746682430424,9.412951469421387,4548200,0.0,0.0
2016-06-09 00:00:00-04:00,9.200283681165564,9.523912109282636,9.200283681165564,9.486926078796387,3246400,0.0,0.0
2016-06-10 00:00:00-04:00,9.105589040034543,9.41251893791182,8.873066336369716,9.133491516113281,19122400,0.06,0.0
2016-06-13 00:00:00-04:00,9.021876404178812,9.124186912476771,8.919566782884148,9.031177520751953,5710900,0.0,0.0
2016-06-14 00:00:00-04:00,9.00327608106856,9.27300228331528,8.993974963438543,9.217196464538574,8743300,0.0,0.0
2016-06-15 00:00:00-04:00,9.263700897861986,9.431117462348519,9.23579843278202,9.33810806274414,4194300,0.0,0.0
2016-06-16 00:00:00-04:00,9.319510897632627,9.626440812272861,9.217200334750036,9.589237213134766,5900400,0.0,0.0
2016-06-17 00:00:00-04:00,9.598536014600635,9.617138254894245,9.300907265931976,9.319509506225586,6536500,0.0,0.0
2016-06-20 00:00:00-04:00,9.449720315831808,9.617136906995317,9.366012020250054,9.431118965148926,4919100,0.0,0.0
2016-06-21 00:00:00-04:00,9.486924598206999,9.561331780388734,9.34741135336714,9.384614944458008,9349500,0.0,0.0
2016-06-22 00:00:00-04:00,9.393914830373372,9.552030293496742,9.338109007563698,9.505525588989258,6834900,0.0,0.0
2016-06-23 00:00:00-04:00,9.589236705100802,9.691546375559298,9.505528389723978,9.682245254516602,3811000,0.0,0.0
2016-06-24 00:00:00-04:00,9.328809448069233,9.431119992482085,9.08698654082888,9.09628677368164,7979700,0.0,0.0
2016-06-27 00:00:00-04:00,8.984673539899196,9.031178239462498,8.417318688836348,8.48242473602295,8938700,0.0,0.0
2016-06-28 00:00:00-04:00,8.584737777709961,8.677747213805834,8.491729228617809,8.584737777709961,5383100,0.0,0.0
2016-06-29 00:00:00-04:00,8.687048403601567,8.807960316682113,8.631242564101418,8.780056953430176,4258700,0.0,0.0
2016-06-30 00:00:00-04:00,8.807956970559216,8.891665254506986,8.696346220963319,8.863761901855469,5310800,0.0,0.0
2016-07-01 00:00:00-04:00,8.835859436207343,8.947470185803239,8.826558318656836,8.863761901855469,2512500,0.0,0.0
2016-07-05 00:00:00-04:00,8.873065095183927,8.873065095183927,8.659144663497777,8.714949607849121,2037600,0.0,0.0
2016-07-06 00:00:00-04:00,8.677747282517586,8.798659195598134,8.491729295856642,8.780056953430176,2573700,0.0,0.0
2016-07-07 00:00:00-04:00,8.956774464765054,9.096287729252118,8.891668392938252,9.086987495422363,4868100,0.0,0.0
2016-07-08 00:00:00-04:00,9.133487713213981,9.300904273986816,9.11488636590775,9.300904273986816,3384500,0.0,0.0
2016-07-11 00:00:00-04:00,9.375311437218443,9.486922182065882,9.291603156832025,9.300904273986816,2556600,0.0,0.0
2016-07-12 00:00:00-04:00,9.533427161915581,9.598533209911972,9.338108130923029,9.34740924835205,4392900,0.0,0.0
2016-07-13 00:00:00-04:00,9.36601326709886,9.459022693905675,9.300907200536269,9.310208320617676,3237100,0.0,0.0
2016-07-14 00:00:00-04:00,9.393916063981619,9.440419887592519,9.319508881799884,9.384614944458008,1845500,0.0,0.0
2016-07-15 00:00:00-04:00,9.393913671528026,9.468320834759652,9.291603156832025,9.300904273986816,1946300,0.0,0.0
2016-07-18 00:00:00-04:00,9.393915997766198,9.524128122164612,9.217198276077534,9.375313758850098,5289000,0.0,0.0
2016-07-19 00:00:00-04:00,9.310210433674428,9.375316515013575,9.003280497355826,9.161396026611328,6764400,0.0,0.0
2016-07-20 00:00:00-04:00,9.67294168131367,10.60303226170935,9.64503921226278,10.454217910766602,26370400,0.0,0.0
2016-07-21 00:00:00-04:00,10.39841317190436,10.500722818386937,10.249598818110243,10.491421699523926,12722400,0.0,0.0
2016-07-22 00:00:00-04:00,10.575133986601829,10.891365051269531,10.454222056758068,10.891365051269531,13958800,0.0,0.0
2016-07-25 00:00:00-04:00,10.854157738117532,10.900662447082755,10.686741140644152,10.733245849609375,9962300,0.0,0.0
2016-07-26 00:00:00-04:00,10.78905315714141,10.900663941759658,10.686742605988597,10.82625675201416,12087100,0.0,0.0
2016-07-27 00:00:00-04:00,10.92856366515588,11.068076889058618,10.66813856660249,10.854156494140625,9173100,0.0,0.0
2016-07-28 00:00:00-04:00,11.161087458188522,11.207592166665014,10.705343266526672,11.058777809143066,17393700,0.0,0.0
2016-07-29 00:00:00-04:00,11.049477879254598,11.161088659408245,10.826256318947305,10.928565979003906,9856500,0.0,0.0
2016-08-01 00:00:00-04:00,10.975069312750504,11.114582548652695,10.900662135335534,11.021574020385742,8221900,0.0,0.0
2016-08-02 00:00:00-04:00,11.012271254411049,11.049474837554191,10.565827369689941,10.565827369689941,5784300,0.0,0.0
2016-08-03 00:00:00-04:00,10.519325189720892,10.612333718521777,10.482121600799834,10.510024070739746,5348600,0.0,0.0
2016-08-04 00:00:00-04:00,10.5100208205633,10.686737591538584,10.482118359252096,10.612330436706543,3882800,0.0,0.0
2016-08-05 00:00:00-04:00,10.658835130227382,10.705339823748222,10.603029320601724,10.612330436706543,2374700,0.0,0.0
2016-08-08 00:00:00-04:00,10.658835130227382,10.742543401164243,10.575126859290522,10.612330436706543,3892700,0.0,0.0
2016-08-09 00:00:00-04:00,10.621632522744173,10.807650426810824,10.621632522744173,10.77974796295166,4307200,0.0,0.0
2016-08-10 00:00:00-04:00,10.779750223548264,10.779750223548264,10.612333631278064,10.668139457702637,2495900,0.0,0.0
2016-08-11 00:00:00-04:00,10.696042619053545,10.733246210074457,10.547228254969893,10.621635437011719,2969300,0.0,0.0
2016-08-12 00:00:00-04:00,10.640234742311861,10.705341679327459,10.58442981001667,10.603031158447266,2273300,0.0,0.0
2016-08-15 00:00:00-04:00,10.59373245616555,10.919263640196574,10.510024158642178,10.882060050964355,6660700,0.0,0.0
2016-08-16 00:00:00-04:00,10.872759089501493,10.909962679272962,10.714644498225415,10.733245849609375,2254100,0.0,0.0
2016-08-17 00:00:00-04:00,10.668140116819655,10.826255599954132,10.621635406426531,10.798352241516113,3775800,0.0,0.0
2016-08-18 00:00:00-04:00,10.826253891916318,10.882058825980968,10.584430145627014,10.835554122924805,2948000,0.0,0.0
2016-08-19 00:00:00-04:00,10.900659870762407,11.375005306488399,10.863456289783832,11.30059814453125,8795300,0.0,0.0
2016-08-22 00:00:00-04:00,11.328502051552725,11.588927131185148,11.198289068234821,11.56102466583252,8211600,0.0,0.0
2016-08-23 00:00:00-04:00,11.681938343857276,11.700539694643433,11.319202689990266,11.365707397460938,3464900,0.0,0.0
2016-08-24 00:00:00-04:00,11.365705829167132,11.523821280547784,11.20759037778648,11.263395309448242,2806300,0.0,0.0
2016-08-25 00:00:00-04:00,11.281997002535945,11.412209981828576,11.244793420881386,11.32850170135498,2614200,0.0,0.0
2016-08-26 00:00:00-04:00,11.291298597235741,11.588927263059619,11.291298597235741,11.412210464477539,4581500,0.0,0.0
2016-08-29 00:00:00-04:00,11.533123506168375,11.71914234256105,11.421512736534899,11.440114974975586,2659700,0.0,0.0
2016-08-30 00:00:00-04:00,11.412212504318104,11.607530685924024,11.319203086121767,11.440114974975586,3011600,0.0,0.0
2016-08-31 00:00:00-04:00,11.551723343583001,11.709838789450345,11.430811479860717,11.533121109008789,4895700,0.0,0.0
2016-09-01 00:00:00-04:00,11.579627282728937,11.97956650696007,11.533122577375915,11.97026538848877,8178900,0.0,0.0
2016-09-02 00:00:00-04:00,12.053976317798233,12.146985748852156,11.81215250666097,12.100481033325195,7731500,0.0,0.0
2016-09-06 00:00:00-04:00,11.635433431982069,12.035371780395508,11.28199890321883,12.035371780395508,21742600,0.0,0.0
2016-09-07 00:00:00-04:00,11.691238736162246,11.923761389702488,11.672637385120861,11.747044563293457,7478100,0.0,0.0
2016-09-08 00:00:00-04:00,11.709838660164479,11.933060150570293,11.644732613880288,11.672635078430176,6410300,0.0,0.0
2016-09-09 00:00:00-04:00,11.663335610377757,11.802848839856962,11.244795034936663,11.44941520690918,6891500,0.0,0.0
2016-09-12 00:00:00-04:00,11.226194816478301,11.663337707519531,11.188991222794174,11.663337707519531,6237200,0.0,0.0
2016-09-13 00:00:00-04:00,11.551728374735218,11.756348609153473,11.402913981341488,11.579630851745605,4178500,0.0,0.0
2016-09-14 00:00:00-04:00,11.607530527513848,11.672637474164176,11.393610110386653,11.588929176330566,2831900,0.0,0.0
2016-09-15 00:00:00-04:00,11.616832174870838,11.812151249696687,11.579628583808942,11.691239356994629,4361900,0.0,0.0
2016-09-16 00:00:00-04:00,12.04467284779352,12.081876435557222,11.719141676611992,11.849353790283203,9954100,0.0,0.0
2016-09-19 00:00:00-04:00,11.877256998167365,12.12838099068824,11.877256998167365,11.998167991638184,9254000,0.0,0.0
2016-09-20 00:00:00-04:00,11.998167386131295,12.035370971553274,11.672636235439837,11.709839820861816,4774700,0.0,0.0
2016-09-21 00:00:00-04:00,11.81215299922786,12.03537457866121,11.765648281761651,12.016773223876953,5813900,0.0,0.0
2016-09-22 00:00:00-04:00,12.044672079838241,12.128380368720297,11.942362441762084,12.053973197937012,3400700,0.0,0.0
2016-09-23 00:00:00-04:00,12.007471602271272,12.202790697881573,11.840054981175678,12.100481033325195,5332000,0.0,0.0
2016-09-26 00:00:00-04:00,12.053758065177043,12.165886834674044,11.988350358898096,12.025726318359375,6302100,0.06,0.0
2016-09-27 00:00:00-04:00,11.98835231755943,12.240640753476914,11.93228881476442,12.23129653930664,5479200,0.0,0.0
2016-09-28 00:00:00-04:00,12.287359012800165,12.567679176632973,12.184575338877202,12.306047439575195,7100700,0.0,0.0
2016-09-29 00:00:00-04:00,12.315391694279212,12.57702343221473,12.193919593173698,12.371455192565918,6707500,0.0,0.0
2016-09-30 00:00:00-04:00,12.38079811685622,12.670462464887544,12.38079811685622,12.399486541748047,7375600,0.0,0.0
2016-10-03 00:00:00-04:00,12.33407921845751,12.455551319449313,12.147199405821368,12.165887832641602,4013100,0.0,0.0
2016-10-04 00:00:00-04:00,12.212607117465708,12.362110967574623,12.100479229884023,12.165887832641602,3315100,0.0,0.0
2016-10-05 00:00:00-04:00,12.240639728089059,12.37145515106133,12.231295514701543,12.306047439575195,2248900,0.0,0.0
2016-10-06 00:00:00-04:00,12.268672315185961,12.334080031139962,12.128511778138863,12.31539249420166,1914400,0.0,0.0
2016-10-07 00:00:00-04:00,12.296701094237868,12.315389517772779,12.17522901460019,12.249980926513672,2538500,0.0,0.0
2016-10-10 00:00:00-04:00,12.29670322618768,12.390143577836362,12.221951301314029,12.306047439575195,1666600,0.0,0.0
2016-10-11 00:00:00-04:00,12.27801523469132,12.334078730708523,11.89491052004549,11.988350868225098,5039800,0.0,0.0
2016-10-12 00:00:00-04:00,12.296702294737889,12.334078254343563,11.950974445607113,12.091134071350098,4371900,0.0,0.0
2016-10-13 00:00:00-04:00,11.960317936636084,12.193917892855097,11.754749725651681,12.147197723388672,4670200,0.0,0.0
2016-10-14 00:00:00-04:00,12.240638062321523,12.33407751014126,12.128509299156855,12.147197723388672,3459100,0.0,0.0
2016-10-17 00:00:00-04:00,12.072446490464264,12.165886834674044,11.941630186793207,12.025726318359375,3287300,0.0,0.0
2016-10-18 00:00:00-04:00,12.14720142407543,12.184577392812665,12.091137025412886,12.156545639038086,2187700,0.0,0.0
2016-10-19 00:00:00-04:00,11.997695961983084,12.165888244607622,11.922944034397347,12.063103675842285,3772700,0.0,0.0
2016-10-20 00:00:00-04:00,12.063103815155616,12.268672063947072,12.007040314375486,12.193920135498047,3425900,0.0,0.0
2016-10-21 00:00:00-04:00,12.137853796333467,12.21260571279007,11.997694175755619,12.053757667541504,2681100,0.0,0.0
2016-10-24 00:00:00-04:00,12.100479493701702,12.221951597341869,12.063103530359593,12.212607383728027,1943300,0.0,0.0
2016-10-25 00:00:00-04:00,12.240637941359216,12.446205259199083,12.119165858392146,12.296701431274414,3577600,0.0,0.0
2016-10-26 00:00:00-04:00,12.1939175969991,12.623741541657967,12.1939175969991,12.520956993103027,5967700,0.0,0.0
2016-10-27 00:00:00-04:00,12.539650017568569,12.717185653034038,12.240642256315814,12.259329795837402,3973300,0.0,0.0
2016-10-28 00:00:00-04:00,12.651776257701602,12.651776257701602,12.19392046095287,12.240640640258789,7224900,0.0,0.0
2016-10-31 00:00:00-04:00,12.278013620276043,12.334077108921553,12.109821372113345,12.1752290725708,2958600,0.0,0.0
2016-11-01 00:00:00-04:00,12.315393518221986,12.36211281000908,11.950977160934404,12.100481033325195,4219200,0.0,0.0
2016-11-02 00:00:00-04:00,12.100478284029808,12.24063880088596,12.007038830572208,12.091134071350098,3856200,0.0,0.0
2016-11-03 00:00:00-04:00,12.007038982519996,12.044414942598658,11.595902530541528,11.801470756530762,4594300,0.0,0.0
2016-11-04 00:00:00-04:00,11.745406837023463,11.84819139965412,11.623934739168368,11.698687553405762,3844000,0.0,0.0
2016-11-07 00:00:00-05:00,11.857536221210129,12.025728515065685,11.773440965395679,12.007040977478027,4462100,0.0,0.0
2016-11-08 00:00:00-05:00,11.969664992336993,12.025728496124993,11.848192879311892,11.866880416870117,3028200,0.0,0.0
2016-11-09 00:00:00-05:00,11.577216901367693,11.941632349329668,11.493120754572368,11.866880416870117,4299400,0.0,0.0
2016-11-10 00:00:00-05:00,11.988352358182938,12.109824469468162,11.502464804155357,11.670656204223633,4804000,0.0,0.0
2016-11-11 00:00:00-05:00,11.661311434358147,12.13785564258969,11.661311434358147,12.128511428833008,6270500,0.0,0.0
2016-11-14 00:00:00-05:00,12.128511605300497,12.371455819829402,12.035072139713963,12.324735641479492,6260900,0.0,0.0
2016-11-15 00:00:00-05:00,12.436864265061276,12.6330882987016,12.287359518053142,12.548992156982422,4803400,0.0,0.0
2016-11-16 00:00:00-05:00,12.530303729438927,12.6330882987016,12.483583551693465,12.548992156982422,3933000,0.0,0.0
2016-11-17 00:00:00-05:00,12.567678631254855,12.68915072668153,12.362110401216391,12.483582496643066,7846000,0.0,0.0
2016-11-18 00:00:00-05:00,13.670267845839444,13.829115867614746,13.22175552226418,13.829115867614746,25437300,0.0,0.0
2016-11-21 00:00:00-05:00,13.763708846169767,14.015997223934884,13.707645356297364,13.782397270202637,9770000,0.0,0.0
2016-11-22 00:00:00-05:00,13.847806151288795,13.903870537048412,13.76371001820596,13.838462829589844,5527500,0.0,0.0
2016-11-23 00:00:00-05:00,13.782399917265991,13.847807631717108,13.651583597250484,13.726335525512695,3734200,0.0,0.0
2016-11-25 00:00:00-05:00,13.67961663927441,13.81977628609214,13.651583997020223,13.698304176330566,1412700,0.0,0.0
2016-11-28 00:00:00-05:00,13.57683244716055,13.735680526600634,13.511424728960513,13.530112266540527,4930400,0.0,0.0
2016-11-29 00:00:00-05:00,13.492733796795951,13.548798181360336,13.361918384667653,13.436670303344727,3883500,0.0,0.0
2016-11-30 00:00:00-05:00,13.408637157499722,13.586172723054597,13.36191699042326,13.399292945861816,5543100,0.0,0.0
2016-12-01 00:00:00-05:00,13.389952354140831,13.511424464933876,12.941440767624952,13.062911987304688,7527900,0.0,0.0
2016-12-02 00:00:00-05:00,13.006606278875042,13.194292515777283,12.950301123767813,13.156755447387695,4081600,0.06,0.0
2016-12-05 00:00:00-05:00,12.753228137769149,13.335053001429658,12.753228137769149,13.166135787963867,7528400,0.0,0.0
2016-12-06 00:00:00-05:00,13.259980753775404,13.316285902904148,13.166137645288547,13.194291114807129,3405100,0.0,0.0
2016-12-07 00:00:00-05:00,13.213057921292856,13.5415078742682,13.166136371588648,13.485201835632324,6401000,0.0,0.0
2016-12-08 00:00:00-05:00,13.447668019357815,13.53212665021177,13.344441301066501,13.372593879699707,4509400,0.0,0.0
2016-12-09 00:00:00-05:00,13.51335609303673,13.560277648593614,13.381976811422538,13.466435432434082,6258800,0.0,0.0
2016-12-12 00:00:00-05:00,13.428896985871447,13.428896985871447,13.147368576438446,13.297516822814941,3747200,0.0,0.0
2016-12-13 00:00:00-05:00,13.306904065847904,13.48520492158125,13.278750592610276,13.428899765014648,4530200,0.0,0.0
2016-12-14 00:00:00-05:00,13.428900551838401,13.522742783265901,13.363210005389332,13.381978988647461,2833900,0.0,0.0
2016-12-15 00:00:00-05:00,13.447668186107123,13.64473802889188,13.41951560712483,13.597816467285156,3305900,0.0,0.0
2016-12-16 00:00:00-05:00,13.644735352872075,13.766731031141894,13.438281059265137,13.438281059265137,5331700,0.0,0.0
2016-12-19 00:00:00-05:00,13.335053777697222,13.513354595103948,13.316284799573285,13.325669288635254,3685000,0.0,0.0
2016-12-20 00:00:00-05:00,13.363205322640413,13.513353556272811,13.306900182505297,13.457048416137695,3476000,0.0,0.0
2016-12-21 00:00:00-05:00,13.466432468076217,13.607196208806393,13.466432468076217,13.494585037231445,2912500,0.0,0.0
2016-12-22 00:00:00-05:00,13.569662300947527,13.569662300947527,13.288133859194243,13.41012954711914,2924800,0.0,0.0
2016-12-23 00:00:00-05:00,13.353822443928017,13.475818122197836,13.353822443928017,13.438281059265137,1395700,0.0,0.0
2016-12-27 00:00:00-05:00,13.447663927797153,13.560275103021452,13.400742381048513,13.457048416137695,1659900,0.0,0.0
2016-12-28 00:00:00-05:00,13.457047732146883,13.466432220010432,13.22244090528227,13.269362449645996,2445700,0.0,0.0
2016-12-29 00:00:00-05:00,13.231827343207549,13.353822123596785,13.14736872989642,13.2412109375,3334200,0.0,0.0
2016-12-30 00:00:00-05:00,13.231828093732622,13.31628581688014,12.98783672920636,13.015989303588867,3147300,0.0,0.0
2017-01-03 00:00:00-05:00,13.072295763464489,13.250596600168835,12.997221632751685,13.184906959533691,5121500,0.0,0.0
2017-01-04 00:00:00-05:00,13.17552249000294,13.381976797262224,13.17552249000294,13.363207817077637,4478800,0.0,0.0
2017-01-05 00:00:00-05:00,13.381976147825853,13.522739912561956,13.16613736094908,13.175521850585938,3006400,0.0,0.0
2017-01-06 00:00:00-05:00,13.213058825929277,13.35382258972522,13.08167865675333,13.306901931762695,2695800,0.0,0.0
2017-01-09 00:00:00-05:00,13.306901020701275,13.503970813495657,13.278747553906276,13.485201835632324,4363700,0.0,0.0
2017-01-10 00:00:00-05:00,13.485204759331136,13.691659085818111,13.485204759331136,13.663506507873535,4929300,0.0,0.0
2017-01-11 00:00:00-05:00,13.616580859463628,13.701039462892025,13.494585198395283,13.644733428955078,4407600,0.0,0.0
2017-01-12 00:00:00-05:00,13.550889738839166,13.63534833853705,13.203671747267649,13.532121658325195,3201700,0.0,0.0
2017-01-13 00:00:00-05:00,13.588427935608776,13.701040007962735,13.560275364997329,13.579044342041016,2149300,0.0,0.0
2017-01-17 00:00:00-05:00,13.503971290513663,13.6165824768092,13.316285085066946,13.344438552856445,1978400,0.0,0.0
2017-01-18 00:00:00-05:00,13.41951301315855,13.428897502656762,13.241211292509256,13.335054397583008,1959600,0.0,0.0
2017-01-19 00:00:00-05:00,13.306904739449134,13.381978881974442,13.231830596923828,13.231830596923828,2185500,0.0,0.0
2017-01-20 00:00:00-05:00,13.278747999532262,13.381975591336596,13.21305836471434,13.2412109375,3401900,0.0,0.0
2017-01-23 00:00:00-05:00,13.17552403764227,13.278750755920136,12.978454197326826,13.091065406799316,4831700,0.0,0.0
2017-01-24 00:00:00-05:00,13.147372816455936,13.625971177344223,13.109835742756136,13.616586685180664,8416800,0.0,0.0
2017-01-25 00:00:00-05:00,13.757347187362962,14.339172137604507,13.747962697450788,14.320404052734375,13833500,0.0,0.0
2017-01-26 00:00:00-05:00,14.414246361196415,14.49870498104952,14.151486906617817,14.189023971557617,7608600,0.0,0.0
2017-01-27 00:00:00-05:00,14.179637680998216,14.311017839081458,14.123332538215474,14.160869598388672,2596500,0.0,0.0
2017-01-30 00:00:00-05:00,14.048257020907297,14.151483702380176,13.88872430729665,13.991950988769531,3847300,0.0,0.0
2017-01-31 00:00:00-05:00,13.823037052644795,14.048260339445005,13.785499987337131,13.95441722869873,3233200,0.0,0.0
2017-02-01 00:00:00-05:00,14.536242356287092,14.630085468116922,14.198408764617332,14.386094093322754,8472100,0.0,0.0
2017-02-02 00:00:00-05:00,14.311020747528207,14.470553509424866,14.235946611924403,14.442400932312012,6223500,0.0,0.0
2017-02-03 00:00:00-05:00,14.498702244597705,14.78961511419059,14.43301261708972,14.75207805633545,7291600,0.0,0.0
2017-02-06 00:00:00-05:00,14.817769157229991,14.90222776954061,14.686388994196346,14.789616584777832,5165300,0.0,0.0
2017-02-07 00:00:00-05:00,14.883457311351417,14.911610775958314,14.601929824914883,14.75207805633545,4592300,0.0,0.0
2017-02-08 00:00:00-05:00,14.78023393849482,14.855308071030517,14.667622739691275,14.714544296264648,2793300,0.0,0.0
2017-02-09 00:00:00-05:00,14.686391494984354,14.742697544430568,14.536243223066846,14.695775985717773,4081600,0.0,0.0
2017-02-10 00:00:00-05:00,14.714545525418808,14.761466190957364,14.50809119622271,14.526859283447266,2230000,0.0,0.0
2017-02-13 00:00:00-05:00,14.639470163728951,14.761464957883769,14.573779626544527,14.714544296264648,2620500,0.0,0.0
2017-02-14 00:00:00-05:00,14.780232623692722,14.789617113163432,14.526856777708558,14.620699882507324,2469100,0.0,0.0
2017-02-15 00:00:00-05:00,14.630086847326313,14.845924771946487,14.583165286988,14.836541175842285,5892500,0.0,0.0
2017-02-16 00:00:00-05:00,14.836542803145404,14.902232457851422,14.70516259877894,14.817773818969727,2906900,0.0,0.0
2017-02-17 00:00:00-05:00,14.733313564107135,14.845924771946487,14.601934269105055,14.836541175842285,2536900,0.0,0.0
2017-02-21 00:00:00-05:00,14.883457398684229,15.258828874392293,14.845920340608828,15.211906433105469,6043800,0.0,0.0
2017-02-22 00:00:00-05:00,15.230678790363262,15.296368432837783,15.118068486095089,15.27760124206543,3537000,0.0,0.0
2017-02-23 00:00:00-05:00,15.296366350833564,15.296366350833564,14.883458676552609,15.024223327636719,4809800,0.0,0.0
2017-02-24 00:00:00-05:00,14.827153532082274,15.05237679482602,14.592546675229562,15.024223327636719,3785700,0.0,0.0
2017-02-27 00:00:00-05:00,15.033608436584473,15.052377415484582,14.827154143454145,15.033608436584473,5708000,0.0,0.0
2017-02-28 00:00:00-05:00,15.08052843859005,15.089912927632295,14.61131472592747,14.6394681930542,6865200,0.0,0.0
2017-03-01 00:00:00-05:00,14.967917214854987,15.014838764986395,14.799000887317698,14.949149131774902,11465400,0.0,0.0
2017-03-02 00:00:00-05:00,14.95853265178656,15.02422317962699,14.770847347144183,14.874074935913086,9179100,0.0,0.0
2017-03-03 00:00:00-05:00,15.24944673257787,15.36205881908583,14.949150221767834,15.099298477172852,13944700,0.0,0.0
2017-03-06 00:00:00-05:00,15.024221708405896,15.099295822911344,14.705156274280723,15.042990684509277,7754400,0.0,0.0
2017-03-07 00:00:00-05:00,15.01483741378117,15.136832180208577,14.864689182836006,14.958531379699707,4147500,0.0,0.0
2017-03-08 00:00:00-05:00,15.005454538542905,15.118066618810484,14.855306291458325,14.864690780639648,4115900,0.0,0.0
2017-03-09 00:00:00-05:00,14.827154052143594,14.94914972938049,14.789616989528716,14.855306625366211,3347300,0.0,0.0
2017-03-10 00:00:00-05:00,14.977299998093404,15.540355850680958,14.949147429202533,15.380823135375977,11111800,0.0,0.0
2017-03-13 00:00:00-04:00,15.671738294106548,15.69050548177408,15.155602150222768,15.268214225769043,10474600,0.0,0.0
2017-03-14 00:00:00-04:00,15.193141177418704,15.202525666868757,14.977302394838322,15.033608436584473,5895600,0.0,0.0
2017-03-15 00:00:00-04:00,15.06175887215909,15.136832991656206,14.98668564761607,15.014838218688965,3809200,0.0,0.0
2017-03-16 00:00:00-04:00,15.024225965942579,15.230679391859923,15.01484147523153,15.080531120300293,3892200,0.0,0.0
2017-03-17 00:00:00-04:00,15.071146858893117,15.164989977522833,15.0054572128249,15.127453804016113,5021300,0.0,0.0
2017-03-20 00:00:00-04:00,15.10868593654808,15.324523872378071,15.089916953456234,15.249449729919434,5733400,0.0,0.0
2017-03-21 00:00:00-04:00,15.296367619303332,15.333905578668617,14.695774588726131,14.733311653137207,9768800,0.0,0.0
2017-03-22 00:00:00-04:00,14.677005142300056,15.02422317962699,14.564393959514629,14.874074935913086,8221300,0.0,0.0
2017-03-23 00:00:00-04:00,14.799000603649015,15.127450553318983,14.752079054417003,14.930379867553711,4919600,0.0,0.0
2017-03-24 00:00:00-04:00,15.071143957216034,15.118066402451127,14.87407505695345,14.920995712280273,6088300,0.0,0.0
2017-03-27 00:00:00-04:00,14.733310592739668,14.836538183656204,14.498703733317209,14.761463165283203,5613200,0.0,0.0
2017-03-28 00:00:00-04:00,14.75208063281985,14.845922846370431,14.620700459903981,14.733311653137207,6630300,0.0,0.0
2017-03-29 00:00:00-04:00,14.686391554544896,14.836540722025628,14.658238977184764,14.77085018157959,4339000,0.0,0.0
2017-03-30 00:00:00-04:00,14.72392551507153,14.780231552862242,14.630083312025823,14.64885139465332,6500200,0.0,0.0
2017-03-31 00:00:00-04:00,14.592330660618913,14.677115167105311,14.375659942626953,14.375659942626953,7280800,0.06,0.0
2017-04-03 00:00:00-04:00,14.26261488387184,14.366239897410075,14.008261352813255,14.130727767944336,10896700,0.0,0.0
2017-04-04 00:00:00-04:00,14.045939779745426,14.18724756148083,14.008257884297436,14.093042373657227,5285300,0.0,0.0
2017-04-05 00:00:00-04:00,14.149570431631346,14.309717867417785,14.074205716945153,14.121308326721191,8699400,0.0,0.0
2017-04-06 00:00:00-04:00,14.2814531624036,14.328555760640967,14.036520370295161,14.224930763244629,8914200,0.0,0.0
2017-04-07 00:00:00-04:00,14.224931395924392,14.328556397929642,14.168408095844107,14.262613296508789,4793900,0.0,0.0
2017-04-10 00:00:00-04:00,14.290877352327353,14.36624116855207,14.140149719877916,14.206092834472656,3401700,0.0,0.0
2017-04-11 00:00:00-04:00,14.130723956311057,14.196667047283528,13.801006704634238,13.98941707611084,9600700,0.0,0.0
2017-04-12 00:00:00-04:00,13.942316704113729,13.998839105834376,13.735065801520806,13.951737403869629,9673200,0.0,0.0
2017-04-13 00:00:00-04:00,13.923474660835241,14.027100556544138,13.810428964213356,13.829270362854004,7408600,0.0,0.0
2017-04-17 00:00:00-04:00,13.876371096486464,14.017678881230644,13.81042800265021,13.970576286315918,3886400,0.0,0.0
2017-04-18 00:00:00-04:00,13.895217246555934,14.055365584999015,13.876375842782592,14.027104377746582,3497800,0.0,0.0
2017-04-19 00:00:00-04:00,14.102463041293415,14.347394911966312,13.970575958310123,14.036519050598145,5760600,0.0,0.0
2017-04-20 00:00:00-04:00,14.093042981602707,14.140145577546418,13.885792098494747,14.074201583862305,4632600,0.0,0.0
2017-04-21 00:00:00-04:00,14.01767855211896,14.168406133581435,13.866950970656486,14.036519050598145,3125900,0.0,0.0
2017-04-24 00:00:00-04:00,14.215511339444406,14.262613941908192,14.036521629763499,14.187250137329102,3394300,0.0,0.0
2017-04-25 00:00:00-04:00,14.243774029109673,14.658275895990641,14.243774029109673,14.592331886291504,9710200,0.0,0.0
2017-04-26 00:00:00-04:00,13.961158158562137,14.290875485274531,13.83869174859489,13.86695384979248,8307000,0.0,0.0
2017-04-27 00:00:00-04:00,14.111882576879543,14.281451552050815,14.036518787560587,14.215508460998535,5845600,0.0,0.0
2017-04-28 00:00:00-04:00,14.309717901252995,14.309717901252995,14.083626451882491,14.14957046508789,8507100,0.0,0.0
2017-05-01 00:00:00-04:00,14.158990234860509,14.243774752775867,14.074205716945153,14.121308326721191,3186000,0.0,0.0
2017-05-02 00:00:00-04:00,14.102466261216348,14.158988667966538,13.829272232837212,13.885794639587402,5444400,0.0,0.0
2017-05-03 00:00:00-04:00,13.83869168105552,14.281454715175071,13.791589976104289,14.234352111816406,6747400,0.0,0.0
2017-05-04 00:00:00-04:00,14.253195444214994,14.39450237503445,14.102467811765559,14.206092834472656,5547900,0.0,0.0
2017-05-05 00:00:00-04:00,14.206089334969661,14.300294531247996,14.14956693592853,14.281453132629395,4013600,0.0,0.0
2017-05-08 00:00:00-04:00,14.300295197093186,14.337977097677584,14.149567594755597,14.262613296508789,4449600,0.0,0.0
2017-05-09 00:00:00-04:00,14.281455317915102,14.648854561529623,14.224932910225158,14.639433860778809,4809200,0.0,0.0
2017-05-10 00:00:00-04:00,14.74305600757269,14.846681898870479,14.686533610871438,14.837261199951172,5772400,0.0,0.0
2017-05-11 00:00:00-04:00,14.790157015105294,14.903202694772506,14.66769063753068,14.799577713012695,3963300,0.0,0.0
2017-05-12 00:00:00-04:00,14.81842009493112,14.86552269205113,14.611170105054784,14.630010604858398,1950500,0.0,0.0
2017-05-15 00:00:00-04:00,14.714793939984952,15.185818975645521,14.601748254853025,15.176398277282715,7786900,0.0,0.0
2017-05-16 00:00:00-04:00,15.251766165668288,15.317709275112989,15.00683333286299,15.30828857421875,7247400,0.0,0.0
2017-05-17 00:00:00-04:00,15.110458399904104,15.19524110957563,14.366239242260145,14.375659942626953,10225800,0.0,0.0
2017-05-18 00:00:00-04:00,14.385077492546216,14.780736938817746,14.385077492546216,14.61116886138916,6230300,0.0,0.0
2017-05-19 00:00:00-04:00,14.695953718554055,15.166977864681977,14.695953718554055,15.082193374633789,8602600,0.0,0.0
2017-05-22 00:00:00-04:00,15.18582214566897,15.694527385750678,15.04451433595078,15.251765251159668,5693400,0.0,0.0
2017-05-23 00:00:00-04:00,15.308287962881785,15.440174176504305,15.148139647705195,15.411913871765137,9650600,0.0,0.0
2017-05-24 00:00:00-04:00,15.49669740813489,15.873516421158778,15.38365080582033,15.807573318481445,10953000,0.0,0.0
2017-05-25 00:00:00-04:00,15.864095390022275,16.14670919468611,15.807572988452458,15.958300590515137,17021000,0.0,0.0
2017-05-26 00:00:00-04:00,16.38222000519225,16.730778680475208,16.099606222822526,16.645994186401367,20182000,0.0,0.0
2017-05-30 00:00:00-04:00,16.71194120715001,16.768463617534813,16.2032359200567,16.363384246826172,10606200,0.0,0.0
2017-05-31 00:00:00-04:00,16.532945935807916,16.532945935807916,16.174968394285305,16.24091148376465,12083700,0.0,0.0
2017-06-01 00:00:00-04:00,16.28801510343471,16.759039228390282,16.278594405317865,16.749618530273438,11255200,0.0,0.0
2017-06-02 00:00:00-04:00,16.740198095009923,16.749618793274692,16.41048084300094,16.570629119873047,8213000,0.0,0.0
2017-06-05 00:00:00-04:00,16.57063679884993,16.65542132570825,16.495272974622008,16.514114379882812,5833800,0.0,0.0
2017-06-06 00:00:00-04:00,16.353959058179008,16.890926301531024,16.353959058179008,16.77787971496582,6680700,0.0,0.0
2017-06-07 00:00:00-04:00,16.777886407474426,16.824989919338375,16.54237423860044,16.69310188293457,6955600,0.0,0.0
2017-06-08 00:00:00-04:00,16.65541521386177,16.834404904527027,16.580051417289233,16.806142807006836,7665600,0.0,0.0
2017-06-09 00:00:00-04:00,16.82498155730049,16.82498155730049,15.920614343952147,16.25975227355957,8521800,0.0,0.0
2017-06-12 00:00:00-04:00,15.892357491884534,16.46700580103951,15.60974189035847,16.438745498657227,11370100,0.0,0.0
2017-06-13 00:00:00-04:00,16.655414554694826,16.806142141874588,16.438743872725738,16.711936950683594,6717000,0.0,0.0
2017-06-14 00:00:00-04:00,16.730775181983564,16.740195879001252,16.372795882568326,16.52352523803711,4715600,0.0,0.0
2017-06-15 00:00:00-04:00,16.174968737015558,16.570629079089652,16.071342853172627,16.401060104370117,6505900,0.0,0.0
2017-06-16 00:00:00-04:00,16.467005754495315,16.636574755568713,16.278597150825227,16.325698852539062,5705300,0.0,0.0
2017-06-19 00:00:00-04:00,16.47642650077185,16.608312703395164,16.344540298148537,16.438745498657227,4927700,0.0,0.0
2017-06-20 00:00:00-04:00,16.909775221568975,17.126445995662202,16.44816976814903,16.50469398498535,8652200,0.0,0.0
2017-06-21 00:00:00-04:00,16.61772861458553,16.7025130909305,16.438740761692145,16.52352523803711,4393700,0.0,0.0
2017-06-22 00:00:00-04:00,16.514107332452262,16.740198708651047,16.391640047335503,16.551788330078125,4926200,0.0,0.0
2017-06-23 00:00:00-04:00,16.532947595364714,16.749620078450416,16.401061403167457,16.645994186401367,4689500,0.0,0.0
2017-06-26 00:00:00-04:00,16.655423136965656,16.85325252327192,16.532955786267543,16.627161026000977,5830400,0.0,0.0
2017-06-27 00:00:00-04:00,16.523531019253138,16.523531019253138,15.816994667053223,15.816994667053223,7754800,0.0,0.0
2017-06-28 00:00:00-04:00,15.948884206781416,16.18439637333917,15.638008218797793,16.137292861938477,8498900,0.0,0.0
2017-06-29 00:00:00-04:00,16.04308473610905,16.193812334834863,15.64742434025012,15.854674339294434,7926200,0.0,0.0
2017-06-30 00:00:00-04:00,15.901943468251194,15.92085227648351,15.47650610248329,15.618318557739258,13271300,0.06,0.0
2017-07-03 00:00:00-04:00,15.760131980874778,15.797947796418597,15.192880321770986,15.21178913116455,3186300,0.0,0.0
2017-07-05 00:00:00-04:00,15.306334956331767,15.47651067420569,15.051071379520883,15.438693046569824,12620800,0.0,0.0
2017-07-06 00:00:00-04:00,15.211791349993447,15.372512646795334,15.145612310706245,15.192882537841797,9577100,0.0,0.0
2017-07-07 00:00:00-04:00,15.202338760745468,15.296881029558872,15.051071851941535,15.249608993530273,11131700,0.0,0.0
2017-07-10 00:00:00-04:00,15.211791048691738,15.325240312867392,15.041615349184715,15.240154266357422,8775100,0.0,0.0
2017-07-11 00:00:00-04:00,15.221243522073188,15.315785765712064,15.069975751926654,15.183425903320312,7173000,0.0,0.0
2017-07-12 00:00:00-04:00,15.353602674111853,15.63722942521742,15.344148268750656,15.476508140563965,7505500,0.0,0.0
2017-07-13 00:00:00-04:00,15.542687002130567,15.675045069229602,15.240153246907958,15.561594009399414,7629200,0.0,0.0
2017-07-14 00:00:00-04:00,15.589955272673759,15.703406318295281,15.533230651484596,15.675043106079102,3852700,0.0,0.0
2017-07-17 00:00:00-04:00,15.73177123603297,15.74122564221371,15.306333777361225,15.372512817382812,6464300,0.0,0.0
2017-07-18 00:00:00-04:00,15.29687396155247,15.42923199478819,15.126698316967708,15.325235366821289,9509900,0.0,0.0
2017-07-19 00:00:00-04:00,15.381969179458308,15.618323954299731,15.249609279341309,15.580506324768066,4766900,0.0,0.0
2017-07-20 00:00:00-04:00,15.599415139533898,15.618323954299731,15.315790131021721,15.580506324768066,3879600,0.0,0.0
2017-07-21 00:00:00-04:00,15.514325942518413,15.514325942518413,15.136158695933073,15.363059043884277,7426200,0.0,0.0
2017-07-24 00:00:00-04:00,15.372511852626445,15.476508510844317,15.249606383233782,15.344148635864258,3100200,0.0,0.0
2017-07-25 00:00:00-04:00,14.956525676218007,15.334692849443854,14.805258806927668,15.126701354980469,8446300,0.0,0.0
2017-07-26 00:00:00-04:00,15.192880939984763,15.315786402800779,15.088885188953427,15.173972129821777,4013600,0.0,0.0
2017-07-27 00:00:00-04:00,15.2401570277562,15.296881670122094,14.79580888669907,15.003801345825195,4017900,0.0,0.0
2017-07-28 00:00:00-04:00,14.947072834363802,15.003797462046354,14.653992585931622,14.739080429077148,6167000,0.0,0.0
2017-07-31 00:00:00-04:00,14.74853487400481,14.814713907020154,14.56890478207501,14.710718154907227,4665700,0.0,0.0
2017-08-01 00:00:00-04:00,14.739082182260839,14.93762020600886,14.568906475727733,14.909257888793945,9152700,0.0,0.0
2017-08-02 00:00:00-04:00,14.956526270337115,15.013251799385134,14.682354833452031,14.82416820526123,6916000,0.0,0.0
2017-08-03 00:00:00-04:00,14.871440498357133,14.909258124069545,14.57836111206052,14.6539945602417,4499400,0.0,0.0
2017-08-04 00:00:00-04:00,14.653993255100149,14.843076858712577,14.59726772320555,14.701264381408691,4100100,0.0,0.0
2017-08-07 00:00:00-04:00,14.74853476761167,14.843076113862773,14.672901329962107,14.82416820526123,3261600,0.0,0.0
2017-08-08 00:00:00-04:00,14.833621140455374,14.947072194204953,14.729625393076867,14.748534202575684,3337700,0.0,0.0
2017-08-09 00:00:00-04:00,14.663448966669801,14.757990326085364,14.568906705632417,14.6539945602417,2765800,0.0,0.0
2017-08-10 00:00:00-04:00,14.578361567159012,14.635086204254781,14.209647819549115,14.228556632995605,3962300,0.0,0.0
2017-08-11 00:00:00-04:00,14.228555689094723,14.578360600052601,14.058379985852914,14.54999828338623,3849600,0.0,0.0
2017-08-14 00:00:00-04:00,14.739081102131177,14.880893579435062,14.663447660686206,14.701264381408691,6831100,0.0,0.0
2017-08-15 00:00:00-04:00,14.720171091943353,15.003796925070429,14.644537656659022,14.956525802612305,4906700,0.0,0.0
2017-08-16 00:00:00-04:00,14.975436724707418,15.117249210464456,14.965982318557803,15.079432487487793,2892200,0.0,0.0
2017-08-17 00:00:00-04:00,15.02270695836069,15.098340399805661,14.62563093996372,14.701264381408691,4037900,0.0,0.0
2017-08-18 00:00:00-04:00,14.691809226142194,14.89034722520986,14.653992507349386,14.795804977416992,4615600,0.0,0.0
2017-08-21 00:00:00-04:00,14.795805972518092,14.795805972518092,14.6539934929128,14.767443656921387,5083100,0.0,0.0
2017-08-22 00:00:00-04:00,14.833624319265759,15.088887892472194,14.814716407336684,15.051071166992188,4792900,0.0,0.0
2017-08-23 00:00:00-04:00,14.918709380010418,15.098339468579415,14.833621538227385,15.022706031799316,7899000,0.0,0.0
2017-08-24 00:00:00-04:00,15.136156174012632,15.221244015722826,14.85253033551921,14.994342803955078,6878700,0.0,0.0
2017-08-25 00:00:00-04:00,15.722312642698101,16.525918921609282,15.693951234952666,16.119388580322266,14618800,0.0,0.0
2017-08-28 00:00:00-04:00,16.13829828410767,16.308473953005777,16.043756045470587,16.204477310180664,7281600,0.0,0.0
2017-08-29 00:00:00-04:00,16.005940189798704,16.384107340107647,15.92085235557379,16.317928314208984,5064800,0.0,0.0
2017-08-30 00:00:00-04:00,16.327381123343773,16.82845187233712,16.327381123343773,16.79063606262207,7770600,0.0,0.0
2017-08-31 00:00:00-04:00,16.81900957567619,16.98918352850712,16.7717375305197,16.932458877563477,6620000,0.0,0.0
2017-09-01 00:00:00-04:00,16.92299692065832,17.017539165560102,16.837909080571055,16.8757266998291,3165000,0.0,0.0
2017-09-05 00:00:00-04:00,16.658280480442265,16.979721221775407,16.62046286190701,16.86627197265625,6323700,0.0,0.0
2017-09-06 00:00:00-04:00,16.95135451791536,16.970263321278555,16.639366475393597,16.648820877075195,3588200,0.0,0.0
2017-09-07 00:00:00-04:00,16.705548696911652,16.73391190741156,16.516464233398438,16.516464233398438,3584400,0.0,0.0
2017-09-08 00:00:00-04:00,16.497558060067156,16.525919468751585,16.261203370399965,16.308473587036133,3442900,0.0,0.0
2017-09-11 00:00:00-04:00,16.488107445559578,16.497561851708358,16.28011411677363,16.42192840576172,6602200,0.0,0.0
2017-09-12 00:00:00-04:00,16.554285930055666,16.64882818512851,16.384110231573256,16.639373779296875,4092000,0.0,0.0
2017-09-13 00:00:00-04:00,16.658283614487928,16.894638365070517,16.601557176012687,16.847366333007812,6073500,0.0,0.0
2017-09-14 00:00:00-04:00,16.72445797327849,17.376795603896262,16.601552527572668,17.282255172729492,10066600,0.0,0.0
2017-09-15 00:00:00-04:00,17.386255674104703,17.546976984010104,17.20662735374975,17.338985443115234,7434800,0.0,0.0
2017-09-18 00:00:00-04:00,17.414610234085654,17.650964877977565,17.348431222314773,17.42406463623047,6963000,0.0,0.0
2017-09-19 00:00:00-04:00,17.452430680329872,17.584790542311275,17.14044253955914,17.159351348876953,6409800,0.0,0.0
2017-09-20 00:00:00-04:00,17.197167197333997,17.234983008833776,16.819000066120587,17.045900344848633,7037100,0.0,0.0
2017-09-21 00:00:00-04:00,17.045900344848633,17.20662160101972,16.904086092805873,17.045900344848633,5270400,0.0,0.0
2017-09-22 00:00:00-04:00,16.922999477007846,17.102629589131404,16.87572924903809,16.894638061523438,4497300,0.0,0.0
2017-09-25 00:00:00-04:00,16.809542099176873,16.894629911068513,16.535369860138765,16.648820877075195,6198900,0.0,0.0
2017-09-26 00:00:00-04:00,16.781193525864243,16.856827002020054,16.667742410008366,16.6866512298584,3192700,0.0,0.0
2017-09-27 00:00:00-04:00,16.837907428480744,17.159349947661713,16.79063721228955,16.941904067993164,4260900,0.0,0.0
2017-09-28 00:00:00-04:00,16.875728440865615,17.083719958512944,16.800094997789902,16.989177703857422,3711300,0.0,0.0
2017-09-29 00:00:00-04:00,17.04590197743881,17.234984659533556,16.913542116404862,16.922996520996094,4659300,0.0,0.0
2017-10-02 00:00:00-04:00,17.21607609347429,17.698239914976384,17.168805873093884,17.395706176757812,10239400,0.0,0.0
2017-10-03 00:00:00-04:00,17.395701429796024,17.575331464061865,17.301159211590694,17.42406463623047,2935800,0.0,0.0
2017-10-04 00:00:00-04:00,17.3484393694416,17.52806948806485,17.30116733651776,17.499706268310547,5757200,0.0,0.0
2017-10-05 00:00:00-04:00,17.499707721322977,17.499707721322977,17.310623180415146,17.36734962463379,3755600,0.0,0.0
2017-10-06 00:00:00-04:00,17.215590698238014,17.376838730946393,17.206105307001827,17.263017654418945,3496100,0.06,0.0
2017-10-09 00:00:00-04:00,17.3673456272676,17.58550591051308,17.3673456272676,17.500139236450195,4695600,0.0,0.0
2017-10-10 00:00:00-04:00,17.538078024588014,17.59498853449374,17.462196741662883,17.557048797607422,6872200,0.0,0.0
2017-10-11 00:00:00-04:00,17.50013828770169,17.59498853449374,17.471682128172585,17.557048797607422,4284500,0.0,0.0
2017-10-12 00:00:00-04:00,17.528590305329104,17.538075690576466,17.31043187209648,17.348373413085938,3503400,0.0,0.0
2017-10-13 00:00:00-04:00,17.452709173921118,17.452709173921118,17.291461241713844,17.33888816833496,3585700,0.0,0.0
2017-10-16 00:00:00-04:00,17.35786300207653,17.376833779142878,17.177646047404846,17.329408645629883,4711800,0.0,0.0
2017-10-17 00:00:00-04:00,17.300945412247817,17.47167871779123,17.25352029810893,17.41476821899414,2638000,0.0,0.0
2017-10-18 00:00:00-04:00,17.481168462402312,17.5665351364652,17.244039214261537,17.500139236450195,4107200,0.0,0.0
2017-10-19 00:00:00-04:00,17.39580425536384,17.500141718271454,17.196614717917736,17.462200164794922,1864700,0.0,0.0
2017-10-20 00:00:00-04:00,17.519110685856873,17.547566850964273,17.433743999687522,17.462200164794922,1609400,0.0,0.0
2017-10-23 00:00:00-04:00,17.73726616598254,17.907997682637767,17.500136948839206,17.519105911254883,5799800,0.0,0.0
2017-10-24 00:00:00-04:00,17.54755662787741,17.63292326431274,17.538071245034395,17.623437881469727,18445300,0.0,0.0
2017-10-25 00:00:00-04:00,17.538079833673038,17.613961124425465,17.424258802120736,17.443227767944336,8466000,0.0,0.0
2017-10-26 00:00:00-04:00,17.462202216876392,17.50014377481165,17.319924992925294,17.452716827392578,3913800,0.0,0.0
2017-10-27 00:00:00-04:00,17.63292733418268,17.63292733418268,17.300946094659515,17.490650177001953,4527000,0.0,0.0
2017-10-30 00:00:00-04:00,17.405290523657037,17.481171825293433,17.054338372868123,17.291467666625977,6057400,0.0,0.0
2017-10-31 00:00:00-04:00,17.37682874279935,17.54756206860693,17.33888900881564,17.519105911254883,3739100,0.0,0.0
2017-11-01 00:00:00-04:00,17.613956963403126,17.613956963403126,17.20609444352773,17.348373413085938,3327800,0.0,0.0
2017-11-02 00:00:00-04:00,17.32940278301074,17.43373840327267,16.931025645154666,17.33888816833496,3118100,0.0,0.0
2017-11-03 00:00:00-04:00,17.386315458737748,17.59498853449374,17.29146340279321,17.557048797607422,7349100,0.0,0.0
2017-11-06 00:00:00-05:00,19.074677043512853,19.994737862662806,18.932398049214786,19.160043716430664,19713400,0.0,0.0
2017-11-07 00:00:00-05:00,19.33077432945476,19.54893459934984,18.970338690364915,19.093645095825195,10689000,0.0,0.0
2017-11-08 00:00:00-05:00,19.11261558532715,19.188496866597408,19.046219690359727,19.11261558532715,6884100,0.0,0.0
2017-11-09 00:00:00-05:00,19.093645095825195,19.150557414486073,18.828061512017673,19.093645095825195,8638200,0.0,0.0
2017-11-10 00:00:00-05:00,19.150557414486073,19.150557414486073,19.027249199873314,19.093645095825195,6943700,0.0,0.0
2017-11-13 00:00:00-05:00,18.979824076808395,19.103130482268675,18.979824076808395,19.093645095825195,4383100,0.0,0.0
2017-11-14 00:00:00-05:00,19.036734825609294,19.122101495521196,19.00828047507366,19.08416175842285,3513800,0.0,0.0
2017-11-15 00:00:00-05:00,18.9229126140364,19.07467517118191,18.733208513028323,19.036733627319336,2887400,0.0,0.0
2017-11-16 00:00:00-05:00,19.074681779165264,19.28335491524223,19.05571100066199,19.21695899963379,6779400,0.0,0.0
2017-11-17 00:00:00-05:00,19.264377975123953,19.397171573020486,19.197982080751903,19.24540901184082,5145200,0.0,0.0
2017-11-20 00:00:00-05:00,19.72915202660495,20.687154372442127,19.084162014072838,20.47848129272461,67009800,0.0,0.0
2017-11-21 00:00:00-05:00,21.00965099811803,22.204782624405286,20.810463298313113,22.08147621154785,35752100,0.0,0.0
2017-11-22 00:00:00-05:00,22.555731923400344,22.9730780455258,22.223750655546453,22.60315704345703,27234900,0.0,0.0
2017-11-24 00:00:00-05:00,22.612644763837075,22.669555275611035,22.299634235351473,22.574703216552734,7191700,0.0,0.0
2017-11-27 00:00:00-05:00,22.394483185303606,22.47984984568906,21.996106039888915,22.17632293701172,14996600,0.0,0.0
2017-11-28 00:00:00-05:00,22.641097614090867,22.65058119037287,22.02456022492817,22.07198715209961,12527700,0.0,0.0
2017-11-29 00:00:00-05:00,22.31860060667262,22.63161107341723,20.886340043946625,21.066556930541992,19878600,0.0,0.0
2017-11-30 00:00:00-05:00,21.151925476461763,21.73052134606652,21.04758985098969,21.18986701965332,12993300,0.0,0.0
2017-12-01 00:00:00-05:00,20.99067617771765,21.14244053150956,20.56384469935065,21.038103103637695,13143300,0.0,0.0
2017-12-04 00:00:00-05:00,21.27523616862643,21.455454901539607,20.753550743699353,21.151927947998047,11231300,0.0,0.0
2017-12-05 00:00:00-05:00,21.06656448625412,21.48391252798328,20.658703642029927,20.83892059326172,7287900,0.0,0.0
2017-12-06 00:00:00-05:00,20.677673052235345,20.829435650812446,20.48797070859041,20.696643829345703,6346600,0.0,0.0
2017-12-07 00:00:00-05:00,20.962222651869524,21.132955973560456,20.68715189822251,20.86737060546875,6482300,0.0,0.0
2017-12-08 00:00:00-05:00,20.90531349182129,21.04759066599417,20.725094772987678,20.90531349182129,7064400,0.0,0.0
2017-12-11 00:00:00-05:00,20.886344384960204,21.18038414291777,20.84840283727403,20.914798736572266,5280500,0.0,0.0
2017-12-12 00:00:00-05:00,20.867373431433567,21.104502674972586,20.810462919546918,21.047592163085938,4662200,0.0,0.0
2017-12-13 00:00:00-05:00,21.161416866666006,21.36060640663563,20.64921855231373,20.70612907409668,6337400,0.0,0.0
2017-12-14 00:00:00-05:00,20.74406765983056,20.905315622770352,20.459511473326604,20.53539276123047,8099900,0.0,0.0
2017-12-15 00:00:00-05:00,20.592296141242688,20.706118938244053,20.317227246313358,20.50693130493164,8084300,0.0,0.0
2017-12-18 00:00:00-05:00,20.60178844517783,21.20884055117243,20.48796741909625,21.019136428833008,7887500,0.0,0.0
2017-12-19 00:00:00-05:00,21.170901535118656,21.265753607632835,20.886347126728932,21.21832847595215,5598800,0.0,0.0
2017-12-20 00:00:00-05:00,21.389055121644603,21.408025893619715,20.952738221131295,21.16141128540039,4402200,0.0,0.0
2017-12-21 00:00:00-05:00,21.237294655294463,21.237294655294463,20.838917450352486,20.914798736572266,5575000,0.0,0.0
2017-12-22 00:00:00-05:00,20.867372371210422,21.066560057269704,20.782005703141454,20.87685775756836,5235200,0.0,0.0
2017-12-26 00:00:00-05:00,20.743700021726177,20.905388727487903,20.601033943488797,20.772233963012695,3675100,0.06,0.0
2017-12-27 00:00:00-05:00,20.734190277384112,21.038546898518305,20.658101575625,20.971967697143555,4091800,0.0,0.0
2017-12-28 00:00:00-05:00,20.97196728701686,21.06707861588019,20.743701186203484,20.81978988647461,3606500,0.0,0.0
2017-12-29 00:00:00-05:00,20.914899844610275,20.914899844610275,20.42032241821289,20.42032241821289,4256400,0.0,0.0
2018-01-02 00:00:00-05:00,20.601031651403822,21.257297715196287,20.363254276097596,21.11463165283203,5619900,0.0,0.0
2018-01-03 00:00:00-05:00,21.200236350418898,21.827968615186553,21.143168461550705,21.77090072631836,9014000,0.0,0.0
2018-01-04 00:00:00-05:00,21.846991225905136,22.32254612096348,21.713836435800143,22.265480041503906,9221200,0.0,0.0
2018-01-05 00:00:00-05:00,22.35107940176259,22.484234187900057,21.875524520874023,21.875524520874023,5855400,0.0,0.0
2018-01-08 00:00:00-05:00,21.84698591966802,22.10378593601096,21.770897227503166,22.037208557128906,5529500,0.0,0.0
2018-01-09 00:00:00-05:00,22.141835667498174,22.170367799019886,21.86601296880238,22.018190383911133,9580000,0.0,0.0
2018-01-10 00:00:00-05:00,21.713833047944263,22.0847652277045,21.495078265731696,22.008676528930664,9401900,0.0,0.0
2018-01-11 00:00:00-05:00,22.113301721878575,22.113301721878575,21.732858184106693,22.018190383911133,5198600,0.0,0.0
2018-01-12 00:00:00-05:00,22.00867441704461,23.02636134577711,21.999163103848346,22.67445182800293,18423600,0.0,0.0
2018-01-16 00:00:00-05:00,22.893213400495476,22.893213400495476,22.3225471376156,22.427169799804688,11257200,0.0,0.0
2018-01-17 00:00:00-05:00,22.493744006701867,22.693477986717685,22.332055285392983,22.436677932739258,7143400,0.0,0.0
2018-01-18 00:00:00-05:00,22.474725695335707,22.731525798652203,22.446193559921518,22.53179359436035,8558500,0.0,0.0
2018-01-19 00:00:00-05:00,22.674462918805816,22.73152901179873,22.484240190031578,22.52228546142578,7587400,0.0,0.0
2018-01-22 00:00:00-05:00,22.59836856416832,22.645923327473753,22.370102434925965,22.465213775634766,3620000,0.0,0.0
2018-01-23 00:00:00-05:00,22.522279981159823,22.64592345490848,22.141836430281707,22.379613876342773,10855700,0.0,0.0
2018-01-24 00:00:00-05:00,22.21792168359914,22.398631208338664,21.63774422496787,22.151344299316406,9443600,0.0,0.0
2018-01-25 00:00:00-05:00,22.436674207433025,22.455696833628043,21.84698549406993,21.88503074645996,9009500,0.0,0.0
2018-01-26 00:00:00-05:00,22.094276839294984,22.313031624452908,22.02769945373368,22.2464542388916,6143000,0.0,0.0
2018-01-29 00:00:00-05:00,22.22743721191931,22.341569374015265,22.10379191986768,22.303525924682617,6760200,0.0,0.0
2018-01-30 00:00:00-05:00,21.923079148954326,22.227435794699804,21.808946994135425,21.98965835571289,4374000,0.0,0.0
2018-01-31 00:00:00-05:00,22.198899589429598,22.38912224689646,22.122810889262393,22.189388275146484,11191500,0.0,0.0
2018-02-01 00:00:00-05:00,21.980143242590916,22.303520648865717,21.428499752021708,21.49507713317871,7988300,0.0,0.0
2018-02-02 00:00:00-05:00,21.285830809191122,21.48556475688074,20.800766537868093,21.33338737487793,9945300,0.0,0.0
2018-02-05 00:00:00-05:00,21.057568115529616,21.457034260918153,20.268147139416296,20.30619239807129,9355000,0.0,0.0
2018-02-06 00:00:00-05:00,19.849662782636702,20.76272734095716,19.50726266621752,20.639083862304688,13422400,0.0,0.0
2018-02-07 00:00:00-05:00,20.524949771678216,20.876861202057874,20.17303834129856,20.287172317504883,8684400,0.0,0.0
2018-02-08 00:00:00-05:00,20.391790639266542,20.477390649684406,19.37410364218487,19.72601318359375,11758100,0.0,0.0
2018-02-09 00:00:00-05:00,20.020860927643486,20.40130630582513,19.535796517248112,20.258638381958008,9943700,0.0,0.0
2018-02-12 00:00:00-05:00,20.42983319456642,20.96245586164644,20.344233187860613,20.84832191467285,6651400,0.0,0.0
2018-02-13 00:00:00-05:00,20.781752107889844,21.26681838461988,20.58201808142538,21.22877311706543,10983200,0.0,0.0
2018-02-14 00:00:00-05:00,21.067080685187083,21.34290338457357,20.92441458492761,21.171703338623047,6607300,0.0,0.0
2018-02-15 00:00:00-05:00,21.447529182367592,21.808951988286708,21.33339700141294,21.62824058532715,6664200,0.0,0.0
2018-02-16 00:00:00-05:00,21.54263114499844,21.789919847989594,21.33338769512785,21.571165084838867,5159300,0.0,0.0
2018-02-20 00:00:00-05:00,21.60921039356428,22.25596523979327,21.428500867898517,22.065744400024414,6183700,0.0,0.0
2018-02-21 00:00:00-05:00,22.132324976791185,22.41765718464674,21.837479639362787,22.056236267089844,7041700,0.0,0.0
2018-02-22 00:00:00-05:00,22.09428165233619,22.67445924849584,21.866015503215532,21.999170303344727,6857200,0.0,0.0
2018-02-23 00:00:00-05:00,22.160853170963463,22.217921053671517,21.88503232759831,22.113298416137695,4075100,0.0,0.0
2018-02-26 00:00:00-05:00,22.179873584075334,22.3796075254167,22.075250956987126,22.31302833557129,3700700,0.0,0.0
2018-02-27 00:00:00-05:00,22.38911958021779,22.779074348890965,22.236940383911133,22.236940383911133,7094100,0.0,0.0
2018-02-28 00:00:00-05:00,22.322547268349084,22.655436074820102,22.113303756843496,22.341569900512695,6577600,0.0,0.0
2018-03-01 00:00:00-05:00,22.41766080931484,22.588860887348353,21.88503975528697,22.170372009277344,4287400,0.0,0.0
2018-03-02 00:00:00-05:00,21.875520173958016,22.37009758718743,21.656765407601846,22.274986267089844,5972100,0.0,0.0
2018-03-05 00:00:00-05:00,22.08476980859808,22.446192563314515,21.885037613174298,22.341569900512695,6061300,0.0,0.0
2018-03-06 00:00:00-05:00,22.3986352206566,22.52228051141425,22.13232563582102,22.41765785217285,7222900,0.0,0.0
2018-03-07 00:00:00-05:00,22.35108220897858,22.683971030229802,22.18939345660502,22.53179359436035,14781100,0.0,0.0
2018-03-08 00:00:00-05:00,22.731522902912676,23.22610041353386,22.465213331115038,23.13098907470703,17008200,0.0,0.0
2018-03-09 00:00:00-05:00,23.026373369995937,23.948951276724863,22.68397498661986,23.1500186920166,17310000,0.0,0.0
2018-03-12 00:00:00-04:00,23.35925838577939,23.425835787810367,22.512771164360142,23.17854881286621,17785100,0.0,0.0
2018-03-13 00:00:00-04:00,22.9217477452248,23.340236587124885,21.685303851905925,21.81846046447754,22302700,0.0,0.0
2018-03-14 00:00:00-04:00,21.87552455144906,22.313034171711045,21.37143572392738,22.25596809387207,19368200,0.0,0.0
2018-03-15 00:00:00-04:00,22.370102421370127,22.607879865949066,21.894547532212247,22.056236267089844,10865800,0.0,0.0
2018-03-16 00:00:00-04:00,22.208405364351584,22.303516669361752,21.923071449321085,22.046716690063477,6957900,0.0,0.0
2018-03-19 00:00:00-04:00,21.80894546125338,22.141834215256935,21.447522763501713,21.704322814941406,11467700,0.0,0.0
2018-03-20 00:00:00-04:00,21.780413048381753,22.13232445628546,21.68530170996741,21.98965835571289,7531100,0.0,0.0
2018-03-21 00:00:00-04:00,21.913569782112102,22.236945432146257,21.79943581249577,21.875524520874023,5938400,0.0,0.0
2018-03-22 00:00:00-04:00,21.533127117693123,21.827972486849227,20.971972142974256,20.981483459472656,6817200,0.0,0.0
2018-03-23 00:00:00-04:00,21.076593138340936,21.266815825022267,20.420326864798128,20.429838180541992,6876500,0.0,0.0
2018-03-26 00:00:00-04:00,20.895875624659624,21.276320886183097,20.686632182099675,21.124141693115234,6215800,0.0,0.0
2018-03-27 00:00:00-04:00,21.228764725099495,21.276321290742924,20.201566490468792,20.3442325592041,7224900,0.0,0.0
2018-03-28 00:00:00-04:00,20.20116854766069,20.401462543843962,19.45721552069277,19.571670532226562,10366000,0.06,0.0
2018-03-29 00:00:00-04:00,19.686124382978527,20.124866486131353,19.55259504772368,20.02948760986328,8751900,0.0,0.0
2018-04-02 00:00:00-04:00,19.876886257375833,19.915036724273858,19.123394979727745,19.266464233398438,7141200,0.0,0.0
2018-04-03 00:00:00-04:00,19.590746668012333,19.705199860329834,19.199693106525576,19.47629165649414,8575200,0.0,0.0
2018-04-04 00:00:00-04:00,18.98032361034095,19.886420206135426,18.875408483721085,19.838729858398438,7086500,0.0,0.0
2018-04-05 00:00:00-04:00,20.554064551848434,20.592216822335203,20.067635837544792,20.153474807739258,11740800,0.0,0.0
2018-04-06 00:00:00-04:00,19.86734862245578,20.153483497683002,19.514447245087784,19.562137603759766,8925100,0.0,0.0
2018-04-09 00:00:00-04:00,19.74334905777332,20.201165394036945,19.61935599636833,19.64797019958496,5721200,0.0,0.0
2018-04-10 00:00:00-04:00,20.31562685130269,20.639914009836634,20.077180518216032,20.487308502197266,8781800,0.0,0.0
2018-04-11 00:00:00-04:00,20.41099942909113,21.36478446614399,20.41099942909113,21.05003547668457,10306700,0.0,0.0
2018-04-12 00:00:00-04:00,21.27894649891512,21.39340151904053,21.097728627584388,21.38386344909668,7179700,0.0,0.0
2018-04-13 00:00:00-04:00,21.584160894705207,21.612775109089753,20.72575447438112,20.992815017700195,8148100,0.0,0.0
2018-04-16 00:00:00-04:00,21.164489953086882,21.193102339195622,20.630369035850237,20.754362106323242,5774000,0.0,0.0
2018-04-17 00:00:00-04:00,20.93558304078924,21.221717834472656,20.887892695708235,21.221717834472656,4744000,0.0,0.0
2018-04-18 00:00:00-04:00,21.364783536682577,21.46016240007858,20.973731834039405,21.00234603881836,4904000,0.0,0.0
2018-04-19 00:00:00-04:00,20.554065219983773,20.83066373240289,20.010408082277724,20.067636489868164,10528000,0.0,0.0
2018-04-20 00:00:00-04:00,20.172559465059276,20.382393402981958,19.54306128969354,19.59075164794922,8796100,0.0,0.0
2018-04-23 00:00:00-04:00,19.657505961316716,19.81964945545587,19.409521686797998,19.41905975341797,5940300,0.0,0.0
2018-04-24 00:00:00-04:00,19.695661544799805,20.353773759597857,19.5716702848063,19.695661544799805,10595000,0.0,0.0
2018-04-25 00:00:00-04:00,19.628900555955116,19.724279445688044,19.24738681622441,19.438142776489258,5170800,0.0,0.0
2018-04-26 00:00:00-04:00,19.68612380949463,19.943646222156215,19.552594478129677,19.924570083618164,5420900,0.0,0.0
2018-04-27 00:00:00-04:00,20.08671730922427,20.08671730922427,19.39045449760942,19.409530639648438,5506800,0.0,0.0
2018-04-30 00:00:00-04:00,19.466754001497325,19.581209015450987,19.047088042601537,19.1329288482666,5808800,0.0,0.0
2018-05-01 00:00:00-04:00,18.961248696901418,19.40952889860217,18.88494595479078,19.38091468811035,4686700,0.0,0.0
2018-05-02 00:00:00-04:00,19.3713806949455,19.67659172762431,19.285539864604427,19.609827041625977,4952400,0.0,0.0
2018-05-03 00:00:00-04:00,19.266460239160615,19.92457066512426,18.53204525681779,19.838729858398438,19888800,0.0,0.0
2018-05-04 00:00:00-04:00,19.743351827031137,20.325159487105317,19.59074636020506,20.267932891845703,7676200,0.0,0.0
2018-05-07 00:00:00-04:00,20.31562242056379,20.496842103562837,19.781503260314807,19.838729858398438,7353400,0.0,0.0
2018-05-08 00:00:00-04:00,19.819660032123277,20.172559589384484,19.781507745283598,20.10579490661621,6513700,0.0,0.0
2018-05-09 00:00:00-04:00,20.10579354728096,20.4300806866888,20.02949079796153,20.306089401245117,4133000,0.0,0.0
2018-05-10 00:00:00-04:00,20.439613923988453,20.487302448834843,20.22978004858286,20.44915199279785,3870600,0.0,0.0
2018-05-11 00:00:00-04:00,20.325157799649535,20.401460526727693,19.857803368895755,20.048561096191406,6122500,0.0,0.0
2018-05-14 00:00:00-04:00,20.84020498503358,21.660458941305528,20.69713758259551,20.916507720947266,13913800,0.0,0.0
2018-05-15 00:00:00-04:00,20.79251297314731,20.85927945352616,20.420537392753758,20.69713592529297,6289400,0.0,0.0
2018-05-16 00:00:00-04:00,20.7829826032244,20.878359678060903,20.477769778463887,20.859285354614258,5405000,0.0,0.0
2018-05-17 00:00:00-04:00,20.79251655728151,21.107265599377577,20.563608328411725,20.630373001098633,7937100,0.0,0.0
2018-05-18 00:00:00-04:00,20.49684126401746,20.687599008750514,20.306085338485083,20.430076599121094,8304100,0.0,0.0
2018-05-21 00:00:00-04:00,20.887892242826613,21.00234724933881,20.37284926152326,20.44915199279785,7312000,0.0,0.0
2018-05-22 00:00:00-04:00,20.620834273511736,21.06911260714435,20.5063792632222,20.90696907043457,6113300,0.0,0.0
2018-05-23 00:00:00-04:00,20.821131798985466,21.069116180672815,20.71621484002517,21.030963897705078,5253300,0.0,0.0
2018-05-24 00:00:00-04:00,20.983269728979238,21.12633711329127,20.754361550239885,20.93558120727539,7478300,0.0,0.0
2018-05-25 00:00:00-04:00,21.498316719128,21.698610714041283,21.126339298402257,21.450626373291016,24162000,0.0,0.0
2018-05-29 00:00:00-04:00,21.23125345325506,21.5078501460011,20.782975176431954,20.926042556762695,8735800,0.0,0.0
2018-05-30 00:00:00-04:00,21.145415509177464,21.154953578377537,20.57314409157794,20.97373390197754,9435200,0.0,0.0
2018-05-31 00:00:00-04:00,20.897430318592516,21.050035781192502,20.33469699305483,20.544530868530273,12753400,0.0,0.0
2018-06-01 00:00:00-04:00,20.887893839824592,21.63184689103177,20.5445324324373,21.145416259765625,10533700,0.0,0.0
2018-06-04 00:00:00-04:00,21.25987244795417,21.422014181454298,20.802054180844962,21.069114685058594,7150300,0.0,0.0
2018-06-05 00:00:00-04:00,21.17403013790439,21.17403013790439,20.80205270850612,21.011886596679688,5686900,0.0,0.0
2018-06-06 00:00:00-04:00,21.04050353616955,21.11680628858934,20.72575445503777,21.088193893432617,4966600,0.0,0.0
2018-06-07 00:00:00-04:00,21.383862374573464,21.889369140991388,21.135878026096787,21.174030303955078,13699900,0.0,0.0
2018-06-08 00:00:00-04:00,20.849742303461895,20.98327163170124,20.363311697332016,20.74482536315918,9299700,0.0,0.0
2018-06-11 00:00:00-04:00,20.65898774409476,20.897434049376738,20.287012089999166,20.38239097595215,10988600,0.0,0.0
2018-06-12 00:00:00-04:00,20.334699041594178,20.639909997541434,20.334699041594178,20.611297607421875,5356100,0.0,0.0
2018-06-13 00:00:00-04:00,20.70667399562742,21.07865142793261,20.611296939385777,20.983272552490234,10431100,0.0,0.0
2018-06-14 00:00:00-04:00,21.021422564941563,21.078649156359585,20.487301647704918,20.754362106323242,6318400,0.0,0.0
2018-06-15 00:00:00-04:00,20.887894257541127,20.983273135634168,20.573145233274644,20.897432327270508,7032400,0.0,0.0
2018-06-18 00:00:00-04:00,20.72575038586471,20.811591192883633,20.458691714428742,20.76390266418457,5471900,0.0,0.0
2018-06-19 00:00:00-04:00,20.534991611109366,20.630368655313276,19.819652864376998,20.33469581604004,10732400,0.0,0.0
2018-06-20 00:00:00-04:00,20.44915249954321,20.954657424563955,20.363311697332016,20.74482536315918,5308800,0.0,0.0
2018-06-21 00:00:00-04:00,20.92604647414397,21.069113881257103,20.23932000927968,20.25839614868164,4887300,0.0,0.0
2018-06-22 00:00:00-04:00,20.401463719242972,20.45869213790734,19.962723424687585,20.32516098022461,6890800,0.0,0.0
2018-06-25 00:00:00-04:00,20.010412433476972,20.04856471350002,19.056627263310855,19.247385025024414,9398300,0.0,0.0
2018-06-26 00:00:00-04:00,19.35230571006498,19.35230571006498,18.894487357452988,18.989866256713867,10091600,0.0,0.0
2018-06-27 00:00:00-04:00,19.88642554994182,19.905501694162684,19.190162658691406,19.190162658691406,11348300,0.0,0.0
2018-06-28 00:00:00-04:00,20.67806185716565,21.069113613940395,20.182093154212048,20.76390266418457,34399200,0.0,0.0
2018-06-29 00:00:00-04:00,20.725748711468025,21.040497705375802,20.38238733033266,20.44915199279785,19429300,0.0,0.0
2018-07-02 00:00:00-04:00,20.10578667392142,20.506376425703174,19.80057578098302,20.47776222229004,10320100,0.0,0.0
2018-07-03 00:00:00-04:00,20.458688936436694,20.592218254023344,19.95318223254358,20.048561096191406,7859400,0.0,0.0
2018-07-05 00:00:00-04:00,20.210701935490093,20.353769302368164,19.962717650607974,20.353769302368164,10280200,0.0,0.0
2018-07-06 00:00:00-04:00,20.286822073068485,20.803319148290765,20.181611124817085,20.688541412353516,7913200,0.06,0.0
2018-07-09 00:00:00-04:00,20.918096119700802,21.07113187913707,20.612022776498105,21.052001953125,11541600,0.0,0.0
2018-07-10 00:00:00-04:00,21.24329191849991,21.922389575114796,21.233728781544478,21.6737060546875,29134500,0.0,0.0
2018-07-11 00:00:00-04:00,21.185910904291955,21.42502954164137,20.774626556158097,20.79375648498535,12153300,0.0,0.0
2018-07-12 00:00:00-04:00,21.02330815050217,21.291121655520186,20.80331946298572,21.17634391784668,10914000,0.0,0.0
2018-07-13 00:00:00-04:00,21.080689182462176,21.214594967231626,20.78418091000197,20.908523559570312,7650500,0.0,0.0
2018-07-16 00:00:00-04:00,20.90853082779731,21.0137417705484,20.21986809683681,20.229433059692383,10783200,0.0,0.0
2018-07-17 00:00:00-04:00,20.105092191852794,20.83201294992799,20.019009350480065,20.755495071411133,11203400,0.0,0.0
2018-07-18 00:00:00-04:00,20.755490442378942,20.946784183842375,20.43985403585105,20.64071273803711,7015400,0.0,0.0
2018-07-19 00:00:00-04:00,20.631156474248776,20.793757226417362,20.36334475843968,20.76506233215332,8743300,0.0,0.0
2018-07-20 00:00:00-04:00,20.70766305808664,21.157207034377503,20.525932475664177,20.908523559570312,7805900,0.0,0.0
2018-07-23 00:00:00-04:00,20.76506159174447,20.94679226694254,20.420731994506003,20.79375648498535,8083300,0.0,0.0
2018-07-24 00:00:00-04:00,21.02330862540381,21.233734178503564,20.51637831874777,20.612024307250977,7560400,0.0,0.0
2018-07-25 00:00:00-04:00,20.583329388665675,20.841577912783862,20.277257874598252,20.755495071411133,7759900,0.0,0.0
2018-07-26 00:00:00-04:00,20.707672416412315,21.157216595863666,20.707672416412315,21.09982681274414,9199600,0.0,0.0
2018-07-27 00:00:00-04:00,21.09025845755792,21.386766816339023,20.602458149792927,20.72679901123047,9672500,0.0,0.0
2018-07-30 00:00:00-04:00,20.841579476088715,20.937225463161493,20.076398809194636,20.31551742553711,5388500,0.0,0.0
2018-07-31 00:00:00-04:00,20.46854818933062,20.6885368247375,20.133781843438076,20.382465362548828,6984500,0.0,0.0
2018-08-01 00:00:00-04:00,20.372903899420905,20.678977238493378,20.172045151995043,20.277257919311523,8826700,0.0,0.0
2018-08-02 00:00:00-04:00,20.085964831921643,20.631155014038086,20.05726993968854,20.631155014038086,4599700,0.0,0.0
2018-08-03 00:00:00-04:00,20.564198344614237,20.698104168654023,20.258126847191853,20.439857482910156,6762800,0.0,0.0
2018-08-06 00:00:00-04:00,20.344210761038358,20.927658899767568,20.315515872511956,20.89896583557129,4740400,0.0,0.0
2018-08-07 00:00:00-04:00,20.99460680029683,21.22416036073654,20.88939406763839,21.20503044128418,5093700,0.0,0.0
2018-08-08 00:00:00-04:00,21.157212428210663,21.281553285149048,21.032869746942318,21.13808250427246,4789000,0.0,0.0
2018-08-09 00:00:00-04:00,21.06157199810237,21.09026506971371,20.726805509435522,20.745935440063477,3210600,0.0,0.0
2018-08-10 00:00:00-04:00,20.229429618837194,20.411160233522054,19.904228234382106,19.999876022338867,6190000,0.0,0.0
2018-08-13 00:00:00-04:00,19.99987912962445,20.16247984711449,19.86597330027857,19.885103225708008,5690300,0.0,0.0
2018-08-14 00:00:00-04:00,19.95205611267182,19.9998791018489,19.57902986463619,19.598159790039062,7805400,0.0,0.0
2018-08-15 00:00:00-04:00,19.397297242158462,19.550332966708332,19.024271067279628,19.215566635131836,9423000,0.0,0.0
2018-08-16 00:00:00-04:00,19.32078055395476,19.51207430910163,19.186872918589117,19.387733459472656,8183900,0.0,0.0
2018-08-17 00:00:00-04:00,19.50250972317702,19.50250972317702,18.861671891220748,18.9190616607666,12338400,0.0,0.0
2018-08-20 00:00:00-04:00,19.033835999619914,19.21556660637457,18.632116767195264,18.97644805908203,9106200,0.0,0.0
2018-08-21 00:00:00-04:00,19.091228078889618,19.502512361286662,18.98601713581675,19.41642951965332,7358400,0.0,0.0
2018-08-22 00:00:00-04:00,19.33034634388042,19.655547779022776,19.24426532806519,19.550336837768555,3587300,0.0,0.0
2018-08-23 00:00:00-04:00,19.569464920631606,19.75119556347233,19.330346325857533,19.359041213989258,4981300,0.0,0.0
2018-08-24 00:00:00-04:00,19.54077183816054,19.645984603546246,19.445124035476276,19.598159790039062,3692300,0.0,0.0
2018-08-27 00:00:00-04:00,19.741630581900413,20.009444064550337,19.588594827337626,19.598159790039062,7724100,0.0,0.0
2018-08-28 00:00:00-04:00,19.626852786453227,19.770323564486468,19.464252084860906,19.693805694580078,9077700,0.0,0.0
2018-08-29 00:00:00-04:00,19.712936726621493,20.315514757976768,19.65554695271716,20.15291404724121,8211500,0.0,0.0
2018-08-30 00:00:00-04:00,20.17204516760648,20.238998083466917,19.8564086897429,19.94249153137207,5522200,0.0,0.0
2018-08-31 00:00:00-04:00,19.971189615247376,20.16248527235464,19.72250781507076,19.779895782470703,8589200,0.0,0.0
2018-09-04 00:00:00-04:00,19.68424682933607,19.980753439015075,19.55034097160952,19.79902458190918,9769900,0.0,0.0
2018-09-05 00:00:00-04:00,19.799021891057844,19.846844883937646,19.512078460788313,19.58859634399414,9087300,0.0,0.0
2018-09-06 00:00:00-04:00,19.55990261398874,19.722503338322515,18.603428194220687,18.612991333007812,18985300,0.0,0.0
2018-09-07 00:00:00-04:00,19.990308529497568,19.990308529497568,18.440821493281522,18.603422164916992,36018300,0.0,0.0
2018-09-10 00:00:00-04:00,18.71820304890387,18.766027861797255,18.010412237052424,18.20170783996582,19795700,0.0,0.0
2018-09-11 00:00:00-04:00,17.876509015660105,18.297356484492873,17.74260134436755,17.981719970703125,15130100,0.0,0.0
2018-09-12 00:00:00-04:00,17.7521617992501,17.87650447498626,17.369572459157833,17.53217315673828,11965400,0.0,0.0
2018-09-13 00:00:00-04:00,17.694781899735606,17.857382671246945,17.3504504249279,17.733041763305664,14662200,0.0,0.0
2018-09-14 00:00:00-04:00,17.752159560084362,18.249526551633945,17.66607674138041,18.14431381225586,14161500,0.0,0.0
2018-09-17 00:00:00-04:00,17.905196017876282,18.048668604540662,17.560866553139054,17.63738441467285,8619200,0.0,0.0
2018-09-18 00:00:00-04:00,17.857373799030906,17.886068682451754,17.551302339861092,17.847808837890625,11315000,0.0,0.0
2018-09-19 00:00:00-04:00,17.924330212831727,18.10606086142607,17.513045924906187,17.646953582763672,11315600,0.0,0.0
2018-09-20 00:00:00-04:00,17.713900820006998,18.16344299152151,17.713900820006998,18.029537200927734,13849900,0.0,0.0
2018-09-21 00:00:00-04:00,17.933889425790937,18.096490096224624,17.752158835463973,18.029537200927734,15210400,0.0,0.0
2018-09-24 00:00:00-04:00,17.847809580259156,18.067798222646527,17.713903767385084,18.0582332611084,8833700,0.0,0.0
2018-09-25 00:00:00-04:00,18.134755440271952,18.153885367895985,17.685213087089053,17.780860900878906,9255700,0.0,0.0
2018-09-26 00:00:00-04:00,17.713907980428388,17.905201783698335,17.551307244267264,17.685213088989258,9113700,0.0,0.0
2018-09-27 00:00:00-04:00,17.752159129892554,18.15387833266617,17.61825333707788,17.8956298828125,11470500,0.0,0.0
2018-09-28 00:00:00-04:00,17.847817714704032,18.469525903397525,17.82868778290898,18.4599609375,14835100,0.0,0.0
2018-10-01 00:00:00-04:00,18.60387284246444,18.69981891980439,18.335226021935647,18.488739013671875,10931900,0.06,0.0
2018-10-02 00:00:00-04:00,18.43117080096308,18.843737664413226,18.40238825794422,18.613468170166016,12588300,0.0,0.0
2018-10-03 00:00:00-04:00,18.709420986644076,18.82455669023219,18.364015705899654,18.776582717895508,11297200,0.0,0.0
2018-10-04 00:00:00-04:00,18.661440752474057,18.853331068554777,18.373602533324277,18.498332977294922,9869100,0.0,0.0
2018-10-05 00:00:00-04:00,18.440763835222253,18.632655977157352,17.586847646651155,17.845901489257812,10235000,0.0,0.0
2018-10-08 00:00:00-04:00,17.749955330623546,17.874683941251963,17.346983298565384,17.606037139892578,11235100,0.0,0.0
2018-10-09 00:00:00-04:00,17.510092425347228,17.903469697816504,17.27022814554795,17.721172332763672,16556300,0.0,0.0
2018-10-10 00:00:00-04:00,17.41414395269245,17.462117900066634,16.66576867384492,16.67536163330078,15497700,0.0,0.0
2018-10-11 00:00:00-04:00,16.70415184173498,17.807527396831404,16.483477096719618,17.001583099365234,18097800,0.0,0.0
2018-10-12 00:00:00-04:00,17.64441036827273,17.711572052999465,17.10711506044021,17.279817581176758,13115700,0.0,0.0
2018-10-15 00:00:00-04:00,17.394955585246052,17.730765920177564,17.241442602994923,17.38536262512207,11876900,0.0,0.0
2018-10-16 00:00:00-04:00,17.59644832984666,18.3448257380042,17.548476193306435,18.104961395263672,20762500,0.0,0.0
2018-10-17 00:00:00-04:00,18.296849860609687,18.32563423753954,17.634823831379112,18.191308975219727,17449300,0.0,0.0
2018-10-18 00:00:00-04:00,18.00900597989935,18.11454499171869,17.24143938201831,17.35657501220703,10601000,0.0,0.0
2018-10-19 00:00:00-04:00,17.46211865147262,17.701982908608127,16.857659698680468,17.03995704650879,8421400,0.0,0.0
2018-10-22 00:00:00-04:00,17.183878046500062,17.3469858412415,16.704149453733407,17.27022933959961,11774400,0.0,0.0
2018-10-23 00:00:00-04:00,16.71374085126847,17.183874557111267,16.406714907046155,16.828876495361328,14312900,0.0,0.0
2018-10-24 00:00:00-04:00,16.502669474693967,16.58902079474915,15.859832886516449,15.869427680969238,12471900,0.0,0.0
2018-10-25 00:00:00-04:00,16.214822077282612,16.46428110370467,16.07090390089036,16.157255172729492,16522600,0.0,0.0
2018-10-26 00:00:00-04:00,15.495229897074074,15.504824686498688,14.718070253869906,15.044285774230957,19423700,0.0,0.0
2018-10-29 00:00:00-04:00,15.169016266364734,15.543204842881806,14.689287744424174,14.967530250549316,12271800,0.0,0.0
2018-10-30 00:00:00-04:00,14.871590141147353,15.485642309756129,14.852400553373375,15.47604751586914,13097200,0.0,0.0
2018-10-31 00:00:00-04:00,15.744694709777832,15.955774664521007,15.524019962089112,15.744694709777832,9367300,0.0,0.0
2018-11-01 00:00:00-04:00,15.773479196265502,16.944016493316653,15.773479196265502,16.867259979248047,14167300,0.0,0.0
2018-11-02 00:00:00-04:00,16.70414378587689,16.915223636266084,16.186038033096604,16.876846313476562,10297800,0.0,0.0
2018-11-05 00:00:00-05:00,16.732935247695732,16.83847430264496,16.281989161025308,16.445096969604492,6203900,0.0,0.0
2018-11-06 00:00:00-05:00,16.39712547006255,16.56982807756779,16.061315047693434,16.176450729370117,9408800,0.0,0.0
2018-11-07 00:00:00-05:00,16.329956232329927,16.35873876698126,15.888605124149228,16.19563102722168,8988000,0.0,0.0
2018-11-08 00:00:00-05:00,16.08049805246144,16.24360580057783,15.936579881774938,16.03252410888672,7662200,0.0,0.0
2018-11-09 00:00:00-05:00,15.831040005446242,15.850229584051329,15.524014067840618,15.725499153137207,8858400,0.0,0.0
2018-11-12 00:00:00-05:00,15.447258123516251,15.476040662411254,14.929151378187642,15.149826049804688,8908000,0.0,0.0
2018-11-13 00:00:00-05:00,15.169015767255688,15.495230382833753,14.986718422511096,15.082664489746094,12521400,0.0,0.0
2018-11-14 00:00:00-05:00,15.284152520569375,15.43766551644295,14.957936946833211,15.092260360717773,7704500,0.0,0.0
2018-11-15 00:00:00-05:00,14.938746051396123,15.706312793297073,14.938746051396123,15.447258949279785,12062400,0.0,0.0
2018-11-16 00:00:00-05:00,15.092260444948653,15.447260393649614,14.96753182136248,15.25536823272705,14017600,0.0,0.0
2018-11-19 00:00:00-05:00,15.226586060012261,15.255369520576673,14.526182724550017,14.5741548538208,9245100,0.0,0.0
2018-11-20 00:00:00-05:00,14.132803934689065,14.814018574511756,14.094425683783971,14.602938652038574,9055400,0.0,0.0
2018-11-21 00:00:00-05:00,14.890777399553137,15.14983038890876,14.766047843563479,15.034695625305176,5389300,0.0,0.0
2018-11-23 00:00:00-05:00,14.833206487168304,15.140232459836245,14.804423030983077,15.0155029296875,2519800,0.0,0.0
2018-11-26 00:00:00-05:00,15.188205559875476,15.351313337284894,14.99631432616133,15.332123756408691,11318000,0.0,0.0
2018-11-27 00:00:00-05:00,15.255368713089664,15.514422589486458,14.96753229266167,15.370504379272461,9742500,0.0,0.0
2018-11-28 00:00:00-05:00,15.437664159128875,15.533610230618882,15.06347557832931,15.447258949279785,8329300,0.0,0.0
2018-11-29 00:00:00-05:00,15.322529991020687,15.648744633172694,15.236178706476785,15.418475151062012,6814100,0.0,0.0
2018-11-30 00:00:00-05:00,15.341716320697131,15.504824074438906,15.159419903873088,15.456851959228516,10689500,0.0,0.0
2018-12-03 00:00:00-05:00,15.859827131409988,16.042122669803053,15.65834018105547,15.715907096862793,9410400,0.0,0.0
2018-12-04 00:00:00-05:00,15.619965086139752,15.696721594891466,14.842804291266447,14.871587753295898,16395600,0.0,0.0
2018-12-06 00:00:00-05:00,15.322527403024859,15.591175086779026,14.641312947248291,15.437662124633789,28043000,0.0,0.0
2018-12-07 00:00:00-05:00,15.284150004727293,15.42806818591676,14.6988806605353,14.81401538848877,10758100,0.0,0.0
2018-12-10 00:00:00-05:00,14.77563802108258,15.063475315521234,14.574152006476474,14.727665901184082,11796000,0.0,0.0
2018-12-11 00:00:00-05:00,15.005910719049249,15.111450680110025,14.63172208709066,14.679695129394531,7947700,0.0,0.0
2018-12-12 00:00:00-05:00,14.94834058074768,15.264961330127338,14.718071111200569,14.727665901184082,12820700,0.0,0.0
2018-12-13 00:00:00-05:00,15.274556780383255,15.351313273550241,14.756449994001319,15.0155029296875,20932200,0.0,0.0
2018-12-14 00:00:00-05:00,14.861992528132394,15.015505541165151,14.679696053908426,14.756452560424805,9006600,0.0,0.0
2018-12-17 00:00:00-05:00,14.670100702050075,14.871586752719567,14.487804234782297,14.631722450256348,8722800,0.0,0.0
2018-12-18 00:00:00-05:00,14.737258903186456,15.341716911199288,14.737258903186456,14.81401538848877,12562500,0.0,0.0
2018-12-19 00:00:00-05:00,14.737262447021523,15.12104588083008,14.123210416943357,14.161588668823242,13503300,0.0,0.0
2018-12-20 00:00:00-05:00,14.161586871604433,14.708477120240472,14.036857340071556,14.24793815612793,12849000,0.0,0.0
2018-12-21 00:00:00-05:00,14.382263954966302,14.5645613448346,14.113616181223785,14.2863187789917,13027300,0.0,0.0
2018-12-24 00:00:00-05:00,14.228517448284055,14.295950884188752,13.872081210386385,13.881714820861816,4340100,0.06,0.0
2018-12-26 00:00:00-05:00,14.045482859586015,14.91248761142745,13.81428171492319,14.902854919433594,9799900,0.0,0.0
2018-12-27 00:00:00-05:00,14.700553318799496,15.134055683827736,14.623486272514995,15.124422073364258,8725300,0.0,0.0
2018-12-28 00:00:00-05:00,15.211123596374172,15.355624086708891,15.018455969690642,15.076255798339844,6691700,0.0,0.0
2018-12-31 00:00:00-05:00,15.297822950196702,15.62535742820081,15.249655817965863,15.596458435058594,12795700,0.0,0.0
2019-01-02 00:00:00-05:00,15.317088297177122,16.145560347517886,15.230388567019403,15.895092010498047,18511500,0.0,0.0
2019-01-03 00:00:00-05:00,15.548288831186778,15.789123549575287,15.12442013105608,15.191854476928711,13107600,0.0,0.0
2019-01-04 00:00:00-05:00,15.5386577822309,15.77949254030122,15.403790905687002,15.644625663757324,13825100,0.0,0.0
2019-01-07 00:00:00-05:00,15.67352883371956,16.087764973366674,15.654261609218844,16.00106430053711,8462900,0.0,0.0
2019-01-08 00:00:00-05:00,16.193726547483603,16.270793586714635,15.827658570491993,16.078126907348633,10637000,0.0,0.0
2019-01-09 00:00:00-05:00,16.19373101387123,16.482733868764743,16.126297565623172,16.46346664428711,7767500,0.0,0.0
2019-01-10 00:00:00-05:00,16.357501445186436,16.569437274551024,16.174468294729337,16.482736587524414,10672900,0.0,0.0
2019-01-11 00:00:00-05:00,16.386395830133015,16.839164477098734,16.328596007364105,16.694664001464844,15121300,0.0,0.0
2019-01-14 00:00:00-05:00,16.50198961718172,16.617591059102285,16.34785558623603,16.41529083251953,6910700,0.0,0.0
2019-01-15 00:00:00-05:00,16.42492986313847,16.636865627452124,16.17446333018789,16.22262954711914,10151300,0.0,0.0
2019-01-16 00:00:00-05:00,16.22262337960141,16.367123812882376,16.020321303069895,16.02995491027832,8583200,0.0,0.0
2019-01-17 00:00:00-05:00,15.914360046386719,15.991427089622986,15.731325129666867,15.914360046386719,12741300,0.0,0.0
2019-01-18 00:00:00-05:00,16.068489448936102,16.617592201610375,15.92398901466751,16.26115608215332,18502300,0.0,0.0
2019-01-22 00:00:00-05:00,16.1455629421514,16.20336277154513,15.79876029094214,16.04922866821289,10433100,0.0,0.0
2019-01-23 00:00:00-05:00,16.11666675092999,16.328602582124645,15.933633598892394,16.068500518798828,10392100,0.0,0.0
2019-01-24 00:00:00-05:00,16.376761409214563,17.205233456714943,16.3478605805495,16.858430862426758,20010200,0.0,0.0
2019-01-25 00:00:00-05:00,17.166701642366583,18.168575140144,17.11853542465258,17.889205932617188,29605000,0.0,0.0
2019-01-28 00:00:00-05:00,17.282300583625062,17.889203289292784,17.147431886592006,17.68690299987793,12975800,0.0,0.0
2019-01-29 00:00:00-05:00,17.744706985116423,17.802506818884137,17.243770192666677,17.4653377532959,10201200,0.0,0.0
2019-01-30 00:00:00-05:00,17.763974278416555,17.80250688860474,17.49423865740487,17.69654083251953,9679400,0.0,0.0
2019-01-31 00:00:00-05:00,17.629104292412336,18.024073165157613,17.494237410233012,17.85067367553711,11476900,0.0,0.0
2019-02-01 00:00:00-05:00,17.86993805685531,17.985539547532852,17.619471528996794,17.735071182250977,7979800,0.0,0.0
2019-02-04 00:00:00-05:00,17.78323804873827,17.947005761358675,17.580937729431344,17.889205932617188,5047700,0.0,0.0
2019-02-05 00:00:00-05:00,17.715804389816064,18.033706200096788,17.619471955579737,17.975906372070312,7971900,0.0,0.0
2019-02-06 00:00:00-05:00,18.207103664353692,18.467205591504335,18.15893745743973,18.34197235107422,18243700,0.0,0.0
2019-02-07 00:00:00-05:00,17.3208301120591,17.812133090172235,17.291931125796626,17.65799903869629,21169900,0.0,0.0
2019-02-08 00:00:00-05:00,17.369002365121627,17.773604807755145,17.320834313960926,17.715803146362305,7981400,0.0,0.0
2019-02-11 00:00:00-05:00,17.80250345832002,18.361239979065243,17.686903812606246,18.351606369018555,9159200,0.0,0.0
2019-02-12 00:00:00-05:00,18.592441749865536,18.842910107457733,18.525008314633656,18.68877601623535,16531300,0.0,0.0
2019-02-13 00:00:00-05:00,18.81400864741903,18.98740809924584,18.534639495311332,18.582807540893555,11681900,0.0,0.0
2019-02-14 00:00:00-05:00,18.496114325876743,18.70804829929999,18.43831264796002,18.486480712890625,9543200,0.0,0.0
2019-02-15 00:00:00-05:00,18.65986736294029,18.65986736294029,18.072230295965166,18.139663696289062,12616000,0.0,0.0
2019-02-19 00:00:00-05:00,18.351603452940324,18.727306835368754,18.22637021707948,18.60207176208496,12043700,0.0,0.0
2019-02-20 00:00:00-05:00,18.611707786870774,19.1993451206704,18.563541575461016,19.07411003112793,12252200,0.0,0.0
2019-02-21 00:00:00-05:00,18.997043074682107,19.074110115733475,18.79474278095597,18.891077041625977,6174200,0.0,0.0
2019-02-22 00:00:00-05:00,19.025945474676963,19.160812348294137,18.842910548036976,18.929611206054688,7373500,0.0,0.0
2019-02-25 00:00:00-05:00,19.266782295235483,19.314948516004154,18.958514072499483,18.977781295776367,10597700,0.0,0.0
2019-02-26 00:00:00-05:00,18.91997910662802,19.218615546952112,18.852545664433382,19.151180267333984,11545200,0.0,0.0
2019-02-27 00:00:00-05:00,19.045209337761737,19.131909980492058,18.852540834489236,18.987407684326172,6274200,0.0,0.0
2019-02-28 00:00:00-05:00,18.862176453094186,19.536514448973268,18.85254284316183,19.218612670898438,12913900,0.0,0.0
2019-03-01 00:00:00-05:00,19.353482738843475,19.44018340516371,18.891080410084562,19.295682907104492,10151900,0.0,0.0
2019-03-04 00:00:00-05:00,19.440178188820227,19.623213083874404,19.112642834480347,19.401643753051758,11137000,0.0,0.0
2019-03-05 00:00:00-05:00,19.3245769226423,19.478710992494882,19.218610898008055,19.314943313598633,7351500,0.0,0.0
2019-03-06 00:00:00-05:00,19.314942480051766,19.37274413181931,18.881441116333008,18.881441116333008,10403300,0.0,0.0
2019-03-07 00:00:00-05:00,18.82364315967367,18.842908541407827,18.37087269659266,18.467206954956055,22402700,0.0,0.0
2019-03-08 00:00:00-05:00,17.96626976535588,18.13003744864277,17.417166897106625,17.99517059326172,21587800,0.0,0.0
2019-03-11 00:00:00-04:00,18.110765913906835,18.76583649093891,18.110765913906835,18.66950225830078,12695200,0.0,0.0
2019-03-12 00:00:00-04:00,18.72730706076079,19.2475090649198,18.62133920323343,19.064476013183594,13464300,0.0,0.0
2019-03-13 00:00:00-04:00,19.15117653126399,19.247510788787498,18.910341806166777,18.968143463134766,7603800,0.0,0.0
2019-03-14 00:00:00-04:00,18.9392467185572,19.083747217289822,18.650245721091956,18.69841194152832,5413100,0.0,0.0
2019-03-15 00:00:00-04:00,18.910340721541935,19.43054457987811,18.833273687428022,19.401643753051758,17341700,0.0,0.0
2019-03-18 00:00:00-04:00,19.353479535104967,19.411279357275877,18.94887710506216,19.218612670898438,7853100,0.0,0.0
2019-03-19 00:00:00-04:00,19.305314915655877,19.681016546898967,19.276414083474343,19.48834800720215,9277900,0.0,0.0
2019-03-20 00:00:00-04:00,19.469079654950225,19.60394835987394,19.23787852319662,19.276412963867188,8250300,0.0,0.0
2019-03-21 00:00:00-04:00,19.3245816541703,20.210853691533487,19.26678182317934,20.027820587158203,12587900,0.0,0.0
2019-03-22 00:00:00-04:00,19.844780502723466,19.93148114545379,18.92960786831363,18.987407684326172,11485100,0.0,0.0
2019-03-25 00:00:00-04:00,18.900709692534747,19.15117618517723,18.698407571648925,19.006675720214844,6611100,0.0,0.0
2019-03-26 00:00:00-04:00,19.189710969242647,19.372745874795005,18.79474216707707,18.968143463134766,6956900,0.0,0.0
2019-03-27 00:00:00-04:00,19.24751600051777,19.353483896229317,18.929614150806767,19.093381881713867,11039200,0.0,0.0
2019-03-28 00:00:00-04:00,19.18970769816724,19.33420814110941,18.679137506520565,18.708038330078125,12323400,0.0,0.0
2019-03-29 00:00:00-04:00,18.871807651878722,19.25714281282465,18.862174043177202,19.160808563232422,16222400,0.0,0.0
2019-04-01 00:00:00-04:00,19.382384668359816,19.56541778544362,19.276416772999152,19.507617950439453,10548700,0.0,0.0
2019-04-02 00:00:00-04:00,19.459302553187005,19.604234289233514,19.275725548526296,19.49795150756836,10597700,0.06,0.0
2019-04-03 00:00:00-04:00,19.787809378677004,20.174289670666127,19.700851082619028,19.9327392578125,18321300,0.0,0.0
2019-04-04 00:00:00-04:00,19.894095569802925,20.377196478554072,19.85544661251865,20.26125144958496,18746700,0.0,0.0
2019-04-05 00:00:00-04:00,20.280575162378803,20.63807063222351,20.10665854693455,20.580097198486328,15739600,0.0,0.0
2019-04-08 00:00:00-04:00,20.425504728212413,20.783000192233335,20.38685761590085,20.71536636352539,12445200,0.0,0.0
2019-04-09 00:00:00-04:00,20.599418300268717,20.985898580756402,20.55110895628901,20.97623634338379,14212700,0.0,0.0
2019-04-10 00:00:00-04:00,20.985901680654077,21.62359469837536,20.869958500823092,21.58494758605957,23482000,0.0,0.0
2019-04-11 00:00:00-04:00,21.594615453143806,21.874813079833984,21.343402707524007,21.874813079833984,13546000,0.0,0.0
2019-04-12 00:00:00-04:00,22.193655743208577,23.121210473836427,22.126021908837707,22.937631607055664,27099500,0.0,0.0
2019-04-15 00:00:00-04:00,23.034249070353845,23.295123976118592,22.744389292537583,22.908641815185547,22394000,0.0,0.0
2019-04-16 00:00:00-04:00,23.024581210833524,23.37241433360007,22.87965135730849,23.198497772216797,19847800,0.0,0.0
2019-04-17 00:00:00-04:00,23.62363884080891,24.551191844957064,23.52701827548914,24.029443740844727,25140300,0.0,0.0
2019-04-18 00:00:00-04:00,24.068084348803247,24.38693083806491,23.932816699687237,24.010112762451172,14936700,0.0,0.0
2019-04-22 00:00:00-04:00,23.865182487359213,24.135717781195474,23.691265888245344,24.000450134277344,9349400,0.0,0.0
2019-04-23 00:00:00-04:00,24.010109779162665,24.348280702818,23.913489251992104,24.270984649658203,11051200,0.0,0.0
2019-04-24 00:00:00-04:00,24.464229566490758,24.870034400939435,24.396595734563263,24.609159469604492,15549900,0.0,0.0
2019-04-25 00:00:00-04:00,24.5608474561609,24.667130233612536,24.174367142087,24.541522979736328,13981700,0.0,0.0
2019-04-26 00:00:00-04:00,24.048760236440856,24.280648428242976,23.91349258527717,24.213014602661133,18043000,0.0,0.0
2019-04-29 00:00:00-04:00,24.203355407483308,24.493217065843947,23.96180494695799,24.290313720703125,9213800,0.0,0.0
2019-04-30 00:00:00-04:00,24.174367904663086,24.473889927158286,24.019775774156944,24.174367904663086,16850200,0.0,0.0
2019-05-01 00:00:00-04:00,24.309637870571333,24.47389225521913,23.82653695606414,23.845861434936523,9213600,0.0,0.0
2019-05-02 00:00:00-04:00,23.807207869982474,24.14537881327087,23.623630884872146,23.874841690063477,8839100,0.0,0.0
2019-05-03 00:00:00-04:00,23.971465335847764,24.077748119996322,23.584984997421582,23.85552215576172,8489100,0.0,0.0
2019-05-06 00:00:00-04:00,22.83134473027646,23.66227875907596,22.754048670124185,23.604307174682617,8585500,0.0,0.0
2019-05-07 00:00:00-04:00,23.38208581545758,23.556000602728357,22.68641929483926,23.043914794921875,14175000,0.0,0.0
2019-05-08 00:00:00-04:00,22.90864377157828,23.314448600906797,22.869996657914633,23.05357551574707,7784400,0.0,0.0
2019-05-09 00:00:00-04:00,22.763719221440198,22.763719221440198,22.06805442600911,22.609127044677734,9471000,0.0,0.0
2019-05-10 00:00:00-04:00,22.57047081889901,22.898979522747485,22.145341582821565,22.71540069580078,7448600,0.0,0.0
2019-05-13 00:00:00-04:00,22.145344506083553,22.203316095920037,21.285425525788522,21.391706466674805,14438800,0.0,0.0
2019-05-14 00:00:00-04:00,21.729871844003522,22.183985892465113,21.565617512792624,22.116352081298828,10021200,0.0,0.0
2019-05-15 00:00:00-04:00,21.73953825484869,22.473851768158486,21.691228906991313,22.319259643554688,7282300,0.0,0.0
2019-05-16 00:00:00-04:00,21.84582103159511,22.493176244454837,21.594608368393065,22.319259643554688,9764700,0.0,0.0
2019-05-17 00:00:00-04:00,21.845817957303357,22.667087812605068,21.758859669090644,21.855480194091797,11575700,0.0,0.0
2019-05-20 00:00:00-04:00,21.31441814667077,21.575293160083724,20.840979331338538,21.005233764648438,17319300,0.0,0.0
2019-05-21 00:00:00-04:00,21.5656272726619,21.855488963977276,21.188809101124285,21.64292335510254,15333800,0.0,0.0
2019-05-22 00:00:00-04:00,21.37238237950092,21.865143623948004,21.275761841084112,21.836158752441406,10739400,0.0,0.0
2019-05-23 00:00:00-04:00,21.526975247328693,21.575284596763893,21.034212142978706,21.37238311767578,9991500,0.0,0.0
2019-05-24 00:00:00-04:00,21.449679146167103,21.652580624911508,21.169479759843632,21.179141998291016,4942700,0.0,0.0
2019-05-28 00:00:00-04:00,21.208127508087244,21.33373291499627,20.580094944891787,20.618743896484375,12785400,0.0,0.0
2019-05-29 00:00:00-04:00,21.275758743286133,21.459335712377012,20.802320201149325,21.275758743286133,14232200,0.0,0.0
2019-05-30 00:00:00-04:00,21.35306129345086,21.91345829378198,21.32407457445857,21.440019607543945,12816600,0.0,0.0
2019-05-31 00:00:00-04:00,21.507655675624505,21.874811606566062,21.053541421560272,21.546302795410156,19941300,0.0,0.0
2019-06-03 00:00:00-04:00,21.536636721044335,22.07770915561649,21.469001054199765,21.594608306884766,10711000,0.0,0.0
2019-06-04 00:00:00-04:00,21.932781935680215,22.667093693276485,21.72987859624894,22.628446578979492,15107700,0.0,0.0
2019-06-05 00:00:00-04:00,22.783038730251114,23.092223016274758,22.077711847399204,22.38689613342285,10973900,0.0,0.0
2019-06-06 00:00:00-04:00,22.502841910501044,22.937631636100217,22.290276324627705,22.88932228088379,8467200,0.0,0.0
2019-06-07 00:00:00-04:00,23.04391474059588,23.362761280832995,22.763715316477676,23.237154006958008,12180400,0.0,0.0
2019-06-10 00:00:00-04:00,23.35310283213925,24.010120498772665,23.324116108181624,23.623640060424805,14926700,0.0,0.0
2019-06-11 00:00:00-04:00,24.068083168990114,24.222675286939904,23.50768628070127,23.83619499206543,11312700,0.0,0.0
2019-06-12 00:00:00-04:00,23.652613734445683,23.729909785490932,23.0922169036468,23.246809005737305,7899700,0.0,0.0
2019-06-13 00:00:00-04:00,23.56566318764352,23.64295926407943,23.36276167808069,23.4400577545166,8078600,0.0,0.0
2019-06-14 00:00:00-04:00,22.82168992936889,23.188845844369155,22.63811105042681,23.02459144592285,5691300,0.0,0.0
2019-06-17 00:00:00-04:00,22.966613724370312,23.208164137517958,22.831344239846917,22.918302536010742,5066400,0.0,0.0
2019-06-18 00:00:00-04:00,23.159854169068755,23.768562274278313,23.111544821047964,23.720251083374023,8869000,0.0,0.0
2019-06-19 00:00:00-04:00,23.72025338351603,23.855522888281563,23.420731342398916,23.488365173339844,5964200,0.0,0.0
2019-06-20 00:00:00-04:00,24.02943798409595,24.07774733374033,23.227490616967764,23.304786682128906,8621500,0.0,0.0
2019-06-21 00:00:00-04:00,23.188839694623688,23.324107336452972,22.927964805767154,23.159852981567383,11021400,0.0,0.0
2019-06-24 00:00:00-04:00,23.111545960487657,23.3241096822958,22.94729158908204,22.97627830505371,6229800,0.0,0.0
2019-06-25 00:00:00-04:00,22.97627942704601,23.179180920105143,22.609121711676607,22.618783950805664,6013700,0.0,0.0
2019-06-26 00:00:00-04:00,23.014924593730488,23.382082278040176,22.869994704822357,22.908641815185547,10674000,0.0,0.0
2019-06-27 00:00:00-04:00,23.169519806421693,23.52701530002717,23.01492765861494,23.082561492919922,6706200,0.0,0.0
2019-06-28 00:00:00-04:00,23.314445137933337,23.42072790976826,22.94728931968704,23.063234329223633,14472400,0.0,0.0
2019-07-01 00:00:00-04:00,24.09706984463165,24.135716952617162,23.188839770929555,23.44971466064453,14277800,0.0,0.0
2019-07-02 00:00:00-04:00,23.411066071945502,23.42072830981221,23.13086854534481,23.21782684326172,6300500,0.0,0.0
2019-07-03 00:00:00-04:00,23.623635061542178,23.81687431838364,23.304788537014243,23.739578247070312,7971000,0.0,0.0
2019-07-05 00:00:00-04:00,23.633287003092608,23.700922653818267,23.237144548971848,23.478694915771484,5074000,0.0,0.0
2019-07-08 00:00:00-04:00,23.237147924320887,23.430388982983352,23.08255581454424,23.324106216430664,4879600,0.0,0.0
2019-07-09 00:00:00-04:00,23.198503503051615,23.83619649040051,23.18884126471196,23.72991371154785,6013300,0.0,0.0
2019-07-10 00:00:00-04:00,24.02943914761827,24.43524397008451,23.913494122820637,24.251665115356445,7479500,0.0,0.0
2019-07-11 00:00:00-04:00,24.319459170787095,24.35819888494995,23.932050945362587,24.10638427734375,6004300,0.06,0.0
2019-07-12 00:00:00-04:00,24.203234794842558,24.61001192783568,24.135438913893573,24.600326538085938,5473500,0.0,0.0
2019-07-15 00:00:00-04:00,24.745610863303536,25.35577766332567,24.745610863303536,25.191129684448242,9393100,0.0,0.0
2019-07-16 00:00:00-04:00,25.171755579873807,25.31703275447826,24.78434916516211,24.919940948486328,6720000,0.0,0.0
2019-07-17 00:00:00-04:00,25.191128834192394,25.452628882518535,24.881203672013118,25.278295516967773,10488500,0.0,0.0
2019-07-18 00:00:00-04:00,25.268609674697895,25.81097869885192,25.22986810646564,25.55916404724121,9968900,0.0,0.0
2019-07-19 00:00:00-04:00,25.762551875047475,25.77223726646236,25.03616414462677,25.103960037231445,7402000,0.0,0.0
2019-07-22 00:00:00-04:00,24.794034094482203,25.210496675275103,24.735923595183035,25.036163330078125,7107900,0.0,0.0
2019-07-23 00:00:00-04:00,25.26861096171658,25.685073604926966,25.1620734909512,25.66570281982422,6782400,0.0,0.0
2019-07-24 00:00:00-04:00,25.665701140162046,26.421145084032414,25.57853446020394,26.314607620239258,15198100,0.0,0.0
2019-07-25 00:00:00-04:00,26.101527416986947,26.527673461267373,25.95624842516954,26.35334014892578,15639200,0.0,0.0
2019-07-26 00:00:00-04:00,26.58578918401605,26.769806061777214,26.401770458955536,26.469566345214844,7531500,0.0,0.0
2019-07-29 00:00:00-04:00,26.46957150750904,26.54705279938771,26.159646339994364,26.421146392822266,4842600,0.0,0.0
2019-07-30 00:00:00-04:00,26.14995422576377,26.227435497725917,25.840029137915188,26.0240478515625,7175400,0.0,0.0
2019-07-31 00:00:00-04:00,26.053104472322065,26.159641923405683,25.191125014789254,25.43325424194336,9769100,0.0,0.0
2019-08-01 00:00:00-04:00,25.53010670144065,25.94656927422522,24.493793888585717,24.842458724975586,11023000,0.0,0.0
2019-08-02 00:00:00-04:00,24.38726060765225,24.64876066515283,24.106389765010945,24.24198341369629,8322000,0.0,0.0
2019-08-05 00:00:00-04:00,23.670553122713823,23.72866361841306,22.944165460925667,23.195980072021484,10797900,0.0,0.0
2019-08-06 00:00:00-04:00,23.68024232854992,23.951425917038733,23.30251942739819,23.505908966064453,10110300,0.0,0.0
2019-08-07 00:00:00-04:00,23.263779047595918,24.028906525690918,23.205666696880147,23.92237091064453,10635900,0.0,0.0
2019-08-08 00:00:00-04:00,24.23229616902584,24.571277493880878,23.912685627830996,24.56159210205078,9301900,0.0,0.0
2019-08-09 00:00:00-04:00,24.28071942764431,24.484108945953416,23.93205273757125,23.94173812866211,7308600,0.0,0.0
2019-08-12 00:00:00-04:00,23.815833819009853,24.057963075529027,23.06038987364217,23.166927337646484,10196000,0.0,0.0
2019-08-13 00:00:00-04:00,23.128179403567007,24.551900222273808,23.04101459472901,24.3485107421875,11852600,0.0,0.0
2019-08-14 00:00:00-04:00,23.709295985952572,24.067648092834762,23.51559369213213,23.92237091064453,5921800,0.0,0.0
2019-08-15 00:00:00-04:00,24.164500501491382,24.241981789563553,23.263779373090113,23.321889877319336,8571000,0.0,0.0
2019-08-16 00:00:00-04:00,23.680246282136913,24.338836426494417,23.651190101104984,24.15481948852539,5817500,0.0,0.0
2019-08-19 00:00:00-04:00,24.774664836326608,24.881202297678424,24.338831446523336,24.377573013305664,4654800,0.0,0.0
2019-08-20 00:00:00-04:00,24.37757197393191,24.41631169176293,24.106386559916757,24.13544273376465,3621400,0.0,0.0
2019-08-21 00:00:00-04:00,24.406623065749756,24.45504816478017,23.922364686249157,24.038585662841797,9520100,0.0,0.0
2019-08-22 00:00:00-04:00,24.271036915858524,24.31946387705777,23.83520534886339,24.019222259521484,6231600,0.0,0.0
2019-08-23 00:00:00-04:00,23.77709057695742,24.164498837947765,22.886054901818717,23.031333923339844,8097000,0.0,0.0
2019-08-26 00:00:00-04:00,23.234717491943304,23.40905080912232,22.77951526720856,22.856996536254883,7864800,0.0,0.0
2019-08-27 00:00:00-04:00,23.18629129047119,23.18629129047119,22.450218345835697,22.76982879638672,9612200,0.0,0.0
2019-08-28 00:00:00-04:00,22.721406472895623,22.88605442620499,22.488962629511718,22.837629318237305,7777800,0.0,0.0
2019-08-29 00:00:00-04:00,23.27346997602593,23.757728596729173,23.166932488335203,23.43811798095703,9722300,0.0,0.0
2019-08-30 00:00:00-04:00,23.3412593453179,24.087017855533297,22.80857390346425,23.215351104736328,16596400,0.0,0.0
2019-09-03 00:00:00-04:00,22.92479447989826,23.089442422358932,22.488961147708444,22.556758880615234,10935700,0.0,0.0
2019-09-04 00:00:00-04:00,22.789207569963125,23.370316340442983,22.789207569963125,23.273466110229492,9810400,0.0,0.0
2019-09-05 00:00:00-04:00,23.748037642094175,24.271035869398904,23.748037642094175,24.087018966674805,9064300,0.0,0.0
2019-09-06 00:00:00-04:00,24.193558290094913,24.27103958924838,23.864262306867687,24.07733726501465,7003900,0.0,0.0
2019-09-09 00:00:00-04:00,24.20323575244518,24.38725447037257,23.98047732128529,24.212921142578125,6396700,0.0,0.0
2019-09-10 00:00:00-04:00,24.22260808162841,24.22260808162841,23.748035018563165,24.02890396118164,6631100,0.0,0.0
2019-09-11 00:00:00-04:00,24.154810967224705,25.278290375253828,24.077329692439918,25.1717529296875,8264000,0.0,0.0
2019-09-12 00:00:00-04:00,25.336404458084864,25.694756559282435,25.06521903427861,25.152385711669922,8367300,0.0,0.0
2019-09-13 00:00:00-04:00,25.191126019059755,25.278292692094176,25.016792672990913,25.045848846435547,4544200,0.0,0.0
2019-09-16 00:00:00-04:00,24.929622400380328,24.93930779013007,24.52284526738721,24.600326538085938,7503800,0.0,0.0
2019-09-17 00:00:00-04:00,24.45505279518802,25.07490304717775,24.396942295888852,25.036163330078125,6973200,0.0,0.0
2019-09-18 00:00:00-04:00,25.113643808546623,25.13301459012677,24.48410818558706,24.813404083251953,6205300,0.0,0.0
2019-09-19 00:00:00-04:00,24.900576438890923,25.162076527435858,24.745613833967987,24.803726196289062,5126800,0.0,0.0
2019-09-20 00:00:00-04:00,24.832775278354806,24.90057117275818,23.941739564839914,24.05796241760254,11175500,0.0,0.0
2019-09-23 00:00:00-04:00,24.028906704568865,24.455054709825557,24.009537768152352,24.251667022705078,5793300,0.0,0.0
2019-09-24 00:00:00-04:00,24.406632537694097,24.464743048542463,23.38000304467391,23.54465103149414,8556500,0.0,0.0
2019-09-25 00:00:00-04:00,23.602759144316472,24.20323862544356,23.418740404545492,24.13544273376465,8411400,0.0,0.0
2019-09-26 00:00:00-04:00,24.145125133025374,24.338827392776235,23.77708769908997,24.203235626220703,5347900,0.0,0.0
2019-09-27 00:00:00-04:00,24.096699278419017,24.416309776476645,23.748034456092103,23.980478286743164,4192100,0.0,0.0
2019-09-30 00:00:00-04:00,24.193557615937177,24.22261379504753,23.815836524001757,24.18387222290039,5087700,0.0,0.0
2019-10-01 00:00:00-04:00,24.358195821533172,24.474418644003585,23.070068621706618,23.244401931762695,10818000,0.0,0.0
2019-10-02 00:00:00-04:00,23.002282060372234,23.35094882168646,22.769838168596035,23.234725952148438,8551600,0.0,0.0
2019-10-03 00:00:00-04:00,23.27346659352699,23.48653969064097,22.944170631523715,23.157243728637695,11445800,0.0,0.0
2019-10-04 00:00:00-04:00,23.68992214116693,23.72866370330459,23.40905320486634,23.67055320739746,7506900,0.0,0.0
2019-10-07 00:00:00-04:00,23.631814485176317,23.97079580541995,23.631814485176317,23.748037338256836,6130700,0.0,0.0
2019-10-08 00:00:00-04:00,23.428427479091106,23.525279551576446,22.217781191273456,22.227466583251953,11466400,0.0,0.0
2019-10-09 00:00:00-04:00,22.557621496053688,22.936334445429104,22.39254196738789,22.625595092773438,5273400,0.06,0.0
2019-10-10 00:00:00-04:00,22.703281906363273,23.02373021970407,22.450809049184777,22.615888595581055,6683100,0.0,0.0
2019-10-11 00:00:00-04:00,23.07228478469825,23.596653925276335,23.052863225232656,23.344181060791016,6753000,0.0,0.0
2019-10-14 00:00:00-04:00,23.305335516513992,23.39273067287225,23.081993162328065,23.3538875579834,3563000,0.0,0.0
2019-10-15 00:00:00-04:00,23.51896580039798,23.868546406633268,23.373307831847125,23.693756103515625,3711200,0.0,0.0
2019-10-16 00:00:00-04:00,23.596650931975482,23.732599978847276,23.072281857915076,23.091703414916992,4189500,0.0,0.0
2019-10-17 00:00:00-04:00,23.402440331926186,23.489835484103104,22.88778019712228,22.946043014526367,6905700,0.0,0.0
2019-10-18 00:00:00-04:00,22.897494351269177,23.043152342325254,22.538202911331798,22.994600296020508,5877200,0.0,0.0
2019-10-21 00:00:00-04:00,23.305336971006554,23.383021353490907,23.023729926912175,23.324758529663086,3657000,0.0,0.0
2019-10-22 00:00:00-04:00,23.431575327719628,23.480129228359658,23.111126992063138,23.40244483947754,7211500,0.0,0.0
2019-10-23 00:00:00-04:00,23.130548392449096,23.237365120976957,22.625598942134374,22.66444206237793,5883000,0.0,0.0
2019-10-24 00:00:00-04:00,23.072281116556493,23.73259921627135,23.043148781989697,23.693756103515625,8473700,0.0,0.0
2019-10-25 00:00:00-04:00,23.79086642795139,24.23755119430522,23.625786872528906,24.03363037109375,5645600,0.0,0.0
2019-10-28 00:00:00-04:00,24.460891682706492,24.557997615517134,24.29581215257088,24.422048568725586,4754800,0.0,0.0
2019-10-29 00:00:00-04:00,24.392919847333797,24.606551433234984,23.94623326499636,23.99478530883789,4758700,0.0,0.0
2019-10-30 00:00:00-04:00,24.01420437518412,24.15986234373497,23.54809813496477,23.693756103515625,4731100,0.0,0.0
2019-10-31 00:00:00-04:00,23.693752753744754,23.790858669763885,23.21793580260643,23.68404197692871,4440300,0.0,0.0
2019-11-01 00:00:00-04:00,23.839413417072475,24.61625898156892,23.67433389667936,24.412336349487305,6331800,0.0,0.0
2019-11-04 00:00:00-05:00,25.567894606532356,26.043711641909344,25.169761947295655,26.024290084838867,10065600,0.0,0.0
2019-11-05 00:00:00-05:00,26.208791306660636,26.674897565884343,26.03400099641634,26.25734519958496,8704800,0.0,0.0
2019-11-06 00:00:00-05:00,26.179657840082616,26.267052991429754,25.68442111863757,25.888341903686523,4833900,0.0,0.0
2019-11-07 00:00:00-05:00,26.296186353922106,26.393292287230814,25.95631651341244,26.101974487304688,4166400,0.0,0.0
2019-11-08 00:00:00-05:00,26.315610380971975,26.364162426112568,25.78152862371645,26.28647804260254,6350800,0.0,0.0
2019-11-11 00:00:00-05:00,26.21850061594266,26.31560654420779,25.956315165269267,26.16994857788086,3843400,0.0,0.0
2019-11-12 00:00:00-05:00,26.48069203744849,27.5585627130179,26.46127047698801,27.257535934448242,15682300,0.0,0.0
2019-11-13 00:00:00-05:00,26.975926980012066,27.548849969249357,26.830267148875166,27.296375274658203,8647400,0.0,0.0
2019-11-14 00:00:00-05:00,26.878826517234906,26.878826517234906,25.917481437516404,26.208797454833984,13231600,0.0,0.0
2019-11-15 00:00:00-05:00,26.56808943223925,26.64577382844466,26.043718368746166,26.082561492919922,7504200,0.0,0.0
2019-11-18 00:00:00-05:00,26.12139778033441,26.189371382525312,25.334843187331206,25.363975524902344,10848000,0.0,0.0
2019-11-19 00:00:00-05:00,25.393106073081427,25.72326515780318,25.014394944429547,25.597028732299805,7040200,0.0,0.0
2019-11-20 00:00:00-05:00,25.43194585090761,25.927184412968984,25.169760402967793,25.626155853271484,5500700,0.0,0.0
2019-11-21 00:00:00-05:00,25.4707913124124,25.762109142228862,25.23773815984432,25.38339614868164,4586800,0.0,0.0
2019-11-22 00:00:00-05:00,25.538760546644102,25.63586647329864,25.169760247926657,25.237733840942383,3543800,0.0,0.0
2019-11-25 00:00:00-05:00,25.51934255429118,26.10197444900528,25.422236621124952,25.907764434814453,6137900,0.0,0.0
2019-11-26 00:00:00-05:00,25.800946226307573,25.88834137587289,25.41252436831811,25.74268341064453,9175100,0.0,0.0
2019-11-27 00:00:00-05:00,25.907764434814453,26.10197444900528,25.849501615771366,25.907764434814453,3655500,0.0,0.0
2019-11-29 00:00:00-05:00,25.89805693578482,25.89805693578482,25.567897832496197,25.606740951538086,3318800,0.0,0.0
2019-12-02 00:00:00-05:00,25.674710474863637,25.684421253079876,25.033813929724285,25.062944412231445,7099500,0.0,0.0
2019-12-03 00:00:00-05:00,24.218129204895867,24.645392371031868,23.810285744753887,24.431760787963867,11868000,0.0,0.0
2019-12-04 00:00:00-05:00,23.936519821910895,24.169572940268978,23.014018126594515,23.227649688720703,26761300,0.0,0.0
2019-12-05 00:00:00-05:00,23.3344676901376,23.499547222982,22.712990821236644,22.771255493164062,11018900,0.0,0.0
2019-12-06 00:00:00-05:00,23.21793853747529,23.664625062922525,23.014017756742206,23.470413208007812,10506200,0.0,0.0
2019-12-09 00:00:00-05:00,23.34417897180856,23.412152571713587,22.780964910557337,22.839229583740234,8961900,0.0,0.0
2019-12-10 00:00:00-05:00,23.043152342325254,23.392733002573312,22.88778357157986,22.994600296020508,8198700,0.0,0.0
2019-12-11 00:00:00-05:00,23.30533902890095,24.13073682326958,23.188811518813992,24.062763214111328,11807400,0.0,0.0
2019-12-12 00:00:00-05:00,24.12102754456002,25.00468822290692,24.12102754456002,24.888160705566406,12093800,0.0,0.0
2019-12-13 00:00:00-05:00,24.975549697875977,25.626157032627017,24.829891726364288,24.975549697875977,11553900,0.0,0.0
2019-12-16 00:00:00-05:00,25.373683900111683,25.480500616741,25.004683559611227,25.179473876953125,7850500,0.0,0.0
2019-12-17 00:00:00-05:00,25.373683853927275,25.373683853927275,24.868736312920753,25.024105072021484,7206500,0.0,0.0
2019-12-18 00:00:00-05:00,25.12121045127328,25.198894829097416,24.75220826750241,24.839603424072266,7694000,0.0,0.0
2019-12-19 00:00:00-05:00,24.95613340504871,25.344555332895702,24.90757950647918,25.296001434326172,7764600,0.0,0.0
2019-12-20 00:00:00-05:00,25.461083367074465,25.490215708941527,25.004687790675977,25.208608627319336,8702700,0.0,0.0
2019-12-23 00:00:00-05:00,25.325137185919473,25.91748186329065,25.325137185919473,25.732980728149414,6327500,0.0,0.0
2019-12-24 00:00:00-05:00,25.88869665425943,25.898429469608388,25.557788357773777,25.84003257751465,3475700,0.06,0.0
2019-12-26 00:00:00-05:00,25.888692053359122,26.229333104655502,25.801098587130213,26.209867477416992,4382900,0.0,0.0
2019-12-27 00:00:00-05:00,26.307194177410214,26.375322017488664,25.91788905180007,25.976285934448242,5141400,0.0,0.0
2019-12-30 00:00:00-05:00,25.88869709532363,25.96655776309707,25.45072967888255,25.703777313232422,5835100,0.0,0.0
2019-12-31 00:00:00-05:00,25.58698718463398,25.908162670550755,25.538323107164924,25.84976577758789,3870700,0.0,0.0
2020-01-02 00:00:00-05:00,26.27800275931635,26.65757331625388,26.102815777239055,26.64784049987793,6503200,0.0,0.0
2020-01-03 00:00:00-05:00,25.89842831585146,26.33639384897514,25.762170763380965,25.956823348999023,9732300,0.0,0.0
2020-01-06 00:00:00-05:00,25.58698630725595,25.59671726607134,24.905704096808325,24.993297576904297,10432100,0.0,0.0
2020-01-07 00:00:00-05:00,25.178216065989442,25.684309434045904,25.10035540503117,25.548053741455078,7493800,0.0,0.0
2020-01-08 00:00:00-05:00,25.53832671393703,25.723246521746127,25.217151182660704,25.35340690612793,7860800,0.0,0.0
2020-01-09 00:00:00-05:00,25.762175941673313,25.762175941673313,25.178221780131466,25.402070999145508,8521300,0.0,0.0
2020-01-10 00:00:00-05:00,25.49939712787482,25.888700518214016,25.34367577173914,25.79137420654297,7200900,0.0,0.0
2020-01-13 00:00:00-05:00,26.015218191241463,26.803559486499413,25.937357528834525,26.784093856811523,11619100,0.0,0.0
2020-01-14 00:00:00-05:00,26.87168886171473,27.17339871365071,26.57970996883128,26.774362564086914,11438200,0.0,0.0
2020-01-15 00:00:00-05:00,26.618643783795594,26.657573192774162,25.908164898746364,26.005489349365234,11387900,0.0,0.0
2020-01-16 00:00:00-05:00,26.394787804096236,27.601628874264765,26.35585654876285,27.494569778442383,23666400,0.0,0.0
2020-01-17 00:00:00-05:00,27.73788985915144,28.088263798771052,27.484842220131142,27.72815704345703,11551200,0.0,0.0
2020-01-21 00:00:00-05:00,27.436179160342398,27.543236417022744,26.501849301997975,26.774362564086914,16252500,0.0,0.0
2020-01-22 00:00:00-05:00,26.939815506657677,27.387513856812955,26.871687658272712,27.037141799926758,7084300,0.0,0.0
2020-01-23 00:00:00-05:00,27.066336051692957,27.290187063789052,26.657567140329608,27.270721435546875,6735100,0.0,0.0
2020-01-24 00:00:00-05:00,27.552973226068318,27.58217167649223,26.239072658512118,26.579713821411133,7317200,0.0,0.0
2020-01-27 00:00:00-05:00,25.557789373523825,25.703777896870797,25.149020394345424,25.178218841552734,8398100,0.0,0.0
2020-01-28 00:00:00-05:00,25.48966172597861,25.88869789265021,25.36313697673456,25.625917434692383,6130600,0.0,0.0
2020-01-29 00:00:00-05:00,25.411797919272203,25.489658579833407,24.37041088813686,24.4190731048584,17658200,0.0,0.0
2020-01-30 00:00:00-05:00,24.25362322306806,24.54560028729753,23.523678706149497,24.136831283569336,17019000,0.0,0.0
2020-01-31 00:00:00-05:00,24.12709634352656,24.12709634352656,23.270627212074295,23.397151947021484,10871000,0.0,0.0
2020-02-03 00:00:00-05:00,23.65993119777013,23.84485096996678,23.46528046692413,23.562604904174805,9256100,0.0,0.0
2020-02-04 00:00:00-05:00,24.185490047205285,24.506665489774804,23.854581790455537,24.097896575927734,10544100,0.0,0.0
2020-02-05 00:00:00-05:00,24.652660539041456,25.353406639078326,24.350950644679813,25.149023056030273,10777700,0.0,0.0
2020-02-06 00:00:00-05:00,25.20741468171905,25.30474097983351,24.788912899268183,25.061426162719727,4263900,0.0,0.0
2020-02-07 00:00:00-05:00,23.582072928160816,23.805922126713465,23.22196801854913,23.377689361572266,20910400,0.0,0.0
2020-02-10 00:00:00-05:00,23.144104650772785,23.504209518432617,22.83266014466465,23.504209518432617,13403400,0.0,0.0
2020-02-11 00:00:00-05:00,23.951907580640786,25.090620827358375,23.93244195268284,24.81810760498047,19616800,0.0,0.0
2020-02-12 00:00:00-05:00,24.954366349611142,25.10035672086264,24.574795839584493,24.79864501953125,9362400,0.0,0.0
2020-02-13 00:00:00-05:00,24.448274538419994,24.837577888833014,24.11736622648273,24.54559898376465,6782600,0.0,0.0
2020-02-14 00:00:00-05:00,24.672118033111616,24.808373710192186,24.08816221422516,24.44826889038086,5264500,0.0,0.0
2020-02-18 00:00:00-05:00,24.049235560162877,24.302283191961646,23.903247041602555,24.127098083496094,6081400,0.0,0.0
2020-02-19 00:00:00-05:00,24.467737930479217,24.837577499837924,24.36068067100782,24.535865783691406,6274800,0.0,0.0
2020-02-20 00:00:00-05:00,24.487200533796532,24.80837598518505,24.07843160872527,24.4580020904541,5778000,0.0,0.0
2020-02-21 00:00:00-05:00,24.302282893322094,24.312015708619146,23.58207126844275,23.776723861694336,6709900,0.0,0.0
2020-02-24 00:00:00-05:00,22.31683459991741,22.79373140325383,21.869134385628424,22.346031188964844,13623000,0.0,0.0
2020-02-25 00:00:00-05:00,22.73533804190351,22.822931528181154,21.946996665404715,22.044322967529297,12658300,0.0,0.0
2020-02-26 00:00:00-05:00,22.209777640182214,22.725605753984095,21.58689226226663,21.7620792388916,11222100,0.0,0.0
2020-02-27 00:00:00-05:00,21.032136989789215,21.129461448238203,19.990749691086613,20.00048065185547,20046800,0.0,0.0
2020-02-28 00:00:00-05:00,19.066152165631834,20.76935614878484,18.97855866941922,20.730424880981445,23321800,0.0,0.0
2020-03-02 00:00:00-05:00,21.022402025555245,21.411705388624906,20.23406248329607,21.372774124145508,13312400,0.0,0.0
2020-03-03 00:00:00-05:00,21.528499163845815,22.112453330136542,20.691495469523076,20.730424880981445,12016700,0.0,0.0
2020-03-04 00:00:00-05:00,21.19758991303323,21.99566230567342,21.13919301380716,21.985929489135742,10687000,0.0,0.0
2020-03-05 00:00:00-05:00,23.796189354297184,25.110087853919794,23.67939742775455,24.26335334777832,30864700,0.0,0.0
2020-03-06 00:00:00-05:00,23.854585009039354,24.01030634424473,22.65747654851877,23.445816040039062,14684700,0.0,0.0
2020-03-09 00:00:00-04:00,21.557692308503604,22.891058315872638,21.411703790293277,21.62582015991211,13199100,0.0,0.0
2020-03-10 00:00:00-04:00,22.50175240882375,22.59907683893859,21.655016129875246,22.589344024658203,14173500,0.0,0.0
2020-03-11 00:00:00-04:00,22.083256829213894,22.29737323400488,21.255985948336175,21.42144012451172,10320600,0.0,0.0
2020-03-12 00:00:00-04:00,19.95181331229919,20.720688960257583,19.0077525701964,19.036949157714844,13800400,0.0,0.0
2020-03-13 00:00:00-04:00,20.282727858895363,20.438449228317793,18.44326802237721,20.224332809448242,12543800,0.0,0.0
2020-03-16 00:00:00-04:00,18.122086475669278,18.696307675390727,17.246151741775716,17.26561737060547,9805500,0.0,0.0
2020-03-17 00:00:00-04:00,17.645188750558443,18.637913595347406,16.72059361014666,18.31673812866211,11453700,0.0,0.0
2020-03-18 00:00:00-04:00,16.84711228845117,18.024756610073382,16.010110834700754,16.78871726989746,10930700,0.0,0.0
2020-03-19 00:00:00-04:00,16.866582829706754,18.99802111980489,16.4383482373542,18.336204528808594,10526400,0.0,0.0
2020-03-20 00:00:00-04:00,18.550324059470153,19.299734259768403,17.9371714405366,18.170753479003906,12976100,0.0,0.0
2020-03-23 00:00:00-04:00,18.199945755364077,18.59898183441047,17.343476715207622,18.452991485595703,9422000,0.0,0.0
2020-03-24 00:00:00-04:00,19.659832347914413,21.4700928076796,19.59170265925972,21.275442123413086,13566500,0.0,0.0
2020-03-25 00:00:00-04:00,21.421436041231576,22.48228875866839,20.876411387980223,21.02239990234375,11585600,0.0,0.0
2020-03-26 00:00:00-04:00,21.44090054597676,22.618543270546805,20.9445381381213,22.560148239135742,9346200,0.0,0.0
2020-03-27 00:00:00-04:00,21.849672341485753,22.540685563369102,21.30464578908627,21.75234603881836,10962300,0.0,0.0
2020-03-30 00:00:00-04:00,22.06379051781569,22.43362827043517,21.606359271301727,22.092988967895508,7438200,0.0,0.0
2020-03-31 00:00:00-04:00,22.044316471294472,22.94944765853401,21.63554760790708,22.024850845336914,14404300,0.0,0.0
2020-04-01 00:00:00-04:00,21.217046371442756,22.054049741529045,20.808277499580186,21.061325073242188,8253400,0.0,0.0
2020-04-02 00:00:00-04:00,20.778303956994424,22.281289683127945,20.778303956994424,22.105615615844727,9597300,0.06,0.0
2020-04-03 00:00:00-04:00,21.91042322699586,22.33008677101123,21.617632500082426,21.89090347290039,7963400,0.0,0.0
2020-04-06 00:00:00-04:00,22.866869789111767,23.413409895935743,22.3984068404055,23.26701545715332,10362600,0.0,0.0
2020-04-07 00:00:00-04:00,23.911146682456028,24.096580586113035,22.974221012094837,23.296289443969727,8847000,0.0,0.0
2020-04-08 00:00:00-04:00,23.618363485464066,24.223460992579813,23.286535099688482,24.145383834838867,6998100,0.0,0.0
2020-04-09 00:00:00-04:00,24.486973138806455,24.682166972208407,23.30605398358672,23.696441650390625,9993500,0.0,0.0
2020-04-13 00:00:00-04:00,23.794031452093098,23.920907974243164,23.471963001143926,23.920907974243164,6679400,0.0,0.0
2020-04-14 00:00:00-04:00,24.496729803661065,25.082309365556547,24.252738474663456,24.91639518737793,9367900,0.0,0.0
2020-04-15 00:00:00-04:00,24.70168272041856,24.730962351337133,24.213700040812867,24.545528411865234,8106700,0.0,0.0
2020-04-16 00:00:00-04:00,24.6431210316574,25.24822026813098,24.26249520348398,25.170143127441406,12789200,0.0,0.0
2020-04-17 00:00:00-04:00,25.697161764958643,25.960672796476693,25.082304552922277,25.3360538482666,4888400,0.0,0.0
2020-04-20 00:00:00-04:00,25.03350952227905,25.980197052736226,24.82855770321476,25.59956932067871,9800600,0.0,0.0
2020-04-21 00:00:00-04:00,25.287256742790955,25.501968404419483,24.26249408576081,24.672399520874023,10118700,0.0,0.0
2020-04-22 00:00:00-04:00,25.619089947771567,26.02899546139616,25.228704187535325,26.009475708007812,9736700,0.0,0.0
2020-04-23 00:00:00-04:00,25.863080812744208,26.34130359307082,25.58980985476924,25.785003662109375,9032300,0.0,0.0
2020-04-24 00:00:00-04:00,25.833804472921873,26.546260657384746,25.501976075091587,26.477941513061523,8053800,0.0,0.0
2020-04-27 00:00:00-04:00,26.887840029685236,27.385582496074527,26.516974079447294,26.77072525024414,10696000,0.0,0.0
2020-04-28 00:00:00-04:00,27.258712486941555,27.27823224067697,26.175390354206172,26.23394775390625,10343200,0.0,0.0
2020-04-29 00:00:00-04:00,26.643849427285836,27.287986315487935,26.55601240966683,27.08303451538086,9784600,0.0,0.0
2020-04-30 00:00:00-04:00,26.96591754113685,26.975677416475648,26.087549237210034,26.097309112548828,7945800,0.0,0.0
2020-05-01 00:00:00-04:00,25.433647571384842,25.73619806395999,24.53575969012501,24.818790435791016,11143200,0.0,0.0
2020-05-04 00:00:00-04:00,24.467450522623192,25.101827614753624,24.428412877410587,25.08230972290039,6958500,0.0,0.0
2020-05-05 00:00:00-04:00,25.609323587779176,25.911872242680282,25.365332316712482,25.63860321044922,7724900,0.0,0.0
2020-05-06 00:00:00-04:00,26.04851130143406,26.52673401856681,25.93139466020492,25.960674285888672,7844100,0.0,0.0
2020-05-07 00:00:00-04:00,26.253470500776,26.36082729705427,25.60933344611915,25.804527282714844,7495900,0.0,0.0
2020-05-08 00:00:00-04:00,25.775242802183268,26.351062464210575,25.775242802183268,26.204668045043945,9201400,0.0,0.0
2020-05-11 00:00:00-04:00,25.90212015190755,26.097312096483805,25.541012169107024,25.706926345825195,9062000,0.0,0.0
2020-05-12 00:00:00-04:00,26.009476375690483,26.194910314627727,25.384859143278103,25.42389678955078,9157700,0.0,0.0
2020-05-13 00:00:00-04:00,25.619090077089286,25.785004258715446,24.799279045701937,25.16038703918457,8089500,0.0,0.0
2020-05-14 00:00:00-04:00,24.86759177749809,25.706922409006605,24.379609198529106,25.648365020751953,7684800,0.0,0.0
2020-05-15 00:00:00-04:00,25.01399000958833,25.785003495956918,24.8285579414668,25.706926345825195,5851900,0.0,0.0
2020-05-18 00:00:00-04:00,26.155868311695016,27.092795932441035,26.155868311695016,26.91712188720703,8690000,0.0,0.0
2020-05-19 00:00:00-04:00,27.083029820771255,27.649089468691116,26.69264417763783,26.7121639251709,7419500,0.0,0.0
2020-05-20 00:00:00-04:00,27.346544431038943,28.468904000990428,27.258707417072618,28.26395034790039,12493300,0.0,0.0
2020-05-21 00:00:00-04:00,28.127316161640262,28.810492531559632,28.127316161640262,28.40058708190918,11254900,0.0,0.0
2020-05-22 00:00:00-04:00,28.527463934150717,29.464391546187056,28.19563559879472,29.405832290649414,9105500,0.0,0.0
2020-05-26 00:00:00-04:00,31.152811611158977,31.230888758595224,29.561989034080685,29.669343948364258,14322700,0.0,0.0
2020-05-27 00:00:00-04:00,29.796219243467768,30.18660496449544,28.546983074673253,29.962133407592773,13027900,0.0,0.0
2020-05-28 00:00:00-04:00,29.796217591373317,30.332997695335575,28.976406691917827,29.249675750732422,16462000,0.0,0.0
2020-05-29 00:00:00-04:00,31.787189570594066,32.16781544248012,30.713627366690808,31.835987091064453,22872100,0.0,0.0
2020-06-01 00:00:00-04:00,31.572484254549103,32.36301769537297,31.182100265868524,32.18734359741211,12065200,0.0,0.0
2020-06-02 00:00:00-04:00,32.21661699818578,33.836719452605976,32.119021945020904,33.77816390991211,16181400,0.0,0.0
2020-06-03 00:00:00-04:00,34.402776295580914,35.99360075254336,34.383256543119835,35.09571075439453,21611600,0.0,0.0
2020-06-04 00:00:00-04:00,34.8419688669552,36.03264423752688,34.48086267675818,35.027400970458984,10832300,0.0,0.0
2020-06-05 00:00:00-04:00,35.466586187192064,35.85697387384655,34.900524413844344,35.027400970458984,9852800,0.0,0.0
2020-06-08 00:00:00-04:00,34.49061505081947,34.92980019570078,33.99287436862885,34.109989166259766,12326500,0.0,0.0
2020-06-09 00:00:00-04:00,33.534169855012415,34.76388455177513,33.426813071364016,34.32469940185547,9777100,0.0,0.0
2020-06-10 00:00:00-04:00,34.62724598713328,34.832197792345426,34.17830287390327,34.217342376708984,7960700,0.0,0.0
2020-06-11 00:00:00-04:00,33.16329034788867,33.68055060800143,32.4410783307136,32.5191535949707,9151500,0.0,0.0
2020-06-12 00:00:00-04:00,33.65128165231054,33.76839644083842,32.31421029116548,32.919307708740234,7836200,0.0,0.0
2020-06-15 00:00:00-04:00,32.2068512141586,33.651279246092784,31.884780914971376,33.56344223022461,7885300,0.0,0.0
2020-06-16 00:00:00-04:00,34.9005104251133,34.92979190983424,33.20233323175487,33.905029296875,8473400,0.0,0.0
2020-06-17 00:00:00-04:00,34.08070770739547,34.61749161999611,33.98311266311115,34.13926696777344,5785200,0.0,0.0
2020-06-18 00:00:00-04:00,34.353975655641605,34.353975655641605,33.485367226584145,33.661041259765625,6677300,0.0,0.0
2020-06-19 00:00:00-04:00,34.0904673153595,34.10998706759905,33.1047403038282,33.163299560546875,11803400,0.0,0.0
2020-06-22 00:00:00-04:00,33.309697361320914,34.051429365221516,32.95834925099506,33.875755310058594,8879700,0.0,0.0
2020-06-23 00:00:00-04:00,34.37349117522998,34.37349117522998,33.51464086572826,33.53416061401367,5971000,0.0,0.0
2020-06-24 00:00:00-04:00,33.270651749783134,33.70007507081841,32.75339141728478,32.82170867919922,5454200,0.0,0.0
2020-06-25 00:00:00-04:00,32.75339190571649,33.07545847054285,32.16781057955972,33.055938720703125,4459800,0.0,0.0
2020-06-26 00:00:00-04:00,33.13402405638653,33.29017836195456,32.25565376068364,32.43132781982422,8854000,0.0,0.0
2020-06-29 00:00:00-04:00,32.39228903068574,32.97787048180508,31.855508826085636,32.75339889526367,8120000,0.0,0.0
2020-06-30 00:00:00-04:00,32.81195005979849,34.29541765930851,32.81195005979849,34.217342376708984,8157600,0.0,0.0
2020-07-01 00:00:00-04:00,34.158781534378505,34.17830128487384,33.465847145346785,33.543922424316406,6006200,0.0,0.0
2020-07-02 00:00:00-04:00,33.99287829967649,34.53941656716578,33.846481993448876,34.17831039428711,6105300,0.0,0.0
2020-07-06 00:00:00-04:00,34.95906909114397,35.59344788640211,34.77363706504315,35.290897369384766,9304900,0.0,0.0
2020-07-07 00:00:00-04:00,35.29091120317337,35.45682726883737,34.55893710156744,34.58821487426758,6335300,0.0,0.0
2020-07-08 00:00:00-04:00,35.0566673063558,36.6962890985429,34.83219576281981,36.67677307128906,14213500,0.0,0.0
2020-07-09 00:00:00-04:00,36.97931722995268,37.33066526340776,36.081431120466526,37.20378875732422,12380300,0.0,0.0
2020-07-10 00:00:00-04:00,37.56546911323612,37.614343554572784,36.86166522556941,37.44816970825195,6042900,0.06,0.0
2020-07-13 00:00:00-04:00,38.17152232445709,38.513650888919685,35.79618781204502,35.845062255859375,10083200,0.0,0.0
2020-07-14 00:00:00-04:00,35.27811371831946,36.50976691543791,34.77958840085946,36.3924674987793,6579900,0.0,0.0
2020-07-15 00:00:00-04:00,35.97213864048481,36.656392037630106,35.31721289260871,36.216514587402344,5919000,0.0,0.0
2020-07-16 00:00:00-04:00,35.571363267635014,35.80596582418282,35.053287438396744,35.76686477661133,5983300,0.0,0.0
2020-07-17 00:00:00-04:00,35.82551326629633,36.15786468430321,35.63001177413685,35.69843673706055,4676000,0.0,0.0
2020-07-20 00:00:00-04:00,35.72776828424073,36.157872404602045,35.42474444912974,36.05034637451172,5860900,0.0,0.0
2020-07-21 00:00:00-04:00,36.372907276104144,36.44133222831704,35.121703888348094,35.5029296875,8055500,0.0,0.0
2020-07-22 00:00:00-04:00,35.59091221079287,35.65933717656359,34.86755777836974,35.19990921020508,6401600,0.0,0.0
2020-07-23 00:00:00-04:00,35.31721972070553,35.47362020781539,34.193088655997244,34.53521728515625,5533000,0.0,0.0
2020-07-24 00:00:00-04:00,33.99757934903382,34.720933767236644,33.50882747234786,34.202857971191406,8198900,0.0,0.0
2020-07-27 00:00:00-04:00,34.48633267058946,35.053286661161614,34.3788066565926,34.77958679199219,5437200,0.0,0.0
2020-07-28 00:00:00-04:00,34.672067119020014,34.7111644439938,34.09533962573706,34.19308853149414,4902500,0.0,0.0
2020-07-29 00:00:00-04:00,34.62318371154971,34.62318371154971,33.978031335833904,34.320159912109375,4415400,0.0,0.0
2020-07-30 00:00:00-04:00,33.8118563560787,35.23901099922496,33.64567877221589,35.13148498535156,7244100,0.0,0.0
2020-07-31 00:00:00-04:00,35.64956283569336,35.815736682770954,35.08260887273973,35.64956283569336,7346500,0.0,0.0
2020-08-03 00:00:00-04:00,36.17740642809728,36.744360303339626,36.07965756010115,36.5293083190918,9005400,0.0,0.0
2020-08-04 00:00:00-04:00,36.597735766978005,36.73458941193297,36.06010949859396,36.65638732910156,5930900,0.0,0.0
2020-08-05 00:00:00-04:00,36.754137222635215,36.96918922750258,36.06011049822952,36.92031478881836,5850300,0.0,0.0
2020-08-06 00:00:00-04:00,36.519546644535424,36.519546644535424,35.40519278466229,35.80596923828125,8897400,0.0,0.0
2020-08-07 00:00:00-04:00,35.85485740153456,35.92328240303924,34.54500151305754,35.26835632324219,10194800,0.0,0.0
2020-08-10 00:00:00-04:00,35.287887874668144,35.434514945304684,34.4374605600676,34.55475997924805,7321800,0.0,0.0
2020-08-11 00:00:00-04:00,34.61340310526882,34.672054664984756,33.821623829065516,33.90959930419922,6101900,0.0,0.0
2020-08-12 00:00:00-04:00,34.085559312038136,34.906662721851404,34.085559312038136,34.48633575439453,4920100,0.0,0.0
2020-08-13 00:00:00-04:00,34.45699486840779,34.45699486840779,33.645665256112174,33.919368743896484,10355600,0.0,0.0
2020-08-14 00:00:00-04:00,33.890060764581726,33.98781339866427,32.58998242677842,32.8148078918457,12303300,0.0,0.0
2020-08-17 00:00:00-04:00,32.93210506620397,33.18625816851342,32.57042966709747,33.02008056640625,6544400,0.0,0.0
2020-08-18 00:00:00-04:00,33.225351942014846,33.38175238268631,32.56064913694096,32.62907409667969,4501500,0.0,0.0
2020-08-19 00:00:00-04:00,32.71705626198494,32.932104581294006,32.27717876745054,32.36515426635742,4597900,0.0,0.0
2020-08-20 00:00:00-04:00,32.140328403038964,32.238077298831165,31.798199810003542,32.05235290527344,5098200,0.0,0.0
2020-08-21 00:00:00-04:00,32.179433717011285,32.7072868347168,31.94483481728591,32.7072868347168,7007800,0.0,0.0
2020-08-24 00:00:00-04:00,33.58703234914032,33.94870772380889,33.12760435369565,33.938934326171875,10632100,0.0,0.0
2020-08-25 00:00:00-04:00,33.93893670524683,34.48633650444019,33.782536229922805,34.417911529541016,9390200,0.0,0.0
2020-08-26 00:00:00-04:00,34.67205663693575,35.02395855748475,34.33970523740398,34.80890655517578,6609600,0.0,0.0
2020-08-27 00:00:00-04:00,35.14127773029818,35.77665324095017,34.54499955480189,35.102176666259766,13501600,0.0,0.0
2020-08-28 00:00:00-04:00,35.92326676611807,37.516599098062585,35.19013887293199,37.389522552490234,17859800,0.0,0.0
2020-08-31 00:00:00-04:00,37.13536393760768,38.36701685057482,36.939862469026124,37.907588958740234,9145400,0.0,0.0
2020-09-01 00:00:00-04:00,38.0640003384446,39.30543073287158,37.99557536408796,38.30837631225586,10634500,0.0,0.0
2020-09-02 00:00:00-04:00,39.08059579742365,40.410001368858175,38.23016865909265,40.26337432861328,9767600,0.0,0.0
2020-09-03 00:00:00-04:00,38.90465597228191,39.09038410691767,37.00829967565836,37.457950592041016,11711000,0.0,0.0
2020-09-04 00:00:00-04:00,36.81279308935523,37.60457251255947,35.13148535415263,36.5195426940918,10050600,0.0,0.0
2020-09-08 00:00:00-04:00,35.9330436570706,37.692553754865834,35.67889427010109,36.70527267456055,9850000,0.0,0.0
2020-09-09 00:00:00-04:00,37.369970841256944,38.72870056353013,36.95942102397203,38.56252670288086,8619000,0.0,0.0
2020-09-10 00:00:00-04:00,39.07083540744273,39.588911325372095,37.47750287050752,37.6436767578125,5710900,0.0,0.0
2020-09-11 00:00:00-04:00,38.17153095267632,38.47455853903078,37.28200245021592,37.88805389404297,5417900,0.0,0.0
2020-09-14 00:00:00-04:00,38.601634043185186,38.93398554754031,38.23018148446315,38.33770751953125,6870600,0.0,0.0
2020-09-15 00:00:00-04:00,38.84600837612779,38.84600837612779,37.936929409877145,38.13242721557617,5907500,0.0,0.0
2020-09-16 00:00:00-04:00,38.132417911057566,38.40612148423796,37.164691330780435,37.22334289550781,8228500,0.0,0.0
2020-09-17 00:00:00-04:00,36.42179840765809,38.02490814430218,35.9525969221337,37.83917999267578,7074400,0.0,0.0
2020-09-18 00:00:00-04:00,38.151971833707826,38.239947324201154,37.09626967666894,37.624122619628906,8079400,0.0,0.0
2020-09-21 00:00:00-04:00,37.057169758032714,37.575245590662796,36.47066895614511,37.516597747802734,6343300,0.0,0.0
2020-09-22 00:00:00-04:00,37.81962029873544,37.99557127927398,36.842116508579515,37.98579788208008,6949100,0.0,0.0
2020-09-23 00:00:00-04:00,37.9466950488148,38.06399445402376,36.675940927222015,36.724815368652344,5164200,0.0,0.0
2020-09-24 00:00:00-04:00,36.22630168608262,37.71210829983021,36.167650100279225,37.04740524291992,5654900,0.0,0.0
2020-09-25 00:00:00-04:00,37.07672370688746,37.311322557760974,36.324045246645404,37.19402313232422,5833100,0.0,0.0
2020-09-28 00:00:00-04:00,37.64367357774072,39.1392570815501,37.633900179440914,38.99263000488281,7190600,0.0,0.0
2020-09-29 00:00:00-04:00,39.06104869671204,39.64755318016133,38.48432133887138,38.513648986816406,6715100,0.0,0.0
2020-09-30 00:00:00-04:00,38.269281225796064,39.080607567222614,37.90760207863422,38.806907653808594,6217600,0.0,0.0
2020-10-01 00:00:00-04:00,39.5009318804368,39.813732825617244,38.94375496377905,39.40318298339844,5971100,0.0,0.0
2020-10-02 00:00:00-04:00,38.601628182713,39.5302538452121,38.415900067108204,38.875328063964844,6073200,0.0,0.0
2020-10-05 00:00:00-04:00,39.579117733464926,40.88897255202727,39.129463296585406,40.58594512939453,9814800,0.0,0.0
2020-10-06 00:00:00-04:00,41.05515210742071,42.14995511953208,40.75212464232614,41.13335418701172,9376500,0.0,0.0
2020-10-07 00:00:00-04:00,42.11086366890829,42.68758730618904,41.39728264441734,41.66120910644531,11121700,0.0,0.0
2020-10-08 00:00:00-04:00,42.26812182757963,42.7967189633647,41.602481819732844,41.84720230102539,10606500,0.06,0.0
2020-10-09 00:00:00-04:00,42.90439716586698,43.99095298115442,42.47368672298789,43.75602340698242,10662100,0.0,0.0
2020-10-12 00:00:00-04:00,43.9518008029492,44.08884367772095,42.0723455277041,42.669464111328125,10054000,0.0,0.0
2020-10-13 00:00:00-04:00,42.95334393335267,43.3057420567858,42.385590571346285,42.85545349121094,5534100,0.0,0.0
2020-10-14 00:00:00-04:00,43.05123137080893,43.15890899192003,42.13108360391713,42.424747467041016,4878200,0.0,0.0
2020-10-15 00:00:00-04:00,41.76888313121121,42.23874966457657,41.64163119030662,42.042972564697266,5283200,0.0,0.0
2020-10-16 00:00:00-04:00,42.67923708707177,42.78691466260433,42.013597287540485,42.05275344848633,4421900,0.0,0.0
2020-10-19 00:00:00-04:00,42.49325477560483,42.69881903799845,40.897676546731425,40.9661979675293,7106200,0.0,0.0
2020-10-20 00:00:00-04:00,41.338176828644016,41.43606724643357,40.49633790634191,40.741058349609375,5165700,0.0,0.0
2020-10-21 00:00:00-04:00,40.68233597292055,40.88790029020213,39.488098775904604,39.54683303833008,7429900,0.0,0.0
2020-10-22 00:00:00-04:00,39.65449191038318,40.37886593625998,38.99864303180421,40.173301696777344,5874900,0.0,0.0
2020-10-23 00:00:00-04:00,40.339721390533256,40.5942327705258,39.62513806601855,40.555076599121094,5584400,0.0,0.0
2020-10-26 00:00:00-04:00,40.134159238471106,41.005363561063604,39.55661874884465,40.02648162841797,4549200,0.0,0.0
2020-10-27 00:00:00-04:00,40.3201336225843,40.917252023634326,39.97752654040993,40.59422302246094,5167500,0.0,0.0
2020-10-28 00:00:00-04:00,39.703448896591425,39.89922227788221,38.685410883672645,38.69519805908203,6818100,0.0,0.0
2020-10-29 00:00:00-04:00,35.318067635999824,38.861619759894374,34.55453706579821,37.40308380126953,41594500,0.0,0.0
2020-10-30 00:00:00-04:00,37.49117493560001,37.86315109236811,36.22841642503791,36.717857360839844,16166200,0.0,0.0
2020-11-02 00:00:00-05:00,37.09963105748738,37.10941823493176,35.73898187612155,36.110958099365234,11677500,0.0,0.0
2020-11-03 00:00:00-05:00,36.424199212842055,36.86469687042134,36.23821297259239,36.40462112426758,8469500,0.0,0.0
2020-11-04 00:00:00-05:00,37.001731764767776,38.6560444177005,36.58081228667204,38.333011627197266,12970200,0.0,0.0
2020-11-05 00:00:00-05:00,39.29231732132442,40.662753421016006,39.02801877063513,40.60401916503906,14071600,0.0,0.0
2020-11-06 00:00:00-05:00,40.545289754699375,44.85237195350147,40.12437393937646,44.176944732666016,23484600,0.0,0.0
2020-11-09 00:00:00-05:00,44.646799300013065,44.646799300013065,41.240291099022166,41.318599700927734,15189300,0.0,0.0
2020-11-10 00:00:00-05:00,40.99557835060757,41.18156458243903,38.57773866610662,39.46852111816406,13783500,0.0,0.0
2020-11-11 00:00:00-05:00,40.183101295104805,42.013609404684104,40.183101295104805,41.37733840942383,10999600,0.0,0.0
2020-11-12 00:00:00-05:00,41.27944751661247,41.55353698507747,40.41803414183122,40.72148513793945,7138300,0.0,0.0
2020-11-13 00:00:00-05:00,41.98423510815873,43.021851044380035,41.788458023230916,42.34642028808594,8808300,0.0,0.0
2020-11-16 00:00:00-05:00,42.58136433687114,42.894606258549246,41.77868144580371,42.39537811279297,7093100,0.0,0.0
2020-11-17 00:00:00-05:00,42.23875243379111,42.53241623579415,41.631843010961944,42.06255340576172,5166700,0.0,0.0
2020-11-18 00:00:00-05:00,41.90593744346305,42.69882942970263,41.82762509541366,42.180023193359375,5156800,0.0,0.0
2020-11-19 00:00:00-05:00,42.121278564333934,43.47213636257136,41.876558138123976,43.24699401855469,5294200,0.0,0.0
2020-11-20 00:00:00-05:00,43.35467569931874,43.873481856972155,43.01206482977551,43.03164291381836,5455200,0.0,0.0
2020-11-23 00:00:00-05:00,43.23721113581138,43.83432968405908,42.60094015004724,43.65813064575195,7397700,0.0,0.0
2020-11-24 00:00:00-05:00,44.00074784133259,44.059478373078335,42.85545392848885,43.893070220947266,5351700,0.0,0.0
2020-11-25 00:00:00-05:00,43.99095063653896,44.24546201815506,43.42320108410115,43.65813064575195,4790900,0.0,0.0
2020-11-27 00:00:00-05:00,43.922430588403564,44.61743958770612,43.87348723936095,44.15736389160156,2858700,0.0,0.0
2020-11-30 00:00:00-05:00,44.67616806868607,45.40054229744189,43.57982141691592,45.312442779541016,8465600,0.0,0.0
2020-12-01 00:00:00-05:00,45.90956357556396,46.213014581139646,45.23413266041665,45.655052185058594,8097300,0.0,0.0
2020-12-02 00:00:00-05:00,45.42012377970761,45.684418619037345,44.490185184350864,44.656593322753906,7879600,0.0,0.0
2020-12-03 00:00:00-05:00,44.842577183395186,45.00898529916553,44.05946874593687,44.55870056152344,13101400,0.0,0.0
2020-12-04 00:00:00-05:00,43.38404534326763,43.86369911545309,41.92551340896578,42.463897705078125,22513600,0.0,0.0
2020-12-07 00:00:00-05:00,42.51284607762245,43.27637285201737,42.22896939796435,43.20785140991211,8869700,0.0,0.0
2020-12-08 00:00:00-05:00,42.96312502816835,43.207845497669545,42.40516265643666,42.75756072998047,7294100,0.0,0.0
2020-12-09 00:00:00-05:00,42.875024325215605,43.393834245438136,41.52416632533234,41.66121292114258,7073700,0.0,0.0
2020-12-10 00:00:00-05:00,41.406707528576206,42.43453287369116,41.289242735055815,42.00382614135742,5680100,0.0,0.0
2020-12-11 00:00:00-05:00,42.05276595250523,42.41495494774248,41.210926912541254,42.03318786621094,6769000,0.0,0.0
2020-12-14 00:00:00-05:00,43.07080036527467,44.0692602763844,42.74776757014896,43.39383316040039,11486400,0.0,0.0
2020-12-15 00:00:00-05:00,44.04967790051091,44.47059734362456,43.579815117668616,44.206298828125,7999600,0.0,0.0
2020-12-16 00:00:00-05:00,44.16714802861329,44.411868491125325,43.54066424204455,44.3531379699707,8355500,0.0,0.0
2020-12-17 00:00:00-05:00,44.989406763103766,46.24237800997408,44.82299864900423,46.10533142089844,10196000,0.0,0.0
2020-12-18 00:00:00-05:00,46.164068561436174,47.39745806717735,46.11512521505893,46.506675720214844,31269000,0.0,0.0
2020-12-21 00:00:00-05:00,45.997659113723785,46.682873411569744,45.449483941309154,46.252166748046875,8689800,0.0,0.0
2020-12-22 00:00:00-05:00,46.565813169345276,46.73243663573952,45.55628396673839,46.21297073364258,4369900,0.06,0.0
2020-12-23 00:00:00-05:00,46.24237263312779,46.54621322082978,45.43866913160508,45.487674713134766,5697000,0.0,0.0
2020-12-24 00:00:00-05:00,45.801308110890226,46.16395384694759,45.34064748746219,46.11494827270508,3715900,0.0,0.0
2020-12-28 00:00:00-05:00,46.85005210827231,47.14408934913133,45.830719517000425,46.046348571777344,5321800,0.0,0.0
2020-12-29 00:00:00-05:00,46.399182007142194,46.467790553194675,44.73296644825618,45.311241149902344,5427000,0.0,0.0
2020-12-30 00:00:00-05:00,45.7523039779246,46.69322449300977,45.615086870168724,46.556007385253906,4277500,0.0,0.0
2020-12-31 00:00:00-05:00,46.50699950146082,46.840242634709654,46.12475079485771,46.595211029052734,4049500,0.0,0.0
2021-01-04 00:00:00-05:00,46.859853580232816,47.59494852220469,44.929003002876435,45.38966369628906,11418600,0.0,0.0
2021-01-05 00:00:00-05:00,45.13481983405677,46.663818359375,45.09561388084427,46.663818359375,5710100,0.0,0.0
2021-01-06 00:00:00-05:00,45.85031268237063,46.65401604680462,45.43866138107371,45.58567810058594,6516400,0.0,0.0
2021-01-07 00:00:00-05:00,46.50700102068908,48.15361376360377,46.31097498198291,48.045799255371094,9090400,0.0,0.0
2021-01-08 00:00:00-05:00,48.8985105156978,49.63360539113255,47.4479237435062,48.104610443115234,11093200,0.0,0.0
2021-01-11 00:00:00-05:00,47.78116421155016,49.545391065430266,47.46752404814418,49.241554260253906,9070700,0.0,0.0
2021-01-12 00:00:00-05:00,50.133472571802216,50.2118807485219,49.0357281866392,49.63360595703125,6391000,0.0,0.0
2021-01-13 00:00:00-05:00,49.60419999815102,49.70221114713326,48.44765049350931,49.241554260253906,5606800,0.0,0.0
2021-01-14 00:00:00-05:00,49.349374060600574,50.90777554350829,48.947522294008586,50.29029846191406,9325000,0.0,0.0
2021-01-15 00:00:00-05:00,50.44710992793751,50.67253856433521,49.27095743200041,49.76102066040039,7994500,0.0,0.0
2021-01-19 00:00:00-05:00,50.672533375631275,53.26986597686127,50.63332742404126,52.7406005859375,16424000,0.0,0.0
2021-01-20 00:00:00-05:00,54.09317474417366,54.59304130263496,52.90722269588001,53.0052375793457,11638400,0.0,0.0
2021-01-21 00:00:00-05:00,53.39728686734805,53.534503967809215,51.77027716109246,52.426963806152344,9322300,0.0,0.0
2021-01-22 00:00:00-05:00,51.89770428475274,52.309355662618586,51.53505848917289,51.57426071166992,6410500,0.0,0.0
2021-01-25 00:00:00-05:00,52.27994390256993,53.78933950143308,51.417431597664475,53.34828186035156,10775900,0.0,0.0
2021-01-26 00:00:00-05:00,53.80894174722252,53.84814396231916,52.142726091834554,52.92682647705078,8299300,0.0,0.0
2021-01-27 00:00:00-05:00,51.956500226732615,52.52497534880138,49.927638822868296,50.12366485595703,14169100,0.0,0.0
2021-01-28 00:00:00-05:00,50.545120017375964,52.0055100524714,50.38829993713426,51.14299774169922,9398000,0.0,0.0
2021-01-29 00:00:00-05:00,51.45664173201788,51.45664173201788,50.01585456707789,50.43730926513672,7818500,0.0,0.0
2021-02-01 00:00:00-05:00,51.02539004071376,52.005516600350994,50.584332341099774,51.81929016113281,6356500,0.0,0.0
2021-02-02 00:00:00-05:00,52.66219925831065,52.93663349678156,50.81956029128265,51.80949020385742,8708500,0.0,0.0
2021-02-03 00:00:00-05:00,51.819285943583814,51.936903813165415,49.72181587489407,50.09426498413086,10115100,0.0,0.0
2021-02-04 00:00:00-05:00,50.23148643207719,50.32949759297558,48.94751928654607,49.30036544799805,11072100,0.0,0.0
2021-02-05 00:00:00-05:00,49.68261256616026,49.68261256616026,48.59467525619328,49.05533218383789,9309000,0.0,0.0
2021-02-08 00:00:00-05:00,49.57480570369524,50.59413453603234,49.39838261487248,50.57453155517578,7499700,0.0,0.0
2021-02-09 00:00:00-05:00,50.22168002556413,50.760748815438255,49.99624765596336,50.23147964477539,6605700,0.0,0.0
2021-02-10 00:00:00-05:00,50.241281485128724,50.35889935417738,48.849503684691705,49.584598541259766,7117900,0.0,0.0
2021-02-11 00:00:00-05:00,50.18247548263702,51.201807898021436,49.819829739448885,51.07439041137695,8797900,0.0,0.0
2021-02-12 00:00:00-05:00,51.04499014856878,53.10325431244601,50.50591757998988,52.75040817260742,11378400,0.0,0.0
2021-02-16 00:00:00-05:00,53.416896234250956,53.47570517243442,51.53505507901236,51.88789749145508,7841800,0.0,0.0
2021-02-17 00:00:00-05:00,51.025386284514916,51.270417906386385,49.074932929308204,49.39837646484375,10323800,0.0,0.0
2021-02-18 00:00:00-05:00,48.986723960739646,49.9766538587075,48.27123203607931,49.46698760986328,11009500,0.0,0.0
2021-02-19 00:00:00-05:00,50.260883101706675,51.182204356533084,49.79042285491445,50.858760833740234,9959600,0.0,0.0
2021-02-22 00:00:00-05:00,50.14326341808868,50.37849538486033,48.49665086734295,48.702476501464844,13798700,0.0,0.0
2021-02-23 00:00:00-05:00,47.24209679113786,48.41824930762939,45.75230410210003,47.86937713623047,13210700,0.0,0.0
2021-02-24 00:00:00-05:00,47.62434580078879,48.30063172581996,46.50700221209127,48.281028747558594,12785300,0.0,0.0
2021-02-25 00:00:00-05:00,47.92818539738483,48.43784786644866,45.22303427356685,45.63468933105469,11476400,0.0,0.0
2021-02-26 00:00:00-05:00,46.4089965719709,47.624355294245326,45.69350454779053,47.32051467895508,11501100,0.0,0.0
2021-03-01 00:00:00-05:00,48.114399735700815,48.575060288540215,47.23228457896261,48.53585433959961,9344400,0.0,0.0
2021-03-02 00:00:00-05:00,48.820105723385886,48.88871428407056,46.83044624687194,46.87945556640625,9718200,0.0,0.0
2021-03-03 00:00:00-05:00,46.15414834049221,46.62460852320526,44.409524695570695,44.65455627441406,16898400,0.0,0.0
2021-03-04 00:00:00-05:00,42.2042513660238,42.723717250644164,39.09724820109983,39.30307388305664,33121300,0.0,0.0
2021-03-05 00:00:00-05:00,39.793139695026206,40.80267266668811,37.16640002668484,40.685054779052734,21673000,0.0,0.0
2021-03-08 00:00:00-05:00,41.518160516305755,42.06702898163701,39.17565870177443,39.26387023925781,18059900,0.0,0.0
2021-03-09 00:00:00-05:00,41.42014155824099,43.605826801689695,40.792861237150234,42.988346099853516,20324000,0.0,0.0
2021-03-10 00:00:00-05:00,43.75283584200337,43.99786740808886,41.88079482666563,41.988609313964844,21969000,0.0,0.0
2021-03-11 00:00:00-05:00,43.615625494602696,45.722898783716374,43.39999648672533,45.379852294921875,18895300,0.0,0.0
2021-03-12 00:00:00-05:00,44.01748582257477,46.52661128544432,44.01748582257477,46.22277069091797,16216900,0.0,0.0
2021-03-15 00:00:00-04:00,46.44819051195617,47.41851731425249,46.21296226459593,47.3989143371582,8371900,0.0,0.0
2021-03-16 00:00:00-04:00,47.76156431536571,48.21242161198865,46.63442107380834,47.006866455078125,9320700,0.0,0.0
2021-03-17 00:00:00-04:00,45.89932751874799,47.53613704074335,45.389661270881945,47.14408493041992,11421300,0.0,0.0
2021-03-18 00:00:00-04:00,46.457992381986834,46.48739497724376,44.57614776894887,44.64475631713867,9720000,0.0,0.0
2021-03-19 00:00:00-04:00,45.17402224054844,46.310968622248225,44.61535053723213,46.06593704223633,10172000,0.0,0.0
2021-03-22 00:00:00-04:00,46.85984657507434,47.59494140715563,46.36978335368681,46.722625732421875,7974100,0.0,0.0
2021-03-23 00:00:00-04:00,46.79123495363981,46.86964311969762,45.02700448127143,45.23283386230469,8492200,0.0,0.0
2021-03-24 00:00:00-04:00,45.99732814119095,46.49719091541795,44.28210709444813,44.35071563720703,18802100,0.0,0.0
2021-03-25 00:00:00-04:00,43.24318357661702,44.21351053399507,42.78252662737677,43.86066436767578,11073800,0.0,0.0
2021-03-26 00:00:00-04:00,43.66462939146545,46.134548312654516,43.53721191543946,46.036537170410156,10575400,0.0,0.0
2021-03-29 00:00:00-04:00,45.918921232586776,46.20315879141688,44.99760374476589,45.58567810058594,9303300,0.0,0.0
2021-03-30 00:00:00-04:00,45.419054688198706,46.585403685337376,45.00739968169459,46.389381408691406,8375500,0.0,0.0
2021-03-31 00:00:00-04:00,47.144086989223304,48.61427685881097,46.91865832455287,48.00659942626953,10221300,0.0,0.0
2021-04-01 00:00:00-04:00,48.71229403608396,49.00633127596247,47.81057559638535,48.67308807373047,11084700,0.0,0.0
2021-04-05 00:00:00-04:00,49.53558792822818,50.192270805322195,49.12393290618869,50.0550537109375,9557300,0.0,0.0
2021-04-06 00:00:00-04:00,49.58458533328577,50.20206589521107,49.11412519906619,49.83941650390625,9666300,0.0,0.0
2021-04-07 00:00:00-04:00,49.69240831105819,49.91783693023325,49.09453061986607,49.35916519165039,8130400,0.0,0.0
2021-04-08 00:00:00-04:00,50.046081587422854,50.52691813602136,48.97646910572252,49.437679290771484,7607500,0.06,0.0
2021-04-09 00:00:00-04:00,48.71151682461804,49.2217910260405,48.37787614458589,48.672264099121094,7054400,0.0,0.0
2021-04-12 00:00:00-04:00,48.37788060003555,49.13347879038321,47.7989159473456,48.721336364746094,12191400,0.0,0.0
2021-04-13 00:00:00-04:00,48.79982294400897,49.045146809850564,47.23956300752261,47.83815383911133,7682400,0.0,0.0
2021-04-14 00:00:00-04:00,47.906851066689164,48.39749886847283,46.92555546312184,47.17087936401367,6456600,0.0,0.0
2021-04-15 00:00:00-04:00,47.690969775597466,48.093300864997445,47.25920101291209,47.86760330200195,6630100,0.0,0.0
2021-04-16 00:00:00-04:00,47.76948377544283,47.96574370026655,46.523237557660934,47.013885498046875,12939800,0.0,0.0
2021-04-19 00:00:00-04:00,46.55265976058927,46.92555311945774,45.227912259275236,45.77743911743164,9722500,0.0,0.0
2021-04-20 00:00:00-04:00,45.35549078438807,46.24846976757786,44.80596381652273,44.98259735107422,21600700,0.0,0.0
2021-04-21 00:00:00-04:00,44.76670836167209,46.621356618162835,44.384003641233804,46.5919189453125,9507500,0.0,0.0
2021-04-22 00:00:00-04:00,46.876493041027366,46.876493041027366,44.19755640051388,44.2662467956543,11112400,0.0,0.0
2021-04-23 00:00:00-04:00,44.55081664272936,45.60080251519057,44.413432130029626,45.23772048950195,10248300,0.0,0.0
2021-04-26 00:00:00-04:00,45.610621325496936,46.513415269298434,45.404550137568464,46.43490982055664,9994900,0.0,0.0
2021-04-27 00:00:00-04:00,46.572292617508644,46.84705795658812,44.972783335664744,45.0709114074707,9981500,0.0,0.0
2021-04-28 00:00:00-04:00,44.992397726387274,46.1405154219292,44.64894579453665,45.92462921142578,9650600,0.0,0.0
2021-04-29 00:00:00-04:00,46.415282691984494,46.58210489613341,45.316232631167146,46.37602996826172,5626100,0.0,0.0
2021-04-30 00:00:00-04:00,45.52230916528914,45.8363235052815,44.20737271281632,44.3643798828125,8806500,0.0,0.0
2021-05-03 00:00:00-04:00,44.62931892566346,44.68819800331375,43.29475644568564,43.481204986572266,7360100,0.0,0.0
2021-05-04 00:00:00-04:00,42.8727975468624,43.6676482216472,41.89150208120741,43.6578369140625,9914800,0.0,0.0
2021-05-05 00:00:00-04:00,44.02091129379942,44.77650918470935,43.559701267873216,43.95222091674805,6351600,0.0,0.0
2021-05-06 00:00:00-04:00,43.618593288749885,44.81577146091018,43.22607352333431,44.68820571899414,6760300,0.0,0.0
2021-05-07 00:00:00-04:00,45.041470270355326,45.708751588682496,44.65876183571669,45.100345611572266,5898000,0.0,0.0
2021-05-10 00:00:00-04:00,44.70782838000231,45.012027616834516,43.46158253283892,43.49102020263672,9008000,0.0,0.0
2021-05-11 00:00:00-04:00,41.88169854881325,43.74616177702685,41.283107604702174,43.39289474487305,8225500,0.0,0.0
2021-05-12 00:00:00-04:00,42.09758566627974,42.284030495647215,40.390129556411324,40.73358154296875,13437700,0.0,0.0
2021-05-13 00:00:00-04:00,41.24384529998981,42.03869593770265,40.02704107560282,40.8218879699707,9171800,0.0,0.0
2021-05-14 00:00:00-04:00,41.685432003384946,42.99055680306118,41.096656206194986,42.548973083496094,7757600,0.0,0.0
2021-05-17 00:00:00-04:00,42.11720527103217,42.49991369867775,41.43030134708131,42.0092658996582,8721100,0.0,0.0
2021-05-18 00:00:00-04:00,42.27421549515436,42.42140758653681,41.54805511695933,41.65599822998047,6353500,0.0,0.0
2021-05-19 00:00:00-04:00,40.684523495562615,43.991493079524226,40.478452273301684,43.67747497558594,13074100,0.0,0.0
2021-05-20 00:00:00-04:00,43.981680181114875,45.56156711592133,43.91298977032734,45.394744873046875,14275600,0.0,0.0
2021-05-21 00:00:00-04:00,45.905014873047236,45.905014873047236,45.05128860220816,45.355491638183594,7602600,0.0,0.0
2021-05-24 00:00:00-04:00,45.79706602510035,46.96481024017034,45.640058871395034,46.72929763793945,7961300,0.0,0.0
2021-05-25 00:00:00-04:00,47.07275459924961,47.5241497101156,46.63117079803466,47.131629943847656,8518100,0.0,0.0
2021-05-26 00:00:00-04:00,47.416210017617445,47.87742021484729,46.9549998203876,47.71059799194336,6634200,0.0,0.0
2021-05-27 00:00:00-04:00,47.39656526657533,47.75964350261355,46.96479665462027,47.4554443359375,6909800,0.0,0.0
2021-05-28 00:00:00-04:00,47.74003931259892,48.28956253199705,47.29845548033529,47.396583557128906,4168600,0.0,0.0
2021-06-01 00:00:00-04:00,47.82835311466415,48.03442430916621,46.68023522193872,46.856868743896484,5225100,0.0,0.0
2021-06-02 00:00:00-04:00,46.81761318588947,47.13162748518462,46.37602940771013,46.631168365478516,4922100,0.0,0.0
2021-06-03 00:00:00-04:00,46.12089380345367,47.00406135234744,45.89519626170208,46.29752731323242,6664500,0.0,0.0
2021-06-04 00:00:00-04:00,46.73911083175416,47.87741358668118,46.72929577940592,47.78909683227539,7265900,0.0,0.0
2021-06-07 00:00:00-04:00,47.99516647872265,48.004977787411896,47.229757127212814,47.36713790893555,10989200,0.0,0.0
2021-06-08 00:00:00-04:00,50.22270787280356,51.66521356721192,48.47600294561478,49.781124114990234,20539100,0.0,0.0
2021-06-09 00:00:00-04:00,49.60449351792023,50.340465242943814,49.18253609610572,49.408233642578125,8731600,0.0,0.0
2021-06-10 00:00:00-04:00,49.378794852685374,50.94886633315801,49.32973082079792,50.831111907958984,9481800,0.0,0.0
2021-06-11 00:00:00-04:00,50.68392725952015,51.1353224085634,50.261969785265656,51.12550735473633,7416200,0.0,0.0
2021-06-14 00:00:00-04:00,51.321761518117576,52.98996486436872,51.1745694172796,52.793704986572266,9430600,0.0,0.0
2021-06-15 00:00:00-04:00,52.6857554661931,52.87220401195502,52.1067909558681,52.58762741088867,7409000,0.0,0.0
2021-06-16 00:00:00-04:00,52.86240301339111,53.510058083271296,52.214747943510915,53.09791564941406,7507000,0.0,0.0
2021-06-17 00:00:00-04:00,52.84277374480519,54.373596436471914,52.803524760413346,54.089019775390625,8071500,0.0,0.0
2021-06-18 00:00:00-04:00,53.55911631750332,54.29508802674705,52.95071034265293,53.254913330078125,18784100,0.0,0.0
2021-06-21 00:00:00-04:00,53.28435394747926,54.30490233914184,52.69557804486018,53.79462814331055,6748800,0.0,0.0
2021-06-22 00:00:00-04:00,54.0693917398406,54.0693917398406,52.93108887405488,53.34323501586914,6423700,0.0,0.0
2021-06-23 00:00:00-04:00,53.21566377474368,53.81425473282722,53.21566377474368,53.51005172729492,3685700,0.0,0.0
2021-06-24 00:00:00-04:00,54.00070404820097,55.24695010275435,53.745568799689465,55.089942932128906,6387300,0.0,0.0
2021-06-25 00:00:00-04:00,55.2469367980957,55.48244936899044,54.81516811869155,55.2469367980957,9023000,0.0,0.0
2021-06-28 00:00:00-04:00,56.22823795868746,57.778686826307066,56.05160444862078,57.50392150878906,9568100,0.0,0.0
2021-06-29 00:00:00-04:00,57.454855644789,57.84737537538741,56.75813667915513,57.660926818847656,5512000,0.0,0.0
2021-06-30 00:00:00-04:00,57.66092919919814,57.77868736924628,56.983836566477095,57.238975524902344,5265000,0.0,0.0
2021-07-01 00:00:00-04:00,56.88572369250086,56.895535004285406,55.72779424789489,56.31657028198242,6112900,0.0,0.0
2021-07-02 00:00:00-04:00,56.32636279688099,56.630562003977296,55.590391177113446,56.345985412597656,5436800,0.0,0.0
2021-07-06 00:00:00-04:00,56.87590229983907,56.90534371860558,55.74741440302459,56.42450714111328,5932200,0.0,0.0
2021-07-07 00:00:00-04:00,57.032899216105704,57.11140466090094,55.04087034624727,55.619834899902344,5527900,0.0,0.0
2021-07-08 00:00:00-04:00,54.27403362641715,55.6394793026973,54.02844976385418,55.27601623535156,6320300,0.06,0.0
2021-07-09 00:00:00-04:00,55.38407515529661,56.30746915319009,54.85361309919691,55.99312210083008,4665200,0.0,0.0
2021-07-12 00:00:00-04:00,55.63948873005729,56.40570931193954,55.52160950530148,56.31730270385742,4069400,0.0,0.0
2021-07-13 00:00:00-04:00,56.081524590127486,56.474460224208926,55.511768295440596,55.76717758178711,4304700,0.0,0.0
2021-07-14 00:00:00-04:00,56.56288494440186,56.56288494440186,54.9223825641683,55.02061462402344,4629400,0.0,0.0
2021-07-15 00:00:00-04:00,55.49213327491061,56.05206420236712,54.37226767268508,54.716087341308594,6740100,0.0,0.0
2021-07-16 00:00:00-04:00,54.91255512521275,55.19742956798197,52.820179492351784,53.01664733886719,6684900,0.0,0.0
2021-07-19 00:00:00-04:00,52.40759822739131,53.98915900614351,51.85749273726018,53.83198547363281,7771900,0.0,0.0
2021-07-20 00:00:00-04:00,53.881108654839565,56.02260066173869,53.48817664504136,55.56090545654297,7876100,0.0,0.0
2021-07-21 00:00:00-04:00,55.61001472238588,57.34874905295695,55.24655162703985,57.29963302612305,5839600,0.0,0.0
2021-07-22 00:00:00-04:00,56.55305315091399,57.04422088975973,56.37623246514452,56.955810546875,3278100,0.0,0.0
2021-07-23 00:00:00-04:00,57.41750867603072,58.223023457508106,56.78881457803007,57.87920379638672,4406500,0.0,0.0
2021-07-26 00:00:00-04:00,57.59433289386752,58.193558163831845,57.41751219953992,57.9086799621582,3516100,0.0,0.0
2021-07-27 00:00:00-04:00,57.91849886533516,57.91849886533516,55.48230733033777,56.955810546875,6082400,0.0,0.0
2021-07-28 00:00:00-04:00,57.04422451320656,58.08550153473389,56.945992458122696,57.947975158691406,5229400,0.0,0.0
2021-07-29 00:00:00-04:00,58.105146574116816,59.32324050086671,58.056026801055275,59.24465560913086,5502200,0.0,0.0
2021-07-30 00:00:00-04:00,58.733841127649306,59.529530493626126,58.45878463627684,59.44112014770508,4456500,0.0,0.0
2021-08-02 00:00:00-04:00,59.92246944242943,60.3939900637743,59.33306960257656,59.500064849853516,4456100,0.0,0.0
2021-08-03 00:00:00-04:00,59.14642937797284,60.34488008613713,58.30162010810706,60.2564697265625,6253300,0.0,0.0
2021-08-04 00:00:00-04:00,60.46275107048524,61.513849786904025,60.26628321519022,60.79674530029297,8185200,0.0,0.0
2021-08-05 00:00:00-04:00,61.042322449243606,61.60225333931739,59.74563999356618,59.97157669067383,5947900,0.0,0.0
2021-08-06 00:00:00-04:00,59.421472661340395,59.981403564682175,59.313415162921395,59.47058868408203,3808500,0.0,0.0
2021-08-09 00:00:00-04:00,59.981408009829565,60.01087687619598,58.99907249294786,59.411651611328125,2497600,0.0,0.0
2021-08-10 00:00:00-04:00,59.617939760852224,59.794760449495016,57.50592069788281,58.69454574584961,3981600,0.0,0.0
2021-08-11 00:00:00-04:00,58.95977765962112,59.33306620203389,58.065852496933665,58.73384094238281,4029500,0.0,0.0
2021-08-12 00:00:00-04:00,57.9577955306992,59.912644859281016,57.57468527845612,58.80260467529297,6491400,0.0,0.0
2021-08-13 00:00:00-04:00,58.77313290844767,59.41164871490443,58.45878211084309,59.323238372802734,3155000,0.0,0.0
2021-08-16 00:00:00-04:00,59.067841723605646,59.1857209484462,57.66310149093633,58.11497497558594,5560900,0.0,0.0
2021-08-17 00:00:00-04:00,57.4666313726776,57.74168413566313,56.58252785263434,57.48627853393555,6497100,0.0,0.0
2021-08-18 00:00:00-04:00,57.103157429608856,58.05602021240083,56.749516088650125,56.81827926635742,3977400,0.0,0.0
2021-08-19 00:00:00-04:00,56.34676600597013,58.3802002318345,56.09135667236935,57.938148498535156,4973500,0.0,0.0
2021-08-20 00:00:00-04:00,57.80062081167016,58.851719494007895,57.72203217317526,58.79277801513672,4617700,0.0,0.0
2021-08-23 00:00:00-04:00,59.62776502676687,61.09144280921394,59.27412365059342,60.90480041503906,7325500,0.0,0.0
2021-08-24 00:00:00-04:00,61.18967804179238,61.72014010115566,60.83603666888352,61.44508361816406,5710800,0.0,0.0
2021-08-25 00:00:00-04:00,61.67102384561473,62.31936515047753,61.35667677339717,62.0836067199707,6336300,0.0,0.0
2021-08-26 00:00:00-04:00,62.37830368065797,62.938234610762336,61.720140700375204,62.12289810180664,6685700,0.0,0.0
2021-08-27 00:00:00-04:00,60.87534224358492,61.14057332230882,59.01872843983083,60.2564697265625,14782000,0.0,0.0
2021-08-30 00:00:00-04:00,60.48239498227912,61.95589819688195,60.39398463951045,60.86550521850586,6938200,0.0,0.0
2021-08-31 00:00:00-04:00,60.904804941413936,60.95392097012994,60.03052688940562,60.10911178588867,5267900,0.0,0.0
2021-09-01 00:00:00-04:00,60.53151102710878,60.610099663957484,59.52952839116248,59.64741134643555,4968300,0.0,0.0
2021-09-02 00:00:00-04:00,60.18769656598969,60.413633281429725,59.706350521921756,60.236812591552734,2777300,0.0,0.0
2021-09-03 00:00:00-04:00,60.187699665596284,61.101272027904635,60.0207006733066,60.423458099365234,2518000,0.0,0.0
2021-09-07 00:00:00-04:00,60.66903716149035,60.944093642092966,60.128753400822184,60.158226013183594,3020100,0.0,0.0
2021-09-08 00:00:00-04:00,59.794760428539824,60.25645930953559,58.841897548201516,59.303592681884766,3292600,0.0,0.0
2021-09-09 00:00:00-04:00,59.45094816870655,60.757452506725016,59.43130100795201,60.168052673339844,3304900,0.0,0.0
2021-09-10 00:00:00-04:00,60.82622550861089,61.494214092778684,60.04035768821153,60.089473724365234,4430200,0.0,0.0
2021-09-13 00:00:00-04:00,60.83603590537857,61.3566725048978,59.97157964326298,61.2780876159668,5246900,0.0,0.0
2021-09-14 00:00:00-04:00,61.494204771861696,61.91660936392209,60.76727855341784,61.19950485229492,3323700,0.0,0.0
2021-09-15 00:00:00-04:00,61.219140212141795,61.82818709481666,60.73779797734316,61.356666564941406,4436900,0.0,0.0
2021-09-16 00:00:00-04:00,60.82620918703921,62.21130576717719,60.54133475486308,62.13271713256836,4391500,0.0,0.0
2021-09-17 00:00:00-04:00,62.02466249753917,62.02466249753917,60.64939505419477,61.00303268432617,11428300,0.0,0.0
2021-09-20 00:00:00-04:00,59.72600682284971,60.15823690750869,58.340913705029074,59.60812759399414,7158700,0.0,0.0
2021-09-21 00:00:00-04:00,59.97158960617244,60.403819682691605,59.107133200447166,59.951942443847656,3468500,0.0,0.0
2021-09-22 00:00:00-04:00,60.4136308870331,61.749607714348855,60.1876941805477,61.56296157836914,3595700,0.0,0.0
2021-09-23 00:00:00-04:00,61.74961377999879,62.849828555792264,61.71031945832083,62.319366455078125,4530000,0.0,0.0
2021-09-24 00:00:00-04:00,61.88713719596665,62.82035668092391,61.523674106126755,62.48636245727539,2912400,0.0,0.0
2021-09-27 00:00:00-04:00,61.65137673370964,62.45689532262789,60.96374485476296,61.955902099609375,4097500,0.0,0.0
2021-09-28 00:00:00-04:00,60.33505442019441,60.796753379394616,59.59830267541781,59.6768913269043,6982100,0.0,0.0
2021-09-29 00:00:00-04:00,60.0010509032169,60.72797703552315,59.018715456188296,59.08747863769531,4583700,0.0,0.0
2021-09-30 00:00:00-04:00,59.39200368637779,60.55115988115394,59.17589242361978,59.24465560913086,4970000,0.0,0.0
2021-10-01 00:00:00-04:00,59.725995171495825,59.79475835385667,57.31927254692894,58.77313232421875,6822700,0.0,0.0
2021-10-04 00:00:00-04:00,58.39985297051526,58.419500132462304,55.85560358172406,56.57270812988281,6955500,0.0,0.0
2021-10-05 00:00:00-04:00,57.34875453797107,58.99907867915822,57.230871565519834,58.340911865234375,7195800,0.0,0.0
2021-10-06 00:00:00-04:00,57.64344909487922,63.13470110012739,57.48627556025886,62.6238899230957,16659300,0.0,0.0
2021-10-07 00:00:00-04:00,63.91195760890682,66.06530135042311,63.430161875096154,64.0594482421875,15222500,0.06,0.0
2021-10-08 00:00:00-04:00,64.34459222850944,64.50191006315399,63.2433373792579,63.5383186340332,5665700,0.0,0.0
2021-10-11 00:00:00-04:00,63.18434822893594,63.784137984663104,62.32890853592701,62.37807083129883,4063400,0.0,0.0
2021-10-12 00:00:00-04:00,63.361336322004355,63.449826204325845,61.45380772954007,62.52556228637695,6357800,0.0,0.0
2021-10-13 00:00:00-04:00,63.26300431754512,63.61697885070152,62.14209121395443,62.35840606689453,6696100,0.0,0.0
2021-10-14 00:00:00-04:00,63.823476549295165,65.03288340560917,63.43999784910092,64.19711303710938,8489200,0.0,0.0
2021-10-15 00:00:00-04:00,64.79690933527797,65.170545860426,64.1676228183513,64.55109405517578,5971300,0.0,0.0
2021-10-18 00:00:00-04:00,64.22661512232749,66.09481272343875,63.93163378995158,66.04564666748047,5342300,0.0,0.0
2021-10-19 00:00:00-04:00,66.22263336762688,66.97974861309018,65.50485696792394,66.71426391601562,7367500,0.0,0.0
2021-10-20 00:00:00-04:00,66.54709571166636,66.86173888872236,65.53433821994503,66.06529998779297,3979700,0.0,0.0
2021-10-21 00:00:00-04:00,65.4655156379104,65.98664273944121,64.83622923209747,65.94731140136719,5297600,0.0,0.0
2021-10-22 00:00:00-04:00,66.37011809626638,66.56676729735862,64.76740535247467,65.20003509521484,5228000,0.0,0.0
2021-10-25 00:00:00-04:00,65.58352026892247,66.84210092993668,65.26887697909086,66.53728485107422,4999700,0.0,0.0
2021-10-26 00:00:00-04:00,67.5303703420173,67.93350347837381,66.53727456445756,66.59627532958984,6211600,0.0,0.0
2021-10-27 00:00:00-04:00,66.37011563773514,67.40254265944094,66.0259757977285,66.56676483154297,4912000,0.0,0.0
2021-10-28 00:00:00-04:00,67.00921663421154,67.44184623092295,66.50775158849763,67.33369445800781,3526800,0.0,0.0
2021-10-29 00:00:00-04:00,66.74375377713879,67.72701477415922,66.61593254813313,67.35337829589844,5436700,0.0,0.0
2021-11-01 00:00:00-04:00,67.52051752947906,67.81549877099992,66.63558130660108,67.8056640625,6106600,0.0,0.0
2021-11-02 00:00:00-04:00,67.84499801598648,70.20482553427081,67.7565081411222,68.7397689819336,7087800,0.0,0.0
2021-11-03 00:00:00-04:00,68.4939685745622,68.54312712621592,67.65819067789732,68.09082794189453,4134800,0.0,0.0
2021-11-04 00:00:00-04:00,68.64146124983195,70.43099631495106,67.68769669558885,70.3425064086914,8692300,0.0,0.0
2021-11-05 00:00:00-04:00,70.79479859184268,71.69939699566696,70.10651882843004,70.65714263916016,6343900,0.0,0.0
2021-11-08 00:00:00-05:00,70.9422753901661,72.52532603829296,70.58830086625666,71.77804565429688,6823700,0.0,0.0
2021-11-09 00:00:00-05:00,72.50566713777661,72.82031037115422,70.97178231277154,71.71906280517578,4937900,0.0,0.0
2021-11-10 00:00:00-05:00,70.75543893003129,72.02384613069195,69.44770040124739,69.78201293945312,6471400,0.0,0.0
2021-11-11 00:00:00-05:00,70.38182060363083,72.28934174554487,70.3621511836862,72.1910171508789,5485300,0.0,0.0
2021-11-12 00:00:00-05:00,72.58432803342387,73.2431111149406,71.37491368079634,72.2500228881836,5454900,0.0,0.0
2021-11-15 00:00:00-05:00,72.32868070022546,72.42701280693187,70.3326619617439,71.69939422607422,4021200,0.0,0.0
2021-11-16 00:00:00-05:00,71.46339571964016,72.85962426452745,70.73578482326975,72.58431243896484,5087200,0.0,0.0
2021-11-17 00:00:00-05:00,72.64330623952307,73.0857781068449,71.91569533761665,72.4073257446289,4145700,0.0,0.0
2021-11-18 00:00:00-05:00,73.44959499673892,73.99039155696599,72.95796448805477,73.8920669555664,5796100,0.0,0.0
2021-11-19 00:00:00-05:00,73.87240071512731,74.52135661534302,73.10545828882624,73.33161163330078,5458300,0.0,0.0
2021-11-22 00:00:00-05:00,73.84289592662202,74.84582629767918,71.22742569759565,71.53223419189453,8644300,0.0,0.0
2021-11-23 00:00:00-05:00,71.80753991218403,72.76130415338312,70.07699868590201,71.9943618774414,5790300,0.0,0.0
2021-11-24 00:00:00-05:00,71.2569250523847,72.7613131648476,70.59814199035087,72.6236572265625,4826000,0.0,0.0
2021-11-26 00:00:00-05:00,71.4830645967808,72.89896269663697,70.33265114149035,70.78495025634766,4596000,0.0,0.0
2021-11-29 00:00:00-05:00,72.13202710145121,74.02972111945132,71.77805254356723,73.76423645019531,9161400,0.0,0.0
2021-11-30 00:00:00-05:00,73.5872655818595,73.8822469464416,69.61489688273024,69.97869873046875,13173200,0.0,0.0
2021-12-01 00:00:00-05:00,71.5322244616357,73.76422321626093,69.64436549274325,69.7623519897461,8805800,0.0,0.0
2021-12-02 00:00:00-05:00,69.16257382847034,70.95211601617486,68.13998900933342,69.84102630615234,10772600,0.0,0.0
2021-12-03 00:00:00-05:00,84.45229170398797,87.00876895543456,79.12301856798167,82.19078826904297,51023700,0.0,0.0
2021-12-06 00:00:00-05:00,82.11212548429381,84.92425245106418,79.02468664693376,83.99998474121094,15634400,0.0,0.0
2021-12-07 00:00:00-05:00,85.99599336178625,90.85330437945582,85.43553497526169,89.97820281982422,21126700,0.0,0.0
2021-12-08 00:00:00-05:00,89.25059432429268,92.27903989119619,87.90353160585748,89.76189422607422,14554700,0.0,0.0
2021-12-09 00:00:00-05:00,89.1424312363862,91.236774122188,88.16899760487063,88.5229721069336,11836000,0.0,0.0
2021-12-10 00:00:00-05:00,89.80123000612821,90.73532496664323,86.74328765936241,87.52989196777344,9660000,0.0,0.0
2021-12-13 00:00:00-05:00,87.94286373639815,88.31650020515198,85.04223936798073,85.14056396484375,7371500,0.0,0.0
2021-12-14 00:00:00-05:00,83.46902928778749,85.17990140106232,82.94790213559415,83.86233520507812,8596000,0.0,0.0
2021-12-15 00:00:00-05:00,83.99998783679528,87.35290395816178,82.59392430159357,86.89077758789062,14422000,0.0,0.0
2021-12-16 00:00:00-05:00,88.09035461931352,88.37550122644565,81.24685855320207,82.19078826904297,17014800,0.0,0.0
2021-12-17 00:00:00-05:00,80.62739463845041,83.94098660651542,80.21442685656041,82.6234130859375,16185600,0.0,0.0
2021-12-20 00:00:00-05:00,81.3451871195726,83.12488715723056,81.11903378524754,82.76107788085938,9546800,0.0,0.0
2021-12-21 00:00:00-05:00,85.18972809577623,85.82884921352267,83.04621892501298,84.85542297363281,10103700,0.0,0.0
2021-12-22 00:00:00-05:00,84.74725694103998,86.92026256751727,84.03930791307386,86.81210327148438,9516400,0.0,0.0
2021-12-23 00:00:00-05:00,86.76293446113033,88.02150713664102,85.98615749697001,86.21231079101562,8016500,0.0,0.0
2021-12-27 00:00:00-05:00,86.5269711412116,89.65374153479102,86.33032193474703,89.28993225097656,7116000,0.0,0.0
2021-12-28 00:00:00-05:00,89.45708360187689,89.53573877577817,86.29098217551733,86.51712799072266,5798700,0.0,0.0
2021-12-29 00:00:00-05:00,86.59578094380653,87.48071719058935,86.2418064450934,87.05791473388672,3583000,0.0,0.0
2021-12-30 00:00:00-05:00,87.05792680956957,87.5003912434922,85.76985734494897,85.9763412475586,4303100,0.0,0.0
2021-12-31 00:00:00-05:00,86.12380675383848,87.0579089810383,85.98615084695587,86.02548217773438,3611600,0.0,0.0
2022-01-03 00:00:00-05:00,86.4777921299073,88.54264599679524,86.3499709150282,87.93302154541016,6813000,0.0,0.0
2022-01-04 00:00:00-05:00,88.7688022038715,90.2436937092571,84.96358692105578,86.89077758789062,11874900,0.0,0.0
2022-01-05 00:00:00-05:00,85.58304213892868,88.18868540492112,82.58409295514157,82.71192169189453,11010500,0.0,0.0
2022-01-06 00:00:00-05:00,81.38355816938417,84.88646315789445,80.68494551757678,84.15833282470703,9697100,0.06,0.0
2022-01-07 00:00:00-05:00,84.099298094271,84.49288469872404,81.26548054784121,81.77714538574219,10289300,0.0,0.0
2022-01-10 00:00:00-05:00,79.80922112533304,81.00965690962084,76.1488784083375,80.8915786743164,16685000,0.0,0.0
2022-01-11 00:00:00-05:00,79.87810666038993,85.03407003423722,79.50420346964012,84.84712219238281,15358700,0.0,0.0
2022-01-12 00:00:00-05:00,85.29973171863604,86.0180203097215,83.04645615941638,83.57779693603516,9308700,0.0,0.0
2022-01-13 00:00:00-05:00,84.53223521627163,85.26036547832742,77.24106834608408,77.38866424560547,13860600,0.0,0.0
2022-01-14 00:00:00-05:00,76.57197273468054,81.79681197745047,76.57197273468054,81.66889953613281,14780100,0.0,0.0
2022-01-18 00:00:00-05:00,79.01221191051498,80.2323236198208,76.17839438304331,76.42438507080078,12375000,0.0,0.0
2022-01-19 00:00:00-05:00,77.08363377126783,78.05776224246986,74.5548499503745,75.65689086914062,12153300,0.0,0.0
2022-01-20 00:00:00-05:00,76.09968465626456,77.38868111895431,72.54758560699725,72.61646270751953,10401200,0.0,0.0
2022-01-21 00:00:00-05:00,71.74073234039975,74.90908629416485,71.04211213657298,71.38650512695312,14820400,0.0,0.0
2022-01-24 00:00:00-05:00,69.92038049410249,71.06178072230206,65.89597703237997,70.9338607788086,22085000,0.0,0.0
2022-01-25 00:00:00-05:00,68.47397478910831,69.13323563920696,65.87631332678659,65.9451904296875,17846800,0.0,0.0
2022-01-26 00:00:00-05:00,68.88723152459535,71.04210475769645,65.85662457190335,66.57492065429688,19451800,0.0,0.0
2022-01-27 00:00:00-05:00,68.24765704665504,69.12338329495317,63.682070480120984,63.849342346191406,13587900,0.0,0.0
2022-01-28 00:00:00-05:00,63.84934167130991,65.27608464313126,61.54686870692681,65.25640869140625,11456300,0.0,0.0
2022-01-31 00:00:00-05:00,65.81726961709143,70.29430325961943,65.80742788734058,70.25494384765625,12501700,0.0,0.0
2022-02-01 00:00:00-05:00,71.07165046329276,71.45539543094864,68.17879685446353,71.25859832763672,10089300,0.0,0.0
2022-02-02 00:00:00-05:00,72.92148545701879,73.9251242339855,70.7075691039352,72.8919677734375,11005500,0.0,0.0
2022-02-03 00:00:00-05:00,69.88103607549611,71.37666376374554,67.24401542130529,67.52936553955078,11944300,0.0,0.0
2022-02-04 00:00:00-05:00,67.6671123940441,70.78627989610708,67.558883402212,69.95974731445312,7967100,0.0,0.0
2022-02-07 00:00:00-05:00,70.13687580422781,72.03592454194401,69.94992044699399,70.42222595214844,6969200,0.0,0.0
2022-02-08 00:00:00-05:00,69.97943797973791,75.52898764581452,69.96959624963424,75.27315521240234,13362600,0.0,0.0
2022-02-09 00:00:00-05:00,76.40472544028798,76.70975155601344,74.07273051965711,76.49327850341797,10748200,0.0,0.0
2022-02-10 00:00:00-05:00,73.68896367084824,76.9360434809234,72.00638840793127,72.65579986572266,12088800,0.0,0.0
2022-02-11 00:00:00-05:00,72.32125648804337,73.63976286689544,66.40763871949899,66.89962005615234,13642800,0.0,0.0
2022-02-14 00:00:00-05:00,66.98817687303969,68.7691468103751,65.55159235079137,66.66346740722656,12249900,0.0,0.0
2022-02-15 00:00:00-05:00,69.0545053009965,73.06907507650935,68.71011984386573,72.98051452636719,12663300,0.0,0.0
2022-02-16 00:00:00-05:00,71.41601573395893,71.66200641297611,69.43824857268963,70.94371032714844,7442300,0.0,0.0
2022-02-17 00:00:00-05:00,69.27098253872107,69.86135871660827,66.09277939541703,66.46669006347656,12107800,0.0,0.0
2022-02-18 00:00:00-05:00,67.09641452916107,67.94262299640761,65.19736634202023,66.26004028320312,9049100,0.0,0.0
2022-02-22 00:00:00-05:00,65.41385217153393,67.76552273215543,64.61683717529876,65.63031768798828,7596000,0.0,0.0
2022-02-23 00:00:00-05:00,66.44699830876571,67.66710992502755,63.63286445485899,63.780460357666016,9648200,0.0,0.0
2022-02-24 00:00:00-05:00,60.41532068166524,66.98819284064585,59.982374624048774,66.70284271240234,13272100,0.0,0.0
2022-02-25 00:00:00-05:00,66.77171934612434,68.20830420078372,65.23673970824954,67.64744567871094,8691700,0.0,0.0
2022-02-28 00:00:00-05:00,66.90946712594139,68.31653416137146,65.16785635826082,67.23417663574219,12495100,0.0,0.0
2022-03-01 00:00:00-05:00,67.37193173874563,67.44080883203249,63.11137116346331,63.90837860107422,12371200,0.0,0.0
2022-03-02 00:00:00-05:00,65.30563037048395,67.40146896571474,64.24294847415187,66.58477783203125,10682300,0.0,0.0
2022-03-03 00:00:00-05:00,67.23418161482573,67.79504012463467,63.652557533407204,64.15437316894531,18563500,0.0,0.0
2022-03-04 00:00:00-05:00,62.65874824336206,67.38177244791781,61.3500759836904,62.3930778503418,25845200,0.0,0.0
2022-03-07 00:00:00-05:00,63.91821887212178,65.52207544036841,59.99220963027929,60.18899917602539,17201600,0.0,0.0
2022-03-08 00:00:00-05:00,60.188994158906404,67.04721510574716,59.81509105033992,63.475433349609375,14892100,0.0,0.0
2022-03-09 00:00:00-05:00,65.25640470166618,66.2010079745529,63.957574263067016,65.48271942138672,10367600,0.0,0.0
2022-03-10 00:00:00-05:00,64.20356750488281,65.60079276613477,63.33768301348156,64.20356750488281,7693800,0.0,0.0
2022-03-11 00:00:00-05:00,64.91203062067157,65.45320568565657,61.930620623359985,62.078216552734375,6972000,0.0,0.0
2022-03-14 00:00:00-04:00,61.871575383195086,62.32419732256688,57.89636519001372,59.28375244140625,12496100,0.0,0.0
2022-03-15 00:00:00-04:00,60.31691456139138,64.91202245951025,59.95284940249971,64.72506713867188,12611200,0.0,0.0
2022-03-16 00:00:00-04:00,65.92549831867684,68.25749252890151,63.9969324030349,67.80487060546875,13280500,0.0,0.0
2022-03-17 00:00:00-04:00,66.83074233738382,68.36572919801503,65.8369454518093,68.2968521118164,7304200,0.0,0.0
2022-03-18 00:00:00-04:00,68.00166713923545,70.61900418468281,66.95866901289631,70.18606567382812,13982500,0.0,0.0
2022-03-21 00:00:00-04:00,69.52682564383893,70.56982396848751,67.99183833719509,69.57601928710938,7338200,0.0,0.0
2022-03-22 00:00:00-04:00,69.29064159528757,71.67182918611016,69.20208856836605,70.23524475097656,6645500,0.0,0.0
2022-03-23 00:00:00-04:00,69.3004988005202,70.86499601519256,67.74583580856536,67.83439636230469,6950300,0.0,0.0
2022-03-24 00:00:00-04:00,68.85770977435658,72.67548216625636,68.10989605595006,72.57708740234375,9556500,0.0,0.0
2022-03-25 00:00:00-04:00,72.53772232353042,73.65943905991172,71.83910979522548,73.17729949951172,10992600,0.0,0.0
2022-03-28 00:00:00-04:00,72.66565648384021,73.2461984810871,70.79612552851229,73.11827850341797,6988200,0.0,0.0
2022-03-29 00:00:00-04:00,74.70244979833942,75.36170303579654,73.10843495595292,74.93860626220703,7427200,0.0,0.0
2022-03-30 00:00:00-04:00,73.62993077444241,74.29902571192127,71.10114693119901,71.83911895751953,8727600,0.0,0.0
2022-03-31 00:00:00-04:00,72.13431372002708,72.61646091884785,70.45173815696393,70.55997467041016,8046700,0.0,0.0
2022-04-01 00:00:00-04:00,70.84532253273571,71.56361868929044,68.30669667362295,69.93023681640625,8033300,0.0,0.0
2022-04-04 00:00:00-04:00,70.4123826901858,71.82929166780386,69.59569918890314,71.78993225097656,9622300,0.0,0.0
2022-04-05 00:00:00-04:00,71.13066783124363,71.16018551250639,67.1062562951948,67.21449279785156,11140000,0.0,0.0
2022-04-06 00:00:00-04:00,65.69917641308498,66.64378707091187,63.898530645008876,65.43350982666016,14416500,0.0,0.0
2022-04-07 00:00:00-04:00,64.80322282828794,66.16231500713367,62.56760602180024,64.66534423828125,11019100,0.06,0.0
2022-04-08 00:00:00-04:00,64.61609656752994,64.74412453586139,62.035787126673426,62.193363189697266,10191000,0.0,0.0
2022-04-11 00:00:00-04:00,60.87366167985546,61.42517601679109,59.55396075561575,59.810020446777344,12152000,0.0,0.0
2022-04-12 00:00:00-04:00,61.85851031531293,62.38048029205902,58.84486404280886,59.21910858154297,10070200,0.0,0.0
2022-04-13 00:00:00-04:00,59.85926890818901,62.784278867028874,59.17972277176291,62.341094970703125,9497400,0.0,0.0
2022-04-14 00:00:00-04:00,62.64638964578571,62.656236505407826,59.94789552328441,60.046382904052734,7542200,0.0,0.0
2022-04-18 00:00:00-04:00,59.69183609835622,61.52366006235376,59.238805415643334,60.79486846923828,5830700,0.0,0.0
2022-04-19 00:00:00-04:00,60.036533075318225,62.95169195994359,59.60319986497969,62.8039665222168,8055100,0.0,0.0
2022-04-20 00:00:00-04:00,63.522911185009,64.14336482184109,61.53351103505243,61.986541748046875,6847500,0.0,0.0
2022-04-21 00:00:00-04:00,63.14867171161961,64.18276112810918,58.59865573760686,59.041839599609375,8136800,0.0,0.0
2022-04-22 00:00:00-04:00,58.89410099150534,59.603195057510234,57.43652166675797,57.55470275878906,8638100,0.0,0.0
2022-04-25 00:00:00-04:00,57.60395246387234,59.839561541799355,57.269102881630104,59.77062225341797,10497800,0.0,0.0
2022-04-26 00:00:00-04:00,58.99259284731783,59.514562820609534,56.973644728996675,57.0721321105957,10787300,0.0,0.0
2022-04-27 00:00:00-04:00,56.244862614254174,58.677446712148694,55.71304197021969,55.86077117919922,9750000,0.0,0.0
2022-04-28 00:00:00-04:00,57.45622449470418,60.942598968170394,56.294099670215445,60.1350212097168,11584600,0.0,0.0
2022-04-29 00:00:00-04:00,58.844872496637834,61.77972928497149,57.131229368381526,57.200172424316406,9138100,0.0,0.0
2022-05-02 00:00:00-04:00,57.22971122135741,59.17971639827044,56.51077020337254,59.16001892089844,8337300,0.0,0.0
2022-05-03 00:00:00-04:00,59.20926144224078,59.800174499721685,58.165321427437675,59.494869232177734,6329400,0.0,0.0
2022-05-04 00:00:00-04:00,59.83955769030326,62.15396028113175,56.90470154397695,61.95698928833008,11676300,0.0,0.0
2022-05-05 00:00:00-04:00,60.972151132146394,61.0509410488955,56.461533591740306,57.40699005126953,11948900,0.0,0.0
2022-05-06 00:00:00-04:00,57.15092503402818,59.593356033584534,54.76758647043645,56.87516784667969,11582300,0.0,0.0
2022-05-09 00:00:00-04:00,55.84107104766954,56.81607175849721,52.72894100153907,52.91606140136719,12399900,0.0,0.0
2022-05-10 00:00:00-04:00,54.5804572321428,55.693340252862555,52.00999849544324,54.29485321044922,11114200,0.0,0.0
2022-05-11 00:00:00-04:00,53.615306352140784,54.84637054447703,51.537273151281404,51.74409103393555,9426400,0.0,0.0
2022-05-12 00:00:00-04:00,50.60166482936323,52.847124767917684,49.64635779094916,51.59636306762695,12005800,0.0,0.0
2022-05-13 00:00:00-04:00,53.01454220087453,57.150914258875765,52.620600215870034,56.69788360595703,13265900,0.0,0.0
2022-05-16 00:00:00-04:00,56.284257660619886,56.48122493036009,54.16682569872401,54.393341064453125,9417900,0.0,0.0
2022-05-17 00:00:00-04:00,56.313797940414965,58.11607387561086,55.831219147753686,57.397132873535156,8401100,0.0,0.0
2022-05-18 00:00:00-04:00,56.500919817122835,58.20471216921279,53.86151794904219,54.17667007446289,10843400,0.0,0.0
2022-05-19 00:00:00-04:00,53.46758377223361,55.476681543591276,52.728945217197115,53.457733154296875,9730100,0.0,0.0
2022-05-20 00:00:00-04:00,55.013796514871245,55.06303833054423,50.276660211699664,53.250911712646484,13790100,0.0,0.0
2022-05-23 00:00:00-04:00,51.773635418809,54.12742955556295,51.773635418809,54.02894592285156,7554400,0.0,0.0
2022-05-24 00:00:00-04:00,52.54181839970506,52.76833751792377,50.778937325707766,51.6062126159668,10004900,0.0,0.0
2022-05-25 00:00:00-04:00,51.03498950312043,53.65469357665283,50.877413459483485,53.14257049560547,10589800,0.0,0.0
2022-05-26 00:00:00-04:00,52.443339999961175,56.36304834161732,52.34485635718541,56.126686096191406,16074500,0.0,0.0
2022-05-27 00:00:00-04:00,59.091084709988294,60.469878189318685,57.64335193238239,59.89866256713867,22143000,0.0,0.0
2022-05-31 00:00:00-04:00,59.6622974061672,60.0759331755345,57.58426042800625,58.25395965576172,14203200,0.0,0.0
2022-06-01 00:00:00-04:00,58.44108025642014,59.248658076646564,55.772133954039916,57.16077423095703,9731600,0.0,0.0
2022-06-02 00:00:00-04:00,56.30395476179389,60.56836328064212,56.30395476179389,60.49942398071289,10128900,0.0,0.0
2022-06-03 00:00:00-04:00,59.002439134506695,60.13501959199423,57.89940676966689,58.066829681396484,7900300,0.0,0.0
2022-06-06 00:00:00-04:00,59.69184160498776,60.253206580333554,58.470624264027734,58.83502197265625,5894900,0.0,0.0
2022-06-07 00:00:00-04:00,58.106219375598705,60.31228766255974,57.68273306942721,60.095619201660156,7182100,0.0,0.0
2022-06-08 00:00:00-04:00,59.29789664990374,60.14486938012975,57.850167774594034,58.450923919677734,6343700,0.0,0.0
2022-06-09 00:00:00-04:00,57.92896520797814,58.93351419363739,55.5751707127664,55.624412536621094,8386600,0.0,0.0
2022-06-10 00:00:00-04:00,54.383483803036604,54.718333357229675,52.11832306513155,52.26605224609375,12026100,0.0,0.0
2022-06-13 00:00:00-04:00,50.05013636501744,50.48346952911519,47.92285797933096,48.070587158203125,14442000,0.0,0.0
2022-06-14 00:00:00-04:00,48.7501422845901,49.084991897023265,46.89862067720021,47.78498840332031,9614100,0.0,0.0
2022-06-15 00:00:00-04:00,47.962252004242345,49.72513647351078,46.967550233732865,48.45467758178711,11363700,0.0,0.0
2022-06-16 00:00:00-04:00,46.672099238091135,46.9084651865819,43.65845687551706,44.35770034790039,14987600,0.0,0.0
2022-06-17 00:00:00-04:00,44.46603891977307,45.50013206180996,43.01830626677563,45.34255599975586,16001800,0.0,0.0
2022-06-21 00:00:00-04:00,46.189537924972235,47.64711772797813,46.051655555966875,46.31756591796875,8834600,0.0,0.0
2022-06-22 00:00:00-04:00,45.194830159218924,46.711502217358024,45.056951564280816,45.687255859375,7504600,0.0,0.0
2022-06-23 00:00:00-04:00,46.396352986788195,46.42589732844385,44.50543622571219,45.559226989746094,7252400,0.0,0.0
2022-06-24 00:00:00-04:00,46.494826785891625,48.30695324299053,46.1698278257609,47.48952865600586,20042300,0.0,0.0
2022-06-27 00:00:00-04:00,48.287261435163984,48.42514002576211,46.65240831238219,46.92816925048828,6915200,0.0,0.0
2022-06-28 00:00:00-04:00,46.9281583289085,47.87361452175401,44.57436094824693,44.633453369140625,10323300,0.0,0.0
2022-06-29 00:00:00-04:00,43.924373999786994,43.953922098545945,42.6145235000531,43.648616790771484,8065300,0.0,0.0
2022-06-30 00:00:00-04:00,43.14634354232199,44.338012899729975,41.90542860669721,42.870582580566406,10010100,0.0,0.0
2022-07-01 00:00:00-04:00,42.12209836850654,42.890281322848644,41.11754940526134,41.90542984008789,8790100,0.0,0.0
2022-07-05 00:00:00-04:00,40.7629933478331,42.338757629480625,40.44784124288549,42.32890701293945,9794500,0.0,0.0
2022-07-06 00:00:00-04:00,42.131938861251115,43.776642542426714,41.85618168997532,43.156185150146484,8859000,0.0,0.0
2022-07-07 00:00:00-04:00,44.4579699800798,46.37119973173011,44.438245496612005,45.956993103027344,10838200,0.06,0.0
2022-07-08 00:00:00-04:00,44.80314164275921,46.75582047497365,44.51714225892427,46.341617584228516,9130800,0.0,0.0
2022-07-11 00:00:00-04:00,45.2469304069571,45.74003120636403,44.388932307305446,44.57631301879883,5744500,0.0,0.0
2022-07-12 00:00:00-04:00,45.069420167705324,45.79920734688804,44.55659481262665,44.901763916015625,6897600,0.0,0.0
2022-07-13 00:00:00-04:00,43.97472993200791,45.98658211891932,43.54080257803236,45.50334167480469,6411700,0.0,0.0
2022-07-14 00:00:00-04:00,45.07927710472412,46.578304083661685,44.17197338071655,46.4599609375,8595700,0.0,0.0
2022-07-15 00:00:00-04:00,47.12071439757162,47.66312832351969,46.3317538171846,47.55464553833008,7314800,0.0,0.0
2022-07-18 00:00:00-04:00,48.68877074981136,50.21738244007584,47.78146710575365,47.949119567871094,12622000,0.0,0.0
2022-07-19 00:00:00-04:00,48.9254659898525,51.61779612717821,48.836707688091835,51.361385345458984,14093900,0.0,0.0
2022-07-20 00:00:00-04:00,51.46986596127805,53.29434138452148,50.92745577244497,52.939308166503906,13315500,0.0,0.0
2022-07-21 00:00:00-04:00,53.018203290895215,53.96495980981521,51.93338289391862,53.8170280456543,7900200,0.0,0.0
2022-07-22 00:00:00-04:00,53.81702128727357,53.81702128727357,50.64145091511425,51.302207946777344,10205600,0.0,0.0
2022-07-25 00:00:00-04:00,50.8880032843473,51.065519881088335,49.063531749249734,50.010284423828125,7416600,0.0,0.0
2022-07-26 00:00:00-04:00,49.80318258931445,50.2666985618269,48.29429529096296,48.79725646972656,7512300,0.0,0.0
2022-07-27 00:00:00-04:00,50.54283836863998,52.84069019196939,50.01028853464162,52.25883102416992,11212300,0.0,0.0
2022-07-28 00:00:00-04:00,52.761793618565605,53.34365280147709,51.49945658257911,53.02806854248047,6719900,0.0,0.0
2022-07-29 00:00:00-04:00,52.88999617744306,54.99060300846209,52.48565364657425,54.91170883178711,9048700,0.0,0.0
2022-08-01 00:00:00-04:00,54.221366925466846,55.099085802719614,53.22530490215076,54.5665397644043,6959700,0.0,0.0
2022-08-02 00:00:00-04:00,53.817026291399074,56.1148780506464,53.757852835251356,54.9412956237793,5241600,0.0,0.0
2022-08-03 00:00:00-04:00,54.80323175724705,57.623769405901434,54.783507270507926,57.41666793823242,9974500,0.0,0.0
2022-08-04 00:00:00-04:00,57.288461009558944,57.623769762074204,55.809158353531835,56.55867004394531,9768800,0.0,0.0
2022-08-05 00:00:00-04:00,55.29632539379545,56.80521269204024,55.23715194133187,56.154319763183594,7832700,0.0,0.0
2022-08-08 00:00:00-04:00,54.84268057188707,55.72039953789942,52.56455314794244,54.82295608520508,13949000,0.0,0.0
2022-08-09 00:00:00-04:00,53.39295004864147,53.432399012600264,49.724279165799466,50.55268859863281,16556800,0.0,0.0
2022-08-10 00:00:00-04:00,52.663167173465574,54.57639693143022,51.657241085651,54.23122787475586,13944900,0.0,0.0
2022-08-11 00:00:00-04:00,55.03004883510199,55.85845833421365,52.84068382906874,52.96888732910156,8965000,0.0,0.0
2022-08-12 00:00:00-04:00,53.88606013058583,54.82295249529468,53.432408252789436,54.596126556396484,7408400,0.0,0.0
2022-08-15 00:00:00-04:00,54.122735300234304,55.09907260500389,53.66907978520956,54.714454650878906,5062800,0.0,0.0
2022-08-16 00:00:00-04:00,54.458053799095914,54.59612142178291,52.959026908953255,53.60005569458008,5557100,0.0,0.0
2022-08-17 00:00:00-04:00,52.76179292070458,52.89000019987031,50.927457088260596,51.92352294921875,9196300,0.0,0.0
2022-08-18 00:00:00-04:00,52.179939452124685,55.000477329871124,51.94324935409176,53.79730987548828,8759200,0.0,0.0
2022-08-19 00:00:00-04:00,52.68289262486755,53.28447625941992,51.85448681447388,52.40675735473633,7419000,0.0,0.0
2022-08-22 00:00:00-04:00,50.67104062990589,51.52903499170174,49.85249147400936,50.22724914550781,7438900,0.0,0.0
2022-08-23 00:00:00-04:00,50.48367187654213,51.79532215658594,50.355468343382036,50.86829376220703,6093600,0.0,0.0
2022-08-24 00:00:00-04:00,50.79924595921139,51.81503622937067,50.52311069768422,51.5191764831543,6280800,0.0,0.0
2022-08-25 00:00:00-04:00,50.78938515652757,54.4580565114993,50.46393680507523,54.32984924316406,13229300,0.0,0.0
2022-08-26 00:00:00-04:00,53.47186143949034,53.540895262769155,49.29036425856418,49.47774124145508,23821800,0.0,0.0
2022-08-29 00:00:00-04:00,48.915601930194015,50.197667126647616,48.23512412384716,48.314022064208984,10153300,0.0,0.0
2022-08-30 00:00:00-04:00,48.895877342389824,49.10297877637883,46.54871647099935,47.337677001953125,9703500,0.0,0.0
2022-08-31 00:00:00-04:00,46.90375640156456,47.41658176101348,45.71044942954826,46.17396545410156,12090000,0.0,0.0
2022-09-01 00:00:00-04:00,44.783415284726644,45.46389304622482,43.02797761004228,45.335689544677734,16790800,0.0,0.0
2022-09-02 00:00:00-04:00,46.085210410203246,46.56845095534994,44.76369982628163,45.12859344482422,10358100,0.0,0.0
2022-09-06 00:00:00-04:00,45.26665919805519,45.473760650619795,44.201559564189935,44.46783447265625,7277200,0.0,0.0
2022-09-07 00:00:00-04:00,44.97079427809134,46.45009677095041,44.379074785772026,46.11478805541992,11024000,0.0,0.0
2022-09-08 00:00:00-04:00,45.66113565180916,47.84064039585474,45.04969168206269,47.48561096191406,9918700,0.0,0.0
2022-09-09 00:00:00-04:00,48.14636904071149,49.40870607440511,48.14636904071149,49.05367660522461,10922400,0.0,0.0
2022-09-12 00:00:00-04:00,49.339667428382185,49.901802068860015,48.70849897325345,49.55663299560547,9479800,0.0,0.0
2022-09-13 00:00:00-04:00,47.17988620685844,48.294295103958355,46.69664575206127,47.35740280151367,15732400,0.0,0.0
2022-09-14 00:00:00-04:00,47.38699025913349,48.76767412433586,46.92347802492226,47.74202346801758,7407200,0.0,0.0
2022-09-15 00:00:00-04:00,47.2390707251943,48.02803146289255,45.54280231759691,46.026039123535156,8870300,0.0,0.0
2022-09-16 00:00:00-04:00,45.02996761347281,45.848516796486756,44.32976533825947,45.710445404052734,12443800,0.0,0.0
2022-09-19 00:00:00-04:00,45.1581770800738,46.08520533059205,44.82286834911001,45.51321029663086,7830200,0.0,0.0
2022-09-20 00:00:00-04:00,45.02996694996531,45.552652617836884,44.448107829065364,44.66507339477539,5558600,0.0,0.0
2022-09-21 00:00:00-04:00,44.89190661694145,47.57437673051425,44.72425035381249,44.832733154296875,11894600,0.0,0.0
2022-09-22 00:00:00-04:00,44.80313955836286,44.8918978539733,42.771562882201984,42.91949462890625,12084400,0.0,0.0
2022-09-23 00:00:00-04:00,42.288333959330465,42.83074419335185,41.72619923799142,42.69267654418945,11335200,0.0,0.0
2022-09-26 00:00:00-04:00,42.672949574971184,43.71832476963984,41.93329827285325,42.022056579589844,8920800,0.0,0.0
2022-09-27 00:00:00-04:00,42.87018890805346,43.481632905897946,41.982605877262344,42.80115509033203,10397000,0.0,0.0
2022-09-28 00:00:00-04:00,42.08122346728705,44.23114340957618,42.051638621036545,43.93528366088867,9736100,0.0,0.0
2022-09-29 00:00:00-04:00,42.96879945038134,43.31396847374113,41.52894614999451,42.27845764160156,9648900,0.0,0.0
2022-09-30 00:00:00-04:00,41.78536325643614,44.231142920361435,41.69660495660551,42.31791305541992,11123300,0.0,0.0
2022-10-03 00:00:00-04:00,43.00825598828227,44.44810954225707,42.88004871614289,43.8859748840332,9859700,0.0,0.0
2022-10-04 00:00:00-04:00,45.52307160199302,46.558582663707746,45.44417742004556,46.39093017578125,9763200,0.0,0.0
2022-10-05 00:00:00-04:00,45.2765161585314,48.402777245701934,44.94120745773173,47.692710876464844,15167900,0.0,0.0
2022-10-06 00:00:00-04:00,47.7025886291568,48.68013902238141,47.041010734354856,47.35698699951172,12586400,0.06,0.0
2022-10-07 00:00:00-04:00,45.57961730589038,45.80672499978803,41.69902998972757,41.81752014160156,18033800,0.0,0.0
2022-10-10 00:00:00-04:00,41.40280345263843,41.62003854049479,38.70712890815121,39.793296813964844,12942600,0.0,0.0
2022-10-11 00:00:00-04:00,39.4970638375677,39.60568136579838,37.52221064568932,38.173912048339844,17731600,0.0,0.0
2022-10-12 00:00:00-04:00,37.81844437281489,38.07517744126702,36.9396351540228,37.50246810913086,12698400,0.0,0.0
2022-10-13 00:00:00-04:00,35.53749236750802,39.55631916231515,34.85616546138266,38.63801193237305,18383900,0.0,0.0
2022-10-14 00:00:00-04:00,39.43782728026298,39.58594281538551,36.47554671168856,36.5446662902832,13050400,0.0,0.0
2022-10-17 00:00:00-04:00,37.87769689212636,38.74663362811331,37.127250330722035,37.393856048583984,11932600,0.0,0.0
2022-10-18 00:00:00-04:00,38.786122022299296,39.2798354035067,36.51504122209204,37.26548767089844,11895700,0.0,0.0
2022-10-19 00:00:00-04:00,36.90013536930699,38.13441876588153,36.6335297036388,37.62095642089844,8271300,0.0,0.0
2022-10-20 00:00:00-04:00,37.907315395543705,39.418077239870335,37.39385299200978,37.591339111328125,10037600,0.0,0.0
2022-10-21 00:00:00-04:00,37.18649461150249,39.12185031220891,37.09762604531013,39.0428581237793,9788400,0.0,0.0
2022-10-24 00:00:00-04:00,39.230470312843124,39.250219302865304,36.4360541425613,37.907318115234375,13403300,0.0,0.0
2022-10-25 00:00:00-04:00,38.134422370880536,40.86959508826458,38.04555380725671,40.099403381347656,12620300,0.0,0.0
2022-10-26 00:00:00-04:00,39.34896263810506,40.08953285413013,38.02581036813752,38.262794494628906,12260700,0.0,0.0
2022-10-27 00:00:00-04:00,39.99078278327959,42.08412640762005,39.52669101229157,39.55631637573242,18838100,0.0,0.0
2022-10-28 00:00:00-04:00,39.2600860648645,40.60298705240689,38.588639337827445,40.49436950683594,11454800,0.0,0.0
2022-10-31 00:00:00-04:00,39.892043613721725,40.26726307990748,38.73675231677182,39.181095123291016,10413800,0.0,0.0
2022-11-01 00:00:00-04:00,40.30676013097953,40.533867834273565,38.874990572467055,39.24034118652344,7646900,0.0,0.0
2022-11-02 00:00:00-04:00,39.85254374954193,41.462050387215314,38.50964278314457,38.55901336669922,13712400,0.0,0.0
2022-11-03 00:00:00-04:00,37.84806599374505,39.00335338731167,36.73227280418206,36.75202178955078,16890300,0.0,0.0
2022-11-04 00:00:00-04:00,37.95668368096562,39.46744920037283,37.50246827080349,38.48002243041992,16070300,0.0,0.0
2022-11-07 00:00:00-05:00,39.062607540700384,39.220595686025646,37.98631212356749,39.01323318481445,15185600,0.0,0.0
2022-11-08 00:00:00-05:00,40.34626122923122,40.44500240640076,38.46027611811113,39.28971481323242,12220700,0.0,0.0
2022-11-09 00:00:00-05:00,38.13442497520466,38.351660093728455,36.24843978881836,36.24843978881836,14401500,0.0,0.0
2022-11-10 00:00:00-05:00,38.519510599844935,42.18286620478859,38.50963799105617,42.113746643066406,17081100,0.0,0.0
2022-11-11 00:00:00-05:00,41.6990300252682,43.25916605433052,41.38305377551224,42.80494689941406,12133800,0.0,0.0
2022-11-14 00:00:00-05:00,42.41985017960624,42.90369092055798,41.30406071929683,42.61733627319336,11645500,0.0,0.0
2022-11-15 00:00:00-05:00,45.04640842515272,45.63886675025031,43.36778215414421,44.137977600097656,11831300,0.0,0.0
2022-11-16 00:00:00-05:00,42.982689492489875,43.27892056030783,41.37318644213377,41.71878433227539,12062700,0.0,0.0
2022-11-17 00:00:00-05:00,40.48449451050045,43.427025610719,40.33637899950018,43.377655029296875,9368600,0.0,0.0
2022-11-18 00:00:00-05:00,44.286088581196964,44.51320005021989,43.21966964146122,43.44677734375,8687600,0.0,0.0
2022-11-21 00:00:00-05:00,42.54821834364494,42.765453431628174,40.918962717238855,41.02758026123047,11008900,0.0,0.0
2022-11-22 00:00:00-05:00,41.22506830370396,42.3902322121893,40.731354910845226,42.38035583496094,11645600,0.0,0.0
2022-11-23 00:00:00-05:00,42.61733600642491,43.59489009185834,42.311232374944275,43.13079833984375,6078700,0.0,0.0
2022-11-25 00:00:00-05:00,42.62721545903769,43.23942282027773,42.34086453423102,42.439605712890625,4078200,0.0,0.0
2022-11-28 00:00:00-05:00,41.79777387007158,43.525770588913275,41.718777926320826,42.13349533081055,10948100,0.0,0.0
2022-11-29 00:00:00-05:00,42.4099813740446,43.01231231848286,41.6792838922504,42.3704833984375,6747200,0.0,0.0
2022-11-30 00:00:00-05:00,42.62721812886081,46.02396912847338,42.10388306906528,45.93510055541992,15933900,0.0,0.0
2022-12-01 00:00:00-05:00,46.52755333625758,46.744788454303816,44.266348653236065,44.82918167114258,15710100,0.0,0.0
2022-12-02 00:00:00-05:00,41.47192785513705,44.32559085963443,40.49437361261705,44.15773010253906,25050200,0.0,0.0
2022-12-05 00:00:00-05:00,43.53563855981368,44.513192542534846,41.797769416539225,42.42972183227539,11345800,0.0,0.0
2022-12-06 00:00:00-05:00,42.47911011893751,42.72596686967513,40.237650370231734,40.5733757019043,8779900,0.0,0.0
2022-12-07 00:00:00-05:00,39.97103989929516,40.73135905363789,39.37858527429974,39.901920318603516,8219800,0.0,0.0
2022-12-08 00:00:00-05:00,40.03028983393893,41.49168128169111,39.63531754352594,41.17570495605469,9106100,0.0,0.0
2022-12-09 00:00:00-05:00,41.16581251285479,42.23223502077625,40.59310705865262,40.97820281982422,7312000,0.0,0.0
2022-12-12 00:00:00-05:00,40.978212999857014,42.3408630651403,40.523997567007385,42.04463577270508,9327200,0.0,0.0
2022-12-13 00:00:00-05:00,44.7501762084192,45.4117540334389,41.79777258601219,42.96293258666992,12390300,0.0,0.0
2022-12-14 00:00:00-05:00,42.696328496677374,43.713376704932564,41.48179044531079,42.113746643066406,13428200,0.0,0.0
2022-12-15 00:00:00-05:00,41.106568734629775,41.15593930926765,39.467440796211726,39.51681137084961,12079200,0.0,0.0
2022-12-16 00:00:00-05:00,39.11197853144082,39.497074404204284,37.808575377440846,38.49977493286133,20177700,0.0,0.0
2022-12-19 00:00:00-05:00,38.4503942916448,38.55901183118005,37.52221455088399,37.91718673706055,10651200,0.0,0.0
2022-12-20 00:00:00-05:00,37.472849139566556,37.62096090476786,36.43605171621962,37.33460998535156,11441900,0.0,0.0
2022-12-21 00:00:00-05:00,37.640705144232065,38.48002010807832,37.640705144232065,38.38127517700195,9160000,0.0,0.0
2022-12-22 00:00:00-05:00,37.39384916858797,37.56171367120191,35.90283646531871,36.60390853881836,14074200,0.0,0.0
2022-12-23 00:00:00-05:00,36.278057858246356,37.10749641960548,35.83371509917293,36.72239685058594,6097600,0.0,0.0
2022-12-27 00:00:00-05:00,36.25831485093484,36.278063839786974,35.39925078617211,35.596736907958984,8452600,0.0,0.0
2022-12-28 00:00:00-05:00,35.33012233886336,35.77446505964713,34.64879934481726,34.93515396118164,8096200,0.0,0.0
2022-12-29 00:00:00-05:00,35.63623166959658,36.76189756543885,35.34987700718502,36.29780578613281,7724300,0.0,0.0
2022-12-30 00:00:00-05:00,35.428872544911826,36.63353060833967,35.132645275765114,36.57428741455078,8107100,0.0,0.0
2023-01-03 00:00:00-05:00,37.43334440275618,37.71969903719943,35.33012456941611,35.5374870300293,10336700,0.0,0.0
2023-01-04 00:00:00-05:00,36.33730225468939,36.47554139171644,35.19188741923587,36.14969253540039,10226300,0.0,0.0
2023-01-05 00:00:00-05:00,35.34856663874321,35.59582856500692,34.29028212325038,34.300174713134766,13007300,0.06,0.0
2023-01-06 00:00:00-05:00,34.76502806728071,36.04089672930766,33.38035978197261,35.704620361328125,21224900,0.0,0.0
2023-01-09 00:00:00-05:00,36.6936691514286,37.613483839093654,36.35739277343366,36.51564025878906,10529800,0.0,0.0
2023-01-10 00:00:00-05:00,36.14969515187812,36.93104379379713,35.625501042373934,36.60465621948242,9699600,0.0,0.0
2023-01-11 00:00:00-05:00,36.901378002333544,38.0882324477593,36.54532015953851,37.99921798706055,10319200,0.0,0.0
2023-01-12 00:00:00-05:00,37.939867204746385,39.700370756274225,37.01016002978178,38.87946319580078,14713100,0.0,0.0
2023-01-13 00:00:00-05:00,38.22669804121604,40.31358567875996,38.09812077395386,40.224571228027344,11871700,0.0,0.0
2023-01-17 00:00:00-05:00,40.17511802015666,40.70920470363203,39.591579704415274,40.58062744140625,13030300,0.0,0.0
2023-01-18 00:00:00-05:00,41.03559473242812,41.45099299591257,39.59158208227677,40.046546936035156,7445100,0.0,0.0
2023-01-19 00:00:00-05:00,39.5421287457164,39.78939068417604,38.11790133843923,38.1475715637207,10528300,0.0,0.0
2023-01-20 00:00:00-05:00,38.52341328540047,39.12673305835614,37.643161330596826,39.047607421875,15860800,0.0,0.0
2023-01-23 00:00:00-05:00,39.759713482448,42.38068730647986,39.660806460668226,42.28178405761719,13619500,0.0,0.0
2023-01-24 00:00:00-05:00,41.648801497370314,42.805985557793036,41.500442825200224,42.04441833496094,8960300,0.0,0.0
2023-01-25 00:00:00-05:00,41.263074798232005,42.33124444413278,40.323478647882524,42.27190399169922,9600000,0.0,0.0
2023-01-26 00:00:00-05:00,43.122471569674644,43.992834468049665,42.33123428611416,43.9038200378418,10503900,0.0,0.0
2023-01-27 00:00:00-05:00,43.00379833399507,44.30934114160284,43.00379833399507,43.76536560058594,7953000,0.0,0.0
2023-01-30 00:00:00-05:00,43.00379608208039,43.07302912333433,41.5004430365763,41.53011703491211,10071400,0.0,0.0
2023-01-31 00:00:00-05:00,41.61912193939319,42.71696153018377,41.36196746835196,42.67740249633789,9438400,0.0,0.0
2023-02-01 00:00:00-05:00,42.84555034087938,45.980833824897346,42.77631729679892,45.61488342285156,14963200,0.0,0.0
2023-02-02 00:00:00-05:00,46.47534882923153,48.94796785291465,46.22808692686321,48.22595977783203,17101400,0.0,0.0
2023-02-03 00:00:00-05:00,46.267649812250255,47.79078416302962,46.000606482730426,46.06984329223633,11962100,0.0,0.0
2023-02-06 00:00:00-05:00,45.130242647139674,46.188523267990355,44.35878296034708,44.53681182861328,7777300,0.0,0.0
2023-02-07 00:00:00-05:00,44.90276007845467,46.554467668571505,44.18075205001505,46.267642974853516,10537600,0.0,0.0
2023-02-08 00:00:00-05:00,45.951154024163046,46.34677460289235,44.556596954872575,44.606048583984375,9069300,0.0,0.0
2023-02-09 00:00:00-05:00,45.456632973881916,45.96104943133038,44.12142004142223,44.615943908691406,7770300,0.0,0.0
2023-02-10 00:00:00-05:00,44.13130960936545,44.27966828123689,43.063139999811476,44.062076568603516,7650200,0.0,0.0
2023-02-13 00:00:00-05:00,44.39834776286475,45.387395398563825,43.71590625248262,45.10057067871094,7045500,0.0,0.0
2023-02-14 00:00:00-05:00,44.517037759047916,46.979768327232996,44.28955722831881,46.69294357299805,9264500,0.0,0.0
2023-02-15 00:00:00-05:00,45.891812030206076,46.54458332204555,44.97199742267083,46.22808837890625,8585000,0.0,0.0
2023-02-16 00:00:00-05:00,45.525866840872936,46.613821632388685,45.14013882105942,45.18959045410156,11002700,0.0,0.0
2023-02-17 00:00:00-05:00,44.64561045829863,44.79396911543401,43.13236875635423,43.65656280517578,8651900,0.0,0.0
2023-02-21 00:00:00-05:00,43.08291523903857,43.567546454983315,41.89605735275297,42.133426666259766,9607300,0.0,0.0
2023-02-22 00:00:00-05:00,42.380685967263226,43.00378697957615,41.67846311294381,42.49937438964844,7643200,0.0,0.0
2023-02-23 00:00:00-05:00,44.55659569158555,44.87309063642861,43.14225725616677,44.7544059753418,12550700,0.0,0.0
2023-02-24 00:00:00-05:00,44.00272935054135,44.32911309637562,43.10269618614411,43.36973571777344,9142100,0.0,0.0
2023-02-27 00:00:00-05:00,44.378563629129836,44.457689246121646,43.74557378486365,43.82469940185547,7026500,0.0,0.0
2023-02-28 00:00:00-05:00,43.6367844153238,45.19948162626421,43.52798856229407,44.6555061340332,9587000,0.0,0.0
2023-03-01 00:00:00-05:00,44.86320495605469,45.84236008107056,44.60605043732089,44.86320495605469,7761400,0.0,0.0
2023-03-02 00:00:00-05:00,44.31922145440225,46.08961367674464,43.56754321407322,45.72366714477539,13617100,0.0,0.0
2023-03-03 00:00:00-05:00,40.92679973551318,43.79503614187786,40.6498637810902,43.55766677856445,38293200,0.0,0.0
2023-03-06 00:00:00-05:00,43.8543693329281,44.10163122502333,41.33229878814008,41.80704116821289,19056500,0.0,0.0
2023-03-07 00:00:00-05:00,41.579566562647,41.76748426897464,40.42237878201288,40.659751892089844,13917100,0.0,0.0
2023-03-08 00:00:00-05:00,40.70919624843358,42.70707271495153,40.63996322305715,42.67740249633789,14765400,0.0,0.0
2023-03-09 00:00:00-05:00,42.479602959331274,43.2114962046233,40.39271153722395,40.461944580078125,12030400,0.0,0.0
2023-03-10 00:00:00-05:00,40.461942728232934,40.49161295297883,37.72228004680414,38.25636672973633,21552700,0.0,0.0
2023-03-13 00:00:00-04:00,37.58381001985068,38.4244989979699,36.2387046365261,37.57392120361328,26159500,0.0,0.0
2023-03-14 00:00:00-04:00,38.49373232802025,38.98825614789462,37.52446609381657,38.187129974365234,16990300,0.0,0.0
2023-03-15 00:00:00-04:00,37.51457962599112,37.742060144623984,36.347503036192876,37.20797348022461,18999200,0.0,0.0
2023-03-16 00:00:00-04:00,37.17830241122876,40.086101229762654,36.99038471043518,39.917964935302734,16172700,0.0,0.0
2023-03-17 00:00:00-04:00,39.78938875000586,39.967417638876206,39.0673843775506,39.5322380065918,15184000,0.0,0.0
2023-03-20 00:00:00-04:00,39.44322356908767,39.97730646287498,39.07727320139122,39.90807342529297,8976300,0.0,0.0
2023-03-21 00:00:00-04:00,40.53116863924352,41.31251711874738,40.115770474191045,40.679527282714844,8798600,0.0,0.0
2023-03-22 00:00:00-04:00,40.56084670446446,41.60923868125719,39.62125435712394,39.720157623291016,9901600,0.0,0.0
2023-03-23 00:00:00-04:00,40.57073802286367,42.835658212507255,40.56084543280646,41.81693649291992,13344800,0.0,0.0
2023-03-24 00:00:00-04:00,41.09493212086228,41.371868048783824,39.94763691352346,40.62018966674805,10616000,0.0,0.0
2023-03-27 00:00:00-04:00,41.035591474684466,41.2531794070328,40.46194198731697,40.7586555480957,8763000,0.0,0.0
2023-03-28 00:00:00-04:00,40.659752238116035,40.70920386936862,39.13661784886364,40.006980895996094,9832100,0.0,0.0
2023-03-29 00:00:00-04:00,40.90701017498324,42.5883918839003,40.87733995371087,42.23233413696289,11803500,0.0,0.0
2023-03-30 00:00:00-04:00,43.1027013395127,43.38952231016938,42.37080436848128,42.77631378173828,9842000,0.0,0.0
2023-03-31 00:00:00-04:00,42.54882776985933,42.91477432170218,42.23233284292759,42.82575988769531,8714000,0.0,0.0
2023-04-03 00:00:00-04:00,42.44992468037571,42.815875039043334,41.213615078460045,41.49055099487305,9312300,0.0,0.0
2023-04-04 00:00:00-04:00,41.62901905845261,41.66858187310708,39.75971945458219,40.036651611328125,10341000,0.0,0.0
2023-04-05 00:00:00-04:00,39.69987052301807,39.78901330741374,38.82821566103592,39.709774017333984,10814400,0.06,0.0
2023-04-06 00:00:00-04:00,39.14518576600144,39.56120059784122,38.49144547416892,38.88764953613281,8402500,0.0,0.0
2023-04-10 00:00:00-04:00,38.36267414486444,40.00693012161312,38.06552017866026,39.95740509033203,8696800,0.0,0.0
2023-04-11 00:00:00-04:00,39.97721370607343,40.21493535483016,39.46214509574386,39.709774017333984,7298500,0.0,0.0
2023-04-12 00:00:00-04:00,40.32389540846494,40.541810083308334,39.08575071688704,39.155086517333984,8471400,0.0,0.0
2023-04-13 00:00:00-04:00,39.521588230933936,40.314000241536526,39.33338778068434,40.00693893432617,8232900,0.0,0.0
2023-04-14 00:00:00-04:00,40.00693275952285,40.77953387829973,39.51167485702117,39.90788269042969,8209200,0.0,0.0
2023-04-17 00:00:00-04:00,39.2838591195261,40.23475344464947,39.03623015286784,40.076271057128906,7449200,0.0,0.0
2023-04-18 00:00:00-04:00,40.60124502893503,42.19597232143231,40.50219118005701,41.83938980102539,16610900,0.0,0.0
2023-04-19 00:00:00-04:00,41.126223629675195,41.522427751545294,40.61115487057735,40.640869140625,11253300,0.0,0.0
2023-04-20 00:00:00-04:00,39.64044411613451,40.35361672548899,38.78859989463178,39.09566116333008,9846100,0.0,0.0
2023-04-21 00:00:00-04:00,38.828210705610815,38.87773572790474,37.60987702029851,38.64991760253906,13950700,0.0,0.0
2023-04-24 00:00:00-04:00,38.61030589256716,39.07584953326333,38.055615677663596,38.392391204833984,6290500,0.0,0.0
2023-04-25 00:00:00-04:00,37.83770670775792,37.857517478432484,36.550036842056564,36.559940338134766,11514900,0.0,0.0
2023-04-26 00:00:00-04:00,37.34245206321917,37.798088493283416,37.06510502788219,37.718849182128906,11898700,0.0,0.0
2023-04-27 00:00:00-04:00,37.7287466641688,38.50134777271601,37.35234960526621,38.26362609863281,15976200,0.0,0.0
2023-04-28 00:00:00-04:00,38.39239526308416,39.14518947563547,38.19429510258806,39.105567932128906,9647400,0.0,0.0
2023-05-01 00:00:00-04:00,39.30366309637708,39.868256740482636,39.09565570718398,39.630531311035156,11314800,0.0,0.0
2023-05-02 00:00:00-04:00,39.23433555139046,39.6305396457723,38.521162891577504,39.115474700927734,14932300,0.0,0.0
2023-05-03 00:00:00-04:00,38.729168750441005,39.937599313005556,38.54097209664741,39.14518737792969,10699100,0.0,0.0
2023-05-04 00:00:00-04:00,38.75888103416973,39.264042386900655,38.26362317605339,38.966888427734375,11618100,0.0,0.0
2023-05-05 00:00:00-04:00,39.50177371432528,40.89840093142527,39.11547313192799,40.58143615722656,14043000,0.0,0.0
2023-05-08 00:00:00-04:00,40.46256940954784,40.799344936774844,40.086176121513745,40.62105178833008,7515700,0.0,0.0
2023-05-09 00:00:00-04:00,39.80883319205594,39.987126358717056,39.382911047089756,39.61073303222656,10792000,0.0,0.0
2023-05-10 00:00:00-04:00,40.214944270450864,40.51210206505265,39.590921970231086,40.04655838012695,11554500,0.0,0.0
2023-05-11 00:00:00-04:00,39.87816739412142,40.135703637134185,38.92727306265474,39.35319519042969,12547900,0.0,0.0
2023-05-12 00:00:00-04:00,39.58101574043024,39.74940541371919,38.85793956340924,39.739498138427734,8538600,0.0,0.0
2023-05-15 00:00:00-04:00,39.94750231738815,41.68090489317477,39.80882693737031,41.670997619628906,8838100,0.0,0.0
2023-05-16 00:00:00-04:00,41.41347093148617,41.91863237540361,41.17574545413084,41.27479553222656,10651500,0.0,0.0
2023-05-17 00:00:00-04:00,41.89881239125372,43.49354323616169,41.64127997772081,43.176578521728516,12472100,0.0,0.0
2023-05-18 00:00:00-04:00,43.1072471825581,44.64254588526815,43.09733990879189,44.315677642822266,17331500,0.0,0.0
2023-05-19 00:00:00-04:00,44.50387081285842,45.078367955443824,44.27605265471959,45.02884292602539,11055500,0.0,0.0
2023-05-22 00:00:00-04:00,44.61283748837941,46.19766143279925,44.58311944169019,45.99955749511719,9368300,0.0,0.0
2023-05-23 00:00:00-04:00,45.29628811225413,46.85139765139215,45.29628811225413,46.14813232421875,12710600,0.0,0.0
2023-05-24 00:00:00-04:00,45.068467677243426,45.642968639345185,44.57320979068031,45.543914794921875,13802400,0.0,0.0
2023-05-25 00:00:00-04:00,48.535276502699205,49.25835261758255,46.25709081031694,49.00082015991211,37900300,0.0,0.0
2023-05-26 00:00:00-04:00,58.11356249118104,65.12641644869923,58.02441969300123,64.8886947631836,94307300,0.0,0.0
2023-05-30 00:00:00-04:00,66.84991223144289,67.34517015370851,60.7285277884765,62.7987060546875,51926500,0.0,0.0
2023-05-31 00:00:00-04:00,61.21387717646574,62.50154699215082,57.77678983607437,57.935272216796875,37896700,0.0,0.0
2023-06-01 00:00:00-04:00,58.82673057877126,61.51102739051321,58.05412949251051,60.520511627197266,24980300,0.0,0.0
2023-06-02 00:00:00-04:00,61.629894635942186,61.88742708286026,58.569200645379055,59.6092414855957,18030100,0.0,0.0
2023-06-05 00:00:00-04:00,59.01493591533436,59.03474290715742,56.71693567649587,57.47963333129883,15900500,0.0,0.0
2023-06-06 00:00:00-04:00,57.54897175836236,59.73801474924779,57.489543223151294,58.57910919189453,16472000,0.0,0.0
2023-06-07 00:00:00-04:00,61.66952325623921,63.03643636671279,58.549400186148624,58.76731491088867,23824500,0.0,0.0
2023-06-08 00:00:00-04:00,58.6484412269077,59.78753593969668,57.80650428511968,59.15360641479492,12172600,0.0,0.0
2023-06-09 00:00:00-04:00,60.28279383900226,61.441695542965505,59.0050275152597,59.440853118896484,14404400,0.0,0.0
2023-06-12 00:00:00-04:00,60.30260419390599,61.69923134929695,60.28279342407913,61.46150588989258,15907700,0.0,0.0
2023-06-13 00:00:00-04:00,62.719458449950146,62.8284157895532,61.223781295127964,62.45201873779297,12424300,0.0,0.0
2023-06-14 00:00:00-04:00,62.184583737143086,62.432212699178244,60.31250938872019,62.362876892089844,13383900,0.0,0.0
2023-06-15 00:00:00-04:00,61.59027505396636,62.224204585155775,60.96624901860013,61.44169616699219,11443900,0.0,0.0
2023-06-16 00:00:00-04:00,62.21430321978794,62.47183568370827,60.233271477723896,60.54032897949219,17825600,0.0,0.0
2023-06-20 00:00:00-04:00,60.134213843108974,61.41198014325652,59.76772405185198,60.25307846069336,10631700,0.0,0.0
2023-06-21 00:00:00-04:00,60.04507225356242,60.35213354003453,58.16309432780072,58.2918586730957,10386300,0.0,0.0
2023-06-22 00:00:00-04:00,57.62821587500904,59.18332554950967,57.47963697728495,58.55929946899414,9138100,0.0,0.0
2023-06-23 00:00:00-04:00,57.26171439487978,57.70744344031649,56.05328402294101,57.2716178894043,24355900,0.0,0.0
2023-06-26 00:00:00-04:00,57.529157784670694,58.57910208352055,57.132949964923476,57.20228576660156,10316000,0.0,0.0
2023-06-27 00:00:00-04:00,57.36077143575508,60.193647307776466,57.22209982442839,60.01535415649414,12291600,0.0,0.0
2023-06-28 00:00:00-04:00,58.014516064338444,60.8771064158884,58.014516064338444,59.50028991699219,10114600,0.0,0.0
2023-06-29 00:00:00-04:00,59.85687016045404,59.85687016045404,57.56877729973452,57.81640625,14868400,0.0,0.0
2023-06-30 00:00:00-04:00,58.73758086656768,59.53989995219724,58.598909271684995,59.21302795410156,9065900,0.0,0.0
2023-07-03 00:00:00-04:00,59.74791263730881,60.7978607435296,59.74791263730881,60.76814270019531,5699800,0.0,0.0
2023-07-05 00:00:00-04:00,60.18373907376838,60.61956844929405,59.21303403144349,59.24275207519531,7279700,0.0,0.0
2023-07-06 00:00:00-04:00,58.112435694029394,58.46938010796908,56.942452907143846,58.32065200805664,10174700,0.06,0.0
2023-07-07 00:00:00-04:00,59.40139638386611,59.74842356043041,58.479291277780895,58.647850036621094,9505900,0.0,0.0
2023-07-10 00:00:00-04:00,58.37022832643374,59.98639167354544,58.330570776744494,59.778175354003906,10124900,0.0,0.0
2023-07-11 00:00:00-04:00,61.20594292472277,61.68186751250619,59.936810690633635,61.622379302978516,12004500,0.0,0.0
2023-07-12 00:00:00-04:00,62.584148017474774,63.149308756930594,61.414165206805215,62.346187591552734,11423600,0.0,0.0
2023-07-13 00:00:00-04:00,63.307940474034545,64.93401700055783,62.52465009612982,64.8150405883789,12938400,0.0,0.0
2023-07-14 00:00:00-04:00,63.952427899967994,64.5671671394807,62.64363432925132,62.91134262084961,11408700,0.0,0.0
2023-07-17 00:00:00-04:00,63.0204103709362,64.38869595535876,62.4651631149486,64.01191711425781,8586100,0.0,0.0
2023-07-18 00:00:00-04:00,64.84478445630945,65.48926775689793,63.65496738646356,65.20172882080078,9876900,0.0,0.0
2023-07-19 00:00:00-04:00,65.43969180174268,66.24281287135692,64.30937045760983,65.07283020019531,10606800,0.0,0.0
2023-07-20 00:00:00-04:00,64.11108157441953,64.47793566963581,62.26686739765842,62.68330383300781,12700300,0.0,0.0
2023-07-21 00:00:00-04:00,63.58555849173782,64.12097500928688,62.65354008817284,62.871673583984375,19046300,0.0,0.0
2023-07-24 00:00:00-04:00,63.149296635551885,63.23853272372216,61.92973928543284,62.574222564697266,5605300,0.0,0.0
2023-07-25 00:00:00-04:00,62.80228139034914,64.15073262566484,62.69321461946554,63.35752868652344,6994900,0.0,0.0
2023-07-26 00:00:00-04:00,62.58414467328755,63.595485885197085,61.751275662439255,63.16913604736328,9094000,0.0,0.0
2023-07-27 00:00:00-04:00,64.79520721173982,65.67765091819881,62.76261152006818,63.34760284423828,10780200,0.0,0.0
2023-07-28 00:00:00-04:00,64.84477807546365,64.85469529700819,63.70453966579704,64.35894012451172,7097900,0.0,0.0
2023-07-31 00:00:00-04:00,64.68615418153222,65.69749930407508,64.14082785021598,64.57708740234375,7391800,0.0,0.0
2023-08-01 00:00:00-04:00,64.31930137905479,65.72724474762373,63.68473514069621,65.37030029296875,6941300,0.0,0.0
2023-08-02 00:00:00-04:00,64.34903310434221,64.44818264163514,60.46230996899807,61.58271789550781,13743500,0.0,0.0
2023-08-03 00:00:00-04:00,60.91840429921933,62.465162054584376,60.6705266720186,61.8206787109375,9047400,0.0,0.0
2023-08-04 00:00:00-04:00,61.71161444389776,63.25836838466228,61.11670588164711,62.15779113769531,7627000,0.0,0.0
2023-08-07 00:00:00-04:00,62.68329771988898,63.06006900285027,61.90991692460976,63.010494232177734,4769000,0.0,0.0
2023-08-08 00:00:00-04:00,61.88016712343135,61.89999778633773,60.2739212511368,61.43398666381836,9182600,0.0,0.0
2023-08-09 00:00:00-04:00,61.29517785504602,61.57279958039253,59.16342880024295,59.43113708496094,9272600,0.0,0.0
2023-08-10 00:00:00-04:00,59.60961033898049,60.53171540870064,57.69599476696445,58.42971420288086,9706500,0.0,0.0
2023-08-11 00:00:00-04:00,57.60675142331967,57.69598750859256,56.21863916412262,56.60532760620117,9950800,0.0,0.0
2023-08-14 00:00:00-04:00,56.12941122771553,59.22292299577176,55.911277702643865,59.06428146362305,14179000,0.0,0.0
2023-08-15 00:00:00-04:00,58.8560710552482,59.47080658109024,58.251248971396414,58.618106842041016,8371700,0.0,0.0
2023-08-16 00:00:00-04:00,58.509030181955836,58.509030181955836,56.76397344845647,56.88295364379883,11453300,0.0,0.0
2023-08-17 00:00:00-04:00,57.37871212019444,57.61667630666901,56.446693602986635,57.071346282958984,10816700,0.0,0.0
2023-08-18 00:00:00-04:00,57.11100673361713,57.37871503865031,56.13932683885556,57.10109329223633,12328600,0.0,0.0
2023-08-21 00:00:00-04:00,57.35887374615438,59.63935063710127,57.28946832241028,59.52036666870117,12100000,0.0,0.0
2023-08-22 00:00:00-04:00,60.33341570875265,61.17620194919077,58.856067101123806,59.08411407470703,13603600,0.0,0.0
2023-08-23 00:00:00-04:00,58.89572704229334,61.24560594123578,58.647849409593974,60.97789764404297,13460600,0.0,0.0
2023-08-24 00:00:00-04:00,63.42693327756769,63.684728147538365,56.456611299113725,56.80364227294922,27361400,0.0,0.0
2023-08-25 00:00:00-04:00,54.00758095961673,54.62231644260247,51.806426324576975,53.045814514160156,32505500,0.0,0.0
2023-08-28 00:00:00-04:00,53.33335166202376,54.79086955126667,53.10530469679953,54.70163345336914,13560400,0.0,0.0
2023-08-29 00:00:00-04:00,54.404181782413964,55.9707702370621,54.16622137304495,55.64356994628906,10356500,0.0,0.0
2023-08-30 00:00:00-04:00,55.64356646658252,57.44811521775104,55.37585818604931,56.85321044921875,11605600,0.0,0.0
2023-08-31 00:00:00-04:00,56.85321490309684,58.15209508099835,56.85321490309684,57.755489349365234,10331900,0.0,0.0
2023-09-01 00:00:00-04:00,58.43962779713628,58.786658743238505,56.94244859895569,57.45803451538086,7638700,0.0,0.0
2023-09-05 00:00:00-04:00,57.25972963621138,57.924039835528525,56.79371850502263,57.39854049682617,5623600,0.0,0.0
2023-09-06 00:00:00-04:00,57.21015461166109,57.73565394799803,56.07983328624307,56.22855758666992,10960400,0.0,0.0
2023-09-07 00:00:00-04:00,54.77104608217894,56.55576436902434,54.11664925092521,56.09967041015625,10635000,0.0,0.0
2023-09-08 00:00:00-04:00,55.82204341614274,56.26822392176463,54.929686187211566,55.26679992675781,9415900,0.0,0.0
2023-09-11 00:00:00-04:00,56.3376245891276,56.3376245891276,54.30502888258388,55.84186935424805,8430000,0.0,0.0
2023-09-12 00:00:00-04:00,55.35603108523907,56.54584061757796,55.12798034981811,55.17755889892578,5571400,0.0,0.0
2023-09-13 00:00:00-04:00,55.23704603278232,55.99059608975361,54.870188226850395,55.12797927856445,6328200,0.0,0.0
2023-09-14 00:00:00-04:00,55.97076589086733,55.980679331191034,54.89001934459696,55.365943908691406,7864800,0.0,0.0
2023-09-15 00:00:00-04:00,55.04866320055604,55.23704883319356,53.700208320611516,54.027408599853516,14009900,0.0,0.0
2023-09-18 00:00:00-04:00,53.41267829927541,54.60249185005745,53.273867411774894,54.3149528503418,7076900,0.0,0.0
2023-09-19 00:00:00-04:00,54.10672673230634,54.126557395835604,52.91691339673687,53.630802154541016,6518400,0.0,0.0
2023-09-20 00:00:00-04:00,53.80927316748557,54.27528429445338,52.47073177586916,52.490562438964844,5934600,0.0,0.0
2023-09-21 00:00:00-04:00,53.8489423806292,54.98917730829263,51.350335199300524,51.39990997314453,18074600,0.0,0.0
2023-09-22 00:00:00-04:00,51.855995178222656,52.926828267335935,51.59820412842436,51.855995178222656,8548500,0.0,0.0
2023-09-25 00:00:00-04:00,51.57837880095175,52.36167303616136,51.23134784218559,52.18320083618164,6441700,0.0,0.0
2023-09-26 00:00:00-04:00,51.49904683781731,52.0146326799064,51.00329165684456,51.270999908447266,7038300,0.0,0.0
2023-09-27 00:00:00-04:00,51.66761096334717,52.6293773252402,51.122280963774365,52.10387420654297,7647900,0.0,0.0
2023-09-28 00:00:00-04:00,51.8163313817422,54.265363258433354,51.746925956940686,53.541561126708984,10187800,0.0,0.0
2023-09-29 00:00:00-04:00,54.53308050011786,54.95943034115834,53.5514833868982,53.670467376708984,7998800,0.0,0.0
2023-10-02 00:00:00-04:00,53.4721634099274,54.77104357131178,53.373013869436235,54.12656021118164,7042600,0.0,0.0
2023-10-03 00:00:00-04:00,53.26394832888284,54.05715601796824,51.61804095566341,52.11379623413086,7325800,0.0,0.0
2023-10-04 00:00:00-04:00,52.48064685618747,52.96648484410564,51.90556899682561,52.857421875,6516800,0.0,0.0
2023-10-05 00:00:00-04:00,52.63904678853992,53.145289046304626,51.91442900720985,52.70853042602539,6948400,0.06,0.0
2023-10-06 00:00:00-04:00,51.894578255164774,54.544896352273355,51.8648006339687,54.12799072265625,7855600,0.0,0.0
2023-10-09 00:00:00-04:00,53.45300554856995,54.237182419834895,52.92691402594705,53.869911193847656,5252700,0.0,0.0
2023-10-10 00:00:00-04:00,54.177624937518,55.4680402677068,53.85005595928828,54.64415740966797,6941200,0.0,0.0
2023-10-11 00:00:00-04:00,54.88238565773694,55.54744438968042,53.81034593949632,54.733489990234375,6620600,0.0,0.0
2023-10-12 00:00:00-04:00,54.802973791090665,55.29928763550172,53.691231839850666,54.217323303222656,9195100,0.0,0.0
2023-10-13 00:00:00-04:00,54.18754483623463,54.31658749400276,51.96405718197775,52.2320671081543,9176000,0.0,0.0
2023-10-16 00:00:00-04:00,52.251923549207945,53.383518565255144,51.92435836451896,53.264404296875,9492400,0.0,0.0
2023-10-17 00:00:00-04:00,52.04347272934325,53.48278371016193,51.477675220271145,52.77801513671875,8427000,0.0,0.0
2023-10-18 00:00:00-04:00,51.78538583705561,52.08317717945248,50.822539532781484,51.09054946899414,8792900,0.0,0.0
2023-10-19 00:00:00-04:00,51.686126797913836,52.08317941375994,50.097923907678144,50.31629943847656,10031500,0.0,0.0
2023-10-20 00:00:00-04:00,50.31629648672285,50.55452879956974,48.976250613359795,49.10529327392578,9822400,0.0,0.0
2023-10-23 00:00:00-04:00,48.75786873251664,49.53212086842827,47.80494710462813,48.658607482910156,8743500,0.0,0.0
2023-10-24 00:00:00-04:00,49.29388984451114,49.48248773827632,48.569272101214544,49.125144958496094,8380300,0.0,0.0
2023-10-25 00:00:00-04:00,48.479930471262946,48.8372770008479,46.782538242308064,47.199440002441406,9165800,0.0,0.0
2023-10-26 00:00:00-04:00,47.19945157635451,47.81487975789859,46.08770949014514,46.28623580932617,7733800,0.0,0.0
2023-10-27 00:00:00-04:00,46.861948508948196,47.47738035281979,46.41526532761359,46.91157913208008,8914300,0.0,0.0
2023-10-30 00:00:00-04:00,46.78254017982519,47.41782124247612,45.86932081233412,46.4847526550293,8004700,0.0,0.0
2023-10-31 00:00:00-04:00,46.53438223266625,46.9512840007,45.730352525863516,46.87187576293945,6668500,0.0,0.0
2023-11-01 00:00:00-04:00,46.70312583889014,47.42774350172191,45.98843657211797,47.34833526611328,8445700,0.0,0.0
2023-11-02 00:00:00-04:00,48.7380237219711,49.03581509279859,48.08288952198487,48.53950119018555,9121500,0.0,0.0
2023-11-03 00:00:00-04:00,49.17478288278865,51.4578261008517,49.03581559448715,50.98136520385742,9774500,0.0,0.0
2023-11-06 00:00:00-05:00,51.259288605292795,51.64641276304181,50.4354096671607,50.862239837646484,6334500,0.0,0.0
2023-11-07 00:00:00-05:00,50.77291097780689,51.31885548353693,50.51482564206764,50.80268859863281,5323700,0.0,0.0
2023-11-08 00:00:00-05:00,50.97143744563073,51.39826771453357,50.71335587648175,51.199745178222656,8417900,0.0,0.0
2023-11-09 00:00:00-05:00,51.50744847804308,54.09820726676187,51.48759547052878,52.10302734375,14767200,0.0,0.0
2023-11-10 00:00:00-05:00,52.926908065068744,54.5349638607198,52.142731282121495,54.217323303222656,11251900,0.0,0.0
2023-11-13 00:00:00-05:00,53.60189463056924,53.73093728899469,52.06332248645105,53.05595016479492,6348900,0.0,0.0
2023-11-14 00:00:00-05:00,55.08091057074534,57.00660686977055,54.92209029646052,56.609554290771484,12492700,0.0,0.0
2023-11-15 00:00:00-05:00,56.96691067631075,57.69152853932863,56.32170485741384,56.748531341552734,8896000,0.0,0.0
2023-11-16 00:00:00-05:00,54.80297497034555,54.81290336792893,53.07580487511122,54.25703048706055,17783800,0.0,0.0
2023-11-17 00:00:00-05:00,54.29673273963129,55.37869702017514,54.28680434273629,55.17024612426758,6730500,0.0,0.0
2023-11-20 00:00:00-05:00,55.09083444911084,56.182723346986144,55.0312754270803,55.96434783935547,7259800,0.0,0.0
2023-11-21 00:00:00-05:00,55.25958534402072,55.3687750030031,53.850055748437605,54.276885986328125,8927800,0.0,0.0
2023-11-22 00:00:00-05:00,54.67393755413453,55.92464683626423,54.67393755413453,55.09083938598633,7266900,0.0,0.0
2023-11-24 00:00:00-05:00,55.09084041670139,55.81545822364926,54.9617977482773,55.6169319152832,3121700,0.0,0.0
2023-11-27 00:00:00-05:00,55.20002919765541,55.99413063191478,54.94194386491217,55.487892150878906,5724400,0.0,0.0
2023-11-28 00:00:00-05:00,55.358844012959096,55.358844012959096,54.2570267251992,55.17024612426758,7650000,0.0,0.0
2023-11-29 00:00:00-05:00,56.07354079747586,56.818011577233996,55.487890299269814,55.6864128112793,7682500,0.0,0.0
2023-11-30 00:00:00-05:00,56.291916081684086,56.530148396299225,54.86253355371581,55.31914138793945,17162500,0.0,0.0
2023-12-01 00:00:00-05:00,51.8350253682024,53.44308135762693,50.147557336547244,52.41074752807617,25375900,0.0,0.0
2023-12-04 00:00:00-05:00,51.636496238601886,51.69605526703304,50.256744265829106,51.62656784057617,13407500,0.0,0.0
2023-12-05 00:00:00-05:00,50.84239214051931,51.09054906617733,50.11777437198678,50.32622528076172,9851100,0.0,0.0
2023-12-06 00:00:00-05:00,51.179886475953325,51.477674033879666,49.97880406001742,50.0582160949707,8285800,0.0,0.0
2023-12-07 00:00:00-05:00,50.39570362941724,52.10302431051319,50.18725274251333,51.805233001708984,9685800,0.0,0.0
2023-12-08 00:00:00-05:00,51.338710007401474,52.7283866278384,51.27915097741831,52.49015808105469,7086100,0.0,0.0
2023-12-11 00:00:00-05:00,53.3438115418033,54.20739653649128,52.500075767917075,54.07835388183594,13871200,0.0,0.0
2023-12-12 00:00:00-05:00,53.41330206628457,53.919540566677405,53.10558609211672,53.859981536865234,7184300,0.0,0.0
2023-12-13 00:00:00-05:00,53.93939402599658,56.91727738307425,53.80042674185154,56.78823471069336,12116200,0.0,0.0
2023-12-14 00:00:00-05:00,57.641894366264715,59.49810723802639,57.41359043329505,58.852901458740234,16705500,0.0,0.0
2023-12-15 00:00:00-05:00,59.21024338141536,59.835596101453724,58.664295121196574,59.15068435668945,15502700,0.0,0.0
2023-12-18 00:00:00-05:00,59.071273239306436,59.48817884570139,57.93967825799388,59.279727935791016,8117300,0.0,0.0
2023-12-19 00:00:00-05:00,59.18046305017802,59.47825060606555,58.634518566621836,59.22016906738281,5956600,0.0,0.0
2023-12-20 00:00:00-05:00,58.87275437126836,60.15324131610626,57.07609674533535,57.11580276489258,11758100,0.0,0.0
2023-12-21 00:00:00-05:00,58.81320024229184,59.92494237650436,58.57496789167321,59.80582809448242,8210500,0.0,0.0
2023-12-22 00:00:00-05:00,60.05398505753006,60.22272997484658,59.269808145521566,59.80582809448242,3677700,0.0,0.0
2023-12-26 00:00:00-05:00,60.21279518625969,61.03667798189489,60.123458543197735,60.69918441772461,4670300,0.0,0.0
2023-12-27 00:00:00-05:00,61.046604816594076,61.24513111802793,60.44110130117922,60.808372497558594,4737100,0.0,0.0
2023-12-28 00:00:00-05:00,60.93742014972324,61.334472785093084,60.44110624879821,60.84808349609375,4109200,0.0,0.0
2023-12-29 00:00:00-05:00,60.937415305249424,61.13594160715167,59.62714701389854,59.865379333496094,4778600,0.0,0.0
2024-01-02 00:00:00-05:00,59.021648307468034,59.319435891304714,57.125729353599205,57.74115753173828,8894100,0.0,0.0
2024-01-03 00:00:00-05:00,56.58970202345771,57.00660761551799,55.92464329949426,56.34154510498047,6446200,0.0,0.0
2024-01-04 00:00:00-05:00,55.6757842014562,58.68663150162434,55.27831522530027,57.70288848876953,17872600,0.06,0.0
2024-01-05 00:00:00-05:00,58.17985686619815,60.76342241677619,58.15004773368926,59.541194915771484,17199800,0.0,0.0
2024-01-08 00:00:00-05:00,59.62068664312118,64.05249010718704,59.57100349570148,63.70470428466797,18835100,0.0,0.0
2024-01-09 00:00:00-05:00,62.711027554591006,63.57552646858628,62.66134440607748,63.06875228881836,10379500,0.0,0.0
2024-01-10 00:00:00-05:00,63.605342119119584,63.89350969967547,61.84653129409487,63.02900695800781,9645300,0.0,0.0
2024-01-11 00:00:00-05:00,63.08862769468804,65.63244513472165,62.51229254562068,65.45358276367188,17050700,0.0,0.0
2024-01-12 00:00:00-05:00,65.45357940283263,66.72548616225028,65.02629751510679,65.26477813720703,13828900,0.0,0.0
2024-01-16 00:00:00-05:00,65.15549139507047,66.5665128821582,64.25124800701109,65.10580444335938,10386300,0.0,0.0
2024-01-17 00:00:00-05:00,64.2810452857531,65.02630393693312,62.8799553825764,64.94680786132812,10483700,0.0,0.0
2024-01-18 00:00:00-05:00,66.90435166273586,69.43822639668056,66.90435166273586,67.7787857055664,22439700,0.0,0.0
2024-01-19 00:00:00-05:00,68.5637933503195,70.75982118411919,68.18619837702909,70.63064575195312,18636700,0.0,0.0
2024-01-22 00:00:00-05:00,71.6839440788192,72.0913557760111,68.49423799604625,69.66677856445312,14311500,0.0,0.0
2024-01-23 00:00:00-05:00,69.6071604367117,70.28286191104868,68.42468096133122,70.15367889404297,10142400,0.0,0.0
2024-01-24 00:00:00-05:00,71.29640327557314,72.77698151355301,70.64057209428945,71.82305145263672,13684800,0.0,0.0
2024-01-25 00:00:00-05:00,72.99559780372655,73.06515497270905,69.46804483223906,69.5574722290039,15890500,0.0,0.0
2024-01-26 00:00:00-05:00,68.26569463158756,69.13019746222896,67.35151243576946,67.60987091064453,14228700,0.0,0.0
2024-01-29 00:00:00-05:00,68.01726806666153,69.75620487343248,67.75891719952136,69.69658660888672,8733600,0.0,0.0
2024-01-30 00:00:00-05:00,69.55746852639297,70.31266602169072,67.90795920523767,68.39486694335938,9223600,0.0,0.0
2024-01-31 00:00:00-05:00,66.98384320123566,69.01093981874708,66.26839376862593,67.27200317382812,10017700,0.0,0.0
2024-02-01 00:00:00-05:00,67.76884412123022,67.81853105923305,65.09585515848161,66.44725799560547,11575400,0.0,0.0
2024-02-02 00:00:00-05:00,66.67579886409621,68.23587317481568,66.27832610863676,67.10308074951172,11434100,0.0,0.0
2024-02-05 00:00:00-05:00,67.25213706089028,67.61980070323422,65.35420816769022,66.59630584716797,8514300,0.0,0.0
2024-02-06 00:00:00-05:00,66.79505153991954,67.06334132512816,65.43370964158595,66.65593719482422,8569000,0.0,0.0
2024-02-07 00:00:00-05:00,67.2422000784661,69.29911359121998,65.59269825518251,68.93145751953125,15516000,0.0,0.0
2024-02-08 00:00:00-05:00,69.75619867618872,72.39938602661405,69.51771805802984,70.57101440429688,17086400,0.0,0.0
2024-02-09 00:00:00-05:00,67.7986615865085,69.02088143087845,66.50687699569623,68.39486694335938,21879400,0.0,0.0
2024-02-12 00:00:00-05:00,68.6234124421386,72.26027820703487,68.41474093481612,69.97481536865234,14266600,0.0,0.0
2024-02-13 00:00:00-05:00,67.32170004596898,69.22956042705454,66.6360596416688,67.69929504394531,12862600,0.0,0.0
2024-02-14 00:00:00-05:00,68.97119991166224,69.10037533422964,67.62972842434161,68.52404022216797,10569200,0.0,0.0
2024-02-15 00:00:00-05:00,68.06694527606551,68.24580762529288,66.13920746563292,67.0136489868164,12986600,0.0,0.0
2024-02-16 00:00:00-05:00,66.8844665404392,67.73903026253329,65.54300270078603,65.87091827392578,11088200,0.0,0.0
2024-02-20 00:00:00-05:00,65.39395882153708,65.66225617649792,63.128373776442,64.62882995605469,12304900,0.0,0.0
2024-02-21 00:00:00-05:00,64.09225582646712,65.13562116308469,63.45630226662014,65.10580444335938,8797500,0.0,0.0
2024-02-22 00:00:00-05:00,68.42467432076752,69.95493949887735,67.79865984928897,69.42829132080078,16683200,0.0,0.0
2024-02-23 00:00:00-05:00,69.40840916848715,69.93505731359579,67.10307643252749,67.15276336669922,8541900,0.0,0.0
2024-02-26 00:00:00-05:00,67.898035405936,68.49424082884975,67.52043282586544,68.18620300292969,6307000,0.0,0.0
2024-02-27 00:00:00-05:00,69.09043539301162,70.71013550840674,68.67309242068094,68.69296264648438,10797500,0.0,0.0
2024-02-28 00:00:00-05:00,67.7887309888498,67.94771556561493,66.80499165044823,67.11302947998047,7690300,0.0,0.0
2024-02-29 00:00:00-05:00,68.34516535608658,71.33613798437875,68.24579908143612,71.20696258544922,14234400,0.0,0.0
2024-03-01 00:00:00-05:00,73.5222515164492,77.5963308208763,72.9956032574964,77.11936950683594,20462800,0.0,0.0
2024-03-04 00:00:00-05:00,78.24220631733704,79.58367014774025,76.66226188136835,78.84835052490234,17817800,0.0,0.0
2024-03-05 00:00:00-05:00,77.80500263563579,79.08684078526103,77.04980511446311,78.23228454589844,11051900,0.0,0.0
2024-03-06 00:00:00-05:00,81.12388057523145,81.98838326314785,79.27563867772906,80.8555908203125,16829500,0.0,0.0
2024-03-07 00:00:00-05:00,80.66679297163924,85.21784074358489,80.46806037299224,84.55207061767578,30723300,0.0,0.0
2024-03-08 00:00:00-05:00,80.4382377405905,80.8853974263832,74.90345112467801,74.94319915771484,40992400,0.0,0.0
2024-03-11 00:00:00-04:00,73.581876008741,73.581876008741,70.4617269711354,71.90255737304688,20587300,0.0,0.0
2024-03-12 00:00:00-04:00,72.61800006483512,72.79686243272536,70.81943748183815,71.31627655029297,16875600,0.0,0.0
2024-03-13 00:00:00-04:00,70.21331288417652,70.26299225087958,66.88448448735356,67.20246124267578,27385900,0.0,0.0
2024-03-14 00:00:00-04:00,66.87454289616585,67.04346636311814,64.8076905132916,65.6622543334961,21934700,0.0,0.0
2024-03-15 00:00:00-04:00,65.30452665200131,67.79866083272933,64.73813043211574,66.44725799560547,18474800,0.0,0.0
2024-03-18 00:00:00-04:00,67.40119146579984,67.78872534201454,66.03984965630026,66.7751693725586,11330500,0.0,0.0
2024-03-19 00:00:00-04:00,64.58907101505427,65.63243596391595,63.058805961265904,64.64868927001953,19428300,0.0,0.0
2024-03-20 00:00:00-04:00,64.62883227719038,65.63244940116338,64.14193207257826,65.12567138671875,14717300,0.0,0.0
2024-03-21 00:00:00-04:00,67.57011137839645,68.12656869318778,66.02990727774748,66.16902160644531,17415900,0.0,0.0
2024-03-22 00:00:00-04:00,65.88085837770176,66.83478840508793,65.34427131582918,66.11933898925781,10233800,0.0,0.0
2024-03-25 00:00:00-04:00,65.14553854734798,66.64599471018512,64.03262384636176,65.7020034790039,9915500,0.0,0.0
2024-03-26 00:00:00-04:00,66.51681355151992,68.50416972497518,66.41743967791741,67.8284683227539,13401300,0.0,0.0
2024-03-27 00:00:00-04:00,71.09766961514592,72.30995050386521,69.90525137114163,71.85285949707031,22855100,0.0,0.0
2024-03-28 00:00:00-04:00,71.54482221023612,72.12115731974194,70.08411421045784,70.43190002441406,12474000,0.0,0.0
2024-04-01 00:00:00-04:00,71.03804733180404,73.43281526206734,70.99829929689766,72.73723602294922,10137800,0.0,0.0
2024-04-02 00:00:00-04:00,71.54481904058105,73.24400758305542,71.05791892261351,73.12476348876953,12361400,0.0,0.0
2024-04-03 00:00:00-04:00,72.6974966092173,75.05250895710257,72.00191736014821,72.56831359863281,11338900,0.0,0.0
2024-04-04 00:00:00-04:00,74.54572669500966,75.80770211000214,69.97480901447702,70.43190002441406,13364200,0.0,0.0
2024-04-05 00:00:00-04:00,70.96848463574699,72.26026913547294,70.60082860854705,72.19071197509766,9567200,0.0,0.0
2024-04-08 00:00:00-04:00,72.6776128505203,73.14464275266121,70.90886711308944,71.46532440185547,8656700,0.0,0.0
2024-04-09 00:00:00-04:00,72.80680085910299,73.61168538371943,71.3461002235081,72.87635803222656,9753800,0.0,0.0
2024-04-10 00:00:00-04:00,71.74355284214228,73.5917946387567,69.89531104552788,70.97842407226562,13930500,0.0,0.0
2024-04-11 00:00:00-04:00,71.83370666140321,73.6337734984401,68.18383669447505,71.13754272460938,24859600,0.06,0.0
2024-04-12 00:00:00-04:00,69.59604984867653,71.92320752180375,69.51648695706491,69.77506256103516,14256700,0.0,0.0
2024-04-15 00:00:00-04:00,70.76958675538364,71.38618029073612,67.32856324906227,67.50757598876953,12431800,0.0,0.0
2024-04-16 00:00:00-04:00,66.9606029866927,68.61149162895079,66.77164297333299,67.90538787841797,8642600,0.0,0.0
2024-04-17 00:00:00-04:00,68.07445023477419,69.00929541039137,65.98597327358814,66.11526489257812,9761000,0.0,0.0
2024-04-18 00:00:00-04:00,65.14064047857028,66.01580971073867,64.01684284762872,64.88206481933594,11870200,0.0,0.0
2024-04-19 00:00:00-04:00,64.39475573995885,65.3594351480614,61.60017115212836,61.78913116455078,14886800,0.0,0.0
2024-04-22 00:00:00-04:00,62.43555766309735,63.01237732655136,61.38137575836391,62.535011291503906,9851200,0.0,0.0
2024-04-23 00:00:00-04:00,63.25106027772057,64.3151894729753,62.604628746325815,63.50963592529297,9155100,0.0,0.0
2024-04-24 00:00:00-04:00,64.41462351584838,65.29974733906,63.23115784077715,64.49418640136719,9111600,0.0,0.0
2024-04-25 00:00:00-04:00,65.18042059501965,67.6567572714622,65.12075220855053,67.10977935791016,12342200,0.0,0.0
2024-04-26 00:00:00-04:00,68.15401337827912,69.35737388112167,67.42802272503232,69.238037109375,11543800,0.0,0.0
2024-04-29 00:00:00-04:00,69.17835623676126,69.70544717474417,67.80593034611506,68.372802734375,9051800,0.0,0.0
2024-04-30 00:00:00-04:00,67.19928183545144,68.14406669494636,65.39921469602926,65.54839324951172,12782900,0.0,0.0
2024-05-01 00:00:00-04:00,64.1361708291548,66.47327593966928,62.99248262787299,63.4698486328125,11171200,0.0,0.0
2024-05-02 00:00:00-04:00,64.76273052793763,66.72191601188449,64.49420759794286,66.3042221069336,12956900,0.0,0.0
2024-05-03 00:00:00-04:00,68.64132119827762,68.99934667971178,67.20922686007717,68.13412475585938,9011500,0.0,0.0
2024-05-06 00:00:00-04:00,68.94962591214968,69.58611397409717,68.11423058863348,69.43693542480469,7018800,0.0,0.0
2024-05-07 00:00:00-04:00,69.2976979659718,69.58610777891747,68.26340306050531,68.30318450927734,6454800,0.0,0.0
2024-05-08 00:00:00-04:00,67.48769210077137,68.34297438600359,67.16944805888517,67.73632049560547,6611000,0.0,0.0
2024-05-09 00:00:00-04:00,67.48768276696919,68.54186458725677,67.1495442512417,67.30867004394531,13647800,0.0,0.0
2024-05-10 00:00:00-04:00,67.79598798789428,69.0192430128552,67.48769121037914,68.09434509277344,8484100,0.0,0.0
2024-05-13 00:00:00-04:00,68.62143234317377,70.14303680286447,68.47225379883358,68.64131927490234,5261400,0.0,0.0
2024-05-14 00:00:00-04:00,68.07445359492613,68.62143911564523,66.60257770059661,67.64681243896484,9267400,0.0,0.0
2024-05-15 00:00:00-04:00,68.57170074306401,69.79495565006462,67.80592870943872,69.76512145996094,10009000,0.0,0.0
2024-05-16 00:00:00-04:00,70.40161725114702,74.14099043711812,70.38172273052308,72.6790542602539,18116300,0.0,0.0
2024-05-17 00:00:00-04:00,73.26581224559233,73.61389047456682,71.49557932034811,71.5254135131836,7874800,0.0,0.0
2024-05-20 00:00:00-04:00,71.95305282709839,74.36972102358382,71.28673057884811,74.0614242553711,10466000,0.0,0.0
2024-05-21 00:00:00-04:00,72.5199224221253,73.53433043867139,72.02266567333805,72.89784240722656,7617000,0.0,0.0
2024-05-22 00:00:00-04:00,73.4647244827948,73.75313434561912,72.36081374794668,73.27576446533203,7692700,0.0,0.0
2024-05-23 00:00:00-04:00,75.44379371188893,75.83165336471873,72.77849726389641,74.6083984375,15618300,0.0,0.0
2024-05-24 00:00:00-04:00,75.48358086763767,77.5422236373216,74.8470927950084,76.2593002319336,9353700,0.0,0.0
2024-05-28 00:00:00-04:00,76.57753336703396,78.00963512035082,75.67252251249755,77.90023803710938,12410800,0.0,0.0
2024-05-29 00:00:00-04:00,76.48802459536677,76.96538674938479,75.28465677734613,75.36421966552734,9204400,0.0,0.0
2024-05-30 00:00:00-04:00,74.97636371987363,77.01511920043872,74.66806699758199,76.42835235595703,14314200,0.0,0.0
2024-05-31 00:00:00-04:00,75.8714366260065,76.05044936139666,66.69207358564135,68.4324722290039,37095900,0.0,0.0
2024-06-03 00:00:00-04:00,69.81484953177173,70.7695892353581,66.73185898436394,67.83576965332031,12623300,0.0,0.0
2024-06-04 00:00:00-04:00,67.31862604288513,67.39818136203023,65.73734551961988,66.01580810546875,14604900,0.0,0.0
2024-06-05 00:00:00-04:00,67.07994016206874,69.51650306644925,66.65229900497579,69.41705322265625,12610900,0.0,0.0
2024-06-06 00:00:00-04:00,69.09878976285319,69.516483541992,67.48767543077327,67.72635650634766,8626300,0.0,0.0
2024-06-07 00:00:00-04:00,67.63687602853531,68.58166096894797,67.14955887291971,67.61698150634766,8800000,0.0,0.0
2024-06-10 00:00:00-04:00,66.7020254506192,69.47671924697413,66.66224399694852,69.08885955810547,9190100,0.0,0.0
2024-06-11 00:00:00-04:00,68.64130727656242,70.3817056187297,68.2335607533441,70.01374053955078,6407400,0.0,0.0
2024-06-12 00:00:00-04:00,71.30660837192906,72.99728571931492,71.01820616042426,72.95750427246094,10296500,0.0,0.0
2024-06-13 00:00:00-04:00,74.18077200573465,75.28468280135549,71.25690693594785,72.47021484375,17515600,0.0,0.0
2024-06-14 00:00:00-04:00,71.7939274700136,73.07685071469409,71.25688930334256,72.86799621582031,6029800,0.0,0.0
2024-06-17 00:00:00-04:00,73.01717675197175,73.03707127028423,70.3817145532007,71.42595672607422,9859200,0.0,0.0
2024-06-18 00:00:00-04:00,72.15194923995868,73.72327462441504,71.61491110063753,72.73870849609375,8747400,0.0,0.0
2024-06-20 00:00:00-04:00,72.72876819320125,74.88686821525457,72.49008708207701,72.83816528320312,14490000,0.0,0.0
2024-06-21 00:00:00-04:00,72.54976457568478,72.6094405516133,70.54085042861335,71.4955825805664,14397100,0.0,0.0
2024-06-24 00:00:00-04:00,70.8789754303315,71.1673852624433,67.15949697962776,67.39817810058594,13810100,0.0,0.0
2024-06-25 00:00:00-04:00,67.75620642744846,68.26341046992532,66.43350915300414,67.885498046875,13940100,0.0,0.0
2024-06-26 00:00:00-04:00,67.70647911805486,68.09433876583826,66.91086530399187,67.89543151855469,6637300,0.0,0.0
2024-06-27 00:00:00-04:00,67.32856518867536,68.76066714758969,67.27884406304081,68.35292053222656,6039000,0.0,0.0
2024-06-28 00:00:00-04:00,68.92973540897093,71.9033365455304,68.87006702079135,69.5165023803711,22414300,0.0,0.0
2024-07-01 00:00:00-04:00,69.66567358572338,70.66018708394905,68.45236590388231,70.61045837402344,7210400,0.0,0.0
2024-07-02 00:00:00-04:00,70.40161503255655,71.33646019647334,69.47671712863826,71.20716857910156,8308600,0.0,0.0
2024-07-03 00:00:00-04:00,70.59058606789127,72.73873172360383,70.59058606789127,71.80388641357422,6101800,0.0,0.0
2024-07-05 00:00:00-04:00,72.11218093261843,72.54976174296775,71.17733575078495,71.68453979492188,5403200,0.0,0.0
2024-07-08 00:00:00-04:00,71.65469902845693,75.13549619677129,71.59502306033299,74.49900817871094,12762300,0.0,0.0
2024-07-09 00:00:00-04:00,74.7973617572876,76.01066947913417,72.86800307910298,73.43487548828125,9080200,0.0,0.0
2024-07-10 00:00:00-04:00,73.75312625611204,75.42390168501812,72.79838660025712,74.46916961669922,8445200,0.0,0.0
2024-07-11 00:00:00-04:00,74.83713731969372,74.89680569884757,71.2071616996367,71.78398132324219,11489800,0.0,0.0
2024-07-12 00:00:00-04:00,72.57030684273712,74.4415449539889,71.2166426452024,73.24713134765625,10190800,0.06,0.0
2024-07-15 00:00:00-04:00,73.53578959906656,73.91402403528706,72.59021869621355,73.25709533691406,7870800,0.0,0.0
2024-07-16 00:00:00-04:00,73.65522079175557,75.33734921013912,72.0726325306013,75.24776458740234,6787300,0.0,0.0
2024-07-17 00:00:00-04:00,72.16221790866987,72.38119412975335,67.59360665439594,67.61351013183594,18019200,0.0,0.0
2024-07-18 00:00:00-04:00,69.41507470064137,69.60419190837749,65.69250172894543,67.89220428466797,12542600,0.0,0.0
2024-07-19 00:00:00-04:00,67.77276733925655,68.20076428749945,65.7223672398763,66.20013427734375,9367800,0.0,0.0
2024-07-22 00:00:00-04:00,67.81257925622258,68.83778685991581,66.03091796389339,68.68848419189453,10653300,0.0,0.0
2024-07-23 00:00:00-04:00,67.71303442616028,69.58428001833238,67.71303442616028,68.07135772705078,5956600,0.0,0.0
2024-07-24 00:00:00-04:00,66.73761117546559,67.53387934861719,63.95065358481368,64.05018615722656,10741400,0.0,0.0
2024-07-25 00:00:00-04:00,63.55251310229871,66.29965603286985,61.830573850890474,63.691864013671875,13634700,0.0,0.0
2024-07-26 00:00:00-04:00,65.60292029565477,65.9911026269079,64.36869215099784,65.41380310058594,8626600,0.0,0.0
2024-07-29 00:00:00-04:00,65.59296285840033,66.4390010534196,63.791390774633314,64.17958068847656,8623400,0.0,0.0
2024-07-30 00:00:00-04:00,64.57771525232407,65.16497033570919,61.99978595063854,62.507408142089844,10623700,0.0,0.0
2024-07-31 00:00:00-04:00,66.21007472615763,67.07602406124622,64.61753077126646,66.66793823242188,14508100,0.0,0.0
2024-08-01 00:00:00-04:00,65.24459766426065,66.58830633231135,61.8504816213932,62.766197204589844,14189300,0.0,0.0
2024-08-02 00:00:00-04:00,60.277843503710294,60.53663045518348,57.7098622770753,58.97394561767578,20178800,0.0,0.0
2024-08-05 00:00:00-04:00,53.18106652391074,58.54595356241903,52.94218302858056,57.401309967041016,14025800,0.0,0.0
2024-08-06 00:00:00-04:00,58.68529969631158,59.65078160314123,56.61499255836905,57.94874954223633,11107100,0.0,0.0
2024-08-07 00:00:00-04:00,60.06882217061518,61.23337300527395,55.768949759569736,55.88839340209961,11349500,0.0,0.0
2024-08-08 00:00:00-04:00,58.0283739955773,60.94472315065266,57.03303309068944,60.87504959106445,13045500,0.0,0.0
2024-08-09 00:00:00-04:00,60.357476408721105,61.07412312920669,59.45171626896273,60.27785110473633,7720100,0.0,0.0
2024-08-12 00:00:00-04:00,60.65607383087294,61.33290595501548,59.680640192414415,60.22807693481445,8332500,0.0,0.0
2024-08-13 00:00:00-04:00,61.711138748722185,64.27912021595078,60.45701082544327,63.751590728759766,11852500,0.0,0.0
2024-08-14 00:00:00-04:00,64.05018633368911,64.74692953019593,62.59698950968148,63.4927978515625,7701300,0.0,0.0
2024-08-15 00:00:00-04:00,66.45890323213501,69.4747922965668,65.64272406321841,69.0069808959961,17091400,0.0,0.0
2024-08-16 00:00:00-04:00,67.80262610088649,70.02223209654966,67.70308593395927,68.99703216552734,11575800,0.0,0.0
2024-08-19 00:00:00-04:00,68.59888955687292,70.82845852835888,67.25518092819352,70.70901489257812,9607200,0.0,0.0
2024-08-20 00:00:00-04:00,69.67385631633813,70.67915265517979,68.53916840669416,69.08660888671875,10304300,0.0,0.0
2024-08-21 00:00:00-04:00,69.97247383002563,71.1668799667532,69.16624247357794,71.00762176513672,9332700,0.0,0.0
2024-08-22 00:00:00-04:00,71.16688327360345,71.44557754553313,68.07137207894995,68.34011840820312,9705600,0.0,0.0
2024-08-23 00:00:00-04:00,70.13171945144879,72.24184490974385,69.68381908048379,71.50528717041016,12982800,0.0,0.0
2024-08-26 00:00:00-04:00,70.63933567616604,71.51523282015766,68.26047184289393,68.49935150146484,10382000,0.0,0.0
2024-08-27 00:00:00-04:00,68.01164052258672,69.86297506807372,66.72764994466199,69.38520812988281,6699300,0.0,0.0
2024-08-28 00:00:00-04:00,68.77805292549743,69.64400222030322,67.31490062461958,68.12113189697266,8661000,0.0,0.0
2024-08-29 00:00:00-04:00,68.81787464314567,71.42567074049383,68.50932136985507,69.51461029052734,16527000,0.0,0.0
2024-08-30 00:00:00-04:00,77.93518810690162,78.63192363320104,72.37122905544774,75.88478088378906,32029800,0.0,0.0
2024-09-03 00:00:00-04:00,74.2325313482929,74.65057273307437,69.21601194936842,69.69377136230469,22273200,0.0,0.0
2024-09-04 00:00:00-04:00,68.7581491123554,71.82380081404344,68.24056760747393,70.53981018066406,11815400,0.0,0.0
2024-09-05 00:00:00-04:00,69.39517069586545,71.65459126050332,69.03684735437726,69.56437683105469,8823800,0.0,0.0
2024-09-06 00:00:00-04:00,69.17619937660237,69.26577642139497,65.22469439863526,65.89157104492188,17130900,0.0,0.0
2024-09-09 00:00:00-04:00,67.52392304148559,68.70838114305266,67.19546631566186,68.60884857177734,11622600,0.0,0.0
2024-09-10 00:00:00-04:00,68.24057341451626,71.53515713792294,68.16095190947668,71.26641082763672,12203700,0.0,0.0
2024-09-11 00:00:00-04:00,72.53049888078344,74.79987506682642,70.61943845593505,74.54108428955078,14571600,0.0,0.0
2024-09-12 00:00:00-04:00,73.72489517149162,75.26767649965629,72.96843401239138,73.95382690429688,10595400,0.0,0.0
2024-09-13 00:00:00-04:00,74.66052508191395,75.55633343524003,72.93858193641776,74.13299560546875,8863600,0.0,0.0
2024-09-16 00:00:00-04:00,73.52583297040573,74.07326589386045,72.10249521926629,73.05802154541016,7666700,0.0,0.0
2024-09-17 00:00:00-04:00,73.65522662825514,73.88415837663626,71.63468581549579,72.43095397949219,6346700,0.0,0.0
2024-09-18 00:00:00-04:00,72.65988555162279,73.71494447343679,71.07729716890181,71.21664428710938,8449200,0.0,0.0
2024-09-19 00:00:00-04:00,74.48135781397755,75.66580826461805,73.16750819245125,74.53112030029297,12149600,0.0,0.0
2024-09-20 00:00:00-04:00,74.13298397841287,74.40172264533727,72.10248789395402,73.52582550048828,14307500,0.0,0.0
2024-09-23 00:00:00-04:00,73.52583308413618,73.7647127675796,69.7435347260157,71.47542572021484,14430600,0.0,0.0
2024-09-24 00:00:00-04:00,72.0726323176844,72.32146752232684,70.51989547689904,70.8682632446289,7702100,0.0,0.0
2024-09-25 00:00:00-04:00,70.37059123098284,71.6545817689262,69.98240892809852,70.84835815429688,9341100,0.0,0.0
2024-09-26 00:00:00-04:00,73.44620795008233,74.48136342592436,71.13701730208042,73.1077880859375,11715300,0.0,0.0
2024-09-27 00:00:00-04:00,72.85895082939449,73.0082534831374,69.73358101146285,70.65924835205078,12366900,0.0,0.0
2024-09-30 00:00:00-04:00,70.20140042276498,71.85367014917824,69.91275061777051,71.78399658203125,9082900,0.0,0.0
2024-10-01 00:00:00-04:00,71.69440175961272,72.44090741324275,69.66390547047725,69.98241424560547,12896400,0.0,0.0
2024-10-02 00:00:00-04:00,70.17153503013579,72.6399838590141,69.69376804608405,71.70436096191406,10872900,0.0,0.0
2024-10-03 00:00:00-04:00,70.69906550216146,73.49597110359923,70.52985936548593,71.90342712402344,8344400,0.0,0.0
2024-10-04 00:00:00-04:00,73.3765311491375,73.90406060239476,72.27170216090697,73.06797790527344,10249200,0.0,0.0
2024-10-07 00:00:00-04:00,71.82380411009676,74.11308365951953,71.56501334577992,73.37653350830078,8227200,0.0,0.0
2024-10-08 00:00:00-04:00,72.31151514742902,73.43624758777149,71.47542487449759,72.76937103271484,9750100,0.0,0.0
2024-10-09 00:00:00-04:00,72.4906776691832,73.35661936941959,71.22659050676609,72.50062561035156,8105200,0.0,0.0
2024-10-10 00:00:00-04:00,71.6744969302644,72.54043861206344,71.14696749334128,72.2020263671875,7658400,0.0,0.0
2024-10-11 00:00:00-04:00,71.67406092624762,74.22424821739335,71.49475094171498,73.72616577148438,7650700,0.06,0.0
2024-10-14 00:00:00-04:00,74.71236554149795,77.62116514921456,74.2640943883029,77.38208770751953,12347900,0.0,0.0
2024-10-15 00:00:00-04:00,80.13150978742877,82.33303338132255,77.67098118244886,79.10546112060547,25056300,0.0,0.0
2024-10-16 00:00:00-04:00,79.1054541368157,82.09394867738054,77.94989926639934,81.36674499511719,16355600,0.0,0.0
2024-10-17 00:00:00-04:00,83.80734788593183,83.86712294630117,79.5836109596822,79.6035385131836,12989700,0.0,0.0
2024-10-18 00:00:00-04:00,80.16138715360918,80.75908454699784,79.21502598062035,79.54376220703125,5996000,0.0,0.0
2024-10-21 00:00:00-04:00,80.46023437082562,82.62191794612711,80.2709682108769,81.51617431640625,8408700,0.0,0.0
2024-10-22 00:00:00-04:00,80.88857863488172,83.32918695239567,80.88857863488172,83.03033447265625,8795100,0.0,0.0
2024-10-23 00:00:00-04:00,82.582070438734,83.01042164304148,79.47403326328414,81.51617431640625,8366400,0.0,0.0
2024-10-24 00:00:00-04:00,82.55218105063291,82.56213722669767,80.90850758395388,81.61578369140625,6226300,0.0,0.0
2024-10-25 00:00:00-04:00,81.98438388117805,83.10008383534208,81.2771000314886,81.29702758789062,6970400,0.0,0.0
2024-10-28 00:00:00-04:00,82.28322026785533,83.59815764859574,81.56598031469963,83.12000274658203,6652500,0.0,0.0
2024-10-29 00:00:00-04:00,83.1200089116798,85.05256381753881,82.751425130599,84.54452514648438,9883700,0.0,0.0
2024-10-30 00:00:00-04:00,83.11004119774287,83.92689614404148,82.17364372266812,82.48246002197266,8417700,0.0,0.0
2024-10-31 00:00:00-04:00,81.98436829557613,82.13378693950656,78.74683260808588,79.80276489257812,11273000,0.0,0.0
2024-11-01 00:00:00-04:00,83.87707163198452,86.94526098558771,83.11999186951164,84.44488525390625,20330500,0.0,0.0
2024-11-04 00:00:00-05:00,83.54835024422111,85.58052748766296,82.79126281624046,84.05638885498047,7935900,0.0,0.0
2024-11-05 00:00:00-05:00,85.9491076175202,87.65254870950672,84.74374898284442,86.85562133789062,10233700,0.0,0.0
2024-11-06 00:00:00-05:00,89.07705874517963,91.3582771555574,88.14066895761182,90.28241729736328,14695200,0.0,0.0
2024-11-07 00:00:00-05:00,91.36824746889585,93.70923350550046,91.34831991446583,93.5797348022461,11491100,0.0,0.0
2024-11-08 00:00:00-05:00,93.22111197898393,94.72531548673264,92.58356705911302,93.44026947021484,8340000,0.0,0.0
2024-11-11 00:00:00-05:00,93.14141581052041,93.86861951331429,90.00349493431013,91.89620971679688,10626600,0.0,0.0
2024-11-12 00:00:00-05:00,91.89620530538136,93.45022000370575,91.2088491425989,92.4241714477539,8482400,0.0,0.0
2024-11-13 00:00:00-05:00,91.09927603848931,92.49390840280238,89.4057987676245,89.72457122802734,9163000,0.0,0.0
2024-11-14 00:00:00-05:00,91.51766862827974,92.08548229574023,89.8241838024234,90.3521499633789,7631900,0.0,0.0
2024-11-15 00:00:00-05:00,88.79814537879568,89.44565413341361,87.14451547021892,87.49317169189453,10001300,0.0,0.0
2024-11-18 00:00:00-05:00,87.6625053741607,89.43567756229834,87.02496048854121,88.36978149414062,7073200,0.0,0.0
2024-11-19 00:00:00-05:00,87.37361432976242,89.32609643990895,87.24411564087143,88.99736022949219,6784700,0.0,0.0
2024-11-20 00:00:00-05:00,88.86787213744068,89.61499583194906,87.37362474842392,89.515380859375,6532100,0.0,0.0
2024-11-21 00:00:00-05:00,91.41803855965465,93.13144319808417,89.72456147290964,92.58355712890625,9535100,0.0,0.0
2024-11-22 00:00:00-05:00,93.6992711170007,94.41651108440776,91.65713756549842,92.15522003173828,7455200,0.0,0.0
2024-11-25 00:00:00-05:00,93.4900717805572,93.9981179936594,91.47782208181228,91.88624572753906,9986300,0.0,0.0
2024-11-26 00:00:00-05:00,93.63949349470013,95.18355201259206,91.67704757458756,92.78279113769531,9016200,0.0,0.0
2024-11-27 00:00:00-05:00,92.35443870132514,92.35443870132514,87.67246713041239,89.75444793701172,8787900,0.0,0.0
2024-11-29 00:00:00-05:00,90.83031495046706,93.42034214376316,90.07322750622713,92.33452606201172,7131600,0.0,0.0
2024-12-02 00:00:00-05:00,96.99656390896796,97.25556127044412,94.5858394511525,96.48851776123047,17482000,0.0,0.0
2024-12-03 00:00:00-05:00,97.41496249219728,98.34139611524928,94.23719415933836,95.54217529296875,25015400,0.0,0.0
2024-12-04 00:00:00-05:00,111.89919750246949,119.42023743070179,109.14978043565779,117.6968765258789,59995900,0.0,0.0
2024-12-05 00:00:00-05:00,116.15281937400188,116.15281937400188,111.67007757277436,112.93521118164062,23963500,0.0,0.0
2024-12-06 00:00:00-05:00,113.04479278359557,114.30991882434601,111.20188169411918,113.07467651367188,13782500,0.0,0.0
2024-12-09 00:00:00-05:00,111.29153764764611,112.44708491523852,105.92220974360481,106.61952209472656,17640800,0.0,0.0
2024-12-10 00:00:00-05:00,107.44634121985418,108.29307982146702,104.59730914373777,106.27086639404297,13901600,0.0,0.0
2024-12-11 00:00:00-05:00,109.46855876417554,111.55054732892994,108.0639702263487,110.93292236328125,14798800,0.0,0.0
2024-12-12 00:00:00-05:00,110.10610145682803,110.51453270007836,107.50611054775747,108.59193420410156,10190400,0.0,0.0
2024-12-13 00:00:00-05:00,117.53749416007877,121.39265505050496,114.65857821352853,120.30683135986328,36722500,0.0,0.0
2024-12-16 00:00:00-05:00,122.03019043404274,125.66619354659416,118.67311225503333,124.30144500732422,23750700,0.0,0.0
2024-12-17 00:00:00-05:00,121.90069474558136,122.45854462640368,111.47084760866574,111.81950378417969,32166200,0.0,0.0
2024-12-18 00:00:00-05:00,112.06854751631609,113.07467615983364,103.97968606175658,104.87623596191406,24146000,0.0,0.0
2024-12-19 00:00:00-05:00,107.30687509418026,109.95666955016739,106.26089899831452,108.69154357910156,21497800,0.0,0.0
2024-12-20 00:00:00-05:00,107.56588370083672,113.93137647567285,106.95822253515199,111.4708480834961,28801600,0.0,0.0
2024-12-23 00:00:00-05:00,112.21797162092929,113.98118005741685,110.89307054936745,113.32371520996094,8629800,0.0,0.0
2024-12-24 00:00:00-05:00,114.99727905856504,115.55512897328941,112.96510174046685,115.50531768798828,5660900,0.0,0.0
2024-12-26 00:00:00-05:00,114.71834923715569,116.06317028178029,113.67237309126169,115.2662353515625,6480200,0.0,0.0
2024-12-27 00:00:00-05:00,114.19037857385571,114.54899854216978,110.96280645916393,113.18425750732422,6199900,0.0,0.0
2024-12-30 00:00:00-05:00,110.29537596372407,112.67620940238064,109.35897855098331,111.23177337646484,6271800,0.0,0.0
2024-12-31 00:00:00-05:00,111.09230142667137,111.81950511580447,109.37890425800784,110.02640533447266,4659600,0.0,0.0
2025-01-02 00:00:00-05:00,110.2256453560189,114.54899728181955,109.82717788448359,113.12448120117188,9071500,0.0,0.0
2025-01-03 00:00:00-05:00,114.6685425466659,117.87619474906984,114.2999587966541,117.72676849365234,11781200,0.0,0.0
2025-01-06 00:00:00-05:00,121.82100073834982,122.93670810932753,117.36814263113757,118.55358123779297,15261600,0.0,0.0
2025-01-07 00:00:00-05:00,119.92829033677184,119.98805779804776,114.55896219494977,115.78424835205078,10686900,0.0,0.0
2025-01-08 00:00:00-05:00,115.05703980533073,117.95588315758161,114.37964740550176,117.77657318115234,8372800,0.0,0.0
2025-01-10 00:00:00-05:00,115.7732623470562,116.16196327878394,113.26164813774562,113.93938446044922,10782000,0.06,0.0
2025-01-13 00:00:00-05:00,111.62711044852027,114.94602546806418,111.17861170706556,114.7666244506836,9615400,0.0,0.0
2025-01-14 00:00:00-05:00,116.35133342027166,117.30813636360372,113.5008546581809,114.81645965576172,6889700,0.0,0.0
2025-01-15 00:00:00-05:00,117.93603679902374,118.69350099862064,115.36462476335723,115.6137924194336,10579600,0.0,0.0
2025-01-16 00:00:00-05:00,118.03570613474825,120.46758496950082,115.95266050891668,117.18853759765625,12181900,0.0,0.0
2025-01-17 00:00:00-05:00,119.52074500934121,124.95260472723226,119.00247960631732,124.34463500976562,14869600,0.0,0.0
2025-01-21 00:00:00-05:00,125.43099730489831,125.69013379789952,121.69348244120054,123.36788940429688,12770700,0.0,0.0
2025-01-22 00:00:00-05:00,124.3844979620877,126.02899842231288,123.82635723724174,124.79312896728516,10126700,0.0,0.0
2025-01-23 00:00:00-05:00,122.94929674794021,127.05558272220712,121.32472626304029,125.64030456542969,9530800,0.0,0.0
2025-01-24 00:00:00-05:00,126.25824145738072,126.77650686280496,123.25826059546173,123.60709381103516,9605600,0.0,0.0
2025-01-27 00:00:00-05:00,107.67033291479098,107.78993613446308,99.18866325389014,99.9959716796875,38462500,0.0,0.0
2025-01-28 00:00:00-05:00,102.95607835844162,104.70025194802997,99.71689883492037,103.53414154052734,20322300,0.0,0.0
2025-01-29 00:00:00-05:00,104.261721100713,106.90289994017006,102.7667150712838,106.43446350097656,16052900,0.0,0.0
2025-01-30 00:00:00-05:00,110.99920771139058,111.62710745337827,108.67696338316104,109.9626693725586,14568200,0.0,0.0
2025-01-31 00:00:00-05:00,112.0756143032353,115.40449831006211,110.82977596014022,112.4842529296875,15197400,0.0,0.0
2025-02-03 00:00:00-05:00,108.37797041500397,114.96596438838371,108.03910602496339,113.18192291259766,11389500,0.0,0.0
2025-02-04 00:00:00-05:00,107.5208346666678,111.2085208975403,105.33813095793451,109.32481384277344,14220100,0.0,0.0
2025-02-05 00:00:00-05:00,111.62711533743496,116.4609665790162,110.3912458324602,116.072265625,13532200,0.0,0.0
2025-02-06 00:00:00-05:00,116.07226667043138,119.08221638719782,115.11546372854352,118.84300994873047,10687300,0.0,0.0
2025-02-07 00:00:00-05:00,121.00578610734468,121.40444828033115,110.06233912941096,110.251708984375,20991700,0.0,0.0
2025-02-10 00:00:00-05:00,111.41780667635132,113.16198021680016,110.6304359941838,112.42444610595703,10214300,0.0,0.0
2025-02-11 00:00:00-05:00,110.25170450838415,112.08557476244988,108.45769438680401,108.75669860839844,9059600,0.0,0.0
2025-02-12 00:00:00-05:00,106.39458925964766,107.66035760812711,104.73015114021628,105.06901550292969,11998700,0.0,0.0
2025-02-13 00:00:00-05:00,104.99924215557591,106.41451252824885,102.82650002688372,103.15540313720703,12686400,0.0,0.0
2025-02-14 00:00:00-05:00,102.62718041299752,106.66369207615483,99.88633606231299,106.1553955078125,13539800,0.0,0.0
2025-02-18 00:00:00-05:00,106.6337884333728,107.55073119079357,104.59061820697453,106.93279266357422,9737500,0.0,0.0
2025-02-19 00:00:00-05:00,109.78328226348302,112.12545695462524,108.77664269859422,110.67031860351562,13244200,0.0,0.0
2025-02-20 00:00:00-05:00,110.26166634544968,110.63043720691029,106.46435377189574,108.34806060791016,9391900,0.0,0.0
2025-02-21 00:00:00-05:00,108.74672785595192,109.38459642038002,102.01920142463014,103.46437072753906,11019000,0.0,0.0
2025-02-24 00:00:00-05:00,103.87301972323827,104.32151848866404,97.08569481023017,97.58403015136719,17235100,0.0,0.0
2025-02-25 00:00:00-05:00,96.67704321748468,96.71691095190917,91.42459277194106,92.69036102294922,24331400,0.0,0.0
2025-02-26 00:00:00-05:00,95.53088718386265,96.32822680306833,93.64718012758321,94.58405303955078,13955200,0.0,0.0
2025-02-27 00:00:00-05:00,97.67371608782065,97.73351388888236,86.98940633586098,87.3581771850586,22770300,0.0,0.0
2025-02-28 00:00:00-05:00,86.87977750755844,91.77343397980707,85.84323913372994,91.51429748535156,22345400,0.0,0.0
2025-03-03 00:00:00-05:00,91.68373004740589,92.5707663087147,84.58743995693543,85.54424285888672,20882200,0.0,0.0
2025-03-04 00:00:00-05:00,85.03593107361407,91.51428965255839,82.9628545033936,88.0359115600586,21475400,0.0,0.0
2025-03-05 00:00:00-05:00,88.46449431394029,90.4378980607278,84.89641134858444,89.83989715576172,33773800,0.0,0.0
2025-03-06 00:00:00-05:00,73.83336260497222,75.51773081058253,71.41145265319594,72.03935241699219,60967000,0.0,0.0
2025-03-07 00:00:00-05:00,71.72041503816884,72.08918589541933,67.05599635367236,70.60414123535156,38853100,0.0,0.0
2025-03-10 00:00:00-04:00,68.12244037230418,68.32177907337824,63.43809115497587,65.45136260986328,32136400,0.0,0.0
2025-03-11 00:00:00-04:00,66.20882848102535,68.77027162733296,65.12245356935766,66.9364013671875,23333000,0.0,0.0
2025-03-12 00:00:00-04:00,69.48787483060944,71.09251509065713,68.40149993219525,69.61743927001953,20642600,0.0,0.0
2025-03-13 00:00:00-04:00,69.49784624991557,71.34168539128083,67.42476951830793,68.53107452392578,14947800,0.0,0.0
2025-03-14 00:00:00-04:00,69.93637826141106,70.52441790382977,67.75367469065392,68.51113891601562,15613100,0.0,0.0
2025-03-17 00:00:00-04:00,68.52110326786251,70.3350434429393,68.28190445466369,70.16561126708984,13419400,0.0,0.0
2025-03-18 00:00:00-04:00,69.38820823632258,69.70714251647259,67.53440035670285,68.05266571044922,11613600,0.0,0.0
2025-03-19 00:00:00-04:00,68.3018384674925,71.13238706921157,67.76363540370097,69.57757568359375,12228800,0.0,0.0
2025-03-20 00:00:00-04:00,68.9397126274356,70.89318634740812,68.62077829772568,70.25531768798828,9083000,0.0,0.0
2025-03-21 00:00:00-04:00,68.37160588067867,70.55431706336242,68.21214252886274,70.15564727783203,11942300,0.0,0.0
2025-03-24 00:00:00-04:00,71.16228848941371,72.67722458612552,70.82341650215302,72.51776123046875,12185900,0.0,0.0
2025-03-25 00:00:00-04:00,72.25861194409582,72.98618476184136,70.85330287568043,71.4313735961914,9443100,0.0,0.0
2025-03-26 00:00:00-04:00,70.76360831494267,70.96293938127499,65.62078468044722,66.53772735595703,19777100,0.0,0.0
2025-03-27 00:00:00-04:00,65.84005995225469,66.40816191209365,63.70718539398259,64.64405822753906,14956100,0.0,0.0
2025-03-28 00:00:00-04:00,64.41481977215354,64.67395626383542,61.046075796262706,61.83344650268555,18790400,0.0,0.0
2025-03-31 00:00:00-04:00,60.17897264769747,61.45470981506678,59.0427687577596,61.36500930786133,16032400,0.0,0.0
2025-04-01 00:00:00-04:00,61.24541384702095,62.51118606273998,60.577642516556416,62.46134948730469,12613300,0.0,0.0
2025-04-02 00:00:00-04:00,61.2952419750636,64.51449136276298,61.25537423853559,63.01948165893555,13138200,0.0,0.0
2025-04-03 00:00:00-04:00,58.44476579974672,59.102568270949995,55.23548511799907,55.45475387573242,25213200,0.0,0.0
2025-04-04 00:00:00-04:00,52.51457915735581,52.68401515772762,47.15249339165683,49.26543426513672,37313400,0.0,0.0
2025-04-07 00:00:00-04:00,47.30198893683572,54.83682054703839,46.93322185465556,50.830204010009766,30875500,0.0,0.0
2025-04-08 00:00:00-04:00,54.059416233112486,56.06272251130456,48.37839292490096,49.86343002319336,32326200,0.0,0.0
2025-04-09 00:00:00-04:00,50.122567917174635,61.095910104341705,49.54449711502939,60.757041931152344,38033700,0.0,0.0
2025-04-10 00:00:00-04:00,58.00622966258686,58.225494609161835,50.142499239321104,52.693973541259766,34622100,0.0,0.0
2025-04-11 00:00:00-04:00,52.47446338668728,53.272705078125,51.32698833840289,53.272705078125,17726800,0.06,0.0
2025-04-14 00:00:00-04:00,55.72729651694818,55.90690136303103,51.22720662220133,52.14518356323242,19413000,0.0,0.0
2025-04-15 00:00:00-04:00,52.39463613573901,54.02105616229883,52.3148138715492,53.202857971191406,11297400,0.0,0.0
2025-04-16 00:00:00-04:00,50.369095221255435,52.324788196980904,49.590810095598975,51.81591033935547,19820200,0.0,0.0
2025-04-17 00:00:00-04:00,51.89573465954757,52.37468347037275,50.67841753379017,51.58641815185547,12283700,0.0,0.0
2025-04-21 00:00:00-04:00,50.18949185697319,50.598590948726034,47.984348064996055,49.271514892578125,14038000,0.0,0.0
2025-04-22 00:00:00-04:00,49.99991118442632,51.3569239343782,49.670634352607166,50.5087890625,15732400,0.0,0.0
2025-04-23 00:00:00-04:00,54.72949215640594,55.827077722726735,53.24276784160562,53.6518669128418,18934600,0.0,0.0
2025-04-24 00:00:00-04:00,54.679603963451726,57.842641471519954,54.34035078918442,57.20404815673828,21404800,0.0,0.0
2025-04-25 00:00:00-04:00,56.85481749438436,59.12980723685103,56.63529960473703,58.79055404663086,11929600,0.0,0.0
2025-04-28 00:00:00-04:00,58.161938211721214,58.74066197669743,56.57543127778823,58.57103729248047,13840000,0.0,0.0
2025-04-29 00:00:00-04:00,58.08211396490844,59.618731557908575,57.88255259591991,58.551082611083984,14831900,0.0,0.0
2025-04-30 00:00:00-04:00,56.156351824145965,58.31160615965239,55.73727638966912,58.24176025390625,14316600,0.0,0.0
2025-05-01 00:00:00-04:00,60.01785557289955,61.64427181991781,59.139787814457115,60.816097259521484,17638200,0.0,0.0
2025-05-02 00:00:00-04:00,62.06335018164722,63.2906474706621,61.83385593797614,62.19306564331055,15638600,0.0,0.0
2025-05-05 00:00:00-04:00,61.55446632220043,62.81170024645148,60.9458096833511,61.84383010864258,9098900,0.0,0.0
2025-05-06 00:00:00-04:00,60.23736776647294,61.70413943643053,59.83824883885159,61.08550262451172,9818100,0.0,0.0
2025-05-07 00:00:00-04:00,55.03881571859474,56.31600239605359,53.66184645301158,56.1862907409668,40342900,0.0,0.0
2025-05-08 00:00:00-04:00,57.93244688507242,58.90031326249113,56.565453955835636,57.50339126586914,18868800,0.0,0.0
2025-05-09 00:00:00-04:00,59.71851280161323,60.73627239973502,59.010073528493656,59.51895523071289,14698300,0.0,0.0
2025-05-12 00:00:00-04:00,64.57780949760576,64.96695204726385,63.041192008833974,64.35829162597656,20383100,0.0,0.0
2025-05-13 00:00:00-04:00,64.90708790109022,66.89271373056019,64.25851443150104,65.33614349365234,19733700,0.0,0.0
2025-05-14 00:00:00-04:00,66.50357074770307,66.77297420520843,64.80730109861109,65.75521850585938,11472600,0.0,0.0
2025-05-15 00:00:00-04:00,64.95696866690021,65.81507978839784,63.79951743021684,65.05674743652344,9962500,0.0,0.0
2025-05-16 00:00:00-04:00,64.95697502109317,64.99688805537325,63.36049171305459,63.61991882324219,18712900,0.0,0.0
2025-05-19 00:00:00-04:00,60.96576626546544,62.83166075337097,60.50677776519296,62.42256164550781,20323500,0.0,0.0
2025-05-20 00:00:00-04:00,60.816092256612215,61.285057067871094,59.66861730964515,61.285057067871094,22326200,0.0,0.0
2025-05-21 00:00:00-04:00,60.816094287282304,62.31279880391936,59.54888400643829,59.97793960571289,14022800,0.0,0.0
2025-05-22 00:00:00-04:00,59.27947714909536,62.72189832257293,59.18967472521972,61.714115142822266,16653100,0.0,0.0
2025-05-23 00:00:00-04:00,60.0178565595017,61.16532781340948,59.8681845755362,60.55666732788086,17443200,0.0,0.0
2025-05-27 00:00:00-04:00,62.801722744984644,65.37605264077736,62.32277773661197,63.67979049682617,25511700,0.0,0.0
2025-05-28 00:00:00-04:00,64.65764257474527,65.7552244392967,64.35829860594335,64.4480972290039,23421200,0.0,0.0
2025-05-29 00:00:00-04:00,67.21201489069142,67.44150533196341,63.190869767335464,63.589988708496094,38742400,0.0,0.0
2025-05-30 00:00:00-04:00,60.66642259459676,60.84602744193193,58.481235360440856,60.057762145996094,48347500,0.0,0.0
2025-06-02 00:00:00-04:00,59.61873088307354,62.16312784150627,59.39921299903928,61.33495330810547,18270300,0.0,0.0
2025-06-03 00:00:00-04:00,61.8937189406594,63.370466925540114,61.01565504023284,62.22299575805664,19286600,0.0,0.0
2025-06-04 00:00:00-04:00,62.90150270510023,66.88273458606972,61.724094848024016,66.15434265136719,26990200,0.0,0.0
2025-06-05 00:00:00-04:00,67.12221085961406,67.44150754554927,64.66761615911841,65.01685333251953,23426600,0.0,0.0
2025-06-06 00:00:00-04:00,66.82287126682598,69.62669539248476,66.16431760182867,68.19983673095703,22926300,0.0,0.0
2025-06-09 00:00:00-04:00,69.3173826241914,71.08349076288543,68.80850091129304,68.98810577392578,19351800,0.0,0.0
2025-06-10 00:00:00-04:00,69.7763681417514,70.42494165189723,67.91047368297595,68.68875885009766,14948700,0.0,0.0
2025-06-11 00:00:00-04:00,69.2375475713888,70.08567857449047,67.49139237156608,68.09007263183594,13885500,0.0,0.0
2025-06-12 00:00:00-04:00,67.79073747628301,69.9060749398665,67.62110518263331,69.48699951171875,11862600,0.0,0.0
2025-06-13 00:00:00-04:00,67.91047269160981,68.81847711508544,66.82287102846622,67.04238891601562,14159800,0.0,0.0
2025-06-16 00:00:00-04:00,68.36946197959854,71.12340054295828,67.89052077626921,70.26528930664062,19706100,0.0,0.0
2025-06-17 00:00:00-04:00,70.06573310305957,72.5901736632944,69.01803682987622,69.83623504638672,25313400,0.0,0.0
2025-06-18 00:00:00-04:00,74.36625629354806,77.47940439081256,73.56801846196957,74.78533172607422,55359800,0.0,0.0
2025-06-20 00:00:00-04:00,76.89069931359104,77.15013023379821,73.13896538930629,73.34850311279297,46009100,0.0,0.0
2025-06-23 00:00:00-04:00,72.82964021822148,73.01922522785566,69.02801315224208,70.62449645996094,26862100,0.0,0.0
2025-06-24 00:00:00-04:00,72.23096488524902,75.27426734676173,71.75202366638915,75.04476928710938,26999800,0.0,0.0
2025-06-25 00:00:00-04:00,76.20221935848036,76.32195084876471,74.43610375045714,75.76318359375,19426700,0.0,0.0
2025-06-26 00:00:00-04:00,78.85637421572937,80.94178655917194,77.27984356185537,79.7943115234375,37440600,0.0,0.0
2025-06-27 00:00:00-04:00,78.67676810437663,78.82644008275658,76.24213386575286,76.99048614501953,27254000,0.0,0.0
2025-06-30 00:00:00-04:00,78.22775290244637,78.26766593401322,76.54146347875012,77.22994995117188,17072900,0.0,0.0
2025-07-01 00:00:00-04:00,76.56143111012807,77.60911974140912,74.87514152544267,76.07250213623047,16702100,0.0,0.0
2025-07-02 00:00:00-04:00,76.02261625427866,78.91623898780895,73.61790726746837,74.08687591552734,39388500,0.0,0.0
2025-07-03 00:00:00-04:00,74.66559441371206,75.17446842238314,73.96712780135559,75.01482391357422,10218000,0.0,0.0
2025-07-07 00:00:00-04:00,74.2664848150757,74.64564725139203,71.29302823642251,71.39281463623047,22050900,0.0,0.0
2025-07-08 00:00:00-04:00,72.17109353882631,73.33852123347009,71.6422591615586,71.79192352294922,16356800,0.0,0.0
2025-07-09 00:00:00-04:00,72.35070045445363,73.32854316912645,71.14335969136322,72.10124969482422,18453500,0.0,0.0
2025-07-10 00:00:00-04:00,72.24094720136291,73.39839485864218,71.2331639215434,73.19883728027344,11542400,0.0,0.0
2025-07-11 00:00:00-04:00,72.4698358715452,73.07899453627746,72.02046002589347,72.6096420288086,10136000,0.06,0.0
2025-07-14 00:00:00-04:00,72.010470317573,72.84930724510811,70.38272287836232,72.40991973876953,12029400,0.0,0.0
2025-07-15 00:00:00-04:00,73.64820538021377,73.90784864432761,72.02045795663531,72.31005859375,15683100,0.0,0.0
2025-07-16 00:00:00-04:00,70.03319748515403,70.92196841710896,67.90614024668842,70.75220489501953,26477200,0.0,0.0
2025-07-17 00:00:00-04:00,71.00186633757576,73.02906331488006,70.0232231990186,71.91061401367188,15030000,0.0,0.0
2025-07-18 00:00:00-04:00,72.25013805888447,75.15612521539376,71.05179739531488,74.54696655273438,16914800,0.0,0.0
2025-07-21 00:00:00-04:00,73.38856666806966,73.448489036652,72.10034621708334,72.95915985107422,15595300,0.0,0.0
2025-07-22 00:00:00-04:00,72.8692910557934,73.04904293202421,70.20297790742373,71.89064025878906,12192300,0.0,0.0
2025-07-23 00:00:00-04:00,72.46983820968448,73.60826416633849,72.14029184884663,73.16886901855469,11239000,0.0,0.0
2025-07-24 00:00:00-04:00,73.56832072689508,74.01770421975506,72.29008856908513,73.93781280517578,10641400,0.0,0.0
2025-07-25 00:00:00-04:00,73.89786521910015,74.4471091567879,72.99910587509497,74.10757446289062,9830300,0.0,0.0
2025-07-28 00:00:00-04:00,75.04628359366147,76.47431029043125,74.55696199821116,75.80523681640625,13267400,0.0,0.0
2025-07-29 00:00:00-04:00,76.29454913483475,78.6512923145285,75.86514234483468,76.23462677001953,14717200,0.0,0.0
2025-07-30 00:00:00-04:00,82.99529390392082,85.15230875472018,80.45879864520026,81.62718200683594,45527600,0.0,0.0
2025-07-31 00:00:00-04:00,82.6357914468956,83.13510136500372,79.51011410233,80.25907897949219,26433200,0.0,0.0
2025-08-01 00:00:00-04:00,76.96362309622369,77.05350283467871,73.31865951959543,74.34723663330078,28877000,0.0,0.0
2025-08-04 00:00:00-04:00,75.59551357402717,76.78387353887577,74.71673091883963,76.42436981201172,11882900,0.0,0.0
2025-08-05 00:00:00-04:00,76.80385089512532,77.89234279767906,74.85653775386479,76.52423095703125,11920800,0.0,0.0
2025-08-06 00:00:00-04:00,75.97499473142798,76.3444791741518,73.87789471608292,75.2160415649414,14469700,0.0,0.0
2025-08-07 00:00:00-04:00,76.39441229570748,77.14337712213599,74.08760306834424,75.74530792236328,14628000,0.0,0.0
2025-08-08 00:00:00-04:00,76.09482748992104,77.28318751771607,75.50564545121352,77.2332534790039,9971300,0.0,0.0
2025-08-11 00:00:00-04:00,77.84241330652752,79.89957535315914,77.08346771540587,77.17333984375,11843600,0.0,0.0
2025-08-12 00:00:00-04:00,76.24462216988564,77.86238903034197,74.7367040997676,77.70260620117188,15547900,0.0,0.0
2025-08-13 00:00:00-04:00,78.29179708716266,79.94950206202681,77.92230500306454,79.21052551269531,11740200,0.0,0.0
2025-08-14 00:00:00-04:00,77.9223000936063,79.52009021535694,77.23325000843771,78.930908203125,10127800,0.0,0.0
2025-08-15 00:00:00-04:00,79.31037629462767,79.31037629462767,76.06486220623364,76.0848388671875,13212900,0.0,0.0
2025-08-18 00:00:00-04:00,75.97500145719856,76.97362132613483,75.18609084647512,76.63408660888672,10192500,0.0,0.0
2025-08-19 00:00:00-04:00,76.29455314943095,76.33449885512172,71.70090365909353,71.97052764892578,16963400,0.0,0.0
2025-08-20 00:00:00-04:00,71.63100233804728,71.73086279529451,68.44540270546814,71.1217041015625,19895200,0.0,0.0
2025-08-21 00:00:00-04:00,70.36274480211678,71.90062009053919,69.9533146772993,71.11170959472656,9854100,0.0,0.0
2025-08-22 00:00:00-04:00,71.2415336722138,74.62686184145453,70.58244855864746,72.89924621582031,14435900,0.0,0.0
2025-08-25 00:00:00-04:00,72.88925753513263,73.77802855331068,72.16026934303196,72.84931182861328,10057700,0.0,0.0
2025-08-26 00:00:00-04:00,72.88925743122603,75.036291535677,72.88925743122603,74.15750885009766,12302300,0.0,0.0
2025-08-27 00:00:00-04:00,74.09758556803895,74.92644182447658,73.71811278961825,74.68677520751953,11373500,0.0,0.0
2025-08-28 00:00:00-04:00,75.81520842337109,77.97223070719213,74.9563948420939,77.12340545654297,36895300,0.0,0.0
2025-08-29 00:00:00-04:00,64.44093473550821,65.39960883312027,62.53357106217427,62.783226013183594,96830800,0.0,0.0
2025-09-02 00:00:00-04:00,61.874478233691185,64.57075610551762,61.72468755821105,64.51083374023438,36275600,0.0,0.0
2025-09-03 00:00:00-04:00,63.96159909333747,64.43094398375732,61.63481320881171,62.2239990234375,34297300,0.0,0.0
2025-09-04 00:00:00-04:00,62.054234110425995,64.44093483629895,61.355199484620094,64.01152801513672,27726400,0.0,0.0
2025-09-05 00:00:00-04:00,63.89169242270248,64.50084728243408,62.38377824626508,63.242591857910156,25793100,0.0,0.0
2025-09-08 00:00:00-04:00,63.53218890250851,66.038722857018,62.9829487891508,65.90890502929688,24466600,0.0,0.0
2025-09-09 00:00:00-04:00,65.76909859221675,67.34691965567703,65.10002517555112,66.74774169921875,17226000,0.0,0.0
2025-09-10 00:00:00-04:00,67.82626088575631,68.42543129408828,66.58797435935492,67.00739288330078,23751400,0.0,0.0
2025-09-11 00:00:00-04:00,66.90753044998192,68.10587123139088,66.26841435071516,66.49809265136719,13912400,0.0,0.0
2025-09-12 00:00:00-04:00,67.45677046224806,67.65649137447934,66.04871288876485,67.25704193115234,14868600,0.0,0.0
2025-09-15 00:00:00-04:00,67.3568983637736,68.0159910487226,66.23844913190469,67.33692932128906,17340800,0.0,0.0
2025-09-16 00:00:00-04:00,67.74636476225989,69.08451927952174,67.26703151642324,68.76496124267578,15931000,0.0,0.0
2025-09-17 00:00:00-04:00,68.76495765627793,72.31006087106189,68.2656477735683,70.88203430175781,29593100,0.0,0.0
2025-09-18 00:00:00-04:00,72.64958761906475,74.89648208151006,72.38994434790023,74.12754821777344,28894800,0.0,0.0
2025-09-19 00:00:00-04:00,74.6468304212492,75.26597744311968,73.21880379539247,74.15750885009766,31788100,0.0,0.0
2025-09-22 00:00:00-04:00,73.2487667173793,75.82520783782475,73.2487667173793,75.4257583618164,20037700,0.0,0.0
2025-09-23 00:00:00-04:00,75.28593974911742,76.24461376182393,73.91782799596277,74.51700592041016,21403700,0.0,0.0
2025-09-24 00:00:00-04:00,76.85377689077967,81.60720914817817,74.96638612747785,79.97945404052734,50429500,0.0,0.0
2025-09-25 00:00:00-04:00,78.00219102412728,84.34342505448099,76.2146607174405,83.69432067871094,43286000,0.0,0.0
2025-09-26 00:00:00-04:00,82.35617549174903,83.75424472477161,81.42745878013572,83.05520629882812,26715100,0.0,0.0
2025-09-29 00:00:00-04:00,83.57449977862932,84.97256150856812,82.20638780705775,82.27629089355469,20468300,0.0,0.0
2025-09-30 00:00:00-04:00,81.58723262233774,84.3134679621384,81.28765126096394,83.95396423339844,18751700,0.0,0.0
2025-10-01 00:00:00-04:00,82.28627430668759,83.99391327663238,81.2377204530488,83.77421569824219,20038400,0.0,0.0
2025-10-02 00:00:00-04:00,84.95258653271613,87.18949276332187,84.31347046682878,86.08102416992188,21698700,0.0,0.0
2025-10-03 00:00:00-04:00,86.16091267306304,87.14954411364708,84.96257199471052,86.10099792480469,15679200,0.0,0.0
2025-10-06 00:00:00-04:00,88.7273686465294,90.12543790511855,88.12819828395249,88.79727172851562,20580500,0.0,0.0
2025-10-07 00:00:00-04:00,88.8471998145149,90.76454789385933,85.91125533004973,86.84996032714844,17609500,0.0,0.0
2025-10-08 00:00:00-04:00,88.26800180385392,92.54209324610042,87.49906792503882,92.37232971191406,20451000,0.0,0.0
2025-10-09 00:00:00-04:00,91.81311085343219,92.52213002808435,90.3950648852631,90.55484771728516,14868400,0.0,0.0
2025-10-10 00:00:00-04:00,92.90315539383766,94.5919427162903,85.29862640633827,85.54844665527344,30545700,0.06,0.0
2025-10-13 00:00:00-04:00,89.40567368109939,89.80538761210128,86.5777065773542,89.32572937011719,20563500,0.0,0.0
2025-10-14 00:00:00-04:00,86.73758954169496,88.75613370692292,85.26864532482541,86.15800476074219,15447600,0.0,0.0
2025-10-15 00:00:00-04:00,88.10660440801502,89.39567781972771,86.52773858989474,88.82608795166016,15202200,0.0,0.0
2025-10-16 00:00:00-04:00,89.64549653451972,91.13442307220946,86.9674231812481,88.16656494140625,12988900,0.0,0.0
2025-10-17 00:00:00-04:00,86.76756710725633,88.88603785145288,85.64836969363137,87.88675689697266,13244000,0.0,0.0
2025-10-20 00:00:00-04:00,86.57770235918754,88.65620860000284,85.38855556896854,85.77827453613281,16137500,0.0,0.0
2025-10-21 00:00:00-04:00,85.62838921390649,85.86821451328626,83.04024752342276,84.19941711425781,13242100,0.0,0.0
2025-10-22 00:00:00-04:00,81.1716006249195,83.50991455269825,79.00315501692647,80.99172973632812,19218600,0.0,0.0
2025-10-23 00:00:00-04:00,80.9417632999838,83.38999876998753,80.47209999681274,82.71048736572266,10335800,0.0,0.0
2025-10-24 00:00:00-04:00,83.81968354606965,85.72831382470642,82.64053171723398,84.06950378417969,11661400,0.0,0.0
2025-10-27 00:00:00-04:00,85.9781388833241,89.31573379212576,85.13873887177955,88.6462173461914,16331600,0.0,0.0
2025-10-28 00:00:00-04:00,88.89603330235343,89.91530415112142,87.72687640868605,88.39639282226562,13029300,0.0,0.0
2025-10-29 00:00:00-04:00,90.69474419980695,91.44420493745386,88.98597463284104,90.0851821899414,13399900,0.0,0.0
2025-10-30 00:00:00-04:00,89.21580572798003,90.39495760325907,88.29646904526318,88.50631713867188,11903800,0.0,0.0
2025-10-31 00:00:00-04:00,93.33284790837628,97.49984789255234,90.89459980302976,93.67259979248047,29320800,0.0,0.0
2025-11-03 00:00:00-05:00,93.3228483411659,94.77180268510347,89.945281437474,90.30502319335938,14308700,0.0,0.0
2025-11-04 00:00:00-05:00,87.69689924352049,90.77467880822847,87.15728660988702,87.52701568603516,13630000,0.0,0.0
2025-11-05 00:00:00-05:00,88.26649232391513,95.32141372541551,88.08662143943934,92.83320617675781,17194500,0.0,0.0
2025-11-06 00:00:00-05:00,96.14082009232874,98.05943770270935,92.35354434514205,93.26289367675781,28022500,0.0,0.0
2025-11-07 00:00:00-05:00,91.61408523492152,92.11372575046452,85.04880916564282,90.85462951660156,20898700,0.0,0.0
2025-11-10 00:00:00-05:00,93.10300945199434,94.40207780869815,92.13370565684122,93.16297149658203,14570700,0.0,0.0
2025-11-11 00:00:00-05:00,91.96382550008505,92.60336470437146,88.45634719689247,89.2657699584961,13538500,0.0,0.0
2025-11-12 00:00:00-05:00,90.49488126952112,92.80322547065389,88.80610163190954,89.2657699584961,11846700,0.0,0.0
2025-11-13 00:00:00-05:00,87.52701876172156,88.38640102801321,84.64909223845517,87.45706939697266,17226600,0.0,0.0
2025-11-14 00:00:00-05:00,84.40926814044639,88.93600989623846,83.2700883988792,86.3878402709961,12414100,0.0,0.0
2025-11-17 00:00:00-05:00,85.36857138467707,86.6576447178165,81.80113871814093,83.3899917602539,16548600,0.0,0.0
2025-11-18 00:00:00-05:00,80.41214222593001,81.69122066918167,78.3836030425941,78.62342834472656,23426900,0.0,0.0
2025-11-19 00:00:00-05:00,79.03312810191288,81.83111786195671,78.7233534414748,81.26152801513672,13688200,0.0,0.0
2025-11-20 00:00:00-05:00,83.34004009560961,84.37929329001902,76.02530320226312,76.62487030029297,23315900,0.0,0.0
2025-11-21 00:00:00-05:00,76.70481129540592,78.86325427973742,73.56706958165222,77.3943099975586,16211000,0.0,0.0
2025-11-24 00:00:00-05:00,78.43355951047583,84.51918445107198,77.94391398042144,83.72975158691406,23945100,0.0,0.0
2025-11-25 00:00:00-05:00,82.44067878292182,83.74973439424836,80.47209408185576,83.37001037597656,11667900,0.0,0.0
2025-11-26 00:00:00-05:00,84.52917466118026,89.24578211901844,83.96957975055841,87.65692901611328,15019100,0.0,0.0
2025-11-28 00:00:00-05:00,85.83824033967572,89.46562766373044,84.45922766567597,89.33572387695312,11235600,0.0,0.0
2025-12-01 00:00:00-05:00,89.07591022214436,92.67332039800651,88.23651781813717,91.03450012207031,18143400,0.0,0.0
2025-12-02 00:00:00-05:00,92.59338130884089,93.79251546172966,91.3942395320431,92.82321166992188,38231100,0.0,0.0
2025-12-03 00:00:00-05:00,99.96807158103402,102.03658293420403,95.72112735541226,100.1279525756836,52833700,0.0,0.0
2025-12-04 00:00:00-05:00,99.33852401695981,102.696101032751,97.11012411886098,98.11940002441406,23981800,0.0,0.0
2025-12-05 00:00:00-05:00,100.32781667175585,102.56620403834836,97.24003433277976,98.8388900756836,22219900,0.0,0.0
2025-12-08 00:00:00-05:00,90.38496453048529,92.72328606415311,88.8560658011955,91.93385314941406,40731000,0.0,0.0
2025-12-09 00:00:00-05:00,91.52414316525812,91.62407736442324,87.97670018825723,88.8360824584961,23037400,0.0,0.0
2025-12-10 00:00:00-05:00,91.26433136957841,92.78323506532202,90.08517953875969,92.40351104736328,22573600,0.0,0.0
2025-12-11 00:00:00-05:00,90.91458836127106,91.67403642893868,87.44708208568143,89.3656997680664,16593500,0.0,0.0
2025-12-12 00:00:00-05:00,87.56698929047846,88.9360069738973,83.82968057031476,84.36929321289062,21576300,0.0,0.0
2025-12-15 00:00:00-05:00,84.8089791191092,85.7882702055234,83.60983737439273,84.19941711425781,11953300,0.0,0.0
2025-12-16 00:00:00-05:00,83.51990645459236,84.3892760311847,82.1708786512627,84.00955200195312,9483800,0.0,0.0
2025-12-17 00:00:00-05:00,86.43780222255383,87.11731357388402,81.12162787058548,81.64125061035156,16662700,0.0,0.0
2025-12-18 00:00:00-05:00,84.41925855509874,84.96885850679897,82.59057257506403,84.40926361083984,12732100,0.0,0.0
2025-12-19 00:00:00-05:00,83.98956885633777,86.15800673868414,83.63981441655194,84.02953338623047,21722200,0.0,0.0
2025-12-22 00:00:00-05:00,86.51774782956932,87.28719081854531,84.38927449358442,84.73902893066406,9871000,0.0,0.0
2025-12-23 00:00:00-05:00,84.3393181492655,87.98669533375542,84.2293966290602,87.61695861816406,12334100,0.0,0.0
2025-12-24 00:00:00-05:00,87.18726635585124,87.70688911600229,86.03809169285479,86.42781066894531,5335300,0.0,0.0
2025-12-26 00:00:00-05:00,87.03737163233146,87.13729820531906,85.90818687214485,86.27791595458984,5001000,0.0,0.0
2025-12-29 00:00:00-05:00,85.26865023128842,86.03809325282838,84.13945781309349,85.6983413696289,9677700,0.0,0.0
2025-12-30 00:00:00-05:00,85.69834317759128,88.03665712586181,85.65837102156411,86.69762420654297,9583000,0.0,0.0
2025-12-31 00:00:00-05:00,86.73759058267723,86.85749941885922,84.87892738276925,84.91889953613281,7234100,0.0,0.0
2026-01-02 00:00:00-05:00,86.6776331541274,90.01523571049772,86.5377344218631,89.32572937011719,14987500,0.0,0.0
2026-01-05 00:00:00-05:00,92.95311797753853,93.90243952958193,88.05664703380322,90.16513061523438,21328400,0.0,0.0
2026-01-06 00:00:00-05:00,92.63334455447546,94.13226603674146,86.7076079896275,88.16656494140625,24322700,0.0,0.0
2026-01-07 00:00:00-05:00,86.45778516666662,86.47777505522357,83.5298916535841,84.57913970947266,17230800,0.0,0.0
2026-01-08 00:00:00-05:00,84.63909294074847,84.85893596834089,82.82040192690472,83.3899917602539,10695900,0.0,0.0
2026-01-09 00:00:00-05:00,84.02999877929688,84.44999694824219,82.19000244140625,83.22000122070312,13486300,0.06,0.0
2026-01-12 00:00:00-05:00,82.41999816894531,83.75,82.08000183105469,82.88999938964844,10146600,0.0,0.0
2026-01-13 00:00:00-05:00,83.51000213623047,84.05999755859375,82.75,83.05000305175781,9133500,0.0,0.0
2026-01-14 00:00:00-05:00,82.95999908447266,83.0,79.2699966430664,81.20999908447266,15295700,0.0,0.0
2026-01-15 00:00:00-05:00,82.72000122070312,82.94000244140625,80.0,80.37999725341797,16593500,0.0,0.0
2026-01-16 00:00:00-05:00,81.44999694824219,82.4800033569336,80.30000305175781,80.45999908447266,15011200,0.0,0.0
2026-01-20 00:00:00-05:00,79.30999755859375,83.4800033569336,79.0199966430664,79.80000305175781,18688000,0.0,0.0
2026-01-21 00:00:00-05:00,80.4000015258789,84.29000091552734,80.4000015258789,82.55000305175781,17134300,0.0,0.0
2026-01-22 00:00:00-05:00,84.47000122070312,85.3499984741211,82.73999786376953,83.0999984741211,12997600,0.0,0.0
2026-01-23 00:00:00-05:00,81.22000122070312,82.0199966430664,79.72000122070312,80.2300033569336,13924600,0.0,0.0
2026-01-26 00:00:00-05:00,79.81999969482422,83.44000244140625,79.55999755859375,81.7699966430664,12464600,0.0,0.0
2026-01-27 00:00:00-05:00,82.87000274658203,83.73999786376953,81.30000305175781,82.93000030517578,11307900,0.0,0.0
2026-01-28 00:00:00-05:00,84.58000183105469,85.47000122070312,82.69999694824219,83.62000274658203,10311000,0.0,0.0
2026-01-29 00:00:00-05:00,81.94000244140625,82.44000244140625,78.30000305175781,81.33999633789062,13944900,0.0,0.0
2026-01-30 00:00:00-05:00,80.05000305175781,81.69999694824219,78.18000030517578,78.91999816894531,12581400,0.0,0.0
2026-02-02 00:00:00-05:00,77.61000061035156,78.9800033569336,76.72000122070312,78.66000366210938,14513000,0.0,0.0
2026-02-03 00:00:00-05:00,78.54000091552734,78.97000122070312,72.79000091552734,75.54000091552734,22563900,0.0,0.0
2026-02-04 00:00:00-05:00,75.0,76.05999755859375,71.77999877929688,73.7300033569336,17484100,0.0,0.0
