Date,Open,High,Low,Close,Volume,Dividends,Stock Splits
1999-01-22 00:00:00-05:00,0.04011151086411479,0.04476719586850875,0.03557501568566974,0.037604887038469315,2714688000,0.0,0.0
1999-01-25 00:00:00-05:00,0.040589195211511414,0.04202129061814,0.03760489918624627,0.041544537991285324,510480000,0.0,0.0
1999-01-26 00:00:00-05:00,0.04202127079500529,0.042857423315880556,0.03772406783925186,0.03832092881202698,343200000,0.0,0.0
1999-01-27 00:00:00-05:00,0.03844011434456897,0.039395456652290675,0.03629105694895854,0.03820173814892769,244368000,0.0,0.0
1999-01-28 00:00:00-05:00,0.038201736210983946,0.038440112394532586,0.03784325488086634,0.03808163106441498,227520000,0.0,0.0
1999-01-29 00:00:00-05:00,0.038081654805819626,0.038201760027266295,0.036291077733039856,0.036291077733039856,244032000,0.0,0.0
1999-02-01 00:00:00-05:00,0.0362910546503641,0.037246393482102506,0.0362910546503641,0.03700801730155945,154704000,0.0,0.0
1999-02-02 00:00:00-05:00,0.036291068773973104,0.0372464079775065,0.03306839356211671,0.03414292261004448,264096000,0.0,0.0
1999-02-03 00:00:00-05:00,0.033665245507967574,0.03533663183716461,0.033425950537228,0.034858960658311844,75120000,0.0,0.0
1999-02-04 00:00:00-05:00,0.0353366396734107,0.03772407733448584,0.03485896838862965,0.03676873818039894,181920000,0.0,0.0
1999-02-05 00:00:00-05:00,0.037365582351768144,0.038201734780197956,0.03641115889078831,0.0378432534635067,136848000,0.0,0.0
1999-02-08 00:00:00-05:00,0.03808164948085538,0.03820175468550771,0.03653036430478096,0.03653036430478096,154080000,0.0,0.0
1999-02-09 00:00:00-05:00,0.03724639959681339,0.03748477923196509,0.034619670782485304,0.03509734198451042,86976000,0.0,0.0
1999-02-10 00:00:00-05:00,0.035097332207569304,0.03605267093001956,0.034142905416586725,0.034739766269922256,148224000,0.0,0.0
1999-02-11 00:00:00-05:00,0.0348589549584011,0.03915615734017249,0.0348589549584011,0.03772406280040741,132240000,0.0,0.0
1999-02-12 00:00:00-05:00,0.03820174441350661,0.040111510579548024,0.03820174441350661,0.03987313434481621,109728000,0.0,0.0
1999-02-16 00:00:00-05:00,0.04058917565487986,0.04226056533266094,0.03605267778127257,0.04011150449514389,211008000,0.0,0.0
1999-02-17 00:00:00-05:00,0.039156158816967004,0.03963382993572969,0.03724639310442706,0.03796244040131569,67728000,0.0,0.0
1999-02-18 00:00:00-05:00,0.03915616399190552,0.039633835173797954,0.03748477765207256,0.03855930641293526,70704000,0.0,0.0
1999-02-19 00:00:00-05:00,0.03820174441350661,0.04058918181174062,0.03772407318131401,0.03987313434481621,75360000,0.0,0.0
1999-02-22 00:00:00-05:00,0.04058917565487986,0.04106684681461582,0.03796244365762684,0.04011150449514389,205248000,0.0,0.0
1999-02-23 00:00:00-05:00,0.04106684363312758,0.042857419563740444,0.03867940678199439,0.042021267116069794,138096000,0.0,0.0
1999-02-24 00:00:00-05:00,0.048229160400263864,0.050139841721879,0.044289523291049765,0.045364052057266235,612768000,0.0,0.0
1999-02-25 00:00:00-05:00,0.04727472543369419,0.04870682339866475,0.043214983846468706,0.04393194988369942,149136000,0.0,0.0
1999-02-26 00:00:00-05:00,0.04440963003743099,0.04584172487875812,0.041544521592107114,0.0419020876288414,172608000,0.0,0.0
1999-03-01 00:00:00-05:00,0.04297661133965297,0.043931953629086,0.040111503233914596,0.042141374200582504,92160000,0.0,0.0
1999-03-02 00:00:00-05:00,0.04202127692679214,0.042260571925284804,0.041066853221020286,0.04178290069103241,55248000,0.0,0.0
1999-03-03 00:00:00-05:00,0.04202126785642403,0.04202126785642403,0.03867940746346986,0.03891778364777565,61392000,0.0,0.0
1999-03-04 00:00:00-05:00,0.040827549280145786,0.04106684422622612,0.037724065081354966,0.03808163106441498,57360000,0.0,0.0
1999-03-05 00:00:00-05:00,0.038440122754308,0.04034988902498229,0.038440122754308,0.040230702608823776,78768000,0.0,0.0
1999-03-08 00:00:00-05:00,0.039156156819547844,0.042021264623459356,0.03844010955918595,0.04082754626870155,75888000,0.0,0.0
1999-03-09 00:00:00-05:00,0.04070836418190717,0.04273823514857507,0.04070836418190717,0.042141374200582504,143184000,0.0,0.0
1999-03-10 00:00:00-05:00,0.04273823209193975,0.04273823209193975,0.04082754764972571,0.04142440855503082,235344000,0.0,0.0
1999-03-11 00:00:00-05:00,0.04070837646470895,0.04142442401655399,0.039633844047784805,0.039633844047784805,54288000,0.0,0.0
1999-03-12 00:00:00-05:00,0.03987312591006805,0.03987312591006805,0.03820173633232366,0.03891778364777565,90768000,0.0,0.0
1999-03-15 00:00:00-05:00,0.03987312509231687,0.04106684351443329,0.039633830150384124,0.04058917239308357,108816000,0.0,0.0
1999-03-16 00:00:00-05:00,0.04082754515161491,0.04130521623294121,0.038917779588748494,0.03927626088261604,79152000,0.0,0.0
1999-03-17 00:00:00-05:00,0.03963383232260868,0.04034987966262002,0.038559303639045715,0.03951464593410492,51360000,0.0,0.0
1999-03-18 00:00:00-05:00,0.03963383648594234,0.04058917888135542,0.038679412853191895,0.0399923212826252,46320000,0.0,0.0
1999-03-19 00:00:00-05:00,0.039873128296570706,0.04130522301318901,0.039873128296570706,0.04011150449514389,105312000,0.0,0.0
1999-03-22 00:00:00-05:00,0.04094673920971578,0.04106684435666624,0.03891778364777565,0.03891778364777565,36672000,0.0,0.0
1999-03-23 00:00:00-05:00,0.03915617864379728,0.03915617864379728,0.03581431664531978,0.03653036430478096,163968000,0.0,0.0
1999-03-24 00:00:00-05:00,0.036291077733039856,0.03653036941282871,0.034858978798391116,0.036291077733039856,60864000,0.0,0.0
1999-03-25 00:00:00-05:00,0.036171877057392554,0.03820174861926689,0.03605268721916722,0.03676873818039894,40320000,0.0,0.0
1999-03-26 00:00:00-05:00,0.03724639926007227,0.040111507683648885,0.03724639926007227,0.0399923212826252,88272000,0.0,0.0
1999-03-29 00:00:00-05:00,0.04118603095412254,0.04214136972665815,0.040469980278873205,0.04118603095412254,65952000,0.0,0.0
1999-03-30 00:00:00-05:00,0.04130521791229626,0.041663699220738655,0.037484771284269684,0.03772406280040741,69504000,0.0,0.0
1999-03-31 00:00:00-05:00,0.03891779810888009,0.04082756458056273,0.03712722148137606,0.040349893271923065,153600000,0.0,0.0
1999-04-01 00:00:00-05:00,0.04034988357732865,0.0405891785555927,0.03844011756449262,0.03915616497397423,30432000,0.0,0.0
1999-04-05 00:00:00-04:00,0.03867940646071511,0.03963382993572969,0.037724064223189746,0.03796244040131569,98640000,0.0,0.0
1999-04-06 00:00:00-04:00,0.03832092552732353,0.038440111909858035,0.0362910546503641,0.03700801730155945,69696000,0.0,0.0
1999-04-07 00:00:00-04:00,0.03724639629931769,0.040349880693717075,0.037008020100744506,0.04011150449514389,89280000,0.0,0.0
1999-04-08 00:00:00-04:00,0.04034987517430565,0.042021264623459356,0.03987312284237367,0.04082754626870155,130128000,0.0,0.0
1999-04-09 00:00:00-04:00,0.04106684681461582,0.04106684681461582,0.039873128296570706,0.04011150449514389,48624000,0.0,0.0
1999-04-12 00:00:00-04:00,0.039633830455862704,0.039633830455862704,0.03772406471826002,0.03844011202454567,33312000,0.0,0.0
1999-04-13 00:00:00-04:00,0.03915616901836949,0.03915616901836949,0.03629106373732896,0.03688792139291763,36144000,0.0,0.0
1999-04-14 00:00:00-04:00,0.03676873476357688,0.03760488741721217,0.0358143076300621,0.0358143076300621,48288000,0.0,0.0
1999-04-15 00:00:00-04:00,0.03676873818039894,0.03676873818039894,0.03581431095819175,0.03676873818039894,35856000,0.0,0.0
1999-04-16 00:00:00-04:00,0.03653034580753843,0.038559301316878354,0.03653034580753843,0.03796244040131569,38928000,0.0,0.0
1999-04-19 00:00:00-04:00,0.038440136359426884,0.038440136359426884,0.03581432165324245,0.036291077733039856,31296000,0.0,0.0
1999-04-20 00:00:00-04:00,0.03629106103792055,0.03772407124548801,0.035216528803572095,0.0355750136077404,67680000,0.0,0.0
1999-04-21 00:00:00-04:00,0.03557501820573402,0.03629106572846175,0.03533663853694987,0.03617187589406967,37488000,0.0,0.0
1999-04-22 00:00:00-04:00,0.03629106407183987,0.03629106407183987,0.03426210801519186,0.03461967408657074,227184000,0.0,0.0
1999-04-23 00:00:00-04:00,0.034500478879298184,0.034619668689668814,0.03270990275968779,0.03294919431209564,126048000,0.0,0.0
1999-04-26 00:00:00-04:00,0.03294919959456763,0.033425955497010065,0.030560846761391702,0.03127781301736832,123504000,0.0,0.0
1999-04-27 00:00:00-04:00,0.03199386036883256,0.034858965676282036,0.031516189121218716,0.03461967408657074,226944000,0.0,0.0
1999-04-28 00:00:00-04:00,0.03485894541369429,0.03485894541369429,0.033306746159629017,0.03438127785921097,120096000,0.0,0.0
1999-04-29 00:00:00-04:00,0.03450046420340742,0.03461965396307682,0.03366523078538884,0.03438127785921097,48144000,0.0,0.0
1999-04-30 00:00:00-04:00,0.03473977426199247,0.03629105884771821,0.034500479291252904,0.034858960658311844,99312000,0.0,0.0
1999-05-03 00:00:00-04:00,0.03521652838661166,0.03521652838661166,0.03414291492765651,0.03509734198451042,33840000,0.0,0.0
1999-05-04 00:00:00-04:00,0.03509733772675445,0.03509733772675445,0.03247152457816741,0.03318757191300392,96048000,0.0,0.0
1999-05-05 00:00:00-04:00,0.03342594629364179,0.03390361741185188,0.03151618058331115,0.03390361741185188,144576000,0.0,0.0
1999-05-06 00:00:00-04:00,0.0336652320192181,0.03438127911928332,0.032232219056829416,0.03324715420603752,35616000,0.0,0.0
1999-05-07 00:00:00-04:00,0.032232230984638476,0.0336652444773259,0.032232230984638476,0.0334259495139122,25008000,0.0,0.0
1999-05-10 00:00:00-04:00,0.033187573313096755,0.03414291222608069,0.033187573313096755,0.0334259495139122,19680000,0.0,0.0
1999-05-11 00:00:00-04:00,0.03485895919216115,0.03629105732133417,0.03414291183531179,0.035216525197029114,171744000,0.0,0.0
1999-05-12 00:00:00-04:00,0.035575029973453604,0.036411182954486525,0.03509735854602793,0.036291077733039856,168480000,0.0,0.0
1999-05-13 00:00:00-04:00,0.036291077733039856,0.03724641717241496,0.03617188785922145,0.036291077733039856,69936000,0.0,0.0
1999-05-14 00:00:00-04:00,0.03629104297681149,0.03629104297681149,0.033903606889254694,0.03438127785921097,28464000,0.0,0.0
1999-05-17 00:00:00-04:00,0.03390362736485998,0.03605268523097038,0.033784437533207604,0.03605268523097038,35760000,0.0,0.0
1999-05-18 00:00:00-04:00,0.036411158052947,0.03820173390115448,0.035336626059148175,0.03772406280040741,151536000,0.0,0.0
1999-05-19 00:00:00-04:00,0.03939546527726338,0.040827560289800696,0.035455827556354104,0.03605268523097038,451728000,0.0,0.0
1999-05-20 00:00:00-04:00,0.03629105620566846,0.03629105620566846,0.031874663630973306,0.03318757191300392,178176000,0.0,0.0
1999-05-21 00:00:00-04:00,0.03270991012366905,0.03270991012366905,0.0315161913033621,0.03247153386473656,303504000,0.0,0.0
1999-05-24 00:00:00-04:00,0.03270990066951465,0.03342594800217496,0.03187466353409999,0.03235141932964325,162624000,0.0,0.0
1999-05-25 00:00:00-04:00,0.03247152695559622,0.03294919471917235,0.03223223198475755,0.03259071335196495,130080000,0.0,0.0
1999-05-26 00:00:00-04:00,0.03247153386473656,0.034142920550255564,0.03247153386473656,0.03247153386473656,104736000,0.0,0.0
1999-05-27 00:00:00-04:00,0.03270989223542392,0.03270989223542392,0.032232221215963364,0.032232221215963364,82320000,0.0,0.0
1999-05-28 00:00:00-04:00,0.03270990316380813,0.03270990316380813,0.03223223198475755,0.03259071335196495,88656000,0.0,0.0
1999-06-01 00:00:00-04:00,0.03247153519693258,0.032709911465644836,0.03199386389664813,0.032709911465644836,98544000,0.0,0.0
1999-06-02 00:00:00-04:00,0.032709913279025754,0.032709913279025754,0.031516194343566895,0.031516194343566895,130128000,0.0,0.0
1999-06-03 00:00:00-04:00,0.03235141932964325,0.03259071086676029,0.03199385333685435,0.03235141932964325,41568000,0.0,0.0
1999-06-04 00:00:00-04:00,0.03259071335196495,0.03270990316380813,0.032351421796600735,0.03259071335196495,78912000,0.0,0.0
1999-06-07 00:00:00-04:00,0.03276949595713591,0.033425950138103754,0.03270990275968779,0.03294919431209564,125136000,0.0,0.0
1999-06-08 00:00:00-04:00,0.033068379471056106,0.03438128764831766,0.03294918967745075,0.033784426748752594,153312000,0.0,0.0
1999-06-09 00:00:00-04:00,0.033903606889254694,0.035097324933033094,0.033903606889254694,0.03438127785921097,95184000,0.0,0.0
1999-06-10 00:00:00-04:00,0.03438128958803519,0.034619665773220634,0.03414290998737563,0.034500475972890854,36096000,0.0,0.0
1999-06-11 00:00:00-04:00,0.03450047402644908,0.03461966382005443,0.03259070836509639,0.033784426748752594,61008000,0.0,0.0
1999-06-14 00:00:00-04:00,0.0338440323176365,0.033903628943976,0.03223223884298182,0.03247153386473656,51648000,0.0,0.0
1999-06-15 00:00:00-04:00,0.03247153386473656,0.03270991012366905,0.03199386258404933,0.03247153386473656,49296000,0.0,0.0
1999-06-16 00:00:00-04:00,0.03294919369680697,0.03438129184237049,0.032471525948052166,0.0334259495139122,64416000,0.0,0.0
1999-06-17 00:00:00-04:00,0.03318758140435628,0.03366525268504351,0.03247153386473656,0.03247153386473656,74928000,0.0,0.0
1999-06-18 00:00:00-04:00,0.03270990800379615,0.03270990800379615,0.03127781301736832,0.03127781301736832,158736000,0.0,0.0
1999-06-21 00:00:00-04:00,0.032232231586538686,0.03294919431209564,0.03136674012545755,0.03294919431209564,83472000,0.0,0.0
1999-06-22 00:00:00-04:00,0.03294919220663169,0.03294919220663169,0.03163536858150876,0.03235141932964325,193056000,0.0,0.0
1999-06-23 00:00:00-04:00,0.031993855381271835,0.03294919431209564,0.03163537060301895,0.03294919431209564,210912000,0.0,0.0
1999-06-24 00:00:00-04:00,0.03318756325488448,0.03318756325488448,0.03199384508739298,0.032232221215963364,115200000,0.0,0.0
1999-06-25 00:00:00-04:00,0.03199386389664813,0.033068392923835496,0.03199386389664813,0.032709911465644836,73536000,0.0,0.0
1999-06-28 00:00:00-04:00,0.03378442944472383,0.03378442944472383,0.03247152457816741,0.03318757191300392,109152000,0.0,0.0
1999-06-29 00:00:00-04:00,0.03366524641342445,0.03402280902747398,0.033187575221724296,0.03354605659842491,92688000,0.0,0.0
1999-06-30 00:00:00-04:00,0.03461968227772555,0.03653036430478096,0.03390363461826437,0.03653036430478096,269232000,0.0,0.0
1999-07-01 00:00:00-04:00,0.03653035566155117,0.03653035566155117,0.032709907858874,0.03461967408657074,88992000,0.0,0.0
1999-07-02 00:00:00-04:00,0.03509733704040185,0.03712720796465874,0.03438128971956814,0.03712720796465874,224880000,0.0,0.0
1999-07-06 00:00:00-04:00,0.03748477075844286,0.03748477075844286,0.03676872349860485,0.03724639117717743,198096000,0.0,0.0
1999-07-07 00:00:00-04:00,0.03748479167854627,0.03748479167854627,0.03653036430478096,0.03653036430478096,63120000,0.0,0.0
1999-07-08 00:00:00-04:00,0.03676873535448873,0.03796245067780651,0.035575016615696,0.037365593016147614,186048000,0.0,0.0
1999-07-09 00:00:00-04:00,0.03724640674480645,0.04082756330325158,0.03724640674480645,0.04052959382534027,211728000,0.0,0.0
1999-07-12 00:00:00-04:00,0.042976616861273804,0.044170335495153284,0.041305227021306776,0.04237975925207138,401040000,0.0,0.0
1999-07-13 00:00:00-04:00,0.042857427581888576,0.043095807222066754,0.04058918010418151,0.04249894618988037,138864000,0.0,0.0
1999-07-14 00:00:00-04:00,0.04249893571785526,0.043454277906647076,0.040589170102735564,0.04082754626870155,137952000,0.0,0.0
1999-07-15 00:00:00-04:00,0.041186045023522716,0.04249895020094769,0.04106685519218445,0.04106685519218445,137040000,0.0,0.0
1999-07-16 00:00:00-04:00,0.04178289781143844,0.042260569012770685,0.04106685039077487,0.0419020876288414,103872000,0.0,0.0
1999-07-19 00:00:00-04:00,0.042021264623459356,0.042141369761169355,0.040589170102735564,0.04082754626870155,43632000,0.0,0.0
1999-07-20 00:00:00-04:00,0.04082755185345304,0.04082755185345304,0.03867940977852559,0.04011150449514389,178752000,0.0,0.0
1999-07-21 00:00:00-04:00,0.039633830963227645,0.039633830963227645,0.03772406520117746,0.03891778364777565,112080000,0.0,0.0
1999-07-22 00:00:00-04:00,0.038679407754179315,0.038679407754179315,0.03676872663070819,0.03712720796465874,213264000,0.0,0.0
1999-07-23 00:00:00-04:00,0.037008018163872974,0.038201736619443,0.037008018163872974,0.03712720796465874,80256000,0.0,0.0
1999-07-26 00:00:00-04:00,0.03808162822764816,0.03808162822764816,0.03724639117717743,0.03724639117717743,60528000,0.0,0.0
1999-07-27 00:00:00-04:00,0.03724640318708277,0.03748478284521246,0.03676873535448873,0.037365593016147614,98592000,0.0,0.0
1999-07-28 00:00:00-04:00,0.03724639310442706,0.038440111520078375,0.037127206723101096,0.03796244040131569,244224000,0.0,0.0
1999-07-29 00:00:00-04:00,0.03724639667470173,0.03844011520477762,0.0370080204737261,0.03832092881202698,388800000,0.0,0.0
1999-07-30 00:00:00-04:00,0.03832092564165557,0.03939545427460844,0.0382017358432914,0.03844011202454567,452304000,0.0,0.0
1999-08-02 00:00:00-04:00,0.038440134113569384,0.03891780551308719,0.03820175779533588,0.03879861906170845,313344000,0.0,0.0
1999-08-03 00:00:00-04:00,0.038798595686983815,0.038798595686983815,0.03748477214681544,0.0378432534635067,255216000,0.0,0.0
1999-08-04 00:00:00-04:00,0.038081629638127334,0.038201734780197956,0.037724063668459394,0.0378432534635067,89952000,0.0,0.0
1999-08-05 00:00:00-04:00,0.03784325451662418,0.03844011202454567,0.037246393593228636,0.03844011202454567,240576000,0.0,0.0
1999-08-06 00:00:00-04:00,0.03832092564165557,0.038559301822909835,0.0382017358432914,0.03844011202454567,183984000,0.0,0.0
1999-08-09 00:00:00-04:00,0.038559301822909835,0.03891778314957705,0.0382017358432914,0.03844011202454567,31056000,0.0,0.0
1999-08-10 00:00:00-04:00,0.03867941254275666,0.04082755477120148,0.03844011756449262,0.03915616497397423,212064000,0.0,0.0
1999-08-11 00:00:00-04:00,0.03987313451675577,0.042260571925284804,0.039395463282503373,0.04178290069103241,197712000,0.0,0.0
1999-08-12 00:00:00-04:00,0.04202126717584308,0.04488637515378207,0.04178289099539805,0.043811846524477005,239616000,0.0,0.0
1999-08-13 00:00:00-04:00,0.04345428859327308,0.04428952584976311,0.042976617381404444,0.04333509877324104,84672000,0.0,0.0
1999-08-16 00:00:00-04:00,0.043692665987043015,0.043692665987043015,0.040230699769455716,0.04166371002793312,223440000,0.0,0.0
1999-08-17 00:00:00-04:00,0.04178290069103241,0.042498948161044534,0.04070837181238518,0.04178290069103241,193536000,0.0,0.0
1999-08-18 00:00:00-04:00,0.04130521220674395,0.04321497758345729,0.04046997525992929,0.04273822531104088,279888000,0.0,0.0
1999-08-19 00:00:00-04:00,0.04572252081038604,0.05419865368708137,0.04417032128825639,0.05181030184030533,1966992000,0.0,0.0
1999-08-20 00:00:00-04:00,0.05193043385728161,0.052287996552242415,0.04942289093183508,0.05133357271552086,353088000,0.0,0.0
1999-08-23 00:00:00-04:00,0.050616591051130325,0.050616591051130325,0.0465577646506201,0.0482291541993618,507984000,0.0,0.0
1999-08-24 00:00:00-04:00,0.04751311286615929,0.04846845181643447,0.04512567571441925,0.04799078404903412,398064000,0.0,0.0
1999-08-25 00:00:00-04:00,0.04810997515718185,0.04858764638682921,0.04584172759613733,0.047751493752002716,350352000,0.0,0.0
1999-08-26 00:00:00-04:00,0.047751480618156754,0.048468443231317444,0.046319386085830375,0.04703543335199356,275376000,0.0,0.0
1999-08-27 00:00:00-04:00,0.04799078997014601,0.05157194272412483,0.047751494967867285,0.04966217651963234,552384000,0.0,0.0
1999-08-30 00:00:00-04:00,0.050497404007886874,0.05145274630571463,0.04739391968379984,0.04948246851563454,158640000,0.0,0.0
1999-08-31 00:00:00-04:00,0.049662165544255614,0.053959368245365485,0.048706826687241155,0.05372099205851555,786864000,0.0,0.0
1999-09-01 00:00:00-04:00,0.0537209967405926,0.0537209967405926,0.0503782172580855,0.05121345445513725,565344000,0.0,0.0
1999-09-02 00:00:00-04:00,0.049542063747751046,0.050855887444207576,0.04846845036401039,0.05061659589409828,341088000,0.0,0.0
1999-09-03 00:00:00-04:00,0.05157192687404884,0.05228797413532068,0.050616588099516836,0.050975069403648376,258864000,0.0,0.0
1999-09-07 00:00:00-04:00,0.051810312599033084,0.051810312599033084,0.05049740429621305,0.050736699253320694,124416000,0.0,0.0
1999-09-08 00:00:00-04:00,0.050855887444207576,0.051213453456410395,0.05061659589409828,0.05061659589409828,170064000,0.0,0.0
1999-09-09 00:00:00-04:00,0.05109426898014731,0.05145275035293558,0.0489452080222763,0.04990055039525032,209472000,0.0,0.0
1999-09-10 00:00:00-04:00,0.05073670105045622,0.05133355861276833,0.05037821627564682,0.05061659589409828,167424000,0.0,0.0
1999-09-13 00:00:00-04:00,0.05085588070373547,0.05085588070373547,0.04846844393997073,0.04894519969820976,174432000,0.0,0.0
1999-09-14 00:00:00-04:00,0.048945211036096184,0.048945211036096184,0.04727473650901864,0.04751311615109444,250368000,0.0,0.0
1999-09-15 00:00:00-04:00,0.04691625103715409,0.04846845095553114,0.04655776967344408,0.04787159338593483,212736000,0.0,0.0
1999-09-16 00:00:00-04:00,0.04727473653677058,0.047751492405727326,0.0460801025304457,0.046676963567733765,158112000,0.0,0.0
1999-09-17 00:00:00-04:00,0.046378982461973126,0.04679706040087138,0.04488637587646949,0.04655776545405388,171648000,0.0,0.0
1999-09-20 00:00:00-04:00,0.045722540570629445,0.04631940166128261,0.04488638788461685,0.04488638788461685,229104000,0.0,0.0
1999-09-21 00:00:00-04:00,0.043931951480015864,0.04417032765943284,0.039992314889762376,0.04058917239308357,737328000,0.0,0.0
1999-09-22 00:00:00-04:00,0.040589195211511414,0.04178291430471266,0.03820175702510892,0.041544537991285324,375984000,0.0,0.0
1999-09-23 00:00:00-04:00,0.041663701739892374,0.04178289153940374,0.037724065081354966,0.03808163106441498,379584000,0.0,0.0
1999-09-24 00:00:00-04:00,0.038201745646820294,0.03915616937928935,0.03199386036883256,0.03461967408657074,684912000,0.0,0.0
1999-09-27 00:00:00-04:00,0.03688792460314907,0.037484785726155455,0.03461967678029927,0.03676873818039894,432000000,0.0,0.0
1999-09-28 00:00:00-04:00,0.03682832175083075,0.04058917565487986,0.03676872855505603,0.04011150449514389,413184000,0.0,0.0
1999-09-29 00:00:00-04:00,0.040946748816085315,0.042498948958095854,0.03629106373732896,0.03688792139291763,594048000,0.0,0.0
1999-09-30 00:00:00-04:00,0.03820174861926689,0.039395467449804454,0.03629106689561789,0.03676873818039894,342528000,0.0,0.0
1999-10-01 00:00:00-04:00,0.03617188280130024,0.03748479167854627,0.03461968227772555,0.03653036430478096,347760000,0.0,0.0
1999-10-04 00:00:00-04:00,0.03772406227122386,0.03784325206185657,0.03676872349860485,0.03724639117717743,177600000,0.0,0.0
1999-10-05 00:00:00-04:00,0.037246391204428145,0.04106684119713147,0.037246391204428145,0.04082754626870155,478080000,0.0,0.0
1999-10-06 00:00:00-04:00,0.04094673005100154,0.04775147322435159,0.04058916414678395,0.04572251811623573,1508736000,0.0,0.0
1999-10-07 00:00:00-04:00,0.04763228449436623,0.04763228449436623,0.04249893041248344,0.04273822531104088,487296000,0.0,0.0
1999-10-08 00:00:00-04:00,0.042738245363788695,0.04620021182951803,0.04106685533906881,0.04488638788461685,398928000,0.0,0.0
1999-10-11 00:00:00-04:00,0.045244836295194206,0.045364026039982366,0.04249891934018753,0.043692637234926224,544464000,0.0,0.0
1999-10-12 00:00:00-04:00,0.04393196869978635,0.044409640008366245,0.04297662608262655,0.04309581592679024,322992000,0.0,0.0
1999-10-13 00:00:00-04:00,0.042618135049504964,0.042618135049504964,0.04106685039077487,0.0419020876288414,280368000,0.0,0.0
1999-10-14 00:00:00-04:00,0.0420212789437676,0.0420212789437676,0.04058918393500435,0.04106685519218445,192336000,0.0,0.0
1999-10-15 00:00:00-04:00,0.039036970444301766,0.04106684119713147,0.038917780653581854,0.04082754626870155,210720000,0.0,0.0
1999-10-18 00:00:00-04:00,0.04094674559739709,0.04094674559739709,0.0384401185132776,0.03867941349744797,215184000,0.0,0.0
1999-10-19 00:00:00-04:00,0.03987312620974934,0.03987312620974934,0.036411160643825026,0.03712720796465874,308928000,0.0,0.0
1999-10-20 00:00:00-04:00,0.03772406471826002,0.03891778314957705,0.037127207210338534,0.03844011202454567,348720000,0.0,0.0
1999-10-21 00:00:00-04:00,0.03832093633814948,0.040230702608823776,0.03724640398978915,0.040230702608823776,382128000,0.0,0.0
1999-10-22 00:00:00-04:00,0.040111498975490795,0.04237974930790277,0.040111498975490795,0.04118603095412254,286752000,0.0,0.0
1999-10-25 00:00:00-04:00,0.04094674458674315,0.041544520943338346,0.03915616497397423,0.03915616497397423,213840000,0.0,0.0
1999-10-26 00:00:00-04:00,0.04082756025846468,0.044409635312617546,0.0405891840108179,0.04297662153840065,481248000,0.0,0.0
1999-10-27 00:00:00-04:00,0.043214997705329314,0.043454292715307874,0.04034988892502579,0.04106685519218445,214128000,0.0,0.0
1999-10-28 00:00:00-04:00,0.041305225965074306,0.042021273374555905,0.03891778875836545,0.03915616497397423,222768000,0.0,0.0
1999-10-29 00:00:00-04:00,0.039633836389321005,0.04297661600245497,0.03939546017238018,0.04226056858897209,330528000,0.0,0.0
1999-11-01 00:00:00-05:00,0.04154452659795739,0.04655777790933674,0.04154452659795739,0.04488638788461685,782544000,0.0,0.0
1999-11-02 00:00:00-05:00,0.045722537771669104,0.047990788748188434,0.04536405636648997,0.047751493752002716,837504000,0.0,0.0
1999-11-03 00:00:00-05:00,0.049662175567108335,0.05372100290052345,0.04930369415967712,0.05240717902779579,2011680000,0.0,0.0
1999-11-04 00:00:00-05:00,0.05300495317467332,0.057182966739828964,0.05300495317467332,0.055749956518411636,1260336000,0.0,0.0
1999-11-05 00:00:00-05:00,0.05730214498211855,0.057779812682428856,0.051333552941077484,0.05395936593413353,616368000,0.0,0.0
1999-11-08 00:00:00-05:00,0.052287989187648584,0.05706378275003728,0.05061660267069681,0.055511582642793655,470016000,0.0,0.0
1999-11-09 00:00:00-05:00,0.05539238501267213,0.055630761213975394,0.05252727678403233,0.05467541888356209,272352000,0.0,0.0
1999-11-10 00:00:00-05:00,0.054855125358716214,0.054914718560287776,0.053124142316781496,0.054198671132326126,144048000,0.0,0.0
1999-11-11 00:00:00-05:00,0.054198668183062966,0.06088330500261221,0.0530049496138577,0.05801820009946823,562704000,0.0,0.0
1999-11-12 00:00:00-05:00,0.0605257384498103,0.0611225925385952,0.057063769559993274,0.0611225925385952,501504000,0.0,0.0
1999-11-15 00:00:00-05:00,0.061539768663852905,0.06339086047122681,0.058973551535531916,0.05992889404296875,362208000,0.0,0.0
1999-11-16 00:00:00-05:00,0.06136099059854957,0.0668528285960506,0.06112261093155106,0.06565911322832108,723792000,0.0,0.0
1999-11-17 00:00:00-05:00,0.06685280392632387,0.07162767729713956,0.06589746174717888,0.06816571205854416,786384000,0.0,0.0
1999-11-18 00:00:00-05:00,0.06959780771201649,0.07019558394793958,0.06780723187618269,0.06840408593416214,235968000,0.0,0.0
1999-11-19 00:00:00-05:00,0.07664185597896053,0.08475950931427323,0.07640256102052242,0.0818943977355957,2165184000,0.0,0.0
1999-11-22 00:00:00-05:00,0.08398383842022979,0.0840434315986382,0.07688020723071955,0.08177518844604492,540192000,0.0,0.0
1999-11-23 00:00:00-05:00,0.07341826643258098,0.07676104590401708,0.07258303265376989,0.075925812125206,553248000,0.0,0.0
1999-11-24 00:00:00-05:00,0.07556734792267221,0.07640258189117886,0.06792736023919055,0.07353747636079788,406848000,0.0,0.0
1999-11-26 00:00:00-05:00,0.07282143354775751,0.07353748803817019,0.07067237522187372,0.07306072860956192,71760000,0.0,0.0
1999-11-29 00:00:00-05:00,0.07282138911749317,0.07377673125587912,0.06876257000392336,0.07043395936489105,298608000,0.0,0.0
1999-11-30 00:00:00-05:00,0.07067234019614811,0.0718660620401006,0.06613584607839584,0.06613584607839584,314688000,0.0,0.0
1999-12-01 00:00:00-05:00,0.06613587291038645,0.07043399600671722,0.06613587291038645,0.06947865337133408,223536000,0.0,0.0
1999-12-02 00:00:00-05:00,0.06971790308167962,0.07556731139999655,0.06971790308167962,0.07461196929216385,309888000,0.0,0.0
1999-12-03 00:00:00-05:00,0.0753280466682326,0.07664187057567967,0.07186608030119603,0.07282141596078873,342768000,0.0,0.0
1999-12-06 00:00:00-05:00,0.07306071355763853,0.07520885609346306,0.07306071355763853,0.07485129684209824,178608000,0.0,0.0
1999-12-07 00:00:00-05:00,0.07544815224248536,0.07556734549235253,0.06947864634990296,0.07234375178813934,186384000,0.0,0.0
1999-12-08 00:00:00-05:00,0.07210535489383152,0.07628337479145345,0.07186606676583654,0.075567327439785,201696000,0.0,0.0
1999-12-09 00:00:00-05:00,0.07544813763280607,0.07735790699335005,0.07067234804167268,0.07329908013343811,214944000,0.0,0.0
1999-12-10 00:00:00-05:00,0.07461198047315912,0.07497046180017641,0.07115001497419134,0.07246291637420654,98304000,0.0,0.0
1999-12-13 00:00:00-05:00,0.07162767419477059,0.07413429714565306,0.0706723320570038,0.07222453504800797,183840000,0.0,0.0
1999-12-14 00:00:00-05:00,0.07234374126261033,0.07413431748257555,0.07031478540854358,0.07103083282709122,273888000,0.0,0.0
1999-12-15 00:00:00-05:00,0.07055313107635305,0.07091161228663993,0.06709116670468726,0.06876255571842194,205968000,0.0,0.0
1999-12-16 00:00:00-05:00,0.06912106989198646,0.07019559868852952,0.06804654109544339,0.06828491389751434,132576000,0.0,0.0
1999-12-17 00:00:00-05:00,0.07019556915129765,0.0729405712564042,0.06983708792089738,0.07186604291200638,262080000,0.0,0.0
1999-12-20 00:00:00-05:00,0.0719861648624503,0.07923832300388158,0.06947862623777756,0.0778355672955513,402432000,0.0,0.0
1999-12-21 00:00:00-05:00,0.07783556569923485,0.0812975311681386,0.07497046114912631,0.08117834478616714,388368000,0.0,0.0
1999-12-22 00:00:00-05:00,0.08141673989684779,0.08404346535264688,0.07831325516040948,0.08308812975883484,251184000,0.0,0.0
1999-12-23 00:00:00-05:00,0.08320732360959796,0.088818347899271,0.08284975753259526,0.08857997506856918,280224000,0.0,0.0
1999-12-27 00:00:00-05:00,0.09048974850909007,0.090608941769351,0.08428186240638977,0.08523720502853394,202416000,0.0,0.0
1999-12-28 00:00:00-05:00,0.08523718736715455,0.08834067210175148,0.08475951957053193,0.08499789237976074,179184000,0.0,0.0
1999-12-29 00:00:00-05:00,0.08481912130965844,0.08881834883770502,0.08475952810135334,0.0878630131483078,132144000,0.0,0.0
1999-12-30 00:00:00-05:00,0.08786301221996763,0.08917683615452175,0.0864309103864107,0.08857997506856918,139776000,0.0,0.0
1999-12-31 00:00:00-05:00,0.08840027344926421,0.08977369059432093,0.0881023005793236,0.08965358883142471,127344000,0.0,0.0
2000-01-03 00:00:00-05:00,0.09025136358628856,0.09096741107574004,0.0842818511401719,0.08941520750522614,300912000,0.0,0.0
2000-01-04 00:00:00-05:00,0.08786299898166788,0.08810228712361429,0.08261045007674608,0.08702775835990906,300480000,0.0,0.0
2000-01-05 00:00:00-05:00,0.08452114134109541,0.08595323623860006,0.08296893785880662,0.08416265994310379,188352000,0.0,0.0
2000-01-06 00:00:00-05:00,0.08416265952814588,0.08416265952814588,0.07544814407588883,0.07867082208395004,120480000,0.0,0.0
2000-01-07 00:00:00-05:00,0.07831325275460882,0.08081987638150258,0.0771195307261992,0.0799846425652504,71184000,0.0,0.0
2000-01-10 00:00:00-05:00,0.08022300627904017,0.08595322247703198,0.0787909116108215,0.08261044323444366,239856000,0.0,0.0
2000-01-11 00:00:00-05:00,0.08213280048126294,0.08308814305894827,0.07926768809556961,0.07926768809556961,148128000,0.0,0.0
2000-01-12 00:00:00-05:00,0.07926767200500626,0.07938778058270211,0.07616418740176287,0.07723871618509293,123552000,0.0,0.0
2000-01-13 00:00:00-05:00,0.07711954051918735,0.08117836807110729,0.07616419800246055,0.08046140521764755,132192000,0.0,0.0
2000-01-14 00:00:00-05:00,0.08165601176922259,0.08726611862145121,0.08141671684942633,0.08392333984375,604560000,0.0,0.0
2000-01-18 00:00:00-05:00,0.0849978771026763,0.08786298851308393,0.08117834561778166,0.08750542253255844,261648000,0.0,0.0
2000-01-19 00:00:00-05:00,0.08786298806767537,0.08786298806767537,0.08595321891943528,0.08666926622390747,164688000,0.0,0.0
2000-01-20 00:00:00-05:00,0.08738621206036178,0.09216108485474467,0.08571482282985901,0.0864308699965477,179568000,0.0,0.0
2000-01-21 00:00:00-05:00,0.0861915738496448,0.0865500550728156,0.08332646327368583,0.08547552675008774,544272000,0.0,0.0
2000-01-24 00:00:00-05:00,0.08822146578903658,0.08822146578903658,0.08117834188961742,0.08165601640939713,256944000,0.0,0.0
2000-01-25 00:00:00-05:00,0.0820135756259785,0.08284973145772188,0.0783132375214007,0.08093904703855515,237120000,0.0,0.0
2000-01-26 00:00:00-05:00,0.08093907189740847,0.08308813656324619,0.07616419690794998,0.07759629189968109,232464000,0.0,0.0
2000-01-27 00:00:00-05:00,0.07819315842924761,0.07819315842924761,0.07067236399946648,0.07353747636079788,458208000,0.0,0.0
2000-01-28 00:00:00-05:00,0.07258302445135015,0.07306069215818965,0.06852419805546132,0.07138930261135101,194448000,0.0,0.0
2000-01-31 00:00:00-05:00,0.07174689426077212,0.07329909798079456,0.06685283242931003,0.07079247385263443,182400000,0.0,0.0
2000-02-01 00:00:00-05:00,0.07091163537723022,0.07306069264523465,0.06828490356825385,0.07246291637420654,92976000,0.0,0.0
2000-02-02 00:00:00-05:00,0.07282139290642399,0.07592579905196799,0.07246291160301029,0.07449278235435486,149040000,0.0,0.0
2000-02-03 00:00:00-05:00,0.07688022190963718,0.07843242503990015,0.07520883239980088,0.0756865069270134,108240000,0.0,0.0
2000-02-04 00:00:00-05:00,0.07807395853128235,0.07807395853128235,0.07592581626477252,0.0774770975112915,123696000,0.0,0.0
2000-02-07 00:00:00-05:00,0.07783556937672352,0.07783556937672352,0.07258302773421588,0.07270221412181854,217488000,0.0,0.0
2000-02-08 00:00:00-05:00,0.07449278895423153,0.07879091041898903,0.0725830265867827,0.07616417855024338,468816000,0.0,0.0
2000-02-09 00:00:00-05:00,0.07902931353041352,0.08034222218180517,0.07795478455231851,0.07807397097349167,589056000,0.0,0.0
2000-02-10 00:00:00-05:00,0.08284973032585925,0.09550387658331101,0.08284973032585925,0.09407086670398712,970080000,0.0,0.0
2000-02-11 00:00:00-05:00,0.09872658292127251,0.09884669151918578,0.08857997825036264,0.09550391137599945,423792000,0.0,0.0
2000-02-14 00:00:00-05:00,0.09574229357568653,0.1107838824391365,0.0947869510058775,0.1107838824391365,650112000,0.0,0.0
2000-02-15 00:00:00-05:00,0.11102313412706954,0.11114232050332816,0.10195013954385929,0.10648663341999054,450480000,0.0,0.0
2000-02-16 00:00:00-05:00,0.10768037974934809,0.11508198655662444,0.10648665769683027,0.11138071864843369,1019568000,0.0,0.0
2000-02-17 00:00:00-05:00,0.1112615133690405,0.11603730245418792,0.10959012380820178,0.11532033979892731,535776000,0.0,0.0
2000-02-18 00:00:00-05:00,0.11364898395462543,0.1303628776906184,0.11281375001541477,0.12869149446487427,960864000,0.0,0.0
2000-02-22 00:00:00-05:00,0.12463265868237622,0.12630312645158256,0.1203345294829953,0.12510940432548523,542496000,0.0,0.0
2000-02-23 00:00:00-05:00,0.1236772572290954,0.12713922207496703,0.12212506117788959,0.12582631409168243,511392000,0.0,0.0
2000-02-24 00:00:00-05:00,0.12654241101237482,0.12737764478298916,0.11937917754803232,0.12463264167308807,244320000,0.0,0.0
2000-02-25 00:00:00-05:00,0.12475183002081697,0.12475183002081697,0.111739200255126,0.11687254905700684,278736000,0.0,0.0
2000-02-28 00:00:00-05:00,0.11627570434764403,0.11746942649666925,0.1141266533685761,0.11603733152151108,517872000,0.0,0.0
2000-02-29 00:00:00-05:00,0.11532033776794347,0.12367727859400925,0.11532033776794347,0.12224426865577698,306048000,0.0,0.0
2000-03-01 00:00:00-05:00,0.12224427680384993,0.12224427680384993,0.11675335548825669,0.11866312474012375,383568000,0.0,0.0
2000-03-02 00:00:00-05:00,0.11961846866969976,0.11961846866969976,0.11030710650654724,0.11066466569900513,191040000,0.0,0.0
2000-03-03 00:00:00-05:00,0.11078384438983842,0.11364894893692461,0.10982941749518751,0.11245523393154144,273696000,0.0,0.0
2000-03-06 00:00:00-05:00,0.1131721757644623,0.12176750148680228,0.11078382401496235,0.11173916608095169,432096000,0.0,0.0
2000-03-07 00:00:00-05:00,0.14325538618337252,0.166653914385951,0.1370475015904191,0.15913312137126923,1952208000,0.0,0.0
2000-03-08 00:00:00-05:00,0.1590432690192356,0.16187902804430915,0.14755349048065244,0.16044601798057556,668736000,0.0,0.0
2000-03-09 00:00:00-05:00,0.1623558017573184,0.20628775385629328,0.16187904248668833,0.19157439470291138,952944000,0.0,0.0
2000-03-10 00:00:00-05:00,0.20151286790619766,0.2769600830897812,0.20007985779605256,0.22538815438747406,2161200000,0.0,0.0
2000-03-13 00:00:00-05:00,0.20437799272527546,0.28651076936185776,0.20246730796570142,0.28507867455482483,2415168000,0.0,0.0
2000-03-14 00:00:00-05:00,0.28352640961796116,0.28352640961796116,0.20628770866145876,0.2103465348482132,1567776000,0.0,0.0
2000-03-15 00:00:00-05:00,0.22541842397191816,0.23123850190015754,0.19482732997056393,0.20175126194953918,995616000,0.0,0.0
2000-03-16 00:00:00-05:00,0.20819752417523243,0.2153607581301265,0.17692062947864393,0.17987467348575592,750384000,0.0,0.0
2000-03-17 00:00:00-05:00,0.17572688238721218,0.2043779538774493,0.17569662128866,0.19076846539974213,557616000,0.0,0.0
2000-03-20 00:00:00-05:00,0.19828923307466712,0.20461630203853112,0.1845605598705175,0.19064925611019135,365280000,0.0,0.0
2000-03-21 00:00:00-05:00,0.19100688677859223,0.19267826983874914,0.16617626241283215,0.18121784925460815,536640000,0.0,0.0
2000-03-22 00:00:00-05:00,0.1826508561404771,0.1881417781707596,0.17954644922890842,0.1825316697359085,230592000,0.0,0.0
2000-03-23 00:00:00-05:00,0.18086026810157316,0.19578266785417706,0.18050179355044946,0.18575432896614075,309408000,0.0,0.0
2000-03-24 00:00:00-05:00,0.18456060217578454,0.1929175435840939,0.1719064476855578,0.17799514532089233,231600000,0.0,0.0
2000-03-27 00:00:00-05:00,0.17763657700846175,0.183366797543442,0.16474406921735357,0.1662953495979309,388944000,0.0,0.0
2000-03-28 00:00:00-05:00,0.16056519569962574,0.16235577850319133,0.1508953463388911,0.15388056635856628,393312000,0.0,0.0
2000-03-29 00:00:00-05:00,0.15447737843045936,0.15805854322155122,0.13752512730998398,0.14373300969600677,469440000,0.0,0.0
2000-03-30 00:00:00-05:00,0.13943495389622806,0.15614885453266755,0.13466007872170346,0.14289692044258118,361920000,0.0,0.0
2000-03-31 00:00:00-05:00,0.15265656896695787,0.16784759912723346,0.14994091208378213,0.16137108206748962,962976000,0.0,0.0
2000-04-03 00:00:00-04:00,0.15990875904772978,0.1604460268484095,0.14456829195190915,0.14874722063541412,329952000,0.0,0.0
2000-04-04 00:00:00-04:00,0.15662556922584514,0.1592522874188873,0.10887407821888573,0.14325536787509918,513792000,0.0,0.0
2000-04-05 00:00:00-04:00,0.14468836985790712,0.18623196793640187,0.1372867645988991,0.17513002455234528,639600000,0.0,0.0
2000-04-06 00:00:00-04:00,0.18324768543243408,0.19255904653610809,0.17453317159543946,0.18324768543243408,404592000,0.0,0.0
2000-04-07 00:00:00-04:00,0.19243986049230313,0.20055751341506917,0.18432220756953707,0.19590182602405548,318576000,0.0,0.0
2000-04-10 00:00:00-04:00,0.19924461963843662,0.21082423893372865,0.1748907437547926,0.1785920113325119,395280000,0.0,0.0
2000-04-11 00:00:00-04:00,0.1661459972217975,0.18145713295415322,0.1528060548744032,0.167966827750206,457584000,0.0,0.0
2000-04-12 00:00:00-04:00,0.16820603843023504,0.17190637533685593,0.14994086855842936,0.15053772926330566,313440000,0.0,0.0
2000-04-13 00:00:00-04:00,0.15173148618451565,0.15710322060739026,0.14158397655195962,0.14409059286117554,313296000,0.0,0.0
2000-04-14 00:00:00-04:00,0.13489843839851828,0.14528525131958958,0.12510938814856717,0.13140712678432465,421920000,0.0,0.0
2000-04-17 00:00:00-04:00,0.12033454367595814,0.14325541564371258,0.12033454367595814,0.1381220519542694,294096000,0.0,0.0
2000-04-18 00:00:00-04:00,0.15202954171334776,0.17142884213817897,0.14755354724521935,0.16259513795375824,477504000,0.0,0.0
2000-04-19 00:00:00-04:00,0.1677284601081195,0.1699967042253054,0.15280605958041046,0.15483501553535461,278352000,0.0,0.0
2000-04-20 00:00:00-04:00,0.15901392293910704,0.16199822776680897,0.15185070332930345,0.15399976074695587,153936000,0.0,0.0
2000-04-24 00:00:00-04:00,0.145165140621164,0.15161231269599657,0.13871887023152277,0.14635886251926422,205968000,0.0,0.0
2000-04-25 00:00:00-04:00,0.1529252473074059,0.1671316005035437,0.15256677273456912,0.16235581040382385,249696000,0.0,0.0
2000-04-26 00:00:00-04:00,0.17369708450846094,0.17763671232208642,0.16044606494606212,0.16068445146083832,254112000,0.0,0.0
2000-04-27 00:00:00-04:00,0.14994093341301776,0.17548760180861983,0.1491047843212561,0.17381621897220612,280992000,0.0,0.0
2000-04-28 00:00:00-04:00,0.1765621690318496,0.18336691531336638,0.17023509740829468,0.17023509740829468,179040000,0.0,0.0
2000-05-01 00:00:00-04:00,0.17668131062862527,0.18050176425218442,0.17154794878557186,0.17572689056396484,119424000,0.0,0.0
2000-05-02 00:00:00-04:00,0.17572690105732894,0.18599361169460643,0.16402716672408238,0.16892215609550476,234000000,0.0,0.0
2000-05-03 00:00:00-04:00,0.16784764254870735,0.17333947993157453,0.15280605596898947,0.16617625951766968,329184000,0.0,0.0
2000-05-04 00:00:00-04:00,0.1658177807849057,0.17524925946408823,0.16438568582848997,0.1682061403989792,241200000,0.0,0.0
2000-05-05 00:00:00-04:00,0.16748913763960133,0.18002410609758723,0.16522089380199462,0.17596527934074402,170592000,0.0,0.0
2000-05-08 00:00:00-04:00,0.17142879282353302,0.17763667756183896,0.16927973519295308,0.16951903700828552,185136000,0.0,0.0
2000-05-09 00:00:00-04:00,0.17238415223091497,0.17381624717093921,0.1623558125998135,0.16713160276412964,176832000,0.0,0.0
2000-05-10 00:00:00-04:00,0.16546017918222444,0.1655793655632119,0.14922395841843478,0.15065696835517883,274080000,0.0,0.0
2000-05-11 00:00:00-04:00,0.15280602644840416,0.15984914374974837,0.1507761555863468,0.15710322558879852,245904000,0.0,0.0
2000-05-12 00:00:00-04:00,0.1614013592347723,0.16999667315532022,0.15232835710048676,0.15232835710048676,187824000,0.0,0.0
2000-05-15 00:00:00-04:00,0.1516123637319531,0.16546024463290512,0.14421075539059525,0.16283351182937622,282096000,0.0,0.0
2000-05-16 00:00:00-04:00,0.16999671072180278,0.18467982364839156,0.16808602575410514,0.17954646050930023,366432000,0.0,0.0
2000-05-17 00:00:00-04:00,0.18909709366811825,0.2189418908173709,0.18897790727621572,0.21106261014938354,1290624000,0.0,0.0
2000-05-18 00:00:00-04:00,0.21225632493129426,0.21571829057195988,0.19542415762659252,0.19673706591129303,509904000,0.0,0.0
2000-05-19 00:00:00-04:00,0.19100682151850243,0.2015128182499021,0.18957472710839549,0.19506564736366272,521184000,0.0,0.0
2000-05-22 00:00:00-04:00,0.19291755841974695,0.2077207714319229,0.1758461014601648,0.2077207714319229,517152000,0.0,0.0
2000-05-23 00:00:00-04:00,0.2024673294949505,0.22526899887228868,0.1991254649201613,0.20604939758777618,778560000,0.0,0.0
2000-05-24 00:00:00-04:00,0.20581007972084012,0.20915285916057277,0.17620457004476078,0.2034226357936859,739632000,0.0,0.0
2000-05-25 00:00:00-04:00,0.2064069703296667,0.21870355428458563,0.19805092904712346,0.20055755972862244,569184000,0.0,0.0
2000-05-26 00:00:00-04:00,0.2015724927186966,0.20712300801908007,0.1890971160740417,0.2015724927186966,183456000,0.0,0.0
2000-05-30 00:00:00-04:00,0.20700383348827128,0.21512148890335425,0.2060494131132049,0.20986895263195038,303648000,0.0,0.0
2000-05-31 00:00:00-04:00,0.2091528674499654,0.2215686365264964,0.2091528674499654,0.2179865688085556,469536000,0.0,0.0
2000-06-01 00:00:00-04:00,0.2244337161422488,0.22646267172795437,0.2184642050768016,0.22407522797584534,418992000,0.0,0.0
2000-06-02 00:00:00-04:00,0.2287309197250908,0.25403922841539234,0.2287309197250908,0.25129422545433044,592176000,0.0,0.0
2000-06-05 00:00:00-04:00,0.2509357450162996,0.2693200956586496,0.24090742059693546,0.25669530034065247,491904000,0.0,0.0
2000-06-06 00:00:00-04:00,0.257621364430081,0.2671711148381441,0.24257884693337806,0.24389268457889557,375888000,0.0,0.0
2000-06-07 00:00:00-04:00,0.242102024671699,0.24413098019422141,0.22944695561105324,0.23302902281284332,332352000,0.0,0.0
2000-06-08 00:00:00-04:00,0.23899764755559383,0.23923692202050742,0.22538814388192396,0.23481962084770203,460704000,0.0,0.0
2000-06-09 00:00:00-04:00,0.2392369382698727,0.25212948012399844,0.23565487059174603,0.2415042668581009,467280000,0.0,0.0
2000-06-12 00:00:00-04:00,0.24257880249032593,0.24460868729198992,0.22968628795826596,0.2350580096244812,380016000,0.0,0.0
2000-06-13 00:00:00-04:00,0.228492476060999,0.2425787070486658,0.22729875453288387,0.2424595206975937,447840000,0.0,0.0
2000-06-14 00:00:00-04:00,0.24699613927564973,0.24830902039005942,0.23902791899330492,0.24222125113010406,275088000,0.0,0.0
2000-06-15 00:00:00-04:00,0.24150420879130838,0.2485482543706894,0.22849251099153584,0.2485482543706894,338592000,0.0,0.0
2000-06-16 00:00:00-04:00,0.2476525612695484,0.2865107386811852,0.2475929407525995,0.2860330641269684,987840000,0.0,0.0
2000-06-19 00:00:00-04:00,0.28531712215965865,0.327100026510023,0.2781538865429632,0.3039398789405823,1052160000,0.0,0.0
2000-06-20 00:00:00-04:00,0.3091932563845577,0.31277439500410587,0.29606144023083886,0.2998809516429901,610272000,0.0,0.0
2000-06-21 00:00:00-04:00,0.29522531512876604,0.33617297899660215,0.29522531512876604,0.33032265305519104,614880000,0.0,0.0
2000-06-22 00:00:00-04:00,0.3288905767225032,0.33569532335055063,0.3091933133664023,0.3122967779636383,614352000,0.0,0.0
2000-06-23 00:00:00-04:00,0.3039397382689747,0.3077601780125212,0.28269027213299774,0.28281036019325256,607392000,0.0,0.0
2000-06-26 00:00:00-04:00,0.28842049167947614,0.31874296027870574,0.28388400450662377,0.3169523775577545,618288000,0.0,0.0
2000-06-27 00:00:00-04:00,0.31420646882739484,0.3194599326810763,0.2638282514174319,0.27218520641326904,604608000,0.0,2.0
2000-06-28 00:00:00-04:00,0.2779155602575075,0.2884206627303579,0.2540393610954573,0.2616802453994751,586608000,0.0,0.0
2000-06-29 00:00:00-04:00,0.25714362432967247,0.25714362432967247,0.21965793371904352,0.22395604848861694,1184880000,0.0,0.0
2000-06-30 00:00:00-04:00,0.23446113225323661,0.24687690032644496,0.22300071331516574,0.24281808733940125,1209192000,0.0,0.0
2000-07-03 00:00:00-04:00,0.2444894965023356,0.2521294756289113,0.2311183786004697,0.2335067242383957,232680000,0.0,0.0
2000-07-05 00:00:00-04:00,0.2325513450594951,0.23302901959022945,0.2015128426170112,0.2084367871284485,777936000,0.0,0.0
2000-07-06 00:00:00-04:00,0.20867520275719445,0.2287309521342032,0.20366103999161245,0.22109097242355347,603936000,0.0,0.0
2000-07-07 00:00:00-04:00,0.2292086062981818,0.2330290466550584,0.21774817325089318,0.22228467464447021,346560000,0.0,0.0
2000-07-10 00:00:00-04:00,0.2184642244428507,0.23923693511407665,0.21631608228090837,0.23374509811401367,351264000,0.0,0.0
2000-07-11 00:00:00-04:00,0.23064164812428628,0.26454526167390313,0.22801490219886272,0.25260716676712036,755304000,0.0,0.0
2000-07-12 00:00:00-04:00,0.26311214494541274,0.27290119241944866,0.25475612083653043,0.25976938009262085,388152000,0.0,0.0
2000-07-13 00:00:00-04:00,0.2652613045307296,0.28555542614546015,0.26478362991533433,0.28412333130836487,458736000,0.0,0.0
2000-07-14 00:00:00-04:00,0.28985353978203704,0.2953444753066319,0.27505035380176157,0.28197428584098816,280200000,0.0,0.0
2000-07-17 00:00:00-04:00,0.2862723671712866,0.2865107399449606,0.2779154122818531,0.27887076139450073,105552000,0.0,0.0
2000-07-18 00:00:00-04:00,0.2635898596648348,0.286510722966949,0.2635898596648348,0.2733789086341858,183672000,0.0,0.0
2000-07-19 00:00:00-04:00,0.2635898935348449,0.26549966288339144,0.2504580775147076,0.2559499144554138,189504000,0.0,0.0
2000-07-20 00:00:00-04:00,0.25571056640533296,0.2693200545532926,0.2549945191552709,0.2628737986087799,142992000,0.0,0.0
2000-07-21 00:00:00-04:00,0.26359000803514154,0.2712299904332881,0.25976956599324996,0.2662167549133301,251928000,0.0,0.0
2000-07-24 00:00:00-04:00,0.2664550793823738,0.2683648492134259,0.2330291070831583,0.24353420734405518,281112000,0.0,0.0
2000-07-25 00:00:00-04:00,0.24735446111350062,0.24926422949630406,0.23398335005572865,0.23446102440357208,335304000,0.0,0.0
2000-07-26 00:00:00-04:00,0.23446113465888346,0.23446113465888346,0.2105858627497369,0.21703211963176727,380064000,0.0,0.0
2000-07-27 00:00:00-04:00,0.21010813953171248,0.2129732436322802,0.1986477094675475,0.20151281356811523,331560000,0.0,0.0
2000-07-28 00:00:00-04:00,0.20246733052758756,0.22132935901115833,0.19100689574364352,0.20628777146339417,512664000,0.0,0.0
2000-07-31 00:00:00-04:00,0.2177481422816685,0.22968624821727346,0.2062877108643395,0.2292085736989975,371232000,0.0,0.0
2000-08-01 00:00:00-04:00,0.2292086103626471,0.2311183797323312,0.22300072597365644,0.2246721088886261,350616000,0.0,0.0
2000-08-02 00:00:00-04:00,0.22156859575707877,0.23290892545005804,0.2179865286982512,0.2292085736989975,345432000,0.0,0.0
2000-08-03 00:00:00-04:00,0.2062878087931803,0.24448957465569987,0.2062878087931803,0.2392370104789734,368664000,0.0,0.0
2000-08-04 00:00:00-04:00,0.24496723147430044,0.2483090691025208,0.23971376599647826,0.24353420734405518,194784000,0.0,0.0
2000-08-07 00:00:00-04:00,0.24520557132618953,0.26478364676849325,0.24425022203459207,0.2626345753669739,246936000,0.0,0.0
2000-08-08 00:00:00-04:00,0.25690436363220215,0.2712299032388057,0.25594994335468546,0.25690436363220215,128112000,0.0,0.0
2000-08-09 00:00:00-04:00,0.2602471162857226,0.26191848544672125,0.24568320614754452,0.24926434457302094,136248000,0.0,0.0
2000-08-10 00:00:00-04:00,0.2435342237400093,0.25785976631295104,0.23875936166007586,0.25212955474853516,156432000,0.0,0.0
2000-08-11 00:00:00-04:00,0.25260711869726704,0.2545168878192696,0.23446111515457202,0.2461608350276947,131928000,0.0,0.0
2000-08-14 00:00:00-04:00,0.24926430159528395,0.25165174501649196,0.2406689751974212,0.2485482543706894,108576000,0.0,0.0
2000-08-15 00:00:00-04:00,0.24974201184639655,0.27696006206323254,0.24902596451925813,0.27200642228126526,443328000,0.0,0.0
2000-08-16 00:00:00-04:00,0.2867491127186346,0.2867491127186346,0.27051380650506723,0.27887076139450073,266232000,0.0,0.0
2000-08-17 00:00:00-04:00,0.2750503552907195,0.28555542614546015,0.2740950060599288,0.28412333130836487,129816000,0.0,0.0
2000-08-18 00:00:00-04:00,0.2829296522128174,0.2974935933188538,0.28245200484872945,0.29415079951286316,204720000,0.0,0.0
2000-08-21 00:00:00-04:00,0.30489507337273575,0.31014763519076555,0.29797114252608947,0.2986871898174286,464472000,0.0,0.0
2000-08-22 00:00:00-04:00,0.28316797047032627,0.289375854275003,0.26788798625676924,0.2705138027667999,658872000,0.0,0.0
2000-08-23 00:00:00-04:00,0.26621665748590484,0.2867491521910383,0.2607248201694604,0.28627240657806396,352800000,0.0,0.0
2000-08-24 00:00:00-04:00,0.2846008893924667,0.2967773792346162,0.279348356115773,0.29391226172447205,332616000,0.0,0.0
2000-08-25 00:00:00-04:00,0.29080885036141524,0.29701583247582164,0.2850786411111699,0.28651073575019836,153048000,0.0,0.0
2000-08-28 00:00:00-04:00,0.2879437354006144,0.3017915964846968,0.2846009428428573,0.29797112941741943,189264000,0.0,0.0
2000-08-29 00:00:00-04:00,0.29916498793114915,0.2998810355182831,0.2941508241263961,0.2972552180290222,149376000,0.0,0.0
2000-08-30 00:00:00-04:00,0.29391236906121276,0.30393979218058964,0.29080887771212477,0.2998809516429901,178080000,0.0,0.0
2000-08-31 00:00:00-04:00,0.3044174809727175,0.31516185366531907,0.29844887078877175,0.30322375893592834,388896000,0.0,0.0
2000-09-01 00:00:00-04:00,0.3094316405591092,0.3122967318971864,0.30035863728545836,0.3037014305591583,204144000,0.0,0.0
2000-09-05 00:00:00-04:00,0.3108646314835073,0.31110303160439023,0.30203002849381183,0.3041790723800659,246144000,0.0,0.0
2000-09-06 00:00:00-04:00,0.30537277914107264,0.30537277914107264,0.28078054417393616,0.2831679880619049,230136000,0.0,0.0
2000-09-07 00:00:00-04:00,0.2874660868166318,0.29892650539557186,0.2755279663612986,0.2984488308429718,239760000,0.0,0.0
2000-09-08 00:00:00-04:00,0.295106123321873,0.30179168303084425,0.2798252343270611,0.2807805836200714,222648000,0.0,0.0
2000-09-11 00:00:00-04:00,0.2771993813449603,0.27887077788644926,0.25881503036899756,0.2693201005458832,285888000,0.0,0.0
2000-09-12 00:00:00-04:00,0.2695585260129576,0.2836456650709077,0.26358991566695017,0.26764875650405884,125976000,0.0,0.0
2000-09-13 00:00:00-04:00,0.2669326267592965,0.2719467879855672,0.26120239099032283,0.2675294876098633,239976000,0.0,0.0
2000-09-14 00:00:00-04:00,0.2688424724134061,0.2807805671934122,0.2616801401623042,0.2650229334831238,216336000,0.0,0.0
2000-09-15 00:00:00-04:00,0.26358986436082643,0.2745726353414255,0.2616800952236524,0.2708126902580261,242592000,0.0,0.0
2000-09-18 00:00:00-04:00,0.2714692124568836,0.2731406092494795,0.252129509406221,0.25499460101127625,163488000,0.0,0.0
2000-09-19 00:00:00-04:00,0.2432957290193063,0.263589845858842,0.24066898375724913,0.2628737986087799,301104000,0.0,0.0
2000-09-20 00:00:00-04:00,0.2557106055281745,0.26072479506350704,0.2502196977495693,0.2542785108089447,227568000,0.0,0.0
2000-09-21 00:00:00-04:00,0.25618833605028973,0.27099155144885523,0.25594996321470065,0.26520174741744995,346824000,0.0,0.0
2000-09-22 00:00:00-04:00,0.23899762661595236,0.273140535043827,0.23875925385712887,0.26979774236679077,387264000,0.0,0.0
2000-09-25 00:00:00-04:00,0.27815377992256135,0.293196292981193,0.2760056379722092,0.28913745284080505,467568000,0.0,0.0
2000-09-26 00:00:00-04:00,0.29224101767009275,0.2994042523495632,0.27887082665656593,0.2960614860057831,337344000,0.0,0.0
2000-09-27 00:00:00-04:00,0.29367405039037875,0.3261446713800671,0.29367405039037875,0.3122967779636383,676128000,0.0,0.0
2000-09-28 00:00:00-04:00,0.3094316111635375,0.3237571484644069,0.3017916324511527,0.3218473792076111,333816000,0.0,0.0
2000-09-29 00:00:00-04:00,0.3127744793891907,0.32471260410644043,0.30752194277716244,0.3127744793891907,373872000,0.0,0.0
2000-10-02 00:00:00-04:00,0.31707162470196065,0.3294873941097389,0.2974935503615629,0.30537280440330505,340584000,0.0,0.0
2000-10-03 00:00:00-04:00,0.30704411457321734,0.30943155798616684,0.28651069677908236,0.28889814019203186,300264000,0.0,0.0
2000-10-04 00:00:00-04:00,0.28125826552109995,0.2903312423636674,0.27743779725966816,0.2855554521083832,419568000,0.0,0.0
2000-10-05 00:00:00-04:00,0.28770446183128223,0.28770446183128223,0.2729012502777104,0.27887076139450073,525048000,0.0,0.0
2000-10-06 00:00:00-04:00,0.27958675753159445,0.28149652639823125,0.2576212460058163,0.26144078373908997,1027176000,0.0,0.0
2000-10-09 00:00:00-04:00,0.2547561314909954,0.2712298076745895,0.23684853019728658,0.2671709954738617,665256000,0.0,0.0
2000-10-10 00:00:00-04:00,0.2559499440270752,0.2688424870613538,0.24448952324120476,0.24687694013118744,415944000,0.0,0.0
2000-10-11 00:00:00-04:00,0.23183539824841076,0.26263462593175657,0.22252311803292305,0.24902606010437012,535776000,0.0,0.0
2000-10-12 00:00:00-04:00,0.25451700094031116,0.2693201910183459,0.23684866407759025,0.2392370104789734,401616000,0.0,0.0
2000-10-13 00:00:00-04:00,0.2409073907900486,0.25594987555792464,0.23834116764946847,0.24878664314746857,578976000,0.0,0.0
2000-10-16 00:00:00-04:00,0.24878673171976332,0.24878673171976332,0.23732630991956472,0.243056520819664,339216000,0.0,0.0
2000-10-17 00:00:00-04:00,0.24210205170660481,0.243056471878924,0.2227623513141906,0.22538815438747406,463248000,0.0,0.0
2000-10-18 00:00:00-04:00,0.21082425857678413,0.2347004621048589,0.20079591947142753,0.22180701792240143,416952000,0.0,0.0
2000-10-19 00:00:00-04:00,0.23613248249027655,0.24639920482705024,0.23255131744835453,0.24329571425914764,294888000,0.0,0.0
2000-10-20 00:00:00-04:00,0.23756547055986182,0.2721851155453282,0.23589407465392465,0.26597723364830017,387360000,0.0,0.0
2000-10-23 00:00:00-04:00,0.26812643666628677,0.26979780607568316,0.2516518258061865,0.2600087821483612,182112000,0.0,0.0
2000-10-24 00:00:00-04:00,0.2588150270533029,0.2631122129175489,0.2506973735704506,0.251651793718338,193968000,0.0,0.0
2000-10-25 00:00:00-04:00,0.24472782826178846,0.2483089662665763,0.22801484903377936,0.22968624532222748,385512000,0.0,0.0
2000-10-26 00:00:00-04:00,0.23111842708194594,0.24830905998674052,0.2148831162384414,0.23947538435459137,265776000,0.0,0.0
2000-10-27 00:00:00-04:00,0.23971369386667463,0.24562361191408796,0.22538814290685516,0.23398345708847046,210960000,0.0,0.0
2000-10-30 00:00:00-05:00,0.23016388265535664,0.2353568229218393,0.21727042992843504,0.21750973165035248,192120000,0.0,0.0
2000-10-31 00:00:00-05:00,0.2261050875819854,0.24114667102635853,0.21918115676792657,0.2373858243227005,299256000,0.0,0.0
2000-11-01 00:00:00-05:00,0.23159604003944714,0.24066901510396574,0.2234783867815647,0.2373262494802475,304536000,0.0,0.0
2000-11-02 00:00:00-05:00,0.24568324847550338,0.26168015775105,0.24162440745857924,0.2554722726345062,192888000,0.0,0.0
2000-11-03 00:00:00-05:00,0.25212945982652374,0.27696006669555717,0.25021969058588855,0.27218520641326904,268632000,0.0,0.0
2000-11-06 00:00:00-05:00,0.27863148065392696,0.3056111602432663,0.27696008408505873,0.29319632053375244,635040000,0.0,0.0
2000-11-07 00:00:00-05:00,0.2884204920700996,0.2884204920700996,0.2635898596648348,0.2733789086341858,258240000,0.0,0.0
2000-11-08 00:00:00-05:00,0.2764833392291974,0.2764833392291974,0.2612024519250912,0.26526129245758057,187080000,0.0,0.0
2000-11-09 00:00:00-05:00,0.24926438559353178,0.26168015573076414,0.22586585559810296,0.23756559193134308,564528000,0.0,0.0
2000-11-10 00:00:00-05:00,0.24568321968186366,0.257859686657978,0.21870352630150244,0.2246721088886261,805248000,0.0,0.0
2000-11-13 00:00:00-05:00,0.21345094362382125,0.2502196678527083,0.20628771118030495,0.22562742233276367,530040000,0.0,0.0
2000-11-14 00:00:00-05:00,0.2406690895500558,0.26884252555131,0.23875934703124263,0.26693275570869446,470736000,0.0,0.0
2000-11-15 00:00:00-05:00,0.26215767091457604,0.27051369329813246,0.25141330407268936,0.2634109854698181,423864000,0.0,0.0
2000-11-16 00:00:00-05:00,0.2559499440270752,0.2626345747000344,0.24448952324120476,0.24687694013118744,235536000,0.0,0.0
2000-11-17 00:00:00-05:00,0.24878673273712978,0.2614409041254195,0.23398351707758286,0.24210210144519806,178776000,0.0,0.0
2000-11-20 00:00:00-05:00,0.2331481658173178,0.23326735217724331,0.22085160086160563,0.22347833216190338,298752000,0.0,0.0
2000-11-21 00:00:00-05:00,0.23302907478147666,0.23493884434780318,0.20772078903397312,0.21918120980262756,382512000,0.0,0.0
2000-11-22 00:00:00-05:00,0.2101082017779099,0.21679284553627653,0.19864776831850192,0.2077207714319229,409752000,0.0,0.0
2000-11-24 00:00:00-05:00,0.21010818003217493,0.22777649616509646,0.21010818003217493,0.21965792775154114,165072000,0.0,0.0
2000-11-27 00:00:00-05:00,0.2354165135656942,0.23684860845514505,0.20348224842460236,0.21225635707378387,363864000,0.0,0.0
2000-11-28 00:00:00-05:00,0.21547996941108857,0.2177482136982613,0.1917238651346478,0.19643914699554443,382344000,0.0,0.0
2000-11-29 00:00:00-05:00,0.1993637760839094,0.19960216249557586,0.16951899685767952,0.18432219326496124,636408000,0.0,0.0
2000-11-30 00:00:00-05:00,0.16856363656987597,0.16856363656987597,0.1389581474199661,0.15471577644348145,981624000,0.0,0.0
2000-12-01 00:00:00-05:00,0.16426648375645045,0.18623200175655247,0.16331113453714055,0.1699966937303543,784080000,0.0,0.0
2000-12-04 00:00:00-05:00,0.17107119117395686,0.17668129814859707,0.15949065840121066,0.1726224720478058,474264000,0.0,0.0
2000-12-05 00:00:00-05:00,0.1847999168550615,0.19148456105986544,0.1676092723488128,0.18384458124637604,997224000,0.0,0.0
2000-12-06 00:00:00-05:00,0.18026340812439462,0.18527666908105223,0.15662559144207933,0.1575809270143509,950928000,0.0,0.0
2000-12-07 00:00:00-05:00,0.1499409033581635,0.1630727162742403,0.14182325160816317,0.15471577644348145,785184000,0.0,0.0
2000-12-08 00:00:00-05:00,0.17071274890249596,0.191006884858005,0.1547754198138956,0.19005246460437775,853392000,0.0,0.0
2000-12-11 00:00:00-05:00,0.1838445797385504,0.1938719899752314,0.1790697051049477,0.19005246460437775,757632000,0.0,0.0
2000-12-12 00:00:00-05:00,0.18527666886099803,0.18861943484373195,0.17859202491892773,0.1847999095916748,409512000,0.0,0.0
2000-12-13 00:00:00-05:00,0.18408298922677843,0.18718738312088043,0.167131629642444,0.17047441005706787,675072000,0.0,0.0
2000-12-14 00:00:00-05:00,0.16927974425203615,0.17071275453151236,0.15471583171265402,0.15877465903759003,569016000,0.0,0.0
2000-12-15 00:00:00-05:00,0.14874720320543555,0.15805857799024312,0.14230003133844293,0.1430169939994812,1094424000,0.0,0.0
2000-12-18 00:00:00-05:00,0.1489856041735308,0.15280605859091356,0.14564282439219955,0.14773230254650116,658872000,0.0,0.0
2000-12-19 00:00:00-05:00,0.14994094628148405,0.16331113575885292,0.13370472278664322,0.1365698277950287,946200000,0.0,0.0
2000-12-20 00:00:00-05:00,0.1296458875713877,0.14850792673549673,0.11508197698421402,0.12176753580570221,1105392000,0.0,0.0
2000-12-21 00:00:00-05:00,0.12009612187933205,0.13656979940445393,0.10505362354010249,0.10648663341999054,845256000,0.0,0.0
2000-12-22 00:00:00-05:00,0.1150819789497321,0.14612048532468008,0.1150819789497321,0.13394400477409363,949080000,0.0,0.0
2000-12-26 00:00:00-05:00,0.13561541612397535,0.13704751104482288,0.11985686624927847,0.12845218181610107,343824000,0.0,0.0
2000-12-27 00:00:00-05:00,0.12702008993025646,0.14230006384137373,0.12176755407020208,0.13704751431941986,339456000,0.0,0.0
2000-12-28 00:00:00-05:00,0.13155653316599916,0.1413455666945601,0.1294074763468086,0.13776350021362305,419232000,0.0,0.0
2000-12-29 00:00:00-05:00,0.13752518445868697,0.1420616726922582,0.12224429570203195,0.12516899406909943,495168000,0.0,0.0
2001-01-02 00:00:00-05:00,0.12606474098638135,0.12773612393521952,0.11388826010162789,0.11436592787504196,290808000,0.0,0.0
2001-01-03 00:00:00-05:00,0.1107838691697623,0.15065700313876398,0.10791875715086527,0.14946328103542328,910368000,0.0,0.0
2001-01-04 00:00:00-05:00,0.14683655334824813,0.1704743857370416,0.14277772592749235,0.16665393114089966,815448000,0.0,0.0
2001-01-05 00:00:00-05:00,0.16522092019823145,0.1659378830257909,0.13848052515462078,0.14170320332050323,432768000,0.0,0.0
2001-01-08 00:00:00-05:00,0.13776358721900983,0.16140142378878736,0.13776358721900983,0.1551935374736786,573768000,0.0,0.0
2001-01-09 00:00:00-05:00,0.15734250786575976,0.1614013337399322,0.14970160158498239,0.15829692780971527,302904000,0.0,0.0
2001-01-10 00:00:00-05:00,0.15017935175204686,0.16999673198144422,0.14659819854935435,0.1692797690629959,392928000,0.0,0.0
2001-01-11 00:00:00-05:00,0.16522092897478105,0.19053014574951418,0.16235582355416225,0.18336692452430725,447648000,0.0,0.0
2001-01-12 00:00:00-05:00,0.18647039319486006,0.1976924551259417,0.17763669088887538,0.17954646050930023,669000000,0.0,0.0
2001-01-16 00:00:00-05:00,0.1805018007747528,0.1805018007747528,0.1625950952272392,0.16546021401882172,414984000,0.0,0.0
2001-01-17 00:00:00-05:00,0.17811432828991,0.18336687674237684,0.17071272249515265,0.17142876982688904,592584000,0.0,0.0
2001-01-18 00:00:00-05:00,0.17142880343413192,0.2091528871351592,0.16760927790532854,0.20431841909885406,948168000,0.0,0.0
2001-01-19 00:00:00-05:00,0.2101082031561126,0.2177481825094765,0.19578266465335892,0.19888615608215332,1018704000,0.0,0.0
2001-01-22 00:00:00-05:00,0.19291759893409013,0.20055757984180092,0.18551599087360127,0.19100691378116608,377712000,0.0,0.0
2001-01-23 00:00:00-05:00,0.18861940950191652,0.21392771772384817,0.18766498940620444,0.2100485861301422,433632000,0.0,0.0
2001-01-24 00:00:00-05:00,0.2098689247693259,0.21201798243218137,0.19697639582472998,0.20915287733078003,451728000,0.0,0.0
2001-01-25 00:00:00-05:00,0.20199050996137874,0.20246726912812102,0.18384453446399762,0.18814173340797424,440016000,0.0,0.0
2001-01-26 00:00:00-05:00,0.17763669100225765,0.19637954670031837,0.17632379611235044,0.19411130249500275,259248000,0.0,0.0
2001-01-29 00:00:00-05:00,0.18814171735136917,0.19530493544266203,0.1814570754180749,0.19506564736366272,354168000,0.0,0.0
2001-01-30 00:00:00-05:00,0.19817010447963043,0.20354182609503757,0.19434965037932958,0.1993638128042221,243720000,0.0,0.0
2001-01-31 00:00:00-05:00,0.19960227178190693,0.20724316909680163,0.1929176256925211,0.19721482694149017,358344000,0.0,0.0
2001-02-01 00:00:00-05:00,0.1972147875718586,0.1996022319356741,0.1886194577803993,0.19822973012924194,371856000,0.0,0.0
2001-02-02 00:00:00-05:00,0.19840846725647934,0.20294495485593672,0.17763665923886968,0.17906968295574188,320520000,0.0,0.0
2001-02-05 00:00:00-05:00,0.17883041501045227,0.18002413716259896,0.16832532945358755,0.17883041501045227,367584000,0.0,0.0
2001-02-06 00:00:00-05:00,0.1754876000192267,0.18336688053441147,0.1750704476556576,0.17978572845458984,250440000,0.0,0.0
2001-02-07 00:00:00-05:00,0.1785920028473936,0.18002409751086637,0.16187902203692256,0.17142876982688904,720384000,0.0,0.0
2001-02-08 00:00:00-05:00,0.17238417995395092,0.1821732193298954,0.1697574471244948,0.17047441005706787,384288000,0.0,0.0
2001-02-09 00:00:00-05:00,0.16904139620907174,0.1702351184972697,0.16307279842998335,0.1692797690629959,259608000,0.0,0.0
2001-02-12 00:00:00-05:00,0.16736992644339987,0.16927969547242944,0.15662555615881008,0.16474412381649017,354336000,0.0,0.0
2001-02-13 00:00:00-05:00,0.1678476561282501,0.17763669427365933,0.16593788647143548,0.1697574257850647,467736000,0.0,0.0
2001-02-14 00:00:00-05:00,0.16760922484547985,0.18718729430840017,0.1604459926883363,0.18217313289642334,690888000,0.0,0.0
2001-02-15 00:00:00-05:00,0.20724310743302574,0.21918120244479058,0.20581009721142615,0.21559913456439972,1108512000,0.0,0.0
2001-02-16 00:00:00-05:00,0.20461637425947074,0.23302906594868303,0.20437800145114504,0.22729885578155518,1081176000,0.0,0.0
2001-02-20 00:00:00-05:00,0.22156862250241466,0.22634349658184552,0.20437798013230302,0.20461635291576385,701304000,0.0,0.0
2001-02-21 00:00:00-05:00,0.19697634902942973,0.22252301437783986,0.19482729187712172,0.21392770111560822,646512000,0.0,0.0
2001-02-22 00:00:00-05:00,0.21273402335854047,0.22920861968598322,0.20628775225262555,0.22300073504447937,815304000,0.0,0.0
2001-02-23 00:00:00-05:00,0.22180697314479836,0.2253881249314217,0.2005575061758033,0.20760062336921692,1034664000,0.0,0.0
2001-02-26 00:00:00-05:00,0.20151286939686205,0.20724309284743875,0.1941112766948551,0.20294496417045593,751824000,0.0,0.0
2001-02-27 00:00:00-05:00,0.1979307687678541,0.20581004841227205,0.18957474361775828,0.19076846539974213,533832000,0.0,0.0
2001-02-28 00:00:00-05:00,0.1893355241395229,0.2005575731205128,0.16713161604953763,0.17071276903152466,784056000,0.0,0.0
2001-03-01 00:00:00-05:00,0.1685636190703324,0.18718726569554475,0.15280599168270553,0.18420206010341644,915288000,0.0,0.0
2001-03-02 00:00:00-05:00,0.17095107920604413,0.18312845846354633,0.1642664372524412,0.1664750874042511,1413504000,0.0,0.0
2001-03-05 00:00:00-05:00,0.1599683533072185,0.17238413600946623,0.15901393310673298,0.1680860072374344,742296000,0.0,0.0
2001-03-06 00:00:00-05:00,0.17668130013361427,0.19029078843617042,0.17369700937895735,0.18432219326496124,834408000,0.0,0.0
2001-03-07 00:00:00-05:00,0.18838105308521755,0.1996021981752643,0.18503827359948613,0.19912543892860413,938280000,0.0,0.0
2001-03-08 00:00:00-05:00,0.1933952173846223,0.20795912741288802,0.1933952173846223,0.2058100700378418,829344000,0.0,0.0
2001-03-09 00:00:00-05:00,0.1950656297405757,0.19602096493831928,0.17333940806750975,0.19124609231948853,1216776000,0.0,0.0
2001-03-12 00:00:00-05:00,0.18479986777338614,0.19339519457459556,0.1762045409721767,0.18432219326496124,762144000,0.0,0.0
2001-03-13 00:00:00-05:00,0.1867096954965144,0.2091528904058049,0.18575434617931924,0.20628777146339417,1082352000,0.0,0.0
2001-03-14 00:00:00-05:00,0.19697638651915753,0.21870353156044853,0.19697638651915753,0.2179865688085556,1351128000,0.0,0.0
2001-03-15 00:00:00-05:00,0.23135772281651165,0.2434745987564965,0.2230007657647963,0.2287309765815735,1875984000,0.0,0.0
2001-03-16 00:00:00-05:00,0.22514982462281258,0.23398351372118642,0.21846426441754896,0.22777655720710754,1225200000,0.0,0.0
2001-03-19 00:00:00-05:00,0.22658176668418212,0.24257867986956538,0.21422651253557182,0.24090731143951416,943896000,0.0,0.0
2001-03-20 00:00:00-05:00,0.2380422801590909,0.2530847927222357,0.21583837931693287,0.218464195728302,1990560000,0.0,0.0
2001-03-21 00:00:00-05:00,0.2189419212950585,0.2411467289982547,0.21774819919183105,0.23470047116279602,1877352000,0.0,0.0
2001-03-22 00:00:00-05:00,0.2368486053410597,0.2592927277550482,0.23493883584386,0.2583373785018921,1697760000,0.0,0.0
2001-03-23 00:00:00-05:00,0.26311221894544823,0.2678880085065795,0.24305647122545482,0.2559499144554138,1509672000,0.0,0.0
2001-03-26 00:00:00-05:00,0.2559498807885821,0.27122983693756747,0.2559498807885821,0.26979774236679077,1542960000,0.0,0.0
2001-03-27 00:00:00-05:00,0.2645452703847858,0.27385664699654505,0.2487867069791583,0.2600087821483612,1702152000,0.0,0.0
2001-03-28 00:00:00-05:00,0.25284549437041365,0.2669326580604707,0.25212944706753443,0.2601875066757202,1433280000,0.0,0.0
2001-03-29 00:00:00-05:00,0.2579192694906489,0.273140563017748,0.2526071413063108,0.26406756043434143,1632960000,0.0,0.0
2001-03-30 00:00:00-05:00,0.2621577014445813,0.2671709602493768,0.246399172861736,0.24801094830036163,1423176000,0.0,0.0
2001-04-02 00:00:00-04:00,0.24735461601477035,0.2533232265791199,0.23446117123055962,0.23756559193134308,1265160000,0.0,0.0
2001-04-03 00:00:00-04:00,0.23398337856672838,0.25189100459821134,0.233745005868046,0.24544382095336914,1991616000,0.0,0.0
2001-04-04 00:00:00-04:00,0.23613255082838622,0.23661022544064741,0.2055717040387877,0.2201356291770935,3362472000,0.0,0.0
2001-04-05 00:00:00-04:00,0.23470042885175676,0.24425017663218,0.22825325683132813,0.24043063819408417,1724760000,0.0,0.0
2001-04-06 00:00:00-04:00,0.23732631274275642,0.2521295285178648,0.2332674713699797,0.23947538435459137,1547664000,0.0,0.0
2001-04-09 00:00:00-04:00,0.24410719664129873,0.2500280995322962,0.22405143392912283,0.22783337533473969,1097160000,0.0,0.0
2001-04-10 00:00:00-04:00,0.2332959416939679,0.2567137261740336,0.23115695232412822,0.24934053421020508,1186416000,0.0,0.0
2001-04-11 00:00:00-04:00,0.2646974834729116,0.27428666184812045,0.25709600226502466,0.2643921673297882,1426872000,0.0,0.0
2001-04-12 00:00:00-04:00,0.2595026691183008,0.2798252068065473,0.25453615936066953,0.2683647871017456,1440264000,0.0,0.0
2001-04-16 00:00:00-04:00,0.26358987251689037,0.269129389038685,0.25701893745243576,0.2618322968482971,764112000,0.0,0.0
2001-04-17 00:00:00-04:00,0.2579742328700225,0.27676933922709995,0.25785963689339103,0.2746679484844208,1112448000,0.0,0.0
2001-04-18 00:00:00-04:00,0.286243099515353,0.3224204676265313,0.286243099515353,0.295144647359848,2301864000,0.0,0.0
2001-04-19 00:00:00-04:00,0.29682516565913997,0.3255908677071684,0.29548843081785575,0.32050976157188416,1632264000,0.0,0.0
2001-04-20 00:00:00-04:00,0.31665171682883897,0.34377443835617233,0.3082856072603998,0.3321993947029114,1773840000,0.0,0.0
2001-04-23 00:00:00-04:00,0.32497933600040535,0.3252855538056533,0.31134142724775093,0.31466493010520935,1239000000,0.0,0.0
2001-04-24 00:00:00-04:00,0.31378658475255405,0.3372804864028445,0.2874661183576938,0.29239410161972046,1828320000,0.0,0.0
2001-04-25 00:00:00-04:00,0.2931578436187499,0.31626940453772245,0.2920503008088927,0.305840402841568,1423728000,0.0,0.0
2001-04-26 00:00:00-04:00,0.3124873688114454,0.3124873688114454,0.27887071956040077,0.2817358374595642,1486008000,0.0,0.0
2001-04-27 00:00:00-04:00,0.2926232177166031,0.3030522161891236,0.28693060681861354,0.30179157853126526,915672000,0.0,0.0
2001-04-30 00:00:00-04:00,0.31000456368116597,0.33598123538613806,0.3034336295692835,0.31821757555007935,1583280000,0.0,0.0
2001-05-01 00:00:00-04:00,0.3193636785350931,0.34877938263691244,0.31420647628441156,0.3479386568069458,1867368000,0.0,0.0
2001-05-02 00:00:00-04:00,0.3569924172811542,0.3569924172811542,0.3354083124968212,0.3399548828601837,1547784000,0.0,0.0
2001-05-03 00:00:00-04:00,0.32967811347772186,0.3399925197863397,0.32761524861027785,0.3384650647640228,960504000,0.0,0.0
2001-05-04 00:00:00-04:00,0.32853197000194917,0.34851161763344285,0.327004542774709,0.34312522411346436,953520000,0.0,0.0
2001-05-07 00:00:00-04:00,0.34182615514909465,0.3610035800983867,0.337814994543985,0.3585207760334015,975600000,0.0,0.0
2001-05-08 00:00:00-04:00,0.36383017622763947,0.36398329878322083,0.32952588746542166,0.33258169889450073,1620144000,0.0,0.0
2001-05-09 00:00:00-04:00,0.3219994601902983,0.3289903050854395,0.31477939606753585,0.31699538230895996,1319040000,0.0,0.0
2001-05-10 00:00:00-04:00,0.3261639510884183,0.3300219902808672,0.30255547377448916,0.3063374161720276,998904000,0.0,0.0
2001-05-11 00:00:00-04:00,0.3055736276468176,0.30752189647504957,0.2923941298984264,0.2985057532787323,921216000,0.0,0.0
2001-05-14 00:00:00-04:00,0.2993848976313771,0.3046181960849715,0.2886121103171431,0.30106547474861145,702432000,0.0,0.0
2001-05-15 00:00:00-04:00,0.30370150189114675,0.32471260471151514,0.3002633477598421,0.31187689304351807,1242600000,0.0,0.0
2001-05-16 00:00:00-04:00,0.3047328506957123,0.32853204157467886,0.3027845820187538,0.32658377289772034,957096000,0.0,0.0
2001-05-17 00:00:00-04:00,0.32765372755104644,0.3419031699175075,0.32261114804663704,0.33235251903533936,919056000,0.0,0.0
2001-05-18 00:00:00-04:00,0.33124494162810986,0.3399924632167241,0.32318412164648075,0.3296780586242676,575832000,0.0,0.0
2001-05-21 00:00:00-04:00,0.32895285409074,0.3514528784511683,0.32234339218353947,0.3445766270160675,1064688000,0.0,0.0
2001-05-22 00:00:00-04:00,0.3496191746164734,0.3583290977854163,0.33617289071398254,0.35489097237586975,1049976000,0.0,0.0
2001-05-23 00:00:00-04:00,0.3688351313097232,0.38201462600191444,0.34763331649269025,0.3518736958503723,2244912000,0.0,0.0
2001-05-24 00:00:00-04:00,0.3495431548648445,0.3661222791027018,0.3390380835782145,0.3570685386657715,1680576000,0.0,0.0
2001-05-25 00:00:00-04:00,0.3498870755098263,0.35508277921710013,0.3438130480544637,0.35030698776245117,947952000,0.0,0.0
2001-05-29 00:00:00-04:00,0.34832099866372507,0.3483970954371054,0.331206465459233,0.33594372868537903,920568000,0.0,0.0
2001-05-30 00:00:00-04:00,0.3280360078613605,0.34469122688642057,0.3262399328680469,0.3296780586242676,3308904000,0.0,0.0
2001-05-31 00:00:00-04:00,0.3323139910394391,0.33426225976396934,0.31997524723791954,0.32704219222068787,1262928000,0.0,0.0
2001-06-01 00:00:00-04:00,0.3292967281332624,0.3479387180300487,0.3273860295020877,0.3451496958732605,1022472000,0.0,0.0
2001-06-04 00:00:00-04:00,0.3453789943186409,0.3472126675797637,0.33525620748804474,0.3398018777370453,621552000,0.0,0.0
2001-06-05 00:00:00-04:00,0.3394194143721592,0.36119423723954863,0.3388464070986982,0.3576414883136749,987168000,0.0,0.0
2001-06-06 00:00:00-04:00,0.3589791803236316,0.36386866426153647,0.3537449793796991,0.3591699004173279,698976000,0.0,0.0
2001-06-07 00:00:00-04:00,0.3559994216141309,0.38048620997732097,0.35336352289992506,0.3794547915458679,1141152000,0.0,0.0
2001-06-08 00:00:00-04:00,0.37830878649715577,0.3788817937564366,0.3656637996833774,0.3695988357067108,712680000,0.0,0.0
2001-06-11 00:00:00-04:00,0.3701333894225619,0.3705542031766917,0.3530573296036586,0.35878756642341614,581928000,0.0,0.0
2001-06-12 00:00:00-04:00,0.3512622852991837,0.37609289973883736,0.350498557707115,0.3707450032234192,1102728000,0.0,0.0
2001-06-13 00:00:00-04:00,0.3734568388320618,0.3791109780830457,0.35508257351041533,0.35829150676727295,938712000,0.0,0.0
2001-06-14 00:00:00-04:00,0.35366886064806297,0.36363944968371165,0.3485877552467114,0.35752689838409424,946152000,0.0,0.0
2001-06-15 00:00:00-04:00,0.35336368338986673,0.36940827491417094,0.34679271872570977,0.36310502886772156,1094544000,0.0,0.0
2001-06-18 00:00:00-04:00,0.36218818242747824,0.3680705868837644,0.34476833040511756,0.34874096512794495,856656000,0.0,0.0
2001-06-19 00:00:00-04:00,0.35531184924544895,0.3636009322075314,0.32261111434900797,0.3296780586242676,1513128000,0.0,0.0
2001-06-20 00:00:00-04:00,0.3236039632912046,0.3476332681372132,0.31688083578721365,0.34385132789611816,1759200000,0.0,0.0
2001-06-21 00:00:00-04:00,0.3424761723836223,0.3564193683161626,0.33330780961466666,0.35034534335136414,1484568000,0.0,0.0
2001-06-22 00:00:00-04:00,0.3485878181245285,0.3579092774684183,0.34419527153869367,0.34877943992614746,761184000,0.0,0.0
2001-06-25 00:00:00-04:00,0.3526759487974036,0.35412727946833744,0.3379295701206154,0.3480917811393738,640032000,0.0,0.0
2001-06-26 00:00:00-04:00,0.3403747219449315,0.3598574586929999,0.3390379874825385,0.35813838243484497,757920000,0.0,0.0
2001-06-27 00:00:00-04:00,0.35641941171574715,0.357183139200762,0.34098635666177524,0.3470603823661804,895752000,0.0,0.0
2001-06-28 00:00:00-04:00,0.35172059688004237,0.3562286677348314,0.34763333978169836,0.3511475622653961,909336000,0.0,0.0
2001-06-29 00:00:00-04:00,0.35240822366559954,0.35985750963243357,0.34843556260375774,0.3543179929256439,730920000,0.0,0.0
2001-07-02 00:00:00-04:00,0.34029865468612835,0.3431637455996767,0.3334985004672634,0.3386171758174896,1040016000,0.0,0.0
2001-07-03 00:00:00-04:00,0.33628751916270466,0.34648730039286085,0.3345684699538686,0.34293457865715027,406296000,0.0,0.0
2001-07-05 00:00:00-04:00,0.3388464728583432,0.3409478369289634,0.31764465314979584,0.31806549429893494,1020096000,0.0,0.0
2001-07-06 00:00:00-04:00,0.31328964373203133,0.3157348500154016,0.30217301298025334,0.30828556418418884,802824000,0.0,0.0
2001-07-09 00:00:00-04:00,0.30427448455185463,0.31164767557074746,0.29529683995172296,0.29820045828819275,1014072000,0.0,0.0
2001-07-10 00:00:00-04:00,0.30217298727860387,0.3061841471520357,0.29701581295423857,0.3006455600261688,1221744000,0.0,0.0
2001-07-11 00:00:00-04:00,0.2994994542636093,0.3048858467216372,0.29078953317181194,0.30007246136665344,904632000,0.0,0.0
2001-07-12 00:00:00-04:00,0.31420640881906786,0.31802687557967874,0.3065664316304448,0.315810889005661,981552000,0.0,0.0
2001-07-13 00:00:00-04:00,0.31348120978630506,0.31691933479191187,0.3027459937762608,0.3092784285545349,690144000,0.0,0.0
2001-07-16 00:00:00-04:00,0.3058026897108184,0.3094315345679161,0.2828818575622068,0.2844092845916748,1191696000,0.0,0.0
2001-07-17 00:00:00-04:00,0.2796345363683132,0.3030899130699424,0.2769601103380475,0.30030182003974915,1169904000,0.0,0.0
2001-07-18 00:00:00-04:00,0.293157809027464,0.30125619913229307,0.2837602544738611,0.28991037607192993,840984000,0.0,0.0
2001-07-19 00:00:00-04:00,0.2941130803555284,0.30683416244792316,0.2896050102751579,0.29457151889801025,840024000,0.0,0.0
2001-07-20 00:00:00-04:00,0.28723686286710304,0.2937692986190033,0.27696005652800976,0.28609082102775574,742464000,0.0,0.0
2001-07-23 00:00:00-04:00,0.28651089124557566,0.28689320596480516,0.25866202911905833,0.2590058445930481,1547976000,0.0,0.0
2001-07-24 00:00:00-04:00,0.2624824284632855,0.2767694714511851,0.2569429371848983,0.27654027938842773,1365312000,0.0,0.0
2001-07-25 00:00:00-04:00,0.2760432772078742,0.27657871433445586,0.26465985547999943,0.27386578917503357,1245888000,0.0,0.0
2001-07-26 00:00:00-04:00,0.2712683376667189,0.30370134744685034,0.26989307671357227,0.30179157853126526,1714152000,0.0,0.0
2001-07-27 00:00:00-04:00,0.30121854111391405,0.31275508194240814,0.29224090043399154,0.3094315528869629,1094688000,0.0,0.0
2001-07-30 00:00:00-04:00,0.3098138712724365,0.31107450893410604,0.2987348398236537,0.3020583689212799,582288000,0.0,0.0
2001-07-31 00:00:00-04:00,0.30247918695830617,0.3103868822148813,0.291477154782716,0.30904921889305115,1187760000,0.0,0.0
2001-08-01 00:00:00-04:00,0.31512333712725826,0.32952587359868485,0.312945849228276,0.32792142033576965,1204944000,0.0,0.0
2001-08-02 00:00:00-04:00,0.3320848009141413,0.33689816108781656,0.3208535725279704,0.33571454882621765,1097928000,0.0,0.0
2001-08-03 00:00:00-04:00,0.3323525524311718,0.33823585845196213,0.32608780615898475,0.33307868242263794,820344000,0.0,0.0
2001-08-06 00:00:00-04:00,0.3307095488814267,0.3465634451062599,0.3271568266542114,0.3431638181209564,1292568000,0.0,0.0
2001-08-07 00:00:00-04:00,0.34308681106667777,0.34476829024856276,0.33407156995534487,0.3380827307701111,1088616000,0.0,0.0
2001-08-08 00:00:00-04:00,0.3351414055504066,0.34381282847860584,0.3279974370570481,0.32948729395866394,1125696000,0.0,0.0
2001-08-09 00:00:00-04:00,0.32795901952814166,0.334415359163727,0.3178362363951547,0.3237186670303345,1643616000,0.0,0.0
2001-08-10 00:00:00-04:00,0.3235664190834548,0.32776827200172964,0.3136334551890952,0.32333722710609436,1036488000,0.0,0.0
2001-08-13 00:00:00-04:00,0.3288757377194955,0.34056537286855465,0.32398625536508036,0.3368980288505554,1514784000,0.0,0.0
2001-08-14 00:00:00-04:00,0.3307865519689476,0.33292551340119836,0.3237956766805586,0.3279590308666229,2321160000,0.0,0.0
2001-08-15 00:00:00-04:00,0.33537083111521593,0.33930496727713483,0.32543783542960103,0.32834145426750183,1816392000,0.0,0.0
2001-08-16 00:00:00-04:00,0.3223058140320542,0.34266687834913984,0.3210066768283829,0.34216994047164917,1026096000,0.0,0.0
2001-08-17 00:00:00-04:00,0.333498513197163,0.3378534613885536,0.3173007770992499,0.32001370191574097,1668840000,0.0,0.0
2001-08-20 00:00:00-04:00,0.3179885622919679,0.3212359967372541,0.30805649511746813,0.31779786944389343,1183320000,0.0,0.0
2001-08-21 00:00:00-04:00,0.3185999812549533,0.3270046172643182,0.3106161863667294,0.3111121952533722,1186656000,0.0,0.0
2001-08-22 00:00:00-04:00,0.31661317142575435,0.3242540516505838,0.3065664858425174,0.3239102363586426,1498104000,0.0,0.0
2001-08-23 00:00:00-04:00,0.322801812254715,0.3269660679199367,0.3151618332364676,0.31672778725624084,1013592000,0.0,0.0
2001-08-24 00:00:00-04:00,0.3201284301362534,0.33231408203788665,0.3182562576747623,0.3257816433906555,1110936000,0.0,0.0
2001-08-27 00:00:00-04:00,0.31848543735642554,0.34136778220779623,0.3172632983649955,0.3370513319969177,1279608000,0.0,0.0
2001-08-28 00:00:00-04:00,0.3361344366467111,0.3436222222579534,0.3300604115414964,0.3326577842235565,1178760000,0.0,0.0
2001-08-29 00:00:00-04:00,0.3335746395632434,0.33567600341840736,0.31917300443421814,0.32196199893951416,1435800000,0.0,0.0
2001-08-30 00:00:00-04:00,0.31592555907041864,0.3231841251972633,0.30847627285486556,0.320930540561676,1431312000,0.0,0.0
2001-08-31 00:00:00-04:00,0.31879071882633975,0.3265462244804666,0.3145888647358173,0.32360410690307617,887904000,0.0,0.0
2001-09-04 00:00:00-04:00,0.32272567844680816,0.32272567844680816,0.29884949327591015,0.30110397934913635,1856136000,0.0,0.0
2001-09-05 00:00:00-04:00,0.30083626195464364,0.30981390368782474,0.2886121165458742,0.3075218200683594,2395584000,0.0,0.0
2001-09-06 00:00:00-04:00,0.30144788573482595,0.3109600383276238,0.29357778423894615,0.29495301842689514,1950768000,0.0,0.0
2001-09-07 00:00:00-04:00,0.29033122757560764,0.30255540291766475,0.2888028709413265,0.2980473041534424,1970256000,0.0,0.0
2001-09-10 00:00:00-04:00,0.29552590728285844,0.30007247609686677,0.2834163602205859,0.28941428661346436,1872360000,0.0,2.0
2001-09-17 00:00:00-04:00,0.2713829619142366,0.2780300207819655,0.25839416023003053,0.25969332456588745,1138596000,0.0,0.0
2001-09-18 00:00:00-04:00,0.26473590627895255,0.2666456754168393,0.23814772513097732,0.24403105676174164,894372000,0.0,0.0
2001-09-19 00:00:00-04:00,0.24540635479387657,0.24823294719800326,0.20674619787079848,0.24105140566825867,1561908000,0.0,0.0
2001-09-20 00:00:00-04:00,0.22813867603252225,0.2364671879182298,0.21392774686914973,0.2206518054008484,1470696000,0.0,0.0
2001-09-21 00:00:00-04:00,0.20361336871549604,0.2160676518097525,0.19872388422802545,0.2060585618019104,1226304000,0.0,0.0
2001-09-24 00:00:00-04:00,0.22240841980431192,0.23257060226705306,0.21255244140798535,0.2292085736989975,1507500000,0.0,0.0
2001-09-25 00:00:00-04:00,0.2298962472200177,0.23982831057033355,0.21958185564942567,0.22026948630809784,941724000,0.0,0.0
2001-09-26 00:00:00-04:00,0.22309609688461776,0.22386073972665457,0.21010822104652777,0.21232329308986664,430812000,0.0,0.0
2001-09-27 00:00:00-04:00,0.21155956940615642,0.21392776405953384,0.19490344598161918,0.20055755972862244,907296000,0.0,0.0
2001-09-28 00:00:00-04:00,0.20628771823134034,0.22011633045218149,0.19750169820010963,0.20987896621227264,1044876000,0.0,0.0
2001-10-01 00:00:00-04:00,0.2097258528032458,0.21316397817824267,0.18871475873721005,0.19207678735256195,972804000,0.0,0.0
2001-10-02 00:00:00-04:00,0.19177146737920603,0.19941144472792433,0.17312855536592642,0.18245001137256622,1123032000,0.0,0.0
2001-10-03 00:00:00-04:00,0.1815332289864424,0.22989625437970723,0.1815332289864424,0.21835972368717194,1798824000,0.0,0.0
2001-10-04 00:00:00-04:00,0.2299722893526924,0.25824194683304924,0.22202699576954946,0.24670450389385223,1980576000,0.0,0.0
2001-10-05 00:00:00-04:00,0.24296108658567261,0.2574012464343236,0.23371665518213788,0.2513657212257385,1078212000,0.0,0.0
2001-10-08 00:00:00-04:00,0.24143275057111813,0.26656960351207437,0.24143275057111813,0.25701895356178284,765900000,0.0,0.0
2001-10-09 00:00:00-04:00,0.25770661347706947,0.26282621939187606,0.23853011428001758,0.24586477875709534,917556000,0.0,0.0
2001-10-10 00:00:00-04:00,0.2415098923388725,0.2635900156326483,0.2399054383357831,0.2616802453994751,968124000,0.0,0.0
2001-10-11 00:00:00-04:00,0.27566177462892527,0.29078956260791666,0.2742095152893737,0.29002490639686584,918000000,0.0,0.0
2001-10-12 00:00:00-04:00,0.28269036469874065,0.309431675613496,0.2816974178185056,0.3088971674442291,1253100000,0.0,0.0
2001-10-15 00:00:00-04:00,0.2998809128895912,0.31707156735937336,0.2914772074083099,0.3075218200683594,908568000,0.0,0.0
2001-10-16 00:00:00-04:00,0.30713958588750184,0.34090934254435945,0.30079784139071,0.3384650647640228,1383852000,0.0,0.0
2001-10-17 00:00:00-04:00,0.3459518489191112,0.3461049714572654,0.31707158296307736,0.3185999393463135,1695540000,0.0,0.0
2001-10-18 00:00:00-04:00,0.3185998645404931,0.3351789821437099,0.3178361373707857,0.33204707503318787,1020864000,0.0,0.0
2001-10-19 00:00:00-04:00,0.32730985380652927,0.3438128780746416,0.3231840977395012,0.3389233946800232,1059264000,0.0,0.0
2001-10-22 00:00:00-04:00,0.3364020762867622,0.35145281174042375,0.32891426510811805,0.3469456434249878,970824000,0.0,0.0
2001-10-23 00:00:00-04:00,0.351376906521852,0.35764162634165314,0.33311629898401607,0.34083330631256104,953028000,0.0,0.0
2001-10-24 00:00:00-04:00,0.3346445900525609,0.3567247040346152,0.33082412218792834,0.3558848798274994,1212144000,0.0,0.0
2001-10-25 00:00:00-04:00,0.3476333272777816,0.3830836539444994,0.3422845307877044,0.3767428398132324,1152396000,0.0,0.0
2001-10-26 00:00:00-04:00,0.3741446458453141,0.3853758765570766,0.3476334525599692,0.34984853863716125,1097124000,0.0,0.0
2001-10-29 00:00:00-05:00,0.3510714638023106,0.35718308614530253,0.32104515509378695,0.32142654061317444,1004796000,0.0,0.0
2001-10-30 00:00:00-05:00,0.3155441409329003,0.335714511375131,0.3082855749276028,0.3208920359611511,1153380000,0.0,0.0
2001-10-31 00:00:00-05:00,0.33288696255140854,0.3419031035569683,0.32280177817624234,0.32746297121047974,989292000,0.0,0.0
2001-11-01 00:00:00-05:00,0.33166497918776366,0.3581000774122358,0.3266223709784287,0.3554265797138214,1093776000,0.0,0.0
2001-11-02 00:00:00-05:00,0.3538219708977996,0.3647469523532125,0.3407570719450163,0.3603920042514801,1087248000,0.0,0.0
2001-11-05 00:00:00-05:00,0.36665762619369485,0.3766657844335134,0.359399033738289,0.36169111728668213,933456000,0.0,0.0
2001-11-06 00:00:00-05:00,0.3610035210791861,0.38820323546811514,0.3590937519802078,0.38652175664901733,1415376000,0.0,0.0
2001-11-07 00:00:00-05:00,0.3835420731818116,0.4017265771823233,0.3813270151807486,0.3868280053138733,1419144000,0.0,0.0
2001-11-08 00:00:00-05:00,0.39164135962653795,0.39683613156958863,0.36864349800168744,0.3801039159297943,1915188000,0.0,0.0
2001-11-09 00:00:00-05:00,0.3969132769720267,0.4067692448256484,0.38957861275205236,0.40646302700042725,2270484000,0.0,0.0
2001-11-12 00:00:00-05:00,0.40493557738068914,0.427779449308176,0.39255830572711076,0.4173889458179474,1458636000,0.0,0.0
2001-11-13 00:00:00-05:00,0.4186880918755405,0.4187641886558266,0.4079913710330275,0.4139508008956909,1446516000,0.0,0.0
2001-11-14 00:00:00-05:00,0.41700652929184334,0.42098009197123587,0.3911829759350076,0.4024142026901245,1150224000,0.0,0.0
2001-11-15 00:00:00-05:00,0.39783013599069617,0.4100543133407319,0.39278755558788214,0.40455329418182373,874944000,0.0,0.0
2001-11-16 00:00:00-05:00,0.40493542147395883,0.40921337061209795,0.39561396525719345,0.40103888511657715,496128000,0.0,0.0
2001-11-19 00:00:00-05:00,0.40501161230623406,0.40875505433933546,0.3705542288523289,0.39225202798843384,1943052000,0.0,0.0
2001-11-20 00:00:00-05:00,0.3941626692354921,0.40103892010985415,0.376895016279634,0.38124996423721313,937884000,0.0,0.0
2001-11-21 00:00:00-05:00,0.374832179087994,0.3863696246583308,0.36520543192983224,0.37636053562164307,728412000,0.0,0.0
2001-11-23 00:00:00-05:00,0.37781185809960843,0.38201464007362573,0.3713179213926976,0.3816322982311249,254016000,0.0,0.0
2001-11-26 00:00:00-05:00,0.3880502137772373,0.40944272629803347,0.38698026846275124,0.4089082181453705,1215780000,0.0,0.0
2001-11-27 00:00:00-05:00,0.40867894453833414,0.4225075719365429,0.4011150622559449,0.41326311230659485,1183992000,0.0,0.0
2001-11-28 00:00:00-05:00,0.4079912358070991,0.4147913893881141,0.3914882131414768,0.39240506291389465,740844000,0.0,0.0
2001-11-29 00:00:00-05:00,0.4209030816584114,0.42304297195396257,0.40799130450569887,0.4095957577228546,5135472000,0.0,0.0
2001-11-30 00:00:00-05:00,0.40944264860279056,0.42044465608434306,0.403407123148882,0.417464941740036,1034028000,0.0,0.0
2001-12-03 00:00:00-05:00,0.40867887440672157,0.4137975493782871,0.40378939138996134,0.4111240804195404,851496000,0.0,0.0
2001-12-04 00:00:00-05:00,0.4131870945419198,0.444664795725778,0.4131870945419198,0.4442063570022583,1384644000,0.0,0.0
2001-12-05 00:00:00-05:00,0.4477205459846043,0.4809557934380773,0.44733916040748695,0.48003897070884705,1707036000,0.0,0.0
2001-12-06 00:00:00-05:00,0.4762956098516642,0.47751774884243114,0.46048021104550785,0.47247514128685,1138944000,0.0,0.0
2001-12-07 00:00:00-05:00,0.4689609057695059,0.47323975831668635,0.4498604761051357,0.4580349922180176,807036000,0.0,0.0
2001-12-10 00:00:00-05:00,0.45574278524144174,0.4730865084423526,0.4519232468123188,0.46261903643608093,695868000,0.0,0.0
2001-12-11 00:00:00-05:00,0.47071840620205885,0.4901240942463701,0.4660572397848777,0.4791991114616394,792252000,0.0,0.0
2001-12-12 00:00:00-05:00,0.48286636469377026,0.4943267824064511,0.47354490799814614,0.49409759044647217,1004628000,0.0,0.0
2001-12-13 00:00:00-05:00,0.4843937896024693,0.49058240932358493,0.47797592328783084,0.47988662123680115,881400000,0.0,0.0
2001-12-14 00:00:00-05:00,0.4798097150082266,0.5038766226800498,0.4775946296190374,0.5015084147453308,754680000,0.0,0.0
2001-12-17 00:00:00-05:00,0.49768789866171514,0.5267974098120288,0.49768789866171514,0.5195397734642029,1080960000,0.0,0.0
2001-12-18 00:00:00-05:00,0.5081554909321065,0.5153370587774451,0.501890745724356,0.5061687231063843,886968000,0.0,0.0
2001-12-19 00:00:00-05:00,0.4978411686845886,0.5080024527758724,0.49043040761060325,0.49234017729759216,854652000,0.0,0.0
2001-12-20 00:00:00-05:00,0.49432694865858834,0.5032660938751692,0.47117691348742335,0.4729335606098175,951228000,0.0,0.0
2001-12-21 00:00:00-05:00,0.48324772249309983,0.49661883750594776,0.47767066380544704,0.4934099316596985,723972000,0.0,0.0
2001-12-24 00:00:00-05:00,0.49318075128107514,0.5082314599913803,0.4929515046812664,0.5057101845741272,265308000,0.0,0.0
2001-12-26 00:00:00-05:00,0.508231545233862,0.5267213932231277,0.5081554757891763,0.5180875658988953,642156000,0.0,0.0
2001-12-27 00:00:00-05:00,0.5225955464677282,0.5324515112963013,0.521831846495566,0.5300833582878113,730152000,0.0,0.0
2001-12-28 00:00:00-05:00,0.5332152490029658,0.5367303453715696,0.5122050573833588,0.5173237323760986,757680000,0.0,0.0
2001-12-31 00:00:00-05:00,0.5211444312274692,0.5241241465679295,0.5099892701532512,0.5111353397369385,737580000,0.0,0.0
2002-01-02 00:00:00-05:00,0.5133510286839948,0.5229778004354647,0.5004383527957177,0.5141908526420593,1298904000,0.0,0.0
2002-01-03 00:00:00-05:00,0.5152610193411578,0.5501007771220475,0.5149557578465511,0.5478847622871399,1414752000,0.0,0.0
2002-01-04 00:00:00-05:00,0.5551431887656517,0.5551431887656517,0.5225955781943445,0.5319170355796814,936288000,0.0,0.0
2002-01-07 00:00:00-05:00,0.5340561716638669,0.5348199265801169,0.5104476962321325,0.5176292657852173,973068000,0.0,0.0
2002-01-08 00:00:00-05:00,0.5165600363064613,0.5361949670438034,0.514802460785173,0.523741602897644,774360000,0.0,0.0
2002-01-09 00:00:00-05:00,0.5310002104483743,0.5405499307553541,0.5092253879649616,0.5165600776672363,1141188000,0.0,0.0
2002-01-10 00:00:00-05:00,0.5138095288536444,0.5208379731211078,0.4996747128650546,0.504182755947113,992508000,0.0,0.0
2002-01-11 00:00:00-05:00,0.5075437913592256,0.5076968592039667,0.4798865466754653,0.48187243938446045,1380852000,0.0,0.0
2002-01-14 00:00:00-05:00,0.48080356380374806,0.4841647186319502,0.45658355951309204,0.45658355951309204,1369560000,0.0,0.0
2002-01-15 00:00:00-05:00,0.47560773611849294,0.4995215149225248,0.47507322818777487,0.4992161989212036,1838808000,0.0,0.0
2002-01-16 00:00:00-05:00,0.49241638228132867,0.49562528989682114,0.4779001192443102,0.47973376512527466,1115388000,0.0,0.0
2002-01-17 00:00:00-05:00,0.49562515423917236,0.4966189753890769,0.47767079642773363,0.49654197692871094,1121544000,0.0,0.0
2002-01-18 00:00:00-05:00,0.47782385480566864,0.4908887827993958,0.4775176643409258,0.48745062947273254,803676000,0.0,0.0
2002-01-22 00:00:00-05:00,0.49203481536879695,0.49333307828784234,0.4697245520973104,0.4752255976200104,1085028000,0.0,0.0
2002-01-23 00:00:00-05:00,0.47950439328831596,0.4876027834106953,0.4700307419469871,0.48416468501091003,889164000,0.0,0.0
2002-01-24 00:00:00-05:00,0.4889780503789041,0.5065510210582392,0.4786636457630972,0.5015084147453308,1137684000,0.0,0.0
2002-01-25 00:00:00-05:00,0.49432660589300353,0.5126633223332263,0.48821411205763654,0.5002090334892273,817752000,0.0,0.0
2002-01-28 00:00:00-05:00,0.5099889958971859,0.5195396981362586,0.5049464454539827,0.5194626450538635,924288000,0.0,0.0
2002-01-29 00:00:00-05:00,0.5206857905420307,0.5222132451725339,0.48592216693079743,0.49402061104774475,1381932000,0.0,0.0
2002-01-30 00:00:00-05:00,0.49661873015723956,0.5003621978133095,0.4847760011972884,0.4999798834323883,1218456000,0.0,0.0
2002-01-31 00:00:00-05:00,0.5064748562320757,0.510371392986469,0.48553985824072476,0.5022721290588379,973980000,0.0,0.0
2002-02-01 00:00:00-05:00,0.5014321061201784,0.5067799713166313,0.48706804874264853,0.4899716377258301,688272000,0.0,0.0
2002-02-04 00:00:00-05:00,0.48890207646261263,0.5008209379646388,0.46613435358790084,0.4668980538845062,1104864000,0.0,0.0
2002-02-05 00:00:00-05:00,0.46376512676851367,0.4678147317225233,0.44413016597850125,0.4623137414455414,1474620000,0.0,0.0
2002-02-06 00:00:00-05:00,0.4745379703463963,0.4820257292463197,0.465293509838689,0.4738503396511078,1242528000,0.0,0.0
2002-02-07 00:00:00-05:00,0.47446181551371225,0.47446181551371225,0.45627826644023756,0.45849335193634033,964476000,0.0,0.0
2002-02-08 00:00:00-05:00,0.46155004748873996,0.4641474474402835,0.4235014170540257,0.4409973621368408,1871292000,0.0,0.0
2002-02-11 00:00:00-05:00,0.4403096149695228,0.4660570934095784,0.43870516215250926,0.46536946296691895,1249224000,0.0,0.0
2002-02-12 00:00:00-05:00,0.45834115745643794,0.48401254839418484,0.4530693585955806,0.4752255976200104,1216500000,0.0,0.0
2002-02-13 00:00:00-05:00,0.4813379740493346,0.48943641773523455,0.46452968953623436,0.46911385655403137,1230432000,0.0,0.0
2002-02-14 00:00:00-05:00,0.4730866618656524,0.48477633094084144,0.4671272859490592,0.4749203622341156,1225692000,0.0,0.0
2002-02-15 00:00:00-05:00,0.45306924149014577,0.45574273777504626,0.43358650447736885,0.4381706714630127,3988548000,0.0,0.0
2002-02-19 00:00:00-05:00,0.41945180386962466,0.42380675276865215,0.4057753686015721,0.40913739800453186,1972524000,0.0,0.0
2002-02-20 00:00:00-05:00,0.4018787591400773,0.4351140002601411,0.40111503179843916,0.4305298328399658,1838736000,0.0,0.0
2002-02-21 00:00:00-05:00,0.42464752283856505,0.4247997163995316,0.4005806112993225,0.4011151194572449,1531044000,0.0,0.0
2002-02-22 00:00:00-05:00,0.39309269532505137,0.3976768622380775,0.3762843565485233,0.3814030587673187,2585616000,0.0,0.0
2002-02-25 00:00:00-05:00,0.3831607575050714,0.4142561150060663,0.383083731715994,0.4112764000892639,1599564000,0.0,0.0
2002-02-26 00:00:00-05:00,0.42029233441702435,0.4274738995582008,0.409137207796821,0.42021530866622925,1902672000,0.0,0.0
2002-02-27 00:00:00-05:00,0.4297661515797384,0.4315998242091815,0.4049355152959373,0.40608155727386475,1723224000,0.0,0.0
2002-02-28 00:00:00-05:00,0.4034071893156569,0.4106657836111465,0.3862926277987902,0.3897307813167572,1585440000,0.0,0.0
2002-03-01 00:00:00-05:00,0.39347514627800967,0.4278564373750829,0.3923291041522339,0.42739802598953247,1311396000,0.0,0.0
2002-03-04 00:00:00-05:00,0.4286962266908147,0.4561251660127834,0.42457046990998665,0.45123568177223206,1484724000,0.0,0.0
2002-03-05 00:00:00-05:00,0.44428248585324553,0.46216075032309295,0.4439011002193954,0.4500897228717804,1379448000,0.0,0.0
2002-03-06 00:00:00-05:00,0.43664235034977256,0.44107342249335035,0.4265571657761338,0.4359547197818756,1446060000,0.0,0.0
2002-03-07 00:00:00-05:00,0.4421434203594254,0.443594751107469,0.42036859550308414,0.43244054913520813,1346532000,0.0,0.0
2002-03-08 00:00:00-05:00,0.44069211032592204,0.45452073963373957,0.438552219685555,0.44535237550735474,1270356000,0.0,0.0
2002-03-11 00:00:00-05:00,0.44046276444491095,0.4453522199442245,0.43282185799770906,0.4401565194129944,810540000,0.0,0.0
2002-03-12 00:00:00-05:00,0.42671024685982967,0.42900233031430396,0.4141037878602214,0.4170835018157959,1255032000,0.0,0.0
2002-03-13 00:00:00-05:00,0.41318692734821694,0.4161666412263688,0.4079912268285363,0.40951958298683167,1031616000,0.0,0.0
2002-03-14 00:00:00-05:00,0.40646293826661495,0.40646293826661495,0.38598727949899536,0.3868280053138733,1139460000,0.0,0.0
2002-03-15 00:00:00-05:00,0.3895785365783322,0.40363635562832956,0.3821668480157012,0.4031779170036316,1248288000,0.0,0.0
2002-03-18 00:00:00-05:00,0.4105126071132646,0.41937565367017865,0.3985937493470082,0.4031779170036316,1236996000,0.0,0.0
2002-03-19 00:00:00-05:00,0.4060815228085959,0.40684525016730455,0.39225199446613834,0.3946211040019989,846072000,0.0,0.0
2002-03-20 00:00:00-05:00,0.38812639797303583,0.388891054655443,0.3541274147583663,0.3554265797138214,2292588000,0.0,0.0
2002-03-21 00:00:00-05:00,0.36146205468127746,0.3785765906604597,0.35191137525961036,0.37429773807525635,1721712000,0.0,0.0
2002-03-22 00:00:00-05:00,0.3810208033539672,0.3810208033539672,0.36826212153090593,0.3710887134075165,1249140000,0.0,0.0
2002-03-25 00:00:00-05:00,0.36933115114921994,0.3697895624296456,0.35145286529847747,0.3519112765789032,884160000,0.0,0.0
2002-03-26 00:00:00-05:00,0.34824402889296335,0.3680329622859627,0.34625816252021047,0.3590938448905945,1123512000,0.0,0.0
2002-03-27 00:00:00-05:00,0.35359279103225205,0.3607743589982645,0.3415208373712369,0.34763336181640625,1068012000,0.0,0.0
2002-03-28 00:00:00-05:00,0.35000149851328743,0.3522174854187614,0.31989909477146616,0.3389233946800232,3124080000,0.0,0.0
2002-04-01 00:00:00-05:00,0.3201282909412647,0.3359436848515998,0.30989001106380776,0.3333453834056854,2365344000,0.0,0.0
2002-04-02 00:00:00-05:00,0.3233372107509873,0.3414446875886202,0.3227256769663139,0.32463544607162476,1438008000,0.0,0.0
2002-04-03 00:00:00-05:00,0.32608769814358257,0.33494981460755413,0.3193636410166256,0.33074796199798584,1094640000,0.0,0.0
2002-04-04 00:00:00-05:00,0.32822676107655563,0.34037481210608783,0.3237186897146688,0.32914358377456665,1130964000,0.0,0.0
2002-04-05 00:00:00-05:00,0.3312825851931617,0.3366313826805163,0.3182946821094417,0.321655809879303,1026900000,0.0,0.0
2002-04-08 00:00:00-04:00,0.30675724172811125,0.33242860436439514,0.3066811449547004,0.33242860436439514,1151316000,0.0,0.0
2002-04-09 00:00:00-04:00,0.3357146074654361,0.3384651033770789,0.3106538444367878,0.31141847372055054,1380768000,0.0,0.0
2002-04-10 00:00:00-04:00,0.31393961687461597,0.3163077969321201,0.27199445956738005,0.2942276895046234,3689724000,0.0,0.0
2002-04-11 00:00:00-04:00,0.2918587789938834,0.29560312419746665,0.27810626979566766,0.2813151776790619,1437288000,0.0,0.0
2002-04-12 00:00:00-04:00,0.2875806511802567,0.28987273464398605,0.2714590411696109,0.28024598956108093,1376880000,0.0,0.0
2002-04-15 00:00:00-04:00,0.2856700723577061,0.2963667658562009,0.28498244163272946,0.2915533781051636,1157208000,0.0,0.0
2002-04-16 00:00:00-04:00,0.30461819008905067,0.30775102666045606,0.29827644751232635,0.30423587560653687,854856000,0.0,0.0
2002-04-17 00:00:00-04:00,0.3078272342681885,0.31233530618362654,0.29820045813800267,0.3078272342681885,944484000,0.0,0.0
2002-04-18 00:00:00-04:00,0.30469437294539425,0.3079803056458273,0.29606147341324773,0.3027085065841675,693156000,0.0,0.0
2002-04-19 00:00:00-04:00,0.29247016771192275,0.2960614158399708,0.2816973523367516,0.28207966685295105,1125672000,0.0,0.0
2002-04-22 00:00:00-04:00,0.27894694216846616,0.289185225288706,0.27887084538091267,0.2834550142288208,808176000,0.0,0.0
2002-04-23 00:00:00-04:00,0.285670004859905,0.2889559368243082,0.2694731983977263,0.2719945013523102,773508000,0.0,0.0
2002-04-24 00:00:00-04:00,0.27512635774692396,0.2791760162801388,0.24746913815110944,0.24815674126148224,1582956000,0.0,0.0
2002-04-25 00:00:00-04:00,0.24716288321638855,0.2627490813521657,0.24708678647148538,0.2577835023403168,1168296000,0.0,0.0
2002-04-26 00:00:00-04:00,0.26061016785188224,0.260915483927468,0.23203518986701965,0.23203518986701965,1191120000,0.0,0.0
2002-04-29 00:00:00-04:00,0.259464216995022,0.2745919862743723,0.2507542900561174,0.27069544792175293,3930852000,0.0,0.0
2002-04-30 00:00:00-04:00,0.27711320130753864,0.2807805464173591,0.26015176432936266,0.2659580707550049,1776504000,0.0,0.0
2002-05-01 00:00:00-04:00,0.2616031376587261,0.2745158174293177,0.25480388412680766,0.27077147364616394,1718904000,0.0,0.0
2002-05-02 00:00:00-04:00,0.2720705917544536,0.27879372004147646,0.2597694206504777,0.25984641909599304,1125084000,0.0,0.0
2002-05-03 00:00:00-04:00,0.2601518585687168,0.2621386543902061,0.24892062717877822,0.25021979212760925,852756000,0.0,0.0
2002-05-06 00:00:00-04:00,0.2437248684422933,0.2551853166319394,0.23868228872608013,0.24066905677318573,1102044000,0.0,0.0
2002-05-07 00:00:00-04:00,0.24601687339855718,0.2511364772546503,0.2346334819865188,0.24670450389385223,1412448000,0.0,0.0
2002-05-08 00:00:00-04:00,0.2635136842443326,0.2793290727426642,0.2551851764034727,0.27505022287368774,1688688000,0.0,0.0
2002-05-09 00:00:00-04:00,0.274209544696371,0.2798636567821958,0.2628261254517006,0.2632845640182495,1230840000,0.0,0.0
2002-05-10 00:00:00-04:00,0.2687085225829766,0.2697023707151149,0.24066896088040166,0.24357257783412933,1321548000,0.0,0.0
2002-05-13 00:00:00-04:00,0.24609386429847452,0.259158759886831,0.24403100042862136,0.2583180069923401,800892000,0.0,0.0
2002-05-14 00:00:00-04:00,0.2748211812998158,0.28689313727283783,0.27008388992685617,0.2839895188808441,1526112000,0.0,0.0
2002-05-15 00:00:00-04:00,0.27963451332372596,0.29491537345300817,0.2757379487749696,0.2895665764808655,1504548000,0.0,0.0
2002-05-16 00:00:00-04:00,0.2896436853932839,0.29606155564766024,0.28376037808394633,0.29010212421417236,985560000,0.0,0.0
2002-05-17 00:00:00-04:00,0.29797125643497435,0.3001102456563909,0.29056049475449985,0.2992704212665558,934404000,0.0,0.0
2002-05-20 00:00:00-04:00,0.29674903026387955,0.3044651058463307,0.2953737963703112,0.30247926712036133,953412000,0.0,0.0
2002-05-21 00:00:00-04:00,0.3063757897999101,0.31057764269883603,0.2790999773065078,0.27940526604652405,1382604000,0.0,0.0
2002-05-22 00:00:00-04:00,0.2816212873060899,0.29239410389516735,0.28116287597382617,0.2907126247882843,1547988000,0.0,0.0
2002-05-23 00:00:00-04:00,0.2915533142141443,0.2921648480249671,0.2643535985719546,0.272987425327301,2556780000,0.0,0.0
2002-05-24 00:00:00-04:00,0.2677917411230374,0.2691670023589379,0.26145092667247793,0.26763954758644104,737784000,0.0,0.0
2002-05-28 00:00:00-04:00,0.27000772929195177,0.2701608518381886,0.2516710584659389,0.25701895356178284,1367088000,0.0,0.0
2002-05-29 00:00:00-04:00,0.25289318093092117,0.26779172502089366,0.24899661677143234,0.266722708940506,1311012000,0.0,0.0
2002-05-30 00:00:00-04:00,0.2612977883299569,0.269166986086297,0.25617911287913364,0.262826144695282,1066080000,0.0,0.0
2002-05-31 00:00:00-04:00,0.26435365062919775,0.2654996927040971,0.25518531403000255,0.25564372539520264,674112000,0.0,0.0
2002-06-03 00:00:00-04:00,0.24945508717087078,0.2506011291700368,0.23753622852050724,0.24059294164180756,901248000,0.0,0.0
2002-06-04 00:00:00-04:00,0.2390646032211647,0.25403927444380664,0.23868228863067087,0.2527410387992859,1095432000,0.0,0.0
2002-06-05 00:00:00-04:00,0.2532755529706324,0.25335164975163893,0.2402867478000954,0.24907369911670685,1114308000,0.0,0.0
2002-06-06 00:00:00-04:00,0.24647534151871736,0.25251176854364327,0.24639924475486216,0.24914973974227905,739356000,0.0,0.0
2002-06-07 00:00:00-04:00,0.2289033134823481,0.24983739900334273,0.2288263013625816,0.246781587600708,1371300000,0.0,0.0
2002-06-10 00:00:00-04:00,0.25006667226691826,0.25701905054240487,0.2441072683940878,0.2447187751531601,749148000,0.0,0.0
2002-06-11 00:00:00-04:00,0.24876744794119818,0.24983739313010153,0.23310514772983698,0.233716681599617,859308000,0.0,0.0
2002-06-12 00:00:00-04:00,0.2281387096970782,0.23226446701890302,0.20376649405067926,0.21354636549949646,2267544000,0.0,0.0
2002-06-13 00:00:00-04:00,0.21515080861725253,0.21912344291301378,0.20460721079131303,0.2113303542137146,1265892000,0.0,0.0
2002-06-14 00:00:00-04:00,0.20353723886898636,0.21690742718641276,0.19666097378351938,0.215302973985672,1116444000,0.0,0.0
2002-06-17 00:00:00-04:00,0.2201163642427072,0.2229438853417651,0.21346931795439367,0.2172136753797531,1054140000,0.0,0.0
2002-06-18 00:00:00-04:00,0.21453924210771882,0.22233234328511037,0.2120179527043844,0.2160676121711731,1008300000,0.0,0.0
2002-06-19 00:00:00-04:00,0.20552404393163964,0.20552404393163964,0.1806163942683021,0.18222086131572723,2593620000,0.0,0.0
2002-06-20 00:00:00-04:00,0.18260317180602606,0.187568752727087,0.17817119731318812,0.1805402934551239,1425048000,0.0,0.0
2002-06-21 00:00:00-04:00,0.1796234268355005,0.18657578816134673,0.16946124400424423,0.17312857508659363,1484364000,0.0,0.0
2002-06-24 00:00:00-04:00,0.1686975742260881,0.18176246359427825,0.163501871391877,0.17633755505084991,1379592000,0.0,0.0
2002-06-25 00:00:00-04:00,0.17954643732480777,0.17954643732480777,0.16067523052882937,0.16174517571926117,1172232000,0.0,0.0
2002-06-26 00:00:00-04:00,0.1434085006250499,0.1587654858315007,0.13943493736560594,0.15334057807922363,2067828000,0.0,0.0
2002-06-27 00:00:00-04:00,0.158994648925958,0.1602167874156921,0.1283567971564572,0.13049577176570892,3182808000,0.0,0.0
2002-06-28 00:00:00-04:00,0.12835685111801834,0.1366844627885426,0.12553024481534183,0.1312604695558548,1991184000,0.0,0.0
2002-07-01 00:00:00-04:00,0.13064890356601058,0.13446935757354042,0.12820371081019807,0.13095420598983765,1164372000,0.0,0.0
2002-07-02 00:00:00-04:00,0.1294267293028601,0.12988514048622324,0.11934156031182712,0.12270267307758331,1368180000,0.0,0.0
2002-07-03 00:00:00-04:00,0.1219389213735385,0.13355245774667446,0.12186282464057317,0.13332325220108032,1073304000,0.0,0.0
2002-07-05 00:00:00-04:00,0.14287305815605716,0.14516514193304358,0.1387473018927228,0.1450890451669693,739524000,0.0,0.0
2002-07-08 00:00:00-04:00,0.14340848804529566,0.15463971545472058,0.14325537915912656,0.14944401383399963,1587180000,0.0,0.0
2002-07-09 00:00:00-04:00,0.1498263726075834,0.15173614251017412,0.1389004580597088,0.14210937917232513,1075080000,0.0,0.0
2002-07-10 00:00:00-04:00,0.1455474773629315,0.1466935194160334,0.1372198668740744,0.13821280002593994,926988000,0.0,0.0
2002-07-11 00:00:00-04:00,0.13744909453831688,0.15280606717706083,0.1362260266250133,0.1522706300020218,1143948000,0.0,0.0
2002-07-12 00:00:00-04:00,0.16044599300645113,0.1610575267556621,0.1489855620070128,0.15211838483810425,1344900000,0.0,0.0
2002-07-15 00:00:00-04:00,0.15249979997512814,0.16732225964835984,0.14562353580478285,0.16724616289138794,1495272000,0.0,0.0
2002-07-16 00:00:00-04:00,0.16312042788364364,0.17840038539053746,0.16006370137220274,0.16273809969425201,1773432000,0.0,0.0
2002-07-17 00:00:00-04:00,0.15922386962396098,0.16235577740523313,0.14256773635997064,0.14890947937965393,1922364000,0.0,0.0
2002-07-18 00:00:00-04:00,0.14646429270078176,0.1550981197520147,0.14470671698050813,0.1450890451669693,1243188000,0.0,0.0
2002-07-19 00:00:00-04:00,0.1406579839838923,0.14623508444765715,0.1375251607856737,0.1385180801153183,845772000,0.0,0.0
2002-07-22 00:00:00-04:00,0.13790752114387783,0.14180407298761966,0.12644708499197346,0.13210028409957886,1290744000,0.0,0.0
2002-07-23 00:00:00-04:00,0.13286487636160918,0.13370470043539068,0.11773711351670504,0.12224426865577698,1409652000,0.0,0.0
2002-07-24 00:00:00-04:00,0.12056370312892992,0.13202411975481018,0.12048760637785565,0.1300373524427414,1175100000,0.0,0.0
2002-07-25 00:00:00-04:00,0.12499478202460822,0.12537709653833168,0.11086086009315188,0.11506270617246628,1796448000,0.0,0.0
2002-07-26 00:00:00-04:00,0.11842477732213631,0.12117527297796775,0.1092564265915985,0.11238833516836166,1221900000,0.0,0.0
2002-07-29 00:00:00-04:00,0.11704946669254095,0.11766008505145847,0.11177767645747037,0.11552111059427261,1227720000,0.0,0.0
2002-07-30 00:00:00-04:00,0.11498664458500459,0.1297320980108485,0.11460432995432429,0.12392579019069672,1818012000,0.0,0.0
2002-07-31 00:00:00-04:00,0.09030821041149235,0.0921418834033127,0.08358506610646829,0.08457799255847931,4837140000,0.0,0.0
2002-08-01 00:00:00-04:00,0.08526560441352073,0.08526560441352073,0.07640256441077217,0.07647957652807236,1725708000,0.0,0.0
2002-08-02 00:00:00-04:00,0.07892385609833531,0.079459286329912,0.06952630173900404,0.07143698632717133,1795260000,0.0,0.0
2002-08-05 00:00:00-04:00,0.0703670220981533,0.07052013093490152,0.06486601299691291,0.0657067522406578,1330716000,0.0,0.0
2002-08-06 00:00:00-04:00,0.06876259004209932,0.07174229795098905,0.06769264478861825,0.06914490461349487,1168800000,0.0,0.0
2002-08-07 00:00:00-04:00,0.07220070819272263,0.07288833196827804,0.06494212858400127,0.06754043698310852,892980000,0.0,0.0
2002-08-08 00:00:00-04:00,0.06822807781499753,0.07319365218403913,0.06647050180920747,0.07197151333093643,755424000,0.0,0.0
2002-08-09 00:00:00-04:00,0.07006173299208518,0.07258302926712104,0.06883867897985521,0.0702909454703331,581304000,0.0,0.0
2002-08-12 00:00:00-04:00,0.06952630275270189,0.0729644284478838,0.06769263708146124,0.0702909454703331,592800000,0.0,0.0
2002-08-13 00:00:00-04:00,0.07074936372397592,0.07418749658828776,0.06876258897674459,0.0688386857509613,654420000,0.0,0.0
2002-08-14 00:00:00-04:00,0.07013783716606237,0.07411048500402248,0.0695263100953641,0.07349987328052521,632688000,0.0,0.0
2002-08-15 00:00:00-04:00,0.07625037544882245,0.08014691967879009,0.07548573265088386,0.07861855626106262,1140120000,0.0,0.0
2002-08-16 00:00:00-04:00,0.07441670903240899,0.0844248770832507,0.072124624801515,0.08167437463998795,1657428000,0.0,0.0
2002-08-19 00:00:00-04:00,0.08518951717021897,0.10276156807527186,0.08503640143469213,0.09664994478225708,2243928000,0.0,0.0
2002-08-20 00:00:00-04:00,0.09741366954507535,0.09932343222905311,0.09114893752288868,0.09237107634544373,1429488000,0.0,0.0
2002-08-21 00:00:00-04:00,0.09657293323031577,0.09848361815731811,0.0920657770170051,0.09726055711507797,1194876000,0.0,0.0
2002-08-22 00:00:00-04:00,0.0943578504522151,0.09817738234623413,0.09336400203859407,0.09397552907466888,1358496000,0.0,0.0
2002-08-23 00:00:00-04:00,0.09130111988099537,0.09191264689090112,0.08725238250170525,0.08778689056634903,919932000,0.0,0.0
2002-08-26 00:00:00-04:00,0.08946744502236315,0.09007897196954903,0.0843487561988164,0.08847451210021973,698568000,0.0,0.0
2002-08-27 00:00:00-04:00,0.09000290133227017,0.09046131954669218,0.0828974292551537,0.08343194425106049,686712000,0.0,0.0
2002-08-28 00:00:00-04:00,0.08297352901230687,0.08312664475899921,0.0779309421347228,0.07823624461889267,700356000,0.0,0.0
2002-08-29 00:00:00-04:00,0.07724330294885055,0.08282040374006923,0.07663176909206999,0.07923007756471634,815520000,0.0,0.0
2002-08-30 00:00:00-04:00,0.07846541824723477,0.08175134953470851,0.0756388203102038,0.07716718316078186,1065888000,0.0,0.0
2002-09-03 00:00:00-04:00,0.07349987040613966,0.0738812696122664,0.07120777962597345,0.07242992520332336,847284000,0.0,0.0
2002-09-04 00:00:00-04:00,0.07265913720954645,0.07456889994125918,0.06883868956792631,0.07197151333093643,930552000,0.0,0.0
2002-09-05 00:00:00-04:00,0.07128386798579234,0.07158917721504723,0.068762578671562,0.06922098994255066,714312000,0.0,0.0
2002-09-06 00:00:00-04:00,0.07212463451681711,0.07273524637372412,0.06967943421603542,0.07074937969446182,746460000,0.0,0.0
2002-09-09 00:00:00-04:00,0.07021392259122902,0.07288832759697676,0.06807494779486264,0.07067234069108963,578040000,0.0,0.0
2002-09-10 00:00:00-04:00,0.0702909503647223,0.08442486697226047,0.0702139314145749,0.08075752854347229,2317632000,0.0,0.0
2002-09-11 00:00:00-04:00,0.08327882789694353,0.09091972280331845,0.08327882789694353,0.0847310945391655,1657536000,0.0,0.0
2002-09-12 00:00:00-04:00,0.08266822083724533,0.08717537704216552,0.08113985733412922,0.0820566937327385,1294932000,0.0,0.0
2002-09-13 00:00:00-04:00,0.08121594670093944,0.08511249079298669,0.0802230136139748,0.08075752854347229,796872000,0.0,0.0
2002-09-16 00:00:00-04:00,0.07953538964785932,0.07984069208259063,0.07372907616452697,0.07563884556293488,925464000,0.0,0.0
2002-09-17 00:00:00-04:00,0.07900085944626928,0.08091062164451789,0.07403437111729837,0.07449278235435486,884052000,0.0,0.0
2002-09-18 00:00:00-04:00,0.07334675468444085,0.07479810592433289,0.07021393119494947,0.07242992520332336,811692000,0.0,0.0
2002-09-19 00:00:00-04:00,0.0708254970304689,0.07334679485400702,0.06960335761474343,0.06998476386070251,618492000,0.0,0.0
2002-09-20 00:00:00-04:00,0.07052013965506979,0.07197149056253628,0.06883866779060419,0.07036703079938889,687312000,0.0,0.0
2002-09-23 00:00:00-04:00,0.06922100497719358,0.06990863569492474,0.06685282402128173,0.06731124222278595,521676000,0.0,0.0
2002-09-24 00:00:00-04:00,0.06654657463159713,0.07105465135991806,0.06532443621845103,0.06784573197364807,624444000,0.0,0.0
2002-09-25 00:00:00-04:00,0.07181835508157301,0.0729643964778177,0.0689917576310075,0.0715891495347023,896616000,0.0,0.0
2002-09-26 00:00:00-04:00,0.07296441767996492,0.07372906028475196,0.06669969422024939,0.06776963919401169,739560000,0.0,0.0
2002-09-27 00:00:00-04:00,0.06761654307422865,0.06937411905897338,0.0653244589523411,0.06540055572986603,650688000,0.0,0.0
2002-09-30 00:00:00-04:00,0.06517135005005707,0.06822807699802959,0.06379609547835484,0.06540055572986603,584124000,0.0,0.0
2002-10-01 00:00:00-04:00,0.06593600176992277,0.06952632919499181,0.0635669049582827,0.0689157173037529,888360000,0.0,0.0
2002-10-02 00:00:00-04:00,0.06945021281722727,0.0729644356248066,0.0688386857509613,0.0688386857509613,749100000,0.0,0.0
2002-10-03 00:00:00-04:00,0.06799887692593,0.06914491919651296,0.06532447090178564,0.06547757983207703,590568000,0.0,0.0
2002-10-04 00:00:00-04:00,0.06532445910297612,0.06738733754981162,0.061122605431604686,0.06219163537025452,529788000,0.0,0.0
2002-10-07 00:00:00-04:00,0.061351814782904586,0.06257395356124401,0.05867740937955545,0.05913582071661949,493068000,0.0,0.0
2002-10-08 00:00:00-04:00,0.061122589799011695,0.06127478331548781,0.05501005621500988,0.057378239929676056,714252000,0.0,0.0
2002-10-09 00:00:00-04:00,0.056538432264792216,0.06020577428521173,0.055315374693177696,0.05630922317504883,573132000,0.0,0.0
2002-10-10 00:00:00-04:00,0.05577378128018905,0.06104557900212971,0.05577378128018905,0.059211913496255875,538032000,0.0,0.0
2002-10-11 00:00:00-04:00,0.06150401282381134,0.06838027218447525,0.06112260674890354,0.06731124222278595,994140000,0.0,0.0
2002-10-14 00:00:00-04:00,0.06532444059848785,0.06731122170482644,0.0639491932441309,0.06532444059848785,611484000,0.0,0.0
2002-10-15 00:00:00-04:00,0.07258305595748203,0.07518044995436758,0.07113078893297411,0.07212463766336441,852768000,0.0,0.0
2002-10-16 00:00:00-04:00,0.06723422611511218,0.06784575318634346,0.06494213524331054,0.06608817726373672,578124000,0.0,0.0
2002-10-17 00:00:00-04:00,0.07181839880540909,0.07449280441740404,0.0700617449482288,0.07113077491521835,585792000,0.0,0.0
2002-10-18 00:00:00-04:00,0.0707493591774964,0.07258303174221412,0.06807495393069521,0.07181838899850845,498372000,0.0,0.0
2002-10-21 00:00:00-04:00,0.07082544076006117,0.08091061721064594,0.06922098102544422,0.07831323146820068,930624000,0.0,0.0
2002-10-22 00:00:00-04:00,0.07472198924287944,0.08557088588244482,0.0746458924913631,0.08091061562299728,1272168000,0.0,0.0
2002-10-23 00:00:00-04:00,0.0821327730706474,0.08534169295340935,0.08098673123122502,0.08419565111398697,925428000,0.0,0.0
2002-10-24 00:00:00-04:00,0.08587711257678872,0.0867939486676621,0.07869463101856325,0.07991769164800644,1055172000,0.0,0.0
2002-10-25 00:00:00-04:00,0.08022297739200444,0.0851894712787115,0.07915303266893874,0.0848071500658989,745956000,0.0,0.0
2002-10-28 00:00:00-05:00,0.08870375583447536,0.08939137983647803,0.08473111392310095,0.0852656289935112,1070544000,0.0,0.0
2002-10-29 00:00:00-05:00,0.08541873402194787,0.08602934585654812,0.07724332267072524,0.08152218908071518,772728000,0.0,0.0
2002-10-30 00:00:00-05:00,0.08411954443732861,0.08862761450090711,0.08381423524404119,0.08587711304426193,1139496000,0.0,0.0
2002-10-31 00:00:00-05:00,0.08648774385013457,0.09153032983786015,0.08625853819062614,0.09091971814632416,1255476000,0.0,0.0
2002-11-01 00:00:00-05:00,0.08954447880458431,0.10902721440883278,0.08939136307075855,0.10772805660963058,2128836000,0.0,0.0
2002-11-04 00:00:00-05:00,0.11422195613886277,0.1261408046524771,0.11391665378266468,0.1194937601685524,2688132000,0.0,0.0
2002-11-05 00:00:00-05:00,0.11918847001721208,0.12117525145479514,0.1096378132076898,0.11475741118192673,2034540000,0.0,0.0
2002-11-06 00:00:00-05:00,0.1186539884080195,0.12377267900784765,0.11399280070130967,0.12361955642700195,1646016000,0.0,0.0
2002-11-07 00:00:00-05:00,0.12041059547110013,0.12041059547110013,0.11047853373185156,0.11116616427898407,1660560000,0.0,0.0
2002-11-08 00:00:00-05:00,0.09397553552180689,0.09955264362000457,0.0841195685718352,0.08679397404193878,3798900000,0.0,0.0
2002-11-11 00:00:00-05:00,0.08266820796124873,0.08389034663265645,0.07808403351316065,0.080069899559021,1378452000,0.0,0.0
2002-11-12 00:00:00-05:00,0.08198058963787157,0.09015508387679294,0.08129295898480349,0.08717536926269531,1381188000,0.0,0.0
2002-11-13 00:00:00-05:00,0.08511250404412517,0.0924471820436352,0.08343194687478891,0.08992588520050049,1802112000,0.0,0.0
2002-11-14 00:00:00-05:00,0.09588530659675598,0.0977189725138717,0.09298260392078732,0.09588530659675598,1138728000,0.0,0.0
2002-11-15 00:00:00-05:00,0.10085179761547078,0.10627670549615907,0.09970575554749149,0.10291467607021332,2054328000,0.0,0.0
2002-11-18 00:00:00-05:00,0.11116615264630379,0.11154846710266081,0.10642887022729731,0.10673508793115616,1982472000,0.0,0.0
2002-11-19 00:00:00-05:00,0.10612358623763563,0.113687468612992,0.10497754428148452,0.1082625612616539,1971948000,0.0,0.0
2002-11-20 00:00:00-05:00,0.11154846625313747,0.11460427682560557,0.11009620004535899,0.1136874407529831,1292796000,0.0,0.0
2002-11-21 00:00:00-05:00,0.11827158156482998,0.12896829607831908,0.11804237601232052,0.12331417202949524,2053920000,0.0,0.0
2002-11-22 00:00:00-05:00,0.11582646016974954,0.12255053298719545,0.11460432126858706,0.1201053261756897,1251900000,0.0,0.0
2002-11-25 00:00:00-05:00,0.1256824187541346,0.12751609147755502,0.12079294815661676,0.12446027994155884,1230084000,0.0,0.0
2002-11-26 00:00:00-05:00,0.12507181338061277,0.12751609099654412,0.12071685092534096,0.12109825015068054,1084332000,0.0,0.0
2002-11-27 00:00:00-05:00,0.12621782254720548,0.13263566172193358,0.1246133559225759,0.13049577176570892,1088556000,0.0,0.0
2002-11-29 00:00:00-05:00,0.13393388644601179,0.1358445706377329,0.12988514315997177,0.13087807595729828,519396000,0.0,0.0
2002-12-02 00:00:00-05:00,0.13783047721977937,0.13958805308759337,0.12927366156341205,0.12988518178462982,1167504000,0.0,0.0
2002-12-03 00:00:00-05:00,0.12743998275731175,0.1277452851795628,0.12109823925753258,0.12132744491100311,1046220000,0.0,0.0
2002-12-04 00:00:00-05:00,0.1127706396407293,0.11460430541241523,0.10642889596430528,0.10681121051311493,2206548000,0.0,0.0
2002-12-05 00:00:00-05:00,0.11368746737458726,0.11445119477528444,0.10520674879431144,0.10780414193868637,1594872000,0.0,0.0
2002-12-06 00:00:00-05:00,0.10314387820208698,0.11002013720428941,0.10146332122056459,0.10795725882053375,1159224000,0.0,0.0
2002-12-09 00:00:00-05:00,0.10444302649822045,0.1061235833275041,0.09848360439108525,0.09932342171669006,969792000,0.0,0.0
2002-12-10 00:00:00-05:00,0.10184471318543685,0.109637807464683,0.10054647778575776,0.10765194147825241,1389888000,0.0,0.0
2002-12-11 00:00:00-05:00,0.10688730445874223,0.11002012782869655,0.10329698512832519,0.1070404201745987,1364208000,0.0,0.0
2002-12-12 00:00:00-05:00,0.11101305167273198,0.11231220921178038,0.10505363002756747,0.10528283566236496,1302552000,0.0,0.0
2002-12-13 00:00:00-05:00,0.10337309380732632,0.10337309380732632,0.10039337897897241,0.10115710645914078,707724000,0.0,0.0
2002-12-16 00:00:00-05:00,0.10467224337591229,0.10772805494114167,0.10199783787205924,0.10711652785539627,1056972000,0.0,0.0
2002-12-17 00:00:00-05:00,0.10902719049132091,0.11269452156363606,0.10612357307137407,0.10696431249380112,1077744000,0.0,0.0
2002-12-18 00:00:00-05:00,0.1036022899330193,0.10375540565239619,0.09855970395501981,0.09878890961408615,1126836000,0.0,0.0
2002-12-19 00:00:00-05:00,0.09703135085377801,0.10215095632050902,0.09565609626147761,0.09664994478225708,1100604000,0.0,0.0
2002-12-20 00:00:00-05:00,0.09970571733766513,0.1007756622176216,0.09313476307620873,0.09794814884662628,804576000,0.0,0.0
2002-12-23 00:00:00-05:00,0.09771896388970201,0.10100489620202974,0.09741366146167754,0.09863580018281937,498648000,0.0,0.0
2002-12-24 00:00:00-05:00,0.09917124145266631,0.10115710779972956,0.09611451445891107,0.09664994478225708,300336000,0.0,0.0
2002-12-26 00:00:00-05:00,0.09825439689702367,0.09970574814744299,0.09405162817423153,0.09489236772060394,719760000,0.0,0.0
2002-12-27 00:00:00-05:00,0.09748973945677732,0.09771894507044054,0.09046128873343409,0.09130110591650009,702528000,0.0,0.0
2002-12-30 00:00:00-05:00,0.09168345742193171,0.09267639062113998,0.08602933683289041,0.08809221535921097,784740000,0.0,0.0
2002-12-31 00:00:00-05:00,0.08717535732986002,0.09015507153608505,0.08549480064880491,0.08793999999761581,825396000,0.0,0.0
2003-01-02 00:00:00-05:00,0.09168343401227334,0.09512155945764642,0.08855061095874853,0.09405161440372467,1302540000,0.0,0.0
2003-01-03 00:00:00-05:00,0.09435783897355879,0.09741364991884317,0.09244715449636096,0.09405161440372467,1037496000,0.0,0.0
2003-01-06 00:00:00-05:00,0.09634374517442588,0.10321999894214533,0.09626764155043403,0.1016925573348999,1033428000,0.0,0.0
2003-01-07 00:00:00-05:00,0.10367837747941554,0.1060474801318345,0.10024025191361635,0.10138629376888275,1498272000,0.0,0.0
2003-01-08 00:00:00-05:00,0.09878889004508727,0.10169250725282987,0.0906134822445629,0.09130110591650009,1852524000,0.0,0.0
2003-01-09 00:00:00-05:00,0.09412864258019386,0.09512157569537381,0.0919887521070604,0.09290558844804764,1436076000,0.0,0.0
2003-01-10 00:00:00-05:00,0.09168346411718992,0.09588531825730731,0.09046132513956492,0.09451006352901459,924492000,0.0,0.0
2003-01-13 00:00:00-05:00,0.0981012969802538,0.09894203660354378,0.09328791611304821,0.09374633431434631,849120000,0.0,0.0
2003-01-14 00:00:00-05:00,0.09405162701533329,0.0953507847050559,0.0916073495349203,0.09443394839763641,868524000,0.0,0.0
2003-01-15 00:00:00-05:00,0.09451005275245444,0.09527469557841503,0.09153033792972565,0.09153033792972565,904584000,0.0,0.0
2003-01-16 00:00:00-05:00,0.09015509535195754,0.0913011374783434,0.08411957541431085,0.08534171432256699,2039976000,0.0,0.0
2003-01-17 00:00:00-05:00,0.08304966123788916,0.08419571071959532,0.0810638007294986,0.08213283121585846,1058832000,0.0,0.0
2003-01-21 00:00:00-05:00,0.0836611409841789,0.08541870989772214,0.07984068707959487,0.080069899559021,967356000,0.0,0.0
2003-01-22 00:00:00-05:00,0.07984069159965697,0.0822097944875304,0.07961148593820329,0.0801469162106514,550992000,0.0,0.0
2003-01-23 00:00:00-05:00,0.08228588450751013,0.08366113885624127,0.08014690963470034,0.08236198127269745,918456000,0.0,0.0
2003-01-24 00:00:00-05:00,0.08167438882776762,0.08205671032540608,0.07632649192181651,0.07770173996686935,897108000,0.0,0.0
2003-01-27 00:00:00-05:00,0.07602116181780838,0.07999380959446685,0.0746459141480967,0.07655567675828934,889116000,0.0,0.0
2003-01-28 00:00:00-05:00,0.07556276386739533,0.0807575518092325,0.0730414735213811,0.07930620014667511,1785480000,0.0,0.0
2003-01-29 00:00:00-05:00,0.0771671882622726,0.08152214933778629,0.0771671882622726,0.08091061562299728,1022040000,0.0,0.0
2003-01-30 00:00:00-05:00,0.08251510912537975,0.0832027329854731,0.07678489207540348,0.07762562483549118,743064000,0.0,0.0
2003-01-31 00:00:00-05:00,0.07533351503168534,0.08098671802825083,0.07464589140632236,0.0788477435708046,949656000,0.0,0.0
2003-02-03 00:00:00-05:00,0.08029908459498344,0.08190354421531239,0.07869462497465449,0.08037610352039337,755556000,0.0,0.0
2003-02-04 00:00:00-05:00,0.07984069091878729,0.08022301229795228,0.07563884446038004,0.0767848864197731,627720000,0.0,0.0
2003-02-05 00:00:00-05:00,0.07846546363336952,0.08060535456512116,0.0771672277959887,0.07747253030538559,581508000,0.0,0.0
2003-02-06 00:00:00-05:00,0.08282038117645639,0.08297349002024758,0.07678486388922853,0.07808401435613632,1226184000,0.0,0.0
2003-02-07 00:00:00-05:00,0.07961148269094147,0.07999380405777239,0.07441669649849834,0.07456889003515244,915156000,0.0,0.0
2003-02-10 00:00:00-05:00,0.07449278825861953,0.07602115144511805,0.07128386835920048,0.0754857212305069,982632000,0.0,0.0
2003-02-11 00:00:00-05:00,0.07609727569194803,0.07831327025076605,0.0737290943826918,0.0741105005145073,850716000,0.0,0.0
2003-02-12 00:00:00-05:00,0.07411046787447799,0.07724329076237989,0.07349985629211458,0.07449278235435486,641400000,0.0,0.0
2003-02-13 00:00:00-05:00,0.07579193483548513,0.07617333394338426,0.07372905708009492,0.07540961354970932,889164000,0.0,0.0
2003-02-14 00:00:00-05:00,0.08572401801743076,0.0920657612957,0.08366113988445503,0.09198874235153198,3548844000,0.0,0.0
2003-02-18 00:00:00-05:00,0.09550390327176579,0.09909422991571007,0.09435786118684557,0.09726055711507797,1740516000,0.0,0.0
2003-02-19 00:00:00-05:00,0.09664993289803932,0.09878890788666828,0.09557998773015719,0.09817738085985184,1141212000,0.0,0.0
2003-02-20 00:00:00-05:00,0.09855970223160981,0.10115709536130446,0.09779597483522917,0.09817738085985184,978132000,0.0,0.0
2003-02-21 00:00:00-05:00,0.09810128861866435,0.09848361000806936,0.09473925259027023,0.09825439751148224,913260000,0.0,0.0
2003-02-24 00:00:00-05:00,0.09741365977067541,0.10306777265691759,0.09687914486317582,0.09947653114795685,1137012000,0.0,0.0
2003-02-25 00:00:00-05:00,0.0962676238331382,0.09932343549455362,0.09473926032880432,0.09886501729488373,1239204000,0.0,0.0
2003-02-26 00:00:00-05:00,0.09756675878828622,0.09917121869564993,0.09382240877307901,0.09405161440372467,746892000,0.0,0.0
2003-02-27 00:00:00-05:00,0.09496844864426031,0.0964968117591368,0.09344100087640289,0.09603839367628098,675312000,0.0,0.0
2003-02-28 00:00:00-05:00,0.09305867740050429,0.09664991838968337,0.09030817579794342,0.09642071276903152,1653336000,0.0,0.0
2003-03-03 00:00:00-05:00,0.09756677718199207,0.09932343094293289,0.09359321395607804,0.09481627494096756,702036000,0.0,0.0
2003-03-04 00:00:00-05:00,0.09512155945764642,0.09603839564212512,0.09313477821924597,0.09405161440372467,538392000,0.0,0.0
2003-03-05 00:00:00-05:00,0.093134818664296,0.09611453414235938,0.09290561293411467,0.09558001905679703,522156000,0.0,0.0
2003-03-06 00:00:00-05:00,0.09481626860022115,0.09573310489623321,0.09359320769712265,0.09397552907466888,548064000,0.0,0.0
2003-03-07 00:00:00-05:00,0.09252419185632148,0.09573311937777805,0.09168345903454046,0.09542689472436905,581148000,0.0,0.0
2003-03-10 00:00:00-05:00,0.09443393723224887,0.09489235533175759,0.09260027166516212,0.09275338053703308,344796000,0.0,0.0
2003-03-11 00:00:00-05:00,0.09344101697206497,0.09496846500303262,0.09237107175574114,0.09344101697206497,417144000,0.0,0.0
2003-03-12 00:00:00-05:00,0.09420472817580555,0.09626759930223493,0.09336398876973886,0.09603839367628098,493920000,0.0,0.0
2003-03-13 00:00:00-05:00,0.09886500451984587,0.10619968110490009,0.09840658637941138,0.10558906942605972,1362732000,0.0,0.0
2003-03-14 00:00:00-05:00,0.1059704977906481,0.10696434639737525,0.101768643702657,0.10253236442804337,1094220000,0.0,0.0
2003-03-17 00:00:00-05:00,0.10085179842126099,0.11055465684494288,0.10062259273821364,0.10849177837371826,1307808000,0.0,0.0
2003-03-18 00:00:00-05:00,0.1081103595924373,0.10933249822727084,0.10543595450312195,0.10765194147825241,932280000,0.0,0.0
2003-03-19 00:00:00-05:00,0.10788118149905228,0.10895021159778773,0.10436604265696947,0.10818649083375931,712992000,0.0,0.0
2003-03-20 00:00:00-05:00,0.10818646681836211,0.1114714838691978,0.10535986792603799,0.10917939990758896,780060000,0.0,0.0
2003-03-21 00:00:00-05:00,0.11292377553109302,0.1133051748239453,0.10329701255823402,0.10818649083375931,1681800000,0.0,0.0
2003-03-24 00:00:00-05:00,0.1037554104885674,0.10696433085076135,0.10314387659160457,0.10413680970668793,839016000,0.0,0.0
2003-03-25 00:00:00-05:00,0.10444303769876674,0.1087209880882634,0.10406071629016689,0.10711652785539627,672828000,0.0,0.0
2003-03-26 00:00:00-05:00,0.10948561939054448,0.11192990376545808,0.10864488666362142,0.11009623110294342,1107840000,0.0,0.0
2003-03-27 00:00:00-05:00,0.10864486916067027,0.11093695278860426,0.10665808792427625,0.10696431249380112,1392732000,0.0,0.0
2003-03-28 00:00:00-05:00,0.10696432004103283,0.10734571922060947,0.10092787914480335,0.10260935127735138,1290684000,0.0,0.0
2003-03-31 00:00:00-05:00,0.0994765432643669,0.10069868894410178,0.09794818660842865,0.0984065979719162,680508000,0.0,0.0
2003-04-01 00:00:00-05:00,0.10046946889220888,0.10238015365198928,0.09825439704260039,0.10131020843982697,533808000,0.0,0.0
2003-04-02 00:00:00-05:00,0.1047482944974743,0.10681117201646625,0.10337304737211063,0.1050536036491394,771900000,0.0,0.0
2003-04-03 00:00:00-05:00,0.10696430669009066,0.10696430669009066,0.10421379828867038,0.10642887651920319,702780000,0.0,0.0
2003-04-04 00:00:00-05:00,0.10673509864003676,0.10688729216030286,0.10184470687844106,0.10230312496423721,513840000,0.0,0.0
2003-04-07 00:00:00-04:00,0.10917937006012259,0.11002010254415347,0.10238012532249907,0.10337305814027786,671256000,0.0,0.0
2003-04-08 00:00:00-04:00,0.10428991080395655,0.10482441884266368,0.10169251787212497,0.10238014161586761,475032000,0.0,0.0
2003-04-09 00:00:00-04:00,0.10276155683703048,0.10551205888988037,0.10169252700174573,0.10184472054243088,694260000,0.0,0.0
2003-04-10 00:00:00-04:00,0.10321995888663199,0.10337307459166752,0.10138629329300215,0.10238014161586761,364104000,0.0,0.0
2003-04-11 00:00:00-04:00,0.10352618448128777,0.10436600859123858,0.10024025242641484,0.10123410075902939,374184000,0.0,0.0
2003-04-14 00:00:00-04:00,0.09970575888960342,0.1032970009480923,0.09940044958921186,0.1029907763004303,445776000,0.0,0.0
2003-04-15 00:00:00-04:00,0.10230314784570987,0.10375541453507528,0.09978185122538315,0.10245625674724579,490212000,0.0,0.0
2003-04-16 00:00:00-04:00,0.10482443763508713,0.10505365014472563,0.10161551714774383,0.10245625674724579,671988000,0.0,0.0
2003-04-17 00:00:00-04:00,0.10321995976098622,0.10451911732691381,0.10108099174812865,0.10428991168737411,520740000,0.0,0.0
2003-04-21 00:00:00-04:00,0.10444301640450492,0.10726961488534106,0.10344916811278947,0.10696431249380112,597144000,0.0,0.0
2003-04-22 00:00:00-04:00,0.10642887067522667,0.10841564486378034,0.10467221060805491,0.10833954811096191,787392000,0.0,0.0
2003-04-23 00:00:00-04:00,0.10818648868559452,0.11147150640041559,0.10734574897084027,0.1107838824391365,606204000,0.0,0.0
2003-04-24 00:00:00-04:00,0.11086085319116458,0.11086085319116458,0.10604747359708208,0.10749882459640503,660912000,0.0,0.0
2003-04-25 00:00:00-04:00,0.10688728818707682,0.10872096046209997,0.10253232678031839,0.10352617502212524,884652000,0.0,0.0
2003-04-28 00:00:00-04:00,0.10474830244932738,0.10856875545661816,0.10352616406495802,0.10665807127952576,674988000,0.0,0.0
2003-04-29 00:00:00-04:00,0.10910326839402805,0.11147144837374964,0.10826252911692216,0.10994400084018707,670344000,0.0,0.0
2003-04-30 00:00:00-04:00,0.10933251731719694,0.11231223216419543,0.10887409912297029,0.10948562622070312,466620000,0.0,0.0
2003-05-01 00:00:00-04:00,0.10872095175795647,0.11124224751878581,0.10811034022347717,0.11017321795225143,733368000,0.0,0.0
2003-05-02 00:00:00-04:00,0.11162458824161492,0.1222442817367957,0.11101306121628368,0.1214805543422699,1691088000,0.0,0.0
2003-05-05 00:00:00-04:00,0.12262662088003716,0.13019050378677294,0.120410619920725,0.12446027994155884,1576164000,0.0,0.0
2003-05-06 00:00:00-04:00,0.12384872319725505,0.12782227160936452,0.12262658474481525,0.12461335211992264,1143864000,0.0,0.0
2003-05-07 00:00:00-04:00,0.1227797189858501,0.12568240770574002,0.12048763511401475,0.12262661010026932,897372000,0.0,0.0
2003-05-08 00:00:00-04:00,0.12109820661202479,0.12759305724562,0.11957076590350868,0.12270267307758331,1957452000,0.0,0.0
2003-05-09 00:00:00-04:00,0.14386691883353184,0.1644956882550071,0.13981725898944855,0.16327263414859772,9230856000,0.0,0.0
2003-05-12 00:00:00-04:00,0.1636549533665624,0.1673222987577798,0.15739022149054843,0.1586884707212448,3007860000,0.0,0.0
2003-05-13 00:00:00-04:00,0.15326448337733053,0.15815396815663788,0.1523476605800348,0.15570877492427826,1824108000,0.0,0.0
2003-05-14 00:00:00-04:00,0.15624414663025968,0.15815391569921192,0.15356974858563627,0.15555652976036072,965580000,0.0,0.0
2003-05-15 00:00:00-04:00,0.15784864082483346,0.16120975463997156,0.15700790128199044,0.16090445220470428,1105656000,0.0,0.0
2003-05-16 00:00:00-04:00,0.15891771047355216,0.16525945583154988,0.1586885047529212,0.16243284940719604,1028916000,0.0,0.0
2003-05-19 00:00:00-04:00,0.16029293777651374,0.1618212944945489,0.15135380653011785,0.15326447784900665,1220484000,0.0,0.0
2003-05-20 00:00:00-04:00,0.1534936618098458,0.15547951410482266,0.15280603123332884,0.1543334722518921,884124000,0.0,0.0
2003-05-21 00:00:00-04:00,0.15441049437072046,0.1598344857580365,0.15356975493960423,0.15975838899612427,905472000,0.0,0.0
2003-05-22 00:00:00-04:00,0.159987606132661,0.1617451682212853,0.15624416432946633,0.16029290854930878,888816000,0.0,0.0
2003-05-23 00:00:00-04:00,0.1604459821098488,0.16350179263063402,0.15876543250568476,0.15945304930210114,867612000,0.0,0.0
2003-05-27 00:00:00-04:00,0.15777164208015262,0.17419855938258666,0.15471583044123657,0.17358703911304474,1677408000,0.0,0.0
2003-05-28 00:00:00-04:00,0.17305247832525963,0.17496224745871636,0.16885062555759753,0.17312857508659363,1235556000,0.0,0.0
2003-05-29 00:00:00-04:00,0.17305251661985752,0.19085469527140428,0.1726702020345069,0.18497136235237122,2297736000,0.0,0.0
2003-05-30 00:00:00-04:00,0.2024672893342985,0.20346113768244076,0.19750170898194255,0.19994598627090454,2142312000,0.0,0.0
2003-06-02 00:00:00-04:00,0.20514170368174947,0.20537092300502777,0.18764575805506634,0.18886789679527283,1566144000,0.0,0.0
2003-06-03 00:00:00-04:00,0.18672887694528728,0.19849460990498718,0.18443679355763323,0.19276440143585205,1596804000,0.0,0.0
2003-06-04 00:00:00-04:00,0.19215290797468593,0.19750171845201134,0.1891731934815616,0.19734860956668854,1175604000,0.0,0.0
2003-06-05 00:00:00-04:00,0.1947512219356739,0.20369035169166466,0.19215290665302906,0.2030027210712433,1204404000,0.0,0.0
2003-06-06 00:00:00-04:00,0.21094800525177085,0.21201795035427928,0.19528571996699093,0.19681409001350403,1378836000,0.0,0.0
2003-06-09 00:00:00-04:00,0.19559105606451874,0.20063364934580905,0.191465299167272,0.19444501399993896,720588000,0.0,0.0
2003-06-10 00:00:00-04:00,0.19444501780630938,0.19742473269730593,0.192306042538048,0.19727253913879395,563304000,0.0,0.0
2003-06-11 00:00:00-04:00,0.1960494473870304,0.19918227058394186,0.192535211357715,0.19742469489574432,943836000,0.0,0.0
2003-06-12 00:00:00-04:00,0.19879997657772183,0.2009398671513486,0.19383440908333396,0.19444501399993896,1046688000,0.0,0.0
2003-06-13 00:00:00-04:00,0.18604124795366928,0.1913891420059949,0.17801895603265405,0.1793171912431717,1826808000,0.0,0.0
2003-06-16 00:00:00-04:00,0.1814570770597247,0.18542972371146071,0.16946122332050986,0.18313764035701752,1904868000,0.0,0.0
2003-06-17 00:00:00-04:00,0.18733955972282462,0.18871480749576927,0.1818385413072474,0.18749266862869263,999852000,0.0,0.0
2003-06-18 00:00:00-04:00,0.18565898165210082,0.19841856621140036,0.18413061142804973,0.19467420876026154,1122072000,0.0,0.0
2003-06-19 00:00:00-04:00,0.19551493162321648,0.1965078646445357,0.1818385118992124,0.18283236026763916,1190532000,0.0,0.0
2003-06-20 00:00:00-04:00,0.18481822439982595,0.1848952365131368,0.1780189851696629,0.18092167377471924,937848000,0.0,0.0
2003-06-23 00:00:00-04:00,0.18076946411492006,0.18168630027796698,0.17091349927048335,0.17450381815433502,734784000,0.0,0.0
2003-06-24 00:00:00-04:00,0.17343485174958428,0.17725439131416615,0.16854446508027576,0.17412248253822327,1008816000,0.0,0.0
2003-06-25 00:00:00-04:00,0.17458082463876456,0.1816862802092038,0.17389319417695995,0.17526844143867493,1060620000,0.0,0.0
2003-06-26 00:00:00-04:00,0.17580295219302225,0.17786582978912777,0.17030193616214523,0.1754976361989975,960540000,0.0,0.0
2003-06-27 00:00:00-04:00,0.17756057757747248,0.17916504457829976,0.17152414977531202,0.17236487567424774,709104000,0.0,0.0
2003-06-30 00:00:00-04:00,0.17465693220575482,0.178095057403902,0.17267015111021822,0.17503924667835236,544128000,0.0,0.0
2003-07-01 00:00:00-04:00,0.17282330569167645,0.1824500669905312,0.1712188386442513,0.18222086131572723,977016000,0.0,0.0
2003-07-02 00:00:00-04:00,0.18390144390420538,0.1862705541787605,0.1791650813736485,0.1816863715648651,846828000,0.0,0.0
2003-07-03 00:00:00-04:00,0.17748356436439522,0.1842837332265989,0.17710216515128868,0.17962345480918884,420912000,0.0,0.0
2003-07-07 00:00:00-04:00,0.18206768674190077,0.19238206134459848,0.18199158999348689,0.19138912856578827,832200000,0.0,0.0
2003-07-08 00:00:00-04:00,0.18611743630270097,0.19177156450845445,0.18565902486065677,0.18925026059150696,602856000,0.0,0.0
2003-07-09 00:00:00-04:00,0.1891731808508878,0.19673706257493517,0.18886787844775932,0.19360515475273132,755352000,0.0,0.0
2003-07-10 00:00:00-04:00,0.18756879098405133,0.19001398439887596,0.1823740033337711,0.1856590211391449,644568000,0.0,0.0
2003-07-11 00:00:00-04:00,0.18787493943881214,0.18902098125951786,0.18504741876336528,0.18665188550949097,495000000,0.0,0.0
2003-07-14 00:00:00-04:00,0.19138927040286227,0.19253531287470724,0.1842838098098042,0.18520064651966095,694344000,0.0,0.0
2003-07-15 00:00:00-04:00,0.18795111902637152,0.1887918588242379,0.17740751870002588,0.1791650950908661,1143456000,0.0,0.0
2003-07-16 00:00:00-04:00,0.18252612427441067,0.18336686367775665,0.1726701594332226,0.17694902420043945,880476000,0.0,0.0
2003-07-17 00:00:00-04:00,0.1716011589680974,0.17381623081472952,0.16579392327127557,0.1680860072374344,853764000,0.0,0.0
2003-07-18 00:00:00-04:00,0.1648010307283865,0.1653355526226278,0.15639640656090723,0.16243284940719604,1280832000,0.0,0.0
2003-07-21 00:00:00-04:00,0.16334962745779075,0.16388413549872874,0.1561671449184192,0.15998759865760803,985140000,0.0,0.0
2003-07-22 00:00:00-04:00,0.16449570206367425,0.16571784092550185,0.161745192867699,0.16266202926635742,582444000,0.0,0.0
2003-07-23 00:00:00-04:00,0.1625088880366644,0.16579390472657918,0.15761941821466205,0.1648009717464447,605328000,0.0,0.0
2003-07-24 00:00:00-04:00,0.1677807009007019,0.1690028396277269,0.15700789831303547,0.15838314592838287,1116828000,0.0,0.0
2003-07-25 00:00:00-04:00,0.1586884650205085,0.1618212748576741,0.1528060479240093,0.16090445220470428,1002084000,0.0,0.0
2003-07-28 00:00:00-04:00,0.16220363272942634,0.16258503200644897,0.15525035380841837,0.15593798458576202,703752000,0.0,0.0
2003-07-29 00:00:00-04:00,0.14180402223285762,0.15402816795174407,0.14027565222416533,0.14570055902004242,2794788000,0.0,0.0
2003-07-30 00:00:00-04:00,0.14516516604603585,0.14684663161764194,0.14317929969767249,0.14409613609313965,788724000,0.0,0.0
2003-07-31 00:00:00-04:00,0.14745716606790044,0.14959705544721535,0.14432525942767577,0.1458526998758316,897600000,0.0,0.0
2003-08-01 00:00:00-04:00,0.14592980076237133,0.15188921650838863,0.14447752729308405,0.15066616237163544,767556000,0.0,0.0
2003-08-04 00:00:00-04:00,0.150513967093052,0.15907078287790516,0.14959713075914702,0.15632027387619019,1428852000,0.0,0.0
2003-08-05 00:00:00-04:00,0.1603698948919234,0.16403723933838188,0.15456267416958078,0.15586182475090027,1063488000,0.0,0.0
2003-08-06 00:00:00-04:00,0.1537989794993371,0.1558618577720409,0.14577667206951164,0.1495201140642166,1025868000,0.0,0.0
2003-08-07 00:00:00-04:00,0.14913873622319918,0.15127771157356523,0.14547139047446314,0.14745725691318512,1040340000,0.0,0.0
2003-08-08 00:00:00-04:00,0.12644704400727927,0.12698156572077993,0.11659107839568453,0.11842475086450577,3767580000,0.0,0.0
2003-08-11 00:00:00-04:00,0.12033451433183126,0.12644705230337228,0.11957080058699232,0.12484259903430939,1675752000,0.0,0.0
2003-08-12 00:00:00-04:00,0.12644702451407697,0.12766916296855688,0.12438414672014263,0.12736386060714722,764160000,0.0,0.0
2003-08-13 00:00:00-04:00,0.12789846200601754,0.13026664363835017,0.12468954050987743,0.12820376455783844,693552000,0.0,0.0
2003-08-14 00:00:00-04:00,0.12392578968054187,0.12575946266829952,0.12239741918766134,0.12377268075942993,1527696000,0.0,0.0
2003-08-15 00:00:00-04:00,0.1230089475013861,0.12415498965029123,0.12224430461661306,0.12339034676551819,217716000,0.0,0.0
2003-08-18 00:00:00-04:00,0.12537700490758316,0.12705756723880768,0.12316101957904119,0.12705756723880768,717684000,0.0,0.0
2003-08-19 00:00:00-04:00,0.12988520483855545,0.13752519919274067,0.12980819270525074,0.13676147162914276,1403976000,0.0,0.0
2003-08-20 00:00:00-04:00,0.13485074043273926,0.13737202965233386,0.13187102629746644,0.13485074043273926,870348000,0.0,0.0
2003-08-21 00:00:00-04:00,0.13813668094465195,0.13981724452178548,0.1359967907379747,0.1385180801153183,644748000,0.0,0.0
2003-08-22 00:00:00-04:00,0.14684660539356895,0.14883247138729358,0.13943491708935754,0.13951194286346436,1002396000,0.0,0.0
2003-08-25 00:00:00-04:00,0.1421854304124605,0.1421854304124605,0.1375251659988623,0.13874730467796326,434028000,0.0,0.0
2003-08-26 00:00:00-04:00,0.13699059860889978,0.13905347609439558,0.13278783154886062,0.13653218746185303,768984000,0.0,0.0
2003-08-27 00:00:00-04:00,0.13744911472762056,0.14210938068379064,0.13599684090887718,0.14065803587436676,567816000,0.0,0.0
2003-08-28 00:00:00-04:00,0.14203324436176004,0.14279697178126521,0.13538619819241696,0.13699065148830414,828312000,0.0,0.0
2003-08-29 00:00:00-04:00,0.13676143574923127,0.13943491870124206,0.1362259986840145,0.13882431387901306,532884000,0.0,0.0
2003-09-02 00:00:00-04:00,0.14126860288280385,0.1424916569846175,0.1369136406175443,0.13760127127170563,711456000,0.0,0.0
2003-09-03 00:00:00-04:00,0.13966417017170887,0.14004648478396745,0.13424017724359105,0.13492779433727264,849972000,0.0,0.0
2003-09-04 00:00:00-04:00,0.1354623143371347,0.13943494891655947,0.13446938111362702,0.13622602820396423,740064000,0.0,0.0
2003-09-05 00:00:00-04:00,0.13645525951734,0.14592982892033182,0.13485079218950327,0.14272090792655945,1198740000,0.0,0.0
2003-09-08 00:00:00-04:00,0.14501296890357254,0.15097238483393066,0.1432553929348038,0.14929091930389404,1508712000,0.0,0.0
2003-09-09 00:00:00-04:00,0.14516516735991158,0.16403729160901326,0.14317930099357434,0.15845926105976105,2489436000,0.0,0.0
2003-09-10 00:00:00-04:00,0.15395214206569915,0.15807790004958538,0.14638825698254193,0.1476103961467743,1380624000,0.0,0.0
2003-09-11 00:00:00-04:00,0.14959710946912358,0.15395207118896895,0.13981724095340115,0.14570055902004242,2612736000,0.0,0.0
2003-09-12 00:00:00-04:00,0.14447754629305185,0.15104849680252821,0.1428730927257057,0.14783957600593567,1162404000,0.0,0.0
2003-09-15 00:00:00-04:00,0.14906168655814728,0.14982632930851233,0.14485984697445767,0.14539435505867004,596028000,0.0,0.0
2003-09-16 00:00:00-04:00,0.14570057971296632,0.1503608581547349,0.14570057971296632,0.14990243315696716,620736000,0.0,0.0
2003-09-17 00:00:00-04:00,0.15081924101498032,0.15456268241632634,0.1495971024705732,0.1516599804162979,902784000,0.0,0.0
2003-09-18 00:00:00-04:00,0.1508192327449887,0.15288211057759798,0.14913868304341402,0.15280601382255554,603492000,0.0,0.0
2003-09-19 00:00:00-04:00,0.1545627309608476,0.15555657953975383,0.15020776807694744,0.1515830159187317,648096000,0.0,0.0
2003-09-22 00:00:00-04:00,0.14860324891810262,0.14890946663809893,0.1444013964168949,0.14562353491783142,735504000,0.0,0.0
2003-09-23 00:00:00-04:00,0.14585278062957888,0.14783956229159062,0.14394302475412665,0.1469988226890564,628932000,0.0,0.0
2003-09-24 00:00:00-04:00,0.14386689449072057,0.14516512980288032,0.13561538265355755,0.13584458827972412,1600668000,0.0,0.0
2003-09-25 00:00:00-04:00,0.1369136463323352,0.13935883929085377,0.13332332669085345,0.1339339315891266,736776000,0.0,0.0
2003-09-26 00:00:00-04:00,0.1335525240948548,0.13393392329585666,0.12705767154060182,0.12881523370742798,895908000,0.0,0.0
2003-09-29 00:00:00-04:00,0.12232130714558093,0.12667626970195442,0.11995221090306471,0.12186289578676224,1944996000,0.0,0.0
2003-09-30 00:00:00-04:00,0.12079295734168922,0.1261408533576645,0.1203345322950262,0.1220150962471962,1020888000,0.0,0.0
2003-10-01 00:00:00-04:00,0.12224423459218815,0.12446022083726288,0.12193893228630606,0.12300887703895569,877224000,0.0,0.0
2003-10-02 00:00:00-04:00,0.12224432353244935,0.12667629924713364,0.12186292420930031,0.12491873651742935,857628000,0.0,0.0
2003-10-03 00:00:00-04:00,0.1283568735075076,0.13141268605397854,0.12614088547732671,0.12820376455783844,862812000,0.0,0.0
2003-10-06 00:00:00-04:00,0.12843294980209433,0.12973210095996043,0.12614086533680754,0.1272108107805252,377028000,0.0,0.0
2003-10-07 00:00:00-04:00,0.12721081680106164,0.12835685908794403,0.1254532404698163,0.12835685908794403,510588000,0.0,0.0
2003-10-08 00:00:00-04:00,0.12835683769203385,0.12950287978788153,0.1230850385863748,0.12384876608848572,739440000,0.0,0.0
2003-10-09 00:00:00-04:00,0.12568235047774517,0.1304957353463987,0.12461332114495509,0.1256062537431717,852408000,0.0,0.0
2003-10-10 00:00:00-04:00,0.1275930891822241,0.12873913108938048,0.12606473274427754,0.12782229483127594,413976000,0.0,0.0
2003-10-13 00:00:00-04:00,0.12927366739929957,0.13179495714707612,0.12828073426187453,0.12912055850028992,434904000,0.0,0.0
2003-10-14 00:00:00-04:00,0.12774530647301463,0.13187106357078318,0.1269815926165215,0.13148966431617737,623556000,0.0,0.0
2003-10-15 00:00:00-04:00,0.1330170471366881,0.13546225287297486,0.12896831761182465,0.12980812788009644,703488000,0.0,0.0
2003-10-16 00:00:00-04:00,0.12996132630064958,0.1318710964149754,0.1279745577002996,0.13141268491744995,446088000,0.0,0.0
2003-10-17 00:00:00-04:00,0.13064891042115015,0.13317020007842792,0.12713468766208755,0.1272868812084198,459696000,0.0,0.0
2003-10-20 00:00:00-04:00,0.12736392644849817,0.13026662973550587,0.1265992834673739,0.13011443614959717,467388000,0.0,0.0
2003-10-21 00:00:00-04:00,0.13248257291367463,0.13660832924496144,0.13064890039712557,0.13408702611923218,758724000,0.0,0.0
2003-10-22 00:00:00-04:00,0.13202416498537997,0.1350799765708408,0.13110734227072782,0.13179495930671692,620952000,0.0,0.0
2003-10-23 00:00:00-04:00,0.12988519611884738,0.1337047353658513,0.1296559904289921,0.1311834454536438,451524000,0.0,0.0
2003-10-24 00:00:00-04:00,0.12988514257902825,0.131871008164799,0.12866208884387123,0.1307249665260315,447084000,0.0,0.0
2003-10-27 00:00:00-05:00,0.13141268491744995,0.13294104202027446,0.1304958482604959,0.13141268491744995,254460000,0.0,0.0
2003-10-28 00:00:00-05:00,0.1331701641977737,0.14042874243594664,0.13255864413566418,0.13966411352157593,956064000,0.0,0.0
2003-10-29 00:00:00-05:00,0.1355383579853623,0.14134557851753793,0.13546226123269928,0.13966411352157593,494004000,0.0,0.0
2003-10-30 00:00:00-05:00,0.14325537114606876,0.1433314679113279,0.13683753117449593,0.13706673681735992,581256000,0.0,0.0
2003-10-31 00:00:00-05:00,0.13828890046252926,0.13943494254595926,0.13294100463497355,0.1350799798965454,598152000,0.0,0.0
2003-11-03 00:00:00-05:00,0.13439235098878288,0.14019957301994385,0.13378173245409838,0.13760127127170563,773724000,0.0,0.0
2003-11-04 00:00:00-05:00,0.14058095002285614,0.14096327818023274,0.13714282461892266,0.13805966079235077,700896000,0.0,0.0
2003-11-05 00:00:00-05:00,0.13523300359797477,0.13997029151414325,0.13301701760631976,0.13859504461288452,882024000,0.0,0.0
2003-11-06 00:00:00-05:00,0.1406579863636851,0.14134560329901438,0.13630301079711482,0.13882431387901306,1175280000,0.0,0.0
2003-11-07 00:00:00-05:00,0.1654886288298417,0.16854444037059585,0.16197440593846807,0.16617625951766968,4292820000,0.0,0.0
2003-11-10 00:00:00-05:00,0.16671074338707198,0.16900282713045725,0.16472487739768757,0.16571781039237976,1210056000,0.0,0.0
2003-11-11 00:00:00-05:00,0.16197443930672825,0.16480103209257863,0.158688506066515,0.16159211099147797,799140000,0.0,0.0
2003-11-12 00:00:00-05:00,0.1610575554997847,0.1642664756593754,0.16029291275553492,0.16373103857040405,617664000,0.0,0.0
2003-11-13 00:00:00-05:00,0.1637310356563076,0.1661001452691359,0.16281419938961422,0.16380804777145386,580332000,0.0,0.0
2003-11-14 00:00:00-05:00,0.16426644325214654,0.16426644325214654,0.15364583646912772,0.15410424768924713,888420000,0.0,0.0
2003-11-17 00:00:00-05:00,0.1512016188345923,0.15433351382616786,0.14974934517956479,0.15249985456466675,599880000,0.0,0.0
2003-11-18 00:00:00-05:00,0.15624412108725,0.15815388984399054,0.14974927061950097,0.15028470754623413,991428000,0.0,0.0
2003-11-19 00:00:00-05:00,0.15135377339102637,0.15509811674233698,0.150819251682789,0.15448659658432007,567552000,0.0,0.0
2003-11-20 00:00:00-05:00,0.1520413874598245,0.15540341623088447,0.14974930377033838,0.1503608375787735,738852000,0.0,0.0
2003-11-21 00:00:00-05:00,0.15219452003238826,0.1524237393665472,0.1480687769460057,0.150972381234169,543240000,0.0,0.0
2003-11-24 00:00:00-05:00,0.1524237202529596,0.1604460134093856,0.1513537751389466,0.160063698887825,940644000,0.0,0.0
2003-11-25 00:00:00-05:00,0.16075135115782946,0.16418949121403256,0.15891769194467428,0.16281422972679138,822804000,0.0,0.0
2003-11-26 00:00:00-05:00,0.16548862891150706,0.16602313703842153,0.15991152761579605,0.16296733915805817,430032000,0.0,0.0
2003-11-28 00:00:00-05:00,0.16289121069547305,0.16334962195714603,0.1608283326941525,0.1622035801410675,206136000,0.0,0.0
2003-12-01 00:00:00-05:00,0.16403726545805247,0.16571781542970587,0.1621265808284647,0.16449567675590515,526980000,0.0,0.0
2003-12-02 00:00:00-05:00,0.1635018300051086,0.16716916140998472,0.16281419938961422,0.16380804777145386,574740000,0.0,0.0
2003-12-03 00:00:00-05:00,0.1642665063815351,0.16961440253200485,0.16174520271622952,0.16212661564350128,710028000,0.0,0.0
2003-12-04 00:00:00-05:00,0.16266203400572363,0.1655647368442316,0.15746633158745812,0.16128678619861603,521952000,0.0,0.0
2003-12-05 00:00:00-05:00,0.15746628178453284,0.1619743657043922,0.15479188379736414,0.15609103441238403,559848000,0.0,0.0
2003-12-08 00:00:00-05:00,0.15609107050336707,0.1588415795455258,0.15471582281323695,0.15723711252212524,340980000,0.0,0.0
2003-12-09 00:00:00-05:00,0.1569317775515873,0.1584592184745997,0.14898556817997408,0.1490616649389267,598128000,0.0,0.0
2003-12-10 00:00:00-05:00,0.14906164935540803,0.15318740480130177,0.14898555260441088,0.152347594499588,568656000,0.0,0.0
2003-12-11 00:00:00-05:00,0.15227059771302068,0.1619743834723325,0.15196529530402572,0.160063698887825,694872000,0.0,0.0
2003-12-12 00:00:00-05:00,0.1622035988748063,0.16327262870604808,0.15662558267271148,0.15922388434410095,700692000,0.0,0.0
2003-12-15 00:00:00-05:00,0.16388413307491084,0.16411335237197205,0.15555653781299855,0.15601494908332825,622752000,0.0,0.0
2003-12-16 00:00:00-05:00,0.15509811040890453,0.1591468543151719,0.15234761550696943,0.15815392136573792,601728000,0.0,0.0
2003-12-17 00:00:00-05:00,0.15685486112467337,0.15739028480497408,0.15249989696712649,0.15509819984436035,499116000,0.0,0.0
2003-12-18 00:00:00-05:00,0.15540347909755847,0.16021686772219706,0.15525037016221999,0.15861240029335022,436728000,0.0,0.0
2003-12-19 00:00:00-05:00,0.16258497567462868,0.165030181783812,0.15922386240952982,0.16098052263259888,916956000,0.0,0.0
2003-12-22 00:00:00-05:00,0.15861233260073207,0.16159204679554867,0.15700787951853615,0.16120973229408264,371184000,0.0,0.0
2003-12-23 00:00:00-05:00,0.16059912966787138,0.16938516424789135,0.16052211755176657,0.16778069734573364,722760000,0.0,0.0
2003-12-24 00:00:00-05:00,0.16770456066518855,0.16823908227695378,0.1661001078067679,0.16655851900577545,210852000,0.0,0.0
2003-12-26 00:00:00-05:00,0.167856829980624,0.17473309670471074,0.1671691992096452,0.17374016344547272,363960000,0.0,0.0
2003-12-29 00:00:00-05:00,0.17702513856246177,0.18168631828419216,0.17618531442262333,0.18107479810714722,756624000,0.0,0.0
2003-12-30 00:00:00-05:00,0.17916501862548564,0.18489522780861295,0.1790119097531701,0.18145710229873657,550884000,0.0,0.0
2003-12-31 00:00:00-05:00,0.18138009016827786,0.18222082960723093,0.17435163196217315,0.1772543340921402,497268000,0.0,0.0
2004-01-02 00:00:00-05:00,0.18008191318056846,0.18252619117111918,0.17633755505084991,0.17633755505084991,436416000,0.0,0.0
2004-01-05 00:00:00-05:00,0.1790119403593841,0.18329080603988046,0.17740747331665005,0.18206775188446045,575292000,0.0,0.0
2004-01-06 00:00:00-05:00,0.18153321509215115,0.1920007150803532,0.180692475578858,0.18947942554950714,1093344000,0.0,0.0
2004-01-07 00:00:00-05:00,0.18733959650905405,0.1920768746962214,0.18604134694584598,0.19116003811359406,673032000,0.0,0.0
2004-01-08 00:00:00-05:00,0.19352818758571677,0.19444502401699224,0.19001396443317203,0.19184763729572296,433752000,0.0,0.0
2004-01-09 00:00:00-05:00,0.19054844778049934,0.19696628784145556,0.1890209930477301,0.19459809362888336,766584000,0.0,0.0
2004-01-12 00:00:00-05:00,0.19528571996699093,0.19742469482492842,0.1934520475147656,0.19681409001350403,541980000,0.0,0.0
2004-01-13 00:00:00-05:00,0.19582022007513658,0.19773090456163966,0.18458900749984147,0.18665188550949097,865800000,0.0,0.0
2004-01-14 00:00:00-05:00,0.18756875630841618,0.19024315494525532,0.18352001165066276,0.18527667224407196,544872000,0.0,0.0
2004-01-15 00:00:00-05:00,0.1839013971657955,0.18711031734902692,0.18061638021262272,0.18558287620544434,609204000,0.0,0.0
2004-01-16 00:00:00-05:00,0.1874927005184136,0.19001399080796266,0.18573512419358978,0.18840953707695007,451728000,0.0,0.0
2004-01-20 00:00:00-05:00,0.1907015701894546,0.1939865872193054,0.18856259513308724,0.1936812847852707,487764000,0.0,0.0
2004-01-21 00:00:00-05:00,0.19207682998256104,0.19284055745146725,0.18443685023752895,0.18474215269088745,494460000,0.0,0.0
2004-01-22 00:00:00-05:00,0.1857350370420905,0.1887147510437027,0.17824816816422714,0.18046323955059052,605724000,0.0,0.0
2004-01-23 00:00:00-05:00,0.17954644264851588,0.1831376911899049,0.17603221988937467,0.17641453444957733,482472000,0.0,0.0
2004-01-26 00:00:00-05:00,0.17756060323651948,0.18413063841276545,0.17618535536700253,0.18336692452430725,393684000,0.0,0.0
2004-01-27 00:00:00-05:00,0.1796995348951,0.18260315250555087,0.17152413279166098,0.17289938032627106,934104000,0.0,0.0
2004-01-28 00:00:00-05:00,0.17511534279108518,0.17786585113664052,0.17152410874769108,0.17244093120098114,615204000,0.0,0.0
2004-01-29 00:00:00-05:00,0.17297639422408412,0.17381621836323893,0.16159205831927445,0.1673983782529831,929700000,0.0,0.0
2004-01-30 00:00:00-05:00,0.16701697907916502,0.17381623258943485,0.16602313063064772,0.1699966937303543,466464000,0.0,0.0
2004-02-02 00:00:00-05:00,0.17137190282131784,0.17610826290311335,0.1696143274737309,0.1727471500635147,560844000,0.0,0.0
2004-02-03 00:00:00-05:00,0.17228873016046023,0.1752684439891142,0.16984353795243717,0.1721356213092804,418032000,0.0,0.0
2004-02-04 00:00:00-05:00,0.1696905043982018,0.17106575229016902,0.16724622645250536,0.16747543215751648,436800000,0.0,0.0
2004-02-05 00:00:00-05:00,0.1683922404024205,0.17190646315989458,0.1673222951807715,0.1699966937303543,331980000,0.0,0.0
2004-02-06 00:00:00-05:00,0.17221182300837642,0.17633758102971495,0.17129498637453422,0.1738933026790619,471132000,0.0,0.0
2004-02-09 00:00:00-05:00,0.17519144491116964,0.17801896544572796,0.1725940590058446,0.1726701557636261,373992000,0.0,0.0
2004-02-10 00:00:00-05:00,0.17320566358989137,0.1791650945968376,0.17312865144755066,0.1790119856595993,509700000,0.0,0.0
2004-02-11 00:00:00-05:00,0.18130402436193302,0.18588819249062152,0.1806924904534848,0.18527667224407196,737808000,0.0,0.0
2004-02-12 00:00:00-05:00,0.18428373677182075,0.1852766698929526,0.1768729628872065,0.17969955503940582,974892000,0.0,0.0
2004-02-13 00:00:00-05:00,0.17496224600543248,0.18252612740024104,0.17343479138541187,0.1780189722776413,1747500000,0.0,0.0
2004-02-17 00:00:00-05:00,0.17870668971556056,0.18054036310418084,0.1762614958561537,0.18000493943691254,575976000,0.0,0.0
2004-02-18 00:00:00-05:00,0.18054036310418084,0.18145719979849098,0.17878278651907883,0.18000493943691254,320244000,0.0,0.0
2004-02-19 00:00:00-05:00,0.1822208184309739,0.18542973810872238,0.17954640675290284,0.1799287348985672,631032000,0.0,0.0
2004-02-20 00:00:00-05:00,0.17962344095822919,0.1848952391961503,0.17862959258565403,0.1844368278980255,618120000,0.0,0.0
2004-02-23 00:00:00-05:00,0.18413058046609934,0.1844368118648665,0.175573766132143,0.1780189722776413,853332000,0.0,0.0
2004-02-24 00:00:00-05:00,0.17496224644854574,0.1771782333086228,0.1690028181045025,0.17091350257396698,708384000,0.0,0.0
2004-02-25 00:00:00-05:00,0.17198258293691282,0.17519150368389447,0.17007281325192736,0.1719064861536026,652512000,0.0,0.0
2004-02-26 00:00:00-05:00,0.1744277973748568,0.17473311355445847,0.17091357371964927,0.17305254936218262,344976000,0.0,0.0
2004-02-27 00:00:00-05:00,0.17343481971469663,0.17358702692285832,0.16739839195390321,0.1699966937303543,595548000,0.0,0.0
2004-03-01 00:00:00-05:00,0.1695382853043912,0.1728233024516192,0.16930907963388434,0.17251800000667572,506628000,0.0,0.0
2004-03-02 00:00:00-05:00,0.17274717528311784,0.17396931385695757,0.1686214192923082,0.16930904984474182,813348000,0.0,0.0
2004-03-03 00:00:00-05:00,0.16885061404996513,0.16885061404996513,0.1643425438501257,0.16709303855895996,552492000,0.0,0.0
2004-03-04 00:00:00-05:00,0.16877361191888507,0.1710656955323072,0.167398364483211,0.1707603931427002,413352000,0.0,0.0
2004-03-05 00:00:00-05:00,0.16693997376427652,0.1734348267848884,0.1663293688599683,0.16953828930854797,354888000,0.0,0.0
2004-03-08 00:00:00-05:00,0.16961436722278667,0.17190645105089503,0.16235578754347302,0.16365493834018707,465168000,0.0,0.0
2004-03-09 00:00:00-05:00,0.16503017794166244,0.16518328680425953,0.15975838036304998,0.16250887513160706,371232000,0.0,0.0
2004-03-10 00:00:00-05:00,0.16357881844375435,0.16533547860773473,0.15899465143570005,0.16014069318771362,481692000,0.0,0.0
2004-03-11 00:00:00-05:00,0.15800084401190487,0.16365495747551037,0.15800084401190487,0.15891768038272858,526872000,0.0,0.0
2004-03-12 00:00:00-05:00,0.16105755655675472,0.16426647673740455,0.15929998074857848,0.16227969527244568,377952000,0.0,0.0
2004-03-15 00:00:00-05:00,0.1612868132366049,0.1619744440863824,0.15761948058222947,0.15861240029335022,421224000,0.0,0.0
2004-03-16 00:00:00-05:00,0.16059912839540233,0.16617624278881543,0.1595291832406967,0.1654125154018402,597504000,0.0,0.0
2004-03-17 00:00:00-05:00,0.1680860334846934,0.17106574857075268,0.16739841638461064,0.16946129500865936,524592000,0.0,0.0
2004-03-18 00:00:00-05:00,0.16854441599437348,0.17343480123943444,0.16808599104815627,0.1713719367980957,528048000,0.0,0.0
2004-03-19 00:00:00-05:00,0.17045509514861654,0.17221174177984022,0.16839221711096203,0.1693851500749588,452964000,0.0,0.0
2004-03-22 00:00:00-05:00,0.16678777170964543,0.16938517177429338,0.16426648207925035,0.1680860072374344,576708000,0.0,0.0
2004-03-23 00:00:00-05:00,0.17037810317945817,0.1722117621371008,0.1668638668307434,0.16877363622188568,576036000,0.0,0.0
2004-03-24 00:00:00-05:00,0.1684683685168709,0.17916507668179887,0.16808604022382426,0.17633755505084991,787344000,0.0,0.0
2004-03-25 00:00:00-05:00,0.17832430187836354,0.18749265139994425,0.17801899944193744,0.18657581508159637,997128000,0.0,0.0
2004-03-26 00:00:00-05:00,0.18604125082492828,0.18894395266158456,0.18351996177179025,0.18604125082492828,551604000,0.0,0.0
2004-03-29 00:00:00-05:00,0.1887147930912288,0.19658489354628705,0.18833339387655423,0.19406360387802124,985764000,0.0,0.0
2004-03-30 00:00:00-05:00,0.19276440050338794,0.2007866923213707,0.19261127798899602,0.19986985623836517,724956000,0.0,0.0
2004-03-31 00:00:00-05:00,0.20086286837389597,0.20384258340456815,0.19979383836328146,0.20170360803604126,604752000,0.0,0.0
2004-04-01 00:00:00-05:00,0.20193274878112616,0.2060585046255046,0.1930697169845835,0.19811230897903442,1319508000,0.0,0.0
2004-04-02 00:00:00-05:00,0.20246730384376466,0.20376645469388213,0.19635568117439517,0.2009398490190506,649740000,0.0,0.0
2004-04-05 00:00:00-04:00,0.19986989151043855,0.20896214353037545,0.19986989151043855,0.2081214040517807,576744000,0.0,0.0
2004-04-06 00:00:00-04:00,0.20399570251225477,0.20544706086601242,0.19864780615002595,0.19971683621406555,624096000,0.0,0.0
2004-04-07 00:00:00-04:00,0.2012451824452314,0.2013212792226853,0.19513264390222596,0.19864778220653534,447864000,0.0,0.0
2004-04-08 00:00:00-04:00,0.20307890512494006,0.20628782662963385,0.2015505480048235,0.20430104434490204,447096000,0.0,0.0
2004-04-12 00:00:00-04:00,0.2059053908988489,0.2068222270272681,0.19925834604517897,0.20048139989376068,443784000,0.0,0.0
2004-04-13 00:00:00-04:00,0.2023152007028289,0.20246739431263303,0.19482741171950577,0.19582033157348633,442704000,0.0,0.0
2004-04-14 00:00:00-04:00,0.19482730868488296,0.20048142125605795,0.19261130805331117,0.19681409001350403,512016000,0.0,0.0
2004-04-15 00:00:00-04:00,0.19413969403103712,0.19498043356148315,0.1856589753209334,0.1864997148513794,828084000,0.0,0.0
2004-04-16 00:00:00-04:00,0.18573507949423,0.1858120916153565,0.1800048694597974,0.18038718402385712,654864000,0.0,0.0
2004-04-19 00:00:00-04:00,0.1802340264122567,0.18145708020968315,0.176949010174586,0.18015792965888977,522804000,0.0,0.0
2004-04-20 00:00:00-04:00,0.18061639088214157,0.18260317246606358,0.17244097422314364,0.17251800000667572,513804000,0.0,0.0
2004-04-21 00:00:00-04:00,0.173205561256949,0.17878266063756884,0.17144799957125612,0.1727471500635147,688812000,0.0,0.0
2004-04-22 00:00:00-04:00,0.171142762941251,0.17664378178528053,0.1675515274923648,0.17374016344547272,695520000,0.0,0.0
2004-04-23 00:00:00-04:00,0.17587908772807734,0.1805402672130778,0.17534456603035486,0.17756055295467377,443928000,0.0,0.0
2004-04-26 00:00:00-04:00,0.17794191282196306,0.17870654161365174,0.17014881420975955,0.17060723900794983,429912000,0.0,0.0
2004-04-27 00:00:00-04:00,0.17259412539209695,0.1771782942097471,0.16854446477850274,0.16915598511695862,494568000,0.0,0.0
2004-04-28 00:00:00-04:00,0.16923206999130574,0.17183038572203135,0.16716919143619463,0.16846835613250732,468768000,0.0,0.0
2004-04-29 00:00:00-04:00,0.16747539283822732,0.16862143475611968,0.16159206070369547,0.16380804777145386,645048000,0.0,0.0
2004-04-30 00:00:00-04:00,0.1628912312117316,0.16388415062140238,0.15616715932899503,0.15677869319915771,512928000,0.0,0.0
2004-05-03 00:00:00-04:00,0.1584592226388194,0.16006368937185533,0.15204138303046777,0.15479189157485962,610668000,0.0,0.0
2004-05-04 00:00:00-04:00,0.15700789807984303,0.16663465869677238,0.15662558353318018,0.1646478772163391,772380000,0.0,0.0
2004-05-05 00:00:00-04:00,0.16480095200939185,0.1674753635741276,0.16342570468060671,0.16602309048175812,464280000,0.0,0.0
2004-05-06 00:00:00-04:00,0.16434256707876857,0.16869752903487809,0.16082834460892026,0.1673983782529831,711348000,0.0,0.0
2004-05-07 00:00:00-04:00,0.17228875550524586,0.17549767540925806,0.1677806848805188,0.1686975210905075,956772000,0.0,0.0
2004-05-10 00:00:00-04:00,0.16418949425061485,0.16594705671406954,0.1585362819564862,0.16212661564350128,669072000,0.0,0.0
2004-05-11 00:00:00-04:00,0.16418945974791405,0.167704597598054,0.16350182913607456,0.1661001443862915,399936000,0.0,0.0
2004-05-12 00:00:00-04:00,0.16518330900244255,0.16541251465364157,0.15807783818199198,0.16380804777145386,482328000,0.0,0.0
2004-05-13 00:00:00-04:00,0.1624328127765481,0.16732229690774317,0.16197440143866373,0.16434258222579956,347952000,0.0,0.0
2004-05-14 00:00:00-04:00,0.1650302128945245,0.16793381714065259,0.16350184266204956,0.16434258222579956,459000000,0.0,0.0
2004-05-17 00:00:00-04:00,0.1619743950410481,0.16411337007475713,0.15929998290759695,0.16174517571926117,308340000,0.0,0.0
2004-05-18 00:00:00-04:00,0.16319654021919022,0.16625235167505098,0.16258500632438241,0.16434258222579956,204420000,0.0,0.0
2004-05-19 00:00:00-04:00,0.16800990800405846,0.17037810236978065,0.1631204377067711,0.16396024823188782,498276000,0.0,0.0
2004-05-20 00:00:00-04:00,0.16365498981803564,0.16640549947407976,0.16075137123117111,0.16159211099147797,421488000,0.0,0.0
2004-05-21 00:00:00-04:00,0.16350176628597746,0.16373097184785157,0.1597583395719454,0.16197432577610016,282096000,0.0,0.0
2004-05-24 00:00:00-04:00,0.16166814759275946,0.16327261437690396,0.15952917277085246,0.1614389419555664,301620000,0.0,0.0
2004-05-25 00:00:00-04:00,0.16212661155650063,0.16923206999130574,0.15884159409595547,0.16846835613250732,681264000,0.0,0.0
2004-05-26 00:00:00-04:00,0.16846835970938656,0.17419857044974663,0.16747542647523872,0.1719064861536026,524568000,0.0,0.0
2004-05-27 00:00:00-04:00,0.17473302831989143,0.17733132949264913,0.17221172558765863,0.17244093120098114,556548000,0.0,0.0
2004-05-28 00:00:00-04:00,0.1745809257878992,0.18015802847894732,0.17320566406748736,0.1791650950908661,637980000,0.0,0.0
2004-06-01 00:00:00-04:00,0.17610836695102378,0.18084564517858864,0.17587916121888789,0.1790119856595993,318420000,0.0,0.0
2004-06-02 00:00:00-04:00,0.18336689155902325,0.18420763109020521,0.17748355919695794,0.17763666808605194,643800000,0.0,0.0
2004-06-03 00:00:00-04:00,0.1777127204848974,0.1780950486004912,0.1685443870763712,0.16907981038093567,700824000,0.0,0.0
2004-06-04 00:00:00-04:00,0.1725179829284503,0.17289938211007422,0.1672461847191761,0.1673983782529831,649608000,0.0,0.0
2004-06-07 00:00:00-04:00,0.17014887259032546,0.1733577926311154,0.16800989767883298,0.17144803702831268,571956000,0.0,0.0
2004-06-08 00:00:00-04:00,0.1704551042477417,0.170760406661519,0.16587092299607945,0.16839222609996796,615000000,0.0,0.0
2004-06-09 00:00:00-04:00,0.16938513349548087,0.16961433910791968,0.15998758042843464,0.16052208840847015,498336000,0.0,0.0
2004-06-10 00:00:00-04:00,0.1631204493443788,0.16342575179827915,0.15746632221887447,0.15891768038272858,564516000,0.0,0.0
2004-06-14 00:00:00-04:00,0.15807783327216282,0.15807783327216282,0.15272902303608443,0.15395207703113556,424752000,0.0,0.0
2004-06-15 00:00:00-04:00,0.15654950467300302,0.15861236949801674,0.1547919286500593,0.1562441885471344,394584000,0.0,0.0
2004-06-16 00:00:00-04:00,0.15578579422854286,0.15677872751746097,0.15318747829932708,0.15379901230335236,252576000,0.0,0.0
2004-06-17 00:00:00-04:00,0.15280603478715496,0.15654947649682457,0.1499785139664428,0.15074315667152405,482376000,0.0,0.0
2004-06-18 00:00:00-04:00,0.15158299979062592,0.15517423475746892,0.14898559963504723,0.150972381234169,534336000,0.0,0.0
2004-06-21 00:00:00-04:00,0.15120156794907375,0.1535697482595975,0.1473050177136697,0.14829795062541962,266568000,0.0,0.0
2004-06-22 00:00:00-04:00,0.14913874021124088,0.1531874716645171,0.14814489161801378,0.15249985456466675,430308000,0.0,0.0
2004-06-23 00:00:00-04:00,0.15204147177786134,0.1557088186443665,0.1516600724034398,0.15509819984436035,264660000,0.0,0.0
2004-06-24 00:00:00-04:00,0.15922387099329227,0.15975839269504274,0.15257682551730573,0.1537228673696518,590652000,0.0,0.0
2004-06-25 00:00:00-04:00,0.15479187319539836,0.15654944858868536,0.15295820105019448,0.15471577644348145,329124000,0.0,0.0
2004-06-28 00:00:00-04:00,0.1569318318771265,0.15746634006884852,0.15280607457168413,0.1534166932106018,299376000,0.0,0.0
2004-06-29 00:00:00-04:00,0.15433349465369953,0.15891767639272125,0.15372288976122955,0.1586884707212448,363852000,0.0,0.0
2004-06-30 00:00:00-04:00,0.15448658884627564,0.15884155045228654,0.15448658884627564,0.15639634430408478,329268000,0.0,0.0
2004-07-01 00:00:00-04:00,0.15815388641785158,0.15838309199871503,0.14898554022627572,0.1492147594690323,505620000,0.0,0.0
2004-07-02 00:00:00-04:00,0.15081932474109305,0.15089542154255267,0.14600594930355992,0.14715199172496796,294948000,0.0,0.0
2004-07-06 00:00:00-04:00,0.14539434498555034,0.14692270137135263,0.13691362696479875,0.1385180801153183,575388000,0.0,0.0
2004-07-07 00:00:00-04:00,0.14027562415941655,0.14317924106137525,0.1385180488669778,0.1392056792974472,344136000,0.0,0.0
2004-07-08 00:00:00-04:00,0.13790750939559326,0.14019959369833215,0.13469858863937878,0.13492779433727264,430056000,0.0,0.0
2004-07-09 00:00:00-04:00,0.13477467190656575,0.1349277808055754,0.12659925509061465,0.12912055850028992,1114500000,0.0,0.0
2004-07-12 00:00:00-04:00,0.1255301847319095,0.12912051689811496,0.12446023981610484,0.1261408030986786,676044000,0.0,0.0
2004-07-13 00:00:00-04:00,0.12766920042698102,0.12988518772526902,0.12453637676662098,0.1259116381406784,567108000,0.0,0.0
2004-07-14 00:00:00-04:00,0.12148057047317762,0.12484261361560368,0.11788933530771378,0.12033452838659286,901608000,0.0,0.0
2004-07-15 00:00:00-04:00,0.1215566379272731,0.1228557884601386,0.11873003294269721,0.1194937601685524,611352000,0.0,0.0
2004-07-16 00:00:00-04:00,0.12316112008133262,0.12331422896927817,0.11597955226898193,0.11597955226898193,464700000,0.0,0.0
2004-07-19 00:00:00-04:00,0.11628483948984498,0.11857692282803133,0.11468037295597794,0.11727868765592575,461088000,0.0,0.0
2004-07-20 00:00:00-04:00,0.11720170020348165,0.12010531820543541,0.11605565815979973,0.11964690685272217,341544000,0.0,0.0
2004-07-21 00:00:00-04:00,0.12148057545465166,0.12163369802853957,0.11200692907837988,0.11238833516836166,613416000,0.0,0.0
2004-07-22 00:00:00-04:00,0.1136874660207388,0.11536802968873625,0.11002012774610702,0.11475741118192673,521460000,0.0,0.0
2004-07-23 00:00:00-04:00,0.11552114550226601,0.11567425439624199,0.11093697067628909,0.11170069128274918,371496000,0.0,0.0
2004-07-26 00:00:00-04:00,0.11315294770621785,0.11414588072154337,0.10749883499521991,0.10856878012418747,503208000,0.0,0.0
2004-07-27 00:00:00-04:00,0.10910327697986223,0.1124653053440867,0.10574124178469035,0.11215908080339432,789888000,0.0,0.0
2004-07-28 00:00:00-04:00,0.1119299025802199,0.11231222396841498,0.10619968581696318,0.10933250933885574,505116000,0.0,0.0
2004-07-29 00:00:00-04:00,0.11086086744721181,0.1193415927722493,0.1103254371921183,0.11651407182216644,747360000,0.0,0.0
2004-07-30 00:00:00-04:00,0.1150627205652706,0.11995220466549876,0.11483351489778004,0.11781322956085205,403956000,0.0,0.0
2004-08-02 00:00:00-04:00,0.11788932354601007,0.11980000828516034,0.11590345738238772,0.11934159696102142,420984000,0.0,0.0
2004-08-03 00:00:00-04:00,0.11987610052176395,0.11995219729052052,0.11223612155757873,0.11315295100212097,741540000,0.0,0.0
2004-08-04 00:00:00-04:00,0.11192987073687273,0.11544501464692396,0.11177767723501214,0.11437506973743439,507816000,0.0,0.0
2004-08-05 00:00:00-04:00,0.11559721849019265,0.11613264183534677,0.10925639125767345,0.11124225705862045,859920000,0.0,0.0
2004-08-06 00:00:00-04:00,0.07724330006411172,0.07793092383344861,0.07105466564723407,0.07204759865999222,5088948000,0.0,0.0
2004-08-09 00:00:00-04:00,0.07388127927283955,0.07693800639023035,0.07265914036663412,0.07525653392076492,1579212000,0.0,0.0
2004-08-10 00:00:00-04:00,0.07945932331922502,0.08198062073119583,0.07816016512348216,0.08121597766876221,2051916000,0.0,0.0
2004-08-11 00:00:00-04:00,0.08014689407112034,0.08014689407112034,0.07831322879317004,0.0788477435708046,963816000,0.0,0.0
2004-08-12 00:00:00-04:00,0.0790769667975902,0.07930617244682571,0.07686097974881526,0.07701408863067627,654384000,0.0,0.0
2004-08-13 00:00:00-04:00,0.07884776142809832,0.08075752388897828,0.07816013081605497,0.08022300899028778,815700000,0.0,0.0
2004-08-16 00:00:00-04:00,0.07930619382385982,0.08144516933471044,0.07884778240182373,0.0794593095779419,531732000,0.0,0.0
2004-08-17 00:00:00-04:00,0.08121594730413931,0.08427267405410231,0.08045222670571052,0.08381425589323044,744912000,0.0,0.0
2004-08-18 00:00:00-04:00,0.08419567014083613,0.08939136564731598,0.08350803941703082,0.08939136564731598,872424000,0.0,0.0
2004-08-19 00:00:00-04:00,0.0888568649502378,0.09046132538885908,0.08771081592469378,0.08908607065677643,724404000,0.0,0.0
2004-08-20 00:00:00-04:00,0.0886276247044021,0.09565607607835358,0.08832140012891042,0.09435784071683884,1199040000,0.0,0.0
2004-08-23 00:00:00-04:00,0.09588528259189755,0.09741364567141904,0.09535076776176146,0.09642071276903152,800028000,0.0,0.0
2004-08-24 00:00:00-04:00,0.09779600101985475,0.09825441928366074,0.09099584434529907,0.09282951056957245,939420000,0.0,0.0
2004-08-25 00:00:00-04:00,0.09489236776187072,0.09748976099634092,0.09313479189601728,0.09680213034152985,721308000,0.0,0.0
2004-08-26 00:00:00-04:00,0.09664993397414434,0.09764286703663883,0.09588529805306367,0.09703134000301361,612720000,0.0,0.0
2004-08-27 00:00:00-04:00,0.09710836345344205,0.10024027189389342,0.0970313513271538,0.09886501729488373,565128000,0.0,0.0
2004-08-30 00:00:00-04:00,0.09848363774061172,0.09901815282617407,0.09550392226254835,0.09558001905679703,628056000,0.0,0.0
2004-08-31 00:00:00-04:00,0.09596232044621378,0.09642073864147192,0.09221796958955114,0.09519767761230469,587064000,0.0,0.0
2004-09-01 00:00:00-04:00,0.09397552869822971,0.098406587610574,0.0927533899781248,0.09703134000301361,591744000,0.0,0.0
2004-09-02 00:00:00-04:00,0.09748975330505749,0.10176861846448114,0.09657291705827428,0.10100489109754562,770088000,0.0,0.0
2004-09-03 00:00:00-04:00,0.09794814884662628,0.09993492293104363,0.09710832490693729,0.09794814884662628,715056000,0.0,0.0
2004-09-07 00:00:00-04:00,0.0985597161957601,0.10062259470735434,0.09481628059849767,0.09611451625823975,727332000,0.0,0.0
2004-09-08 00:00:00-04:00,0.09619152438225682,0.09703134863198114,0.09389944027852262,0.09412864595651627,834984000,0.0,0.0
2004-09-09 00:00:00-04:00,0.09642071203377976,0.10520673160460103,0.09596229396502398,0.10352617502212524,1299324000,0.0,0.0
2004-09-10 00:00:00-04:00,0.10176860884222647,0.10803333943563194,0.10146329962754966,0.10749882459640503,1039344000,0.0,0.0
2004-09-13 00:00:00-04:00,0.10734572441927574,0.11170068656291596,0.10719353087891506,0.10956171154975891,967752000,0.0,0.0
2004-09-14 00:00:00-04:00,0.10856880853589165,0.11078388079293384,0.10772806883363045,0.11002015322446823,683556000,0.0,0.0
2004-09-15 00:00:00-04:00,0.10665808683568061,0.10696431140208003,0.10253233088275016,0.10390758514404297,1163904000,0.0,0.0
2004-09-16 00:00:00-04:00,0.10566516693796808,0.10887408711261574,0.10528284556404925,0.10780414193868637,810024000,0.0,0.0
2004-09-17 00:00:00-04:00,0.1086448927848948,0.11284674645472975,0.10772805640198105,0.1122361347079277,1003800000,0.0,0.0
2004-09-20 00:00:00-04:00,0.11002013940113381,0.11529194513340224,0.10864489167180244,0.11208301782608032,794628000,0.0,0.0
2004-09-21 00:00:00-04:00,0.11460429489482629,0.11597954238964282,0.11322904056906148,0.11506270617246628,503904000,0.0,0.0
2004-09-22 00:00:00-04:00,0.11200691996280737,0.11475742222574183,0.10917940557650037,0.10971483588218689,625920000,0.0,0.0
2004-09-23 00:00:00-04:00,0.11101306975486541,0.11131929438012525,0.10780414935933325,0.11070776730775833,578664000,0.0,0.0
2004-09-24 00:00:00-04:00,0.11116616889386804,0.1113192777681752,0.10574125520680247,0.10734571516513824,476316000,0.0,0.0
2004-09-27 00:00:00-04:00,0.10650591268185164,0.10772805146670257,0.10352619798936454,0.10543596744537354,406020000,0.0,0.0
2004-09-28 00:00:00-04:00,0.10520673688782127,0.10788114184640589,0.10375539268231433,0.10696431249380112,474840000,0.0,0.0
2004-09-29 00:00:00-04:00,0.10688730627295327,0.1126175228555609,0.1055120586649347,0.10956171154975891,537228000,0.0,0.0
2004-09-30 00:00:00-04:00,0.11078386062628322,0.11345826598818654,0.10872098231766719,0.1109369695186615,619680000,0.0,0.0
2004-10-01 00:00:00-04:00,0.11147145193110373,0.11613263063820387,0.11093693715353424,0.11552111059427261,590412000,0.0,0.0
2004-10-04 00:00:00-04:00,0.11651408432696699,0.12033452507213897,0.11628487864834307,0.11880616843700409,673932000,0.0,0.0
2004-10-05 00:00:00-04:00,0.11590345604083227,0.11895926736969417,0.11506271651202322,0.11613266170024872,633180000,0.0,0.0
2004-10-06 00:00:00-04:00,0.115903457823076,0.11712559657160346,0.11322905248496437,0.11659108847379684,498504000,0.0,0.0
2004-10-07 00:00:00-04:00,0.11873003167796488,0.12140442946752455,0.11666715394121831,0.11727868765592575,798072000,0.0,0.0
2004-10-08 00:00:00-04:00,0.11605563318032205,0.11651405809626406,0.10986700611027195,0.11086085438728333,693420000,0.0,0.0
2004-10-11 00:00:00-04:00,0.11101308465003967,0.11322907221750267,0.109027224963738,0.11101308465003967,373848000,0.0,0.0
2004-10-12 00:00:00-04:00,0.10726964172580426,0.11024935665244595,0.10551207251100243,0.10940861701965332,827232000,0.0,0.0
2004-10-13 00:00:00-04:00,0.11269453676236132,0.11414588799455505,0.10780414427741805,0.10872098058462143,672816000,0.0,0.0
2004-10-14 00:00:00-04:00,0.10971483304409198,0.10971483304409198,0.10467224000002906,0.10543596744537354,513264000,0.0,0.0
2004-10-15 00:00:00-04:00,0.10566518847138882,0.10581830422015708,0.09993497075434775,0.10253236442804337,1280484000,0.0,0.0
2004-10-18 00:00:00-04:00,0.10192172775796554,0.10543595704856425,0.10108099510509268,0.1043660119175911,573972000,0.0,0.0
2004-10-19 00:00:00-04:00,0.10673510949331988,0.10780413929388183,0.10291466238212811,0.1036783829331398,618480000,0.0,0.0
2004-10-20 00:00:00-04:00,0.1033730845523995,0.1053598660425054,0.10276155751324273,0.10490144789218903,540204000,0.0,0.0
2004-10-21 00:00:00-04:00,0.10597047897175746,0.10864488430308823,0.10513065477931652,0.10726962983608246,1013964000,0.0,0.0
2004-10-22 00:00:00-04:00,0.10826255657640219,0.10849176222533358,0.10115709265719741,0.10146331042051315,686460000,0.0,0.0
2004-10-25 00:00:00-04:00,0.10062259365127005,0.10413681669316639,0.1003933811351932,0.10192174464464188,529164000,0.0,0.0
2004-10-26 00:00:00-04:00,0.11192990610528869,0.11605565602029484,0.10826256753454488,0.11070776730775833,2455776000,0.0,0.0
2004-10-27 00:00:00-04:00,0.10872095609149475,0.11582641879419915,0.10872095609149475,0.11376354098320007,1074036000,0.0,0.0
2004-10-28 00:00:00-04:00,0.11223613469116717,0.11460431559482097,0.11147149186371279,0.11254143714904785,561552000,0.0,0.0
2004-10-29 00:00:00-04:00,0.11147147174202875,0.11299983494286782,0.10956170254354576,0.11055463552474976,742860000,0.0,0.0
2004-11-01 00:00:00-05:00,0.11208299446863425,0.11299983065109144,0.11063165026486163,0.11292373389005661,653892000,0.0,0.0
2004-11-02 00:00:00-05:00,0.11261751691855501,0.11689638206644032,0.11170068067424413,0.11452820152044296,1095756000,0.0,0.0
2004-11-03 00:00:00-05:00,0.11918846778378814,0.11957079597693852,0.114986614680864,0.11559723317623138,910356000,0.0,0.0
2004-11-04 00:00:00-05:00,0.11643798584374036,0.11918848127072397,0.11399278603708941,0.11773713678121567,995544000,0.0,0.0
2004-11-05 00:00:00-05:00,0.13599680879993206,0.14340849804878358,0.13324631341605883,0.13477467000484467,3849012000,0.0,0.0
2004-11-08 00:00:00-05:00,0.13332333897783585,0.13805970108599006,0.13271180501409596,0.13622602820396423,718620000,0.0,0.0
2004-11-09 00:00:00-05:00,0.13416311623485142,0.1373720361487678,0.13408701947129661,0.13538618385791779,615936000,0.0,0.0
2004-11-10 00:00:00-05:00,0.13523306132184557,0.13668441923557634,0.1346215411722089,0.13538618385791779,645912000,0.0,0.0
2004-11-11 00:00:00-05:00,0.13622598844549452,0.13805966079235077,0.1353091522720664,0.13805966079235077,507000000,0.0,0.0
2004-11-12 00:00:00-05:00,0.14019958517782338,0.14058098441959638,0.1369136524904731,0.13828890025615692,647076000,0.0,0.0
2004-11-15 00:00:00-05:00,0.13691360261223126,0.1413455757667135,0.13607377864658246,0.14035172760486603,536472000,0.0,0.0
2004-11-16 00:00:00-05:00,0.1408101142947747,0.14233846999440158,0.13729587984175481,0.1398932784795761,472728000,0.0,0.0
2004-11-17 00:00:00-05:00,0.14210934990143614,0.14600590104341676,0.14073410218269544,0.14226245880126953,602772000,0.0,0.0
2004-11-18 00:00:00-05:00,0.14348460215977898,0.14531827495071334,0.14050488728998548,0.14409613609313965,532524000,0.0,0.0
2004-11-19 00:00:00-05:00,0.15509813140633188,0.15685479191150736,0.14371379477014012,0.14485985040664673,2126052000,0.0,0.0
2004-11-22 00:00:00-05:00,0.14539433058375134,0.14898556470870972,0.14401908321068652,0.14898556470870972,733788000,0.0,0.0
2004-11-23 00:00:00-05:00,0.14776348012633522,0.1512016203066608,0.14654042582125062,0.1495971530675888,676896000,0.0,0.0
2004-11-24 00:00:00-05:00,0.1494440156409661,0.15265293584504488,0.14906168743259188,0.1502077430486679,428580000,0.0,0.0
2004-11-26 00:00:00-05:00,0.1508953708631588,0.15311135816025853,0.1495971352748541,0.15173611044883728,350760000,0.0,0.0
2004-11-29 00:00:00-05:00,0.15288218728840805,0.15395213279257614,0.14745727832176558,0.14875642955303192,704388000,0.0,0.0
2004-11-30 00:00:00-05:00,0.14936788287257152,0.1495200763767641,0.1453182241191822,0.14615896344184875,576540000,0.0,0.0
2004-12-01 00:00:00-05:00,0.14745722219195442,0.149826318025589,0.1463881924421371,0.149826318025589,514572000,0.0,0.0
2004-12-02 00:00:00-05:00,0.1483740408002476,0.15295820770067836,0.14722799907513992,0.15181216597557068,758652000,0.0,0.0
2004-12-03 00:00:00-05:00,0.1554795281474679,0.16044602418235285,0.1549450200590655,0.15838314592838287,1347312000,0.0,0.0
2004-12-06 00:00:00-05:00,0.15914687971449826,0.16724619951374067,0.15632027393805967,0.16594703495502472,970500000,0.0,0.0
2004-12-07 00:00:00-05:00,0.1756498859121235,0.19070156757548853,0.17221176003879995,0.17427463829517365,2927052000,0.0,0.0
2004-12-08 00:00:00-05:00,0.17671988334389657,0.17954647596559314,0.1749623071336459,0.17633755505084991,872724000,0.0,0.0
2004-12-09 00:00:00-05:00,0.17320566193100043,0.17656677672421328,0.1698436317903532,0.17473311722278595,869964000,0.0,0.0
2004-12-10 00:00:00-05:00,0.17878267444997242,0.18000482660170564,0.1770251126284937,0.17809505760669708,652848000,0.0,0.0
2004-12-13 00:00:00-05:00,0.17542071614320434,0.17771280052770308,0.17236490419235218,0.1732056438922882,738024000,0.0,0.0
2004-12-14 00:00:00-05:00,0.1733578015847187,0.17687295322941515,0.17305249915559415,0.17671984434127808,512988000,0.0,0.0
2004-12-15 00:00:00-05:00,0.1784774208721293,0.17885883376435543,0.17572692542330345,0.17832431197166443,432768000,0.0,0.0
2004-12-16 00:00:00-05:00,0.18352001516691122,0.18993785613480058,0.18038719146003906,0.18069249391555786,1524036000,0.0,0.0
2004-12-17 00:00:00-05:00,0.18405454081684336,0.18481826836383553,0.17412247596428307,0.17618535459041595,1214244000,0.0,0.0
2004-12-20 00:00:00-05:00,0.17824820126657193,0.18099871016236943,0.17335780199657447,0.17427463829517365,898728000,0.0,0.0
2004-12-21 00:00:00-05:00,0.17427463034568316,0.17679593346729675,0.16999668048672428,0.17557378113269806,899400000,0.0,0.0
2004-12-22 00:00:00-05:00,0.17908800744885775,0.1799287468922874,0.17542066262303216,0.17580299079418182,421824000,0.0,0.0
2004-12-23 00:00:00-05:00,0.17481005103063213,0.17824817642479712,0.17396931161987816,0.17626139521598816,366972000,0.0,0.0
2004-12-27 00:00:00-05:00,0.1787066677590864,0.17947039540497917,0.17381628064112128,0.17473311722278595,308208000,0.0,0.0
2004-12-28 00:00:00-05:00,0.17511536975865272,0.17649061731226942,0.1731285883644492,0.17381621897220612,291612000,0.0,0.0
2004-12-29 00:00:00-05:00,0.17328169335614724,0.17748354635174327,0.17282328206919761,0.1753445714712143,294732000,0.0,0.0
2004-12-30 00:00:00-05:00,0.17542064116362258,0.17687291423668364,0.17389320034568628,0.1746569275856018,259812000,0.0,0.0
2004-12-31 00:00:00-05:00,0.17717833255046384,0.180921762469319,0.1764907016142553,0.18000493943691254,575964000,0.0,0.0
2005-01-03 00:00:00-05:00,0.18627046626708615,0.18886785202172937,0.17939420242249537,0.18015792965888977,1066716000,0.0,0.0
2005-01-04 00:00:00-05:00,0.18145708442103933,0.18176238678853615,0.1689267085534235,0.17167721688747406,790224000,0.0,0.0
2005-01-05 00:00:00-05:00,0.16984361747742432,0.17534462284193386,0.1689267809730226,0.1732817441225052,724812000,0.0,0.0
2005-01-06 00:00:00-05:00,0.1763375075913592,0.17840038574291242,0.17037809244612537,0.17160114645957947,563568000,0.0,0.0
2005-01-07 00:00:00-05:00,0.1719825483018147,0.17328169910217842,0.16579391375139807,0.16831521689891815,763092000,0.0,0.0
2005-01-10 00:00:00-05:00,0.16885062996421063,0.17037808463678175,0.16770458811719888,0.1686975210905075,579552000,0.0,0.0
2005-01-11 00:00:00-05:00,0.16709301783631994,0.16800985384619171,0.16098049542470944,0.1635017842054367,1093380000,0.0,0.0
2005-01-12 00:00:00-05:00,0.16495412347597288,0.16556474210139055,0.1581539673438072,0.16212661564350128,1057800000,0.0,0.0
2005-01-13 00:00:00-05:00,0.16250889697038884,0.1680859976766781,0.15891766233353907,0.16380804777145386,898764000,0.0,0.0
2005-01-14 00:00:00-05:00,0.16686387190796043,0.16724620013382602,0.16273811521940745,0.16434258222579956,573912000,0.0,0.0
2005-01-18 00:00:00-05:00,0.1625089145630875,0.16732230206883536,0.1621265999873277,0.16693997383117676,464556000,0.0,0.0
2005-01-19 00:00:00-05:00,0.1677045708005414,0.16808596992482222,0.16243277338387835,0.16312040388584137,336492000,0.0,0.0
2005-01-20 00:00:00-05:00,0.1598344538278431,0.1674753459254922,0.1598344538278431,0.1635017842054367,640080000,0.0,0.0
2005-01-21 00:00:00-05:00,0.1637310356563076,0.16701696787393197,0.16319652758588318,0.16380804777145386,596352000,0.0,0.0
2005-01-24 00:00:00-05:00,0.16289123950309078,0.16525942031533097,0.156320276174739,0.15723711252212524,463704000,0.0,0.0
2005-01-25 00:00:00-05:00,0.157924720586822,0.16220358560312037,0.15700788437070637,0.15998759865760803,439704000,0.0,0.0
2005-01-26 00:00:00-05:00,0.16052213025796017,0.1642664877828701,0.1578486469900275,0.1620505005121231,429120000,0.0,0.0
2005-01-27 00:00:00-05:00,0.16235576185388156,0.17580297393847055,0.16136282897959925,0.17503924667835236,1002912000,0.0,0.0
2005-01-28 00:00:00-05:00,0.17572694801076377,0.17641456513040524,0.17098965665017263,0.17481011152267456,671052000,0.0,0.0
2005-01-31 00:00:00-05:00,0.17626140366270562,0.17840037849415596,0.17267016922928055,0.17511536180973053,562968000,0.0,0.0
2005-02-01 00:00:00-05:00,0.174962256765369,0.17916502510362559,0.17389322699977547,0.17840038239955902,507180000,0.0,0.0
2005-02-02 00:00:00-05:00,0.18542977427794824,0.1897847365713624,0.18015797566035766,0.1883333921432495,2035404000,0.0,0.0
2005-02-03 00:00:00-05:00,0.18634659051895142,0.1876457412614558,0.18374919071912454,0.18634659051895142,690120000,0.0,0.0
2005-02-04 00:00:00-05:00,0.1864227335330707,0.19757785255740812,0.18634663674959565,0.19704334437847137,806448000,0.0,0.0
2005-02-07 00:00:00-05:00,0.1972725242111076,0.2009398558796647,0.19291756187761558,0.19467420876026154,521628000,0.0,0.0
2005-02-08 00:00:00-05:00,0.19345202767519834,0.19971675807721193,0.19284050757940932,0.19658485054969788,455772000,0.0,0.0
2005-02-09 00:00:00-05:00,0.19711942421935214,0.1977309444765089,0.18871480161397003,0.1897086501121521,783756000,0.0,0.0
2005-02-10 00:00:00-05:00,0.19070150485979914,0.1951325623451618,0.19001387444651519,0.19413962960243225,602376000,0.0,0.0
2005-02-11 00:00:00-05:00,0.19291757793968964,0.20124518873816005,0.19222994721750342,0.19979383051395416,556512000,0.0,0.0
2005-02-14 00:00:00-05:00,0.19971677368984012,0.20048141636799313,0.19482730393467465,0.1955910176038742,432900000,0.0,0.0
2005-02-15 00:00:00-05:00,0.19689019825785287,0.20361334097645004,0.19658488217244252,0.19734860956668854,748500000,0.0,0.0
2005-02-16 00:00:00-05:00,0.19673707735196713,0.19956459833049078,0.19314675798186384,0.19666098058223724,466464000,0.0,0.0
2005-02-17 00:00:00-05:00,0.19933542313608216,0.19941151991744097,0.1933759931894107,0.1949034482240677,1017408000,0.0,0.0
2005-02-18 00:00:00-05:00,0.2098789372133309,0.2162197638658854,0.20407170316313314,0.2159905582666397,3132120000,0.0,0.0
2005-02-22 00:00:00-05:00,0.21453928006783074,0.2237837271698808,0.212629510491868,0.21874113380908966,1420800000,0.0,0.0
2005-02-23 00:00:00-05:00,0.21522685234064984,0.21790125036908795,0.20812138242809297,0.21163560450077057,1107840000,0.0,0.0
2005-02-24 00:00:00-05:00,0.20873295643883644,0.21751897781882776,0.20873295643883644,0.2172136753797531,695496000,0.0,0.0
2005-02-25 00:00:00-05:00,0.2175189513283512,0.2214915985888245,0.21515077085898068,0.22034555673599243,525132000,0.0,0.0
2005-02-28 00:00:00-05:00,0.21927650387969283,0.22156858734374524,0.2173658195410365,0.22149157524108887,758064000,0.0,0.0
2005-03-01 00:00:00-05:00,0.22248545557713312,0.2261527869166108,0.21874109846198542,0.22095708549022675,737148000,0.0,0.0
2005-03-02 00:00:00-05:00,0.21851190382782898,0.21973495790069894,0.21316400859857337,0.21446315944194794,947460000,0.0,0.0
2005-03-03 00:00:00-05:00,0.2139277735346269,0.215303021389755,0.2084267547903143,0.21155957877635956,761292000,0.0,0.0
2005-03-04 00:00:00-05:00,0.21217103674844728,0.21400470900637164,0.20888510502445015,0.21064268052577972,593124000,0.0,0.0
2005-03-07 00:00:00-05:00,0.21155957350318583,0.21721370102158558,0.21010822890037917,0.21278171241283417,511176000,0.0,0.0
2005-03-08 00:00:00-05:00,0.21224715182360115,0.21270556309669902,0.20063361084190717,0.20200885832309723,1332384000,0.0,0.0
2005-03-09 00:00:00-05:00,0.2007106286022935,0.20445407030320556,0.19612646109468113,0.19673706591129303,910140000,0.0,0.0
2005-03-10 00:00:00-05:00,0.197348611213125,0.1991061870178307,0.19352815717765365,0.19666098058223724,689280000,0.0,0.0
2005-03-11 00:00:00-05:00,0.19841854605503675,0.19872384846519922,0.19047233597180344,0.19222991168498993,732180000,0.0,0.0
2005-03-14 00:00:00-05:00,0.19620257504605193,0.19849465900062974,0.19482732740568487,0.19765391945838928,572148000,0.0,0.0
2005-03-15 00:00:00-05:00,0.198647767232121,0.20055753662617126,0.19352816223277322,0.1936812847852707,378108000,0.0,0.0
2005-03-16 00:00:00-05:00,0.19291755250190945,0.19597336379241656,0.1903192371773403,0.190396249294281,535356000,0.0,0.0
2005-03-17 00:00:00-05:00,0.1910069276427043,0.19169455848962444,0.18802721218858634,0.18848563730716705,442584000,0.0,0.0
2005-03-18 00:00:00-05:00,0.18863868509479348,0.18925020528795075,0.18122791176317815,0.18466603755950928,639012000,0.0,0.0
2005-03-21 00:00:00-05:00,0.1845890718819997,0.19146532520457757,0.18344302966157006,0.19100691378116608,654456000,0.0,0.0
2005-03-22 00:00:00-05:00,0.19115995853477397,0.1929175341741111,0.18688109358923677,0.18756872415542603,622992000,0.0,0.0
2005-03-23 00:00:00-05:00,0.18733948886034252,0.19291750363065882,0.1869580760989286,0.19161835312843323,728784000,0.0,0.0
2005-03-24 00:00:00-05:00,0.19215288063888386,0.19734858149174248,0.19184757825880352,0.19200068712234497,865356000,0.0,0.0
2005-03-28 00:00:00-05:00,0.19207683798036448,0.19482734720248138,0.18802717775784145,0.18986085057258606,511188000,0.0,0.0
2005-03-29 00:00:00-05:00,0.189631669755703,0.1917715606644175,0.18481828140121534,0.1856590211391449,587400000,0.0,0.0
2005-03-30 00:00:00-05:00,0.18573511792882733,0.18833343393229843,0.17931727589744462,0.1856590211391449,858708000,0.0,0.0
2005-03-31 00:00:00-05:00,0.1845890590459324,0.1858882100996119,0.18069250757029184,0.18153324723243713,518316000,0.0,0.0
2005-04-01 00:00:00-05:00,0.1837491576028471,0.1848181871647392,0.17870656610308594,0.17977559566497803,510756000,0.0,0.0
2005-04-04 00:00:00-04:00,0.17878266821293284,0.17931718984084816,0.17473302306468927,0.1787065714597702,421428000,0.0,0.0
2005-04-05 00:00:00-04:00,0.17878270120047224,0.18252614299478734,0.17450383599440336,0.17557378113269806,430128000,0.0,0.0
2005-04-06 00:00:00-04:00,0.17885886020334354,0.18183856176971575,0.17763670753683755,0.17824824154376984,567468000,0.0,0.0
2005-04-07 00:00:00-04:00,0.17916506616814312,0.18336692012237385,0.17610833900734998,0.18153324723243713,506352000,0.0,0.0
2005-04-08 00:00:00-04:00,0.18229700419277028,0.18634666523509397,0.17878276675853552,0.1791650950908661,621540000,0.0,0.0
2005-04-11 00:00:00-04:00,0.18046328369992512,0.18107481760471525,0.1751153881435497,0.17564989626407623,328380000,0.0,0.0
2005-04-12 00:00:00-04:00,0.17511545364124648,0.17809516948631984,0.1712189011006195,0.1777898669242859,512232000,0.0,0.0
2005-04-13 00:00:00-04:00,0.17801902961830057,0.1784774410242317,0.16923207781596578,0.17037813365459442,498408000,0.0,0.0
2005-04-14 00:00:00-04:00,0.1707603916606449,0.1723648447113567,0.16839221130713258,0.16900281608104706,352080000,0.0,0.0
2005-04-15 00:00:00-04:00,0.1668638314406848,0.16808596992482222,0.16159203402402175,0.16312040388584137,630156000,0.0,0.0
2005-04-18 00:00:00-04:00,0.1621265192528408,0.1656416557517619,0.16120968334345237,0.16197432577610016,473100000,0.0,0.0
2005-04-19 00:00:00-04:00,0.1646478295269663,0.16885059692909138,0.1638841023401017,0.16762754321098328,365460000,0.0,0.0
2005-04-20 00:00:00-04:00,0.170455084382872,0.1715241140419564,0.16235576626901,0.16250887513160706,564672000,0.0,0.0
2005-04-21 00:00:00-04:00,0.16579388519491955,0.1721356275361191,0.16434254110856594,0.17152410745620728,538152000,0.0,0.0
2005-04-22 00:00:00-04:00,0.17045512165386772,0.1716011636683378,0.1679338182925148,0.1699196845293045,336276000,0.0,0.0
2005-04-25 00:00:00-04:00,0.17137187264967652,0.17389316109345643,0.17053113349887228,0.17259401082992554,318168000,0.0,0.0
2005-04-26 00:00:00-04:00,0.17267018027878064,0.1762614149420158,0.16831521822641354,0.17183035612106323,353148000,0.0,0.0
2005-04-27 00:00:00-04:00,0.16732229924482445,0.1679338194862753,0.16182128114198588,0.16525942087173462,609348000,0.0,0.0
2005-04-28 00:00:00-04:00,0.16472489564568138,0.16800991274766847,0.16312044231233128,0.16579392552375793,372948000,0.0,0.0
2005-04-29 00:00:00-04:00,0.16739837880283356,0.16869752958899586,0.15983449676675118,0.16755148768424988,478356000,0.0,0.0
2005-05-02 00:00:00-04:00,0.1695382893764895,0.17144805888464817,0.16441868407124619,0.16693997383117676,334908000,0.0,0.0
2005-05-03 00:00:00-04:00,0.16709303544466542,0.1701488461300085,0.165335473648313,0.16602309048175812,439512000,0.0,0.0
2005-05-04 00:00:00-04:00,0.16678772825505772,0.17251795033941067,0.16625230494655674,0.17129488289356232,468816000,0.0,0.0
2005-05-05 00:00:00-04:00,0.17228873376518974,0.17679590213601812,0.1713719113327857,0.1746569275856018,619272000,0.0,0.0
2005-05-06 00:00:00-04:00,0.17671982204005962,0.1771021365385812,0.17267016281865594,0.17702512443065643,355728000,0.0,0.0
2005-05-09 00:00:00-04:00,0.17778977946640037,0.18153320754887525,0.17671983434238037,0.18031106889247894,745332000,0.0,0.0
2005-05-10 00:00:00-04:00,0.17801903556738308,0.17809513235513907,0.1712949621908325,0.1732817441225052,735120000,0.0,0.0
2005-05-11 00:00:00-04:00,0.1741985748054973,0.17496230236150737,0.17007281750451547,0.17037813365459442,555420000,0.0,0.0
2005-05-12 00:00:00-04:00,0.17037813807537924,0.17641456695115224,0.17022593083910356,0.17412248253822327,835584000,0.0,0.0
2005-05-13 00:00:00-04:00,0.18986082890380476,0.19459810564476795,0.18183852150130614,0.1935281604528427,2650320000,0.0,0.0
2005-05-16 00:00:00-04:00,0.1912360748943218,0.19551494027833707,0.19115997812395372,0.194215789437294,664104000,0.0,0.0
2005-05-17 00:00:00-04:00,0.19306973852428722,0.19727250694289525,0.192917544990614,0.1963556706905365,639804000,0.0,0.0
2005-05-18 00:00:00-04:00,0.1958972583886515,0.19826543894326712,0.19383438024691904,0.19780701398849487,550056000,0.0,0.0
2005-05-19 00:00:00-04:00,0.19826543435750035,0.19910617381925638,0.19520962327235408,0.19742469489574432,452880000,0.0,0.0
2005-05-20 00:00:00-04:00,0.1971955053576518,0.2010159457899502,0.1949034214353241,0.2009398490190506,517008000,0.0,0.0
2005-05-23 00:00:00-04:00,0.20231512524182446,0.20766302089374958,0.2017035913261082,0.20560014247894287,703668000,0.0,0.0
2005-05-24 00:00:00-04:00,0.20460727504834603,0.20926754150480148,0.20361342623639078,0.2085038274526596,522192000,0.0,0.0
2005-05-25 00:00:00-04:00,0.2080453394983931,0.20911436944114054,0.20384257046367618,0.20582935214042664,535272000,0.0,0.0
2005-05-26 00:00:00-04:00,0.20766297118426794,0.2132400711779493,0.20728064303685054,0.21163560450077057,788784000,0.0,0.0
2005-05-27 00:00:00-04:00,0.21224721784642558,0.21224721784642558,0.2080453636707439,0.21026043593883514,322740000,0.0,0.0
2005-05-31 00:00:00-04:00,0.20934350959071493,0.21110108503606842,0.20361330104456876,0.20705142617225647,763176000,0.0,0.0
2005-06-01 00:00:00-04:00,0.20567622501187843,0.21278168247134335,0.2032319475365273,0.20896215736865997,796632000,0.0,0.0
2005-06-02 00:00:00-04:00,0.20819755339750784,0.21675528585910797,0.20819755339750784,0.21675528585910797,684348000,0.0,0.0
2005-06-03 00:00:00-04:00,0.21599063675139704,0.2179774047776588,0.21392775828480692,0.21621984243392944,559620000,0.0,0.0
2005-06-06 00:00:00-04:00,0.21232326799561074,0.21652603659548375,0.21217107445537342,0.21415694057941437,512892000,0.0,0.0
2005-06-07 00:00:00-04:00,0.21270558570009432,0.21621982203252085,0.2081975146056372,0.20896215736865997,974136000,0.0,0.0
2005-06-08 00:00:00-04:00,0.20949667301025596,0.21240029092109758,0.20529483320561043,0.20750990509986877,618720000,0.0,0.0
2005-06-09 00:00:00-04:00,0.20590545010097897,0.2162968545596036,0.20567624441844654,0.21621984243392944,619908000,0.0,0.0
2005-06-10 00:00:00-04:00,0.21599060087374072,0.21621980651820039,0.21232325591479884,0.21377551555633545,465096000,0.0,0.0
2005-06-13 00:00:00-04:00,0.2139277413119049,0.224548350610429,0.21331712277652873,0.2185119092464447,1409916000,0.0,0.0
2005-06-14 00:00:00-04:00,0.21858893322160064,0.22217925291201673,0.19872387654228751,0.20560014247894287,2408412000,0.0,0.0
2005-06-15 00:00:00-04:00,0.20430093846163275,0.20590540521338255,0.19689017948632453,0.20498856902122498,1669788000,0.0,0.0
2005-06-16 00:00:00-04:00,0.20491251971179394,0.20743380957767027,0.2019328048127314,0.2060585618019104,489240000,0.0,0.0
2005-06-17 00:00:00-04:00,0.20857985726276357,0.2089621718398022,0.20506562068696754,0.20560014247894287,456348000,0.0,0.0
2005-06-20 00:00:00-04:00,0.2056001389776083,0.2101082103074887,0.2022381096740037,0.2087329626083374,606060000,0.0,0.0
2005-06-21 00:00:00-04:00,0.21010813262135103,0.21171259906203518,0.2081213517514973,0.21071875095367432,428172000,0.0,0.0
2005-06-22 00:00:00-04:00,0.2129347772601106,0.21438612146946323,0.2078921850681566,0.21048957109451294,700668000,0.0,0.0
2005-06-23 00:00:00-04:00,0.21010818425929045,0.21637291539687112,0.20934354155113277,0.21377551555633545,836976000,0.0,0.0
2005-06-24 00:00:00-04:00,0.21339324168676005,0.21346933846704616,0.2058293583453178,0.20697540044784546,475632000,0.0,0.0
2005-06-27 00:00:00-04:00,0.2056762616609291,0.20735772736719185,0.20346118945178432,0.20529486238956451,354588000,0.0,0.0
2005-06-28 00:00:00-04:00,0.20613462659073062,0.20796829911510364,0.20384254276621297,0.20659305155277252,262308000,0.0,0.0
2005-06-29 00:00:00-04:00,0.20667007040339344,0.20705146960120105,0.20300272523512017,0.20468328893184662,283572000,0.0,0.0
2005-06-30 00:00:00-04:00,0.2060585237128965,0.20796829294829214,0.20254430131267373,0.20414875447750092,593232000,0.0,0.0
2005-07-01 00:00:00-04:00,0.2034611842934646,0.20537095396763527,0.20093988065246396,0.20506563782691956,315168000,0.0,0.0
2005-07-05 00:00:00-04:00,0.2058293060897722,0.20911432265552196,0.20384252485752882,0.2082744985818863,388440000,0.0,0.0
2005-07-06 00:00:00-04:00,0.20896211785031807,0.2147684233556272,0.20659302224709417,0.21385160088539124,703632000,0.0,0.0
2005-07-07 00:00:00-04:00,0.21048962028934326,0.21392776020579943,0.20980200323557147,0.21232329308986664,465900000,0.0,0.0
2005-07-08 00:00:00-04:00,0.21362238812171813,0.21568526606646032,0.21087189330332567,0.21499764919281006,408132000,0.0,0.0
2005-07-11 00:00:00-04:00,0.21690743486164077,0.2204225864739137,0.21599061223557423,0.21820659935474396,399492000,0.0,0.0
2005-07-12 00:00:00-04:00,0.21805349688351097,0.21866503080147398,0.21255249231111584,0.21698448061943054,564252000,0.0,0.0
2005-07-13 00:00:00-04:00,0.21790123607263795,0.21851185445490243,0.21362237164775646,0.21728971600532532,594780000,0.0,0.0
2005-07-14 00:00:00-04:00,0.21958182812650598,0.22386069311120615,0.20735766866678806,0.20766298472881317,1871496000,0.0,0.0
2005-07-15 00:00:00-04:00,0.20705148644287946,0.20766302035701514,0.20185669970464087,0.2054470330476761,1223352000,0.0,0.0
2005-07-18 00:00:00-04:00,0.2048364520922202,0.20491254888251512,0.19826550108120647,0.20032837986946106,1044900000,0.0,0.0
2005-07-19 00:00:00-04:00,0.20155047960120928,0.20353726121165325,0.20002303834700633,0.20307883620262146,517896000,0.0,0.0
2005-07-20 00:00:00-04:00,0.2007106547940397,0.20697538670927568,0.19796015939530498,0.2061346471309662,526500000,0.0,0.0
2005-07-21 00:00:00-04:00,0.203461156427272,0.2043779927473471,0.198418563497808,0.20262041687965393,594528000,0.0,0.0
2005-07-22 00:00:00-04:00,0.20361334097645004,0.20651695870047934,0.19589726520918901,0.19734860956668854,699264000,0.0,0.0
2005-07-25 00:00:00-04:00,0.19505657589092773,0.204607242022049,0.19421583616411367,0.19849470257759094,974952000,0.0,0.0
2005-07-26 00:00:00-04:00,0.19765392072264695,0.2029257193166552,0.19689020695655718,0.20262041687965393,759492000,0.0,0.0
2005-07-27 00:00:00-04:00,0.2029256631653214,0.20766295234693413,0.19948753816282308,0.20674611628055573,807828000,0.0,0.0
2005-07-28 00:00:00-04:00,0.20636383230584524,0.20934354674341626,0.20353724041263976,0.20835061371326447,411240000,0.0,0.0
2005-07-29 00:00:00-04:00,0.2075098434972135,0.20972583008081197,0.20506555299751952,0.20674611628055573,351660000,0.0,0.0
2005-08-01 00:00:00-04:00,0.20796828173282955,0.21079580239782875,0.20659303428544348,0.20987896621227264,389040000,0.0,0.0
2005-08-02 00:00:00-04:00,0.21010818133662523,0.2133931980648443,0.2098019635835433,0.2127055674791336,422652000,0.0,0.0
2005-08-03 00:00:00-04:00,0.2127055674791336,0.2146923488096386,0.21079581192233593,0.2127055674791336,518256000,0.0,0.0
2005-08-04 00:00:00-04:00,0.2111011048881462,0.21201794107412839,0.2100311598324699,0.21048957109451294,356424000,0.0,0.0
2005-08-05 00:00:00-04:00,0.21018430413401634,0.21629684241206876,0.20873295968000308,0.21583841741085052,684096000,0.0,0.0
2005-08-08 00:00:00-04:00,0.21728977730201485,0.22133943726241695,0.21507379003766985,0.2166021466255188,725544000,0.0,0.0
2005-08-09 00:00:00-04:00,0.2169074226329603,0.2174428596946376,0.21369850263694523,0.2160676121711731,291900000,0.0,0.0
2005-08-10 00:00:00-04:00,0.21698443284681998,0.21805344887553935,0.2106426900750776,0.2128586769104004,440556000,0.0,0.0
2005-08-11 00:00:00-04:00,0.21285871638147497,0.2162198302907197,0.210795838030739,0.21583841741085052,701556000,0.0,0.0
2005-08-12 00:00:00-04:00,0.22852096833175084,0.2308130521352228,0.2207278806675667,0.22882628440856934,2295420000,0.0,0.0
2005-08-15 00:00:00-04:00,0.2295908994260935,0.23700168576999237,0.22668729562323928,0.23463350534439087,882804000,0.0,0.0
2005-08-16 00:00:00-04:00,0.23241753747747781,0.23448040201387269,0.22897939803905906,0.23065996170043945,637488000,0.0,0.0
2005-08-17 00:00:00-04:00,0.2296670149972249,0.23348748263445293,0.22951391977493235,0.23065996170043945,607572000,0.0,0.0
2005-08-18 00:00:00-04:00,0.22890329377769347,0.23004932200378952,0.2237075923942079,0.22470052540302277,822732000,0.0,0.0
2005-08-19 00:00:00-04:00,0.22508288423191664,0.22577051496482195,0.2224084854051143,0.22309610247612,422232000,0.0,0.0
2005-08-22 00:00:00-04:00,0.22271462375434795,0.22630494237601126,0.2186649649067409,0.2212623506784439,547224000,0.0,0.0
2005-08-23 00:00:00-04:00,0.2210332279404833,0.22386074938968506,0.22026951407463308,0.22271470725536346,254460000,0.0,0.0
2005-08-24 00:00:00-04:00,0.22126236651154152,0.22760410922223773,0.2201933504931126,0.22286683320999146,514620000,0.0,0.0
2005-08-25 00:00:00-04:00,0.22386073717145177,0.22561739782555848,0.2219500522663717,0.2243952453136444,296484000,0.0,0.0
2005-08-26 00:00:00-04:00,0.22462443049160152,0.22462443049160152,0.21881811057575834,0.22095708549022675,323436000,0.0,0.0
2005-08-29 00:00:00-04:00,0.21889424255585146,0.22156865497044476,0.2171366802009922,0.22133944928646088,343392000,0.0,0.0
2005-08-30 00:00:00-04:00,0.22095710841097677,0.22982015575813436,0.2206518059655255,0.22928471863269806,948852000,0.0,0.0
2005-08-31 00:00:00-04:00,0.22875022667974287,0.23730702951507343,0.22806259595659253,0.23440434038639069,906804000,0.0,0.0
2005-09-01 00:00:00-04:00,0.23371668339702617,0.23661937219949067,0.2324936429718559,0.23448041081428528,556884000,0.0,0.0
2005-09-02 00:00:00-04:00,0.23493881331931657,0.23493881331931657,0.22989623431184422,0.23065996170043945,469800000,0.0,0.0
2005-09-06 00:00:00-04:00,0.23150074746293017,0.2337928319072125,0.2279865240082783,0.23257069289684296,423096000,0.0,0.0
2005-09-07 00:00:00-04:00,0.2322644228078453,0.24059293433720802,0.23165381794463086,0.23998142778873444,588012000,0.0,0.0
2005-09-08 00:00:00-04:00,0.23853000562085833,0.24578766832105242,0.23853000562085833,0.24280795454978943,646116000,0.0,0.0
2005-09-09 00:00:00-04:00,0.24540638565667217,0.24647542944407771,0.24143282162386825,0.2459408938884735,454236000,0.0,0.0
2005-09-12 00:00:00-04:00,0.24616999612838372,0.24693372337905947,0.24219736299529368,0.24510005116462708,556584000,0.0,0.0
2005-09-13 00:00:00-04:00,0.24395403946401825,0.25373390815687485,0.24395403946401825,0.25251176953315735,854724000,0.0,0.0
2005-09-14 00:00:00-04:00,0.2506012561265127,0.2539632870538178,0.24830914364318277,0.24945521354675293,503448000,0.0,0.0
2005-09-15 00:00:00-04:00,0.2532756126155569,0.2567137397653484,0.2517472555426756,0.2538871467113495,759756000,0.0,0.0
2005-09-16 00:00:00-04:00,0.2560260256806861,0.25740128702326454,0.25197636575094867,0.2540392577648163,519828000,0.0,0.0
2005-09-19 00:00:00-04:00,0.25373388532563107,0.2545746110439623,0.2490736215425567,0.25044888257980347,428316000,0.0,0.0
2005-09-20 00:00:00-04:00,0.2523586269349393,0.2581649598591391,0.2520533382174176,0.2553383409976959,522192000,0.0,0.0
2005-09-21 00:00:00-04:00,0.2543454869679342,0.25938806657730973,0.2509073607810238,0.2531224191188812,625656000,0.0,0.0
2005-09-22 00:00:00-04:00,0.25373389736070134,0.25373389736070134,0.24181504066933776,0.2463231384754181,739152000,0.0,0.0
2005-09-23 00:00:00-04:00,0.24578775674848982,0.25205340424167916,0.24372486463062018,0.2499135136604309,314640000,0.0,0.0
2005-09-26 00:00:00-04:00,0.25182411769136037,0.25373388673433483,0.24731604739786994,0.2519763112068176,406776000,0.0,0.0
2005-09-27 00:00:00-04:00,0.2530462266528884,0.255262213161914,0.25090726590148527,0.2528170347213745,404160000,0.0,0.0
2005-09-28 00:00:00-04:00,0.2535806716059183,0.25503295788706615,0.25067798438450806,0.2543453276157379,353556000,0.0,0.0
2005-09-29 00:00:00-04:00,0.2544214211737815,0.259769313485523,0.25235853038551515,0.2596171200275421,513372000,0.0,0.0
2005-09-30 00:00:00-04:00,0.2597695046793093,0.2642775765883149,0.25923499648967036,0.2619093954563141,458832000,0.0,0.0
2005-10-03 00:00:00-04:00,0.2649651640713586,0.27100069010209443,0.2628261753292117,0.2690909206867218,549888000,0.0,0.0
2005-10-04 00:00:00-04:00,0.2702370459969903,0.2746680927541529,0.26496524576985897,0.2655767798423767,514476000,0.0,0.0
2005-10-05 00:00:00-04:00,0.26588189031386983,0.26588189031386983,0.2551852017591249,0.2567896544933319,599184000,0.0,0.0
2005-10-06 00:00:00-04:00,0.25648447151454096,0.26045713351905986,0.24815686021249375,0.2558729648590088,685512000,0.0,0.0
2005-10-07 00:00:00-04:00,0.2563312963370168,0.25892959768927554,0.25060108729861286,0.25258785486221313,551952000,0.0,0.0
2005-10-10 00:00:00-04:00,0.2538870948747512,0.25434550626970087,0.24609399186540604,0.24617008864879608,459216000,0.0,0.0
2005-10-11 00:00:00-04:00,0.24708697294007068,0.24922596251884135,0.24028681513521646,0.24311433732509613,540048000,0.0,0.0
2005-10-12 00:00:00-04:00,0.2424264974904306,0.24976118460986296,0.24212027984992232,0.24601681530475616,657660000,0.0,0.0
2005-10-13 00:00:00-04:00,0.24548250283067707,0.2458648175122204,0.23532121687934368,0.2447187751531601,509304000,0.0,0.0
2005-10-14 00:00:00-04:00,0.24647544990952816,0.24953216399073538,0.2406691139931018,0.2447187751531601,311256000,0.0,0.0
2005-10-17 00:00:00-04:00,0.24487088056728526,0.2495320741316774,0.24487088056728526,0.24708686769008636,243912000,0.0,0.0
2005-10-18 00:00:00-04:00,0.24800368817544832,0.24846209943476769,0.24143272604292057,0.2430371791124344,299832000,0.0,0.0
2005-10-19 00:00:00-04:00,0.2399054097345654,0.24135674094485182,0.2331052251644016,0.24097442626953125,635952000,0.0,0.0
2005-10-20 00:00:00-04:00,0.24135667888842857,0.24769842303282835,0.24028673361920203,0.24265584349632263,359520000,0.0,0.0
2005-10-21 00:00:00-04:00,0.2467815516644099,0.24754527898253553,0.24234957790838635,0.24403105676174164,298368000,0.0,0.0
2005-10-24 00:00:00-04:00,0.24617008018718112,0.250678151845932,0.24395409274819282,0.250678151845932,291012000,0.0,0.0
2005-10-25 00:00:00-04:00,0.2489966571098824,0.25304631713804887,0.24792764085630986,0.25228258967399597,334680000,0.0,0.0
2005-10-26 00:00:00-04:00,0.2523585558325522,0.25289309100646756,0.2450238960457115,0.24540621042251587,415344000,0.0,0.0
2005-10-27 00:00:00-04:00,0.24586469346208498,0.2466284207542661,0.23952295078360925,0.2402866780757904,227784000,0.0,0.0
2005-10-28 00:00:00-04:00,0.2408982851525501,0.24815685253486666,0.23493885514934,0.24769844114780426,464640000,0.0,0.0
2005-10-31 00:00:00-05:00,0.24869131666540503,0.25808887036063827,0.24869131666540503,0.25633129477500916,432420000,0.0,0.0
2005-11-01 00:00:00-05:00,0.2563313968386705,0.2582420683906928,0.25121269225820664,0.2531994879245758,400488000,0.0,0.0
2005-11-02 00:00:00-05:00,0.25327552972510486,0.2681740758316304,0.25212948771691057,0.2678687870502472,523668000,0.0,0.0
2005-11-03 00:00:00-05:00,0.26970238607871827,0.27122981322521356,0.2625969166387322,0.2647358775138855,465072000,0.0,0.0
2005-11-04 00:00:00-05:00,0.2648890828224777,0.26549968773314864,0.2574773933590542,0.26022788882255554,570276000,0.0,0.0
2005-11-07 00:00:00-05:00,0.26160311380901735,0.2625199363946581,0.25801279459430065,0.25908181071281433,370824000,0.0,0.0
2005-11-08 00:00:00-05:00,0.260075642701244,0.2603048619951211,0.25312236599985455,0.2542684078216553,538968000,0.0,0.0
2005-11-09 00:00:00-05:00,0.25480393799960527,0.26741042997149966,0.25190031949839514,0.2657289505004883,818880000,0.0,0.0
2005-11-10 00:00:00-05:00,0.27497429605663337,0.2809336989204194,0.2509073832675648,0.2558729648590088,2503620000,0.0,0.0
2005-11-11 00:00:00-05:00,0.258088802126604,0.2631313792517464,0.2569427606288996,0.26007556915283203,545928000,0.0,0.0
2005-11-14 00:00:00-05:00,0.260151857013825,0.2674104530505708,0.25617922172775975,0.2655767798423767,493668000,0.0,0.0
2005-11-15 00:00:00-05:00,0.26718124842832275,0.26970255264449416,0.265347575118726,0.2661873996257782,496200000,0.0,0.0
2005-11-16 00:00:00-05:00,0.2664934795476729,0.26794483740963626,0.2600756399487532,0.2652704119682312,455280000,0.0,0.0
2005-11-17 00:00:00-05:00,0.26748637726771224,0.27726624374754744,0.264353541139719,0.27703702449798584,703260000,0.0,0.0
2005-11-18 00:00:00-05:00,0.2779538552998265,0.2802459658937729,0.271077605489351,0.2765015959739685,465768000,0.0,0.0
2005-11-21 00:00:00-05:00,0.27680778487651,0.281850389405454,0.274974140310114,0.281391978263855,454704000,0.0,0.0
2005-11-22 00:00:00-05:00,0.2828433631702058,0.2916293825974666,0.2806273764508874,0.2888788878917694,731700000,0.0,0.0
2005-11-23 00:00:00-05:00,0.28918513008388647,0.292240941081314,0.2865107319079142,0.28803908824920654,411948000,0.0,0.0
2005-11-25 00:00:00-05:00,0.289414420671887,0.29132419030506873,0.28742762524828064,0.29086577892303467,116676000,0.0,0.0
2005-11-28 00:00:00-05:00,0.2916293440309817,0.29415064644998584,0.2842185865984993,0.28941428661346436,424524000,0.0,0.0
2005-11-29 00:00:00-05:00,0.27229974147529284,0.2800167441708863,0.26985456304317573,0.27107760310173035,1043136000,0.0,0.0
2005-11-30 00:00:00-05:00,0.2691671611769008,0.27757177412555006,0.2690910643637029,0.27619653940200806,575448000,0.0,0.0
2005-12-01 00:00:00-05:00,0.27848849149257254,0.2807805755934334,0.2755087766966938,0.2794814109802246,562032000,0.0,0.0
2005-12-02 00:00:00-05:00,0.2807805290034194,0.2814681595843384,0.2758140197234088,0.279558390378952,334476000,0.0,0.0
2005-12-05 00:00:00-05:00,0.2801690501045182,0.2801690501045182,0.2734458928386407,0.2743627429008484,387708000,0.0,0.0
2005-12-06 00:00:00-05:00,0.2748211902049706,0.2792522638804227,0.2744388755648919,0.2755088210105896,375252000,0.0,0.0
2005-12-07 00:00:00-05:00,0.2765788042359653,0.2782593549184986,0.2712299779623181,0.2759672701358795,352668000,0.0,0.0
2005-12-08 00:00:00-05:00,0.2745157985129184,0.27810614513134774,0.2706192614515201,0.2737511694431305,386664000,0.0,0.0
2005-12-09 00:00:00-05:00,0.2745918926913714,0.27803004574111484,0.27077145243413403,0.2776477038860321,262896000,0.0,0.0
2005-12-12 00:00:00-05:00,0.27841247730763197,0.2823090159702556,0.27795403849242434,0.28169748187065125,281136000,0.0,0.0
2005-12-13 00:00:00-05:00,0.28223182122763757,0.2878098635658621,0.28016895708918305,0.28536465764045715,443412000,0.0,0.0
2005-12-14 00:00:00-05:00,0.28322572620192754,0.28460098745245216,0.27932918909050114,0.2826903164386749,287472000,0.0,0.0
2005-12-15 00:00:00-05:00,0.2824611310891913,0.28460102167664975,0.2761964125869604,0.2791000306606293,332724000,0.0,0.0
2005-12-16 00:00:00-05:00,0.2800929397931699,0.2827673384238703,0.27741854116246945,0.2815442979335785,1065600000,0.0,0.0
2005-12-19 00:00:00-05:00,0.282155757696054,0.284218649401192,0.276196356525616,0.27688395977020264,292296000,0.0,0.0
2005-12-20 00:00:00-05:00,0.2765786419281659,0.2807804943352816,0.27306349100821126,0.27673083543777466,304356000,0.0,0.0
2005-12-21 00:00:00-05:00,0.27803021302387493,0.28032229822025584,0.2736752347564647,0.27619653940200806,289380000,0.0,0.0
2005-12-22 00:00:00-05:00,0.2759672039648712,0.28490634886795435,0.27589110718365645,0.28460103273391724,318336000,0.0,0.0
2005-12-23 00:00:00-05:00,0.28536485084336516,0.2871985242766748,0.28345508060468266,0.28681620955467224,214536000,0.0,0.0
2005-12-27 00:00:00-05:00,0.2865106989632011,0.29170639950755356,0.28559387653039586,0.28857356309890747,367968000,0.0,0.0
2005-12-28 00:00:00-05:00,0.28857356846567556,0.2921648161575127,0.28673992356596384,0.29124799370765686,264420000,0.0,0.0
2005-12-29 00:00:00-05:00,0.29109500835004676,0.29201185855570494,0.2835311239414306,0.2847532629966736,310464000,0.0,0.0
2005-12-30 00:00:00-05:00,0.2831486588403825,0.28322565727598686,0.2781830794575526,0.2793291211128235,229608000,0.0,0.0
2006-01-03 00:00:00-05:00,0.28093354974422835,0.2941506388349877,0.28001672742857253,0.29201167821884155,472812000,0.0,0.0
2006-01-04 00:00:00-05:00,0.29422776869750983,0.30064560914935184,0.2911710283515984,0.3001871705055237,510072000,0.0,0.0
2006-01-05 00:00:00-05:00,0.3002632065568747,0.30752179873378205,0.2997286985739774,0.30698636174201965,646092000,0.0,0.0
2006-01-06 00:00:00-05:00,0.3105014604302182,0.3131749562273289,0.29835341466996246,0.3120289146900177,623388000,0.0,0.0
2006-01-09 00:00:00-05:00,0.31187685451360203,0.32242045301688355,0.3111892510960921,0.3207390010356903,560484000,0.0,0.0
2006-01-10 00:00:00-05:00,0.319211527015927,0.3208159804344177,0.3151618669145218,0.3208159804344177,339660000,0.0,0.0
2006-01-11 00:00:00-05:00,0.3211212796066609,0.33426224970373264,0.32058677149841575,0.33242860436439514,626304000,0.0,0.0
2006-01-12 00:00:00-05:00,0.3323526538296202,0.3374713321860742,0.3253232761868107,0.3276923596858978,495504000,0.0,0.0
2006-01-13 00:00:00-05:00,0.32692744149123065,0.3296018388654155,0.3202042877089196,0.32478848099708557,421296000,0.0,0.0
2006-01-17 00:00:00-05:00,0.3203575373053332,0.3247125130936915,0.31607865828685505,0.32455939054489136,329232000,0.0,0.0
2006-01-18 00:00:00-05:00,0.31470339842427686,0.3273098587898112,0.31172368414584645,0.3262399137020111,459948000,0.0,0.0
2006-01-19 00:00:00-05:00,0.33059497132317556,0.34885554872204844,0.3299843663683383,0.3443474769592285,914760000,0.0,0.0
2006-01-20 00:00:00-05:00,0.34488294722057294,0.3488555821829322,0.33464466379404756,0.33472076058387756,461604000,0.0,0.0
2006-01-23 00:00:00-05:00,0.337318988330274,0.33945794976080934,0.3327348203590447,0.3366313576698303,334884000,0.0,0.0
2006-01-24 00:00:00-05:00,0.3373951473999078,0.34534134604374433,0.3364783245658983,0.33831197023391724,388896000,0.0,0.0
2006-01-25 00:00:00-05:00,0.33999238884902694,0.34220837543371435,0.3312824667069934,0.33533212542533875,400236000,0.0,0.0
2006-01-26 00:00:00-05:00,0.3402215874486485,0.3470978649154249,0.33808262658234056,0.3467925488948822,448836000,0.0,0.0
2006-01-27 00:00:00-05:00,0.3513007113733362,0.357260140662082,0.34839709350192094,0.35336360335350037,385044000,0.0,0.0
2006-01-30 00:00:00-05:00,0.3548909295623864,0.35527324401236937,0.3477854603103328,0.3493899405002594,315780000,0.0,0.0
2006-01-31 00:00:00-05:00,0.34763328396719223,0.34954305294132715,0.34083313039321034,0.3435075283050537,384456000,0.0,0.0
2006-02-01 00:00:00-05:00,0.3373190452703261,0.3451121485311833,0.3360198805031381,0.3437368869781494,450852000,0.0,0.0
2006-02-02 00:00:00-05:00,0.3468687365374668,0.3470979558651442,0.3327348197745266,0.333269327878952,473736000,0.0,0.0
2006-02-03 00:00:00-05:00,0.3311303659743246,0.34045089543296086,0.3300604207579416,0.33632513880729675,504252000,0.0,0.0
2006-02-06 00:00:00-05:00,0.33540819277706,0.34618097804781794,0.3339568352216483,0.3457995653152466,363468000,0.0,0.0
2006-02-07 00:00:00-05:00,0.34648728265835815,0.34648728265835815,0.33334538520142465,0.3334985077381134,399408000,0.0,0.0
2006-02-08 00:00:00-05:00,0.3344913980617334,0.34312522411346436,0.3344913980617334,0.34312522411346436,393072000,0.0,0.0
2006-02-09 00:00:00-05:00,0.3441952385769605,0.34954313395506276,0.33517909622530057,0.3373189866542816,437100000,0.0,0.0
2006-02-10 00:00:00-05:00,0.33854110987938213,0.340069466353827,0.32753910184318585,0.3354083001613617,414996000,0.0,0.0
2006-02-13 00:00:00-05:00,0.33433926301215333,0.3389234308370566,0.33204717909970166,0.3365543484687805,280740000,0.0,0.0
2006-02-14 00:00:00-05:00,0.3365543557644703,0.33838800107514416,0.3327348169510876,0.33716586232185364,342348000,0.0,0.0
2006-02-15 00:00:00-05:00,0.33647824794533643,0.34457663831916446,0.3356374947660274,0.34365978837013245,493296000,0.0,0.0
2006-02-16 00:00:00-05:00,0.35007761744333904,0.3613858702979229,0.34770943686300015,0.36062121391296387,1305888000,0.0,0.0
2006-02-17 00:00:00-05:00,0.3871333860521253,0.38751570064040197,0.3606212683336188,0.3626841604709625,2356956000,0.0,0.0
2006-02-21 00:00:00-05:00,0.36192038960397044,0.36253192346437085,0.3518352041189633,0.35496804118156433,684060000,0.0,0.0
2006-02-22 00:00:00-05:00,0.3499254251046502,0.35718308941402194,0.34152081719961186,0.3543564975261688,939756000,0.0,0.0
2006-02-23 00:00:00-05:00,0.3532864357893767,0.3556555446049513,0.3479385425339623,0.3489314615726471,385128000,0.0,0.0
2006-02-24 00:00:00-05:00,0.3504599161790117,0.3546617687575895,0.34702179088241997,0.3488554358482361,416412000,0.0,0.0
2006-02-27 00:00:00-05:00,0.3515298141984655,0.3652053151138478,0.34786247010945665,0.36299023032188416,666468000,0.0,0.0
2006-02-28 00:00:00-05:00,0.36138590363318723,0.36444171510408174,0.35657251625222874,0.36008673906326294,563316000,0.0,0.0
2006-03-01 00:00:00-05:00,0.3613858172438568,0.3759020453671205,0.3590937337672846,0.3737630844116211,703932000,0.0,0.0
2006-03-02 00:00:00-05:00,0.3733808879335144,0.3795695375879191,0.36948434997156404,0.37429773807525635,545460000,0.0,0.0
2006-03-03 00:00:00-05:00,0.37085946971836126,0.38209069522460837,0.37017183920593133,0.3755967319011688,595800000,0.0,0.0
2006-03-06 00:00:00-05:00,0.3829313506119608,0.3854526529199159,0.37299836218921795,0.37483203411102295,529020000,0.0,0.0
2006-03-07 00:00:00-05:00,0.3749092087993499,0.377811897658583,0.3610035823533222,0.36841434240341187,606204000,0.0,0.0
2006-03-08 00:00:00-05:00,0.3684913335618952,0.3704011028055818,0.35343966653918973,0.36658063530921936,670800000,0.0,0.0
2006-03-09 00:00:00-05:00,0.37101265748302237,0.3772013063151468,0.3682621620708545,0.36849138140678406,536700000,0.0,0.0
2006-03-10 00:00:00-05:00,0.36810900933854424,0.3727693011841805,0.3587875786096235,0.36207351088523865,521580000,0.0,0.0
2006-03-13 00:00:00-05:00,0.365740893506267,0.36818517135439466,0.3629903978321247,0.36642852425575256,372132000,0.0,0.0
2006-03-14 00:00:00-05:00,0.3667337790525807,0.37811810177755617,0.36535851778365036,0.37658974528312683,627792000,0.0,0.0
2006-03-15 00:00:00-05:00,0.3773533362724261,0.3831605696997988,0.3759019787580437,0.38262513279914856,510600000,0.0,0.0
2006-03-16 00:00:00-05:00,0.3833129049651695,0.383771316284054,0.3683382354021947,0.3696373999118805,568416000,0.0,0.0
2006-03-17 00:00:00-05:00,0.3678797467135021,0.3736099553039107,0.3623787300724359,0.37261703610420227,618588000,0.0,0.0
2006-03-20 00:00:00-05:00,0.3759021248303481,0.3759782216025351,0.36940818750231175,0.36978960037231445,293772000,0.0,0.0
2006-03-21 00:00:00-05:00,0.3880501091480255,0.39500248394232684,0.3778888556084288,0.3880501091480255,1235472000,0.0,0.0
2006-03-22 00:00:00-05:00,0.3781942670910966,0.38002794000740425,0.36841439585818564,0.37689512968063354,1158576000,0.0,0.0
2006-03-23 00:00:00-05:00,0.37819418529914706,0.38545277861064636,0.37391533374054514,0.3839243948459625,661992000,0.0,0.0
2006-03-24 00:00:00-05:00,0.3849173154581124,0.39760080137830583,0.38430671066557276,0.39691317081451416,687936000,0.0,0.0
2006-03-27 00:00:00-05:00,0.3972185700811477,0.4079152633129904,0.3959194054437229,0.4076090455055237,651444000,0.0,0.0
2006-03-28 00:00:00-05:00,0.40577542405449973,0.4192987386065609,0.40493559968394044,0.4138747453689575,795204000,0.0,0.0
2006-03-29 00:00:00-05:00,0.41563128554047035,0.4368716013026214,0.4121931597756525,0.436107873916626,987096000,0.0,0.0
2006-03-30 00:00:00-05:00,0.43656626666371273,0.4414557502244149,0.4286961670835456,0.43908756971359253,1063308000,0.0,0.0
2006-03-31 00:00:00-05:00,0.43878145700627014,0.4448939823534662,0.4348087950632843,0.4374832212924957,835560000,0.0,0.0
2006-04-03 00:00:00-04:00,0.4397752473368252,0.44848517196710486,0.43427422936432397,0.4423726201057434,968916000,0.0,0.0
2006-04-04 00:00:00-04:00,0.44298417094683,0.4637651758543673,0.44252575959586143,0.4630775451660156,1200612000,0.0,0.0
2006-04-05 00:00:00-04:00,0.46223771108875655,0.46911396317834664,0.45238171697178786,0.4668218791484833,1112976000,0.0,0.0
2006-04-06 00:00:00-04:00,0.46559864924459593,0.471252760576218,0.45918078340690177,0.467738538980484,789312000,0.0,0.0
2006-04-07 00:00:00-04:00,0.46575181135090526,0.4698775396599848,0.45734717756742366,0.46651551127433777,682674000,0.0,2.0
2006-04-10 00:00:00-04:00,0.46544652057730573,0.46819704269764273,0.45490292531279053,0.458417147397995,634230000,0.0,0.0
2006-04-11 00:00:00-04:00,0.45994568479433334,0.45994568479433334,0.44451167221426585,0.447262167930603,702072000,0.0,0.0
2006-04-12 00:00:00-04:00,0.45016564476824117,0.4677386135666635,0.44772043864176314,0.46529340744018555,598308000,0.0,0.0
2006-04-13 00:00:00-04:00,0.45536131404302915,0.4605560856509564,0.4504709294543494,0.4523046016693115,738360000,0.0,0.0
2006-04-17 00:00:00-04:00,0.4515409510356593,0.4648350700189269,0.44986037373022736,0.4535277187824249,443868000,0.0,0.0
2006-04-18 00:00:00-04:00,0.44542844206135074,0.4455815646204046,0.43075908777837557,0.4428310692310333,1165488000,0.0,0.0
2006-04-19 00:00:00-04:00,0.44008059624700574,0.45047109972289645,0.4339680708742312,0.4455816149711609,517476000,0.0,0.0
2006-04-20 00:00:00-04:00,0.4416088524166791,0.4529161480855664,0.4342741629090758,0.44496995210647583,552684000,0.0,0.0
2006-04-21 00:00:00-04:00,0.4463452737723098,0.4481789463979708,0.423730624718996,0.42892542481422424,770016000,0.0,0.0
2006-04-24 00:00:00-04:00,0.43167595062159003,0.44634530534058886,0.4240359708059089,0.44206735491752625,676848000,0.0,0.0
2006-04-25 00:00:00-04:00,0.4370247174788061,0.4428310514573049,0.4293838365115854,0.4417611062526703,719766000,0.0,0.0
2006-04-26 00:00:00-04:00,0.44344249821622095,0.4501656539398616,0.4339679458993483,0.4387052357196808,330528000,0.0,0.0
2006-04-27 00:00:00-04:00,0.43702469846518277,0.4498603789736893,0.42755014528292207,0.4457346498966217,462966000,0.0,0.0
2006-04-28 00:00:00-04:00,0.4460399231178566,0.45215247439949735,0.44221948293355257,0.4464983344078064,284736000,0.0,0.0
2006-05-01 00:00:00-04:00,0.4495541481663912,0.48087964846351916,0.4495541481663912,0.4721696972846985,902472000,0.0,0.0
2006-05-02 00:00:00-04:00,0.4756838822617257,0.4813379945172274,0.4634597642466174,0.471558153629303,539700000,0.0,0.0
2006-05-03 00:00:00-04:00,0.46621034141803247,0.4798097783720542,0.4657519573775179,0.4746149778366089,378114000,0.0,0.0
2006-05-04 00:00:00-04:00,0.4652934092726755,0.4767538273044983,0.4628482031365674,0.471558153629303,511128000,0.0,0.0
2006-05-05 00:00:00-04:00,0.4740033584545111,0.47965747069437586,0.4674323690565692,0.4779759645462036,338184000,0.0,0.0
2006-05-08 00:00:00-04:00,0.4767539043319179,0.48714443364731247,0.4714060362718674,0.4758370816707611,503622000,0.0,0.0
2006-05-09 00:00:00-04:00,0.4752255386547195,0.4776707449983179,0.46070928115387194,0.46132078766822815,561648000,0.0,0.0
2006-05-10 00:00:00-04:00,0.4558197903844494,0.4611677125986528,0.4464983327832812,0.4510825276374817,753264000,0.0,0.0
2006-05-11 00:00:00-04:00,0.4556665983592327,0.4599454762326432,0.4315235998644217,0.4350378215312958,1201110000,0.0,0.0
2006-05-12 00:00:00-04:00,0.42464739147832403,0.42678635245751756,0.39332189507555826,0.40233713388442993,1568172000,0.0,0.0
2006-05-15 00:00:00-04:00,0.4015734812134916,0.41165866688995223,0.3980592585507581,0.40814444422721863,553380000,0.0,0.0
2006-05-16 00:00:00-04:00,0.41043647733449523,0.410588670857811,0.3948503030907971,0.3974476754665375,497532000,0.0,0.0
2006-05-17 00:00:00-04:00,0.3960724092832764,0.39836449273978947,0.3743736858780468,0.3814030587673187,841074000,0.0,0.0
2006-05-18 00:00:00-04:00,0.38445896352659187,0.388126281559831,0.36367798649991223,0.36413639783859253,686730000,0.0,0.0
2006-05-19 00:00:00-04:00,0.3674974614056948,0.38048623580293284,0.3638301166873236,0.3717763125896454,932808000,0.0,0.0
2006-05-22 00:00:00-04:00,0.36978966093546806,0.3705542901712461,0.35664866157375597,0.3667338490486145,734886000,0.0,0.0
2006-05-23 00:00:00-04:00,0.3743738116918349,0.3830837372184403,0.3612328129590192,0.36276116967201233,532314000,0.0,0.0
2006-05-24 00:00:00-04:00,0.36597004895951585,0.3783473183175771,0.3577185360541417,0.3674975037574768,579522000,0.0,0.0
2006-05-25 00:00:00-04:00,0.37437365190436267,0.37987464077127386,0.36352474202880214,0.36551153659820557,423666000,0.0,0.0
2006-05-26 00:00:00-04:00,0.36688678710929096,0.3693310912916149,0.36245481390449646,0.36627528071403503,294642000,0.0,0.0
2006-05-30 00:00:00-04:00,0.3668867986056423,0.3670389921145031,0.35084221462178494,0.35099440813064575,448788000,0.0,0.0
2006-05-31 00:00:00-04:00,0.35573175721118294,0.3590937861604739,0.34900860099781383,0.3511475622653961,598422000,0.0,0.0
2006-06-01 00:00:00-04:00,0.3551202669136851,0.3694843053817749,0.34961924869850575,0.3694843053817749,537126000,0.0,0.0
2006-06-02 00:00:00-04:00,0.3754437226911913,0.3772773953697093,0.36046905248155664,0.36413639783859253,673710000,0.0,0.0
2006-06-05 00:00:00-04:00,0.36214955311693975,0.3688726811854102,0.3477854908406151,0.3488554358482361,581052000,0.0,0.0
2006-06-06 00:00:00-04:00,0.3532865754113655,0.3535927931956822,0.3300604196092873,0.33953404426574707,824130000,0.0,0.0
2006-06-07 00:00:00-04:00,0.3432014237435548,0.3438129576878446,0.33082415267639415,0.3334224820137024,565380000,0.0,0.0
2006-06-08 00:00:00-04:00,0.3296019605084825,0.33388083940839364,0.31416890755714383,0.32730987668037415,730572000,0.0,0.0
2006-06-09 00:00:00-04:00,0.33158873745584133,0.337241920940327,0.32348941872338044,0.3262399137020111,433824000,0.0,0.0
2006-06-12 00:00:00-04:00,0.32058668593016176,0.32486463499625245,0.3063757470767823,0.3082094192504883,463230000,0.0,0.0
2006-06-13 00:00:00-04:00,0.30805638904367794,0.3143211346757223,0.30056860291391485,0.30347222089767456,532548000,0.0,0.0
2006-06-14 00:00:00-04:00,0.3053057618075043,0.31325195585640225,0.30209682909645463,0.31233513355255127,480492000,0.0,0.0
2006-06-15 00:00:00-04:00,0.32379564754502393,0.3407570839202424,0.3211973460047615,0.33968713879585266,837336000,0.0,0.0
2006-06-16 00:00:00-04:00,0.3373950716323544,0.3383118942604764,0.3277682974180967,0.3309772312641144,503448000,0.0,0.0
2006-06-19 00:00:00-04:00,0.33464459915924855,0.33632514930449525,0.32028053363195985,0.3210451900959015,388044000,0.0,0.0
2006-06-20 00:00:00-04:00,0.31218210752636966,0.3231841151912833,0.3109599688639575,0.3160025477409363,535818000,0.0,0.0
2006-06-21 00:00:00-04:00,0.31462729463241085,0.32455935656106083,0.31462729463241085,0.31951677799224854,441174000,0.0,0.0
2006-06-22 00:00:00-04:00,0.3230311616076309,0.3239479845967786,0.30805648630550747,0.3101954758167267,532338000,0.0,0.0
2006-06-23 00:00:00-04:00,0.3095847237290686,0.3167662915521901,0.30668113327474106,0.3103484511375427,335202000,0.0,0.0
2006-06-26 00:00:00-04:00,0.30989001714916997,0.3132520459987089,0.3059173834859007,0.30744481086730957,281736000,0.0,0.0
2006-06-27 00:00:00-04:00,0.30927841427675806,0.30958463196233976,0.2935400493435363,0.2976658046245575,608514000,0.0,0.0
2006-06-28 00:00:00-04:00,0.29995793053428477,0.31905832628407016,0.2921648300449222,0.31416887044906616,833376000,0.0,0.0
2006-06-29 00:00:00-04:00,0.30561113861705297,0.3283798098564148,0.3045421225187526,0.3283798098564148,687666000,0.0,0.0
2006-06-30 00:00:00-04:00,0.33158875142785404,0.3367835238554233,0.3228788275253563,0.32532310485839844,468240000,0.0,0.0
2006-07-03 00:00:00-04:00,0.3328107975408363,0.33311608620841915,0.32776819272544105,0.33006030321121216,174696000,0.0,0.0
2006-07-05 00:00:00-04:00,0.3248647444856068,0.32776833525411525,0.31523796916007996,0.31523796916007996,459708000,0.0,0.0
2006-07-06 00:00:00-04:00,0.31523796136072746,0.31829467462025074,0.302250085906399,0.30545899271965027,470634000,0.0,0.0
2006-07-07 00:00:00-04:00,0.3075979594367053,0.3082094933111665,0.29262328975129975,0.2959844172000885,541230000,0.0,0.0
2006-07-10 00:00:00-04:00,0.29674898335082994,0.2988879716059938,0.28055127667644797,0.2831486761569977,449922000,0.0,0.0
2006-07-11 00:00:00-04:00,0.28223193576390504,0.2936923847828903,0.2781062058126791,0.2926233410835266,600582000,0.0,0.0
2006-07-12 00:00:00-04:00,0.2915532863407335,0.2949153148034996,0.2782591966960068,0.2785645127296448,461034000,0.0,0.0
2006-07-13 00:00:00-04:00,0.2742865449297782,0.2811627949024021,0.2700076669705521,0.2713829278945923,540582000,0.0,0.0
2006-07-14 00:00:00-04:00,0.2764254782577739,0.2779538342169534,0.2623676636973333,0.2700076401233673,572148000,0.0,0.0
2006-07-17 00:00:00-04:00,0.2687856629884212,0.27520350497079393,0.26741042870035703,0.2721467912197113,502806000,0.0,0.0
2006-07-18 00:00:00-04:00,0.28146819419921243,0.28987280276982785,0.2713830081943111,0.2869691848754883,979332000,0.0,0.0
2006-07-19 00:00:00-04:00,0.2857470402659307,0.30316688925809526,0.28360714985432856,0.2994995713233948,1055550000,0.0,0.0
2006-07-20 00:00:00-04:00,0.3048475366777128,0.3101954332407273,0.29308179810012963,0.29354020953178406,505602000,0.0,0.0
2006-07-21 00:00:00-04:00,0.2836071332968381,0.2848302009843093,0.2693961917426711,0.27153608202934265,633918000,0.0,0.0
2006-07-24 00:00:00-04:00,0.2816212744698704,0.3057642793099265,0.28009291798769537,0.29888802766799927,983178000,0.0,0.0
2006-07-25 00:00:00-04:00,0.30255530283528986,0.3126404586482281,0.29812423132304006,0.3094315528869629,574104000,0.0,0.0
2006-07-26 00:00:00-04:00,0.3094315528869629,0.3130988971773707,0.3002631921609434,0.3094315528869629,495318000,0.0,0.0
2006-07-27 00:00:00-04:00,0.31340432957794684,0.32624001315623735,0.3082095557856413,0.31386274099349976,694338000,0.0,0.0
2006-07-28 00:00:00-04:00,0.32196203917692956,0.3470218978672817,0.32012836632201164,0.3464103639125824,815298000,0.0,0.0
2006-07-31 00:00:00-04:00,0.342743043792017,0.34625819620155524,0.3373951473999078,0.33831197023391724,594762000,0.0,0.0
2006-08-01 00:00:00-04:00,0.33418620060424453,0.334797734582223,0.3186000217298259,0.3247125744819641,600966000,0.0,0.0
2006-08-02 00:00:00-04:00,0.3318941304700614,0.3513007786014367,0.3311304302146968,0.3496192991733551,756774000,0.0,0.0
2006-08-03 00:00:00-04:00,0.3483971222800994,0.3810978619725826,0.3435076378066755,0.37162330746650696,890568000,0.0,0.0
2006-08-04 00:00:00-04:00,0.3814031103495508,0.38201464417853404,0.35710698417131687,0.36658063530921936,818232000,0.0,0.0
2006-08-07 00:00:00-04:00,0.3601627115996743,0.366886767805118,0.3552732291310479,0.36230260133743286,436146000,0.0,0.0
2006-08-08 00:00:00-04:00,0.36520540882051994,0.37972254075840084,0.364288558901123,0.37192946672439575,619806000,0.0,0.0
2006-08-09 00:00:00-04:00,0.37926409723311877,0.3896545975988607,0.36902581771276305,0.3717763125896454,584706000,0.0,0.0
2006-08-10 00:00:00-04:00,0.3676506240017014,0.3713179693922862,0.3613859057886667,0.36917898058891296,1072140000,0.0,0.0
2006-08-11 00:00:00-04:00,0.34228460071535277,0.3668869219457265,0.3410624618369309,0.3575654625892639,1603272000,0.0,0.0
2006-08-14 00:00:00-04:00,0.3619963820754892,0.3656637261631858,0.35374487154006534,0.35573166608810425,809412000,0.0,0.0
2006-08-15 00:00:00-04:00,0.3649001875486013,0.3919468163552945,0.3613859641490927,0.38996002078056335,902172000,0.0,0.0
2006-08-16 00:00:00-04:00,0.392099807137585,0.4196048400323085,0.3820146493577619,0.41792336106300354,1029246000,0.0,0.0
2006-08-17 00:00:00-04:00,0.4127286707720531,0.4235775854053805,0.4072276521688951,0.4113534092903137,814224000,0.0,0.0
2006-08-18 00:00:00-04:00,0.411811826524644,0.4202155065692428,0.39744776046874736,0.4180765450000763,665898000,0.0,0.0
2006-08-21 00:00:00-04:00,0.41181174458551434,0.41257544459270434,0.4017265600075594,0.4026433825492859,500220000,0.0,0.0
2006-08-22 00:00:00-04:00,0.4014204216982413,0.41318706016253315,0.4011151055777036,0.40203192830085754,473928000,0.0,0.0
2006-08-23 00:00:00-04:00,0.4050877937723691,0.4092135512226908,0.3928636440065996,0.40172669291496277,485412000,0.0,0.0
2006-08-24 00:00:00-04:00,0.40279557777908065,0.40799127896268095,0.3963777379884635,0.4058523178100586,260802000,0.0,0.0
2006-08-25 00:00:00-04:00,0.4027957065098462,0.41181187794014557,0.39882307167259295,0.4046293795108795,238314000,0.0,0.0
2006-08-28 00:00:00-04:00,0.4113533663721155,0.4304537932554536,0.4105887372437347,0.41853493452072144,764562000,0.0,0.0
2006-08-29 00:00:00-04:00,0.4225076475856357,0.4394690877593871,0.41945183575473916,0.4374832212924957,727962000,0.0,0.0
2006-08-30 00:00:00-04:00,0.4399273991600097,0.4510825292786859,0.4388583557243964,0.4464983344078064,681564000,0.0,0.0
2006-08-31 00:00:00-04:00,0.4454284161093251,0.4474152112534687,0.43519106428687254,0.44481781125068665,511278000,0.0,0.0
2006-09-01 00:00:00-04:00,0.4382468933455349,0.44176114366856817,0.42449438846206256,0.42617493867874146,605742000,0.0,0.0
2006-09-05 00:00:00-04:00,0.4275501337571841,0.43717688021715234,0.4212854162180589,0.43549633026123047,549354000,0.0,0.0
2006-09-06 00:00:00-04:00,0.4278563272570292,0.4284669320490868,0.41257544162728926,0.4136453866958618,493572000,0.0,0.0
2006-09-07 00:00:00-04:00,0.40692139241465575,0.4312175212535424,0.4024903469368522,0.42189696431159973,742836000,0.0,0.0
2006-09-08 00:00:00-04:00,0.4286200573592652,0.4304537297652104,0.41395070543549656,0.42327216267585754,447978000,0.0,0.0
2006-09-11 00:00:00-04:00,0.413797705261228,0.434732709608923,0.4090613429822419,0.4298423230648041,598266000,0.0,0.0
2006-09-12 00:00:00-04:00,0.42785650931938973,0.44390112910196194,0.42678656379553176,0.44115060567855835,498432000,0.0,0.0
2006-09-13 00:00:00-04:00,0.4422194509781755,0.4504709628961817,0.4408441898839105,0.4446646571159363,476286000,0.0,0.0
2006-09-14 00:00:00-04:00,0.4425256333316775,0.45077714458992924,0.43717681022699995,0.44298404455184937,428814000,0.0,0.0
2006-09-15 00:00:00-04:00,0.44451157232118343,0.4538330300739946,0.44237258373774363,0.4516940414905548,649764000,0.0,0.0
2006-09-18 00:00:00-04:00,0.45291626260944695,0.46957238609762036,0.45154102847187544,0.46880775690078735,793896000,0.0,0.0
2006-09-19 00:00:00-04:00,0.4657519227364287,0.4691139519261119,0.4527631189931911,0.45658355951309204,708054000,0.0,0.0
2006-09-20 00:00:00-04:00,0.46254297009713985,0.4738503222760979,0.46162614741957153,0.4732396900653839,511884000,0.0,0.0
2006-09-21 00:00:00-04:00,0.47278129996308255,0.47751766148566777,0.4649881706851083,0.4694192707538605,539106000,0.0,0.0
2006-09-22 00:00:00-04:00,0.46804386597057274,0.4709474556331327,0.4503187060622297,0.45551347732543945,653334000,0.0,0.0
2006-09-25 00:00:00-04:00,0.4623899638989133,0.4738503855170304,0.4498604712648211,0.4718644917011261,684486000,0.0,0.0
2006-09-26 00:00:00-04:00,0.4714060787276155,0.4726282175987322,0.4559720670529707,0.4619314968585968,516120000,0.0,0.0
2006-09-27 00:00:00-04:00,0.4605563282966613,0.4752257137449753,0.45612528160511817,0.4605563282966614,578142000,0.0,0.0
2006-09-28 00:00:00-04:00,0.44252577143944255,0.45367997433238105,0.44053900342110125,0.45184630155563354,647346000,0.0,0.0
2006-09-29 00:00:00-04:00,0.45490301576159653,0.4584172385455373,0.4497073138548469,0.4521525204181671,373890000,0.0,0.0
2006-10-02 00:00:00-04:00,0.45001253262181634,0.45291612256990377,0.43702463319213747,0.4406919777393341,647442000,0.0,0.0
2006-10-03 00:00:00-04:00,0.43244054913520813,0.435801676604287,0.42281380200663155,0.43244054913520813,907692000,0.0,0.0
2006-10-04 00:00:00-04:00,0.4330512803445723,0.47507348482188,0.4318291139940882,0.4749203622341156,1460382000,0.0,0.0
2006-10-05 00:00:00-04:00,0.47308643819302093,0.4778237274907727,0.4602507602728333,0.46147289872169495,662682000,0.0,0.0
2006-10-06 00:00:00-04:00,0.4622375849300427,0.47751753983523404,0.4608623239579565,0.47262805700302124,593610000,0.0,0.0
2006-10-09 00:00:00-04:00,0.4715584243573816,0.5093017287709295,0.47018316247448966,0.5030370354652405,932304000,0.0,0.0
2006-10-10 00:00:00-04:00,0.5004385547721235,0.5024253228709219,0.4859222945356786,0.4915764629840851,624648000,0.0,0.0
2006-10-11 00:00:00-04:00,0.4889780922999812,0.5030368416523422,0.48149120796602785,0.4943268895149231,481944000,0.0,0.0
2006-10-12 00:00:00-04:00,0.49707733668297926,0.5065509875082355,0.4891311405281857,0.4963127076625824,414720000,0.0,0.0
2006-10-13 00:00:00-04:00,0.4946321408183266,0.5189282393799118,0.48653375096745755,0.516024649143219,584190000,0.0,0.0
2006-10-16 00:00:00-04:00,0.5177062043952513,0.5261099119968344,0.5059395382678922,0.5151079297065735,478968000,0.0,0.0
2006-10-17 00:00:00-04:00,0.5067043018851014,0.5102185255151132,0.49050658738113834,0.4953960180282593,526506000,0.0,0.0
2006-10-18 00:00:00-04:00,0.5027305544706633,0.5080793512380619,0.47874069985048495,0.48225492238998413,822750000,0.0,0.0
2006-10-19 00:00:00-04:00,0.4804212724499456,0.4950906543157978,0.4766008590693196,0.4914233088493347,473040000,0.0,0.0
2006-10-20 00:00:00-04:00,0.49524376977615275,0.4955490859198627,0.47874079556408333,0.48576924204826355,359478000,0.0,0.0
2006-10-23 00:00:00-04:00,0.4847001377743713,0.49646587463878145,0.4813381083302777,0.48256024718284607,280248000,0.0,0.0
2006-10-24 00:00:00-04:00,0.4834770847646861,0.5021200015487125,0.48210182345936753,0.49661895632743835,519288000,0.0,0.0
2006-10-25 00:00:00-04:00,0.5013554325431939,0.5088432473403502,0.49295172389112357,0.5012032389640808,389436000,0.0,0.0
2006-10-26 00:00:00-04:00,0.5024252319676595,0.5187751347731393,0.5024252319676595,0.517094612121582,366690000,0.0,0.0
2006-10-27 00:00:00-04:00,0.5170946729255796,0.5285550933636937,0.4889781026356494,0.494785338640213,566988000,0.0,0.0
2006-10-30 00:00:00-05:00,0.49814637157204456,0.5096067904592213,0.49279850397688924,0.5007447004318237,479592000,0.0,0.0
2006-10-31 00:00:00-05:00,0.5117466243324161,0.5328338146209717,0.5091483504064408,0.5328338146209717,996174000,0.0,0.0
2006-11-01 00:00:00-05:00,0.5258045475454796,0.5306940316210131,0.4843939132220345,0.49172860383987427,1176540000,0.0,0.0
2006-11-02 00:00:00-05:00,0.49402061673140857,0.5047172803699129,0.48164332126409864,0.48836737871170044,862944000,0.0,0.0
2006-11-03 00:00:00-05:00,0.49386858055255994,0.4987580654822155,0.4859223273349827,0.49814650416374207,548070000,0.0,0.0
2006-11-06 00:00:00-05:00,0.4995216306004772,0.5201503845078821,0.4932568858034617,0.5132741332054138,739602000,0.0,0.0
2006-11-07 00:00:00-05:00,0.5170946006666185,0.5265682518079274,0.5141909557462954,0.5210672616958618,553254000,0.0,0.0
2006-11-08 00:00:00-05:00,0.5174000508956011,0.5351260934864006,0.5161779119292953,0.528708279132843,648324000,0.0,0.0
2006-11-09 00:00:00-05:00,0.5395570011844222,0.553156379907231,0.5346675180597803,0.5392516851425171,1207758000,0.0,0.0
2006-11-10 00:00:00-05:00,0.5346673923907603,0.5372647913635373,0.512968645958536,0.5262627601623535,1317192000,0.0,0.0
2006-11-13 00:00:00-05:00,0.5273326844469529,0.5516287742609666,0.5271795619634873,0.5501004457473755,852282000,0.0,0.0
2006-11-14 00:00:00-05:00,0.548114020174551,0.5566717807433297,0.5363482811469762,0.5556018352508545,628530000,0.0,0.0
2006-11-15 00:00:00-05:00,0.5539211481385808,0.561561155292665,0.5433775502680134,0.5464333891868591,491892000,0.0,0.0
2006-11-16 00:00:00-05:00,0.5487253940396879,0.5554485228574745,0.5439881039248653,0.5534626841545105,457182000,0.0,0.0
2006-11-17 00:00:00-05:00,0.5496421858598582,0.5565184368345419,0.5462801571346481,0.5549900531768799,361608000,0.0,0.0
2006-11-20 00:00:00-05:00,0.5481138687851073,0.5632416336965949,0.5439881395581523,0.5601858496665955,608634000,0.0,0.0
2006-11-21 00:00:00-05:00,0.5618664721018933,0.5627832948205487,0.5476555286961499,0.5514759421348572,387384000,0.0,0.0
2006-11-22 00:00:00-05:00,0.5534629108661527,0.5615613042026656,0.5505592647321095,0.5609497427940369,240258000,0.0,0.0
2006-11-24 00:00:00-05:00,0.5581990271457471,0.5662983459111237,0.5531564211200057,0.5650752782821655,144336000,0.0,0.0
2006-11-27 00:00:00-05:00,0.5617141767729624,0.5692010053682561,0.535736572343608,0.5395570397377014,585294000,0.0,0.0
2006-11-28 00:00:00-05:00,0.5377233479363056,0.5545316887846555,0.5293187130076417,0.5496422052383423,480966000,0.0,0.0
2006-11-29 00:00:00-05:00,0.554684785490469,0.5644646264890196,0.5525457697420684,0.5577405691146851,579792000,0.0,0.0
2006-11-30 00:00:00-05:00,0.5577405315010779,0.5698125099653796,0.5510174035890807,0.5652283430099487,583632000,0.0,0.0
2006-12-01 00:00:00-05:00,0.558963662629717,0.559727362657067,0.5381817864436047,0.5430712699890137,785010000,0.0,0.0
2006-12-04 00:00:00-05:00,0.5501006373893376,0.5721046519553938,0.5481138150942644,0.5650752782821655,621570000,0.0,0.0
2006-12-05 00:00:00-05:00,0.5591159480615578,0.5624779774572987,0.5530043248774698,0.5592690706253052,663354000,0.0,0.0
2006-12-06 00:00:00-05:00,0.5611027567338183,0.5611027567338183,0.550864474249789,0.5585053563117981,478242000,0.0,0.0
2006-12-07 00:00:00-05:00,0.5585052588145012,0.5615610974184135,0.5401685877633172,0.5450580716133118,486894000,0.0,0.0
2006-12-08 00:00:00-05:00,0.5410854922691154,0.5507122678868482,0.5332924168225499,0.5432244539260864,564858000,0.0,0.0
2006-12-11 00:00:00-05:00,0.5433775683378534,0.5591159672043633,0.5421545004518564,0.5525459051132202,515484000,0.0,0.0
2006-12-12 00:00:00-05:00,0.5484200132587728,0.550253658212609,0.5395569952329657,0.5468916296958923,568116000,0.0,0.0
2006-12-13 00:00:00-05:00,0.551322910897796,0.5577407250029554,0.551322910897796,0.5533096790313721,491952000,0.0,0.0
2006-12-14 00:00:00-05:00,0.5577406334497604,0.5701179302099182,0.5572822494589783,0.5630894303321838,715380000,0.0,0.0
2006-12-15 00:00:00-05:00,0.5667567268875757,0.5730214715003967,0.5632415755649447,0.5730214715003967,746094000,0.0,0.0
2006-12-18 00:00:00-05:00,0.5736329304657434,0.589829763199247,0.5733267400666847,0.5829535126686096,688356000,0.0,0.0
2006-12-19 00:00:00-05:00,0.5754668362808717,0.5944141432278445,0.5747022070467332,0.5913583040237427,545622000,0.0,0.0
2006-12-20 00:00:00-05:00,0.5883021842588688,0.595330626817851,0.5841764020242908,0.5846348404884338,306594000,0.0,0.0
2006-12-21 00:00:00-05:00,0.5878440399090576,0.5895246174679547,0.5730215895678692,0.5795925259590149,367920000,0.0,0.0
2006-12-22 00:00:00-05:00,0.5786757487847433,0.5806616426259675,0.5630895423968213,0.5658400654792786,370170000,0.0,0.0
2006-12-26 00:00:00-05:00,0.5688958430062119,0.5739383952469722,0.5633947974379705,0.5656868815422058,228192000,0.0,0.0
2006-12-27 00:00:00-05:00,0.5681319307375078,0.5751603746559831,0.5681319307375078,0.5731745362281799,264954000,0.0,0.0
2006-12-28 00:00:00-05:00,0.5737852430484814,0.5743968042597839,0.566450607082313,0.5690488815307617,213912000,0.0,0.0
2006-12-29 00:00:00-05:00,0.5690488491660721,0.5809677070736502,0.564923120085228,0.5655336976051331,386094000,0.0,0.0
2007-01-03 00:00:00-05:00,0.5664506436189678,0.5733268960200472,0.5316108882801976,0.551322877407074,1154820000,0.0,0.0
2007-01-04 00:00:00-05:00,0.549336992414488,0.5513228860971361,0.535278242260789,0.5487254858016968,797298000,0.0,0.0
2007-01-05 00:00:00-05:00,0.5357365434348751,0.5378764334971726,0.5106766919192739,0.5143440365791321,1243344000,0.0,0.0
2007-01-08 00:00:00-05:00,0.5161778072922201,0.5280966107680765,0.5073147331458983,0.5181645750999451,657270000,0.0,0.0
2007-01-09 00:00:00-05:00,0.5189282626782974,0.5224424852091963,0.507467843469386,0.5080793499946594,764166000,0.0,0.0
2007-01-10 00:00:00-05:00,0.5027307449243188,0.5378766996700313,0.4950907904242433,0.5331394076347351,1108746000,0.0,0.0
2007-01-11 00:00:00-05:00,0.533139374403988,0.5372651594236905,0.522442651845025,0.531152606010437,924504000,0.0,0.0
2007-01-12 00:00:00-05:00,0.5232072005075022,0.5404739271312876,0.5207619939726604,0.5383349657058716,698190000,0.0,0.0
2007-01-16 00:00:00-05:00,0.5424605911709164,0.5427659072128215,0.5331391344800414,0.5392516851425171,711864000,0.0,0.0
2007-01-17 00:00:00-05:00,0.5317637845615284,0.5349727447012538,0.5259574799201595,0.5279433727264404,707934000,0.0,0.0
2007-01-18 00:00:00-05:00,0.5233593359199877,0.5233593359199877,0.47767072929948007,0.48424166440963745,1501638000,0.0,0.0
2007-01-19 00:00:00-05:00,0.4790458484269531,0.4972294470239486,0.475683820216339,0.4871442914009094,942606000,0.0,0.0
2007-01-22 00:00:00-05:00,0.49172845801570697,0.49967465284111856,0.48531059196644444,0.4871442914009094,730644000,0.0,0.0
2007-01-23 00:00:00-05:00,0.48485241720224864,0.4950907555522199,0.4758372015782107,0.4872976243495941,630354000,0.0,0.0
2007-01-24 00:00:00-05:00,0.49356199960694097,0.5089960021578356,0.49126991677877885,0.5024250149726868,685722000,0.0,0.0
2007-01-25 00:00:00-05:00,0.5070093298655786,0.508843029456391,0.4824079177692976,0.4848521947860718,616284000,0.0,0.0
2007-01-26 00:00:00-05:00,0.4889780244062005,0.4937153143854418,0.4721696836907022,0.48087963461875916,829584000,0.0,0.0
2007-01-29 00:00:00-05:00,0.4787406315440384,0.47904589293556316,0.457041880210606,0.46116766333580017,1258284000,0.0,0.0
2007-01-30 00:00:00-05:00,0.4642234898959721,0.4730865087608876,0.4600977610354454,0.4700307250022888,636174000,0.0,0.0
2007-01-31 00:00:00-05:00,0.4677387053592639,0.47278131212203933,0.4619314694572334,0.4683493375778198,467976000,0.0,0.0
2007-02-01 00:00:00-05:00,0.46391819551780833,0.4767538759527265,0.46300137291122617,0.47430866956710815,650898000,0.0,0.0
2007-02-02 00:00:00-05:00,0.47690716927267907,0.48897822495986076,0.47293363233273933,0.4866861402988434,586590000,0.0,0.0
2007-02-05 00:00:00-05:00,0.4889780419620469,0.49875793833748105,0.4882143419131726,0.49463215470314026,579906000,0.0,0.0
2007-02-06 00:00:00-05:00,0.5057871976207732,0.5186228763250897,0.4982994405847134,0.5122050642967224,775386000,0.0,0.0
2007-02-07 00:00:00-05:00,0.5163308131037684,0.5334444691418156,0.5132741004851783,0.532222330570221,761058000,0.0,0.0
2007-02-08 00:00:00-05:00,0.5241237833128283,0.532833676592332,0.5195396174504435,0.5253459215164185,726276000,0.0,0.0
2007-02-09 00:00:00-05:00,0.5279437283747556,0.5323757041859447,0.49692443344805465,0.49891120195388794,937956000,0.0,0.0
2007-02-12 00:00:00-05:00,0.5025783962057231,0.5207620003627593,0.4972295990629361,0.5099130868911743,789360000,0.0,0.0
2007-02-13 00:00:00-05:00,0.5181645123629938,0.5236655021202463,0.512968784010468,0.5195397734642029,849732000,0.0,0.0
2007-02-14 00:00:00-05:00,0.5241239617826925,0.5271797455127369,0.5114404755956262,0.5126635432243347,1081848000,0.0,0.0
2007-02-15 00:00:00-05:00,0.5123572659556935,0.5183166941610833,0.5074677827750015,0.5157192945480347,488682000,0.0,0.0
2007-02-16 00:00:00-05:00,0.5135801874522578,0.514190764721845,0.49845242927842476,0.4999798834323883,915060000,0.0,0.0
2007-02-20 00:00:00-05:00,0.5007447691435648,0.5071625827419952,0.49722961721998316,0.5044121146202087,625578000,0.0,0.0
2007-02-21 00:00:00-05:00,0.5002865503781327,0.5056344757055117,0.4918819104609545,0.4969245195388794,655332000,0.0,0.0
2007-02-22 00:00:00-05:00,0.5047174447936541,0.5128158916420354,0.49891113699684375,0.5001332759857178,655452000,0.0,0.0
2007-02-23 00:00:00-05:00,0.5048706331096294,0.5051759493061883,0.49875813399853425,0.49891120195388794,403050000,0.0,0.0
2007-02-26 00:00:00-05:00,0.5002862058770265,0.5041057439555314,0.49050636535272685,0.4912700653076172,494070000,0.0,0.0
2007-02-27 00:00:00-05:00,0.4859222831259901,0.4973827586685218,0.47568400109996994,0.4764486849308014,714630000,0.0,0.0
2007-02-28 00:00:00-05:00,0.4750733407835073,0.4839354308205676,0.46926610555850434,0.47369807958602905,780048000,0.0,0.0
2007-03-01 00:00:00-05:00,0.46345993157670257,0.4766009314969215,0.4573473785339851,0.46789097785949707,837228000,0.0,0.0
2007-03-02 00:00:00-05:00,0.46376515193616297,0.4694192650650699,0.4539861565752008,0.4549030065536499,682728000,0.0,0.0
2007-03-05 00:00:00-05:00,0.4469567345400036,0.45581975279826553,0.4379414954391337,0.43946895003318787,663558000,0.0,0.0
2007-03-06 00:00:00-05:00,0.44909581649116725,0.4704892580661184,0.4472621436717979,0.4654466509819031,805974000,0.0,0.0
2007-03-07 00:00:00-05:00,0.4631544141256708,0.46529337504494644,0.45031873594472566,0.4523046016693115,811656000,0.0,0.0
2007-03-08 00:00:00-05:00,0.46177928684704966,0.4761424236888005,0.4614730417214136,0.47094762325286865,770622000,0.0,0.0
2007-03-09 00:00:00-05:00,0.47751771868318527,0.4828665164198713,0.4608624965679144,0.46621036529541016,555306000,0.0,0.0
2007-03-12 00:00:00-04:00,0.46086238995308576,0.4701829184123153,0.4602508288093788,0.4634597897529602,428010000,0.0,0.0
2007-03-13 00:00:00-04:00,0.4587224574447367,0.46147292488153696,0.4435946679520087,0.4439009130001068,617070000,0.0,0.0
2007-03-14 00:00:00-04:00,0.44512313541041737,0.4477205081364851,0.4284669865360628,0.4417611062526703,971610000,0.0,0.0
2007-03-15 00:00:00-04:00,0.44069206654222826,0.4446647279278138,0.430606880667089,0.437330037355423,655752000,0.0,0.0
2007-03-16 00:00:00-04:00,0.43763536609442505,0.43839999523100076,0.4301484817606423,0.4332042932510376,525648000,0.0,0.0
2007-03-19 00:00:00-04:00,0.43549633094969115,0.4423725823353666,0.43396797452447217,0.4353432357311249,461508000,0.0,0.0
2007-03-20 00:00:00-04:00,0.4339680207023108,0.4439010133191721,0.4315237431136344,0.4332042932510376,656490000,0.0,0.0
2007-03-21 00:00:00-04:00,0.4507771908402084,0.46514029759069875,0.44221946099250503,0.45795875787734985,1268376000,0.0,0.0
2007-03-22 00:00:00-04:00,0.45841720891713483,0.4707944508245001,0.45627824760505237,0.4680439829826355,810954000,0.0,0.0
2007-03-23 00:00:00-04:00,0.4645296925852769,0.47278120420098835,0.4594870869735694,0.4628481864929199,524640000,0.0,0.0
2007-03-26 00:00:00-04:00,0.463154541925766,0.4675855875054731,0.45536143969274234,0.4637651741504669,447336000,0.0,0.0
2007-03-27 00:00:00-04:00,0.46269596691087705,0.46361278933928735,0.45459667659058917,0.4550550878047943,469020000,0.0,0.0
2007-03-28 00:00:00-04:00,0.45123556493264,0.45505510292756635,0.44558145301108654,0.44634518027305603,459504000,0.0,0.0
2007-03-29 00:00:00-04:00,0.4530691463650374,0.45367975098392305,0.43137042717187996,0.43855199217796326,719016000,0.0,0.0
2007-03-30 00:00:00-04:00,0.4445115295791208,0.44772043566453823,0.4374830853136257,0.43977516889572144,581244000,0.0,0.0
2007-04-02 00:00:00-04:00,0.4387052753258806,0.4423725930931476,0.43213431253233586,0.4393168091773987,400830000,0.0,0.0
2007-04-03 00:00:00-04:00,0.43931681136279727,0.44420626784839984,0.433509575928943,0.4376353323459625,473724000,0.0,0.0
2007-04-04 00:00:00-04:00,0.43702468165462355,0.4405389313919367,0.4354963252494095,0.4367184638977051,361692000,0.0,0.0
2007-04-05 00:00:00-04:00,0.438552140524452,0.47262813590111624,0.438552140524452,0.4721696972846985,1332900000,0.0,0.0
2007-04-09 00:00:00-04:00,0.4721698346181776,0.4775177584385095,0.4626961806404444,0.46361300349235535,640950000,0.0,0.0
2007-04-10 00:00:00-04:00,0.46300138529166407,0.4683493078239684,0.4579588061730367,0.4588756561279297,794220000,0.0,0.0
2007-04-11 00:00:00-04:00,0.4597924710915761,0.4643766388182096,0.4490957518438919,0.45062410831451416,810150000,0.0,0.0
2007-04-12 00:00:00-04:00,0.4481789036507157,0.4648350509219827,0.4452761877834755,0.4634597897529602,743640000,0.0,0.0
2007-04-13 00:00:00-04:00,0.4619315008741065,0.4681971758707463,0.4562783161558851,0.4672802984714508,638694000,0.0,0.0
2007-04-16 00:00:00-04:00,0.4660572461056576,0.4695723432569393,0.45887567796933243,0.46483510732650757,671838000,0.0,0.0
2007-04-17 00:00:00-04:00,0.4766007159424048,0.48745050088328384,0.46697394381488344,0.46926602721214294,1059108000,0.0,0.0
2007-04-18 00:00:00-04:00,0.46850228890565804,0.4791990063494648,0.46605713755536843,0.47507327795028687,683802000,0.0,0.0
2007-04-19 00:00:00-04:00,0.4712529625937747,0.4843939612555692,0.4698777011356068,0.4816434383392334,568056000,0.0,0.0
2007-04-20 00:00:00-04:00,0.48867288601168135,0.4889782021885105,0.4808798094566619,0.4872976243495941,590052000,0.0,0.0
2007-04-23 00:00:00-04:00,0.4850054251797151,0.48592224785524263,0.4779760505849853,0.47935131192207336,595272000,0.0,0.0
2007-04-24 00:00:00-04:00,0.4874506976899539,0.5018138359180004,0.4842417905677204,0.497382789850235,1028088000,0.0,0.0
2007-04-25 00:00:00-04:00,0.4966187202713467,0.5086897665272401,0.49432663740116783,0.505939245223999,509640000,0.0,0.0
2007-04-26 00:00:00-04:00,0.5059393911366026,0.5160246023920111,0.5013552240741739,0.5122050642967224,500070000,0.0,0.0
2007-04-27 00:00:00-04:00,0.5105238140617737,0.5161779283603776,0.4972296915525063,0.5053290128707886,554058000,0.0,0.0
2007-04-30 00:00:00-04:00,0.5122050913170221,0.5186229036839476,0.5024251955862483,0.5025783181190491,563388000,0.0,0.0
2007-05-01 00:00:00-04:00,0.5117467583179376,0.5151079133663613,0.5038005606578525,0.507926344871521,544554000,0.0,0.0
2007-05-02 00:00:00-04:00,0.5105237838257907,0.512663674557845,0.4993695528359274,0.5019669532775879,659658000,0.0,0.0
2007-05-03 00:00:00-04:00,0.5067043313552875,0.5148027245736206,0.5057874537604132,0.5114406943321228,500250000,0.0,0.0
2007-05-04 00:00:00-04:00,0.5141910523093869,0.5177062043952513,0.5093015677845042,0.5151079297065735,405246000,0.0,0.0
2007-05-07 00:00:00-04:00,0.5225956396286023,0.5284019463554194,0.5042589677759614,0.5048704743385315,557100000,0.0,0.0
2007-05-08 00:00:00-04:00,0.5018135714227302,0.5099128880765426,0.4920346069943305,0.508689820766449,737100000,0.0,0.0
2007-05-09 00:00:00-04:00,0.5050227258344087,0.5138858013247951,0.49921641844133174,0.5109821557998657,417870000,0.0,0.0
2007-05-10 00:00:00-04:00,0.5131219565042077,0.519845085486686,0.49707736960552196,0.5015084147453308,802584000,0.0,0.0
2007-05-11 00:00:00-04:00,0.5285550132001618,0.5421543931014486,0.5204566233453406,0.5369596481323242,1530630000,0.0,0.0
2007-05-14 00:00:00-04:00,0.5348196878437652,0.5398622386224641,0.5265681765314818,0.5316107273101807,731568000,0.0,0.0
2007-05-15 00:00:00-04:00,0.5331391675951427,0.5363480738228581,0.5256514100608214,0.5268744230270386,621360000,0.0,0.0
2007-05-16 00:00:00-04:00,0.5273330208928171,0.5335977673530579,0.5172478605678756,0.5335977673530579,523104000,0.0,0.0
2007-05-17 00:00:00-04:00,0.5320693675302912,0.534819890559458,0.5216788913585981,0.5247346758842468,443664000,0.0,0.0
2007-05-18 00:00:00-04:00,0.5287080401781981,0.5366533060582922,0.5242760670289556,0.5351258516311646,604266000,0.0,0.0
2007-05-21 00:00:00-04:00,0.5335975582558043,0.550100581155219,0.5310001587445319,0.5368064641952515,645768000,0.0,0.0
2007-05-22 00:00:00-04:00,0.5372650715551159,0.5445997082001225,0.5285551188141985,0.5397102236747742,401736000,0.0,0.0
2007-05-23 00:00:00-04:00,0.5400152413465359,0.5432241465206916,0.5238175383435508,0.5253459215164185,448248000,0.0,0.0
2007-05-24 00:00:00-04:00,0.5277915278244771,0.5293189285012874,0.5042591197082446,0.50639808177948,607800000,0.0,0.0
2007-05-25 00:00:00-04:00,0.5100651854634511,0.5169414362078415,0.5085377308658905,0.5143440365791321,308976000,0.0,0.0
2007-05-29 00:00:00-04:00,0.5122051758436854,0.5215257055141773,0.510676791937869,0.5198451280593872,316242000,0.0,0.0
2007-05-30 00:00:00-04:00,0.5137325717813827,0.5210672616958618,0.5073147044443165,0.5210672616958618,331650000,0.0,0.0
2007-05-31 00:00:00-04:00,0.5248876455506079,0.532527651115048,0.522442439377861,0.5293186902999878,481572000,0.0,0.0
2007-06-01 00:00:00-04:00,0.5352780687057346,0.5432242639445708,0.5320691628379386,0.5329859852790833,429084000,0.0,0.0
2007-06-04 00:00:00-04:00,0.5280965569798354,0.5389454688198455,0.5259575958498526,0.5358896851539612,322002000,0.0,0.0
2007-06-05 00:00:00-04:00,0.5374179846084718,0.5526979404015816,0.5365011621229974,0.5517811179161072,698586000,0.0,0.0
2007-06-06 00:00:00-04:00,0.5479617469515073,0.5647700914486987,0.5456696627148911,0.5559070706367493,950736000,0.0,0.0
2007-06-07 00:00:00-04:00,0.5533098887579477,0.5615614061976647,0.5497956642339841,0.5499478578567505,791862000,0.0,0.0
2007-06-08 00:00:00-04:00,0.5453634829036536,0.5592691111676398,0.5386402979863318,0.5585053563117981,533268000,0.0,0.0
2007-06-11 00:00:00-04:00,0.5585052512512737,0.563853173664163,0.5554485383273098,0.560491144657135,434634000,0.0,0.0
2007-06-12 00:00:00-04:00,0.557588467978398,0.5653815426898998,0.5543795612910258,0.5546848773956299,526770000,0.0,0.0
2007-06-13 00:00:00-04:00,0.56079746842027,0.5681321603441337,0.5536150247172105,0.5679790377616882,587232000,0.0,0.0
2007-06-14 00:00:00-04:00,0.565381472147612,0.5802030452413812,0.5646168431154647,0.5780640840530396,508548000,0.0,0.0
2007-06-15 00:00:00-04:00,0.5846350006317235,0.6089310982875293,0.5844818780988361,0.6043469309806824,1081998000,0.0,0.0
2007-06-18 00:00:00-04:00,0.610458531664459,0.6125984217193838,0.5997627427778949,0.6046522259712219,685662000,0.0,0.0
2007-06-19 00:00:00-04:00,0.6008317703903959,0.6098479113400003,0.5967060417373973,0.6084727048873901,491952000,0.0,0.0
2007-06-20 00:00:00-04:00,0.6112234242649031,0.6142792637763862,0.6049578029342444,0.6090835332870483,822792000,0.0,0.0
2007-06-21 00:00:00-04:00,0.6208500128582367,0.6621075771027245,0.6161127225781267,0.656758725643158,1297326000,0.0,0.0
2007-06-22 00:00:00-04:00,0.6570650037310071,0.6703591236127739,0.6471320386872719,0.666538655757904,882618000,0.0,0.0
2007-06-25 00:00:00-04:00,0.6478967596063226,0.6637882271743202,0.6419373294802725,0.6489657759666443,819702000,0.0,0.0
2007-06-26 00:00:00-04:00,0.6472849283913253,0.6491186278603182,0.6173347223214213,0.6188631057739258,868482000,0.0,0.0
2007-06-27 00:00:00-04:00,0.6188633485600037,0.6362831997877336,0.61580750946498,0.6355194449424744,613140000,0.0,0.0
2007-06-28 00:00:00-04:00,0.6373530250418361,0.6485072536911446,0.6310873510980449,0.6416309475898743,597534000,0.0,0.0
2007-06-29 00:00:00-04:00,0.645909867564007,0.646062935463556,0.6309351710134455,0.6312404870986938,516570000,0.0,0.0
2007-07-02 00:00:00-04:00,0.6402557392675242,0.657828655061298,0.6382698458952181,0.6575233936309814,563850000,0.0,0.0
2007-07-03 00:00:00-04:00,0.657065007666319,0.6637881370965395,0.651716210553725,0.6585924625396729,238770000,0.0,0.0
2007-07-05 00:00:00-04:00,0.6587455063434213,0.6677607186912033,0.6555365454155307,0.6656217575073242,373290000,0.0,0.0
2007-07-06 00:00:00-04:00,0.6647049637500217,0.6714280926678163,0.6634828250721904,0.6688306927680969,282720000,0.0,0.0
2007-07-09 00:00:00-04:00,0.6712759582243754,0.6914463304099323,0.6711228356668395,0.6882373690605164,536784000,0.0,0.0
2007-07-10 00:00:00-04:00,0.6847223709738445,0.6990863837601621,0.6773876791818051,0.6949606537818909,552654000,0.0,0.0
2007-07-11 00:00:00-04:00,0.6948073800625729,0.6995446703199003,0.6822778899875972,0.6919046640396118,582612000,0.0,0.0
2007-07-12 00:00:00-04:00,0.696794188558857,0.7059625245165905,0.6919047044784009,0.7051988244056702,438732000,0.0,0.0
2007-07-13 00:00:00-04:00,0.7032123090021515,0.7116168932189892,0.7001564691570232,0.7009202241897583,372630000,0.0,0.0
2007-07-16 00:00:00-04:00,0.7015314905300585,0.716506133478633,0.7013783679722277,0.7136025428771973,541710000,0.0,0.0
2007-07-17 00:00:00-04:00,0.7165061014772425,0.7308701662187331,0.7099351657968849,0.7105466723442078,643812000,0.0,0.0
2007-07-18 00:00:00-04:00,0.7003085736281591,0.7024484645673047,0.6838055432202589,0.6975581049919128,550656000,0.0,0.0
2007-07-19 00:00:00-04:00,0.7074909925781457,0.7110052157535741,0.6919047868068693,0.6967942714691162,407376000,0.0,0.0
2007-07-20 00:00:00-04:00,0.7013782665922603,0.7038234728234524,0.6857921193219341,0.6891541481018066,505650000,0.0,0.0
2007-07-23 00:00:00-04:00,0.6867089213031845,0.7102413186871454,0.6851805376664492,0.6960303783416748,360474000,0.0,0.0
2007-07-24 00:00:00-04:00,0.6932797447657407,0.6990860496612488,0.6734146953052617,0.6776935458183289,457560000,0.0,0.0
2007-07-25 00:00:00-04:00,0.6778460689502527,0.6874728451771095,0.6588987616584947,0.6744849681854248,437196000,0.0,0.0
2007-07-26 00:00:00-04:00,0.6673023576224465,0.6873205359559283,0.6582871442271776,0.6778459548950195,710268000,0.0,0.0
2007-07-27 00:00:00-04:00,0.6761654615402222,0.7073378160577395,0.6758601454255895,0.6761654615402222,615480000,0.0,0.0
2007-07-30 00:00:00-04:00,0.6786105161062491,0.6961825557143417,0.6784573935786895,0.6951135396957397,538158000,0.0,0.0
2007-07-31 00:00:00-04:00,0.7226187742213205,0.7323977437431662,0.6983226696225334,0.6992394924163818,711492000,0.0,0.0
2007-08-01 00:00:00-04:00,0.6891542712044854,0.7061156826514189,0.6616492072977772,0.694043755531311,705828000,0.0,0.0
2007-08-02 00:00:00-04:00,0.7019897393258456,0.7026003167262416,0.6816662500405459,0.6909877061843872,468606000,0.0,0.0
2007-08-03 00:00:00-04:00,0.6886956591058838,0.6937382647259946,0.6497301844863355,0.6500355005264282,623412000,0.0,0.0
2007-08-06 00:00:00-04:00,0.6555366516113281,0.6604261359118909,0.6371999788704112,0.6555366516113281,524724000,0.0,0.0
2007-08-07 00:00:00-04:00,0.6555367006929201,0.6767770203565534,0.6468268023478919,0.6659272313117981,565764000,0.0,0.0
2007-08-08 00:00:00-04:00,0.6779992149581585,0.7174231440475979,0.6728035393649785,0.696641206741333,660744000,0.0,0.0
2007-08-09 00:00:00-04:00,0.7013784716162309,0.7242993699188984,0.685333881057685,0.7048926949501038,1251834000,0.0,0.0
2007-08-10 00:00:00-04:00,0.6471320227276133,0.6767769202114184,0.6324626418891534,0.6721927523612976,1141014000,0.0,0.0
2007-08-13 00:00:00-04:00,0.6775407773258825,0.6821249458686779,0.6509525342005493,0.6648581624031067,700410000,0.0,0.0
2007-08-14 00:00:00-04:00,0.6694420749215377,0.7013781745807524,0.6674553075491163,0.6906814575195312,1092174000,0.0,0.0
2007-08-15 00:00:00-04:00,0.6870142137139663,0.6967940543527172,0.6605791015063017,0.6614959239959717,695142000,0.0,0.0
2007-08-16 00:00:00-04:00,0.6549250242600189,0.6596623141339849,0.6188631920196813,0.6504939794540405,780030000,0.0,0.0
2007-08-17 00:00:00-04:00,0.6685255102458487,0.6894595848926774,0.6477436291644705,0.688848078250885,728712000,0.0,0.0
2007-08-20 00:00:00-04:00,0.6893063444038261,0.696794102006701,0.6776936777052767,0.6860973834991455,519684000,0.0,0.0
2007-08-21 00:00:00-04:00,0.6902231797713394,0.7287302195141779,0.6799857740350664,0.7232292294502258,715338000,0.0,0.0
2007-08-22 00:00:00-04:00,0.7415658508865276,0.7440110570129039,0.7265912107443468,0.7397322058677673,566154000,0.0,0.0
2007-08-23 00:00:00-04:00,0.7432475421004674,0.7519574953677093,0.7302587909556562,0.733467698097229,667986000,0.0,0.0
2007-08-24 00:00:00-04:00,0.7313285053159062,0.738663140087152,0.7259796544492145,0.7372878789901733,361644000,0.0,0.0
2007-08-27 00:00:00-04:00,0.7372882765327629,0.7617366351053576,0.7339262460619277,0.7539435029029846,635946000,0.0,0.0
2007-08-28 00:00:00-04:00,0.7563886108128381,0.7594444503036717,0.7062680123147811,0.7079495191574097,560022000,0.0,0.0
2007-08-29 00:00:00-04:00,0.72277077519874,0.7490536409585173,0.7212433205237381,0.7481368184089661,538560000,0.0,0.0
2007-08-30 00:00:00-04:00,0.7409553232738549,0.7623478332935346,0.7406491328199928,0.7438580393791199,465660000,0.0,0.0
2007-08-31 00:00:00-04:00,0.7594442275380656,0.784657150155563,0.7553184437757393,0.7817544341087341,720834000,0.0,0.0
2007-09-04 00:00:00-04:00,0.7852686611342471,0.8092594435115297,0.7730444878240035,0.8058974146842957,683268000,0.0,0.0
2007-09-05 00:00:00-04:00,0.8023832276758928,0.8251509434188651,0.7991743212451504,0.7997848987579346,656274000,0.0,0.0
2007-09-06 00:00:00-04:00,0.809718070613236,0.817052707461046,0.7999381722829602,0.8033002018928528,425496000,0.0,0.0
2007-09-07 00:00:00-04:00,0.780989810433147,0.7890891298276618,0.7589857941578649,0.7739613652229309,602304000,0.0,0.0
2007-09-10 00:00:00-04:00,0.7907695968648761,0.8045220982874625,0.7696824061578772,0.776100218296051,872112000,0.0,0.0
2007-09-11 00:00:00-04:00,0.7854981068840492,0.7985629828885312,0.7772465918686909,0.7926035523414612,405424000,0.0,1.5
2007-09-12 00:00:00-04:00,0.8010840971122286,0.804980689101725,0.7536379636958629,0.7614310383796692,554452000,0.0,0.0
2007-09-13 00:00:00-04:00,0.7758708571118336,0.7767876794105257,0.7561589317758828,0.7616599202156067,452864000,0.0,0.0
2007-09-14 00:00:00-04:00,0.7540962426878219,0.7550130652321883,0.7369055877287127,0.7391976714134216,487308000,0.0,0.0
2007-09-17 00:00:00-04:00,0.7403438755768735,0.7481369505963874,0.7295710857591464,0.7375933527946472,374828000,0.0,0.0
2007-09-18 00:00:00-04:00,0.7453865176932645,0.8136906599694629,0.7442404482639681,0.8022302389144897,844740000,0.0,0.0
2007-09-19 00:00:00-04:00,0.8095649599512016,0.8251511112987729,0.7797678094674325,0.7875609397888184,521360000,0.0,0.0
2007-09-20 00:00:00-04:00,0.7880191141065752,0.796499818276278,0.7742666119966379,0.782976508140564,324172000,0.0,0.0
2007-09-21 00:00:00-04:00,0.7907696437911611,0.8022300623234068,0.7829765154711651,0.7905403971672058,457532000,0.0,0.0
2007-09-24 00:00:00-04:00,0.7953539489542449,0.8228589581953252,0.7896237113718887,0.8107109069824219,456360000,0.0,0.0
2007-09-25 00:00:00-04:00,0.8058973119243441,0.8244631713577795,0.8036052284888244,0.8210250735282898,360748000,0.0,0.0
2007-09-26 00:00:00-04:00,0.8251508557482351,0.8423415099612365,0.8230880187748382,0.8405078649520874,518032000,0.0,0.0
2007-09-27 00:00:00-04:00,0.8485301911007307,0.8526559746389206,0.8340900580122401,0.8430292010307312,378280000,0.0,0.0
2007-09-28 00:00:00-04:00,0.8480717859071194,0.8510515001720167,0.8288182391727696,0.8306519389152527,404292000,0.0,0.0
2007-10-01 00:00:00-04:00,0.8377574814869573,0.869846711640312,0.8368406588305969,0.8657209277153015,398200000,0.0,0.0
2007-10-02 00:00:00-04:00,0.8636580008920113,0.865262508785368,0.8448629459286944,0.857469379901886,284960000,0.0,0.0
2007-10-03 00:00:00-04:00,0.8423414549433806,0.8423414549433806,0.8075017648644499,0.8210250735282898,467196000,0.0,0.0
2007-10-04 00:00:00-04:00,0.8201082611845294,0.8295057869916315,0.7964997413955629,0.82469242811203,378976000,0.0,0.0
2007-10-05 00:00:00-04:00,0.837757365502125,0.8510514834453966,0.8288182228831235,0.8464673161506653,344840000,0.0,0.0
2007-10-08 00:00:00-04:00,0.8524265854046497,0.8615949182822701,0.8423413755212076,0.8602196574211121,252484000,0.0,0.0
2007-10-09 00:00:00-04:00,0.860220003255097,0.8641165408298519,0.8324857468969984,0.845092236995697,403008000,0.0,0.0
2007-10-10 00:00:00-04:00,0.8508224959775607,0.8508224959775607,0.8256095681769865,0.8460091352462769,389136000,0.0,0.0
2007-10-11 00:00:00-04:00,0.8382160815017023,0.848759680698549,0.799250591953112,0.8084189295768738,529104000,0.0,0.0
2007-10-12 00:00:00-04:00,0.8173580503390933,0.828130841255188,0.8047515591653562,0.828130841255188,409952000,0.0,0.0
2007-10-15 00:00:00-04:00,0.8308814446069572,0.8448631986631001,0.8269849063233915,0.8340903520584106,355900000,0.0,0.0
2007-10-16 00:00:00-04:00,0.833173120611874,0.8565523934966667,0.8301934066830484,0.8416538238525391,276360000,0.0,0.0
2007-10-17 00:00:00-04:00,0.8744307893602473,0.9088120452838117,0.8735139667984696,0.9062907695770264,717944000,0.0,0.0
2007-10-18 00:00:00-04:00,0.9033110865871835,0.9092705154167574,0.8806194404965395,0.9056031703948975,340620000,0.0,0.0
2007-10-19 00:00:00-04:00,0.9035402667303789,0.903998705344948,0.85678171394784,0.8570109605789185,505768000,0.0,0.0
2007-10-22 00:00:00-04:00,0.8515100517160626,0.8994146813579693,0.8446337992854361,0.8975809812545776,537656000,0.0,0.0
2007-10-23 00:00:00-04:00,0.9092705057771183,0.9092705057771183,0.8774105247933826,0.9019358158111572,294292000,0.0,0.0
2007-10-24 00:00:00-04:00,0.8824531806567861,0.8824531806567861,0.8285891780546579,0.871451199054718,565500000,0.0,0.0
2007-10-25 00:00:00-04:00,0.8446336580290947,0.8526559785136395,0.7699116618689941,0.7953538298606873,806192000,0.0,0.0
2007-10-26 00:00:00-04:00,0.8205667731201332,0.8260678180095153,0.7770171805139212,0.7884775996208191,616580000,0.0,0.0
2007-10-29 00:00:00-04:00,0.7614308246642562,0.7735788719401204,0.7463030635548721,0.769911527633667,813896000,0.0,0.0
2007-10-30 00:00:00-04:00,0.7761003342620212,0.8143781847905731,0.7632646534201657,0.7981044054031372,525212000,0.0,0.0
2007-10-31 00:00:00-04:00,0.8029177068016764,0.811398411197613,0.777933977574541,0.8109400272369385,455188000,0.0,0.0
2007-11-01 00:00:00-04:00,0.7983335393094086,0.827213805440213,0.7873315045394137,0.8109400272369385,587236000,0.0,0.0
2007-11-02 00:00:00-04:00,0.822171475925436,0.8480720910822906,0.8107110533393792,0.84211266040802,491844000,0.0,0.0
2007-11-05 00:00:00-05:00,0.8350071601513409,0.8622830369480433,0.8297353602969941,0.84211266040802,436636000,0.0,0.0
2007-11-06 00:00:00-05:00,0.850134760194759,0.875576875257374,0.8462381683563668,0.8687006235122681,554620000,0.0,0.0
2007-11-07 00:00:00-05:00,0.8682424947971978,0.8716805943568203,0.8205670479108518,0.8274433016777039,546768000,0.0,0.0
2007-11-08 00:00:00-05:00,0.8194209462679933,0.8343195218441172,0.75203356811488,0.7756420969963074,996824000,0.0,0.0
2007-11-09 00:00:00-05:00,0.7919159758935052,0.7976462147813526,0.7483663680067755,0.7646401524543762,871056000,0.0,0.0
2007-11-12 00:00:00-05:00,0.764410749250439,0.7699117399029864,0.6883134841918945,0.6883134841918945,715732000,0.0,0.0
2007-11-13 00:00:00-05:00,0.6995446928568401,0.7497413473030994,0.6883134652089229,0.7490537166595459,726696000,0.0,0.0
2007-11-14 00:00:00-05:00,0.76807814413554,0.7754127805964094,0.7334676353614872,0.7373641729354858,666720000,0.0,0.0
2007-11-15 00:00:00-05:00,0.7325507341168932,0.7394269858012051,0.7105466631499863,0.7275081276893616,496436000,0.0,0.0
2007-11-16 00:00:00-05:00,0.7334675150270844,0.7458447564253344,0.7275080863101233,0.7437818646430969,423592000,0.0,0.0
2007-11-19 00:00:00-05:00,0.7332381457457483,0.7369054900848572,0.6896885615068294,0.6935850977897644,568412000,0.0,0.0
2007-11-20 00:00:00-05:00,0.7066501561321148,0.7077962254521751,0.667226289601604,0.6883134841918945,622628000,0.0,0.0
2007-11-21 00:00:00-05:00,0.6738733902179463,0.6972526702108531,0.6718104981059733,0.6809788346290588,648452000,0.0,0.0
2007-11-23 00:00:00-05:00,0.685792304226582,0.6956482722393508,0.677082351046758,0.6926685571670532,141976000,0.0,0.0
2007-11-26 00:00:00-05:00,0.6922101472364067,0.7064210924301633,0.6752487335406218,0.6766239404678345,385896000,0.0,0.0
2007-11-27 00:00:00-05:00,0.6862504430211313,0.7077960715851845,0.6809786455195888,0.7057331800460815,458856000,0.0,0.0
2007-11-28 00:00:00-05:00,0.7279665794107929,0.7630354690958213,0.7245284261830491,0.7529503107070923,574548000,0.0,0.0
2007-11-29 00:00:00-05:00,0.751804251215098,0.7816013974186451,0.7485953445924367,0.7591389417648315,489084000,0.0,0.0
2007-11-30 00:00:00-05:00,0.783893106334425,0.783893106334425,0.7206315535672563,0.7229236364364624,652656000,0.0,0.0
2007-12-03 00:00:00-05:00,0.733467698097229,0.7469910120768302,0.7222364684541229,0.733467698097229,490688000,0.0,0.0
2007-12-04 00:00:00-05:00,0.736676397303963,0.73919767296817,0.7185689197624021,0.732779860496521,371712000,0.0,0.0
2007-12-05 00:00:00-05:00,0.7607435631590107,0.7850396694945764,0.7513460332169918,0.7708287239074707,666704000,0.0,0.0
2007-12-06 00:00:00-05:00,0.7689949520138785,0.7889360781859615,0.7621186997253121,0.7864148020744324,371152000,0.0,0.0
2007-12-07 00:00:00-05:00,0.7896233869669775,0.7905402093021651,0.7685362000197985,0.776558518409729,320292000,0.0,0.0
2007-12-10 00:00:00-05:00,0.7790798778912857,0.79420763932718,0.7767877944812285,0.7850393056869507,336360000,0.0,0.0
2007-12-11 00:00:00-05:00,0.8017715973868077,0.8164409763442972,0.7841225588916365,0.7859562039375305,582436000,0.0,0.0
2007-12-12 00:00:00-05:00,0.8191916253069805,0.8272139471162168,0.7971876066459743,0.8130030035972595,617504000,0.0,0.0
2007-12-13 00:00:00-05:00,0.8031469986794191,0.808418797416005,0.7673904768627287,0.7907697558403015,500364000,0.0,0.0
2007-12-14 00:00:00-05:00,0.7871023401355085,0.8125445088622817,0.7818305418699424,0.8038345575332642,354016000,0.0,0.0
2007-12-17 00:00:00-05:00,0.795353724476155,0.8029176053474062,0.7609724179808789,0.7628061175346375,507408000,0.0,0.0
2007-12-18 00:00:00-05:00,0.7744958989648435,0.7907697333776085,0.7667028244095548,0.7822890281677246,396896000,0.0,0.0
2007-12-19 00:00:00-05:00,0.7795384601913194,0.7969583082497613,0.7763295537549829,0.7896236181259155,253536000,0.0,0.0
2007-12-20 00:00:00-05:00,0.8022301763626382,0.8079604137671231,0.7854979574622697,0.8061267137527466,279940000,0.0,0.0
2007-12-21 00:00:00-05:00,0.8157533801785221,0.8228588233403739,0.7985627248963548,0.8058974146842957,433408000,0.0,0.0
2007-12-24 00:00:00-05:00,0.8118568417578431,0.8240048909566864,0.8058974131474541,0.8201083540916443,104008000,0.0,0.0
2007-12-26 00:00:00-05:00,0.8217129489549938,0.8311104774475098,0.8136906272156395,0.8311104774475098,215340000,0.0,0.0
2007-12-27 00:00:00-05:00,0.8297349715817356,0.8343191931161421,0.8033760393062725,0.8054388761520386,241368000,0.0,0.0
2007-12-28 00:00:00-05:00,0.8040638716788556,0.8136906470714761,0.7905405586540689,0.7974168658256531,262064000,0.0,0.0
2007-12-31 00:00:00-05:00,0.7909992221544077,0.8054393620235076,0.7795387980239801,0.7797679901123047,276236000,0.0,0.0
2008-01-02 00:00:00-05:00,0.7820599041182341,0.7850396192060671,0.7463033777118383,0.7566177845001221,483964000,0.0,0.0
2008-01-03 00:00:00-05:00,0.760972443458816,0.7761002057078072,0.7479075727840278,0.7506580948829651,475308000,0.0,0.0
2008-01-04 00:00:00-05:00,0.7281958858389999,0.7318632316423503,0.6830417760221223,0.6876259446144104,736092000,0.0,0.0
2008-01-07 00:00:00-05:00,0.6922099465813267,0.6979401832661325,0.6039646404503571,0.6165711283683777,1006800000,0.0,0.0
2008-01-08 00:00:00-05:00,0.620009274935547,0.6713519985258669,0.6055691407567185,0.6296360492706299,1106956000,0.0,0.0
2008-01-09 00:00:00-05:00,0.6381168494932764,0.6624130082764718,0.6287193204021873,0.6621837615966797,741036000,0.0,0.0
2008-01-10 00:00:00-05:00,0.6440761467037414,0.6587455266912559,0.635595442137728,0.648431122303009,554432000,0.0,0.0
2008-01-11 00:00:00-05:00,0.6330740486475462,0.6463681103108102,0.6154249575471963,0.6200091242790222,572612000,0.0,0.0
2008-01-14 00:00:00-05:00,0.6291776326548918,0.6621836860178274,0.6190924739707029,0.6612668633460999,539188000,0.0,0.0
2008-01-15 00:00:00-05:00,0.6360541175877119,0.6436180023827888,0.601901985327121,0.6126748323440552,725692000,0.0,0.0
2008-01-16 00:00:00-05:00,0.5741675394124923,0.5812729824729065,0.5308470865339733,0.543453574180603,1464472000,0.0,0.0
2008-01-17 00:00:00-05:00,0.5519343555770923,0.5666036823475123,0.5326808061278479,0.5340560674667358,1133900000,0.0,0.0
2008-01-18 00:00:00-05:00,0.5356604939957513,0.572333891057185,0.5161778081621927,0.5693541765213013,920428000,0.0,0.0
2008-01-22 00:00:00-05:00,0.5150318574109284,0.5542265393888085,0.5118229501407777,0.5409324169158936,709092000,0.0,0.0
2008-01-23 00:00:00-05:00,0.5189283039746632,0.5670621231301748,0.513885751910009,0.5507883429527283,929880000,0.0,0.0
2008-01-24 00:00:00-05:00,0.5615610799111027,0.5931918692768231,0.5562892816834826,0.5929626226425171,597092000,0.0,0.0
2008-01-25 00:00:00-05:00,0.6156542842793546,0.6294067862650524,0.5691249257820671,0.5718753933906555,688012000,0.0,0.0
2008-01-28 00:00:00-05:00,0.5698127576132018,0.5755429414741103,0.5528512887883745,0.5649993419647217,577608000,0.0,0.0
2008-01-29 00:00:00-05:00,0.5750845788312322,0.5847113558398791,0.5601860018711365,0.582419216632843,414484000,0.0,0.0
2008-01-30 00:00:00-05:00,0.5730213908501027,0.5860862606370795,0.5608733434846094,0.5773763656616211,530476000,0.0,0.0
2008-01-31 00:00:00-05:00,0.564769800176062,0.5741673789528293,0.5462038891812775,0.5636237859725952,588708000,0.0,0.0
2008-02-01 00:00:00-05:00,0.5624780351034088,0.6188633756972384,0.5576646743621166,0.615654468536377,593104000,0.0,0.0
2008-02-04 00:00:00-05:00,0.6289485362256908,0.6323866900766323,0.5931920094139079,0.5964009165763855,565128000,0.0,0.0
2008-02-05 00:00:00-05:00,0.5844820657403847,0.5847113124326336,0.5588106987214974,0.5590398907661438,494928000,0.0,0.0
2008-02-06 00:00:00-05:00,0.5649992285874944,0.580585432670819,0.5468917484831177,0.5572061538696289,557380000,0.0,0.0
2008-02-07 00:00:00-05:00,0.5411614907224588,0.5785224604330719,0.5294718256192187,0.5627070665359497,664128000,0.0,0.0
2008-02-08 00:00:00-05:00,0.557435223336298,0.5771471524524165,0.5501005888926228,0.5727922320365906,393932000,0.0,0.0
2008-02-11 00:00:00-05:00,0.5776059230926421,0.5870035091401288,0.5707296686091122,0.5746262073516846,503732000,0.0,0.0
2008-02-12 00:00:00-05:00,0.5833358268587272,0.6041937703970186,0.5801268662279596,0.5959422588348389,609688000,0.0,0.0
2008-02-13 00:00:00-05:00,0.6005265920750246,0.6211554040141919,0.5941087783322412,0.6193217039108276,742312000,0.0,0.0
2008-02-14 00:00:00-05:00,0.6012142802716081,0.6016727190031846,0.5168655429364418,0.518240749835968,2184296000,0.0,0.0
2008-02-15 00:00:00-05:00,0.5161778589856845,0.5301595557633395,0.5021961075604332,0.51044762134552,817364000,0.0,0.0
2008-02-19 00:00:00-05:00,0.5198452053403209,0.5207620828068521,0.4985288152241066,0.502883791923523,558608000,0.0,0.0
2008-02-20 00:00:00-05:00,0.4882142212441001,0.506550887137656,0.48615132993680255,0.4992161989212036,759016000,0.0,0.0
2008-02-21 00:00:00-05:00,0.5042589070839453,0.5067801827659477,0.48500536023793256,0.4879850745201111,644272000,0.0,0.0
2008-02-22 00:00:00-05:00,0.49188159543766685,0.5125104027690689,0.4882143053452779,0.5115935802459717,723052000,0.0,0.0
2008-02-25 00:00:00-05:00,0.5111352083880116,0.5170946375375084,0.49784108880104333,0.5113644003868103,671784000,0.0,0.0
2008-02-26 00:00:00-05:00,0.5083846052725424,0.5235123677485061,0.500591532072071,0.5157192945480347,565420000,0.0,0.0
2008-02-27 00:00:00-05:00,0.5131980077876908,0.5278673313700867,0.5099890471451446,0.523741602897644,537816000,0.0,0.0
2008-02-28 00:00:00-05:00,0.5191575715709075,0.5200743942880439,0.5040297508239746,0.5040297508239746,503608000,0.0,0.0
2008-02-29 00:00:00-05:00,0.4957781556181346,0.502425159478295,0.48821427464494843,0.49027711153030396,540576000,0.0,0.0
2008-03-03 00:00:00-05:00,0.48958960092586423,0.4930277543228046,0.4781291806820536,0.48454704880714417,449028000,0.0,0.0
2008-03-04 00:00:00-05:00,0.4813382189330209,0.48225509652111237,0.46093864893114717,0.47973376512527466,778888000,0.0,0.0
2008-03-05 00:00:00-05:00,0.4843176814731807,0.4966949759705638,0.4792751306108957,0.4852345585823059,644656000,0.0,0.0
2008-03-06 00:00:00-05:00,0.4792751040462686,0.4824840098076057,0.4540621325419919,0.4547497630119324,1075284000,0.0,0.0
2008-03-07 00:00:00-05:00,0.44649838097498445,0.4657519303988472,0.43549637224977483,0.4481028616428375,767500000,0.0,0.0
2008-03-10 00:00:00-04:00,0.4426017810872036,0.4481027983345187,0.4217438085899122,0.42243143916130066,776100000,0.0,0.0
2008-03-11 00:00:00-04:00,0.4354963487596262,0.4407681471689968,0.4180765002740002,0.4364131987094879,857940000,0.0,0.0
2008-03-12 00:00:00-04:00,0.44053894011262534,0.4444354771258808,0.4208269810881822,0.42449432611465454,743320000,0.0,0.0
2008-03-13 00:00:00-04:00,0.41784732098657446,0.45795884753379323,0.4153260448614483,0.451541006565094,1220528000,0.0,0.0
2008-03-14 00:00:00-04:00,0.45383300400155524,0.45429141527095923,0.41670119935156613,0.41991013288497925,1154972000,0.0,0.0
2008-03-17 00:00:00-04:00,0.4015734762120614,0.4235775198979056,0.39676008909417715,0.40936657786369324,800952000,0.0,0.0
2008-03-18 00:00:00-04:00,0.41899336409823856,0.4354963915804838,0.40707453216845985,0.43480876088142395,1075256000,0.0,0.0
2008-03-19 00:00:00-04:00,0.4247235664339445,0.43068296824199764,0.40478241443634033,0.40478241443634033,880476000,0.0,0.0
2008-03-20 00:00:00-04:00,0.409595754021982,0.42541114870937546,0.4022610912928316,0.42449432611465454,633460000,0.0,0.0
2008-03-24 00:00:00-04:00,0.433891942744182,0.46162617174983245,0.43228748931197536,0.45910489559173584,887440000,0.0,0.0
2008-03-25 00:00:00-04:00,0.46116789582994266,0.47446196509108857,0.4568129185514599,0.4657520651817322,735388000,0.0,0.0
2008-03-26 00:00:00-04:00,0.4595632692586446,0.462772175669056,0.4458107390494395,0.4508533179759979,721652000,0.0,0.0
2008-03-27 00:00:00-04:00,0.4439771552740281,0.4565836187720609,0.43710087513311946,0.44443556666374207,601308000,0.0,0.0
2008-03-28 00:00:00-04:00,0.45245776150232747,0.4627721657695364,0.4478735939719207,0.4510825276374817,561788000,0.0,0.0
2008-03-31 00:00:00-04:00,0.4558957980216101,0.46437652815389824,0.4478735064117721,0.45360371470451355,569992000,0.0,0.0
2008-04-01 00:00:00-04:00,0.467127224461279,0.4824841829567549,0.4604801639648083,0.48133811354637146,676872000,0.0,0.0
2008-04-02 00:00:00-04:00,0.48271321965625635,0.48271321965625635,0.46300129118022343,0.46666863560676575,616536000,0.0,0.0
2008-04-03 00:00:00-04:00,0.46277214449248755,0.46345977505519187,0.44443544789014,0.45795875787734985,841984000,0.0,0.0
2008-04-04 00:00:00-04:00,0.44879044875057156,0.45108256000403474,0.4293077353483987,0.4304537773132324,1535528000,0.0,0.0
2008-04-07 00:00:00-04:00,0.4409974016143518,0.44741524247940606,0.4373300561703787,0.44076818227767944,729496000,0.0,0.0
2008-04-08 00:00:00-04:00,0.4354963509829985,0.45245778824218574,0.4354963509829985,0.43824684619903564,639476000,0.0,0.0
2008-04-09 00:00:00-04:00,0.44328932024850143,0.45154083075604484,0.43916356499472975,0.44695666432380676,675232000,0.0,0.0
2008-04-10 00:00:00-04:00,0.45177018593498525,0.47010691293766865,0.4421434384133228,0.45566675066947937,1092184000,0.0,0.0
2008-04-11 00:00:00-04:00,0.44695686418005726,0.4497073598045236,0.42197310223483964,0.42472362518310547,1106280000,0.0,0.0
2008-04-14 00:00:00-04:00,0.423118995659503,0.4240358454279848,0.4079912340555573,0.4105125367641449,780004000,0.0,0.0
2008-04-15 00:00:00-04:00,0.41257544716769473,0.41693042257755786,0.4036363316967957,0.41532596945762634,439916000,0.0,0.0
2008-04-16 00:00:00-04:00,0.43114143192404747,0.43733005341341585,0.4235775490709096,0.431829035282135,646836000,0.0,0.0
2008-04-17 00:00:00-04:00,0.4118878908398837,0.42747406718858494,0.41165867151501323,0.4258696138858795,596968000,0.0,0.0
2008-04-18 00:00:00-04:00,0.4389344340269006,0.4428309981370523,0.4299953186156185,0.4359547197818756,573540000,0.0,0.0
2008-04-21 00:00:00-04:00,0.43251670105600587,0.4584172857910445,0.43251670105600587,0.455437570810318,679892000,0.0,0.0
2008-04-22 00:00:00-04:00,0.4471858562511463,0.4519992419345112,0.4373298929570771,0.44695666432380676,587668000,0.0,0.0
2008-04-23 00:00:00-04:00,0.45314541593335816,0.4735449789110182,0.44718598690082934,0.46850237250328064,1020496000,0.0,0.0
2008-04-24 00:00:00-04:00,0.4712529116227135,0.47354499558921376,0.45039493659804253,0.45727118849754333,655764000,0.0,0.0
2008-04-25 00:00:00-04:00,0.46162607550320073,0.4630013366290992,0.4471859429764371,0.46185532212257385,552208000,0.0,0.0
2008-04-28 00:00:00-04:00,0.45979236151970504,0.4666686114709948,0.45177004258607856,0.45360371470451355,535700000,0.0,0.0
2008-04-29 00:00:00-04:00,0.44856129459473243,0.46873166766603286,0.44856129459473243,0.46300143003463745,573408000,0.0,0.0
2008-04-30 00:00:00-04:00,0.46850243731013536,0.4760663206442409,0.4652935303556901,0.4710237681865692,1068320000,0.0,0.0
2008-05-01 00:00:00-04:00,0.4767538948505879,0.4939445516576717,0.4744618109194828,0.4927985370159149,1014624000,0.0,0.0
2008-05-02 00:00:00-04:00,0.5063217494329311,0.5161777138710022,0.4987578684770258,0.5161777138710022,1131016000,0.0,0.0
2008-05-05 00:00:00-04:00,0.5127396189764656,0.5150317027163536,0.5021960228434634,0.5033420920372009,943392000,0.0,0.0
2008-05-06 00:00:00-04:00,0.5019669364797774,0.5175530873313748,0.4941738064063803,0.5164070725440979,729036000,0.0,0.0
2008-05-07 00:00:00-04:00,0.5177821679511964,0.5246584184124008,0.5001330759179489,0.5044880509376526,715632000,0.0,0.0
2008-05-08 00:00:00-04:00,0.5083847109441613,0.5099891643102512,0.4815673330932951,0.5031129121780396,1360000000,0.0,0.0
2008-05-09 00:00:00-04:00,0.5044882127298657,0.5370358305434701,0.5035713899705243,0.5164070725440979,2030352000,0.0,0.0
2008-05-12 00:00:00-04:00,0.5230541582122089,0.5230541582122089,0.49669516107230527,0.5017377138137817,1006652000,0.0,0.0
2008-05-13 00:00:00-04:00,0.5042589906581578,0.5042589906581578,0.4877559633828717,0.4914233088493347,854108000,0.0,0.0
2008-05-14 00:00:00-04:00,0.4976118561057803,0.5189282403832866,0.4914232354636123,0.5058633685112,751148000,0.0,0.0
2008-05-15 00:00:00-04:00,0.5047173297235986,0.5473501554947098,0.5024252458422006,0.5450580716133118,1165464000,0.0,0.0
2008-05-16 00:00:00-04:00,0.5542264516689228,0.5606443198410431,0.5416199619845544,0.5594982504844666,1091556000,0.0,0.0
2008-05-19 00:00:00-04:00,0.5597273908026934,0.5801269534964242,0.5439119958167051,0.5478085875511169,1158532000,0.0,0.0
2008-05-20 00:00:00-04:00,0.5329101365754935,0.5390987589259713,0.5274091450025801,0.5335977673530579,771404000,0.0,0.0
2008-05-21 00:00:00-04:00,0.5349725700994444,0.555601311791735,0.5280962682211257,0.5292423367500305,1066660000,0.0,0.0
2008-05-22 00:00:00-04:00,0.5368065772423779,0.5464333517356208,0.5283258720531938,0.5420783758163452,693108000,0.0,0.0
2008-05-23 00:00:00-04:00,0.5411614721839471,0.5455164474515578,0.5219079260785016,0.5297010540962219,802672000,0.0,0.0
2008-05-27 00:00:00-04:00,0.5306177882209662,0.5361187770571774,0.5205325782657415,0.5354311466217041,832856000,0.0,0.0
2008-05-28 00:00:00-04:00,0.5501007127572416,0.5514759194548698,0.534285316582376,0.5404739379882812,751736000,0.0,0.0
2008-05-29 00:00:00-04:00,0.5407031333829883,0.5416199560696804,0.5292427131803523,0.5390986800193787,693460000,0.0,0.0
2008-05-30 00:00:00-04:00,0.5544556924538729,0.5679790060245234,0.5528512389316059,0.5661453604698181,830244000,0.0,0.0
2008-06-02 00:00:00-04:00,0.5661454321319891,0.5727924937424742,0.5599568092920089,0.5684375166893005,734660000,0.0,0.0
2008-06-03 00:00:00-04:00,0.5702710408073203,0.5711879181527119,0.5425368399752966,0.5491838455200195,840696000,0.0,0.0
2008-06-04 00:00:00-04:00,0.5370359119826581,0.5567478502119197,0.534056196577239,0.5556018352508545,831724000,0.0,0.0
2008-06-05 00:00:00-04:00,0.5748550945485629,0.5810437694842423,0.5631654845207807,0.5695832967758179,827860000,0.0,0.0
2008-06-06 00:00:00-04:00,0.5627071707192739,0.5633948014201643,0.5482670352957656,0.5514759421348572,784876000,0.0,0.0
2008-06-09 00:00:00-04:00,0.5482668326415102,0.5558307129078949,0.5319930577959189,0.542995035648346,637916000,0.0,0.0
2008-06-10 00:00:00-04:00,0.528325890299615,0.52901352097628,0.5074678872851625,0.5109060406684875,1225208000,0.0,0.0
2008-06-11 00:00:00-04:00,0.5109061369092909,0.5232833821256089,0.4863807838819144,0.48706841468811035,999428000,0.0,0.0
2008-06-12 00:00:00-04:00,0.4980702816890482,0.5076970003706454,0.48592217805484994,0.49004796147346497,825992000,0.0,0.0
2008-06-13 00:00:00-04:00,0.490735757111367,0.4964659409234503,0.47400353512982174,0.48844367265701294,705748000,0.0,0.0
2008-06-16 00:00:00-04:00,0.4831716746979017,0.48775584172568826,0.47789987715118903,0.48179641366004944,630496000,0.0,0.0
2008-06-17 00:00:00-04:00,0.48867282554088337,0.4889020175736678,0.46896088988383533,0.47010695934295654,687912000,0.0,0.0
2008-06-18 00:00:00-04:00,0.46529346607824956,0.4813380532816125,0.4487904402386115,0.4563543498516083,1065272000,0.0,0.0
2008-06-19 00:00:00-04:00,0.45887567418427366,0.46529348750208255,0.4442062929191226,0.45520830154418945,784928000,0.0,0.0
2008-06-20 00:00:00-04:00,0.4451231305041846,0.45795881142965544,0.44489391118188143,0.4529162049293518,741008000,0.0,0.0
2008-06-23 00:00:00-04:00,0.4563543158686965,0.45681272714704035,0.4396220719569053,0.44351860880851746,776616000,0.0,0.0
2008-06-24 00:00:00-04:00,0.4409974254790222,0.4687316824987434,0.4409974254790222,0.4581880569458008,1078928000,0.0,0.0
2008-06-25 00:00:00-04:00,0.4652935617393066,0.4687317155992539,0.45337472854542554,0.4607093930244446,900976000,0.0,0.0
2008-06-26 00:00:00-04:00,0.4469568217840031,0.4503949478194127,0.4371008276939392,0.4371008276939392,845532000,0.0,0.0
2008-06-27 00:00:00-04:00,0.43893445658231073,0.4444354740843729,0.42884929881422135,0.4419141709804535,584140000,0.0,0.0
2008-06-30 00:00:00-04:00,0.4368716211597469,0.44076815840555744,0.4260988047479585,0.42907851934432983,653940000,0.0,0.0
2008-07-01 00:00:00-04:00,0.42403587967257295,0.43022449998350304,0.41624277896817147,0.42976608872413635,881464000,0.0,0.0
2008-07-02 00:00:00-04:00,0.4277032735651703,0.4304537687613677,0.4125754816765967,0.41326311230659485,763196000,0.0,0.0
2008-07-03 00:00:00-04:00,0.29751284590611354,0.3009509726457514,0.28421875038142,0.28628161549568176,2987520000,0.0,0.0
2008-07-07 00:00:00-04:00,0.29063653143255047,0.2924702041069617,0.2695493366625164,0.27734243869781494,2202692000,0.0,0.0
2008-07-08 00:00:00-04:00,0.27917612457188107,0.28605237693318997,0.2704661721256655,0.2757379710674286,1805288000,0.0,0.0
2008-07-09 00:00:00-04:00,0.27642558867760897,0.2805513453637701,0.2709245979785919,0.2709245979785919,1413168000,0.0,0.0
2008-07-10 00:00:00-04:00,0.2722998336881768,0.2755087677190958,0.2651943622775245,0.2702369689941406,1056992000,0.0,0.0
2008-07-11 00:00:00-04:00,0.26473590108155187,0.27413345474861356,0.25946410334939024,0.26748642325401306,807760000,0.0,0.0
2008-07-14 00:00:00-04:00,0.26954928078564416,0.2716121450393574,0.2535046687034002,0.2553383409976959,882316000,0.0,0.0
2008-07-15 00:00:00-04:00,0.25304625141570397,0.26336065440924056,0.24525317850585635,0.2580888569355011,1122484000,0.0,0.0
2008-07-16 00:00:00-04:00,0.25900576312918,0.2663404271784729,0.2519002911079217,0.25946417450904846,1034392000,0.0,0.0
2008-07-17 00:00:00-04:00,0.2635899199969062,0.2635899199969062,0.25029582662188743,0.2603810131549835,862080000,0.0,0.0
2008-07-18 00:00:00-04:00,0.25854727753044765,0.2665695700085548,0.25121258826285947,0.26496511697769165,899720000,0.0,0.0
2008-07-21 00:00:00-04:00,0.2690910079341828,0.2729875464861476,0.2642776191016465,0.26656970381736755,571636000,0.0,0.0
2008-07-22 00:00:00-04:00,0.26404827907992434,0.2651943209142583,0.25579679426699525,0.2608393728733063,555924000,0.0,0.0
2008-07-23 00:00:00-04:00,0.2626730722829097,0.2713829965842227,0.26152703033073155,0.2686325013637543,594876000,0.0,0.0
2008-07-24 00:00:00-04:00,0.2658819038264484,0.2684032063396152,0.2521294042792574,0.2528170347213745,705628000,0.0,0.0
2008-07-25 00:00:00-04:00,0.25533834414492995,0.2658819394742445,0.2500665464802727,0.26496511697769165,1039600000,0.0,0.0
2008-07-28 00:00:00-04:00,0.26152705214796357,0.27298747262580164,0.2603810101001797,0.26427754759788513,734808000,0.0,0.0
2008-07-29 00:00:00-04:00,0.2647359497177525,0.2736750937729307,0.2617562350326931,0.2670280337333679,764636000,0.0,0.0
2008-07-30 00:00:00-04:00,0.2722997120917119,0.2727581505512664,0.2571719533448151,0.26313138008117676,588492000,0.0,0.0
2008-07-31 00:00:00-04:00,0.2624437631552935,0.2679447790375907,0.25946404963452246,0.2622145712375641,487236000,0.0,0.0
2008-08-01 00:00:00-04:00,0.2553385150679086,0.2562553655019903,0.2452533515596781,0.2484622597694397,881060000,0.0,0.0
2008-08-04 00:00:00-04:00,0.24846213342041604,0.24983739471027996,0.2418150736178015,0.24250270426273346,522052000,0.0,0.0
2008-08-05 00:00:00-04:00,0.24708686434500152,0.25648441910743713,0.24433636917573584,0.25648441910743713,685844000,0.0,0.0
2008-08-06 00:00:00-04:00,0.25717208951138926,0.26565282297051096,0.2489205754034111,0.26336073875427246,814864000,0.0,0.0
2008-08-07 00:00:00-04:00,0.2610687276054877,0.2727583713095004,0.25625533847470444,0.25923505425453186,819232000,0.0,0.0
2008-08-08 00:00:00-04:00,0.2612978932516006,0.26358997787736693,0.25121270450394617,0.25212955474853516,853764000,0.0,0.0
2008-08-11 00:00:00-04:00,0.2539632497286861,0.2635900005190566,0.2530463994053421,0.25740137696266174,1196436000,0.0,0.0
2008-08-12 00:00:00-04:00,0.25946414283018715,0.2601517734779343,0.2500665877331669,0.25373393297195435,1410868000,0.0,0.0
2008-08-13 00:00:00-04:00,0.27390440641154795,0.2851356109845367,0.2672573441076148,0.28100985288619995,2095260000,0.0,0.0
2008-08-14 00:00:00-04:00,0.278946830827354,0.3092023550061524,0.278946830827354,0.29797112941741943,1635304000,0.0,0.0
2008-08-15 00:00:00-04:00,0.30324291044431145,0.3066810628445367,0.29499139933134916,0.2970542907714844,777652000,0.0,0.0
2008-08-18 00:00:00-04:00,0.299117383989513,0.305764447289386,0.2959084757232365,0.30301395058631897,893968000,0.0,0.0
2008-08-19 00:00:00-04:00,0.29682520596155804,0.30943169760952555,0.29682520596155804,0.3075980246067047,1014140000,0.0,0.0
2008-08-20 00:00:00-04:00,0.3121820877473791,0.32364250597977345,0.3098900041009003,0.32272568345069885,1143692000,0.0,0.0
2008-08-21 00:00:00-04:00,0.31699545512013194,0.3195167579079493,0.30576422953887983,0.31218206882476807,1021560000,0.0,0.0
2008-08-22 00:00:00-04:00,0.31447410194245523,0.3181414458964078,0.3053057693813601,0.3119527995586395,459264000,0.0,0.0
2008-08-25 00:00:00-04:00,0.31011915778417637,0.31745381843638026,0.3064518137961811,0.3073686361312866,471600000,0.0,0.0
2008-08-26 00:00:00-04:00,0.3089732196939004,0.30920241169255125,0.29682514208014404,0.3000340759754181,613112000,0.0,0.0
2008-08-27 00:00:00-04:00,0.29315777869134496,0.3059934576328339,0.29040725654403193,0.30232611298561096,454620000,0.0,0.0
2008-08-28 00:00:00-04:00,0.30278457760236543,0.30599351156521887,0.29820040964725747,0.3011801242828369,365192000,0.0,0.0
2008-08-29 00:00:00-04:00,0.29705436398602936,0.2979711866361978,0.288802850839329,0.28971970081329346,516004000,0.0,0.0
2008-09-02 00:00:00-04:00,0.29453304123820934,0.2970543443451612,0.27848845465453714,0.282384991645813,693928000,0.0,0.0
2008-09-03 00:00:00-04:00,0.27848844000455364,0.27963448184309947,0.2647359106182115,0.2672572135925293,714856000,0.0,0.0
2008-09-04 00:00:00-04:00,0.2642775493113219,0.26702804477907627,0.2619854652008936,0.26358991861343384,716128000,0.0,0.0
2008-09-05 00:00:00-04:00,0.26129777568976714,0.2681740264733366,0.26106858372458985,0.26748642325401306,791100000,0.0,0.0
2008-09-08 00:00:00-04:00,0.2700077302856687,0.2700077302856687,0.2521294706997494,0.25648441910743713,1314840000,0.0,0.0
2008-09-09 00:00:00-04:00,0.25556759825221753,0.27115377408378205,0.24685767405306716,0.24777449667453766,1098296000,0.0,0.0
2008-09-10 00:00:00-04:00,0.2507541260850247,0.2557967307632583,0.24639917912522558,0.24800363183021545,644284000,0.0,0.0
2008-09-11 00:00:00-04:00,0.23379276485543665,0.24112745483259218,0.22829176103446702,0.23608484864234924,1066976000,0.0,0.0
2008-09-12 00:00:00-04:00,0.23402198345959482,0.23562643664084784,0.22026946711759643,0.23356357216835022,1209200000,0.0,0.0
2008-09-15 00:00:00-04:00,0.22531201999961528,0.22875015893526082,0.21041346348480258,0.21316397190093994,863984000,0.0,0.0
2008-09-16 00:00:00-04:00,0.2056001098716317,0.2214155039895954,0.20170355933677353,0.21981103718280792,1240840000,0.0,0.0
2008-09-17 00:00:00-04:00,0.21476842820049757,0.23425115204662994,0.21270555027214044,0.2292085736989975,1392580000,0.0,0.0
2008-09-18 00:00:00-04:00,0.2319590366790243,0.2617561460798401,0.2315006254964429,0.2496080994606018,1611060000,0.0,0.0
2008-09-19 00:00:00-04:00,0.26152700185775757,0.26358986621757186,0.24983736428869674,0.26152700185775757,1107344000,0.0,0.0
2008-09-22 00:00:00-04:00,0.25946418587442777,0.2670280696068773,0.25465079786546885,0.2560260593891144,700072000,0.0,0.0
2008-09-23 00:00:00-04:00,0.2539631943320444,0.26336075098455763,0.24777454480176475,0.2486913949251175,821468000,0.0,0.0
2008-09-24 00:00:00-04:00,0.24548237961446756,0.26290222565807475,0.2441071458681563,0.25785964727401733,866036000,0.0,0.0
2008-09-25 00:00:00-04:00,0.2578596807872345,0.2690909081226501,0.25350470504843436,0.26290225982666016,588328000,0.0,0.0
2008-09-26 00:00:00-04:00,0.2564843969354561,0.2697785149725762,0.25167103763628423,0.2679448425769806,646852000,0.0,0.0
2008-09-29 00:00:00-04:00,0.26083942458077497,0.2640483314235103,0.22920863089427976,0.23150071501731873,975240000,0.0,0.0
2008-09-30 00:00:00-04:00,0.23516789467069854,0.24777434845559387,0.23264659298420795,0.24548226594924927,659044000,0.0,0.0
2008-10-01 00:00:00-04:00,0.24181500092737246,0.2461699754869572,0.23425112075444113,0.23860609531402588,557208000,0.0,0.0
2008-10-02 00:00:00-04:00,0.24021057479016264,0.24021057479016264,0.21270554547380566,0.21385160088539124,787728000,0.0,0.0
2008-10-03 00:00:00-04:00,0.21728979303249377,0.22347842858328273,0.20560015265719217,0.20697540044784546,915828000,0.0,0.0
2008-10-06 00:00:00-04:00,0.19711937505351293,0.19757778629523606,0.16755146742929644,0.1799287348985672,1677440000,0.0,0.0
2008-10-07 00:00:00-04:00,0.1863466126532134,0.18680502398939816,0.16457178728457209,0.16594703495502472,1059984000,0.0,0.0
2008-10-08 00:00:00-04:00,0.1599875960880767,0.17924111533158799,0.15838312932016924,0.1693851500749588,1219456000,0.0,0.0
2008-10-09 00:00:00-04:00,0.17557384285137825,0.17809514685929445,0.15677874079711349,0.15861240029335022,909636000,0.0,0.0
2008-10-10 00:00:00-04:00,0.14485982249302728,0.16800987684876287,0.14394298635762964,0.15609103441238403,1200252000,0.0,0.0
2008-10-13 00:00:00-04:00,0.16938517741910014,0.18474214870127828,0.1673222990484316,0.1845129430294037,916536000,0.0,0.0
2008-10-14 00:00:00-04:00,0.19138919275472702,0.19253523476161352,0.17534459099641742,0.18038718402385712,1209012000,0.0,0.0
2008-10-15 00:00:00-04:00,0.17924113751636725,0.18015797383123508,0.16090445220470428,0.16090445220470428,854064000,0.0,0.0
2008-10-16 00:00:00-04:00,0.16571783151559083,0.17740747102639226,0.1581539487335309,0.1764906346797943,1019820000,0.0,0.0
2008-10-17 00:00:00-04:00,0.17144803454645188,0.18542975640307469,0.1682391145521139,0.1753445714712143,839416000,0.0,0.0
2008-10-20 00:00:00-04:00,0.1813040348406518,0.182679282626363,0.17442776858829703,0.17878273129463196,595764000,0.0,0.0
2008-10-21 00:00:00-04:00,0.1753445258345365,0.17717819782888145,0.16411331560843362,0.16503015160560608,659116000,0.0,0.0
2008-10-22 00:00:00-04:00,0.162738132833121,0.16961439927891758,0.1544866322248249,0.1588415950536728,600996000,0.0,0.0
2008-10-23 00:00:00-04:00,0.1583831521657382,0.16227970316822166,0.1434845924834052,0.14990243315696716,832192000,0.0,0.0
2008-10-24 00:00:00-04:00,0.1375252450105043,0.15930006750105621,0.13683761400378502,0.15150697529315948,798336000,0.0,0.0
2008-10-27 00:00:00-04:00,0.15059004072773577,0.16915592923539963,0.14577665412981033,0.15975838899612427,698936000,0.0,0.0
2008-10-28 00:00:00-04:00,0.16823912330962573,0.18405450479919708,0.16525940880365664,0.1838252991437912,849920000,0.0,0.0
2008-10-29 00:00:00-04:00,0.1826792642175771,0.20170358026072865,0.18176242789886043,0.18978473544120789,977284000,0.0,0.0
2008-10-30 00:00:00-04:00,0.20055752273143715,0.20170356462552216,0.18565896444643484,0.19780701398849487,657176000,0.0,0.0
2008-10-31 00:00:00-04:00,0.19161841814397965,0.20468330563269457,0.1911599931295921,0.200786754488945,608672000,0.0,0.0
2008-11-03 00:00:00-05:00,0.20514169896513487,0.20880904411049328,0.19024314005138593,0.19345206022262573,723924000,0.0,0.0
2008-11-04 00:00:00-05:00,0.2000991418005302,0.20582935214042664,0.19482734282306585,0.20582935214042664,619560000,0.0,0.0
2008-11-05 00:00:00-05:00,0.1982654783286024,0.2039956889373309,0.19505655765533447,0.19505655765533447,787620000,0.0,0.0
2008-11-06 00:00:00-05:00,0.18359605559669911,0.19047230581109786,0.17419850270750506,0.1746569275856018,797936000,0.0,0.0
2008-11-07 00:00:00-05:00,0.19895302015535965,0.2078921617182425,0.18565893110651613,0.19986985623836517,1132068000,0.0,0.0
2008-11-10 00:00:00-05:00,0.2074337659057906,0.20857982141652268,0.18267924284428702,0.18703420460224152,576396000,0.0,0.0
2008-11-11 00:00:00-05:00,0.18428374976127557,0.18565899754698673,0.17694907213431688,0.17878273129463196,576484000,0.0,0.0
2008-11-12 00:00:00-05:00,0.1732817108839634,0.1774074675314266,0.16617625324613075,0.16823913156986237,646092000,0.0,0.0
2008-11-13 00:00:00-05:00,0.16044600552068677,0.18222082748417018,0.15723708568351094,0.18199162185192108,797228000,0.0,0.0
2008-11-14 00:00:00-05:00,0.17465697394718194,0.1755737966229507,0.1636549515570746,0.16434258222579956,741024000,0.0,0.0
2008-11-17 00:00:00-05:00,0.16273811117254197,0.16709307342174073,0.15929998523821104,0.16090445220470428,388224000,0.0,0.0
2008-11-18 00:00:00-05:00,0.1641133475369961,0.1650301837125408,0.1503608322276177,0.1556326299905777,564488000,0.0,0.0
2008-11-19 00:00:00-05:00,0.15425735030965984,0.15815390017075082,0.14210930318669138,0.14279693365097046,500220000,0.0,0.0
2008-11-20 00:00:00-05:00,0.14165094609307652,0.148756418750441,0.13362865059389803,0.1352331042289734,847036000,0.0,0.0
2008-11-21 00:00:00-05:00,0.1395880190493068,0.14623506367206573,0.13179491905941512,0.14623506367206573,599064000,0.0,0.0
2008-11-24 00:00:00-05:00,0.15517419425171555,0.1576954969741295,0.14669347729664908,0.15586182475090027,600308000,0.0,0.0
2008-11-25 00:00:00-05:00,0.16273811286595194,0.16319653785910512,0.1556326552601101,0.160216823220253,528256000,0.0,0.0
2008-11-26 00:00:00-05:00,0.15746628339999116,0.17488614282746756,0.1565494609170831,0.17442771792411804,600792000,0.0,0.0
2008-11-28 00:00:00-05:00,0.17167729717131477,0.17419858741017255,0.16892678755100518,0.1712188720703125,175248000,0.0,0.0
2008-12-01 00:00:00-05:00,0.16434257140172176,0.16594702464054154,0.15632026422193043,0.15654948353767395,547112000,0.0,0.0
2008-12-02 00:00:00-05:00,0.15952919709675245,0.16732229924482445,0.15746631872366262,0.16525942087173462,479988000,0.0,0.0
2008-12-03 00:00:00-05:00,0.1588416014821686,0.17396936914849884,0.15746633994021103,0.17374016344547272,584632000,0.0,0.0
2008-12-04 00:00:00-05:00,0.17030198889312145,0.17878270748926012,0.1583831444595503,0.16227969527244568,466292000,0.0,0.0
2008-12-05 00:00:00-05:00,0.15723708895849356,0.16938515166347315,0.15448659399042397,0.1686975210905075,438484000,0.0,0.0
2008-12-08 00:00:00-05:00,0.17190645829709197,0.17534458418417834,0.15929998304921084,0.16319653391838074,707992000,0.0,0.0
2008-12-09 00:00:00-05:00,0.16113370630066273,0.18542982813081732,0.15930003311977126,0.1790119856595993,829760000,0.0,0.0
2008-12-10 00:00:00-05:00,0.1824500410987816,0.20055751909091415,0.17947032676348953,0.19597335159778595,961124000,0.0,0.0
2008-12-11 00:00:00-05:00,0.19482731938400816,0.20170357096462382,0.1854297646276488,0.187721848487854,582700000,0.0,0.0
2008-12-12 00:00:00-05:00,0.1822208414043403,0.19826544181589456,0.1785534963606152,0.19711939990520477,679268000,0.0,0.0
2008-12-15 00:00:00-05:00,0.19826541025491048,0.199411451983167,0.18451289585393707,0.19070152938365936,476996000,0.0,0.0
2008-12-16 00:00:00-05:00,0.19253524731655605,0.20399568179463778,0.1907015881831064,0.20353727042675018,521940000,0.0,0.0
2008-12-17 00:00:00-05:00,0.19986990383026412,0.21660213559003705,0.19711940858820967,0.21362242102622986,674180000,0.0,0.0
2008-12-18 00:00:00-05:00,0.21224721268306723,0.21293484345178074,0.1913892205383942,0.19391052424907684,550808000,0.0,0.0
2008-12-19 00:00:00-05:00,0.19643171953020375,0.2039955996892889,0.19459804747288195,0.19528567790985107,593120000,0.0,0.0
2008-12-22 00:00:00-05:00,0.19826544670092727,0.19872385801173903,0.17671984185482364,0.1838252991437912,522464000,0.0,0.0
2008-12-23 00:00:00-05:00,0.1849713544061354,0.18886790547629267,0.17855351362111083,0.18130402266979218,377452000,0.0,0.0
2008-12-24 00:00:00-05:00,0.17763664107607616,0.18199161626458749,0.1732816795494606,0.17694902420043945,146616000,0.0,0.0
2008-12-26 00:00:00-05:00,0.17694900728816673,0.17924109064500995,0.16732224899228854,0.1721356213092804,226156000,0.0,0.0
2008-12-29 00:00:00-05:00,0.17442774785947124,0.17763666808605194,0.16319653389738764,0.17763666808605194,460168000,0.0,0.0
2008-12-30 00:00:00-05:00,0.17992876201619862,0.1865758079943544,0.17580300557130257,0.1838252991437912,409860000,0.0,0.0
2008-12-31 00:00:00-05:00,0.18153323614024403,0.18955554429710658,0.17832431560987883,0.18497136235237122,441580000,0.0,0.0
2009-01-02 00:00:00-05:00,0.18497137970808028,0.20101598386535796,0.1842837625982758,0.19964073598384857,497124000,0.0,0.0
2009-01-05 00:00:00-05:00,0.19734860219917566,0.20789219852775231,0.19597335466211255,0.20330803096294403,705736000,0.0,0.0
2009-01-06 00:00:00-05:00,0.20926745472186553,0.21614372001543475,0.20468328696741775,0.21018429100513458,657904000,0.0,0.0
2009-01-07 00:00:00-05:00,0.2053709209316101,0.2053709209316101,0.1904723481638313,0.1975778192281723,870096000,0.0,0.0
2009-01-08 00:00:00-05:00,0.19505653984499552,0.19505653984499552,0.18061639130284976,0.19253523647785187,1014496000,0.0,0.0
2009-01-09 00:00:00-05:00,0.19253522988035265,0.19253522988035265,0.18130401576522515,0.1817624270915985,761352000,0.0,0.0
2009-01-12 00:00:00-05:00,0.18176239342065093,0.18267922956545446,0.17190642877232992,0.17442771792411804,645532000,0.0,0.0
2009-01-13 00:00:00-05:00,0.16846832019558872,0.1819916307652619,0.16525940020125074,0.1753445714712143,1824424000,0.0,0.0
2009-01-14 00:00:00-05:00,0.1691559408861354,0.1712188190470576,0.16503019822618814,0.16755148768424988,974908000,0.0,0.0
2009-01-15 00:00:00-05:00,0.1684683456548511,0.17626143434397942,0.16503021949746205,0.17351093888282776,998204000,0.0,0.0
2009-01-16 00:00:00-05:00,0.17832425438317126,0.18474209324036997,0.1725940459970633,0.18313764035701752,831324000,0.0,0.0
2009-01-20 00:00:00-05:00,0.18267927054502767,0.18336690122335714,0.1638841595150757,0.16525942087173462,705788000,0.0,0.0
2009-01-21 00:00:00-05:00,0.16846836955177216,0.17442778633753214,0.16227973339348611,0.1732817441225052,648472000,0.0,0.0
2009-01-22 00:00:00-05:00,0.16778070992441835,0.1746569756947757,0.16388415886581922,0.1700727939605713,547656000,0.0,0.0
2009-01-23 00:00:00-05:00,0.1652594111288624,0.18199164279927543,0.16503020547023156,0.17671984434127808,633616000,0.0,0.0
2009-01-26 00:00:00-05:00,0.1776366872634212,0.1879510796987764,0.17465698603711796,0.18267928063869476,581748000,0.0,0.0
2009-01-27 00:00:00-05:00,0.1856589722815855,0.19482732148308393,0.18497134165135642,0.19345206022262573,725300000,0.0,0.0
2009-01-28 00:00:00-05:00,0.20032831180718233,0.2046832736223497,0.1939104719046308,0.2014743536710739,723752000,0.0,0.0
2009-01-29 00:00:00-05:00,0.19482732836320063,0.1971194123290433,0.1888678991224912,0.18978473544120789,413128000,0.0,0.0
2009-01-30 00:00:00-05:00,0.18840949650682645,0.19345207600010844,0.17992877724389023,0.18222086131572723,506760000,0.0,0.0
2009-02-02 00:00:00-05:00,0.1794703139823443,0.19413966530993923,0.17855347781663264,0.19207678735256195,577992000,0.0,0.0
2009-02-03 00:00:00-05:00,0.19253519675245337,0.1959733357562742,0.18726339909674317,0.1943688690662384,396948000,0.0,0.0
2009-02-04 00:00:00-05:00,0.1948272782746767,0.20972583388425353,0.1948272782746767,0.19986985623836517,779232000,0.0,0.0
2009-02-05 00:00:00-05:00,0.1945981074708007,0.2168313436195589,0.19253522918576654,0.21453925967216492,919192000,0.0,0.0
2009-02-06 00:00:00-05:00,0.21522687050285563,0.2276041254114537,0.21155952559519936,0.22622887790203094,1157880000,0.0,0.0
2009-02-09 00:00:00-05:00,0.22531204533247112,0.22852096534781044,0.21706054648009637,0.2232491672039032,716128000,0.0,0.0
2009-02-10 00:00:00-05:00,0.2230199760373612,0.2259996906011684,0.20949666450125037,0.21362242102622986,1129664000,0.0,0.0
2009-02-11 00:00:00-05:00,0.196660944405831,0.20376641407827198,0.18015793525738458,0.18680498003959656,1983400000,0.0,0.0
2009-02-12 00:00:00-05:00,0.1826792236239686,0.1918475711119159,0.18015793455418325,0.19070152938365936,1024020000,0.0,0.0
2009-02-13 00:00:00-05:00,0.1863465774893511,0.19276441695627242,0.18497131641651385,0.1904723197221756,764304000,0.0,0.0
2009-02-17 00:00:00-05:00,0.18336688112367822,0.18772184306463427,0.17878269987380574,0.17947033047676086,779576000,0.0,0.0
2009-02-18 00:00:00-05:00,0.17947031702936433,0.19024311825105766,0.17924111139951895,0.18428370356559753,646252000,0.0,0.0
2009-02-19 00:00:00-05:00,0.18795106856922217,0.18955553559166835,0.1700727939605713,0.1700727939605713,743988000,0.0,0.0
2009-02-20 00:00:00-05:00,0.16778067295166169,0.17717822635852867,0.1661762199446771,0.17442771792411804,770056000,0.0,0.0
2009-02-23 00:00:00-05:00,0.1774074467038344,0.17832428292473412,0.16525939751618057,0.16640543937683105,679548000,0.0,0.0
2009-02-24 00:00:00-05:00,0.1673222990782671,0.18153322834170765,0.16709307974445306,0.18130402266979218,659524000,0.0,0.0
2009-02-25 00:00:00-05:00,0.18084562082464248,0.1888679296642754,0.17465699858086597,0.18336692452430725,702360000,0.0,0.0
2009-02-26 00:00:00-05:00,0.18978472618502826,0.19574414147318703,0.187034217363026,0.18932630121707916,1117556000,0.0,0.0
2009-02-27 00:00:00-05:00,0.1845129368550105,0.19413969770868858,0.1831376892078845,0.18978473544120789,755444000,0.0,0.0
2009-03-02 00:00:00-05:00,0.18520059887768367,0.1890971368148291,0.17305253267449391,0.17374016344547272,700064000,0.0,0.0
2009-03-03 00:00:00-05:00,0.17694900352021792,0.18749259766669718,0.17121878158823464,0.1806163340806961,1041372000,0.0,0.0
2009-03-04 00:00:00-05:00,0.18542980396984501,0.19941152941308393,0.18382533673014692,0.19391052424907684,1108668000,0.0,0.0
2009-03-05 00:00:00-05:00,0.19115997376508068,0.19895306160124093,0.18840947860497584,0.18932630121707916,955252000,0.0,0.0
2009-03-06 00:00:00-05:00,0.18932629749870056,0.19918227700421362,0.1868050080411398,0.1923060119152069,974756000,0.0,0.0
2009-03-09 00:00:00-04:00,0.19093074058252008,0.20537088590764505,0.18978469882073665,0.19024311006069183,682768000,0.0,0.0
2009-03-10 00:00:00-04:00,0.19711936965182317,0.21110108974587738,0.195285697411388,0.20743374526500702,1254800000,0.0,0.0
2009-03-11 00:00:00-04:00,0.20743374944946097,0.2716121425403786,0.20399562417571082,0.21316397190093994,864916000,0.0,0.0
2009-03-12 00:00:00-04:00,0.2124763963262991,0.2280625873910969,0.20972590086079884,0.225770503282547,1604604000,0.0,0.0
2009-03-13 00:00:00-04:00,0.22256162089542156,0.22783342071225188,0.2188942747644607,0.22462449967861176,1195156000,0.0,0.0
2009-03-16 00:00:00-04:00,0.22691654024173055,0.22714574591505926,0.21408085859253917,0.2159145176410675,699344000,0.0,0.0
2009-03-17 00:00:00-04:00,0.21660214111736956,0.2271457383587286,0.21385164580512694,0.22668732702732086,1005384000,0.0,0.0
2009-03-18 00:00:00-04:00,0.2232492131733023,0.24043987233840772,0.2230200074811315,0.23379281163215637,1359560000,0.0,0.0
2009-03-19 00:00:00-04:00,0.23539716853833162,0.23539716853833162,0.22943776833987592,0.23104222118854523,822648000,0.0,0.0
2009-03-20 00:00:00-04:00,0.23448039419934516,0.23470961350632533,0.21247636537152148,0.21843579411506653,1093672000,0.0,0.0
2009-03-23 00:00:00-04:00,0.2253120563647447,0.23470962488783118,0.22026947728080234,0.23425118625164032,816048000,0.0,0.0
2009-03-24 00:00:00-04:00,0.22852099817995905,0.23058389026680448,0.22301999360073468,0.22416603565216064,1114868000,0.0,0.0
2009-03-25 00:00:00-04:00,0.23104229572926002,0.23837695920653626,0.21912343683941435,0.22783337533473969,1243852000,0.0,0.0
2009-03-26 00:00:00-04:00,0.2315007595230783,0.24250277089354916,0.22897946923540005,0.2420443594455719,1333664000,0.0,0.0
2009-03-27 00:00:00-04:00,0.239522983908707,0.24548241292270062,0.2360848580907403,0.23975220322608948,731892000,0.0,0.0
2009-03-30 00:00:00-04:00,0.23058389436024687,0.23356360921161132,0.22118632478030556,0.2243952453136444,780052000,0.0,0.0
2009-03-31 00:00:00-04:00,0.22783332563969338,0.23150065657841262,0.2243951866611431,0.225999653339386,805272000,0.0,0.0
2009-04-01 00:00:00-04:00,0.2232491632071637,0.23379275930622045,0.214768445199744,0.2317298948764801,887920000,0.0,0.0
2009-04-02 00:00:00-04:00,0.24043983965173335,0.24685768013143866,0.23700171375086937,0.24250270426273346,1002860000,0.0,0.0
2009-04-03 00:00:00-04:00,0.24273195421535582,0.26015180524075077,0.23860619714894132,0.25946417450904846,1003208000,0.0,0.0
2009-04-06 00:00:00-04:00,0.2551091652519009,0.2624438275714516,0.251671039728006,0.260151743888855,887288000,0.0,0.0
2009-04-07 00:00:00-04:00,0.2551090701532451,0.2578595640822831,0.2496080549713864,0.2512125074863434,607804000,0.0,0.0
2009-04-08 00:00:00-04:00,0.25396312033211776,0.2622146324189598,0.251900228648511,0.26152700185775757,731652000,0.0,0.0
2009-04-09 00:00:00-04:00,0.26817416548069095,0.2768840931194048,0.2661113001058561,0.2759672701358795,904412000,0.0,0.0
2009-04-13 00:00:00-04:00,0.272529051765123,0.27275827109620326,0.26106863168704586,0.2670280337333679,767628000,0.0,0.0
2009-04-14 00:00:00-04:00,0.2633607029189757,0.275050341760711,0.2622146609667975,0.2686325013637543,711960000,0.0,0.0
2009-04-15 00:00:00-04:00,0.2592349989817678,0.2622147141262755,0.2500666341818204,0.2610686719417572,1045368000,0.0,0.0
2009-04-16 00:00:00-04:00,0.26588190125751915,0.2709245062351315,0.2557967459498695,0.26771557331085205,1038772000,0.0,0.0
2009-04-17 00:00:00-04:00,0.2677156673125082,0.27207064338378806,0.26129782653427264,0.26954934000968933,695764000,0.0,0.0
2009-04-20 00:00:00-04:00,0.25923482062863734,0.26152690342072477,0.2519001338349319,0.25327539443969727,590660000,0.0,0.0
2009-04-21 00:00:00-04:00,0.24983735998853765,0.26313145042239305,0.24617001527444235,0.25258785486221313,932184000,0.0,0.0
2009-04-22 00:00:00-04:00,0.2502957785889308,0.2706953397583167,0.2461700224954983,0.260151743888855,916404000,0.0,0.0
2009-04-23 00:00:00-04:00,0.26267312032166723,0.26496520464520945,0.24800376425671647,0.2560260593891144,753952000,0.0,0.0
2009-04-24 00:00:00-04:00,0.2585472955927746,0.263819093625724,0.2523586476754291,0.2619854211807251,759508000,0.0,0.0
2009-04-27 00:00:00-04:00,0.25854728319167,0.26588194529606857,0.2509834017962184,0.25258785486221313,787024000,0.0,0.0
2009-04-28 00:00:00-04:00,0.24937885915790511,0.2585471903262547,0.24708674904203554,0.25327539443969727,634392000,0.0,0.0
2009-04-29 00:00:00-04:00,0.25442166472865646,0.25556770715574834,0.24639936773901336,0.24937908351421356,859668000,0.0,0.0
2009-04-30 00:00:00-04:00,0.2541922399766342,0.2704660402248479,0.2521293762037777,0.26313138008117676,1110276000,0.0,0.0
2009-05-01 00:00:00-04:00,0.2624438174870287,0.2736750434944673,0.26221462552185143,0.26748642325401306,840548000,0.0,0.0
2009-05-04 00:00:00-04:00,0.27207054928787083,0.28398937671171237,0.2684032051618638,0.2819265127182007,927704000,0.0,0.0
2009-05-05 00:00:00-04:00,0.2757380081078815,0.2775716811153112,0.264735997387105,0.2704662084579468,837076000,0.0,0.0
2009-05-06 00:00:00-04:00,0.2734458207040752,0.2759671235552826,0.2596933193130344,0.26496511697769165,935088000,0.0,0.0
2009-05-07 00:00:00-04:00,0.27092465895961365,0.27092465895961365,0.24250276709676863,0.2459408938884735,1289196000,0.0,0.0
2009-05-08 00:00:00-04:00,0.24066901414792824,0.24066901414792824,0.2088090333893631,0.2120179533958435,2930564000,0.0,0.0
2009-05-11 00:00:00-04:00,0.20857985916764274,0.22141554112726397,0.20674618641286857,0.21614374220371246,1038596000,0.0,0.0
2009-05-12 00:00:00-04:00,0.22095711836727247,0.22095711836727247,0.20170359523094156,0.20582935214042664,1201384000,0.0,0.0
2009-05-13 00:00:00-04:00,0.20445409531475245,0.20560013733185467,0.19093078311866818,0.19253523647785187,1305608000,0.0,0.0
2009-05-14 00:00:00-04:00,0.1923059642321766,0.1994114332078782,0.19093071702013215,0.19528567790985107,1017864000,0.0,0.0
2009-05-15 00:00:00-04:00,0.19666103372949675,0.20720463338904216,0.19436894922296974,0.20032837986946106,780308000,0.0,0.0
2009-05-18 00:00:00-04:00,0.20537085789275197,0.21385157397022173,0.20491243305343562,0.21247631311416626,938320000,0.0,0.0
2009-05-19 00:00:00-04:00,0.21385165124333166,0.21912343633617345,0.21041351152274995,0.2166021466255188,859768000,0.0,0.0
2009-05-20 00:00:00-04:00,0.22049865343660893,0.234938785449803,0.21958181727258308,0.22301994264125824,1309436000,0.0,0.0
2009-05-21 00:00:00-04:00,0.22026948174885852,0.22462444395254566,0.21545609456157921,0.22164472937583923,965600000,0.0,0.0
2009-05-22 00:00:00-04:00,0.22164474810910684,0.2282917948068651,0.21751899121756058,0.2250828742980957,718260000,0.0,0.0
2009-05-26 00:00:00-04:00,0.22301998289808544,0.23906458450997306,0.2207278989052298,0.23723091185092926,865540000,0.0,0.0
2009-05-27 00:00:00-04:00,0.23608487778972867,0.2447948027200952,0.23379279371983208,0.2376893311738968,814152000,0.0,0.0
2009-05-28 00:00:00-04:00,0.2413566180680452,0.24296107106301235,0.23058383101750501,0.24089820683002472,995288000,0.0,0.0
2009-05-29 00:00:00-04:00,0.24112745111113698,0.24158586239668578,0.23081304690542426,0.239064559340477,834232000,0.0,0.0
2009-06-01 00:00:00-04:00,0.241815063991978,0.25212946860778496,0.2408982413844281,0.2507542073726654,1022764000,0.0,0.0
2009-06-02 00:00:00-04:00,0.2507542598860104,0.25625527865472564,0.24410722627975504,0.2486913949251175,907984000,0.0,0.0
2009-06-03 00:00:00-04:00,0.24548237385781124,0.24639922365764302,0.2349387787643859,0.24089820683002472,735688000,0.0,0.0
2009-06-04 00:00:00-04:00,0.24158580813217112,0.2500665106431832,0.24135658887898667,0.2496080994606018,673180000,0.0,0.0
2009-06-05 00:00:00-04:00,0.25419248253089705,0.25419248253089705,0.24525336122029615,0.24823305010795593,559992000,0.0,0.0
2009-06-08 00:00:00-04:00,0.24639932111507426,0.25029585916511826,0.24066908274008988,0.24685773253440857,473948000,0.0,0.0
2009-06-09 00:00:00-04:00,0.25029582662188743,0.2631315086371741,0.24846215385916107,0.2603810131549835,725032000,0.0,0.0
2009-06-10 00:00:00-04:00,0.2617562223268899,0.27023695463204456,0.25602601256599916,0.2686325013637543,833320000,0.0,0.0
2009-06-11 00:00:00-04:00,0.26932002226465857,0.27963442400187194,0.2635898142571995,0.26519426703453064,835156000,0.0,0.0
2009-06-12 00:00:00-04:00,0.26129773636391945,0.2647358612382594,0.2553383089855486,0.26381903886795044,595000000,0.0,0.0
2009-06-15 00:00:00-04:00,0.25900576312918,0.26244388946389224,0.2548800060627655,0.25946417450904846,445164000,0.0,0.0
2009-06-16 00:00:00-04:00,0.25946411560899946,0.26267304918722817,0.2486913276704876,0.25235864520072937,594912000,0.0,0.0
2009-06-17 00:00:00-04:00,0.2562552222426892,0.26106860919022074,0.24639925636009263,0.258547306060791,799016000,0.0,0.0
2009-06-18 00:00:00-04:00,0.25763057089246516,0.2624439599839649,0.250754316375355,0.25350481271743774,566376000,0.0,0.0
2009-06-19 00:00:00-04:00,0.25602607947306505,0.2626731409270462,0.2528171720979035,0.25625529885292053,747564000,0.0,0.0
2009-06-22 00:00:00-04:00,0.2571720437524724,0.2571720437524724,0.24089823778327654,0.24181506037712097,574864000,0.0,0.0
2009-06-23 00:00:00-04:00,0.24410721035673863,0.24456562172661278,0.23127150073367136,0.24066905677318573,589764000,0.0,0.0
2009-06-24 00:00:00-04:00,0.24364878755617844,0.2544216057318206,0.24364878755617844,0.2486913949251175,515096000,0.0,0.0
2009-06-25 00:00:00-04:00,0.2463991993511821,0.2622145904311844,0.2438778968051013,0.26175615191459656,870444000,0.0,0.0
2009-06-26 00:00:00-04:00,0.26061010062856343,0.2661111167099963,0.2583180174255798,0.26519426703453064,513956000,0.0,0.0
2009-06-29 00:00:00-04:00,0.26588189746018315,0.2700076526903111,0.26244377265570773,0.26519426703453064,510056000,0.0,0.0
2009-06-30 00:00:00-04:00,0.2642774727839969,0.2679448172282415,0.2539630972738227,0.25877645611763,589844000,0.0,0.0
2009-07-01 00:00:00-04:00,0.2603810026948071,0.26336071739905986,0.25556761530149125,0.2599225640296936,696420000,0.0,0.0
2009-07-02 00:00:00-04:00,0.25144192682683575,0.2546508344107899,0.2463993460561346,0.2498374730348587,552312000,0.0,0.0
2009-07-06 00:00:00-04:00,0.24960816171997582,0.2498373810303341,0.23768930405723246,0.24181506037712097,752456000,0.0,0.0
2009-07-07 00:00:00-04:00,0.2427319694141028,0.24410723096361986,0.23058391680603857,0.23127152025699615,1072996000,0.0,0.0
2009-07-08 00:00:00-04:00,0.23264671743996615,0.23333434802447742,0.22256154628454916,0.2317298948764801,1205860000,0.0,0.0
2009-07-09 00:00:00-04:00,0.23562646539923918,0.24066904486596827,0.23493883471654944,0.23677250742912292,714564000,0.0,0.0
2009-07-10 00:00:00-04:00,0.23677250847545714,0.23929381188186236,0.2317299289864441,0.2376893311738968,520008000,0.0,0.0
2009-07-13 00:00:00-04:00,0.24250268172869244,0.24250268172869244,0.2280625488221228,0.24043981730937958,556012000,0.0,0.0
2009-07-14 00:00:00-04:00,0.24227336136987834,0.24639911534605438,0.23952284050324177,0.24548226594924927,452568000,0.0,0.0
2009-07-15 00:00:00-04:00,0.2544216276085847,0.2606102503472005,0.25212954308881574,0.25556766986846924,1022808000,0.0,0.0
2009-07-16 00:00:00-04:00,0.2583180275421117,0.2697784713296432,0.2569427939607354,0.2688616216182709,952076000,0.0,0.0
2009-07-17 00:00:00-04:00,0.26886173659344986,0.2775716622953374,0.2661112409306958,0.27665483951568604,850356000,0.0,0.0
2009-07-20 00:00:00-04:00,0.2789468828649667,0.28307263941571753,0.27527953763678914,0.28009292483329773,782756000,0.0,0.0
2009-07-21 00:00:00-04:00,0.27940532260969575,0.28055136469460645,0.2679449017605887,0.2743627429008484,941296000,0.0,0.0
2009-07-22 00:00:00-04:00,0.2688615892465692,0.2837601561793938,0.26702791736839193,0.281238853931427,600908000,0.0,0.0
2009-07-23 00:00:00-04:00,0.28169732557348365,0.2988879792153232,0.27871761154693037,0.29797112941741943,1046120000,0.0,0.0
2009-07-24 00:00:00-04:00,0.2888027796585221,0.2979711131956849,0.2869691074863317,0.2970542907714844,650592000,0.0,0.0
2009-07-27 00:00:00-04:00,0.2943037638349501,0.3027844659601494,0.2915532422170163,0.2984295189380646,677484000,0.0,0.0
2009-07-28 00:00:00-04:00,0.2963667244697746,0.30209693417138056,0.29384542127154983,0.29888802766799927,563180000,0.0,0.0
2009-07-29 00:00:00-04:00,0.295449879476743,0.2972835519071776,0.28994886218543936,0.2929285764694214,373972000,0.0,0.0
2009-07-30 00:00:00-04:00,0.2979712885082043,0.301867854413089,0.2926994881578944,0.2952207922935486,468444000,0.0,0.0
2009-07-31 00:00:00-04:00,0.2952206794632596,0.30049247779874266,0.28834442789274983,0.29636672139167786,541560000,0.0,0.0
2009-08-03 00:00:00-04:00,0.3034722367958977,0.30782721315702666,0.29774202631320074,0.3043890595436096,471900000,0.0,0.0
2009-08-04 00:00:00-04:00,0.2991172262558553,0.31172371520109504,0.2986588149343801,0.3064519166946411,695380000,0.0,0.0
2009-08-05 00:00:00-04:00,0.30461824243890945,0.3094316295978785,0.3009508972393334,0.3071395456790924,610768000,0.0,0.0
2009-08-06 00:00:00-04:00,0.3082855567976099,0.31378654672285955,0.2988880027411995,0.300721675157547,957588000,0.0,0.0
2009-08-07 00:00:00-04:00,0.3169955406716975,0.3261638771762574,0.3098900689511443,0.3142450451850891,1401872000,0.0,0.0
2009-08-10 00:00:00-04:00,0.31653706819972255,0.3211212355669707,0.3020969082043395,0.3039305806159973,693312000,0.0,0.0
2009-08-11 00:00:00-04:00,0.3018677168862891,0.30645188426349984,0.29522065779505785,0.296825110912323,481884000,0.0,0.0
2009-08-12 00:00:00-04:00,0.2970544159628663,0.3110361414290499,0.29682519659831874,0.3078272342681885,634940000,0.0,0.0
2009-08-13 00:00:00-04:00,0.3101191333657371,0.3181414237994971,0.30461811781688813,0.31699538230895996,564028000,0.0,0.0
2009-08-14 00:00:00-04:00,0.31653717024903055,0.3169955816687854,0.30347226718130826,0.3075980246067047,427148000,0.0,0.0
2009-08-17 00:00:00-04:00,0.2982004095285765,0.29911723218971475,0.2915533496020376,0.2947622835636139,465032000,0.0,0.0
2009-08-18 00:00:00-04:00,0.29476228863780074,0.3089732313966511,0.29453306930667217,0.30553507804870605,636200000,0.0,0.0
2009-08-19 00:00:00-04:00,0.30095089119009244,0.30393060568938,0.2979711766908049,0.3020969331264496,552996000,0.0,0.0
2009-08-20 00:00:00-04:00,0.3007217702580153,0.3153911269040503,0.300034139468954,0.31401586532592773,819840000,0.0,0.0
2009-08-21 00:00:00-04:00,0.31653710287618164,0.3197460094552721,0.31011926239420495,0.31928759813308716,607324000,0.0,0.0
2009-08-24 00:00:00-04:00,0.3174539221901515,0.32089204805616306,0.30851477854424414,0.3103484511375427,461456000,0.0,0.0
2009-08-25 00:00:00-04:00,0.3119528978204253,0.31630787355298745,0.30668112679627385,0.3130989670753479,444088000,0.0,0.0
2009-08-26 00:00:00-04:00,0.31241134335181525,0.31745392249538834,0.31126530139537617,0.31676629185676575,434308000,0.0,0.0
2009-08-27 00:00:00-04:00,0.3181415608016414,0.3224965094115519,0.3147034348494607,0.3211212754249573,551072000,0.0,0.0
2009-08-28 00:00:00-04:00,0.32983120933983623,0.34450056354687514,0.3293727979979469,0.33762431144714355,883992000,0.0,0.0
2009-08-31 00:00:00-04:00,0.3337277013126652,0.3353321817766105,0.32845590328891433,0.3328108787536621,431796000,0.0,0.0
2009-09-01 00:00:00-04:00,0.3325817959989526,0.3419793540441262,0.31974611096024774,0.32157978415489197,736856000,0.0,0.0
2009-09-02 00:00:00-04:00,0.3220381015238159,0.32937279215921306,0.32020442886496664,0.3261638581752777,404656000,0.0,0.0
2009-09-03 00:00:00-04:00,0.32616382586394216,0.3344153383494317,0.32524700328724054,0.33395692706108093,534020000,0.0,0.0
2009-09-04 00:00:00-04:00,0.33258174537878377,0.34862636289701704,0.33258174537878377,0.3463342785835266,513048000,0.0,0.0
2009-09-08 00:00:00-04:00,0.3488554356795405,0.3559609055519104,0.3461049409083554,0.3559609055519104,549712000,0.0,0.0
2009-09-09 00:00:00-04:00,0.3552732085908131,0.3665044321815774,0.3502306312326552,0.36581680178642273,571684000,0.0,0.0
2009-09-10 00:00:00-04:00,0.3669629576467786,0.37796499274883777,0.362837201314455,0.3775065541267395,607952000,0.0,0.0
2009-09-11 00:00:00-04:00,0.3765897122014385,0.37796497334955836,0.37131791423203625,0.37406840920448303,712732000,0.0,0.0
2009-09-14 00:00:00-04:00,0.3685673191270208,0.3715470325892217,0.3646707560405658,0.3678796887397766,490516000,0.0,0.0
2009-09-15 00:00:00-04:00,0.37131794056257966,0.38002786469611843,0.36787981477227183,0.375443696975708,546136000,0.0,0.0
2009-09-16 00:00:00-04:00,0.3745268979649059,0.37521452868122934,0.3598575701943992,0.3653585612773895,707064000,0.0,0.0
2009-09-17 00:00:00-04:00,0.36444161657239665,0.36444161657239665,0.34312520811921315,0.3493138551712036,923096000,0.0,0.0
2009-09-18 00:00:00-04:00,0.35275199971007276,0.35527327519996543,0.34610494107572093,0.3488554358482361,604740000,0.0,0.0
2009-09-21 00:00:00-04:00,0.3447296359244078,0.35321036576338033,0.34174994957426885,0.34725093841552734,588776000,0.0,0.0
2009-09-22 00:00:00-04:00,0.34977232932549474,0.3518351938314907,0.3451881616910197,0.3479386568069458,361388000,0.0,0.0
2009-09-23 00:00:00-04:00,0.35000162851909966,0.35298134385895974,0.3419793327015241,0.342437744140625,478936000,0.0,0.0
2009-09-24 00:00:00-04:00,0.3481678964087727,0.3481678964087727,0.33670744933089697,0.33785349130630493,552876000,0.0,0.0
2009-09-25 00:00:00-04:00,0.33601983716409284,0.3376243178769573,0.3298312156212359,0.33235251903533936,377556000,0.0,0.0
2009-09-28 00:00:00-04:00,0.33349859630622575,0.3483971443799992,0.33349859630622575,0.3399164378643036,467708000,0.0,0.0
2009-09-29 00:00:00-04:00,0.34197929120193854,0.3461050483007868,0.33304014626713396,0.33372777700424194,470928000,0.0,0.0
2009-09-30 00:00:00-04:00,0.3406040066839467,0.34862632830905177,0.3330401237350973,0.3445005714893341,875956000,0.0,0.0
2009-10-01 00:00:00-04:00,0.34335447300952665,0.34335447300952665,0.31974597801476473,0.31997519731521606,999960000,0.0,0.0
2009-10-02 00:00:00-04:00,0.3167662902061775,0.32433017254402136,0.3149326176206706,0.31745392084121704,612476000,0.0,0.0
2009-10-05 00:00:00-04:00,0.32089197154255616,0.32203801322463077,0.3103483771379546,0.3158493936061859,754276000,0.0,0.0
2009-10-06 00:00:00-04:00,0.31974601411456655,0.32662226601892796,0.317453930146446,0.3211212754249573,761272000,0.0,0.0
2009-10-07 00:00:00-04:00,0.31882915864905714,0.32226728424745194,0.31516181374791863,0.3185999393463135,459608000,0.0,0.0
2009-10-08 00:00:00-04:00,0.32043363678137365,0.32135045941624707,0.3092024092232993,0.32066285610198975,1241524000,0.0,0.0
2009-10-09 00:00:00-04:00,0.31882905431387587,0.32524689212876684,0.3183706431821946,0.32478848099708557,618540000,0.0,0.0
2009-10-12 00:00:00-04:00,0.3192876027857017,0.32730989667412336,0.31905838345937115,0.3211212754249573,499008000,0.0,0.0
2009-10-13 00:00:00-04:00,0.3229549116021177,0.3266222291427871,0.31699548302831443,0.31997519731521606,602124000,0.0,0.0
2009-10-14 00:00:00-04:00,0.3323524573708547,0.3323524573708547,0.31791229757707845,0.31951677799224854,1101948000,0.0,0.0
2009-10-15 00:00:00-04:00,0.31905838795035757,0.32203810261561516,0.3080563792837584,0.31011927127838135,1092196000,0.0,0.0
2009-10-16 00:00:00-04:00,0.3062228588525955,0.30713970930282464,0.29751292985637473,0.30301395058631897,1018832000,0.0,0.0
2009-10-19 00:00:00-04:00,0.3055351311338412,0.3165371691112186,0.30301385467235187,0.31401586532592773,695588000,0.0,0.0
2009-10-20 00:00:00-04:00,0.31928762479783745,0.3215797089239774,0.3117237417168159,0.3142450451850891,660180000,0.0,0.0
2009-10-21 00:00:00-04:00,0.3130989970519763,0.3179123572292749,0.30507667544221684,0.30668115615844727,503956000,0.0,0.0
2009-10-22 00:00:00-04:00,0.3050766973877481,0.3103484966196495,0.2998048981558467,0.30874404311180115,379328000,0.0,0.0
2009-10-23 00:00:00-04:00,0.3128697844000599,0.3128697844000599,0.2995756909773367,0.30140936374664307,429528000,0.0,0.0
2009-10-26 00:00:00-04:00,0.30370150937102985,0.30828567856060257,0.29590840535447416,0.29751285910606384,481652000,0.0,0.0
2009-10-27 00:00:00-04:00,0.2961375564382248,0.3004925052343119,0.2844479167715527,0.2874276041984558,591836000,0.0,0.0
2009-10-28 00:00:00-04:00,0.2810098128079372,0.2874276547873775,0.27413355939935163,0.2755088210105896,773632000,0.0,0.0
2009-10-29 00:00:00-04:00,0.2798637408979225,0.2890321051276746,0.27734246464306506,0.28765684366226196,637100000,0.0,0.0
2009-10-30 00:00:00-04:00,0.2862815229873767,0.2874275648635935,0.2727582397775358,0.27413347363471985,604144000,0.0,0.0
2009-11-02 00:00:00-05:00,0.27367512449611925,0.2826142695548196,0.26886173659344986,0.27665483951568604,593136000,0.0,0.0
2009-11-03 00:00:00-05:00,0.2677157268679616,0.27665487300887864,0.26496523087221907,0.27527961134910583,876472000,0.0,0.0
2009-11-04 00:00:00-05:00,0.277342445500995,0.28032216025453077,0.27344588072586506,0.27459192276000977,916840000,0.0,0.0
2009-11-05 00:00:00-05:00,0.277800729406264,0.28398934808680043,0.27688387980528295,0.281238853931427,955156000,0.0,0.0
2009-11-06 00:00:00-05:00,0.2988879596329133,0.30782710112690237,0.2952206153291554,0.3016384541988373,1641112000,0.0,0.0
2009-11-09 00:00:00-05:00,0.3057642786595115,0.31286974960390646,0.3055350593424168,0.3085147738456726,818124000,0.0,0.0
2009-11-10 00:00:00-05:00,0.3096607168211916,0.3096607168211916,0.29705425953328657,0.3009507954120636,781472000,0.0,0.0
2009-11-11 00:00:00-05:00,0.3059934278611264,0.31676621414398964,0.30553498933198375,0.3094315528869629,871512000,0.0,0.0
2009-11-12 00:00:00-05:00,0.3121821189764174,0.31745391735543993,0.3075979512248839,0.3085147738456726,505864000,0.0,0.0
2009-11-13 00:00:00-05:00,0.30828568316979893,0.31241144096685947,0.30691042146284403,0.3108069598674774,388524000,0.0,0.0
2009-11-16 00:00:00-05:00,0.3135574006758113,0.3188291993985631,0.31195291999912395,0.3151618540287018,402820000,0.0,0.0
2009-11-17 00:00:00-05:00,0.3153910952280564,0.3153910952280564,0.3087440346997904,0.31470346450805664,350124000,0.0,0.0
2009-11-18 00:00:00-05:00,0.3117237942965069,0.31286983655288436,0.3046183213774454,0.30989012122154236,455516000,0.0,0.0
2009-11-19 00:00:00-05:00,0.3032430705930297,0.3032430705930297,0.2920118670080981,0.29751285910606384,833840000,0.0,0.0
2009-11-20 00:00:00-05:00,0.29063657194715464,0.2970544135403398,0.28994894118292047,0.29567915201187134,426748000,0.0,0.0
2009-11-23 00:00:00-05:00,0.30003402096985976,0.30553501046211906,0.29659589570625,0.29797112941741943,390924000,0.0,0.0
2009-11-24 00:00:00-05:00,0.29659598270636056,0.2986588475401075,0.2913241836243642,0.29613757133483887,418504000,0.0,0.0
2009-11-25 00:00:00-05:00,0.29957565665245056,0.3037014130797179,0.2975127647769194,0.29957565665245056,441760000,0.0,0.0
2009-11-27 00:00:00-05:00,0.2888028695555304,0.29659597188218745,0.2871984161518591,0.2931578457355499,279932000,0.0,0.0
2009-11-30 00:00:00-05:00,0.29430377988247436,0.29957557683925484,0.29109484692783993,0.29934635758399963,509836000,0.0,0.0
2009-12-01 00:00:00-05:00,0.3009508044825416,0.3087439037987614,0.2993463516986628,0.3053057789802551,461936000,0.0,0.0
2009-12-02 00:00:00-05:00,0.3059935195701994,0.3151618557202648,0.3041598468754269,0.3144742250442505,602292000,0.0,0.0
2009-12-03 00:00:00-05:00,0.3181414237994971,0.3238716312521828,0.316536971177502,0.31699538230895996,660036000,0.0,0.0
2009-12-04 00:00:00-05:00,0.3229549204100162,0.3282267185500356,0.3179123142529058,0.3268514573574066,824564000,0.0,0.0
2009-12-07 00:00:00-05:00,0.36329568548046653,0.37704819009640705,0.3461050273867431,0.3687966763973236,2732184000,0.0,0.0
2009-12-08 00:00:00-05:00,0.36283721317056844,0.36444169375275176,0.3488554905107685,0.35091838240623474,1075512000,0.0,0.0
2009-12-09 00:00:00-05:00,0.3545858286164327,0.36237890513464227,0.3511476744774542,0.3596284091472626,671588000,0.0,0.0
2009-12-10 00:00:00-05:00,0.3621495617960725,0.3644416453820648,0.35206437762343146,0.3532104194164276,417012000,0.0,0.0
2009-12-11 00:00:00-05:00,0.3561901982666939,0.3566486096024325,0.34770946559844573,0.3486263155937195,416744000,0.0,0.0
2009-12-14 00:00:00-05:00,0.3536688826087902,0.36031594237863207,0.349772345405115,0.3591699004173279,405488000,0.0,0.0
2009-12-15 00:00:00-05:00,0.3566485892157605,0.3646708827659048,0.3557317665966906,0.35871148109436035,446152000,0.0,0.0
2009-12-16 00:00:00-05:00,0.37154713373489145,0.39171747575020754,0.36948424201158137,0.38759171962738037,1683400000,0.0,0.0
2009-12-17 00:00:00-05:00,0.3887378466688464,0.40065670637432244,0.3800279212393828,0.3857581317424774,1016132000,0.0,0.0
2009-12-18 00:00:00-05:00,0.3889669279531852,0.39034216159150403,0.3809446087726067,0.3855288028717041,812828000,0.0,0.0
2009-12-21 00:00:00-05:00,0.3878210501852848,0.4008859255524747,0.3873626387787485,0.39928147196769714,427792000,0.0,0.0
2009-12-22 00:00:00-05:00,0.3992814291502982,0.4139507838529815,0.3988230177929201,0.40982502698898315,793044000,0.0,0.0
2009-12-23 00:00:00-05:00,0.41372156596401094,0.4167012807831201,0.4084497670261714,0.4155552387237549,442196000,0.0,0.0
2009-12-24 00:00:00-05:00,0.41670120487473145,0.4173888354498479,0.4130338873470986,0.41463834047317505,136812000,0.0,0.0
2009-12-28 00:00:00-05:00,0.41395065829757755,0.41761800269185534,0.40386547487520835,0.4079912304878235,465760000,0.0,0.0
2009-12-29 00:00:00-05:00,0.40661606257930744,0.4141799445381548,0.405699212670596,0.4130339026451111,475848000,0.0,0.0
2009-12-30 00:00:00-05:00,0.41693040471527054,0.4304537143154207,0.41395069057803124,0.42793241143226624,704008000,0.0,0.0
2009-12-31 00:00:00-05:00,0.4288493113216817,0.43435030166038696,0.42770326939080183,0.4281616806983948,700340000,0.0,0.0
2010-01-04 00:00:00-05:00,0.4242650189256454,0.4267863215245795,0.4150966855823047,0.4238066077232361,800204000,0.0,0.0
2010-01-05 00:00:00-05:00,0.4222021978557515,0.4345794655242047,0.4222021978557515,0.4299952983856201,728648000,0.0,0.0
2010-01-06 00:00:00-05:00,0.4297662480587449,0.43366278619368004,0.42564049054724806,0.43274596333503723,649168000,0.0,0.0
2010-01-07 00:00:00-05:00,0.43045376474156605,0.4322874372965056,0.42105620997487275,0.4242651164531708,547792000,0.0,0.0
2010-01-08 00:00:00-05:00,0.42082700897839304,0.42816169951744265,0.4183057330139163,0.4251819849014282,478168000,0.0,0.0
2010-01-11 00:00:00-05:00,0.42747398568718115,0.42930765796515247,0.4132630460257465,0.41922247409820557,556612000,0.0,0.0
2010-01-12 00:00:00-05:00,0.4130339151127599,0.41463836834669354,0.3963016701806969,0.4050115942955017,627432000,0.0,0.0
2010-01-13 00:00:00-05:00,0.40776204210627925,0.41188779775497264,0.3919466500069197,0.4105125367641449,508868000,0.0,0.0
2010-01-14 00:00:00-05:00,0.4054700467414323,0.40844973399578294,0.39721853365176446,0.40409478545188904,608524000,0.0,0.0
2010-01-15 00:00:00-05:00,0.40111505626594973,0.4045531820408025,0.3869041145375225,0.39217591285705566,818192000,0.0,0.0
2010-01-19 00:00:00-05:00,0.3891961588201429,0.40203183800418324,0.38805011701170333,0.39951056241989136,545328000,0.0,0.0
2010-01-20 00:00:00-05:00,0.39446799879874295,0.39951060515430276,0.3891962004512544,0.3979061245918274,719728000,0.0,0.0
2010-01-21 00:00:00-05:00,0.39767693634133783,0.4047824073100803,0.38713333954716417,0.39080068469047546,608632000,0.0,0.0
2010-01-22 00:00:00-05:00,0.38621655152204637,0.3933220236300185,0.37498534962110924,0.3772774338722229,1067916000,0.0,0.0
2010-01-25 00:00:00-05:00,0.38346605523720223,0.39102993871785013,0.3807155596052756,0.3836952745914459,643676000,0.0,0.0
2010-01-26 00:00:00-05:00,0.38186144808846617,0.38438275067551264,0.371317853863821,0.37154707312583923,714636000,0.0,0.0
2010-01-27 00:00:00-05:00,0.3713179213926976,0.3830075594057659,0.367192165192568,0.3816322982311249,812504000,0.0,0.0
2010-01-28 00:00:00-05:00,0.3846120730999339,0.38598733449104705,0.3635248774964535,0.3687966763973236,687764000,0.0,0.0
2010-01-29 00:00:00-05:00,0.37292243517273094,0.37704819204357914,0.3472510712313637,0.35275208950042725,774700000,0.0,0.0
2010-02-01 00:00:00-05:00,0.35412726149795914,0.380486251517824,0.35114754720668806,0.37979862093925476,949832000,0.0,0.0
2010-02-02 00:00:00-05:00,0.37842347535803683,0.3885086624401672,0.3772774332344174,0.3836952745914459,849812000,0.0,0.0
2010-02-03 00:00:00-05:00,0.38025708810855896,0.38850860102371776,0.37842341553587977,0.38690412044525146,562296000,0.0,0.0
2010-02-04 00:00:00-05:00,0.3834660258924613,0.3834660258924613,0.36031596583738834,0.36444172263145447,783480000,0.0,0.0
2010-02-05 00:00:00-05:00,0.36398323921784675,0.3726931624311342,0.35756537229880125,0.3717763125896454,604856000,0.0,0.0
2010-02-08 00:00:00-05:00,0.3706303021099187,0.38002785666774774,0.36375405067456895,0.3710887134075165,445160000,0.0,0.0
2010-02-09 00:00:00-05:00,0.37704825290114613,0.3788819259534651,0.3644417882366815,0.3681091070175171,930144000,0.0,0.0
2010-02-10 00:00:00-05:00,0.37040130399828275,0.37865279364541643,0.36787999955610357,0.37521466612815857,535828000,0.0,0.0
2010-02-11 00:00:00-05:00,0.3811738376373578,0.39653081858030026,0.3784233429676841,0.39240506291389465,695980000,0.0,0.0
2010-02-12 00:00:00-05:00,0.3896546217695926,0.4056992080910947,0.3852996462309086,0.39767691493034363,780212000,0.0,0.0
2010-02-16 00:00:00-05:00,0.40294872975527196,0.40661607485323026,0.39813534272967604,0.4050115942955017,457024000,0.0,0.0
2010-02-17 00:00:00-05:00,0.4100542602395911,0.4102834522641559,0.3972185778548009,0.4089082181453705,876560000,0.0,0.0
2010-02-18 00:00:00-05:00,0.3864457559403345,0.38850864808088464,0.37154720888393283,0.38209080696105957,1515508000,0.0,0.0
2010-02-19 00:00:00-05:00,0.38048633138170773,0.384612088395324,0.37819424718789857,0.3800279200077057,510548000,0.0,0.0
2010-02-22 00:00:00-05:00,0.38163234186188355,0.3873625791954779,0.37819421585600493,0.3807155191898346,458084000,0.0,0.0
2010-02-23 00:00:00-05:00,0.38186144808846617,0.38346590095122823,0.36765050961426043,0.37154707312583923,489764000,0.0,0.0
2010-02-24 00:00:00-05:00,0.3747560931724538,0.38300760658923333,0.37361005116033424,0.379340261220932,445868000,0.0,0.0
2010-02-25 00:00:00-05:00,0.3706303178430294,0.37681896625658534,0.36123276288627787,0.37590211629867554,576972000,0.0,0.0
2010-02-26 00:00:00-05:00,0.3740685381992246,0.3768190614439617,0.3690259577902104,0.3713180422782898,393396000,0.0,0.0
2010-03-01 00:00:00-05:00,0.37154716546444677,0.38805016404129317,0.3685674509366201,0.38621649146080017,555868000,0.0,0.0
2010-03-02 00:00:00-05:00,0.3896546568779317,0.3944680168137955,0.38323681630631723,0.3859873116016388,538648000,0.0,0.0
2010-03-03 00:00:00-05:00,0.3882793492876185,0.39034221368227856,0.37796497266673207,0.38117387890815735,399300000,0.0,0.0
2010-03-04 00:00:00-05:00,0.3827785395538197,0.3857582554356328,0.37704832721333587,0.38186171650886536,557396000,0.0,0.0
2010-03-05 00:00:00-05:00,0.3791109511003634,0.39630157592639914,0.3791109511003634,0.3935510814189911,632832000,0.0,0.0
2010-03-08 00:00:00-05:00,0.3937804787286032,0.39492652090185887,0.38621656759655526,0.3878210484981537,439312000,0.0,0.0
2010-03-09 00:00:00-05:00,0.3917175402808325,0.406157675427665,0.39148832094366154,0.4022611379623413,830832000,0.0,0.0
2010-03-10 00:00:00-05:00,0.4011150524876689,0.4075328926717005,0.4008858331753199,0.4031779170036316,418520000,0.0,0.0
2010-03-11 00:00:00-05:00,0.39996904941307526,0.40134431077312677,0.3924051665803862,0.39400961995124817,540660000,0.0,0.0
2010-03-12 00:00:00-05:00,0.3983645926255078,0.39951063464112224,0.3933219858977665,0.39538487792015076,520352000,0.0,0.0
2010-03-15 00:00:00-04:00,0.39492644174447766,0.39882297888778123,0.38965464333939853,0.3933219611644745,358904000,0.0,0.0
2010-03-16 00:00:00-04:00,0.39309281652823835,0.4093666250167369,0.3928635971823953,0.40707454085350037,664988000,0.0,0.0
2010-03-17 00:00:00-04:00,0.4093665011324988,0.4203685072513196,0.4093665011324988,0.41486749053001404,651168000,0.0,0.0
2010-03-18 00:00:00-04:00,0.4155551770585444,0.4155551770585444,0.3965308762313831,0.40019822120666504,740964000,0.0,0.0
2010-03-19 00:00:00-04:00,0.4061576674021674,0.4073037094177819,0.3903422711924095,0.39538487792015076,584612000,0.0,0.0
2010-03-22 00:00:00-04:00,0.3903422711603727,0.40340717199634296,0.3903422711603727,0.4018027186393738,435336000,0.0,0.0
2010-03-23 00:00:00-04:00,0.4047823790172155,0.4121170414673758,0.40203185669008623,0.41005417704582214,493612000,0.0,0.0
2010-03-24 00:00:00-04:00,0.40661618360182944,0.4077622258359735,0.3956141453654837,0.3963017761707306,436252000,0.0,0.0
2010-03-25 00:00:00-04:00,0.4020318427544609,0.4045531456923357,0.39653085293846974,0.3974476754665375,495184000,0.0,0.0
2010-03-26 00:00:00-04:00,0.40088580093248005,0.4050115569563696,0.394238769294508,0.3974476754665375,344676000,0.0,0.0
2010-03-29 00:00:00-04:00,0.3999689850394797,0.4034071105624572,0.39446796780844007,0.4024902880191803,394456000,0.0,0.0
2010-03-30 00:00:00-04:00,0.40707450003003554,0.40913736464055456,0.39721853365176446,0.40409478545188904,324104000,0.0,0.0
2010-03-31 00:00:00-04:00,0.4024901578608887,0.4043238296782578,0.3967599231851913,0.3988228142261505,389840000,0.0,0.0
2010-04-01 00:00:00-04:00,0.4006566481196257,0.40524081585557237,0.3905714627062661,0.3946972191333771,339664000,0.0,0.0
2010-04-05 00:00:00-04:00,0.39721863297913157,0.40134439055564075,0.39676019421878406,0.4006567597389221,413636000,0.0,0.0
2010-04-06 00:00:00-04:00,0.395614044451802,0.39653089439952743,0.38392440571581793,0.39080068469047546,809260000,0.0,0.0
2010-04-07 00:00:00-04:00,0.388279382077623,0.39996902083132907,0.38507044824141196,0.3933219611644745,817468000,0.0,0.0
2010-04-08 00:00:00-04:00,0.39080068490861797,0.3937803994237473,0.3848412558783594,0.38690412044525146,1037600000,0.0,0.0
2010-04-09 00:00:00-04:00,0.3859872713278821,0.3908006580853152,0.38392437957878506,0.3894253969192505,817572000,0.0,0.0
2010-04-12 00:00:00-04:00,0.3898838367345126,0.3981353496872192,0.3891962061011545,0.3965308964252472,546460000,0.0,0.0
2010-04-13 00:00:00-04:00,0.3981353546625404,0.4061576483964469,0.3965309013805182,0.40478241443634033,648696000,0.0,0.0
2010-04-14 00:00:00-04:00,0.41349237249560344,0.4155552372657037,0.4034071860142966,0.40982502698898315,900720000,0.0,0.0
2010-04-15 00:00:00-04:00,0.4112002694471205,0.41532602612110747,0.40707451277313356,0.4128047227859497,957596000,0.0,0.0
2010-04-16 00:00:00-04:00,0.39607241042286156,0.39767686338227903,0.38231988232042413,0.39102980494499207,1917736000,0.0,0.0
2010-04-19 00:00:00-04:00,0.38805014536558863,0.3903422291499449,0.3761313151516951,0.3891961872577667,1094492000,0.0,0.0
2010-04-20 00:00:00-04:00,0.39194661669364034,0.3960723719916675,0.3855287781549079,0.39057135581970215,678188000,0.0,0.0
2010-04-21 00:00:00-04:00,0.3926342955848372,0.3930927068247924,0.3759020530742499,0.38048622012138367,895908000,0.0,0.0
2010-04-22 00:00:00-04:00,0.3742977044142011,0.38323684904232125,0.36902590537563773,0.38209080696105957,656932000,0.0,0.0
2010-04-23 00:00:00-04:00,0.38094480451256013,0.38186165473299827,0.3701720125199861,0.37681907415390015,752916000,0.0,0.0
2010-04-26 00:00:00-04:00,0.3772773141179064,0.38507038716851744,0.37658968359607814,0.38048622012138367,491092000,0.0,0.0
2010-04-27 00:00:00-04:00,0.3777358700534089,0.38163240807132276,0.36856753244711693,0.36971357464790344,606704000,0.0,0.0
2010-04-28 00:00:00-04:00,0.36948444266756125,0.3756730938745704,0.36283737993657567,0.3704012930393219,672164000,0.0,0.0
2010-04-29 00:00:00-04:00,0.37154714069640227,0.38209073683853423,0.3660461233216316,0.3816322982311249,987128000,0.0,0.0
2010-04-30 00:00:00-04:00,0.37704817723880485,0.37773580791091277,0.35985754705509154,0.36008673906326294,1068048000,0.0,0.0
2010-05-03 00:00:00-04:00,0.3619203238834977,0.36398321539900913,0.3506890984958206,0.35619011521339417,1078972000,0.0,0.0
2010-05-04 00:00:00-04:00,0.35068919325055153,0.3513768239415169,0.3330401239188968,0.3380827307701111,1311376000,0.0,0.0
2010-05-05 00:00:00-04:00,0.3312064769968919,0.34083322465509125,0.32822676223216896,0.33235251903533936,1330840000,0.0,0.0
2010-05-06 00:00:00-04:00,0.3300603943014076,0.3369366456850717,0.29888801644215174,0.32547619938850403,1002888000,0.0,0.0
2010-05-07 00:00:00-04:00,0.32845590157501836,0.32845590157501836,0.30851475144471896,0.31997519731521606,1153712000,0.0,0.0
2010-05-10 00:00:00-04:00,0.3392287955773061,0.34335455267615445,0.33006045861266525,0.33372777700424194,979156000,0.0,0.0
2010-05-11 00:00:00-04:00,0.3305187143788518,0.3367073334514527,0.32753900080351456,0.33006030321121216,829124000,0.0,0.0
2010-05-12 00:00:00-04:00,0.3323525064922615,0.3383119084730004,0.3302896145066317,0.33647826313972473,901236000,0.0,0.0
2010-05-13 00:00:00-04:00,0.3351030034899618,0.3504599881613341,0.332581700158418,0.33579063415527344,1252000000,0.0,0.0
2010-05-14 00:00:00-04:00,0.3130989017853086,0.3140157242095092,0.2888027796585221,0.2970542907714844,2493068000,0.0,0.0
2010-05-17 00:00:00-04:00,0.2975127898272787,0.3014093545901049,0.2883444535830708,0.29774200916290283,856060000,0.0,0.0
2010-05-18 00:00:00-04:00,0.30026329680062536,0.30209696958485155,0.28628157256017384,0.2878860533237457,674112000,0.0,0.0
2010-05-19 00:00:00-04:00,0.2865106995473784,0.2929285385614687,0.284447835407466,0.29247012734413147,826520000,0.0,0.0
2010-05-20 00:00:00-04:00,0.2839893871106935,0.29247011729715455,0.27527946498533185,0.2855938673019409,1129136000,0.0,0.0
2010-05-21 00:00:00-04:00,0.27734242398936826,0.29980485158110143,0.27734242398936826,0.29178255796432495,1069600000,0.0,0.0
2010-05-24 00:00:00-04:00,0.2908658012373314,0.2943039278520481,0.2823850670619889,0.2833018898963928,664564000,0.0,0.0
2010-05-25 00:00:00-04:00,0.27436275057941295,0.2922410130691369,0.27161222763960974,0.29086577892303467,966652000,0.0,0.0
2010-05-26 00:00:00-04:00,0.30255547496357754,0.3082856865999739,0.291324243761958,0.29224106669425964,995028000,0.0,0.0
2010-05-27 00:00:00-04:00,0.29957558901480713,0.3094315528869629,0.29888795854488204,0.3094315528869629,713560000,0.0,0.0
2010-05-28 00:00:00-04:00,0.3089732262007983,0.3089732262007983,0.2965959563277289,0.3011801242828369,545116000,0.0,0.0
2010-06-01 00:00:00-04:00,0.2970543674167681,0.3004924933803015,0.28811522351730345,0.28834444284439087,527492000,0.0,0.0
2010-06-02 00:00:00-04:00,0.28880288252905606,0.2920118168043473,0.2869692097037181,0.2915533781051636,649088000,0.0,0.0
2010-06-03 00:00:00-04:00,0.2855938800627795,0.2917824998702325,0.28467703029484476,0.2910948693752289,586360000,0.0,0.0
2010-06-04 00:00:00-04:00,0.2826142373903235,0.2876568167521068,0.2757379580303322,0.27734243869781494,671456000,0.0,0.0
2010-06-07 00:00:00-04:00,0.2784884926550156,0.28032216540811783,0.2624438765582197,0.26358991861343384,577248000,0.0,0.0
2010-06-08 00:00:00-04:00,0.2624439215471907,0.2624439215471907,0.2496082373989394,0.25625529885292053,967636000,0.0,0.0
2010-06-09 00:00:00-04:00,0.2576305219907141,0.26450680252642,0.24914981516079218,0.2500666379928589,697152000,0.0,0.0
2010-06-10 00:00:00-04:00,0.2551091652519009,0.26129778573015333,0.2544215346823634,0.260151743888855,611768000,0.0,0.0
2010-06-11 00:00:00-04:00,0.2574012420591327,0.2672572070957972,0.25671361150796224,0.2661111652851105,442104000,0.0,0.0
2010-06-14 00:00:00-04:00,0.2700077610045495,0.27046617236428155,0.2596933824534864,0.2603810131549835,375080000,0.0,0.0
2010-06-15 00:00:00-04:00,0.2633607274229074,0.27459192866972226,0.26290228874034516,0.27321669459342957,528632000,0.0,0.0
2010-06-16 00:00:00-04:00,0.27138297299769426,0.27390427600287204,0.2661111750111,0.2697785198688507,366480000,0.0,0.0
2010-06-17 00:00:00-04:00,0.27917610218815125,0.2807805554790555,0.26954932779513413,0.28009292483329773,859068000,0.0,0.0
2010-06-18 00:00:00-04:00,0.2816972934639049,0.28536463758991193,0.27963442947039313,0.2819265127182007,932832000,0.0,0.0
2010-06-21 00:00:00-04:00,0.28788610370021506,0.2885737072062983,0.2727583347379265,0.27527961134910583,579836000,0.0,0.0
2010-06-22 00:00:00-04:00,0.27871761836873243,0.28215574371649266,0.263589855909071,0.26496511697769165,818164000,0.0,0.0
2010-06-23 00:00:00-04:00,0.2674864313090298,0.27069533750847774,0.2599225224307757,0.2679448425769806,614060000,0.0,0.0
2010-06-24 00:00:00-04:00,0.2663402867110473,0.26771554744914167,0.2537338301323935,0.25465065240859985,725028000,0.0,0.0
2010-06-25 00:00:00-04:00,0.25648444857904934,0.25671366792107475,0.24983741554589012,0.2539631724357605,507220000,0.0,0.0
2010-06-28 00:00:00-04:00,0.2557968831697433,0.2580889676350301,0.24983745263047685,0.2544216215610504,372008000,0.0,0.0
2010-06-29 00:00:00-04:00,0.24892057792611685,0.24914979727958342,0.23860619884851184,0.2402106523513794,660808000,0.0,0.0
2010-06-30 00:00:00-04:00,0.24066902375197782,0.24319032692604609,0.23402199149131775,0.23402199149131775,623072000,0.0,0.0
2010-07-01 00:00:00-04:00,0.23470963419753538,0.23952299415430314,0.22760414927838482,0.23791854083538055,737008000,0.0,0.0
2010-07-02 00:00:00-04:00,0.23883536452533866,0.23929377580544747,0.22691650729974952,0.23493880033493042,737096000,0.0,0.0
2010-07-06 00:00:00-04:00,0.23402200700594042,0.2415858897058022,0.23035466165940235,0.23241755366325378,712020000,0.0,0.0
2010-07-07 00:00:00-04:00,0.23333443168055198,0.24502407383688432,0.2328760202344573,0.24364881217479706,608412000,0.0,0.0
2010-07-08 00:00:00-04:00,0.24525317017249187,0.24548236211864657,0.23333431461118356,0.23631402850151062,783272000,0.0,0.0
2010-07-09 00:00:00-04:00,0.23746013117973344,0.2388353925049654,0.23425119719545764,0.23723091185092926,571516000,0.0,0.0
2010-07-12 00:00:00-04:00,0.23723081687383465,0.24456550457351392,0.23700162496058566,0.24158579111099243,565396000,0.0,0.0
2010-07-13 00:00:00-04:00,0.24548231351718955,0.2519001512433164,0.24410708014116642,0.2502956986427307,723316000,0.0,0.0
2010-07-14 00:00:00-04:00,0.26129773731071804,0.26313140938176777,0.24914969057927516,0.2528170347213745,1355664000,0.0,0.0
2010-07-15 00:00:00-04:00,0.25304631803379585,0.2532755373718739,0.24273193964864084,0.24571165442466736,953088000,0.0,0.0
2010-07-16 00:00:00-04:00,0.24571168356605066,0.24639931433804013,0.22943787369877022,0.2303546965122223,1288604000,0.0,0.0
2010-07-19 00:00:00-04:00,0.23356358221850848,0.2406690258480292,0.23195910164442124,0.23975220322608948,798440000,0.0,0.0
2010-07-20 00:00:00-04:00,0.23356360330628081,0.24708688848174282,0.23150071123497126,0.24571165442466736,1160988000,0.0,0.0
2010-07-21 00:00:00-04:00,0.2480037368122289,0.2482329288249401,0.2353972471040002,0.2376893311738968,624940000,0.0,0.0
2010-07-22 00:00:00-04:00,0.24021053033635617,0.24410709342323036,0.23883529688550548,0.24158579111099243,462612000,0.0,0.0
2010-07-23 00:00:00-04:00,0.241356719259586,0.24158593863659444,0.23516809664218213,0.2374601811170578,817604000,0.0,0.0
2010-07-26 00:00:00-04:00,0.23677248146338803,0.2427319102947597,0.23310513644042172,0.24181506037712097,683548000,0.0,0.0
2010-07-27 00:00:00-04:00,0.24250269841570382,0.24296110972667367,0.23677248871909265,0.23975220322608948,683472000,0.0,0.0
2010-07-28 00:00:00-04:00,0.235855674364508,0.23998143095544555,0.2315006984481532,0.23218832910060883,1320808000,0.0,0.0
2010-07-29 00:00:00-04:00,0.21545610229680276,0.2200402703259161,0.2078922195840064,0.20926746726036072,2664476000,0.0,0.0
2010-07-30 00:00:00-04:00,0.20766296652212646,0.21431001137973313,0.2044540469017065,0.21064268052577972,984288000,0.0,0.0
2010-08-02 00:00:00-04:00,0.2143100059978985,0.21522684210383675,0.20949661985719653,0.21041345596313477,917020000,0.0,0.0
2010-08-03 00:00:00-04:00,0.2088090646798009,0.20903827035848993,0.2033080600817694,0.20491251349449158,955444000,0.0,0.0
2010-08-04 00:00:00-04:00,0.20674616925919592,0.2143100516676924,0.20582933295787847,0.21362242102622986,855496000,0.0,0.0
2010-08-05 00:00:00-04:00,0.2143101029117702,0.21683139309684002,0.210413551114934,0.21637298166751862,800504000,0.0,0.0
2010-08-06 00:00:00-04:00,0.21545613165126087,0.2211863424683555,0.21362245872503052,0.21889425814151764,739904000,0.0,0.0
2010-08-09 00:00:00-04:00,0.2211862911373384,0.22141551044634714,0.21568528729717332,0.22095708549022675,466456000,0.0,0.0
2010-08-10 00:00:00-04:00,0.2172897779801222,0.2177481893246178,0.21087193718579236,0.21178877353668213,772560000,0.0,0.0
2010-08-11 00:00:00-04:00,0.20743380803949252,0.20743380803949252,0.20284963971301953,0.20353727042675018,796148000,0.0,0.0
2010-08-12 00:00:00-04:00,0.19986991471010868,0.2099551009116859,0.19826546134188872,0.2053709328174591,1343584000,0.0,0.0
2010-08-13 00:00:00-04:00,0.21201796842270226,0.21820660322994295,0.21155954343963007,0.2152268886566162,1797392000,0.0,0.0
2010-08-16 00:00:00-04:00,0.21224722143961336,0.21660218461003472,0.2069754217603821,0.20972593128681183,814008000,0.0,0.0
2010-08-17 00:00:00-04:00,0.21178869634803213,0.21637286276983406,0.20972581872584253,0.21247631311416626,481224000,0.0,0.0
2010-08-18 00:00:00-04:00,0.21178876208549285,0.21545609362886473,0.2104135008025678,0.21362242102622986,352920000,0.0,0.0
2010-08-19 00:00:00-04:00,0.2159145054670537,0.22714573310778963,0.21476846350312936,0.2264581024646759,1615100000,0.0,0.0
2010-08-20 00:00:00-04:00,0.22485368705051018,0.2340220379679654,0.22462448135150134,0.22852101922035217,1305308000,0.0,0.0
2010-08-23 00:00:00-04:00,0.22920863118964194,0.23493884150462338,0.2243952435955383,0.2250828742980957,748620000,0.0,0.0
2010-08-24 00:00:00-04:00,0.21774821381938828,0.22508289178969504,0.21728980242332538,0.22279080748558044,641332000,0.0,0.0
2010-08-25 00:00:00-04:00,0.22026942585145715,0.22920855365121115,0.21912337051425823,0.2273748815059662,757532000,0.0,0.0
2010-08-26 00:00:00-04:00,0.23035471093086152,0.23287601481137243,0.22462449967861176,0.22462449967861176,657596000,0.0,0.0
2010-08-27 00:00:00-04:00,0.22599968911152785,0.23379277712851235,0.220269479343436,0.23195910453796387,1060416000,0.0,0.0
2010-08-30 00:00:00-04:00,0.2292085980814229,0.2310422705821103,0.22095708549022675,0.22095708549022675,602804000,0.0,0.0
2010-08-31 00:00:00-04:00,0.21774813736958,0.2246244015296169,0.21316397037081897,0.21385160088539124,931488000,0.0,0.0
2010-09-01 00:00:00-04:00,0.21706058030792766,0.21981107580007153,0.2143100711538847,0.21545611321926117,851440000,0.0,0.0
2010-09-02 00:00:00-04:00,0.21614369802581054,0.22004023475591353,0.21408082001379877,0.2193526178598404,596292000,0.0,0.0
2010-09-03 00:00:00-04:00,0.22462439366503015,0.22760409391276187,0.22187388536493757,0.22691647708415985,566484000,0.0,0.0
2010-09-07 00:00:00-04:00,0.22622887034975392,0.23425116315912173,0.22577045908254856,0.22897937893867493,899820000,0.0,0.0
2010-09-08 00:00:00-04:00,0.22943783883249358,0.23814776353189715,0.22691653549294633,0.23654328286647797,1224156000,0.0,0.0
2010-09-09 00:00:00-04:00,0.239522937614857,0.2397521568879371,0.23035460387229095,0.23333431780338287,697748000,0.0,0.0
2010-09-10 00:00:00-04:00,0.23493884294979225,0.23562647365657943,0.22875022123630415,0.23081308603286743,609292000,0.0,0.0
2010-09-13 00:00:00-04:00,0.2349388042618677,0.24685766168667725,0.2349388042618677,0.24387794733047485,1015792000,0.0,0.0
2010-09-14 00:00:00-04:00,0.24181498302424143,0.24479469648676294,0.23952289994903803,0.24158579111099243,698536000,0.0,0.0
2010-09-15 00:00:00-04:00,0.239293863433905,0.24227357883146217,0.23608492865045755,0.2420443594455719,555572000,0.0,0.0
2010-09-16 00:00:00-04:00,0.23883539833042888,0.24433638911793912,0.23883539833042888,0.24227352440357208,365280000,0.0,0.0
2010-09-17 00:00:00-04:00,0.24456558280624288,0.2447947747928068,0.2411274570936348,0.24181506037712097,416884000,0.0,0.0
2010-09-20 00:00:00-04:00,0.24181492300958637,0.24639911534605438,0.23952284050324177,0.24548226594924927,443168000,0.0,0.0
2010-09-21 00:00:00-04:00,0.24410713298823164,0.2629022117864577,0.24410713298823164,0.25877645611763,1779624000,0.0,0.0
2010-09-22 00:00:00-04:00,0.2578597374308254,0.2633607563107938,0.25625528383726,0.2610686719417572,999996000,0.0,0.0
2010-09-23 00:00:00-04:00,0.26404826162710393,0.2745918567355927,0.261756178109936,0.26634034514427185,1240872000,0.0,0.0
2010-09-24 00:00:00-04:00,0.2722999251950015,0.28192670319905594,0.27023705980773616,0.28100985288619995,1086976000,0.0,0.0
2010-09-27 00:00:00-04:00,0.2830725130714001,0.2833017049684931,0.27138287928236293,0.27505022287368774,999504000,0.0,0.0
2010-09-28 00:00:00-04:00,0.2752795656392575,0.27825928052478505,0.269549355214704,0.2743627429008484,723192000,0.0,0.0
2010-09-29 00:00:00-04:00,0.2718414148173956,0.28032214733834426,0.2693201115289304,0.2722998261451721,974904000,0.0,0.0
2010-09-30 00:00:00-04:00,0.27573786463586936,0.2789467975601488,0.2654234900751328,0.26771557331085205,787632000,0.0,0.0
2010-10-01 00:00:00-04:00,0.27161216230183827,0.2720706008973918,0.25808887950403514,0.260151743888855,999120000,0.0,0.0
2010-10-04 00:00:00-04:00,0.25763046741485596,0.26198544325412804,0.2523586689377348,0.25763046741485596,749500000,0.0,0.0
2010-10-05 00:00:00-04:00,0.2631315201955945,0.26358993157546295,0.25877654377734616,0.25946417450904846,753588000,0.0,0.0
2010-10-06 00:00:00-04:00,0.25946413710503896,0.26061017905139783,0.2445655918023741,0.24708686769008636,1057604000,0.0,0.0
2010-10-07 00:00:00-04:00,0.24823290737488857,0.24846212669159012,0.23791852995162946,0.24525322020053864,761488000,0.0,0.0
2010-10-08 00:00:00-04:00,0.2443363917364654,0.25098345194338967,0.24089826562647618,0.24892055988311768,706932000,0.0,0.0
2010-10-11 00:00:00-04:00,0.2500665805520091,0.2521294724360104,0.24662845473580197,0.24777449667453766,442680000,0.0,0.0
2010-10-12 00:00:00-04:00,0.24571160401612846,0.2537338966698939,0.24364871236802785,0.25258785486221313,605208000,0.0,0.0
2010-10-13 00:00:00-04:00,0.256713657316681,0.2635899094078196,0.25396316194498497,0.2599225640296936,968732000,0.0,0.0
2010-10-14 00:00:00-04:00,0.26015173809338604,0.26061014935493465,0.254650720983426,0.25579679012298584,599172000,0.0,0.0
2010-10-15 00:00:00-04:00,0.2599224978409827,0.2629022117864577,0.255796769495945,0.25877645611763,639940000,0.0,0.0
2010-10-18 00:00:00-04:00,0.25900575175198925,0.2615270552162128,0.2544215835070723,0.2603810131549835,448156000,0.0,0.0
2010-10-19 00:00:00-04:00,0.25465070044880234,0.2606101283397523,0.2525878362762835,0.25877645611763,866136000,0.0,0.0
2010-10-20 00:00:00-04:00,0.2590056753918165,0.26588192573193264,0.2544215084984058,0.25877645611763,763532000,0.0,0.0
2010-10-21 00:00:00-04:00,0.2590057396568262,0.2594641509951512,0.2502958149334643,0.2541923522949219,1014428000,0.0,0.0
2010-10-22 00:00:00-04:00,0.25579687904611254,0.2725291008377308,0.2530463558730671,0.2704662084579468,1322676000,0.0,0.0
2010-10-25 00:00:00-04:00,0.27252901405237256,0.2750503170501686,0.2700077110545765,0.272987425327301,673136000,0.0,0.0
2010-10-26 00:00:00-04:00,0.26977844401603357,0.27619628205071606,0.2674863609553459,0.2720705270767212,675248000,0.0,0.0
2010-10-27 00:00:00-04:00,0.2695494272797848,0.2768840931194048,0.2688617963802379,0.2759672701358795,496796000,0.0,0.0
2010-10-28 00:00:00-04:00,0.2796346671965794,0.28055149034560745,0.2736752347564647,0.27619653940200806,704448000,0.0,0.0
2010-10-29 00:00:00-04:00,0.2757380130632611,0.2784885362857371,0.2727583251119158,0.2755088210105896,554664000,0.0,0.0
2010-11-01 00:00:00-04:00,0.2773425319349734,0.28169748209242734,0.2736751853532604,0.2759672701358795,473920000,0.0,0.0
2010-11-02 00:00:00-04:00,0.27711331230902203,0.28628165143228046,0.275508858427213,0.28169748187065125,581036000,0.0,0.0
2010-11-03 00:00:00-04:00,0.2835310898645444,0.2855939820864893,0.2761964257198283,0.28376030921936035,671748000,0.0,0.0
2010-11-04 00:00:00-04:00,0.2865108429019617,0.2894905582912272,0.2837603468979486,0.28421875834465027,700016000,0.0,0.0
2010-11-05 00:00:00-04:00,0.2862815196961855,0.2915533177309351,0.28490628585481165,0.2890320420265198,735116000,0.0,0.0
2010-11-08 00:00:00-05:00,0.2888028291382292,0.2926993660943473,0.28651074536124277,0.2901780903339386,605156000,0.0,0.0
2010-11-09 00:00:00-05:00,0.29017804334200076,0.2924701267478032,0.28696911017960364,0.28857356309890747,633964000,0.0,0.0
2010-11-10 00:00:00-05:00,0.29063641742157187,0.29201167821884155,0.2865106623535487,0.29201167821884155,521016000,0.0,0.0
2010-11-11 00:00:00-05:00,0.28513547783314397,0.29384540145701815,0.2812389409635615,0.2890320420265198,1089980000,0.0,0.0
2010-11-12 00:00:00-05:00,0.30003404381859494,0.31355735394625267,0.2986587826789034,0.3039305806159973,2142560000,0.0,0.0
2010-11-15 00:00:00-05:00,0.3053058318313482,0.30966077975915385,0.2995756228085555,0.3002632260322571,733548000,0.0,0.0
2010-11-16 00:00:00-05:00,0.2952207058842667,0.2993464626605693,0.29086575709604556,0.2913241684436798,739356000,0.0,0.0
2010-11-17 00:00:00-05:00,0.291094964276704,0.2995756976069497,0.28834446872377506,0.29613757133483887,551764000,0.0,0.0
2010-11-18 00:00:00-05:00,0.30003398212712146,0.3082854926210513,0.30003398212712146,0.3053057789802551,993120000,0.0,0.0
2010-11-19 00:00:00-05:00,0.30461825658319824,0.3163078960413088,0.30415984524291484,0.3151618540287018,716484000,0.0,0.0
2010-11-22 00:00:00-05:00,0.3130988909780438,0.3172246190683275,0.31034836915280356,0.3153909742832184,462668000,0.0,0.0
2010-11-23 00:00:00-05:00,0.31172369955806195,0.3149326059711534,0.30576427070655565,0.3080563545227051,457832000,0.0,0.0
2010-11-24 00:00:00-05:00,0.31126529513202766,0.3167662854827251,0.31103607581583403,0.3156202435493469,397784000,0.0,0.0
2010-11-26 00:00:00-05:00,0.315390993948259,0.31722463884769825,0.31172364950180054,0.31172364950180054,143104000,0.0,0.0
2010-11-29 00:00:00-05:00,0.31034846664623345,0.3163078960413088,0.3089732326253831,0.3151618540287018,468192000,0.0,0.0
2010-11-30 00:00:00-05:00,0.3103483468252052,0.3135572796158603,0.30622259170795507,0.3119527995586395,720936000,0.0,0.0
2010-12-01 00:00:00-05:00,0.3181416146179051,0.32776836344769544,0.3176832032114962,0.32570549845695496,626536000,0.0,0.0
2010-12-02 00:00:00-05:00,0.3257054066510215,0.3316648352259675,0.32547618735052625,0.3296019434928894,529316000,0.0,0.0
2010-12-03 00:00:00-05:00,0.32799750214443923,0.33899950981140137,0.32730987154204266,0.33899950981140137,606044000,0.0,0.0
2010-12-06 00:00:00-05:00,0.3401455815365903,0.34083321219928875,0.3312064648929004,0.33258169889450073,438424000,0.0,0.0
2010-12-07 00:00:00-05:00,0.3403747198285338,0.35137672584094604,0.3396870893295474,0.3433544337749481,1026812000,0.0,0.0
2010-12-08 00:00:00-05:00,0.342896152113291,0.35000159709083106,0.3403748484389314,0.3463342785835266,613252000,0.0,0.0
2010-12-09 00:00:00-05:00,0.3380827311395455,0.3428961186577652,0.3332693436213258,0.3406040072441101,942408000,0.0,0.0
2010-12-10 00:00:00-05:00,0.3406039725302383,0.34587577086437576,0.3396871499172556,0.3426668643951416,451900000,0.0,0.0
2010-12-13 00:00:00-05:00,0.3440421120237675,0.34472971529439683,0.33304007716058553,0.33395692706108093,609108000,0.0,0.0
2010-12-14 00:00:00-05:00,0.34037477524717064,0.3465633960980779,0.33395693508468394,0.33441534638404846,755160000,0.0,0.0
2010-12-15 00:00:00-05:00,0.3351030821169365,0.3392288397530577,0.3266223474612086,0.32708078622817993,624176000,0.0,0.0
2010-12-16 00:00:00-05:00,0.33051877062191887,0.3323524429282925,0.3266222067244531,0.3275390565395355,631872000,0.0,0.0
2010-12-17 00:00:00-05:00,0.3277683424331103,0.33120649607024494,0.3238718047427565,0.3293728232383728,593156000,0.0,0.0
2010-12-20 00:00:00-05:00,0.3305187787613308,0.3321232318224976,0.3277682565721398,0.32799747586250305,344088000,0.0,0.0
2010-12-21 00:00:00-05:00,0.33120655634796725,0.34083330631256104,0.33097733695584197,0.34083330631256104,466952000,0.0,0.0
2010-12-22 00:00:00-05:00,0.34014559533148864,0.34495898284179216,0.3369366885404847,0.3445005714893341,477988000,0.0,0.0
2010-12-23 00:00:00-05:00,0.3445006286602914,0.3445006286602914,0.34060406320825676,0.34197932481765747,273784000,0.0,0.0
2010-12-27 00:00:00-05:00,0.3410624766165924,0.3463342759624837,0.33487382715796343,0.3438129723072052,255500000,0.0,0.0
2010-12-28 00:00:00-05:00,0.34381300578173046,0.3461050903010378,0.3403748790027695,0.342437744140625,194260000,0.0,0.0
2010-12-29 00:00:00-05:00,0.3422085520829759,0.3449590480413841,0.3392288367431158,0.342437744140625,177660000,0.0,0.0
2010-12-30 00:00:00-05:00,0.3419792793947422,0.34564662498349935,0.34083323731373044,0.34358373284339905,174488000,0.0,0.0
2010-12-31 00:00:00-05:00,0.3438129332174062,0.3534397080257354,0.34335452187505644,0.3529812693595886,391252000,0.0,0.0
2011-01-03 00:00:00-05:00,0.35573179321072884,0.36604617140401213,0.35527335454310077,0.36260804533958435,817448000,0.0,0.0
2011-01-04 00:00:00-05:00,0.3632954899783527,0.3648999425220404,0.3534395281760097,0.3614618182182312,651384000,0.0,0.0
2011-01-05 00:00:00-05:00,0.36810899458265434,0.38965462587367317,0.3644416769219608,0.3891961872577667,1428216000,0.0,0.0
2011-01-06 00:00:00-05:00,0.39928137991839685,0.44328943860019726,0.39813533800436113,0.4430602192878723,3493312000,0.0,0.0
2011-01-07 00:00:00-05:00,0.4380177196336086,0.45681283228566855,0.42816175192372824,0.455437570810318,2579984000,0.0,0.0
2011-01-10 00:00:00-05:00,0.447185994268805,0.4737741787113693,0.44374786838349733,0.47285735607147217,1750348000,0.0,0.0
2011-01-11 00:00:00-05:00,0.4792750818078127,0.4838592482963245,0.4554373723494912,0.46552252769470215,2711088000,0.0,0.0
2011-01-12 00:00:00-05:00,0.46575204239204954,0.5356606489099508,0.4641475886621916,0.5352022647857666,3431896000,0.0,0.0
2011-01-13 00:00:00-05:00,0.5294719827416577,0.546433450843973,0.5129689533736328,0.5361190438270569,2695192000,0.0,0.0
2011-01-14 00:00:00-05:00,0.526950381644892,0.5496420193827155,0.5237414764248124,0.5407028794288635,1595352000,0.0,0.0
2011-01-18 00:00:00-05:00,0.5333685953498967,0.5370359417945793,0.5150319177740936,0.5280967950820923,1813348000,0.0,0.0
2011-01-19 00:00:00-05:00,0.5283258169319541,0.5409322500757937,0.5125104228601025,0.5136564373970032,1197896000,0.0,0.0
2011-01-20 00:00:00-05:00,0.5086140438250945,0.5170947507610949,0.4994456514469388,0.514115035533905,1111408000,0.0,0.0
2011-01-21 00:00:00-05:00,0.5196157057053377,0.5269503932101277,0.5083844825409933,0.5093013048171997,739244000,0.0,0.0
2011-01-24 00:00:00-05:00,0.5326807229039084,0.5741675300057212,0.5267213491124523,0.5668328404426575,2056900000,0.0,0.0
2011-01-25 00:00:00-05:00,0.5643114814668592,0.5702709096028213,0.5457456211795146,0.5494129657745361,1086856000,0.0,0.0
2011-01-26 00:00:00-05:00,0.555143020350145,0.5730213006695346,0.5512464846863839,0.562477707862854,1074660000,0.0,0.0
2011-01-27 00:00:00-05:00,0.5705003439570885,0.5718755508161562,0.5501007773351163,0.5608735680580139,657396000,0.0,0.0
2011-01-28 00:00:00-05:00,0.5622487479858045,0.57164627583851,0.5317639711698242,0.5445996522903442,1094796000,0.0,0.0
2011-01-31 00:00:00-05:00,0.5455164795550717,0.5558308291172294,0.5365773365263045,0.5482669472694397,750160000,0.0,0.0
2011-02-01 00:00:00-05:00,0.5530804923836965,0.5649992979304171,0.5494131465817824,0.5608735680580139,654104000,0.0,0.0
2011-02-02 00:00:00-05:00,0.5576646129253227,0.5998390040421528,0.5576646129253227,0.5863156914710999,1606616000,0.0,0.0
2011-02-03 00:00:00-05:00,0.5872325471613019,0.5872325471613019,0.5627071967550396,0.5753136873245239,1030776000,0.0,0.0
2011-02-04 00:00:00-05:00,0.583335937132828,0.5929626569022262,0.5810438531904583,0.5883784890174866,872900000,0.0,0.0
2011-02-07 00:00:00-05:00,0.5803560466796456,0.5828773218579613,0.5617901341191021,0.5638530254364014,934236000,0.0,0.0
2011-02-08 00:00:00-05:00,0.5645410220961227,0.568208368601156,0.5445998357214309,0.5471211671829224,1076584000,0.0,0.0
2011-02-09 00:00:00-05:00,0.549184029354907,0.5546850766783082,0.5239710961638989,0.5338270664215088,1277520000,0.0,0.0
2011-02-10 00:00:00-05:00,0.5219079345643164,0.5319931463635594,0.5180113978158937,0.5230540037155151,1042352000,0.0,0.0
2011-02-11 00:00:00-05:00,0.5212202099694813,0.5549138827993572,0.5127395074414418,0.5379524230957031,1359276000,0.0,0.0
2011-02-14 00:00:00-05:00,0.5443703783189933,0.5615610327743731,0.5276381624461561,0.5297010540962219,1287828000,0.0,0.0
2011-02-15 00:00:00-05:00,0.5306179354937373,0.5324515807322101,0.5145732937429445,0.5168654322624207,886980000,0.0,0.0
2011-02-16 00:00:00-05:00,0.5237416362724069,0.5434535667084227,0.5219079365530187,0.5358896851539612,1318364000,0.0,0.0
2011-02-17 00:00:00-05:00,0.5207621899753797,0.5961718523459263,0.5182408583949528,0.5886079668998718,3470096000,0.0,0.0
2011-02-18 00:00:00-05:00,0.5853986990899794,0.5947962802975917,0.578293256177343,0.5874615907669067,1394412000,0.0,0.0
2011-02-22 00:00:00-05:00,0.5682080418794232,0.5698124948063819,0.5301593915844768,0.5319930911064148,1396648000,0.0,0.0
2011-02-23 00:00:00-05:00,0.5319930586408907,0.5370356090614391,0.4992162076694471,0.5067800879478455,1491604000,0.0,0.0
2011-02-24 00:00:00-05:00,0.5093014494008068,0.5280965573127704,0.5056341592548886,0.5191574692726135,1246120000,0.0,0.0
2011-02-25 00:00:00-05:00,0.5331391400171096,0.5386401296440093,0.5258044507495214,0.5299302339553833,775652000,0.0,0.0
2011-02-28 00:00:00-05:00,0.5386401405391585,0.5388693871536208,0.5074677924927554,0.5193866491317749,903696000,0.0,0.0
2011-03-01 00:00:00-05:00,0.520303592786463,0.5269506532017926,0.4962366819381714,0.4962366819381714,988448000,0.0,0.0
2011-03-02 00:00:00-05:00,0.4955490274532082,0.5049466102509043,0.4641474816355262,0.47560790181159973,1718140000,0.0,0.0
2011-03-03 00:00:00-05:00,0.48660990171527857,0.4893604245205426,0.46391825251463836,0.4783583879470825,1593704000,0.0,0.0
2011-03-04 00:00:00-05:00,0.47881679630521523,0.48363015626198297,0.47056528305961864,0.4758370816707611,959760000,0.0,0.0
2011-03-07 00:00:00-05:00,0.4792752751536688,0.4808797286071477,0.4572712288787922,0.4691900610923767,1019140000,0.0,0.0
2011-03-08 00:00:00-05:00,0.474232635780685,0.4767539118002601,0.43824686760012804,0.4481028616428375,1947184000,0.0,0.0
2011-03-09 00:00:00-05:00,0.4467275284738073,0.4510825037917514,0.43480867166578546,0.4387052357196808,1318976000,0.0,0.0
2011-03-10 00:00:00-05:00,0.42862012666716215,0.431829033403602,0.4102834269664578,0.4107418656349182,1722736000,0.0,0.0
2011-03-11 00:00:00-05:00,0.4141800896156849,0.425182101107409,0.4047825318714656,0.41372165083885193,1486832000,0.0,0.0
2011-03-14 00:00:00-04:00,0.4169304274480602,0.4274740234858519,0.41028336826813294,0.41715964674949646,1003360000,0.0,0.0
2011-03-15 00:00:00-04:00,0.39676009337863816,0.4116586662082602,0.3898838416067183,0.40478241443634033,1256280000,0.0,0.0
2011-03-16 00:00:00-04:00,0.4011150879653021,0.4205978295529461,0.3965309199032205,0.4018027186393738,1476520000,0.0,0.0
2011-03-17 00:00:00-04:00,0.4125754843930858,0.4132631150276115,0.39423881319931026,0.40936657786369324,1238516000,0.0,0.0
2011-03-18 00:00:00-04:00,0.41578434234257644,0.41715960336056634,0.4034070751520383,0.4038654863834381,886960000,0.0,0.0
2011-03-21 00:00:00-04:00,0.41257553191574853,0.41670128887433394,0.40294878389491495,0.40707454085350037,751832000,0.0,0.0
2011-03-22 00:00:00-04:00,0.4059284706891559,0.4098250080323301,0.3981353686790109,0.39996904134750366,718332000,0.0,0.0
2011-03-23 00:00:00-04:00,0.3992813860942538,0.4093665714880364,0.39057146194810355,0.4082205295562744,782396000,0.0,0.0
2011-03-24 00:00:00-04:00,0.416930491539449,0.44581078909409183,0.4160136688403544,0.44076818227767944,1780592000,0.0,0.0
2011-03-25 00:00:00-04:00,0.4446646997220116,0.44581074163577783,0.4263280017779573,0.42701563239097595,1196392000,0.0,0.0
2011-03-28 00:00:00-04:00,0.43710083179446396,0.4501657327106224,0.43320429438253827,0.4428310692310333,1204284000,0.0,0.0
2011-03-29 00:00:00-04:00,0.44283096012235684,0.4444354130938541,0.4334334069233452,0.4393928349018097,715764000,0.0,0.0
2011-03-30 00:00:00-04:00,0.44283100881516246,0.4446646812658393,0.4173888411322378,0.4228898584842682,1176320000,0.0,0.0
2011-03-31 00:00:00-04:00,0.4235775962742621,0.42816176489928914,0.4153260818196933,0.4231191575527191,655112000,0.0,0.0
2011-04-01 00:00:00-04:00,0.42862006534544694,0.42907847662452636,0.411429410127728,0.41715964674949646,850072000,0.0,0.0
2011-04-04 00:00:00-04:00,0.41715971178351574,0.4183057538217755,0.39928142319810644,0.4022611379623413,924328000,0.0,0.0
2011-04-05 00:00:00-04:00,0.40822050538080784,0.41142941167018693,0.40203185745675857,0.4029487073421478,821076000,0.0,0.0
2011-04-06 00:00:00-04:00,0.4059284306531718,0.40638684194413355,0.39676006821496707,0.40019822120666504,856984000,0.0,0.0
2011-04-07 00:00:00-04:00,0.4011149897124356,0.4173887932760862,0.39951053674847614,0.41486749053001404,1021208000,0.0,0.0
2011-04-08 00:00:00-04:00,0.4180765344846045,0.4180765344846045,0.40111509592408157,0.4022611379623413,746552000,0.0,0.0
2011-04-11 00:00:00-04:00,0.4038656585285083,0.40592855093478747,0.39263445561492927,0.3969894051551819,546208000,0.0,0.0
2011-04-12 00:00:00-04:00,0.393092608219515,0.4008856793152739,0.3857579209249372,0.3981351852416992,840756000,0.0,0.0
2011-04-13 00:00:00-04:00,0.4022611531811843,0.4095958170387814,0.3972185734868237,0.40707454085350037,749588000,0.0,0.0
2011-04-14 00:00:00-04:00,0.4034071423728491,0.4244943357689613,0.4011150585101234,0.4242651164531708,1254704000,0.0,0.0
2011-04-15 00:00:00-04:00,0.42105626670986923,0.4341211683468646,0.41899337456117586,0.42884936928749084,969720000,0.0,0.0
2011-04-18 00:00:00-04:00,0.41876409660008085,0.42151459157675375,0.40799128134543977,0.41463834047317505,743584000,0.0,0.0
2011-04-19 00:00:00-04:00,0.41486754781494584,0.4164720283242423,0.4018026756990062,0.4130339026451111,659860000,0.0,0.0
2011-04-20 00:00:00-04:00,0.4281617075600287,0.4343503289102772,0.41876415220772034,0.42564040422439575,650516000,0.0,0.0
2011-04-21 00:00:00-04:00,0.43022453564114616,0.43297505807289755,0.4235775035199336,0.42449432611465454,421300000,0.0,0.0
2011-04-25 00:00:00-04:00,0.42632798966478713,0.43824681976454977,0.4260987703590288,0.43114137649536133,619612000,0.0,0.0
2011-04-26 00:00:00-04:00,0.434808737470927,0.4467275960827815,0.4304537888176854,0.4423726201057434,676000000,0.0,0.0
2011-04-27 00:00:00-04:00,0.4446647314204663,0.4446647314204663,0.4332042841420378,0.4423726201057434,450004000,0.0,0.0
2011-04-28 00:00:00-04:00,0.4423726355187321,0.4561251672672478,0.4373300560277616,0.44718602299690247,684000000,0.0,0.0
2011-04-29 00:00:00-04:00,0.45016563568456647,0.4685023040932599,0.4494780051544822,0.458417147397995,836000000,0.0,0.0
2011-05-02 00:00:00-04:00,0.46804397054376956,0.46827316252926976,0.4499364921471335,0.4522285759449005,613824000,0.0,0.0
2011-05-03 00:00:00-04:00,0.4469569145813857,0.4483321488867982,0.4251820845124284,0.43068307638168335,808000000,0.0,0.0
2011-05-04 00:00:00-04:00,0.43205827969887356,0.4368716674276927,0.41945181665308895,0.42747411131858826,639356000,0.0,0.0
2011-05-05 00:00:00-04:00,0.4240358572422574,0.4327457800046615,0.4183056484938061,0.42770320177078247,544000000,0.0,0.0
2011-05-06 00:00:00-04:00,0.43664242045020163,0.44695682597698877,0.43320429438253827,0.4428310692310333,841080000,0.0,0.0
2011-05-09 00:00:00-04:00,0.44420626320669326,0.454979079106284,0.4430602212874853,0.45268699526786804,706328000,0.0,0.0
2011-05-10 00:00:00-04:00,0.45635436869448637,0.4568127800258941,0.4487904587691756,0.4533746540546417,690976000,0.0,0.0
2011-05-11 00:00:00-04:00,0.4556667901641429,0.46025093132644596,0.4492489488188395,0.455437570810318,616000000,0.0,0.0
2011-05-12 00:00:00-04:00,0.45383301459949904,0.470336039273763,0.45268697273733033,0.46987760066986084,1224000000,0.0,0.0
2011-05-13 00:00:00-04:00,0.4400805406518322,0.4412265826591106,0.41532602782986083,0.41853493452072144,2025192000,0.0,0.0
2011-05-16 00:00:00-04:00,0.4173887698411099,0.41830561957174456,0.4054699419331687,0.40569913387298584,728188000,0.0,0.0
2011-05-17 00:00:00-04:00,0.40432400477474484,0.40455319677380486,0.3924051464621589,0.40409478545188904,1420364000,0.0,0.0
2011-05-18 00:00:00-04:00,0.40569913282784204,0.41693035756360974,0.40432389922111595,0.41349223256111145,658844000,0.0,0.0
2011-05-19 00:00:00-04:00,0.41670129700838066,0.4169305163586981,0.40134433827968663,0.4075329601764679,650884000,0.0,0.0
2011-05-20 00:00:00-04:00,0.4066160475189999,0.415555163024135,0.4047823750932869,0.41463834047317505,575820000,0.0,0.0
2011-05-23 00:00:00-04:00,0.40867896279294635,0.4171596954020768,0.40340716415921013,0.4141799807548523,588000000,0.0,0.0
2011-05-24 00:00:00-04:00,0.41624280006319264,0.4325166055238996,0.415096758194799,0.41578438878059387,720372000,0.0,0.0
2011-05-25 00:00:00-04:00,0.4137214423516694,0.42357743390597913,0.4095956867058948,0.42082691192626953,545312000,0.0,0.0
2011-05-26 00:00:00-04:00,0.4208270476359096,0.4350379913679,0.41968100554938126,0.43137064576148987,706436000,0.0,0.0
2011-05-27 00:00:00-04:00,0.43320413770330535,0.4476442674296127,0.432745726524839,0.44695666432380676,658824000,0.0,0.0
2011-05-31 00:00:00-04:00,0.4556666390631036,0.4595632028432129,0.4446646328800108,0.45933395624160767,1200716000,0.0,0.0
2011-06-01 00:00:00-04:00,0.4572711241658906,0.4579587547238599,0.4377883858677909,0.4387052357196808,762208000,0.0,0.0
2011-06-02 00:00:00-04:00,0.4393929909881596,0.4426018980710598,0.43137066863330886,0.43664246797561646,607592000,0.0,0.0
2011-06-03 00:00:00-04:00,0.4315998913680594,0.4354964292345723,0.4210562926009771,0.4231191575527191,549300000,0.0,0.0
2011-06-06 00:00:00-04:00,0.422431494035813,0.42632803134812364,0.4137215420985128,0.4141799807548523,435988000,0.0,0.0
2011-06-07 00:00:00-04:00,0.4173889272032738,0.41968101140832914,0.4121171280668869,0.4139508008956909,433956000,0.0,0.0
2011-06-08 00:00:00-04:00,0.41188779917346247,0.41440907456694315,0.39951053218475663,0.4027194380760193,569288000,0.0,0.0
2011-06-09 00:00:00-04:00,0.4024901592383278,0.40340698148825804,0.38369505720070224,0.3981351852416992,741632000,0.0,0.0
2011-06-10 00:00:00-04:00,0.39882290202566,0.40134420474507176,0.389196129696117,0.39240506291389465,493548000,0.0,0.0
2011-06-13 00:00:00-04:00,0.39240519155909115,0.39744777132727216,0.38690417309251274,0.3896546959877014,574760000,0.0,0.0
2011-06-14 00:00:00-04:00,0.3930928207944825,0.4015735268257391,0.3912591479792327,0.39286360144615173,534576000,0.0,0.0
2011-06-15 00:00:00-04:00,0.38759169037339186,0.3898837738993209,0.37636046470206524,0.38438278436660767,935916000,0.0,0.0
2011-06-16 00:00:00-04:00,0.38461202429131425,0.39057145313146846,0.36558772318875443,0.3710887134075165,1024908000,0.0,0.0
2011-06-17 00:00:00-04:00,0.3754437060538916,0.3756729253749726,0.35091838629764055,0.3623788058757782,1467884000,0.0,0.0
2011-06-20 00:00:00-04:00,0.35917001364178025,0.3667338984355799,0.3552734478859592,0.3580239713191986,745960000,0.0,0.0
2011-06-21 00:00:00-04:00,0.3593989636379554,0.36856732336704146,0.3559608389859678,0.36581680178642273,704276000,0.0,0.0
2011-06-22 00:00:00-04:00,0.3632956713923833,0.36810903142702855,0.36008673737882296,0.36077436804771423,651720000,0.0,0.0
2011-06-23 00:00:00-04:00,0.3561900929891194,0.37406834838909714,0.3529811599398068,0.37154707312583923,744024000,0.0,0.0
2011-06-24 00:00:00-04:00,0.3697135120957071,0.37292241878547067,0.3584822840339412,0.36077436804771423,529052000,0.0,0.0
2011-06-27 00:00:00-04:00,0.36077430071496047,0.3630663843009528,0.3406039323696784,0.3532104194164276,1142152000,0.0,0.0
2011-06-28 00:00:00-04:00,0.3532104715696357,0.3593990927008359,0.3506891683232451,0.3552733361721039,692200000,0.0,0.0
2011-06-29 00:00:00-04:00,0.3575654340341539,0.3644417133992698,0.3451881912892983,0.36077436804771423,960544000,0.0,0.0
2011-06-30 00:00:00-04:00,0.36169121567286355,0.3692550989048243,0.3561902245898732,0.3653585612773895,652300000,0.0,0.0
2011-07-01 00:00:00-04:00,0.3653586056952261,0.3715472555707129,0.35802394091827366,0.37017199397087097,540804000,0.0,0.0
2011-07-05 00:00:00-04:00,0.36971345281955037,0.37315157828897527,0.3607743102047702,0.36398324370384216,535296000,0.0,0.0
2011-07-06 00:00:00-04:00,0.36375406826254475,0.3644416989040864,0.3548149245700944,0.3591699004173279,529580000,0.0,0.0
2011-07-07 00:00:00-04:00,0.3610035373798843,0.3628371824779068,0.354127258967128,0.3605450987815857,986136000,0.0,0.0
2011-07-08 00:00:00-04:00,0.3555025710284686,0.35802387438503264,0.3506891836473179,0.3536688983440399,619516000,0.0,0.0
2011-07-11 00:00:00-04:00,0.34702184344563886,0.3483970773783069,0.34037478380446035,0.341291606426239,714388000,0.0,0.0
2011-07-12 00:00:00-04:00,0.33968727780791047,0.3428962128090884,0.3309773504101492,0.33670756220817566,867604000,0.0,0.0
2011-07-13 00:00:00-04:00,0.3412916124928589,0.3435836964118436,0.3328109074573744,0.3360198140144348,634368000,0.0,0.0
2011-07-14 00:00:00-04:00,0.337395035182439,0.339457899534753,0.3211212303629221,0.32272568345069885,1088996000,0.0,0.0
2011-07-15 00:00:00-04:00,0.32455948364192877,0.3266223488065849,0.3165371877201279,0.32318422198295593,827736000,0.0,0.0
2011-07-18 00:00:00-04:00,0.32066281803968266,0.32249646309177793,0.312182086716677,0.31630784273147583,818200000,0.0,0.0
2011-07-19 00:00:00-04:00,0.3172247260310603,0.3266222816804861,0.3172247260310603,0.32593467831611633,602224000,0.0,0.0
2011-07-20 00:00:00-04:00,0.3270807029734752,0.32891434827941485,0.3208920544326427,0.32180890440940857,662956000,0.0,0.0
2011-07-21 00:00:00-04:00,0.322267356686869,0.3392287965124937,0.3174539688376432,0.33693671226501465,1143420000,0.0,0.0
2011-07-22 00:00:00-04:00,0.3399164344685204,0.3449590144552772,0.33556145791156666,0.3438129723072052,737192000,0.0,0.0
2011-07-25 00:00:00-04:00,0.33854118960432034,0.33991645117913594,0.33349860936966547,0.33831197023391724,566920000,0.0,0.0
2011-07-26 00:00:00-04:00,0.3286850423845068,0.33693655269716577,0.32524691764153,0.33006030321121216,698276000,0.0,0.0
2011-07-27 00:00:00-04:00,0.325476265666242,0.32708074650819097,0.3167663400085462,0.3176831901073456,652212000,0.0,0.0
2011-07-28 00:00:00-04:00,0.316536971177502,0.3236424120245616,0.311494366760111,0.31699538230895996,648176000,0.0,0.0
2011-07-29 00:00:00-04:00,0.3137864497411853,0.3199750956491134,0.3121819971191902,0.31699538230895996,677656000,0.0,0.0
2011-08-01 00:00:00-04:00,0.32433015338674515,0.33487374963778255,0.3215796583328465,0.33395692706108093,1019620000,0.0,0.0
2011-08-02 00:00:00-04:00,0.331664883766086,0.3525228595072292,0.33051884174346924,0.33051884174346924,1356432000,0.0,0.0
2011-08-03 00:00:00-04:00,0.331206443681818,0.3406039710575394,0.3279975099026637,0.3394579291343689,765236000,0.0,0.0
2011-08-04 00:00:00-04:00,0.3332693187475316,0.3332693187475316,0.3071395456790924,0.3071395456790924,979732000,0.0,0.0
2011-08-05 00:00:00-04:00,0.31424498519903377,0.3181415220049043,0.28880281800220425,0.296825110912323,1270588000,0.0,0.0
2011-08-08 00:00:00-04:00,0.2823849569549564,0.29247014082000966,0.2716121425703191,0.27344581484794617,1084180000,0.0,0.0
2011-08-09 00:00:00-04:00,0.2787176538350003,0.2968251326982862,0.2750503360583387,0.29636672139167786,1329832000,0.0,0.0
2011-08-10 00:00:00-04:00,0.2876568283195163,0.29590834202428273,0.2812389873628977,0.2828434407711029,1140052000,0.0,0.0
2011-08-11 00:00:00-04:00,0.2828433244436683,0.31149439128683465,0.2828433244436683,0.3073686361312866,1078792000,0.0,0.0
2011-08-12 00:00:00-04:00,0.34014569131068345,0.3406041027924918,0.2904074034250471,0.2952207922935486,3195784000,0.0,0.0
2011-08-15 00:00:00-04:00,0.29820040361290495,0.30713954733875176,0.29659595032584396,0.3064519166946411,864152000,0.0,0.0
2011-08-16 00:00:00-04:00,0.3030138079680818,0.30713956474273485,0.2922409910220997,0.29774200916290283,716868000,0.0,0.0
2011-08-17 00:00:00-04:00,0.29865872348907657,0.3037013284527126,0.2897196098240625,0.2936161458492279,553328000,0.0,0.0
2011-08-18 00:00:00-04:00,0.2803221133928763,0.2830726083502619,0.27046612075830845,0.2736750543117523,802564000,0.0,0.0
2011-08-19 00:00:00-04:00,0.26909084087706103,0.2839893822799274,0.2670279495193143,0.2688616216182709,761332000,0.0,0.0
2011-08-22 00:00:00-04:00,0.27642554926913787,0.27963448282258174,0.2706953400563376,0.2736750543117523,611876000,0.0,0.0
2011-08-23 00:00:00-04:00,0.2803221422251645,0.3034722007554737,0.2798637035819539,0.3032429814338684,938312000,0.0,0.0
2011-08-24 00:00:00-04:00,0.3025553728065452,0.3034721954292841,0.29109492607953796,0.29888802766799927,687500000,0.0,0.0
2011-08-25 00:00:00-04:00,0.29292862837151834,0.2982004272966707,0.28559396467399234,0.2860523760318756,690968000,0.0,0.0
2011-08-26 00:00:00-04:00,0.2849063635851555,0.3011801734098081,0.27986375615297526,0.29820045828819275,732660000,0.0,0.0
2011-08-29 00:00:00-04:00,0.30668114569289173,0.30736874903490013,0.2995756743525678,0.30622270703315735,601528000,0.0,0.0
2011-08-30 00:00:00-04:00,0.3041598313933264,0.31607866231696924,0.30209693947028715,0.31355738639831543,684760000,0.0,0.0
2011-08-31 00:00:00-04:00,0.31584944432379597,0.3190583506193601,0.30255535321227095,0.30507662892341614,705808000,0.0,0.0
2011-09-01 00:00:00-04:00,0.3092024472785946,0.31584950783280236,0.3041598675185811,0.3043890595436096,762312000,0.0,0.0
2011-09-02 00:00:00-04:00,0.29751280544940395,0.3016385624406967,0.2938454598296329,0.29613757133483887,471356000,0.0,0.0
2011-09-06 00:00:00-04:00,0.2865107573272336,0.3027845637530229,0.2837602621447355,0.3020969331264496,696248000,0.0,0.0
2011-09-07 00:00:00-04:00,0.3266221880912781,0.33556132982846704,0.3176830736778788,0.3266221880912781,1606620000,0.0,0.0
2011-09-08 00:00:00-04:00,0.3234132972585384,0.3312063976472063,0.31974595268460165,0.3250177502632141,880164000,0.0,0.0
2011-09-09 00:00:00-04:00,0.32226739685712863,0.33097732354799125,0.3153911432575744,0.3181416392326355,869828000,0.0,0.0
2011-09-12 00:00:00-04:00,0.31378663794751843,0.32845599421920924,0.31378663794751843,0.32570549845695496,916480000,0.0,0.0
2011-09-13 00:00:00-04:00,0.32845603829755554,0.334644688747887,0.3234134575027485,0.3330402076244354,853836000,0.0,0.0
2011-09-14 00:00:00-04:00,0.34175001937220406,0.3545856990550422,0.34152080007209185,0.35023072361946106,1547192000,0.0,0.0
2011-09-15 00:00:00-04:00,0.35802385874045567,0.35985753134475834,0.352064429607421,0.3552733361721039,752908000,0.0,0.0
2011-09-16 00:00:00-04:00,0.35596095073603984,0.36902585037420454,0.35252282500469,0.3543564975261688,1391588000,0.0,0.0
2011-09-19 00:00:00-04:00,0.3483971118343324,0.3509184152792702,0.3380827333621652,0.3470218777656555,968204000,0.0,0.0
2011-09-20 00:00:00-04:00,0.3513768239415169,0.35275208532344765,0.33647827737372366,0.3380827307701111,792436000,0.0,0.0
2011-09-21 00:00:00-04:00,0.3399163120682781,0.34587571269805584,0.33143558136732587,0.3316648006439209,715252000,0.0,0.0
2011-09-22 00:00:00-04:00,0.31859999650937343,0.31905840787331535,0.30370144957657236,0.3096608519554138,1314632000,0.0,0.0
2011-09-23 00:00:00-04:00,0.30782711908842864,0.3250177452832523,0.30599344682955604,0.3160786032676697,1011440000,0.0,0.0
2011-09-26 00:00:00-04:00,0.3199752257290726,0.3208920483647057,0.30255537706167973,0.31676629185676575,972124000,0.0,0.0
2011-09-27 00:00:00-04:00,0.32478871261044906,0.32753920868575515,0.31470352390258816,0.31722480058670044,781388000,0.0,0.0
2011-09-28 00:00:00-04:00,0.317912404508295,0.3259347273111112,0.3025554443417987,0.3075980246067047,1236532000,0.0,0.0
2011-09-29 00:00:00-04:00,0.31309897623136945,0.3183707747334802,0.29224097422157747,0.3000340759754181,866416000,0.0,0.0
2011-09-30 00:00:00-04:00,0.2952207414035227,0.29682519497517973,0.28628159609206105,0.2867400348186493,677784000,0.0,0.0
2011-10-03 00:00:00-04:00,0.2830727211477133,0.2920118674759853,0.27069544792175293,0.27069544792175293,949896000,0.0,0.0
2011-10-04 00:00:00-04:00,0.26404835544750177,0.29567915201187134,0.2629023132817116,0.29567915201187134,1361548000,0.0,0.0
2011-10-05 00:00:00-04:00,0.29499147902180006,0.3089732296963773,0.28903207700701555,0.30622270703315735,856708000,0.0,0.0
2011-10-06 00:00:00-04:00,0.3078270765418035,0.31928749242100646,0.307368638047606,0.31837067008018494,773192000,0.0,0.0
2011-10-07 00:00:00-04:00,0.3197458954393128,0.32914344715017796,0.3130988653283596,0.32433006167411804,806976000,0.0,0.0
2011-10-10 00:00:00-04:00,0.3298311574327826,0.3387703001499176,0.3291435268662656,0.3387703001499176,534376000,0.0,0.0
2011-10-11 00:00:00-04:00,0.3360197979627788,0.34152081549983615,0.33395693346375377,0.33510297536849976,816080000,0.0,0.0
2011-10-12 00:00:00-04:00,0.34152079494646426,0.3417500142431363,0.3346445439318142,0.3348737359046936,612064000,0.0,0.0
2011-10-13 00:00:00-04:00,0.3332693045148546,0.35504412813719766,0.3323524819160124,0.3543564975261688,854832000,0.0,0.0
2011-10-14 00:00:00-04:00,0.36054505126292913,0.3642123956232161,0.35160593695493997,0.36031585931777954,702452000,0.0,0.0
2011-10-17 00:00:00-04:00,0.35619027858027164,0.35619027858027164,0.34060407106041857,0.342437744140625,611780000,0.0,0.0
2011-10-18 00:00:00-04:00,0.34060394637047636,0.3557317369131737,0.3385410819878043,0.35481488704681396,590916000,0.0,0.0
2011-10-19 00:00:00-04:00,0.35527329896639437,0.36146194677328913,0.3467925947988997,0.34770941734313965,557568000,0.0,0.0
2011-10-20 00:00:00-04:00,0.338311865422874,0.3396871265716255,0.3172246735355806,0.3302895724773407,990308000,0.0,0.0
2011-10-21 00:00:00-04:00,0.33441537324476067,0.3399163912503678,0.3263930792282389,0.33189406991004944,628428000,0.0,0.0
2011-10-24 00:00:00-04:00,0.33326923704095557,0.349543039804058,0.3325816065691448,0.3442712426185608,535256000,0.0,0.0
2011-10-25 00:00:00-04:00,0.339457895764682,0.3422084179689428,0.33051878057221057,0.33120641112327576,577996000,0.0,0.0
2011-10-26 00:00:00-04:00,0.33762427848845866,0.33945792367701677,0.325476201509598,0.33510297536849976,503116000,0.0,0.0
2011-10-27 00:00:00-04:00,0.347480200593335,0.3529811901141352,0.33968710022777876,0.3495430648326874,577732000,0.0,0.0
2011-10-28 00:00:00-04:00,0.3465634529797756,0.3607743968590891,0.3456466302305678,0.3575654625892639,490156000,0.0,0.0
2011-10-31 00:00:00-04:00,0.34610484902801836,0.34816774005161544,0.3392286002635956,0.3392286002635956,519984000,0.0,0.0
2011-11-01 00:00:00-04:00,0.32685149175856515,0.3277683144342843,0.3190583897197657,0.3222673237323761,790824000,0.0,0.0
2011-11-02 00:00:00-04:00,0.3254762161904622,0.32708069678851337,0.31011925943893703,0.31676629185676575,961608000,0.0,0.0
2011-11-03 00:00:00-04:00,0.32020443015419836,0.33647826482058507,0.3117237248121458,0.33579063415527344,749372000,0.0,0.0
2011-11-04 00:00:00-04:00,0.3328108874522275,0.34083318068645685,0.32753908929068937,0.33968713879585266,654840000,0.0,0.0
2011-11-07 00:00:00-05:00,0.33716586065630094,0.3428960978571368,0.3300604168030491,0.33785349130630493,613536000,0.0,0.0
2011-11-08 00:00:00-05:00,0.3422084936053098,0.34770948458209955,0.3367074753047219,0.34564661979675293,549728000,0.0,0.0
2011-11-09 00:00:00-05:00,0.3376243309393249,0.3419792799243952,0.3268515135020904,0.328226774930954,532244000,0.0,0.0
2011-11-10 00:00:00-05:00,0.33624896758549927,0.3396870927916831,0.3234132892195637,0.3316648006439209,990484000,0.0,0.0
2011-11-11 00:00:00-05:00,0.34106235032752014,0.3461049284471037,0.3224964361500476,0.3433544337749481,1751560000,0.0,0.0
2011-11-14 00:00:00-05:00,0.34335462428816943,0.34679275136698534,0.33579073925001346,0.33670756220817566,500292000,0.0,0.0
2011-11-15 00:00:00-05:00,0.333498631459163,0.3435837925964699,0.33258178124062393,0.3410625159740448,505660000,0.0,0.0
2011-11-16 00:00:00-05:00,0.33464451567255094,0.34358363030720984,0.3330400353789231,0.3341860771179199,512420000,0.0,0.0
2011-11-17 00:00:00-05:00,0.3334985517908174,0.3344153744665365,0.31630789436881157,0.3222673237323761,657504000,0.0,0.0
2011-11-18 00:00:00-05:00,0.3241009853255187,0.3241009853255187,0.31584947223100635,0.31928759813308716,501352000,0.0,0.0
2011-11-21 00:00:00-05:00,0.314244936873956,0.33854103116639855,0.30943155093857755,0.33533212542533875,1330788000,0.0,0.0
2011-11-22 00:00:00-05:00,0.33899955943235066,0.34748029256361557,0.337165886665488,0.34564661979675293,1287480000,0.0,0.0
2011-11-23 00:00:00-05:00,0.3419792394205551,0.3445005426335836,0.3307480119451862,0.3309772312641144,825340000,0.0,0.0
2011-11-25 00:00:00-05:00,0.32662226432319424,0.33418614684348147,0.3208920544326427,0.32180890440940857,406620000,0.0,0.0
2011-11-28 00:00:00-05:00,0.3323525541467047,0.34495901790143607,0.3323525541467047,0.3399164378643036,690616000,0.0,0.0
2011-11-29 00:00:00-05:00,0.33945782586937656,0.3461048833959699,0.3362489203901842,0.3417499363422394,623440000,0.0,0.0
2011-11-30 00:00:00-05:00,0.3520644697371116,0.3591699416422705,0.34908475483095464,0.3582530915737152,730324000,0.0,0.0
2011-12-01 00:00:00-05:00,0.35527335454310077,0.36352486802724626,0.3536689011777939,0.36260804533958435,529760000,0.0,0.0
2011-12-02 00:00:00-05:00,0.36650447901744815,0.36787973998350315,0.3568777342264315,0.36031585931777954,546464000,0.0,0.0
2011-12-05 00:00:00-05:00,0.3662753327716578,0.36673374404294135,0.3518351727977821,0.35481488704681396,644696000,0.0,0.0
2011-12-06 00:00:00-05:00,0.3568778353664813,0.3575654387205879,0.34610501850151665,0.3497723639011383,573832000,0.0,0.0
2011-12-07 00:00:00-05:00,0.34748022536897605,0.35023072032548885,0.3403747550178413,0.34770941734313965,510016000,0.0,0.0
2011-12-08 00:00:00-05:00,0.34427144724633163,0.3500016590443581,0.33556151984857036,0.33670756220817566,491488000,0.0,0.0
2011-12-09 00:00:00-05:00,0.334186096863416,0.34427128115674854,0.32960192963657176,0.3415207862854004,555840000,0.0,0.0
2011-12-12 00:00:00-05:00,0.3341862499561554,0.33556151168374115,0.32685158449790847,0.3330402076244354,573208000,0.0,0.0
2011-12-13 00:00:00-05:00,0.33739504193736625,0.3415207980483877,0.32180886736450337,0.3238717317581177,516596000,0.0,0.0
2011-12-14 00:00:00-05:00,0.32112122495994283,0.3229548973110322,0.3078271345692848,0.3112652599811554,636020000,0.0,0.0
2011-12-15 00:00:00-05:00,0.3165370947346513,0.3185999592933233,0.30782717054197867,0.3085147738456726,435148000,0.0,0.0
2011-12-16 00:00:00-05:00,0.31103611337103787,0.3169955430736776,0.3082856178635881,0.3096608519554138,619116000,0.0,0.0
2011-12-19 00:00:00-05:00,0.31103600689984884,0.31470335120360676,0.3004924125193866,0.3016384541988373,463276000,0.0,0.0
2011-12-20 00:00:00-05:00,0.3085147545300793,0.3197459812124451,0.3085147545300793,0.3185999393463135,445208000,0.0,0.0
2011-12-21 00:00:00-05:00,0.31676630908176684,0.32020443513804137,0.30828560360771573,0.3144742250442505,548424000,0.0,0.0
2011-12-22 00:00:00-05:00,0.3153910160159481,0.3289142983763721,0.3153910160159481,0.32799747586250305,576560000,0.0,0.0
2011-12-23 00:00:00-05:00,0.3296018388654155,0.33006027732088117,0.3220379595594291,0.32478848099708557,248948000,0.0,0.0
2011-12-27 00:00:00-05:00,0.3234133657389234,0.3273099030964247,0.32135047373286024,0.3222673237323761,195712000,0.0,0.0
2011-12-28 00:00:00-05:00,0.32226733962657905,0.32295497032918064,0.3140158258429559,0.3142450451850891,233960000,0.0,0.0
2011-12-29 00:00:00-05:00,0.3174538822920141,0.3208920077259163,0.3128697150468112,0.32020437717437744,211112000,0.0,0.0
2011-12-30 00:00:00-05:00,0.3190584242698451,0.32249655066179345,0.31722475139604606,0.3176831901073456,186956000,0.0,0.0
2012-01-03 00:00:00-05:00,0.32776830630130455,0.3300604175813212,0.3211212737577832,0.32180890440940857,468044000,0.0,0.0
2012-01-04 00:00:00-05:00,0.322038073696672,0.3268514605947545,0.319058359298992,0.32547619938850403,347372000,0.0,0.0
2012-01-05 00:00:00-05:00,0.3238717698766909,0.3387703429543875,0.3224965085698894,0.33716586232185364,563548000,0.0,0.0
2012-01-06 00:00:00-05:00,0.33693667317901155,0.33716586518289254,0.32937279057501145,0.333269327878952,533252000,0.0,0.0
2012-01-09 00:00:00-05:00,0.33349854720662936,0.339687168492158,0.3309772438973639,0.333269327878952,508244000,0.0,0.0
2012-01-10 00:00:00-05:00,0.3383119105880262,0.3385411299180169,0.32960198590532896,0.33189406991004944,546328000,0.0,0.0
2012-01-11 00:00:00-05:00,0.3289143072047224,0.33189402144046287,0.32387172859551155,0.32524698972702026,484272000,0.0,0.0
2012-01-12 00:00:00-05:00,0.3259347453009016,0.3261639373615283,0.3160787489512682,0.32318422198295593,652364000,0.0,0.0
2012-01-13 00:00:00-05:00,0.32089208634045696,0.32157971706045674,0.31309901104392307,0.31470346450805664,504300000,0.0,0.0
2012-01-17 00:00:00-05:00,0.31951689803415545,0.31951689803415545,0.3094317097837519,0.30989012122154236,627176000,0.0,0.0
2012-01-18 00:00:00-05:00,0.3158494784803631,0.3229549497481031,0.3142450251590724,0.320433646440506,632676000,0.0,0.0
2012-01-19 00:00:00-05:00,0.3231840466399933,0.329372693423928,0.3197459216817133,0.32891425490379333,608312000,0.0,0.0
2012-01-20 00:00:00-05:00,0.3284559544076665,0.3323525191993488,0.3247886362771033,0.32593467831611633,546272000,0.0,0.0
2012-01-23 00:00:00-05:00,0.326163812488045,0.3351029552013657,0.32203805641449645,0.3348737359046936,562792000,0.0,0.0
2012-01-24 00:00:00-05:00,0.332581775242843,0.34381300578173046,0.3323525831851939,0.342437744140625,730920000,0.0,0.0
2012-01-25 00:00:00-05:00,0.3332693555231193,0.34129165012411444,0.3236425801428862,0.34037482738494873,1274152000,0.0,0.0
2012-01-26 00:00:00-05:00,0.3454173755150708,0.3493139401097432,0.3353322170111797,0.33716586232185364,799672000,0.0,0.0
2012-01-27 00:00:00-05:00,0.33510287881564604,0.3435835810024713,0.33235238450151167,0.3417499363422394,449996000,0.0,0.0
2012-01-30 00:00:00-05:00,0.33579047588138417,0.34083305284387083,0.3307478715951138,0.3392286002635956,399076000,0.0,0.0
2012-01-31 00:00:00-05:00,0.3401456035272396,0.34037482287089044,0.3325817203961397,0.3385411500930786,357900000,0.0,0.0
2012-02-01 00:00:00-05:00,0.34243760723587097,0.3461049519300987,0.33762424806396296,0.3422084152698517,428020000,0.0,0.0
2012-02-02 00:00:00-05:00,0.3440420898771295,0.3564193304848237,0.34060393712633436,0.35504409670829773,696236000,0.0,0.0
2012-02-03 00:00:00-05:00,0.3603159612966325,0.3655877600601812,0.3596283306189875,0.36260804533958435,495232000,0.0,0.0
2012-02-06 00:00:00-05:00,0.36077429228058067,0.3612327035223038,0.35664853645749045,0.3598574697971344,278868000,0.0,0.0
2012-02-07 00:00:00-05:00,0.360315956709719,0.36283723273059126,0.3543565273443904,0.36077436804771423,410296000,0.0,0.0
2012-02-08 00:00:00-05:00,0.3607743299861213,0.3809446726441177,0.35894065750379545,0.37383922934532166,847612000,0.0,0.0
2012-02-09 00:00:00-05:00,0.3784233462861744,0.380486210475572,0.37292232957479715,0.3736099600791931,561944000,0.0,0.0
2012-02-10 00:00:00-05:00,0.3699427134743444,0.3713179748469656,0.3623788305725227,0.36444172263145447,440268000,0.0,0.0
2012-02-13 00:00:00-05:00,0.37361012064667387,0.3749853822465158,0.3626081098193442,0.37017199397087097,610668000,0.0,0.0
2012-02-14 00:00:00-05:00,0.3701719268155347,0.3754437255601343,0.36696299277265804,0.3722347915172577,453756000,0.0,0.0
2012-02-15 00:00:00-05:00,0.37567283980472344,0.3873624760412926,0.369713412052004,0.3706302344799042,1110856000,0.0,0.0
2012-02-16 00:00:00-05:00,0.3451882086228511,0.3800279092407068,0.34381294721601013,0.37704819440841675,1888588000,0.0,0.0
2012-02-17 00:00:00-05:00,0.3772773978503968,0.3797986738916148,0.35985754827563177,0.36329567432403564,1020360000,0.0,0.0
2012-02-21 00:00:00-05:00,0.3630665484684286,0.37406856012071965,0.3623789176169472,0.3651294410228729,518176000,0.0,0.0
2012-02-22 00:00:00-05:00,0.36329567601722934,0.37223479285522265,0.3621496339957534,0.36260804533958435,492432000,0.0,0.0
2012-02-23 00:00:00-05:00,0.3632955794178271,0.3667337045680658,0.35756534351030606,0.3646708130836487,323968000,0.0,0.0
2012-02-24 00:00:00-05:00,0.3658169236584386,0.36627536229046126,0.36031593331211625,0.36192038655281067,366668000,0.0,0.0
2012-02-27 00:00:00-05:00,0.35733614216612464,0.358940595062627,0.349543042302873,0.3545856475830078,745268000,0.0,0.0
2012-02-28 00:00:00-05:00,0.35458582586639426,0.3587115834773675,0.3477095449655704,0.35137689113616943,699884000,0.0,0.0
2012-02-29 00:00:00-05:00,0.3525227353272761,0.35848216267512906,0.34702174648601763,0.34725093841552734,689196000,0.0,0.0
2012-03-01 00:00:00-05:00,0.3486262423538177,0.35366882063518296,0.34725098131172216,0.3495430648326874,449944000,0.0,0.0
2012-03-02 00:00:00-05:00,0.34839703449422,0.35756536887866,0.34839703449422,0.3525227904319763,684076000,0.0,0.0
2012-03-05 00:00:00-05:00,0.3500015629420447,0.3506891936337615,0.3380827311395455,0.3406040072441101,514848000,0.0,0.0
2012-03-06 00:00:00-05:00,0.33670741160804935,0.33945790657611896,0.3314356136470368,0.337395042181015,471400000,0.0,0.0
2012-03-07 00:00:00-05:00,0.33922873714401164,0.3408331903716914,0.33464456945132953,0.3394579291343689,441984000,0.0,0.0
2012-03-08 00:00:00-05:00,0.34037481522940294,0.34404216070269394,0.33854114249275746,0.3406040072441101,430852000,0.0,0.0
2012-03-09 00:00:00-05:00,0.34152081128557815,0.344042114374425,0.33785346630612717,0.33968713879585266,367836000,0.0,0.0
2012-03-12 00:00:00-04:00,0.34106240585811465,0.3433544896787318,0.3334985237853194,0.33441534638404846,299948000,0.0,0.0
2012-03-13 00:00:00-04:00,0.335790603431943,0.3408331823098607,0.33418612291841976,0.33899950981140137,553288000,0.0,0.0
2012-03-14 00:00:00-04:00,0.3389995714509525,0.3396872021783794,0.3282267811339276,0.3293728232383728,735708000,0.0,0.0
2012-03-15 00:00:00-04:00,0.33028954067008887,0.3360197493650729,0.32914349893109207,0.3341860771179199,382380000,0.0,0.0
2012-03-16 00:00:00-04:00,0.3344153367405627,0.3360197899039684,0.3325816642721875,0.3346445560455322,428340000,0.0,0.0
2012-03-19 00:00:00-04:00,0.3364782446314695,0.33808269787172973,0.3339569414512071,0.3355613946914673,405400000,0.0,0.0
2012-03-20 00:00:00-04:00,0.3337276198761155,0.3337276198761155,0.32708058963587494,0.33006030321121216,449616000,0.0,0.0
2012-03-21 00:00:00-04:00,0.3300603869330045,0.33441533511591914,0.3263930420140706,0.3314356207847595,467840000,0.0,0.0
2012-03-22 00:00:00-04:00,0.3289143393651469,0.3337277264722757,0.3279975167370249,0.3309772312641144,425372000,0.0,0.0
2012-03-23 00:00:00-04:00,0.33006038217262273,0.334415330292727,0.3277682711385025,0.3334985077381134,315456000,0.0,0.0
2012-03-26 00:00:00-04:00,0.33670741160804935,0.33899949530207285,0.3334985053659337,0.337395042181015,288600000,0.0,0.0
2012-03-27 00:00:00-04:00,0.3387703162128869,0.3438128950667866,0.3380826856137656,0.33968713879585266,419968000,0.0,0.0
2012-03-28 00:00:00-04:00,0.3440422003598523,0.35206449559906966,0.34152089664086366,0.34748032689094543,892448000,0.0,0.0
2012-03-29 00:00:00-04:00,0.34702189982297577,0.3518352603549874,0.3426669233525277,0.3490847647190094,372700000,0.0,0.0
2012-03-30 00:00:00-04:00,0.3520644466748892,0.35504416138585787,0.34702186726144824,0.3529812693595886,527240000,0.0,0.0
2012-04-02 00:00:00-04:00,0.3520645219586321,0.35504423730676843,0.3463343106444479,0.35137689113616943,407776000,0.0,0.0
2012-04-03 00:00:00-04:00,0.3538981335857357,0.3543565449465018,0.3438129470298903,0.34564661979675293,430476000,0.0,0.0
2012-04-04 00:00:00-04:00,0.34037480215895555,0.3447297508329349,0.33372774215933854,0.33579063415527344,495896000,0.0,0.0
2012-04-05 00:00:00-04:00,0.33624894783027337,0.3403747033000565,0.3341860564334875,0.33533212542533875,369424000,0.0,0.0
2012-04-09 00:00:00-04:00,0.3300604086359924,0.3321232732111646,0.3245593908958744,0.3309772312641144,365504000,0.0,0.0
2012-04-10 00:00:00-04:00,0.3296019696416999,0.33418613742494324,0.3229549372855153,0.32455939054489136,470360000,0.0,0.0
2012-04-11 00:00:00-04:00,0.3289143564586429,0.3357906358220957,0.3277683144520336,0.3286851644515991,372960000,0.0,0.0
2012-04-12 00:00:00-04:00,0.32914357251143617,0.3383119084730004,0.32776831118768296,0.33647826313972473,384868000,0.0,0.0
2012-04-13 00:00:00-04:00,0.33349853411649294,0.33533220669454933,0.3243301712262111,0.32455939054489136,311324000,0.0,0.0
2012-04-16 00:00:00-04:00,0.32685147719687396,0.3277682998317473,0.31539105764197894,0.32066285610198975,463468000,0.0,0.0
2012-04-17 00:00:00-04:00,0.3215797044253677,0.325476241920537,0.32020444303940315,0.32135048508644104,460696000,0.0,0.0
2012-04-18 00:00:00-04:00,0.31928751167516956,0.32089196453025476,0.31401571458807087,0.3179122507572174,400764000,0.0,0.0
2012-04-19 00:00:00-04:00,0.3137865703749886,0.3257054283177525,0.3114944865127332,0.3130989670753479,667188000,0.0,0.0
2012-04-20 00:00:00-04:00,0.3149325688232157,0.3158494186358049,0.30622264588446974,0.30691027641296387,509592000,0.0,0.0
2012-04-23 00:00:00-04:00,0.30163852815401826,0.3046182427159089,0.2959083183518423,0.3032429814338684,706244000,0.0,0.0
2012-04-24 00:00:00-04:00,0.30415991223123373,0.30668121614378113,0.2922410508160675,0.2938455045223236,730440000,0.0,0.0
2012-04-25 00:00:00-04:00,0.29820041297649297,0.3020969503170781,0.2926993949746699,0.2998048663139343,727112000,0.0,0.0
2012-04-26 00:00:00-04:00,0.29957566465432056,0.30255537922714804,0.2975127727236882,0.3000340759754181,539208000,0.0,0.0
2012-04-27 00:00:00-04:00,0.29957575163565375,0.30140942477624355,0.2943039516028844,0.29751285910606384,475356000,0.0,0.0
2012-04-30 00:00:00-04:00,0.2959082651887699,0.2995756097328032,0.29384537363632957,0.29797112941741943,262268000,0.0,0.0
2012-05-01 00:00:00-04:00,0.2963667296712572,0.3064519153173643,0.2963667296712572,0.3032429814338684,408680000,0.0,0.0
2012-05-02 00:00:00-04:00,0.3020969567380314,0.30324299876396194,0.29292862053058677,0.2945330739021301,684008000,0.0,0.0
2012-05-03 00:00:00-04:00,0.2952207012161225,0.29705437390146194,0.28765681846647023,0.2894904911518097,419536000,0.0,0.0
2012-05-04 00:00:00-04:00,0.2876569151901331,0.2892613690828735,0.28100985288619995,0.28100985288619995,545092000,0.0,0.0
2012-05-07 00:00:00-04:00,0.28605229624032674,0.2908656824649478,0.2835309934895652,0.2858230769634247,604440000,0.0,0.0
2012-05-08 00:00:00-04:00,0.28330175664641444,0.2874275121083003,0.2782591787813488,0.2855938673019409,462312000,0.0,0.0
2012-05-09 00:00:00-04:00,0.28055138524771406,0.2890321191563881,0.2778008895071876,0.2867400348186493,520608000,0.0,0.0
2012-05-10 00:00:00-04:00,0.28949047538198563,0.2899488866973996,0.28009292045892026,0.28467708826065063,597092000,0.0,0.0
2012-05-11 00:00:00-04:00,0.3082857011449528,0.31355750156392287,0.30163863893884063,0.30278468132019043,1435140000,0.0,0.0
2012-05-14 00:00:00-04:00,0.3002631650043297,0.3055349616985745,0.2940745459822972,0.3009507954120636,437472000,0.0,0.0
2012-05-15 00:00:00-04:00,0.3009508434439727,0.30759790201455933,0.29659589570625,0.29797112941741943,599940000,0.0,0.0
2012-05-16 00:00:00-04:00,0.2984295163997902,0.30186764106917846,0.2910948285793998,0.29201167821884155,470484000,0.0,0.0
2012-05-17 00:00:00-04:00,0.2931579048577193,0.29590840086497183,0.289948970079422,0.289948970079422,335364000,0.0,0.0
2012-05-18 00:00:00-04:00,0.2906364891664114,0.2920117503031701,0.2755087259572367,0.27688395977020264,567288000,0.0,0.0
2012-05-21 00:00:00-04:00,0.2773425317166259,0.28307274366866236,0.275508858427213,0.28169748187065125,416260000,0.0,0.0
2012-05-22 00:00:00-04:00,0.2814682416851028,0.28192665309816395,0.2741335497809197,0.2782593071460724,410140000,0.0,0.0
2012-05-23 00:00:00-04:00,0.2752795122961723,0.28559391638546366,0.2711537561252144,0.2851354777812958,496000000,0.0,0.0
2012-05-24 00:00:00-04:00,0.2867400123144958,0.28719842368130605,0.2755087835467534,0.2775716483592987,520420000,0.0,0.0
2012-05-25 00:00:00-04:00,0.27734250467271593,0.2865108429019617,0.27734250467271593,0.28421875834465027,391752000,0.0,0.0
2012-05-29 00:00:00-04:00,0.28880288252905606,0.2933870509305016,0.2876568404286947,0.2915533781051636,310000000,0.0,0.0
2012-05-30 00:00:00-04:00,0.2883444823437169,0.29040734727490325,0.28307268301270727,0.2881152629852295,379792000,0.0,0.0
2012-05-31 00:00:00-04:00,0.28811508379310125,0.2892611252251618,0.28123883520073784,0.28490617871284485,358192000,0.0,0.0
2012-06-01 00:00:00-04:00,0.2789468988840381,0.281697394301226,0.27413351141111136,0.27459192276000977,440984000,0.0,0.0
2012-06-04 00:00:00-04:00,0.27596709075530707,0.2775715435954735,0.2665695383255222,0.2688616216182709,432856000,0.0,0.0
2012-06-05 00:00:00-04:00,0.26748650242397276,0.2773424702623245,0.26748650242397276,0.27665483951568604,365224000,0.0,0.0
2012-06-06 00:00:00-04:00,0.2787177193069926,0.2846771496641815,0.27665485428078174,0.2839895188808441,368968000,0.0,0.0
2012-06-07 00:00:00-04:00,0.2881152116649213,0.2897196922409361,0.27229981648899804,0.2725290358066559,526780000,0.0,0.0
2012-06-08 00:00:00-04:00,0.27344594054864446,0.27871774052380077,0.27298752909945767,0.27780091762542725,370308000,0.0,0.0
2012-06-11 00:00:00-04:00,0.28674009220108315,0.29178267328846985,0.28032224930631555,0.28100985288619995,839080000,0.0,0.0
2012-06-12 00:00:00-04:00,0.28421873111761636,0.28949053055917573,0.28376031971482873,0.2867400348186493,496128000,0.0,0.0
2012-06-13 00:00:00-04:00,0.2865107794848456,0.2871984101645975,0.27780085463018117,0.27917611598968506,494276000,0.0,0.0
2012-06-14 00:00:00-04:00,0.2787176858887554,0.2810097700091917,0.2729874755876646,0.2757379710674286,589884000,0.0,0.0
2012-06-15 00:00:00-04:00,0.2778009432080276,0.28192670127825503,0.27527963901960917,0.28169748187065125,385288000,0.0,0.0
2012-06-18 00:00:00-04:00,0.2796345892300274,0.2865108429019617,0.27734250467271593,0.28421875834465027,304424000,0.0,0.0
2012-06-19 00:00:00-04:00,0.29590833799200955,0.3078271970306562,0.29453307661868955,0.30347222089767456,960476000,0.0,0.0
2012-06-20 00:00:00-04:00,0.3064518917239062,0.3140157735452011,0.3046182192636236,0.30828556418418884,972720000,0.0,0.0
2012-06-21 00:00:00-04:00,0.3080564925068324,0.3080564925068324,0.29361635253232976,0.2943039834499359,516376000,0.0,0.0
2012-06-22 00:00:00-04:00,0.29797112941741943,0.3014092820048199,0.29384537363632957,0.29797112941741943,865360000,0.0,0.0
2012-06-25 00:00:00-04:00,0.2982003352623093,0.29911715769511454,0.28742752139600625,0.28857356309890747,494616000,0.0,0.0
2012-06-26 00:00:00-04:00,0.29017810470572875,0.29384542253626367,0.28605234823805603,0.29178255796432495,437152000,0.0,0.0
2012-06-27 00:00:00-04:00,0.29201178837262093,0.30324298893311696,0.29201178837262093,0.3011801242828369,506064000,0.0,0.0
2012-06-28 00:00:00-04:00,0.29842964140183037,0.3053058936208354,0.29590833799200955,0.30347222089767456,545896000,0.0,0.0
2012-06-29 00:00:00-04:00,0.3105776707567536,0.31745392249538834,0.3103484514359475,0.31676629185676575,616508000,0.0,0.0
2012-07-02 00:00:00-04:00,0.31837074905384655,0.3185999410340109,0.30576426113582605,0.30828556418418884,581684000,0.0,0.0
2012-07-03 00:00:00-04:00,0.30828554999528623,0.31699547328790767,0.3080563307018782,0.31630784273147583,219284000,0.0,0.0
2012-07-05 00:00:00-04:00,0.3142450090064756,0.3156202429295519,0.30828558003509365,0.3130989670753479,280076000,0.0,0.0
2012-07-06 00:00:00-04:00,0.31080686355487286,0.31172371351666467,0.3037014198009132,0.3071395456790924,382760000,0.0,0.0
2012-07-09 00:00:00-04:00,0.30530603572617654,0.3066812977396151,0.3004926460029516,0.30301395058631897,306336000,0.0,0.0
2012-07-10 00:00:00-04:00,0.2998049352299067,0.3087440812912814,0.2915534199922998,0.2938455045223236,512028000,0.0,0.0
2012-07-11 00:00:00-04:00,0.29476225134172734,0.2984295962329775,0.2876567808613526,0.2890320420265198,485216000,0.0,0.0
2012-07-12 00:00:00-04:00,0.2858232120700076,0.28628162351670927,0.2816974544020864,0.28421875834465027,472160000,0.0,0.0
2012-07-13 00:00:00-04:00,0.284447927099746,0.2892612874190666,0.28261425431551984,0.2878860533237457,324260000,0.0,0.0
2012-07-16 00:00:00-04:00,0.28605227822969653,0.2910948560899349,0.2833017563752132,0.28880277276039124,334460000,0.0,0.0
2012-07-17 00:00:00-04:00,0.2897196882058498,0.29132414143572327,0.27871765293981665,0.2835310399532318,447476000,0.0,0.0
2012-07-18 00:00:00-04:00,0.28284333627168023,0.3034721129120795,0.28146810271151207,0.29934635758399963,616008000,0.0,0.0
2012-07-19 00:00:00-04:00,0.3014092904857009,0.3062226495959157,0.2993463988752162,0.30232611298561096,403036000,0.0,0.0
2012-07-20 00:00:00-04:00,0.30049239553732715,0.3025552868380294,0.2904072129338425,0.2936161458492279,451000000,0.0,0.0
2012-07-23 00:00:00-04:00,0.28582321674313205,0.29957575163565375,0.2826143092399527,0.29751285910606384,451584000,0.0,0.0
2012-07-24 00:00:00-04:00,0.2979713028041577,0.29980497614317186,0.2908658561857118,0.2943039834499359,351164000,0.0,0.0
2012-07-25 00:00:00-04:00,0.2933870161862191,0.3030137905482455,0.29201178222292656,0.3000340759754181,415044000,0.0,0.0
2012-07-26 00:00:00-04:00,0.3055350933228346,0.3089732468426578,0.2991172522921616,0.30140936374664307,338440000,0.0,0.0
2012-07-27 00:00:00-04:00,0.3025553532528575,0.3098900157321262,0.30026324219655554,0.30897319316864014,376516000,0.0,0.0
2012-07-30 00:00:00-04:00,0.3089732313966511,0.31286976875925987,0.3030138020252754,0.30553507804870605,363552000,0.0,0.0
2012-07-31 00:00:00-04:00,0.3055350639956083,0.31470342696210135,0.3050766526782326,0.3103484511375427,387788000,0.0,0.0
2012-08-01 00:00:00-04:00,0.31218207403303044,0.31516178810731077,0.30553501535597566,0.30691027641296387,335912000,0.0,0.0
2012-08-02 00:00:00-04:00,0.30530585940808463,0.312640522155004,0.30026325315352037,0.3080563545227051,367912000,0.0,0.0
2012-08-03 00:00:00-04:00,0.31286977168274843,0.3176831590910516,0.3055350809036585,0.3144742250442505,326548000,0.0,0.0
2012-08-06 00:00:00-04:00,0.317453930146446,0.3227257287378824,0.31699551881758115,0.3211212754249573,360324000,0.0,0.0
2012-08-07 00:00:00-04:00,0.32501769207409603,0.327768186350222,0.32249638971543876,0.32433006167411804,407340000,0.0,0.0
2012-08-08 00:00:00-04:00,0.32410099351144506,0.32960198416419645,0.32318414352012215,0.3261638581752777,517064000,0.0,0.0
2012-08-09 00:00:00-04:00,0.32662226516649795,0.3378534929752544,0.32616385383882945,0.33716586232185364,822300000,0.0,0.0
2012-08-10 00:00:00-04:00,0.3461049831188201,0.3488554782254516,0.3307479997361884,0.33510297536849976,1278744000,0.0,0.0
2012-08-13 00:00:00-04:00,0.3355613920603481,0.3396871484485209,0.33418613082302556,0.3394579291343689,447244000,0.0,0.0
2012-08-14 00:00:00-04:00,0.34060396723495573,0.34106240585811465,0.33304008516216044,0.33441534638404846,388828000,0.0,0.0
2012-08-15 00:00:00-04:00,0.3355614152471209,0.3383119105880262,0.3302896165715044,0.33189406991004944,594404000,0.0,0.0
2012-08-16 00:00:00-04:00,0.33487373604758575,0.3399163419861816,0.3337276942113217,0.3387703001499176,371008000,0.0,0.0
2012-08-17 00:00:00-04:00,0.3387703488224261,0.3387703488224261,0.33281091948812075,0.33579063415527344,309864000,0.0,0.0
2012-08-20 00:00:00-04:00,0.3346445921543529,0.3362490454908823,0.33074802749218585,0.33579063415527344,314392000,0.0,0.0
2012-08-21 00:00:00-04:00,0.3369366276033642,0.33899949197824214,0.3314356103973686,0.3348737359046936,340248000,0.0,0.0
2012-08-22 00:00:00-04:00,0.3328108995190505,0.33693665593957317,0.3316648575868939,0.3355613946914673,313556000,0.0,0.0
2012-08-23 00:00:00-04:00,0.33487372668789667,0.33510294597825985,0.32662221476790754,0.32799747586250305,379040000,0.0,0.0
2012-08-24 00:00:00-04:00,0.32799749676314627,0.3362490092089379,0.32730986617203134,0.3346445560455322,347724000,0.0,0.0
2012-08-27 00:00:00-04:00,0.33441527123131437,0.33533212094779535,0.3286850629675143,0.32891425490379333,340944000,0.0,0.0
2012-08-28 00:00:00-04:00,0.3263930147635259,0.33074796258284606,0.32570538423316187,0.3275390565395355,310764000,0.0,0.0
2012-08-29 00:00:00-04:00,0.3273099248704454,0.3302896397504507,0.3266222941560136,0.328226774930954,250412000,0.0,0.0
2012-08-30 00:00:00-04:00,0.3275390413275612,0.32868508305034494,0.3204335717167859,0.32203802466392517,307488000,0.0,0.0
2012-08-31 00:00:00-04:00,0.324330280284956,0.3266223649473101,0.318370876557118,0.32157978415489197,485064000,0.0,0.0
2012-09-04 00:00:00-04:00,0.31630791920665835,0.31745396130319775,0.30140937195164635,0.3043890595436096,694452000,0.0,0.0
2012-09-05 00:00:00-04:00,0.30553497090721654,0.3098899454049301,0.30209684608871035,0.3053057789802551,480256000,0.0,0.0
2012-09-06 00:00:00-04:00,0.30759799260772375,0.32295497850045624,0.3073687732597909,0.31470346450805664,657296000,0.0,0.0
2012-09-07 00:00:00-04:00,0.3066811343600943,0.30920241027648165,0.2968251407207592,0.3071395456790924,781064000,0.0,0.0
2012-09-10 00:00:00-04:00,0.30645195171165984,0.31080690074899,0.3037014561447251,0.3043890595436096,371108000,0.0,0.0
2012-09-11 00:00:00-04:00,0.3041598175000099,0.31286974146613666,0.3030137755919352,0.3080563545227051,382808000,0.0,0.0
2012-09-12 00:00:00-04:00,0.31057764707690877,0.31309895011835753,0.30759793275259484,0.31149446964263916,322608000,0.0,0.0
2012-09-13 00:00:00-04:00,0.3142450170393285,0.3153910589997518,0.3075979572745962,0.31355738639831543,433836000,0.0,0.0
2012-09-14 00:00:00-04:00,0.31332826220303317,0.32272582006111655,0.31332826220303317,0.31722480058670044,339468000,0.0,0.0
2012-09-17 00:00:00-04:00,0.3179123286658343,0.3179123286658343,0.3050766480320225,0.3085147738456726,493348000,0.0,0.0
2012-09-18 00:00:00-04:00,0.3050766431902147,0.3142450058715676,0.30484745120055257,0.3105776607990265,359952000,0.0,0.0
2012-09-19 00:00:00-04:00,0.3112653303563475,0.3185999940952358,0.30759798482500433,0.3142450451850891,451936000,0.0,0.0
2012-09-20 00:00:00-04:00,0.3135572796158603,0.3151617323492946,0.30943152449861017,0.3119527995586395,320596000,0.0,0.0
2012-09-21 00:00:00-04:00,0.31241132435462654,0.31516181941806853,0.31126528246787627,0.3133281469345093,340136000,0.0,0.0
2012-09-24 00:00:00-04:00,0.30828558003509365,0.31355737838304,0.30782716872740157,0.3130989670753479,357832000,0.0,0.0
2012-09-25 00:00:00-04:00,0.31722459919071055,0.31859986001715546,0.3069102249637339,0.3073686361312866,481544000,0.0,0.0
2012-09-26 00:00:00-04:00,0.3062226895620943,0.30645190887888374,0.29842961532438383,0.3020969331264496,436812000,0.0,0.0
2012-09-27 00:00:00-04:00,0.3027846060732143,0.3048474982412645,0.30026330253130806,0.3043890595436096,558888000,0.0,0.0
2012-09-28 00:00:00-04:00,0.30301379244261356,0.3101192635973318,0.299117227879435,0.3057642877101898,485508000,0.0,0.0
2012-10-01 00:00:00-04:00,0.30713951495286684,0.3089731873692143,0.2995756333128039,0.300721675157547,504236000,0.0,0.0
2012-10-02 00:00:00-04:00,0.30278463570938235,0.30278463570938235,0.2984296862457954,0.301867812871933,295492000,0.0,0.0
2012-10-03 00:00:00-04:00,0.3025553728065452,0.3034721954292841,0.2972835744163086,0.29888802766799927,430872000,0.0,0.0
2012-10-04 00:00:00-04:00,0.2995756095332625,0.31401574109556335,0.2979711292189474,0.31218206882476807,502608000,0.0,0.0
2012-10-05 00:00:00-04:00,0.31309902297575454,0.31630793002630936,0.30370146653315855,0.30484750866889954,483068000,0.0,0.0
2012-10-08 00:00:00-04:00,0.3037014858706333,0.30507672012680737,0.2995757284545079,0.301867812871933,240596000,0.0,0.0
2012-10-09 00:00:00-04:00,0.30140928097618896,0.3023261034471731,0.29453300314864567,0.2954498529434204,366360000,0.0,0.0
2012-10-10 00:00:00-04:00,0.2940746451913618,0.29544990647078795,0.28926125803716574,0.29040729999542236,326568000,0.0,0.0
2012-10-11 00:00:00-04:00,0.2931577197753043,0.2940745420909601,0.28971959510591605,0.29201167821884155,320516000,0.0,0.0
2012-10-12 00:00:00-04:00,0.28994890249219535,0.29224098651792046,0.28765681846647023,0.2894904911518097,260696000,0.0,0.0
2012-10-15 00:00:00-04:00,0.28994891160440955,0.29338703775104713,0.28651078545777203,0.2931578457355499,249580000,0.0,0.0
2012-10-16 00:00:00-04:00,0.2956790265361779,0.30255530393667124,0.2929285319702539,0.3016384541988373,367696000,0.0,0.0
2012-10-17 00:00:00-04:00,0.2979710967000438,0.3007216184679555,0.2949913830006646,0.29934635758399963,391752000,0.0,0.0
2012-10-18 00:00:00-04:00,0.29865882085914564,0.29865882085914564,0.293616241575293,0.2947622835636139,254772000,0.0,0.0
2012-10-19 00:00:00-04:00,0.2904073305727762,0.29247022270911993,0.27596719491356364,0.2775716483592987,709412000,0.0,0.0
2012-10-22 00:00:00-04:00,0.2787176918939896,0.28032217267190346,0.272070658731027,0.2743627429008484,480840000,0.0,0.0
2012-10-23 00:00:00-04:00,0.27184135730067954,0.2844478437519048,0.27115372679260685,0.28261417150497437,573948000,0.0,0.0
2012-10-24 00:00:00-04:00,0.28444801580331014,0.2855940582353638,0.27619649936300106,0.27894699573516846,332916000,0.0,0.0
2012-10-25 00:00:00-04:00,0.2812389807051437,0.2842186954348706,0.27803007396469753,0.27917611598968506,307356000,0.0,0.0
2012-10-26 00:00:00-04:00,0.2796346671965794,0.28123912136928386,0.27619653940200806,0.27619653940200806,389376000,0.0,0.0
2012-10-31 00:00:00-04:00,0.277342445500995,0.2796345295692844,0.27390431939856086,0.27459192276000977,347112000,0.0,0.0
2012-11-01 00:00:00-04:00,0.2759672031776524,0.2878860630144305,0.27573798382548387,0.28765684366226196,473220000,0.0,0.0
2012-11-02 00:00:00-04:00,0.29063659242683787,0.29109500386069576,0.2844479697602502,0.28628161549568176,256700000,0.0,0.0
2012-11-05 00:00:00-05:00,0.28559384246699426,0.2995755605042749,0.28559384246699426,0.2984295189380646,444840000,0.0,0.0
2012-11-06 00:00:00-05:00,0.2991172810992433,0.2991172810992433,0.2931578781798133,0.29820045828819275,350804000,0.0,0.0
2012-11-07 00:00:00-05:00,0.29590829320476886,0.2977419656503939,0.2876567808613526,0.2890320420265198,324620000,0.0,0.0
2012-11-08 00:00:00-05:00,0.2922409029466891,0.2998047835333217,0.289948819576424,0.29063645005226135,839024000,0.0,0.0
2012-11-09 00:00:00-05:00,0.2922409457285714,0.29567907128728477,0.2784884434937177,0.27940526604652405,846280000,0.0,0.0
2012-11-12 00:00:00-05:00,0.27986372760500605,0.28100976966381563,0.2704661717932481,0.27321669459342957,643624000,0.0,0.0
2012-11-13 00:00:00-05:00,0.27184146823107236,0.27803011800533967,0.2709246453953743,0.27115383744239807,492120000,0.0,0.0
2012-11-14 00:00:00-05:00,0.2727583320950931,0.27550882806418525,0.26427759748167146,0.26450681686401367,619300000,0.0,0.0
2012-11-15 00:00:00-05:00,0.26611112735399556,0.2729873772379849,0.26381904405933243,0.26565271615982056,466688000,0.0,0.0
2012-11-16 00:00:00-05:00,0.26565275950702605,0.26656958204497616,0.25556757497061144,0.2608393728733063,624552000,0.0,0.0
2012-11-19 00:00:00-05:00,0.26565277643652946,0.26909090215863607,0.26244384270162,0.26817405223846436,404092000,0.0,0.0
2012-11-20 00:00:00-05:00,0.2671360023385532,0.26828943821652307,0.2622915606510477,0.26505982875823975,336976000,0.001875,0.0
2012-11-21 00:00:00-05:00,0.2650598220837099,0.27336454369592134,0.26482912391389296,0.27267250418663025,422312000,0.0,0.0
2012-11-23 00:00:00-05:00,0.27382588652172335,0.2777475621416384,0.2724417527734829,0.2745179533958435,276932000,0.0,0.0
2012-11-26 00:00:00-05:00,0.2749793945852879,0.28005450716568997,0.27451802571435713,0.27936244010925293,364600000,0.0,0.0
2012-11-27 00:00:00-05:00,0.278208859724101,0.28466810306346524,0.27590198906719,0.28051573038101196,451404000,0.0,0.0
2012-11-28 00:00:00-05:00,0.2793625089294693,0.28420695201786256,0.2759022002949279,0.2828228175640106,398332000,0.0,0.0
2012-11-29 00:00:00-05:00,0.28328420073271454,0.28466830762141704,0.27682495275184116,0.2777476906776428,488688000,0.0,0.0
2012-11-30 00:00:00-05:00,0.2775169286070503,0.2795931297126323,0.27451801728801106,0.27613282203674316,460504000,0.0,0.0
2012-12-03 00:00:00-05:00,0.27959308167997593,0.27959308167997593,0.2703655961295063,0.2710576355457306,391380000,0.0,0.0
2012-12-04 00:00:00-05:00,0.2715190585044287,0.2795931091544949,0.26990422637435235,0.2791317403316498,528068000,0.0,0.0
2012-12-05 00:00:00-05:00,0.27682482766341565,0.278670302681107,0.27198038699178906,0.27590206265449524,633024000,0.0,0.0
2012-12-06 00:00:00-05:00,0.2752100561229952,0.27820899493448603,0.27428731841180454,0.2763634920120239,412896000,0.0,0.0
2012-12-07 00:00:00-05:00,0.27659412953616686,0.27797826329951014,0.2726724538734607,0.27590206265449524,338288000,0.0,0.0
2012-12-10 00:00:00-05:00,0.2759021485641232,0.28720583781760434,0.2752100814669577,0.2851296365261078,513644000,0.0,0.0
2012-12-11 00:00:00-05:00,0.2860524218706141,0.29551060869456774,0.2853603547249444,0.29181960225105286,816724000,0.0,0.0
2012-12-12 00:00:00-05:00,0.2927422982791326,0.2943571029031894,0.28766715874627014,0.2888205945491791,399404000,0.0,0.0
2012-12-13 00:00:00-05:00,0.2883591381482469,0.29458768409221975,0.28628296533361275,0.28905120491981506,377556000,0.0,0.0
2012-12-14 00:00:00-05:00,0.2902046435854371,0.2934342518884184,0.28812844324774567,0.2904353141784668,338660000,0.0,0.0
2012-12-17 00:00:00-05:00,0.2897433606247757,0.2913581652540335,0.28489891923692323,0.289281964302063,445232000,0.0,0.0
2012-12-18 00:00:00-05:00,0.28928196752940905,0.29297297315181586,0.28835922987384693,0.2897433638572693,416436000,0.0,0.0
2012-12-19 00:00:00-05:00,0.29181960225105286,0.29527991047931607,0.2906661661749651,0.29181960225105286,458544000,0.0,0.0
2012-12-20 00:00:00-05:00,0.2929729492391765,0.29320364738427684,0.2883592063377842,0.29158884286880493,334332000,0.0,0.0
2012-12-21 00:00:00-05:00,0.28766717735453906,0.28766717735453906,0.2816692997913974,0.28489893674850464,462172000,0.0,0.0
2012-12-24 00:00:00-05:00,0.2846682317112235,0.28559099689104606,0.2816692930019402,0.2825920581817627,127376000,0.0,0.0
2012-12-26 00:00:00-05:00,0.28189995981328864,0.2865137026989275,0.2812078928804274,0.28236132860183716,196740000,0.0,0.0
2012-12-27 00:00:00-05:00,0.28282260103792295,0.28328399716935915,0.2772861224613635,0.28051573038101196,299804000,0.0,0.0
2012-12-28 00:00:00-05:00,0.27797830452449745,0.28351478539879704,0.27751690820157343,0.2791317403316498,220600000,0.0,0.0
2012-12-31 00:00:00-05:00,0.2782090727179555,0.2839762537755244,0.27751700549102953,0.2828228175640106,326460000,0.0,0.0
2013-01-02 00:00:00-05:00,0.2897433734382848,0.2936650498542216,0.28858993758065166,0.29343435168266296,478836000,0.0,0.0
2013-01-03 00:00:00-05:00,0.2934343235085356,0.2968946307491933,0.290204714417286,0.2936650216579437,298888000,0.0,0.0
2013-01-04 00:00:00-05:00,0.29412642104530795,0.30427667317355866,0.29320368335186714,0.3033539354801178,524968000,0.0,0.0
2013-01-07 00:00:00-05:00,0.3031231157485574,0.3040458530719629,0.2925114990290473,0.2945876717567444,610732000,0.0,0.0
2013-01-08 00:00:00-05:00,0.2952798990175245,0.29620266434262715,0.28605241076700316,0.2881285846233368,466424000,0.0,0.0
2013-01-09 00:00:00-05:00,0.2904352837837432,0.2918194171973514,0.27982369511299576,0.28166916966438293,695020000,0.0,0.0
2013-01-10 00:00:00-05:00,0.28420686195162087,0.28559099596683546,0.2805158562444352,0.2821306884288788,506368000,0.0,0.0
2013-01-11 00:00:00-05:00,0.2832840011469484,0.2835146717158379,0.2789009303372344,0.28166916966438293,513172000,0.0,0.0
2013-01-14 00:00:00-05:00,0.2835147924025225,0.2835147924025225,0.2782089820585355,0.2814386188983917,305684000,0.0,0.0
2013-01-15 00:00:00-05:00,0.28005449785694814,0.28005449785694814,0.27474868726739987,0.2763634920120239,375888000,0.0,0.0
2013-01-16 00:00:00-05:00,0.27590213145467973,0.28120794220380974,0.27590213145467973,0.278901070356369,337376000,0.0,0.0
2013-01-17 00:00:00-05:00,0.27982381764245495,0.2837454940314809,0.27913175063260803,0.2825920581817627,580736000,0.0,0.0
2013-01-18 00:00:00-05:00,0.2825921421830177,0.2825921421830177,0.2772863301971314,0.2807466387748718,397088000,0.0,0.0
2013-01-22 00:00:00-05:00,0.28051587603662076,0.2830534460768626,0.27797833349646056,0.27936244010925293,308224000,0.0,0.0
2013-01-23 00:00:00-05:00,0.2802850592833403,0.28051572984855305,0.2768247533045419,0.2798236906528473,421808000,0.0,0.0
2013-01-24 00:00:00-05:00,0.2789010179048671,0.28236132502526573,0.277516884056677,0.2812078893184662,396980000,0.0,0.0
2013-01-25 00:00:00-05:00,0.28166924607455646,0.28651368683629896,0.2802851397855409,0.286283016204834,393920000,0.0,0.0
2013-01-28 00:00:00-05:00,0.28766713683611067,0.29274227598242536,0.2869750699070608,0.29089677333831787,422492000,0.0,0.0
2013-01-29 00:00:00-05:00,0.28974337680349643,0.29043541632604997,0.28351480109987176,0.2846682369709015,388872000,0.0,0.0
2013-01-30 00:00:00-05:00,0.28489890436355547,0.2888205804013273,0.28328409981859975,0.2842068374156952,287592000,0.0,0.0
2013-01-31 00:00:00-05:00,0.28420695201786256,0.2874365899101542,0.28097734162565935,0.2828228175640106,470544000,0.0,0.0
2013-02-01 00:00:00-05:00,0.28512957854689414,0.28628304180767644,0.28282270702548507,0.28536027669906616,288816000,0.0,0.0
2013-02-04 00:00:00-05:00,0.28374536580072784,0.28951254244300534,0.28028505981536134,0.28051573038101196,511744000,0.0,0.0
2013-02-05 00:00:00-05:00,0.2818999445338899,0.2885898878555074,0.28097720700680656,0.28697505593299866,367296000,0.0,0.0
2013-02-06 00:00:00-05:00,0.2800544934867827,0.2869751087129609,0.2784396887673572,0.2846682369709015,530688000,0.0,0.0
2013-02-07 00:00:00-05:00,0.28374558533871025,0.28605245778048116,0.28074664566439034,0.2835148870944977,440000000,0.0,0.0
2013-02-08 00:00:00-05:00,0.28536027669906616,0.28766714822047523,0.2835147739819233,0.28536027669906616,307232000,0.0,0.0
2013-02-11 00:00:00-05:00,0.28766718913636236,0.2915888932806174,0.2848989484169507,0.2885899543762207,408308000,0.0,0.0
2013-02-12 00:00:00-05:00,0.28605220013920934,0.2899738742580318,0.285590831566418,0.28674426674842834,277804000,0.0,0.0
2013-02-13 00:00:00-05:00,0.286975081264037,0.29228089126329343,0.2844375390905336,0.28536027669906616,856396000,0.0,0.0
2013-02-14 00:00:00-05:00,0.28143859724093756,0.2938957198073519,0.2779782900002798,0.2936650216579437,882096000,0.0,0.0
2013-02-15 00:00:00-05:00,0.29297295470979673,0.2950491555542378,0.2872057759753671,0.2936650216579437,733860000,0.0,0.0
2013-02-19 00:00:00-05:00,0.2938957383074571,0.29412640897130804,0.2878978610460659,0.2897433638572693,433552000,0.0,0.0
2013-02-20 00:00:00-05:00,0.290666118684565,0.2952798622351008,0.2846682410688361,0.2855910062789917,713012000,0.0,0.0
2013-02-21 00:00:00-05:00,0.2851296923037196,0.2883593302222521,0.2828228198619486,0.2835148870944977,580408000,0.0,0.0
2013-02-22 00:00:00-05:00,0.28536028714045214,0.28905129270979235,0.28374548251639536,0.2888205945491791,370148000,0.0,0.0
2013-02-25 00:00:00-05:00,0.28951255515127416,0.29181942590944615,0.28328400960422345,0.2837453782558441,644444000,0.0,0.0
2013-02-26 00:00:00-05:00,0.2843258196551554,0.2887357557846778,0.28339739311765694,0.2871110439300537,487504000,0.001875,0.0
2013-02-27 00:00:00-05:00,0.28711084710640983,0.29453814363955466,0.28641453459783006,0.2924492061138153,476980000,0.0,0.0
2013-02-28 00:00:00-05:00,0.2915208450933079,0.2982518023082794,0.2903603333204657,0.2938418686389923,591392000,0.0,0.0
2013-03-01 00:00:00-05:00,0.2917529510844608,0.29593079929025173,0.2891998416083778,0.29500240087509155,389396000,0.0,0.0
2013-03-04 00:00:00-05:00,0.2929134426194486,0.296627091360057,0.2905924190737642,0.2938418686389923,353680000,0.0,0.0
2013-03-05 00:00:00-05:00,0.2954667127845319,0.29755562384982226,0.2940740869618079,0.29709142446517944,366168000,0.0,0.0
2013-03-06 00:00:00-05:00,0.29894826495280813,0.30173348907182274,0.29546672788684064,0.29685935378074646,342928000,0.0,0.0
2013-03-07 00:00:00-05:00,0.2984839870134983,0.3015013238772369,0.2945382515772816,0.2961629629135132,314824000,0.0,0.0
2013-03-08 00:00:00-05:00,0.296859280727237,0.2989481913852428,0.2954666551760396,0.2975555658340454,246464000,0.0,0.0
2013-03-11 00:00:00-04:00,0.2945381550510261,0.29593075245336026,0.2922171040429077,0.2947702407836914,299748000,0.0,0.0
2013-03-12 00:00:00-04:00,0.2943060474345465,0.29662707081950695,0.29152082490635034,0.2956986725330353,310856000,0.0,0.0
2013-03-13 00:00:00-04:00,0.2956986725330353,0.3008049184461919,0.2929134223360578,0.2956986725330353,485840000,0.0,0.0
2013-03-14 00:00:00-04:00,0.2975555738343109,0.29848400011633486,0.29407403753150096,0.2959308624267578,383304000,0.0,0.0
2013-03-15 00:00:00-04:00,0.29593089719552074,0.29593089719552074,0.2922172469686923,0.2933777868747711,355776000,0.0,0.0
2013-03-18 00:00:00-04:00,0.29152084690588576,0.29407395622074306,0.28919982334577,0.29128873348236084,298312000,0.0,0.0
2013-03-19 00:00:00-04:00,0.2915208375241434,0.29291343501412614,0.2873429897166301,0.2894318997859955,355480000,0.0,0.0
2013-03-20 00:00:00-04:00,0.2922171837687602,0.2938419226846,0.2896640740001902,0.2929134964942932,340588000,0.0,0.0
2013-03-21 00:00:00-04:00,0.2912886732859318,0.2917528723682689,0.2878071386652367,0.28827133774757385,339032000,0.0,0.0
2013-03-22 00:00:00-04:00,0.28919997965752026,0.29082469149399665,0.2880394672502088,0.2896641790866852,232476000,0.0,0.0
2013-03-25 00:00:00-04:00,0.2912887487548035,0.2915208621904982,0.2859503887528872,0.28803932666778564,362076000,0.0,0.0
2013-03-26 00:00:00-04:00,0.28873575409648994,0.2903604936104131,0.2875752416830011,0.2901283800601959,232540000,0.0,0.0
2013-03-27 00:00:00-04:00,0.2889678088497768,0.29523456907374507,0.28827149600960417,0.2936098575592041,254944000,0.0,0.0
2013-03-28 00:00:00-04:00,0.29291350477309636,0.2980197797921349,0.2908245942062454,0.2977876663208008,349276000,0.0,0.0
2013-04-01 00:00:00-04:00,0.29709130795932454,0.29709130795932454,0.2859503887528872,0.28803932666778564,442828000,0.0,0.0
2013-04-02 00:00:00-04:00,0.28827144276891375,0.2889677554804848,0.28316519566537224,0.2850220203399658,371524000,0.0,0.0
2013-04-03 00:00:00-04:00,0.28455779219212435,0.2861825310683768,0.2794515451106115,0.28154048323631287,353156000,0.0,0.0
2013-04-04 00:00:00-04:00,0.2806121870358236,0.2852542370178805,0.27968378810693234,0.28432583808898926,294676000,0.0,0.0
2013-04-05 00:00:00-04:00,0.28014790704419607,0.28919991850852966,0.27945159421327925,0.28919991850852966,551352000,0.0,0.0
2013-04-08 00:00:00-04:00,0.2894320755433328,0.2894320755433328,0.2831653138609694,0.2885036766529083,326660000,0.0,0.0
2013-04-09 00:00:00-04:00,0.2887357230890664,0.29523459744044744,0.2866468120366347,0.29314568638801575,380584000,0.0,0.0
2013-04-10 00:00:00-04:00,0.29337773171576464,0.29825186559468,0.2926814189705513,0.2977876663208008,384688000,0.0,0.0
2013-04-11 00:00:00-04:00,0.2936097808315749,0.29825182832791824,0.28548619771297395,0.2963950037956238,969220000,0.0,0.0
2013-04-12 00:00:00-04:00,0.2977876942506124,0.3070717912741178,0.2952345565016317,0.3038223683834076,770548000,0.0,0.0
2013-04-15 00:00:00-04:00,0.3028939268885817,0.3038223531456434,0.29569876865750255,0.2975555658340454,430420000,0.0,0.0
2013-04-16 00:00:00-04:00,0.3003408031780719,0.3028939130132575,0.2987160642198395,0.300805002450943,468844000,0.0,0.0
2013-04-17 00:00:00-04:00,0.29848406554443857,0.3012692896634532,0.295002528478471,0.29685935378074646,532948000,0.0,0.0
2013-04-18 00:00:00-04:00,0.2975555352543105,0.29941235990881804,0.29105666279792786,0.29105666279792786,402548000,0.0,0.0
2013-04-19 00:00:00-04:00,0.29082456580111316,0.2926813903840611,0.28711091663521726,0.29175296425819397,303028000,0.0,0.0
2013-04-22 00:00:00-04:00,0.29152090995043983,0.2947703325698114,0.28919988588837753,0.2922171950340271,245568000,0.0,0.0
2013-04-23 00:00:00-04:00,0.29477035484873976,0.3028939396799436,0.29430615553500067,0.2998766303062439,376948000,0.0,0.0
2013-04-24 00:00:00-04:00,0.30080498590393395,0.31264221888933147,0.3005728724458723,0.3100890815258026,556556000,0.0,0.0
2013-04-25 00:00:00-04:00,0.31171375876666824,0.3133384696455211,0.30892850849574116,0.3126421570777893,353224000,0.0,0.0
2013-04-26 00:00:00-04:00,0.31217801009464474,0.312642209327784,0.30962487280919854,0.31124958395957947,324332000,0.0,0.0
2013-04-29 00:00:00-04:00,0.3117139173484554,0.31612385307297036,0.3103212915045053,0.31496334075927734,269712000,0.0,0.0
2013-04-30 00:00:00-04:00,0.3156595852150904,0.3196053206920624,0.3135706469022534,0.3196053206920624,276712000,0.0,0.0
2013-05-01 00:00:00-04:00,0.31960524822752595,0.32169418606673517,0.3156595136451758,0.31682002544403076,341316000,0.0,0.0
2013-05-02 00:00:00-04:00,0.31658798922795794,0.3214621510393996,0.3147311643631806,0.32053375244140625,323480000,0.0,0.0
2013-05-03 00:00:00-04:00,0.3226226681556945,0.3242473795619312,0.3207658432619421,0.3219263553619385,293864000,0.0,0.0
2013-05-06 00:00:00-04:00,0.321926322129236,0.323783146831307,0.31914109891052367,0.3209979236125946,217116000,0.0,0.0
2013-05-07 00:00:00-04:00,0.3209978734536654,0.32169418606673517,0.31380268923325105,0.31682002544403076,448068000,0.0,0.0
2013-05-08 00:00:00-04:00,0.31728429581599565,0.32447948165072815,0.3161237837567672,0.3226226568222046,334032000,0.0,0.0
2013-05-09 00:00:00-04:00,0.31682017151211606,0.3242474449153321,0.3163559721123144,0.3228548467159271,566800000,0.0,0.0
2013-05-10 00:00:00-04:00,0.3295856799560333,0.33886980271212586,0.3295856799560333,0.3374771773815155,861136000,0.0,0.0
2013-05-13 00:00:00-04:00,0.3351562111190353,0.33654883668860586,0.32912153720928383,0.33051416277885437,289812000,0.0,0.0
2013-05-14 00:00:00-04:00,0.33445990631390066,0.3381735561421631,0.3312104834657645,0.33538833260536194,454140000,0.0,0.0
2013-05-15 00:00:00-04:00,0.3337636336319044,0.34235144643344356,0.3337636336319044,0.3411909341812134,313172000,0.0,0.0
2013-05-16 00:00:00-04:00,0.34072662343751886,0.3442081590561667,0.33840557202296806,0.33956611156463623,308368000,0.0,0.0
2013-05-17 00:00:00-04:00,0.3411908771890006,0.34745763677049096,0.3386377395930501,0.3451366126537323,312116000,0.0,0.0
2013-05-20 00:00:00-04:00,0.3437439389176702,0.34583287693112386,0.3425834270220135,0.3444402515888214,236380000,0.0,0.0
2013-05-21 00:00:00-04:00,0.3464231438459628,0.3494558070049616,0.34245736639619406,0.3480561077594757,357784000,0.001875,0.0
2013-05-22 00:00:00-04:00,0.3494557830046551,0.3494557830046551,0.33452576071239953,0.33592545986175537,480404000,0.0,0.0
2013-05-23 00:00:00-04:00,0.33195975602532035,0.3424574472255456,0.33102664151430977,0.34129104018211365,393884000,0.0,0.0
2013-05-24 00:00:00-04:00,0.33942475908564407,0.3422241302278893,0.3354589531740165,0.3391914665699005,283304000,0.0,0.0
2013-05-28 00:00:00-04:00,0.34175754289284777,0.34269065725493253,0.3356922161112974,0.33895814418792725,279300000,0.0,0.0
2013-05-29 00:00:00-04:00,0.3368586301803589,0.33895815144466473,0.33545893079793254,0.3368586301803589,335052000,0.0,0.0
2013-05-30 00:00:00-04:00,0.33639211947596437,0.3447902613124096,0.3354589771556163,0.34129104018211365,284504000,0.0,0.0
2013-05-31 00:00:00-04:00,0.3394247946149263,0.34432368767431304,0.3375585377216339,0.3375585377216339,577508000,0.0,0.0
2013-06-03 00:00:00-04:00,0.33802512679674884,0.34059123374263317,0.3300935412063234,0.33709201216697693,444468000,0.0,0.0
2013-06-04 00:00:00-04:00,0.33919150207476284,0.34525683002562846,0.33545898828817805,0.3375585377216339,363676000,0.0,0.0
2013-06-05 00:00:00-04:00,0.33709197319439305,0.33965805203426147,0.3293936532467744,0.33032679557800293,464520000,0.0,0.0
2013-06-06 00:00:00-04:00,0.3303267584403687,0.3349923861439556,0.33009346593145544,0.3324262797832489,341044000,0.0,0.0
2013-06-07 00:00:00-04:00,0.33475916997386507,0.3391915339886343,0.33335949802920717,0.33709201216697693,274584000,0.0,0.0
2013-06-10 00:00:00-04:00,0.3361587804891457,0.33895815144466473,0.3342925239156885,0.3368586301803589,224148000,0.0,0.0
2013-06-11 00:00:00-04:00,0.3324263172016865,0.33709197323978185,0.3305600881576538,0.3305600881576538,296336000,0.0,0.0
2013-06-12 00:00:00-04:00,0.3321930600146432,0.33499243145355906,0.3258944395154094,0.3277606964111328,312588000,0.0,0.0
2013-06-13 00:00:00-04:00,0.32659426724904117,0.33685866557695665,0.32636100253368144,0.3352257013320923,236256000,0.0,0.0
2013-06-14 00:00:00-04:00,0.3363920183833511,0.3368585754986465,0.33242621338001704,0.33475902676582336,236012000,0.0,0.0
2013-06-17 00:00:00-04:00,0.3373252730120435,0.34105778710657436,0.3354590159647781,0.33802512288093567,255336000,0.0,0.0
2013-06-18 00:00:00-04:00,0.33965794457782245,0.3433904571032186,0.33312606156304375,0.33592545986175537,486772000,0.0,0.0
2013-06-19 00:00:00-04:00,0.33895812333530734,0.3611198800694327,0.3377917165497919,0.34618985652923584,1159588000,0.0,0.0
2013-06-20 00:00:00-04:00,0.34339051428279244,0.34385707147382333,0.33452581641587076,0.3368586301803589,628696000,0.0,0.0
2013-06-21 00:00:00-04:00,0.33872485859159074,0.33989126537685754,0.3307932757661776,0.33639204502105713,714228000,0.0,0.0
2013-06-24 00:00:00-04:00,0.3314932044615511,0.33569227545187175,0.3244947620807961,0.3293936550617218,580772000,0.0,0.0
2013-06-25 00:00:00-04:00,0.3328928984952194,0.333592720474123,0.32822724251005797,0.3317264914512634,457360000,0.0,0.0
2013-06-26 00:00:00-04:00,0.33545895269520026,0.3359255377260214,0.3284605109449087,0.32986021041870117,579752000,0.0,0.0
2013-06-27 00:00:00-04:00,0.3307933642662143,0.3312599215432769,0.3233283644051964,0.3268275856971741,808036000,0.0,0.0
2013-06-28 00:00:00-04:00,0.3268275243402824,0.3307933021648082,0.322628454016353,0.32752737402915955,431536000,0.0,0.0
2013-07-01 00:00:00-04:00,0.3298602121596519,0.33056006190024184,0.32682754848998585,0.32892706990242004,199524000,0.0,0.0
2013-07-02 00:00:00-04:00,0.32706090408046357,0.33359279045881407,0.3256612320196806,0.3286938965320587,256392000,0.0,0.0
2013-07-03 00:00:00-04:00,0.325894374984364,0.3335926657740314,0.325894374984364,0.3296268880367279,140388000,0.0,0.0
2013-07-05 00:00:00-04:00,0.33056008251790553,0.3328928965924837,0.3284605331651828,0.3321930468082428,184684000,0.0,0.0
2013-07-08 00:00:00-04:00,0.33312616699786773,0.3347591313160653,0.32869383130428326,0.3305600881576538,262084000,0.0,0.0
2013-07-09 00:00:00-04:00,0.3312599044928091,0.3342925683516282,0.3303267899867128,0.3321930468082428,157364000,0.0,0.0
2013-07-10 00:00:00-04:00,0.3321931496225412,0.3375586292165627,0.33126000701829844,0.33662548661231995,208468000,0.0,0.0
2013-07-11 00:00:00-04:00,0.3384916410304069,0.34175759743761897,0.3377917912424802,0.34129104018211365,239832000,0.0,0.0
2013-07-12 00:00:00-04:00,0.3405911290119551,0.3447901991734102,0.33942472217873604,0.34152424335479736,216360000,0.0,0.0
2013-07-15 00:00:00-04:00,0.342223975049989,0.342223975049989,0.33545880106371406,0.34082427620887756,201332000,0.0,0.0
2013-07-16 00:00:00-04:00,0.3422241787670487,0.34455699301801557,0.34059121435323975,0.34269073605537415,162560000,0.0,0.0
2013-07-17 00:00:00-04:00,0.34269053206058525,0.34385693849173715,0.33989116218768517,0.34082427620887756,166100000,0.0,0.0
2013-07-18 00:00:00-04:00,0.34035790347828243,0.3415243105409622,0.33499242542808777,0.3394247889518738,344488000,0.0,0.0
2013-07-19 00:00:00-04:00,0.33732523221044725,0.33895819650078446,0.32869382569637556,0.3321930468082428,480532000,0.0,0.0
2013-07-22 00:00:00-04:00,0.3347591255558096,0.337791789414186,0.33056008246965174,0.3319597542285919,292384000,0.0,0.0
2013-07-23 00:00:00-04:00,0.336158766603218,0.336158766603218,0.3298601752611467,0.3314931392669678,246792000,0.0,0.0
2013-07-24 00:00:00-04:00,0.3345258025973969,0.3354589169409139,0.33102658209520924,0.3314931392669678,284252000,0.0,0.0
2013-07-25 00:00:00-04:00,0.3312599619585703,0.3370920259660781,0.32892714747930407,0.33265966176986694,243320000,0.0,0.0
2013-07-26 00:00:00-04:00,0.3286938274815911,0.3333594556560876,0.3286938274815911,0.33125990629196167,227360000,0.0,0.0
2013-07-29 00:00:00-04:00,0.3305600881576538,0.3347591313160653,0.32962694582629964,0.3305600881576538,179540000,0.0,0.0
2013-07-30 00:00:00-04:00,0.33172647660117155,0.3405911753002668,0.33149318407908895,0.336158812046051,266076000,0.0,0.0
2013-07-31 00:00:00-04:00,0.33452581641587076,0.34012455832690885,0.3342925239156885,0.3368586301803589,270160000,0.0,0.0
2013-08-01 00:00:00-04:00,0.3380250228551402,0.3422240930165953,0.3340592451840619,0.34152424335479736,277648000,0.0,0.0
2013-08-02 00:00:00-04:00,0.3408245028875356,0.3450235743943038,0.3384916884737023,0.3443237245082855,209628000,0.0,0.0
2013-08-05 00:00:00-04:00,0.34339051726725683,0.34712303044661125,0.3415242606775796,0.34595662355422974,185188000,0.0,0.0
2013-08-06 00:00:00-04:00,0.34618975135404106,0.3468896007745968,0.3401244267883218,0.34082427620887756,206608000,0.0,0.0
2013-08-07 00:00:00-04:00,0.33895814080946696,0.3440903531777788,0.33872487612593727,0.3405911326408386,244380000,0.0,0.0
2013-08-08 00:00:00-04:00,0.3424574713466576,0.34455699304898074,0.3384916648721859,0.342924028635025,345696000,0.0,0.0
2013-08-09 00:00:00-04:00,0.3293936875135006,0.34315730890391005,0.3291604227634304,0.33802512288093567,906224000,0.0,0.0
2013-08-12 00:00:00-04:00,0.32426145323942446,0.3401245940666854,0.30583220587785054,0.3352257013320923,257568000,0.0,0.0
2013-08-13 00:00:00-04:00,0.33569219538803075,0.33779171647777845,0.3335926464889517,0.33639204502105713,197468000,0.0,0.0
2013-08-14 00:00:00-04:00,0.3356922695001381,0.35272181788658036,0.33545897696784727,0.350622296333313,828508000,0.0,0.0
2013-08-15 00:00:00-04:00,0.34688983388357425,0.3557545342792469,0.3454901341018685,0.352955162525177,723616000,0.0,0.0
2013-08-16 00:00:00-04:00,0.35225533837478024,0.3592537821760251,0.35155548843278706,0.3543548882007599,660456000,0.0,0.0
2013-08-19 00:00:00-04:00,0.3522553264902825,0.35342173375113733,0.34852281213180986,0.3487561047077179,393432000,0.0,0.0
2013-08-20 00:00:00-04:00,0.3486388346546912,0.35285907769402985,0.34816992497244353,0.3505145013332367,234192000,0.001875,0.0
2013-08-21 00:00:00-04:00,0.34840432006682853,0.3528590313368264,0.34746650082554015,0.3488732576370239,261540000,0.0,0.0
2013-08-22 00:00:00-04:00,0.3486388207929123,0.3540313517982421,0.3486388207929123,0.3507489562034607,129016000,0.0,0.0
2013-08-23 00:00:00-04:00,0.35121786586706466,0.3540313517982421,0.3500455777332779,0.3507489562034607,245120000,0.0,0.0
2013-08-26 00:00:00-04:00,0.3509834111317297,0.3523901681284935,0.3500455917669238,0.3514523208141327,300152000,0.0,0.0
2013-08-27 00:00:00-04:00,0.3481699366974289,0.35051451313717813,0.3458253602576797,0.3469976484775543,277464000,0.0,0.0
2013-08-28 00:00:00-04:00,0.34770102699939026,0.3502800443133809,0.34559089143388244,0.3469976484775543,318824000,0.0,0.0
2013-08-29 00:00:00-04:00,0.345825255102136,0.3495765874448845,0.3448874080416752,0.3462941646575928,276216000,0.0,0.0
2013-08-30 00:00:00-04:00,0.34652857349885186,0.347466392447626,0.344183998177374,0.3458251953125,378120000,0.0,0.0
2013-09-03 00:00:00-04:00,0.34676314784933704,0.3509833906437246,0.34394966196959637,0.34605976939201355,284680000,0.0,0.0
2013-09-04 00:00:00-04:00,0.3460598031773333,0.35145233461054065,0.3455908934765231,0.3493422269821167,222080000,0.0,0.0
2013-09-05 00:00:00-04:00,0.3479354700088751,0.35168680351531767,0.3477010291331949,0.3502800464630127,174904000,0.0,0.0
2013-09-06 00:00:00-04:00,0.3505144552840542,0.3523901217161822,0.34629421279915407,0.3488732576370239,226756000,0.0,0.0
2013-09-09 00:00:00-04:00,0.35168679370663203,0.35473474860191345,0.35074897433095553,0.35473474860191345,246408000,0.0,0.0
2013-09-10 00:00:00-04:00,0.35731374132793536,0.3624718030356623,0.35567251573722813,0.3622373342514038,292132000,0.0,0.0
2013-09-11 00:00:00-04:00,0.36176837310049714,0.36927103773344183,0.359189328639229,0.36833319067955017,396164000,0.0,0.0
2013-09-12 00:00:00-04:00,0.36645765886235154,0.3727880379607686,0.36645765886235154,0.3680988848209381,303808000,0.0,0.0
2013-09-13 00:00:00-04:00,0.3692710562023752,0.37208454160567117,0.3666920116121173,0.37044334411621094,159696000,0.0,0.0
2013-09-16 00:00:00-04:00,0.37349134247450366,0.37607035942036865,0.369271099895436,0.3706778287887573,231412000,0.0,0.0
2013-09-17 00:00:00-04:00,0.3720845421004533,0.3748980275074905,0.3704433446088106,0.37185007333755493,168608000,0.0,0.0
2013-09-18 00:00:00-04:00,0.3720846060363103,0.3760703800436236,0.3702089394594707,0.37513256072998047,268168000,0.0,0.0
2013-09-19 00:00:00-04:00,0.3767737422417231,0.3774771206713736,0.3718501211837214,0.3734913468360901,227572000,0.0,0.0
2013-09-20 00:00:00-04:00,0.3744291616261305,0.3767737377305254,0.36950554062708046,0.3702089190483093,356036000,0.0,0.0
2013-09-23 00:00:00-04:00,0.3699745217983056,0.37302247691329826,0.3645819901255581,0.36669212579727173,271244000,0.0,0.0
2013-09-24 00:00:00-04:00,0.36692659653598053,0.36950561399315285,0.36481646085332237,0.3680988848209381,229732000,0.0,0.0
2013-09-25 00:00:00-04:00,0.367395476568845,0.3713812508256776,0.36575425074289475,0.3685677647590637,233156000,0.0,0.0
2013-09-26 00:00:00-04:00,0.3695057479174478,0.3702091267332676,0.36528550297209605,0.36739563941955566,148816000,0.0,0.0
2013-09-27 00:00:00-04:00,0.36458189898523496,0.36762985333828213,0.36317517017197876,0.3652852773666382,151920000,0.0,0.0
2013-09-30 00:00:00-04:00,0.36153403151529123,0.36739547239987275,0.359423896027109,0.36481642723083496,226640000,0.0,0.0
2013-10-01 00:00:00-04:00,0.36528529116393693,0.3669265167657191,0.36247180548160524,0.3645819127559662,226976000,0.0,0.0
2013-10-02 00:00:00-04:00,0.36083050538693595,0.36575409694578465,0.36083050538693595,0.364347368478775,162036000,0.0,0.0
2013-10-03 00:00:00-04:00,0.3645819541268761,0.3678643777533619,0.35895498212369253,0.3605961799621582,436768000,0.0,0.0
2013-10-04 00:00:00-04:00,0.36012726084263275,0.3685677465756144,0.35918941356699385,0.36551979184150696,246228000,0.0,0.0
2013-10-07 00:00:00-04:00,0.3641130349028254,0.36809883691257184,0.3622373683011013,0.36551979184150696,169952000,0.0,0.0
2013-10-08 00:00:00-04:00,0.3645818663249354,0.36973995536011567,0.3596582739952829,0.3624717593193054,290712000,0.0,0.0
2013-10-09 00:00:00-04:00,0.36481632721427165,0.36505079596519585,0.3549691148177574,0.3568447530269623,275860000,0.0,0.0
2013-10-10 00:00:00-04:00,0.35942369979436595,0.3617682748681428,0.35684465603339566,0.3608304560184479,223484000,0.0,0.0
2013-10-11 00:00:00-04:00,0.3552036170071251,0.35965832839773915,0.3540313289489981,0.35778266191482544,213704000,0.0,0.0
2013-10-14 00:00:00-04:00,0.35684477653577523,0.3631751537322998,0.35684477653577523,0.3631751537322998,166628000,0.0,0.0
2013-10-15 00:00:00-04:00,0.3631751811946611,0.3652852884533641,0.361065045986407,0.3612995147705078,208820000,0.0,0.0
2013-10-16 00:00:00-04:00,0.3634095519120062,0.3671608840365208,0.3629406423838283,0.3657541275024414,210072000,0.0,0.0
2013-10-17 00:00:00-04:00,0.3629407469237672,0.3673954585984381,0.3629407469237672,0.36645761132240295,213324000,0.0,0.0
2013-10-18 00:00:00-04:00,0.3657542077882531,0.37185011684130104,0.3643474788949318,0.3706778287887573,255068000,0.0,0.0
2013-10-21 00:00:00-04:00,0.37513263250229945,0.375367073400788,0.370443479137824,0.37161576747894287,195008000,0.0,0.0
2013-10-22 00:00:00-04:00,0.37161561587371705,0.37185005667656257,0.3664575269174538,0.36973994970321655,179452000,0.0,0.0
2013-10-23 00:00:00-04:00,0.36903669845842213,0.36903669845842213,0.36223740974299157,0.36340969800949097,252216000,0.0,0.0
2013-10-24 00:00:00-04:00,0.36434731862911307,0.36669189370288985,0.3601270779064069,0.3608304560184479,236436000,0.0,0.0
2013-10-25 00:00:00-04:00,0.3627061618216759,0.3629406025852842,0.3561413452984184,0.3573136329650879,330492000,0.0,0.0
2013-10-28 00:00:00-04:00,0.35684476877078114,0.35848599420056615,0.3516867075688022,0.35661032795906067,394024000,0.0,0.0
2013-10-29 00:00:00-04:00,0.3561415374492931,0.3577827354782059,0.35285911344190996,0.3570793569087982,387952000,0.0,0.0
2013-10-30 00:00:00-04:00,0.35825150963341307,0.35989270704124093,0.3537967990126836,0.3568447530269623,204032000,0.0,0.0
2013-10-31 00:00:00-04:00,0.35731373602572963,0.3598927528665473,0.35543806962814817,0.35614144802093506,293368000,0.0,0.0
2013-11-01 00:00:00-04:00,0.3580171027567197,0.359423859606293,0.3552036170071251,0.35778266191482544,206136000,0.0,0.0
2013-11-04 00:00:00-05:00,0.3589549995439092,0.3589549995439092,0.3467631796960805,0.3474665582180023,410264000,0.0,0.0
2013-11-05 00:00:00-05:00,0.34535645055964104,0.3486388463954676,0.34160511707621993,0.3469976484775543,422368000,0.0,0.0
2013-11-06 00:00:00-05:00,0.3469976505285097,0.34957669580729983,0.34348078584809916,0.3493422269821167,198044000,0.0,0.0
2013-11-07 00:00:00-05:00,0.34816994663736384,0.34910776606021504,0.34043283857539286,0.34113621711730957,553076000,0.0,0.0
2013-11-08 00:00:00-05:00,0.35168678846955037,0.3659887154077513,0.3502800314774289,0.36481642723083496,734532000,0.0,0.0
2013-11-11 00:00:00-05:00,0.3634096292047307,0.36880215979956527,0.3627062787376428,0.36786434054374695,297624000,0.0,0.0
2013-11-12 00:00:00-05:00,0.3695055841314166,0.37161571964354334,0.3643475216843654,0.3685677647590637,316032000,0.0,0.0
2013-11-13 00:00:00-05:00,0.36762979645730903,0.3786493241786957,0.3669264461342809,0.3786493241786957,332792000,0.0,0.0
2013-11-14 00:00:00-05:00,0.37747702322750126,0.3826350837974899,0.37724255449496064,0.38029050827026367,307980000,0.0,0.0
2013-11-15 00:00:00-05:00,0.3816973082752122,0.38216621784419835,0.37536693127048043,0.37911826372146606,450332000,0.0,0.0
2013-11-18 00:00:00-05:00,0.3709124309363331,0.37419482748378213,0.3690367637879785,0.3699745833873749,316948000,0.0,0.0
2013-11-19 00:00:00-05:00,0.36820649342753586,0.3715066652040068,0.36349194626062437,0.36396339535713196,206716000,0.002125,0.0
2013-11-20 00:00:00-05:00,0.3641991432038197,0.3651420695944504,0.3578345094959748,0.35854169726371765,204776000,0.0,0.0
2013-11-21 00:00:00-05:00,0.359013051883952,0.36207751267004834,0.3573629662609504,0.361370325088501,213568000,0.0,0.0
2013-11-22 00:00:00-05:00,0.36184178752494106,0.36184178752494106,0.3571272409410457,0.35783442854881287,158668000,0.0,0.0
2013-11-25 00:00:00-05:00,0.3578345400403989,0.36608499913283615,0.3578345400403989,0.36561354994773865,248208000,0.0,0.0
2013-11-26 00:00:00-05:00,0.369620812263038,0.37268527330580675,0.36726353886104907,0.36867791414260864,753176000,0.0,0.0
2013-11-27 00:00:00-05:00,0.3684423073178863,0.3712710588925737,0.36608503307293044,0.3700924217700958,181272000,0.0,0.0
2013-11-29 00:00:00-05:00,0.370092300035075,0.37103519818253816,0.3653777249950101,0.36773499846458435,116964000,0.0,0.0
2013-12-02 00:00:00-05:00,0.36632075705946304,0.37386402872088054,0.3656135691941279,0.3712710440158844,373872000,0.0,0.0
2013-12-03 00:00:00-05:00,0.37127092701764,0.3762211843131671,0.36867791502885267,0.3710351884365082,290560000,0.0,0.0
2013-12-04 00:00:00-05:00,0.37009234466732954,0.3769284273131437,0.36914941830523534,0.376221239566803,493176000,0.0,0.0
2013-12-05 00:00:00-05:00,0.37692850584009746,0.37692850584009746,0.3696209444403642,0.3700924217700958,271812000,0.0,0.0
2013-12-06 00:00:00-05:00,0.3745710566448236,0.3745710566448236,0.3637275889422981,0.3646705150604248,281000000,0.0,0.0
2013-12-09 00:00:00-05:00,0.36467062044959536,0.3658492573621933,0.3578345094959748,0.35854169726371765,385220000,0.0,0.0
2013-12-10 00:00:00-05:00,0.3585417134332616,0.368442258325396,0.35807026426714506,0.3667921721935272,524268000,0.0,0.0
2013-12-11 00:00:00-05:00,0.36749928406713256,0.36797073313584683,0.3625489985933425,0.36325618624687195,414156000,0.0,0.0
2013-12-12 00:00:00-05:00,0.3620776681158757,0.36396349310931286,0.35547729468930833,0.3561844825744629,258724000,0.0,0.0
2013-12-13 00:00:00-05:00,0.3568915762351483,0.35948456032822995,0.3535913763427018,0.3540628254413605,184588000,0.0,0.0
2013-12-16 00:00:00-05:00,0.354298557884437,0.3575987296186179,0.35406281928874517,0.3545342683792114,237620000,0.0,0.0
2013-12-17 00:00:00-05:00,0.35429865758102574,0.35712738102071884,0.35123419547930607,0.3561844825744629,274104000,0.0,0.0
2013-12-18 00:00:00-05:00,0.35689163721388406,0.36184189574698133,0.3524127997590749,0.36113470792770386,426232000,0.0,0.0
2013-12-19 00:00:00-05:00,0.360663123225144,0.3630203963363479,0.35830585011394006,0.36254894733428955,258544000,0.0,0.0
2013-12-20 00:00:00-05:00,0.3632562825825184,0.3700923942450199,0.3623133560941095,0.36985665559768677,382080000,0.0,0.0
2013-12-23 00:00:00-05:00,0.37197819352149963,0.3750426554528206,0.36891375969110235,0.37197819352149963,168568000,0.0,0.0
2013-12-24 00:00:00-05:00,0.37409962662202495,0.37409962662202495,0.369149341528139,0.3729209899902344,79600000,0.0,0.0
2013-12-26 00:00:00-05:00,0.3743355297319967,0.37551416688187,0.3684423158817038,0.3693852424621582,168920000,0.0,0.0
2013-12-27 00:00:00-05:00,0.37127095068144184,0.37221384886423553,0.36914938761877986,0.3715066611766815,210976000,0.0,0.0
2013-12-30 00:00:00-05:00,0.37174248731548926,0.3766927741932063,0.37127103811306955,0.3764570355415344,248180000,0.0,0.0
2013-12-31 00:00:00-05:00,0.3771642383685098,0.37952151257511285,0.3748069641619068,0.3776356875896454,235776000,0.0,0.0
2014-01-02 00:00:00-05:00,0.375278280933405,0.37669265619855136,0.3705637341841375,0.37386390566825867,260092000,0.0,0.0
2014-01-03 00:00:00-05:00,0.3745712403014156,0.37527842821152485,0.36820660531228483,0.3693852424621582,259332000,0.0,0.0
2014-01-06 00:00:00-05:00,0.373156862176524,0.37716425094208406,0.3696209507487423,0.37433552742004395,409492000,0.0,0.0
2014-01-07 00:00:00-05:00,0.378107219506203,0.38187887030203155,0.3755142341723857,0.38046449422836304,333288000,0.0,0.0
2014-01-08 00:00:00-05:00,0.3818788057929898,0.38753628103104115,0.38046442995824525,0.3856504559516907,308192000,0.0,0.0
2014-01-09 00:00:00-05:00,0.37975721409713237,0.38046440196246745,0.370092406940634,0.3712710440158844,292172000,0.0,0.0
2014-01-10 00:00:00-05:00,0.37244956594235235,0.3750425498456857,0.36749928051639147,0.3707994520664215,218492000,0.0,0.0
2014-01-13 00:00:00-05:00,0.3707995620348669,0.3731568361556781,0.36137046555162233,0.36207765340805054,243332000,0.0,0.0
2014-01-14 00:00:00-05:00,0.3639634562266235,0.3740997399508657,0.3623133419615041,0.3733925521373749,241828000,0.0,0.0
2014-01-15 00:00:00-05:00,0.3750425585339487,0.378814207336428,0.3733924727207077,0.37739983201026917,175044000,0.0,0.0
2014-01-16 00:00:00-05:00,0.37739987698209326,0.37928570160805203,0.3757497909722242,0.3785785138607025,220652000,0.0,0.0
2014-01-17 00:00:00-05:00,0.37857850484531486,0.3830573417379239,0.3745711451736577,0.3769284188747406,340400000,0.0,0.0
2014-01-21 00:00:00-05:00,0.37739985119161357,0.3807000510867447,0.37433541799738035,0.37834277749061584,246076000,0.0,0.0
2014-01-22 00:00:00-05:00,0.37905015074172854,0.37952160007155394,0.3733926744810288,0.3778715133666992,337940000,0.0,0.0
2014-01-23 00:00:00-05:00,0.3766927741932063,0.3807001345651599,0.3736283122260921,0.3764570355415344,185028000,0.0,0.0
2014-01-24 00:00:00-05:00,0.37339254482192413,0.37480692042119557,0.3667921721935272,0.3667921721935272,246696000,0.0,0.0
2014-01-27 00:00:00-05:00,0.36679217182878804,0.3719781688527566,0.3623133345028302,0.3644348978996277,233812000,0.0,0.0
2014-01-28 00:00:00-05:00,0.36372775482949954,0.3682065927062349,0.3623133790577041,0.36797085404396057,167996000,0.0,0.0
2014-01-29 00:00:00-05:00,0.3665564331955033,0.3686779965923007,0.3641991592663429,0.3644348978996277,162944000,0.0,0.0
2014-01-30 00:00:00-05:00,0.36655650555884484,0.37127108244881035,0.3653778683615853,0.37056389451026917,202896000,0.0,0.0
2014-01-31 00:00:00-05:00,0.3653778451792586,0.3722139573501858,0.36514213461531836,0.3700924217700958,335348000,0.0,0.0
2014-02-03 00:00:00-05:00,0.3726852567313065,0.3731567057705543,0.3637276125819403,0.36514198780059814,431728000,0.0,0.0
2014-02-04 00:00:00-05:00,0.3649062820177761,0.36797074319960393,0.3630204575904269,0.3672635555267334,280692000,0.0,0.0
2014-02-05 00:00:00-05:00,0.3646705830523522,0.3658492198440801,0.3611346445762509,0.36396339535713196,214676000,0.0,0.0
2014-02-06 00:00:00-05:00,0.3644348163988454,0.369620812263038,0.3639633673386307,0.36867791414260864,168380000,0.0,0.0
2014-02-07 00:00:00-05:00,0.3696208646834635,0.37457115077006675,0.3663206926930077,0.3740997016429901,157248000,0.0,0.0
2014-02-10 00:00:00-05:00,0.37362829730041003,0.38022867017338674,0.3733925586581554,0.37527838349342346,324372000,0.0,0.0
2014-02-11 00:00:00-05:00,0.37739997001520026,0.38400034378265846,0.3755141730252922,0.38305744528770447,235384000,0.0,0.0
2014-02-12 00:00:00-05:00,0.38423597285448025,0.39955827978378233,0.38423597285448025,0.3967295289039612,744528000,0.0,0.0
2014-02-13 00:00:00-05:00,0.40663006592937345,0.4115803514438544,0.39955824553778135,0.4092230498790741,902836000,0.0,0.0
2014-02-14 00:00:00-05:00,0.4054515640095757,0.42313112086698634,0.40521582534444,0.4221882224082947,817536000,0.0,0.0
2014-02-18 00:00:00-05:00,0.422423873864176,0.42383822126022197,0.4184164859897462,0.42195239663124084,428988000,0.0,0.0
2014-02-19 00:00:00-05:00,0.4219523577293886,0.4313814800049773,0.4200665332742709,0.4276098310947418,450340000,0.0,0.0
2014-02-20 00:00:00-05:00,0.42855272336808264,0.44363929070027414,0.42784556379545796,0.44269639253616333,398088000,0.0,0.0
2014-02-21 00:00:00-05:00,0.4419891247901926,0.44764659705267906,0.43656739107648496,0.43939611315727234,451052000,0.0,0.0
2014-02-24 00:00:00-05:00,0.4384532871372423,0.4490610177571656,0.43444592785656566,0.4457608461380005,403112000,0.0,0.0
2014-02-25 00:00:00-05:00,0.4451689379673437,0.4470632777173739,0.43901234083669677,0.4437481760978699,242184000,0.002125,0.0
2014-02-26 00:00:00-05:00,0.44280106446830014,0.4494312401402965,0.4416171055350082,0.44303786754608154,360884000,0.0,0.0
2014-02-27 00:00:00-05:00,0.4430378395407006,0.4475368719116934,0.4368812421856313,0.43806520104408264,388848000,0.0,0.0
2014-02-28 00:00:00-05:00,0.4356972765064335,0.43995953397569476,0.42883029829823327,0.43522369861602783,321692000,0.0,0.0
2014-03-03 00:00:00-05:00,0.42551514542172514,0.43309247493743896,0.42172646654996815,0.43309247493743896,375948000,0.0,0.0
2014-03-04 00:00:00-05:00,0.4352237539627069,0.44043316787525194,0.43451337292285785,0.43759167194366455,260344000,0.0,0.0
2014-03-05 00:00:00-05:00,0.43711794592746367,0.4416170057945319,0.43522363464427827,0.44138020277023315,241472000,0.0,0.0
2014-03-06 00:00:00-05:00,0.4420906485964227,0.44445856627625613,0.43451331766651674,0.43522369861602783,290144000,0.0,0.0
2014-03-07 00:00:00-05:00,0.43711790782706417,0.43782828861024053,0.4314349180172507,0.4347499907016754,268452000,0.0,0.0
2014-03-10 00:00:00-04:00,0.43332937550862793,0.4352237153709828,0.42646239703606736,0.42835673689842224,300888000,0.0,0.0
2014-03-11 00:00:00-04:00,0.4304878921128572,0.4364077153252368,0.4290671582532457,0.43261903524398804,297220000,0.0,0.0
2014-03-12 00:00:00-04:00,0.43048783084460895,0.4364076532144627,0.42883029413039636,0.43380293250083923,239428000,0.0,0.0
2014-03-13 00:00:00-04:00,0.4347500005221388,0.4364075651295922,0.4179377772609919,0.4200689196586609,385172000,0.0,0.0
2014-03-14 00:00:00-04:00,0.4158066767460106,0.42575192357833136,0.4158066767460106,0.42196324467658997,460048000,0.0,0.0
2014-03-17 00:00:00-04:00,0.4231472033049091,0.426225501384099,0.42148966687082234,0.42196324467658997,299656000,0.0,0.0
2014-03-18 00:00:00-04:00,0.42362089540095127,0.434750103122592,0.42172655556522803,0.43190860748291016,293904000,0.0,0.0
2014-03-19 00:00:00-04:00,0.4352236194834859,0.44777358655032395,0.43403963263103684,0.4394858479499817,366168000,0.0,0.0
2014-03-20 00:00:00-04:00,0.4371179665271645,0.4435113662065158,0.43522365515470746,0.4397226870059967,191800000,0.0,0.0
2014-03-21 00:00:00-04:00,0.4435113489512929,0.4470632249781646,0.43664437169599346,0.4390122890472412,566116000,0.0,0.0
2014-03-24 00:00:00-04:00,0.4392491019826081,0.44280097808960733,0.43048778500310153,0.4368811845779419,306096000,0.0,0.0
2014-03-25 00:00:00-04:00,0.44161701938727427,0.4420905972226471,0.433566083274728,0.4368811845779419,304424000,0.0,0.0
2014-03-26 00:00:00-04:00,0.44090667165504216,0.4491943831942064,0.4231472615576002,0.42693594098091125,557756000,0.0,0.0
2014-03-27 00:00:00-04:00,0.4259888615453242,0.4295407385554908,0.41651716129040417,0.4212530255317688,540728000,0.0,0.0
2014-03-28 00:00:00-04:00,0.42054255607769364,0.4264623498501785,0.41935859732319664,0.4238576292991638,398820000,0.0,0.0
2014-03-31 00:00:00-04:00,0.42456810592283717,0.42835678608256506,0.42172660991694605,0.4240945279598236,273404000,0.0,0.0
2014-04-01 00:00:00-04:00,0.43759155814867257,0.4468264245817713,0.43238211736302545,0.4416170120239258,656272000,0.0,0.0
2014-04-02 00:00:00-04:00,0.44161709472763944,0.44256425055997095,0.4368812591103683,0.43877559900283813,239948000,0.0,0.0
2014-04-03 00:00:00-04:00,0.4397225989949994,0.4541669037996561,0.4394857960069374,0.4435112774372101,599548000,0.0,0.0
2014-04-04 00:00:00-04:00,0.4458791950634167,0.4484839150247479,0.4278830147781032,0.4297773540019989,368032000,0.0,0.0
2014-04-07 00:00:00-04:00,0.4300141912609729,0.4394858605292689,0.4276462739438989,0.4311981499195099,428576000,0.0,0.0
2014-04-08 00:00:00-04:00,0.43119821520897683,0.4477736671660521,0.4304878342607327,0.44658970832824707,470692000,0.0,0.0
2014-04-09 00:00:00-04:00,0.44872072055382967,0.45250939926140804,0.44256412471096446,0.44611600041389465,421968000,0.0,0.0
2014-04-10 00:00:00-04:00,0.444221791444956,0.45037836047583973,0.43380293671700565,0.43522369861602783,372748000,0.0,0.0
2014-04-11 00:00:00-04:00,0.43190851065051666,0.43853868447518296,0.4233839974148315,0.4290670156478882,353112000,0.0,0.0
2014-04-14 00:00:00-04:00,0.4319085927298227,0.4354604692150519,0.4290670971872004,0.43380293250083923,290184000,0.0,0.0
2014-04-15 00:00:00-04:00,0.43427646414168825,0.4392491019826081,0.4300142071677287,0.4368811845779419,304636000,0.0,0.0
2014-04-16 00:00:00-04:00,0.43901226098336216,0.4394858387777779,0.4323820871781422,0.43782830238342285,235136000,0.0,0.0
2014-04-17 00:00:00-04:00,0.4361707750920849,0.443511329856028,0.4352236194834859,0.4394858479499817,153532000,0.0,0.0
2014-04-21 00:00:00-04:00,0.43972276559617957,0.44422182647937347,0.43688126980184044,0.44303786754608154,117004000,0.0,0.0
2014-04-22 00:00:00-04:00,0.44374815952692476,0.4496679816101312,0.4413802419847636,0.4468264579772949,255120000,0.0,0.0
2014-04-23 00:00:00-04:00,0.4475368436163172,0.45321986271425996,0.4468264627005988,0.45203590393066406,261580000,0.0,0.0
2014-04-24 00:00:00-04:00,0.45511420747392844,0.46079719840725564,0.45511420747392844,0.45606136322021484,391492000,0.0,0.0
2014-04-25 00:00:00-04:00,0.4551140875241072,0.459376343714645,0.44256409371275895,0.4435112774372101,313600000,0.0,0.0
2014-04-28 00:00:00-04:00,0.44706322760941036,0.44943114497459485,0.4361707964384412,0.4416170120239258,226788000,0.0,0.0
2014-04-29 00:00:00-04:00,0.4432746300244065,0.444221814081289,0.43759163859433864,0.4425642490386963,171300000,0.0,0.0
2014-04-30 00:00:00-04:00,0.44185392372706295,0.44232750167101764,0.43640770680206253,0.4373548626899719,305740000,0.0,0.0
2014-05-01 00:00:00-04:00,0.44398494404963007,0.4449320997358586,0.43617081084093595,0.4397226870059967,198104000,0.0,0.0
2014-05-02 00:00:00-04:00,0.44185378123927666,0.44185378123927666,0.4338028458770559,0.43640756607055664,156376000,0.0,0.0
2014-05-05 00:00:00-04:00,0.4359339237608922,0.44445843620470094,0.43546034600907996,0.44114336371421814,239260000,0.0,0.0
2014-05-06 00:00:00-04:00,0.4454056753983488,0.4491943261124093,0.4309613686887791,0.4321453273296356,416188000,0.0,0.0
2014-05-07 00:00:00-04:00,0.43214545729078424,0.43617091223473037,0.4278831992563316,0.43261903524398804,293900000,0.0,0.0
2014-05-08 00:00:00-04:00,0.4309614478933746,0.4449321511319781,0.42883030501147873,0.43806520104408264,432728000,0.0,0.0
2014-05-09 00:00:00-04:00,0.4248049556985637,0.4288304111682366,0.4193587379559178,0.42740964889526367,539532000,0.0,0.0
2014-05-12 00:00:00-04:00,0.4283566256537621,0.4409065922263415,0.4281198226470383,0.43995943665504456,299856000,0.0,0.0
2014-05-13 00:00:00-04:00,0.4340395645179539,0.44114334337886346,0.4314348728891563,0.43285560607910156,221104000,0.0,0.0
2014-05-14 00:00:00-04:00,0.4330925469845982,0.4347500836813065,0.4283567117209717,0.4285934865474701,214320000,0.0,0.0
2014-05-15 00:00:00-04:00,0.4276463347077175,0.43001425236124646,0.42196331540256504,0.42622557282447815,325896000,0.0,0.0
2014-05-16 00:00:00-04:00,0.4229105371540831,0.428356753888947,0.4229105371540831,0.4252784550189972,283960000,0.0,0.0
2014-05-19 00:00:00-04:00,0.42977742266849545,0.441380206398489,0.4278830831419369,0.4390122890472412,360076000,0.0,0.0
2014-05-20 00:00:00-04:00,0.4391313196413165,0.44032073164372365,0.4317569822410835,0.4338979125022888,256200000,0.002125,0.0
2014-05-21 00:00:00-04:00,0.435563083634095,0.4393692133849255,0.43128119475386545,0.4338979125022888,216712000,0.0,0.0
2014-05-22 00:00:00-04:00,0.4329463865174052,0.4381797935630408,0.4329463865174052,0.4358009696006775,130364000,0.0,0.0
2014-05-23 00:00:00-04:00,0.4381797057593672,0.4419858346795932,0.4355629885819852,0.43984487652778625,182656000,0.0,0.0
2014-05-27 00:00:00-04:00,0.4424616106634296,0.4476950168609619,0.4410343051741872,0.4476950168609619,209680000,0.0,0.0
2014-05-28 00:00:00-04:00,0.44936023091320265,0.45435574357514535,0.44507834266166973,0.45150116086006165,224676000,0.0,0.0
2014-05-29 00:00:00-04:00,0.45126333318197037,0.45506946293088607,0.44983605579449126,0.45078757405281067,171884000,0.0,0.0
2014-05-30 00:00:00-04:00,0.450787453845375,0.45316627721465313,0.44840863047609686,0.45197686553001404,239128000,0.0,0.0
2014-06-02 00:00:00-04:00,0.45340424495101145,0.4562588277888332,0.44674353275754997,0.4505496621131897,181500000,0.0,0.0
2014-06-03 00:00:00-04:00,0.45150124788473656,0.4519770070359816,0.44269957597651133,0.4486466646194458,243212000,0.0,0.0
2014-06-04 00:00:00-04:00,0.44745713889947175,0.4524526512553167,0.44721924520536877,0.4491223096847534,161236000,0.0,0.0
2014-06-05 00:00:00-04:00,0.44983595504771795,0.45245264385096345,0.4472192378866598,0.4510253667831421,188696000,0.0,0.0
2014-06-06 00:00:00-04:00,0.45316627093761314,0.45673450594210485,0.4515011002737459,0.4526905119419098,161052000,0.0,0.0
2014-06-09 00:00:00-04:00,0.4522148771730007,0.4574482842790155,0.44912240031468587,0.4531663954257965,247456000,0.0,0.0
2014-06-10 00:00:00-04:00,0.4515011921731426,0.4576861454496163,0.4495981274451648,0.45554518699645996,217608000,0.0,0.0
2014-06-11 00:00:00-04:00,0.4538799820857014,0.4626816522503263,0.4538799820857014,0.46149224042892456,266228000,0.0,0.0
2014-06-12 00:00:00-04:00,0.4614922433585847,0.466487756025496,0.4574482204538945,0.46434682607650757,337148000,0.0,0.0
2014-06-13 00:00:00-04:00,0.4691045087317902,0.4693424024586281,0.46030283784822607,0.4648226201534271,227852000,0.0,0.0
2014-06-16 00:00:00-04:00,0.4626816433321566,0.4664877440725911,0.4593512732817356,0.46339526772499084,198620000,0.0,0.0
2014-06-17 00:00:00-04:00,0.46387104661594514,0.4683908000240646,0.4614922230626583,0.46648773550987244,157608000,0.0,0.0
2014-06-18 00:00:00-04:00,0.4652984375324761,0.46815304918083095,0.4610165484177644,0.4660120904445648,215536000,0.0,0.0
2014-06-19 00:00:00-04:00,0.4574482348756459,0.4598270586085468,0.45197693461841065,0.4553073048591614,474592000,0.0,0.0
2014-06-20 00:00:00-04:00,0.4564967030367709,0.4581618739283054,0.44674351468121704,0.4503117501735687,353148000,0.0,0.0
2014-06-23 00:00:00-04:00,0.44436472013852385,0.44531623832237727,0.4391312850538798,0.44507837295532227,414200000,0.0,0.0
2014-06-24 00:00:00-04:00,0.4443647445823861,0.447932980504845,0.4362767261434549,0.43817979097366333,275780000,0.0,0.0
2014-06-25 00:00:00-04:00,0.4393690910368119,0.4429373260504113,0.43532509702629474,0.4426994323730469,215420000,0.0,0.0
2014-06-26 00:00:00-04:00,0.44269934673924166,0.442937240370589,0.43532501281894814,0.4367522895336151,256908000,0.0,0.0
2014-06-27 00:00:00-04:00,0.43627671585289995,0.4398449516911941,0.4336599982283572,0.437228262424469,302820000,0.0,0.0
2014-06-30 00:00:00-04:00,0.4355629875387388,0.4422236989542744,0.4355629875387388,0.4410342872142792,180512000,0.0,0.0
2014-07-01 00:00:00-04:00,0.44055857148892225,0.44864658913048555,0.43913126591752416,0.4460298717021942,321180000,0.0,0.0
2014-07-02 00:00:00-04:00,0.44436463713645935,0.44626770150651296,0.4417479200829092,0.44436463713645935,179284000,0.0,0.0
2014-07-03 00:00:00-04:00,0.44032061694629165,0.44959804516311713,0.44032061694629165,0.4484086334705353,136892000,0.0,0.0
2014-07-07 00:00:00-04:00,0.44912240956172544,0.4493603033087319,0.44412686773714627,0.44484052062034607,127496000,0.0,0.0
2014-07-08 00:00:00-04:00,0.44365108265822834,0.44555414744953864,0.43699037006755115,0.4412722587585449,221940000,0.0,0.0
2014-07-09 00:00:00-04:00,0.4450782466680604,0.456496603423521,0.4417478772539047,0.4545935392379761,387668000,0.0,0.0
2014-07-10 00:00:00-04:00,0.4460298251166508,0.4541178419134619,0.4424615899186551,0.452214777469635,266308000,0.0,0.0
2014-07-11 00:00:00-04:00,0.4526906362993986,0.4545937011628091,0.45102546517809644,0.4531663954257965,191188000,0.0,0.0
2014-07-14 00:00:00-04:00,0.4550693780771058,0.46006491889634477,0.4534042072566307,0.45887550711631775,272636000,0.0,0.0
2014-07-15 00:00:00-04:00,0.45958915245383586,0.461967975975577,0.45649667620400974,0.4607785642147064,395440000,0.0,0.0
2014-07-16 00:00:00-04:00,0.46268162198278623,0.46624985721356604,0.45768608131656935,0.46030277013778687,319728000,0.0,0.0
2014-07-17 00:00:00-04:00,0.45506942426495917,0.46387109501674695,0.45506942426495917,0.4591134190559387,324832000,0.0,0.0
2014-07-18 00:00:00-04:00,0.4495980041534063,0.4531662389056783,0.4379417536146324,0.43865540623664856,567816000,0.0,0.0
2014-07-21 00:00:00-04:00,0.43699037006755115,0.44436473549969696,0.43699037006755115,0.4412722587585449,243364000,0.0,0.0
2014-07-22 00:00:00-04:00,0.4446026388168314,0.4469814629195208,0.43841771316453093,0.43936923146247864,298816000,0.0,0.0
2014-07-23 00:00:00-04:00,0.43960706210337036,0.43984492746479786,0.42961597962019554,0.4300917387008667,297352000,0.0,0.0
2014-07-24 00:00:00-04:00,0.4324705859668441,0.43365999791207466,0.4277129381859219,0.43080541491508484,254576000,0.0,0.0
2014-07-25 00:00:00-04:00,0.4293782023705265,0.4303297491477936,0.4224796229350029,0.4231932759284973,266132000,0.0,0.0
2014-07-28 00:00:00-04:00,0.42509615745947443,0.42509615745947443,0.41439145154146984,0.4215279221534729,330352000,0.0,0.0
2014-07-29 00:00:00-04:00,0.4217657735256337,0.42866437810630825,0.42152787985264784,0.422955185174942,217972000,0.0,0.0
2014-07-30 00:00:00-04:00,0.42557198489776654,0.43128115058145267,0.4243825730171806,0.4300917387008667,246184000,0.0,0.0
2014-07-31 00:00:00-04:00,0.42485819994551627,0.42818854083212643,0.41558077314800407,0.4162944257259369,401880000,0.0,0.0
2014-08-01 00:00:00-04:00,0.416294494242643,0.4231930991543387,0.41486718885186125,0.42081427574157715,219884000,0.0,0.0
2014-08-04 00:00:00-04:00,0.4203385062235771,0.42390674149425417,0.4177218173731018,0.4198627471923828,241724000,0.0,0.0
2014-08-05 00:00:00-04:00,0.4186733239175513,0.42628558163849534,0.41510508874503843,0.4201006293296814,298136000,0.0,0.0
2014-08-06 00:00:00-04:00,0.41724601327872896,0.424858270904317,0.41415356552087235,0.41962486505508423,223456000,0.0,0.0
2014-08-07 00:00:00-04:00,0.42319310971325036,0.4269992102539461,0.41248837573092206,0.4153429865837097,407696000,0.0,0.0
2014-08-08 00:00:00-04:00,0.43342203757808245,0.4543556888992922,0.43342203757808245,0.45197686553001404,894348000,0.0,0.0
2014-08-11 00:00:00-04:00,0.4524526565328174,0.4543557210343998,0.4484086621905883,0.4495980739593506,344624000,0.0,0.0
2014-08-12 00:00:00-04:00,0.4493602086202862,0.4519768974968752,0.4446025331874236,0.4495980739593506,296152000,0.0,0.0
2014-08-13 00:00:00-04:00,0.45031171302580814,0.4560209063572888,0.44745713053897407,0.452214777469635,256596000,0.0,0.0
2014-08-14 00:00:00-04:00,0.4538799944414208,0.4538799944414208,0.44531621775107527,0.44721928238868713,255992000,0.0,0.0
2014-08-15 00:00:00-04:00,0.4486465360319253,0.4555451126423142,0.44436464818231985,0.45292842388153076,369796000,0.0,0.0
2014-08-18 00:00:00-04:00,0.45483153054168296,0.4595892065024912,0.4503117766619676,0.4591134190559387,284076000,0.0,0.0
2014-08-19 00:00:00-04:00,0.4592327853809611,0.4652061508251021,0.45756022026999904,0.4628168046474457,248260000,0.002125,0.0
2014-08-20 00:00:00-04:00,0.4611442858262424,0.46329471469194555,0.4587549394087429,0.4599496126174927,221468000,0.0,0.0
2014-08-21 00:00:00-04:00,0.458755025901073,0.46114437276905296,0.4549320880022619,0.45564886927604675,272796000,0.0,0.0
2014-08-22 00:00:00-04:00,0.45517092525945785,0.4597107005972866,0.45230371522060925,0.45588773488998413,251224000,0.0,0.0
2014-08-25 00:00:00-04:00,0.457799213560261,0.46090536960865314,0.45564878468833286,0.456604540348053,153380000,0.0,0.0
2014-08-26 00:00:00-04:00,0.4577992040288963,0.46568405276195823,0.45612666726327844,0.46472832560539246,269636000,0.0,0.0
2014-08-27 00:00:00-04:00,0.4618609888370068,0.46544500763595886,0.45875483351459856,0.4594716429710388,182972000,0.0,0.0
2014-08-28 00:00:00-04:00,0.45851608084413115,0.4642505015905493,0.4570824614158967,0.46329477429389954,179704000,0.0,0.0
2014-08-29 00:00:00-04:00,0.4649672431529061,0.46568405276195823,0.459949604372797,0.46472832560539246,207932000,0.0,0.0
2014-09-02 00:00:00-04:00,0.4659230411052704,0.4659230411052704,0.4616222115436359,0.4659230411052704,192636000,0.0,0.0
2014-09-03 00:00:00-04:00,0.46831242055192623,0.471896440690853,0.46520626406820437,0.47022390365600586,259456000,0.0,0.0
2014-09-04 00:00:00-04:00,0.4695072077580599,0.48145397293409503,0.4692682616308977,0.47858673334121704,491832000,0.0,0.0
2014-09-05 00:00:00-04:00,0.4781087305369178,0.4802591597343465,0.47404684669723307,0.4771530032157898,253792000,0.0,0.0
2014-09-08 00:00:00-04:00,0.47667507660893144,0.477630803803853,0.47094062798963215,0.47285211086273193,319288000,0.0,0.0
2014-09-09 00:00:00-04:00,0.47070170770363484,0.4738078637940069,0.4664008783849086,0.466878741979599,198588000,0.0,0.0
2014-09-10 00:00:00-04:00,0.469507033785552,0.47022384341816276,0.46425044880191074,0.46855127811431885,172376000,0.0,0.0
2014-09-11 00:00:00-04:00,0.46520621422401204,0.46687875107965643,0.4587549558785513,0.46377259492874146,250720000,0.0,0.0
2014-09-12 00:00:00-04:00,0.4666399496713769,0.4666399496713769,0.4563657508261284,0.45684361457824707,262536000,0.0,0.0
2014-09-15 00:00:00-04:00,0.4582771348944801,0.45899394460877896,0.4487197479925211,0.4506312310695648,294152000,0.0,0.0
2014-09-16 00:00:00-04:00,0.4494365848461917,0.4597107820828602,0.44800296533102435,0.457321435213089,219936000,0.0,0.0
2014-09-17 00:00:00-04:00,0.4561267990848342,0.4618612206479991,0.45397636963619953,0.45756039023399353,173584000,0.0,0.0
2014-09-18 00:00:00-04:00,0.46042748752281737,0.4649672341535218,0.45899386833246075,0.4644893705844879,219604000,0.0,0.0
2014-09-19 00:00:00-04:00,0.46592301275083897,0.4664008763434377,0.45517092525945785,0.45588773488998413,601316000,0.0,0.0
2014-09-22 00:00:00-04:00,0.4652062838188172,0.4652062838188172,0.45087017417120184,0.45134806632995605,221464000,0.0,0.0
2014-09-23 00:00:00-04:00,0.44895862348278615,0.45445412613283104,0.44728608662840474,0.4494365155696869,196144000,0.0,0.0
2014-09-24 00:00:00-04:00,0.44919754264519685,0.45349837178713226,0.44871967907014965,0.45206475257873535,159592000,0.0,0.0
2014-09-25 00:00:00-04:00,0.45158692971718833,0.45278160300414155,0.441312733752739,0.4422684609889984,298440000,0.0,0.0
2014-09-26 00:00:00-04:00,0.44370208509123293,0.4465692953140579,0.4417906021149302,0.4432242214679718,241188000,0.0,0.0
2014-09-29 00:00:00-04:00,0.43964020575974466,0.44561357231559884,0.435339376142878,0.44250741600990295,208540000,0.0,0.0
2014-09-30 00:00:00-04:00,0.4405959338192096,0.4439410361865459,0.43557829450983443,0.4408348798751831,277204000,0.0,0.0
2014-10-01 00:00:00-04:00,0.44155162611048404,0.4446577534922491,0.43533931438044504,0.43653398752212524,350976000,0.0,0.0
2014-10-02 00:00:00-04:00,0.4358172890219701,0.4379676898317888,0.4245873358412717,0.4346226155757904,288996000,0.0,0.0
2014-10-03 00:00:00-04:00,0.4372508520429048,0.44322421850183974,0.43557828664779663,0.43557828664779663,239140000,0.0,0.0
2014-10-06 00:00:00-04:00,0.4372509095538368,0.44083492990059836,0.4300828403770519,0.43295007944107056,199032000,0.0,0.0
2014-10-07 00:00:00-04:00,0.431038434655883,0.4353392631565285,0.4279322791563473,0.428410142660141,301896000,0.0,0.0
2014-10-08 00:00:00-04:00,0.42793246683737574,0.4384456109479083,0.42458736387723484,0.43629518151283264,260172000,0.0,0.0
2014-10-09 00:00:00-04:00,0.4343836116841118,0.4348615037855937,0.4243483617683774,0.42793238162994385,306956000,0.0,0.0
2014-10-10 00:00:00-04:00,0.4245872450736651,0.4260208642959085,0.40236631802842615,0.40260523557662964,691376000,0.0,0.0
2014-10-13 00:00:00-04:00,0.40523356781635755,0.4133573634020577,0.4006938206385093,0.4011716842651367,397628000,0.0,0.0
2014-10-14 00:00:00-04:00,0.4066672187460692,0.42172010929445786,0.4042778719442062,0.4104901850223541,376620000,0.0,0.0
2014-10-15 00:00:00-04:00,0.4045167119708261,0.4188528185164035,0.4018884480826868,0.41670238971710205,404428000,0.0,0.0
2014-10-16 00:00:00-04:00,0.4092954127140288,0.42172000738462556,0.4083396571342883,0.4169413149356842,351116000,0.0,0.0
2014-10-17 00:00:00-04:00,0.4219590179887013,0.4267377111691066,0.4145520321657699,0.41622456908226013,290716000,0.0,0.0
2014-10-20 00:00:00-04:00,0.4162244582325141,0.42363144208280246,0.4133572487845236,0.4198084771633148,200336000,0.0,0.0
2014-10-21 00:00:00-04:00,0.42291467425758816,0.43820650695855184,0.4217200011629779,0.4377286434173584,351092000,0.0,0.0
2014-10-22 00:00:00-04:00,0.4370120701283416,0.4384456900102416,0.4274546802043915,0.4274546802043915,239512000,0.0,0.0
2014-10-23 00:00:00-04:00,0.43486152672916356,0.440118083773482,0.4317553703219383,0.4370119273662567,214476000,0.0,0.0
2014-10-24 00:00:00-04:00,0.4396401726802288,0.44417991952779384,0.4370118802001082,0.44155165553092957,210156000,0.0,0.0
2014-10-27 00:00:00-04:00,0.44131274691944716,0.4434631475068177,0.43653405362906045,0.4417906105518341,145092000,0.0,0.0
2014-10-28 00:00:00-04:00,0.4405959802130101,0.4527816606856135,0.4401181165340036,0.45230379700660706,192580000,0.0,0.0
2014-10-29 00:00:00-04:00,0.4503922427769742,0.4530205353219,0.445374603730573,0.4494365155696869,168340000,0.0,0.0
2014-10-30 00:00:00-04:00,0.44824191896569365,0.45015337370711594,0.4408349321512656,0.4465693533420563,170260000,0.0,0.0
2014-10-31 00:00:00-04:00,0.456843464074819,0.46711768801857245,0.4544541176181107,0.466878741979599,256316000,0.0,0.0
2014-11-03 00:00:00-05:00,0.47763084211870344,0.4793034075688719,0.47237428515844826,0.4747636318206787,308732000,0.0,0.0
2014-11-04 00:00:00-05:00,0.47786965124561565,0.4826483432007517,0.469984803822991,0.48097580671310425,360196000,0.0,0.0
2014-11-05 00:00:00-05:00,0.4838430446727865,0.4840819621805928,0.4773917877467522,0.48097580671310425,335652000,0.0,0.0
2014-11-06 00:00:00-05:00,0.48193175947419087,0.48384327133160365,0.4745247720805892,0.4831264615058899,394088000,0.0,0.0
2014-11-07 00:00:00-05:00,0.48862183744499077,0.49435625758103335,0.4680734179216109,0.47285211086273193,450800000,0.0,0.0
2014-11-10 00:00:00-05:00,0.4723742348065885,0.481453785335157,0.47117956160281727,0.47834762930870056,293388000,0.0,0.0
2014-11-11 00:00:00-05:00,0.47548042564881565,0.47810868979960636,0.46855130346962265,0.47261321544647217,212992000,0.0,0.0
2014-11-12 00:00:00-05:00,0.4709407489632199,0.47213542250538365,0.46305589788828627,0.4695071578025818,204584000,0.0,0.0
2014-11-13 00:00:00-05:00,0.47117958035835983,0.47189639000580674,0.4632947312029581,0.46711769700050354,225328000,0.0,0.0
2014-11-14 00:00:00-05:00,0.4675955543241501,0.47285211086273193,0.4630557789401311,0.47285211086273193,160248000,0.0,0.0
2014-11-17 00:00:00-05:00,0.47070178389549255,0.4757194236600811,0.4675956273023312,0.47070178389549255,158732000,0.0,0.0
2014-11-18 00:00:00-05:00,0.4709406800289707,0.48312638825191967,0.46974600666167804,0.4819316864013672,207772000,0.0,0.0
2014-11-19 00:00:00-05:00,0.4822916029169659,0.4837312894189523,0.47509322761463524,0.4801320731639862,240300000,0.002125,0.0
2014-11-20 00:00:00-05:00,0.4767728915337939,0.48853025622506,0.4753332048846417,0.48805034160614014,220968000,0.0,0.0
2014-11-21 00:00:00-05:00,0.4923692501150017,0.4930890932181748,0.48661056249720686,0.49068963527679443,198976000,0.0,0.0
2014-11-24 00:00:00-05:00,0.49188932451758643,0.495968397204909,0.4899697810909365,0.49380892515182495,136004000,0.0,0.0
2014-11-25 00:00:00-05:00,0.49284920301606777,0.4971682624732194,0.49188943109478994,0.4935690462589264,190240000,0.0,0.0
2014-11-26 00:00:00-05:00,0.4906897426252645,0.5024471062724701,0.4904497567333117,0.501967191696167,219264000,0.0,0.0
2014-11-28 00:00:00-05:00,0.503646589937189,0.506046047369844,0.49908760365287114,0.503166675567627,124832000,0.0,0.0
2014-12-01 00:00:00-05:00,0.5010072988131451,0.5038866139531201,0.49308908206493407,0.49380892515182495,190060000,0.0,0.0
2014-12-02 00:00:00-05:00,0.49332901289407277,0.4966882425095034,0.48877002572593764,0.49452877044677734,245952000,0.0,0.0
2014-12-03 00:00:00-05:00,0.4969284572315987,0.5074860654033616,0.49548877038826394,0.5072461366653442,284424000,0.0,0.0
2014-12-04 00:00:00-05:00,0.506526061874554,0.5084456053171215,0.49932768815354217,0.5026869177818298,185332000,0.0,0.0
2014-12-05 00:00:00-05:00,0.5029267958791735,0.5082056256272325,0.5026868672748565,0.5055662393569946,165680000,0.0,0.0
2014-12-08 00:00:00-05:00,0.5048465565076948,0.5098854020425138,0.49500873691089436,0.4990878105163574,226944000,0.0,0.0
2014-12-09 00:00:00-05:00,0.4959686138355863,0.49860805870958047,0.48853030829890637,0.49740830063819885,239448000,0.0,0.0
2014-12-10 00:00:00-05:00,0.4959682734513762,0.4978878736066379,0.48589058716465583,0.4863704442977905,204364000,0.0,0.0
2014-12-11 00:00:00-05:00,0.489250075874162,0.4926093064212211,0.4851710020373611,0.4861307740211487,135652000,0.0,0.0
2014-12-12 00:00:00-05:00,0.479652083970978,0.4839711139436289,0.4705341381628916,0.4710140526294708,323964000,0.0,0.0
2014-12-15 00:00:00-05:00,0.47653295995796086,0.4851710517155425,0.46813485412660255,0.46957454085350037,254696000,0.0,0.0
2014-12-16 00:00:00-05:00,0.46909445061004246,0.476532752517552,0.46405557786318696,0.46429550647735596,185308000,0.0,0.0
2014-12-17 00:00:00-05:00,0.4736534711162956,0.483971146578987,0.45829692224509544,0.48325130343437195,345596000,0.0,0.0
2014-12-18 00:00:00-05:00,0.4892501240719429,0.4950088137495825,0.4806120609516783,0.48517104983329773,226156000,0.0,0.0
2014-12-19 00:00:00-05:00,0.488530103781936,0.4918893334433237,0.4839711165514301,0.48996978998184204,325528000,0.0,0.0
2014-12-22 00:00:00-05:00,0.4894898990177729,0.498607873916626,0.48781028410642463,0.498607873916626,148976000,0.0,0.0
2014-12-23 00:00:00-05:00,0.5024470599165122,0.5048465181614484,0.49500869931189173,0.49548861384391785,109280000,0.0,0.0
2014-12-24 00:00:00-05:00,0.49668834790878,0.4974081911516386,0.4930891889020879,0.4935690462589264,45644000,0.0,0.0
2014-12-26 00:00:00-05:00,0.4935689491793228,0.4966882502156441,0.4923692488155937,0.4940488636493683,52636000,0.0,0.0
2014-12-29 00:00:00-05:00,0.49260926453285203,0.49668833802279444,0.49020980617361537,0.49332910776138306,82944000,0.0,0.0
2014-12-30 00:00:00-05:00,0.4899698552229954,0.4923693134731383,0.48805025429832277,0.48877009749412537,112120000,0.0,0.0
2014-12-31 00:00:00-05:00,0.48948996240303294,0.49212940664059035,0.4796521716995367,0.4810918867588043,166300000,0.0,0.0
2015-01-02 00:00:00-05:00,0.48301130533218384,0.4866105205376957,0.47533301769881514,0.48301130533218384,113680000,0.0,0.0
2015-01-05 00:00:00-05:00,0.4830113925341437,0.4844510788762667,0.4726937166923893,0.4748532176017761,197952000,0.0,0.0
2015-01-06 00:00:00-05:00,0.4755730218519781,0.4760529077254794,0.45997654503851654,0.4604564309120178,197764000,0.0,0.0
2015-01-07 00:00:00-05:00,0.4638157877850589,0.4678948903375909,0.4578171412122802,0.4592568278312683,321808000,0.0,0.0
2015-01-08 00:00:00-05:00,0.46453552644409135,0.4794121894762137,0.46429556919371645,0.47653281688690186,283780000,0.0,0.0
2015-01-09 00:00:00-05:00,0.47821257497713504,0.4820517202799351,0.4717340137031846,0.47845250368118286,209540000,0.0,0.0
2015-01-12 00:00:00-05:00,0.4796520872189505,0.47989204445386496,0.46813468341515596,0.4724537134170532,190732000,0.0,0.0
2015-01-13 00:00:00-05:00,0.47605295825427457,0.4856507911582065,0.46837469765188877,0.4717339277267456,236720000,0.0,0.0
2015-01-14 00:00:00-05:00,0.46669498987370206,0.47509309199578725,0.4654952609991185,0.4736534059047699,155260000,0.0,0.0
2015-01-15 00:00:00-05:00,0.4770127254215444,0.47989206937104695,0.47005427988946713,0.4702942371368408,188932000,0.0,0.0
2015-01-16 00:00:00-05:00,0.46957435858214563,0.4794121473217369,0.4681346724140806,0.47893226146698,181512000,0.0,0.0
2015-01-20 00:00:00-05:00,0.48229155533640417,0.4849309421912557,0.47437333756425354,0.48037201166152954,140308000,0.0,0.0
2015-01-21 00:00:00-05:00,0.47773256371247375,0.48829019622525344,0.4743733053023091,0.48709043860435486,144780000,0.0,0.0
2015-01-22 00:00:00-05:00,0.4880502532392974,0.49692830023239903,0.4830114080872103,0.49548861384391785,159712000,0.0,0.0
2015-01-23 00:00:00-05:00,0.4959682671483459,0.4978878672792123,0.49188919553066845,0.4969280958175659,120416000,0.0,0.0
2015-01-26 00:00:00-05:00,0.494768887758255,0.49716834657112763,0.4916495855807596,0.494768887758255,133240000,0.0,0.0
2015-01-27 00:00:00-05:00,0.48709041495742095,0.4875703294240002,0.47005425230010695,0.4710140526294708,357948000,0.0,0.0
2015-01-28 00:00:00-05:00,0.4767727892553699,0.47869236150784705,0.4630958548338437,0.4633358120918274,272728000,0.0,0.0
2015-01-29 00:00:00-05:00,0.46357578942957023,0.4772526958397133,0.46141625982556944,0.4746133089065552,235340000,0.0,0.0
2015-01-30 00:00:00-05:00,0.47125412381275733,0.47677288441368537,0.459976673908828,0.4606964886188507,298200000,0.0,0.0
2015-02-02 00:00:00-05:00,0.46357576943892503,0.47269371618709605,0.45445782269075397,0.4707741439342499,259604000,0.0,0.0
2015-02-03 00:00:00-05:00,0.4741335013167028,0.4830115217960374,0.4717340425068946,0.4825316071510315,183468000,0.0,0.0
2015-02-04 00:00:00-05:00,0.4810916457103396,0.48924978859359514,0.47965193137243334,0.4837310314178467,181516000,0.0,0.0
2015-02-05 00:00:00-05:00,0.48421108857470724,0.4918893775239015,0.4837312312701293,0.49164944887161255,140448000,0.0,0.0
2015-02-06 00:00:00-05:00,0.491169557850621,0.4969283034417378,0.48733041319240894,0.48948994278907776,210524000,0.0,0.0
2015-02-09 00:00:00-05:00,0.4866105186617943,0.4904496052560939,0.4834912178982373,0.4890099763870239,273944000,0.0,0.0
2015-02-10 00:00:00-05:00,0.4894898706895137,0.5029268464102535,0.4873303414109335,0.5026869177818298,226204000,0.0,0.0
2015-02-11 00:00:00-05:00,0.503886709621981,0.503886709621981,0.4959684913704024,0.49932777881622314,320832000,0.0,0.0
2015-02-12 00:00:00-05:00,0.5278813427109821,0.5398786342528592,0.5247620411893342,0.5350797176361084,676904000,0.0,0.0
2015-02-13 00:00:00-05:00,0.5338799399585006,0.5360394695177437,0.5257217934559328,0.5353196263313293,310084000,0.0,0.0
2015-02-17 00:00:00-05:00,0.5343598981270831,0.5396387295227179,0.5310006677878615,0.5369992852210999,203340000,0.0,0.0
2015-02-18 00:00:00-05:00,0.5362794657909515,0.5372392949655826,0.5298009335040114,0.5307607054710388,170948000,0.0,0.0
2015-02-19 00:00:00-05:00,0.5374793481227408,0.5384391203120283,0.5298010561932055,0.5322005152702332,169432000,0.0,0.0
2015-02-20 00:00:00-05:00,0.5317203514496119,0.5362792810241844,0.5278812076966162,0.5360393524169922,157752000,0.0,0.0
2015-02-23 00:00:00-05:00,0.5357996527738061,0.5357996527738061,0.5290811340331336,0.5317205786705017,125008000,0.0,0.0
2015-02-24 00:00:00-05:00,0.5337678568744674,0.5373808741569519,0.5289504622125718,0.5373808741569519,149356000,0.002125,0.0
2015-02-25 00:00:00-05:00,0.5352128500999143,0.5376216040520985,0.5308772193272638,0.533285915851593,123820000,0.0,0.0
2015-02-26 00:00:00-05:00,0.5337677420385848,0.5378625208774495,0.5303955205584651,0.5347312092781067,152864000,0.0,0.0
2015-02-27 00:00:00-05:00,0.5332860709131927,0.5344904482394771,0.5294321438681031,0.5313591361045837,157492000,0.0,0.0
2015-03-02 00:00:00-05:00,0.5299141691922972,0.5472568207855327,0.5291915539235873,0.5443663597106934,301512000,0.0,0.0
2015-03-03 00:00:00-05:00,0.540271496814453,0.5429210474489599,0.5325636400603894,0.5342497229576111,160344000,0.0,0.0
2015-03-04 00:00:00-05:00,0.5323226347499076,0.5414756617697817,0.530154789892092,0.5402713418006897,226840000,0.0,0.0
2015-03-05 00:00:00-05:00,0.5402714932085122,0.5515923682588088,0.5388262628982847,0.5506289005279541,323056000,0.0,0.0
2015-03-06 00:00:00-05:00,0.5474973216338674,0.5501468709648765,0.5426799278895621,0.5431616902351379,257392000,0.0,0.0
2015-03-09 00:00:00-04:00,0.5434026636713899,0.5487018209410193,0.5421982862532521,0.5446069836616516,222388000,0.0,0.0
2015-03-10 00:00:00-04:00,0.547015674468412,0.5576139888797653,0.546052207002255,0.5540009140968323,527212000,0.0,0.0
2015-03-11 00:00:00-04:00,0.5540011480956369,0.5612272432857831,0.5496655139527091,0.5511107444763184,262120000,0.0,0.0
2015-03-12 00:00:00-04:00,0.5458114841260358,0.5499062649006435,0.535694929758959,0.5460523366928101,406972000,0.0,0.0
2015-03-13 00:00:00-04:00,0.543402521379671,0.5482199149350199,0.5359355211693776,0.546774685382843,359288000,0.0,0.0
2015-03-16 00:00:00-04:00,0.551110420695007,0.5566504294954476,0.547497346508691,0.5532782077789307,236956000,0.0,0.0
2015-03-17 00:00:00-04:00,0.5520739455387634,0.560263504644101,0.5482200184809952,0.5600226521492004,299900000,0.0,0.0
2015-03-18 00:00:00-04:00,0.5600224865029624,0.5629128878704474,0.545811159805633,0.5508694052696228,413844000,0.0,0.0
2015-03-19 00:00:00-04:00,0.5527965879319973,0.5612269999513285,0.5487018081757685,0.5593000650405884,310756000,0.0,0.0
2015-03-20 00:00:00-04:00,0.5638766900163302,0.5686940854282556,0.5585775320920591,0.5653218626976013,462084000,0.0,0.0
2015-03-23 00:00:00-04:00,0.5484607773307665,0.5556868677948349,0.5467746952986035,0.5470155477523804,426012000,0.0,0.0
2015-03-24 00:00:00-04:00,0.5453294364535795,0.5491833626464899,0.5371398791860567,0.5395485758781433,330480000,0.0,0.0
2015-03-25 00:00:00-04:00,0.5393077772483729,0.5393077772483729,0.5051042004089733,0.5067903399467468,542552000,0.0,0.0
2015-03-26 00:00:00-04:00,0.49643292141537965,0.5072720285484563,0.4928198474191121,0.5051041841506958,311920000,0.0,0.0
2015-03-27 00:00:00-04:00,0.5079947193811918,0.5169068933354196,0.49980516033437383,0.5149799585342407,318288000,0.0,0.0
2015-03-30 00:00:00-04:00,0.5173887512116297,0.5197974488714614,0.5106443633073718,0.5171478986740112,253252000,0.0,0.0
2015-03-31 00:00:00-04:00,0.5157027583268429,0.5161844634858985,0.5036592679320698,0.5041409730911255,357276000,0.0,0.0
2015-04-01 00:00:00-04:00,0.5060679912567139,0.5077540742533048,0.4973966662543215,0.5060679912567139,330768000,0.0,0.0
2015-04-02 00:00:00-04:00,0.5089580272560529,0.5104032566178861,0.5029363148188859,0.507271945476532,192204000,0.0,0.0
2015-04-06 00:00:00-04:00,0.5051042674758206,0.5236512880031868,0.4998051679776066,0.5219652056694031,515864000,0.0,0.0
2015-04-07 00:00:00-04:00,0.5219652273072031,0.5323226316640016,0.5190747675135384,0.5265417695045471,413964000,0.0,0.0
2015-04-08 00:00:00-04:00,0.5270236399697221,0.532322798779077,0.5219653911707194,0.5303958058357239,366432000,0.0,0.0
2015-04-09 00:00:00-04:00,0.52630090678498,0.544366167260293,0.5260600542565256,0.5426800847053528,379432000,0.0,0.0
2015-04-10 00:00:00-04:00,0.5431617322152511,0.5484608312868281,0.5412347401118768,0.5482199788093567,258728000,0.0,0.0
2015-04-13 00:00:00-04:00,0.5470155592882916,0.5501468709648765,0.5407529359351219,0.5431616902351379,236724000,0.0,0.0
2015-04-14 00:00:00-04:00,0.5409940027849365,0.5431618478272078,0.5332861475865582,0.5385853052139282,220276000,0.0,0.0
2015-04-15 00:00:00-04:00,0.5400305204729546,0.54918354802131,0.537380913017793,0.5450887680053711,243560000,0.0,0.0
2015-04-16 00:00:00-04:00,0.5419575473948345,0.5465340906589045,0.5378627666846254,0.5417166948318481,155284000,0.0,0.0
2015-04-17 00:00:00-04:00,0.5303955205584651,0.5400303652372702,0.5301546681055501,0.5347312092781067,293636000,0.0,0.0
2015-04-20 00:00:00-04:00,0.5371398495498463,0.5405120132471397,0.531118079437946,0.5320816040039062,231624000,0.0,0.0
2015-04-21 00:00:00-04:00,0.5385852277786748,0.5385852277786748,0.5287095289579068,0.5313591361045837,230456000,0.0,0.0
2015-04-22 00:00:00-04:00,0.5344904718165391,0.5381034890990236,0.5263008549490173,0.5373808741569519,207420000,0.0,0.0
2015-04-23 00:00:00-04:00,0.5275052558800315,0.5402713580468121,0.5214834835698701,0.535213053226471,259380000,0.0,0.0
2015-04-24 00:00:00-04:00,0.5349723014397378,0.5352131540005733,0.5246148947612733,0.5306366682052612,240960000,0.0,0.0
2015-04-27 00:00:00-04:00,0.5323225124653709,0.5441251440761349,0.5277459712928143,0.5347312092781067,248456000,0.0,0.0
2015-04-28 00:00:00-04:00,0.5337678568744674,0.5393078664784346,0.5287095522799651,0.5373808741569519,234484000,0.0,0.0
2015-04-29 00:00:00-04:00,0.5335267682756694,0.5388259236003355,0.5311180717513403,0.533285915851593,195156000,0.0,0.0
2015-04-30 00:00:00-04:00,0.530636430439242,0.5373807585437576,0.5294320533189432,0.5347312092781067,218844000,0.0,0.0
2015-05-01 00:00:00-04:00,0.5390668271646019,0.5496651388193746,0.5366581304117646,0.5479790568351746,256968000,0.0,0.0
2015-05-04 00:00:00-04:00,0.5474974435228814,0.5511105183494188,0.5429209012185595,0.5446069836616516,200720000,0.0,0.0
2015-05-05 00:00:00-04:00,0.5426801576653494,0.5434027727757434,0.5282279703132436,0.5306366682052612,292928000,0.0,0.0
2015-05-06 00:00:00-04:00,0.5335269651800835,0.5385852699475001,0.5253374054604819,0.5323226451873779,316484000,0.0,0.0
2015-05-07 00:00:00-04:00,0.5301549103901799,0.5434027776285291,0.528468827593499,0.5417166948318481,534564000,0.0,0.0
2015-05-08 00:00:00-04:00,0.5060677404388124,0.5260599313257014,0.4935424930400354,0.5017320513725281,1146552000,0.0,0.0
2015-05-11 00:00:00-04:00,0.4947467511028481,0.501972898645102,0.49089288231745853,0.4969145953655243,544144000,0.0,0.0
2015-05-12 00:00:00-04:00,0.49330164056786396,0.5058268305387744,0.4930607306678261,0.5017320513725281,388800000,0.0,0.0
2015-05-13 00:00:00-04:00,0.5053451338724837,0.5091990606296898,0.49980512492672513,0.5046225190162659,308524000,0.0,0.0
2015-05-14 00:00:00-04:00,0.5060678080588609,0.5154617448631479,0.5048634306813438,0.5128121376037598,293052000,0.0,0.0
2015-05-15 00:00:00-04:00,0.5149799945137478,0.5173886918974429,0.5099217472363506,0.5130530595779419,215824000,0.0,0.0
2015-05-18 00:00:00-04:00,0.5118486504466565,0.5154617250121907,0.5094399532122578,0.5123304128646851,324972000,0.0,0.0
2015-05-19 00:00:00-04:00,0.5130079081098828,0.5147018525464316,0.508168215217804,0.5091361999511719,253808000,0.00245,0.0
2015-05-20 00:00:00-04:00,0.5093781672876687,0.5154278122496124,0.5086522075844879,0.5091361999511719,196824000,0.0,0.0
2015-05-21 00:00:00-04:00,0.5093781020454929,0.5115559808760883,0.5050223443843022,0.5055063366889954,239692000,0.0,0.0
2015-05-22 00:00:00-04:00,0.5067162635449837,0.5086521172806563,0.5035704579542557,0.5047803521156311,212592000,0.0,0.0
2015-05-26 00:00:00-04:00,0.5023607364995026,0.5057485109375223,0.497763009651501,0.5016347765922546,259732000,0.0,0.0
2015-05-27 00:00:00-04:00,0.5050225063462798,0.530914920230633,0.5033286192771438,0.5284950733184814,432332000,0.0,0.0
2015-05-28 00:00:00-04:00,0.5284948450099692,0.5374482689477023,0.5275269182019908,0.535754382610321,327656000,0.0,0.0
2015-05-29 00:00:00-04:00,0.5357546531765304,0.5391424275621827,0.5347867258797305,0.5355126857757568,335168000,0.0,0.0
2015-06-01 00:00:00-04:00,0.5389003854718816,0.5468858855277053,0.5355126115557618,0.5415621995925903,372660000,0.0,0.0
2015-06-02 00:00:00-04:00,0.5381744431836432,0.5410782824597511,0.5304309102431549,0.5309149026870728,224304000,0.0,0.0
2015-06-03 00:00:00-04:00,0.5323666234899883,0.5364803557988919,0.5241391011785033,0.5251070857048035,250788000,0.0,0.0
2015-06-04 00:00:00-04:00,0.5219613050276972,0.536238413991658,0.5219613050276972,0.5345445275306702,323712000,0.0,0.0
2015-06-05 00:00:00-04:00,0.5328507615124902,0.5410782869654083,0.5272851079827368,0.5386584401130676,313320000,0.0,0.0
2015-06-08 00:00:00-04:00,0.5369644906659353,0.5405942316756542,0.5202675320176261,0.5263171195983887,342812000,0.0,0.0
2015-06-09 00:00:00-04:00,0.5268011241570654,0.5328507118775492,0.5258331970450313,0.5289790034294128,256888000,0.0,0.0
2015-06-10 00:00:00-04:00,0.522687427816194,0.5260752017959824,0.5166377819719731,0.5195416212081909,529460000,0.0,0.0
2015-06-11 00:00:00-04:00,0.5195414343001273,0.5287368257505569,0.5195414343001273,0.5251070857048035,283052000,0.0,0.0
2015-06-12 00:00:00-04:00,0.521719506638222,0.5248653136302955,0.5096202711662869,0.5108302235603333,323728000,0.0,0.0
2015-06-15 00:00:00-04:00,0.5081682400053598,0.5122820310886115,0.5042965316577936,0.5098621845245361,306548000,0.0,0.0
2015-06-16 00:00:00-04:00,0.5088942716898893,0.5168797722496732,0.5038126104950091,0.5161538124084473,256892000,0.0,0.0
2015-06-17 00:00:00-04:00,0.515911655437864,0.5251071049184323,0.5147017612762355,0.522203266620636,233544000,0.0,0.0
2015-06-18 00:00:00-04:00,0.5265592014666102,0.534302676713399,0.5251072818285563,0.5309149026870728,299404000,0.0,0.0
2015-06-19 00:00:00-04:00,0.5309147656538693,0.535270465750092,0.5243811866626931,0.5292208790779114,355656000,0.0,0.0
2015-06-22 00:00:00-04:00,0.530189150473348,0.5330929908865081,0.5190578391478641,0.527043342590332,514236000,0.0,0.0
2015-06-23 00:00:00-04:00,0.5280112532081253,0.5321249885321881,0.5093784316719393,0.5134921669960022,414064000,0.0,0.0
2015-06-24 00:00:00-04:00,0.5127661561513138,0.5154280287456106,0.5059906063339352,0.5084104537963867,253368000,0.0,0.0
2015-06-25 00:00:00-04:00,0.5084103662901498,0.5154279400315276,0.5084103662901498,0.512282133102417,350460000,0.0,0.0
2015-06-26 00:00:00-04:00,0.5081682048056363,0.5086521971624034,0.4996987712648787,0.5018765926361084,421296000,0.0,0.0
2015-06-29 00:00:00-04:00,0.49606896009751067,0.5011506777852911,0.48614760743465674,0.4868735671043396,391724000,0.0,0.0
2015-06-30 00:00:00-04:00,0.4897775584154591,0.4919554383597588,0.48324397627627225,0.48663175106048584,315916000,0.0,0.0
2015-07-01 00:00:00-04:00,0.4987309031218843,0.5057484181144706,0.4892934837534735,0.4936491847038269,302892000,0.0,0.0
2015-07-02 00:00:00-04:00,0.493407155132283,0.497278920874255,0.4909873087552616,0.4941331148147583,145764000,0.0,0.0
2015-07-06 00:00:00-04:00,0.49001951323523857,0.4967950618315768,0.48445385930523044,0.4880836009979248,214776000,0.0,0.0
2015-07-07 00:00:00-04:00,0.48517970580680214,0.4871155598980459,0.46364302614984054,0.47888806462287903,594252000,0.0,0.0
2015-07-08 00:00:00-04:00,0.47622636471600344,0.4791301753941757,0.47162863803261623,0.4755004048347473,332492000,0.0,0.0
2015-07-09 00:00:00-04:00,0.48300189327858895,0.4851797727017848,0.46678889667768897,0.4696927070617676,357588000,0.0,0.0
2015-07-10 00:00:00-04:00,0.47574214697450334,0.48227575396540046,0.47453222402757256,0.4779200255870819,216708000,0.0,0.0
2015-07-13 00:00:00-04:00,0.4827598455443783,0.4837277726201658,0.4779201524717483,0.481065958738327,212472000,0.0,0.0
2015-07-14 00:00:00-04:00,0.4817919460085207,0.48227590957407857,0.47501636955016774,0.4813079535961151,249216000,0.0,0.0
2015-07-15 00:00:00-04:00,0.48009787535282195,0.4832436807842097,0.4735642972087633,0.4779200255870819,265732000,0.0,0.0
2015-07-16 00:00:00-04:00,0.48082396920559733,0.4885675013065338,0.4791300823760849,0.4885675013065338,282848000,0.0,0.0
2015-07-17 00:00:00-04:00,0.4868735746505089,0.4873575093086731,0.47937201051207945,0.48566362261772156,220372000,0.0,0.0
2015-07-20 00:00:00-04:00,0.48566371726825597,0.4875996293592661,0.4755003662949766,0.4767102897167206,188412000,0.0,0.0
2015-07-21 00:00:00-04:00,0.4757422584543401,0.48566364048276783,0.4757422584543401,0.47888806462287903,149720000,0.0,0.0
2015-07-22 00:00:00-04:00,0.47550035667677404,0.47550035667677404,0.4638850862936103,0.4696927070617676,356472000,0.0,0.0
2015-07-23 00:00:00-04:00,0.4706607107555095,0.4825179497109013,0.4696927546315507,0.4755004048347473,169916000,0.0,0.0
2015-07-24 00:00:00-04:00,0.47888809889393524,0.4793720624513805,0.46799878904060516,0.4699346721172333,188844000,0.0,0.0
2015-07-27 00:00:00-04:00,0.46582086889440605,0.4725964446447457,0.4619491319276725,0.4672727882862091,192420000,0.0,0.0
2015-07-28 00:00:00-04:00,0.4684828174275402,0.4805820522722207,0.46364312348966796,0.47743627429008484,198308000,0.0,0.0
2015-07-29 00:00:00-04:00,0.4764683055534654,0.4871156492424159,0.4745324222603062,0.4832438826560974,232680000,0.0,0.0
2015-07-30 00:00:00-04:00,0.4820338921232369,0.4892934606740452,0.4820338921232369,0.4844537675380707,190180000,0.0,0.0
2015-07-31 00:00:00-04:00,0.48638963307495553,0.4866316004292977,0.4798560529581629,0.48275986313819885,218340000,0.0,0.0
2015-08-03 00:00:00-04:00,0.48663166099961275,0.4914713548510112,0.48034007630090525,0.4909874200820923,397132000,0.0,0.0
2015-08-04 00:00:00-04:00,0.48929351830246637,0.4943751793856438,0.48735760620385127,0.4929232597351074,260100000,0.0,0.0
2015-08-05 00:00:00-04:00,0.5050223976774014,0.5055063900331684,0.4970368988162215,0.49800488352775574,234628000,0.0,0.0
2015-08-06 00:00:00-04:00,0.49679492359072874,0.5004247219670797,0.486631545830634,0.49485906958580017,655676000,0.0,0.0
2015-08-07 00:00:00-04:00,0.5434981280421397,0.5655187168563228,0.5294629818314918,0.5560813546180725,1405248000,0.0,0.0
2015-08-10 00:00:00-04:00,0.5522096257259185,0.5795539024965058,0.5488217937831945,0.5754401683807373,662304000,0.0,0.0
2015-08-11 00:00:00-04:00,0.5669706362239383,0.5781019431599118,0.5669706362239383,0.572536289691925,435008000,0.0,0.0
2015-08-12 00:00:00-04:00,0.5633408264288188,0.578101872963809,0.5633408264288188,0.573988139629364,384048000,0.0,0.0
2015-08-13 00:00:00-04:00,0.5747141340200302,0.5759240862056778,0.5676965613468824,0.5691484808921814,276884000,0.0,0.0
2015-08-14 00:00:00-04:00,0.5686645452897027,0.5730203043607469,0.5652767711413581,0.5696325302124023,214652000,0.0,0.0
2015-08-17 00:00:00-04:00,0.5686643012973788,0.5686643012973788,0.5589849177730505,0.5660024881362915,273880000,0.0,0.0
2015-08-18 00:00:00-04:00,0.5642530052635248,0.5681410613687171,0.5564768930531403,0.560850977897644,287084000,0.00245,0.0
2015-08-19 00:00:00-04:00,0.5601222316690158,0.5664403186199038,0.5525891012568979,0.5586642026901245,249248000,0.0,0.0
2015-08-20 00:00:00-04:00,0.5523459202836275,0.5550189338414029,0.5358216942642985,0.5384947657585144,426932000,0.0,0.0
2015-08-21 00:00:00-04:00,0.534606717001322,0.543597815405957,0.5212415331437676,0.5217275619506836,382664000,0.0,0.0
2015-08-24 00:00:00-04:00,0.4925671316717557,0.5304756378703342,0.48600606188705936,0.5032593011856079,682284000,0.0,0.0
2015-08-25 00:00:00-04:00,0.5253725859718261,0.5273166433028155,0.4928102195262909,0.4928102195262909,622684000,0.0,0.0
2015-08-26 00:00:00-04:00,0.508848477254708,0.5304757482649847,0.504960420071132,0.5299897193908691,614976000,0.0,0.0
2015-08-27 00:00:00-04:00,0.5355788420844446,0.5501590144685727,0.5324197989409046,0.5499160289764404,463764000,0.0,0.0
2015-08-28 00:00:00-04:00,0.5499159626968391,0.5557480193602803,0.5460279056090622,0.5523459911346436,320944000,0.0,0.0
2015-08-31 00:00:00-04:00,0.5496730531618707,0.5535611107867158,0.5440839811892413,0.5462709665298462,219352000,0.0,0.0
2015-09-01 00:00:00-04:00,0.5304757041172838,0.5394668030167857,0.5200265766532259,0.5239145755767822,353408000,0.0,0.0
2015-09-02 00:00:00-04:00,0.5382517778291402,0.5399527918989653,0.5292606786301592,0.5397098064422607,344044000,0.0,0.0
2015-09-03 00:00:00-04:00,0.5477287453484858,0.550401816334593,0.5401956769704329,0.541167676448822,262556000,0.0,0.0
2015-09-04 00:00:00-04:00,0.5319336987502327,0.5404388271363275,0.5282886851107971,0.5285316705703735,287972000,0.0,0.0
2015-09-08 00:00:00-04:00,0.541410719548693,0.5533178737534442,0.5392237349732922,0.5511308312416077,238448000,0.0,0.0
2015-09-09 00:00:00-04:00,0.5528320541522641,0.5574490679138309,0.5389808390582091,0.540195882320404,289392000,0.0,0.0
2015-09-10 00:00:00-04:00,0.5370367568284689,0.5555049828458193,0.534606728613987,0.5487008690834045,357076000,0.0,0.0
2015-09-11 00:00:00-04:00,0.5426260478409292,0.5540471792927358,0.5404390041789451,0.5504021644592285,301584000,0.0,0.0
2015-09-14 00:00:00-04:00,0.5530749128108734,0.5547759266387452,0.5484578421715425,0.5513738989830017,192460000,0.0,0.0
2015-09-15 00:00:00-04:00,0.5516168680739827,0.5603649803129255,0.5499158542964712,0.5574489235877991,327976000,0.0,0.0
2015-09-16 00:00:00-04:00,0.5564770563072513,0.5644961562716446,0.5523460135886927,0.5613371133804321,173508000,0.0,0.0
2015-09-17 00:00:00-04:00,0.5710571783089561,0.5761602783514891,0.565225121911078,0.5664401650428772,268712000,0.0,0.0
2015-09-18 00:00:00-04:00,0.5586641224629241,0.5708142656480897,0.5552620939583682,0.5659542083740234,326412000,0.0,0.0
2015-09-21 00:00:00-04:00,0.5666830643028606,0.5730011485797746,0.5637670075792276,0.571786105632782,281840000,0.0,0.0
2015-09-22 00:00:00-04:00,0.5593930446142638,0.5632811013797397,0.5533179450551245,0.5562340021133423,228356000,0.0,0.0
2015-09-23 00:00:00-04:00,0.5567200485272117,0.562309120022752,0.5545330633732901,0.5589070916175842,161632000,0.0,0.0
2015-09-24 00:00:00-04:00,0.5555049539388907,0.5754312074353121,0.5467568412346949,0.5695991516113281,382440000,0.0,0.0
2015-09-25 00:00:00-04:00,0.5766463492772215,0.5849084933718076,0.5681412776251619,0.5737303495407104,369692000,0.0,0.0
2015-09-28 00:00:00-04:00,0.5737302253471556,0.5773752387128837,0.562552083935755,0.5661970973014832,395584000,0.0,0.0
2015-09-29 00:00:00-04:00,0.572272254563144,0.5771323114987438,0.5642531548257593,0.5761603116989136,380736000,0.0,0.0
2015-09-30 00:00:00-04:00,0.5815064285022066,0.5997316737663121,0.5781043997142677,0.5990026593208313,556380000,0.0,0.0
2015-10-01 00:00:00-04:00,0.5990025609092535,0.6007035750237593,0.5703281905528478,0.5873384475708008,489296000,0.0,0.0
2015-10-02 00:00:00-04:00,0.5841793757439437,0.602647602558136,0.5781042759773977,0.602647602558136,386144000,0.0,0.0
2015-10-05 00:00:00-04:00,0.6065356670178087,0.6252468795162662,0.6033766243696534,0.6177138090133667,482024000,0.0,0.0
2015-10-06 00:00:00-04:00,0.611152495976038,0.6284056730375348,0.6087224685897812,0.6257326602935791,453216000,0.0,0.0
2015-10-07 00:00:00-04:00,0.6271908977561368,0.6386120244918616,0.6169847561510597,0.6322939395904541,310152000,0.0,0.0
2015-10-08 00:00:00-04:00,0.6296207991983109,0.6376398964300823,0.618928630931662,0.6359388828277588,460068000,0.0,0.0
2015-10-09 00:00:00-04:00,0.6325368631364211,0.6386119620045474,0.6216017662848052,0.6335089206695557,423248000,0.0,0.0
2015-10-12 00:00:00-04:00,0.6342379889526006,0.6439581604459537,0.6296209755685829,0.6403130888938904,227588000,0.0,0.0
2015-10-13 00:00:00-04:00,0.6352099261675159,0.6454160087044564,0.6330228836511276,0.6415280103683472,298444000,0.0,0.0
2015-10-14 00:00:00-04:00,0.642257047938672,0.6753055014723021,0.6415280916106643,0.6648563742637634,612148000,0.0,0.0
2015-10-15 00:00:00-04:00,0.6660712832455165,0.6801654801645792,0.6592672281373045,0.6665573120117188,526048000,0.0,0.0
2015-10-16 00:00:00-04:00,0.6687443990578051,0.6833245677768979,0.6670433272311146,0.6770064830780029,448396000,0.0,0.0
2015-10-19 00:00:00-04:00,0.6791936479324153,0.6823526908500753,0.6680155049832258,0.6757915616035461,294712000,0.0,0.0
2015-10-20 00:00:00-04:00,0.672875410613941,0.6779784520537305,0.6677723112377137,0.6748194098472595,264824000,0.0,0.0
2015-10-21 00:00:00-04:00,0.6789504499515545,0.6830815497006643,0.6648563107045814,0.6660712957382202,386280000,0.0,0.0
2015-10-22 00:00:00-04:00,0.6738475582008757,0.6923157867185938,0.6728755583707748,0.690128743648529,306884000,0.0,0.0
2015-10-23 00:00:00-04:00,0.6962036882153612,0.6993627304087614,0.6857545620225229,0.694745659828186,381776000,0.0,0.0
2015-10-26 00:00:00-04:00,0.6952318044396458,0.6969328185292876,0.6852686474248837,0.6915867328643799,247436000,0.0,0.0
2015-10-27 00:00:00-04:00,0.6881845408157455,0.6954746242939278,0.68769851207596,0.6911005973815918,208268000,0.0,0.0
2015-10-28 00:00:00-04:00,0.695474681940221,0.6966897249221802,0.6852685410502289,0.6966897249221802,217036000,0.0,0.0
2015-10-29 00:00:00-04:00,0.6855116697040432,0.6925587113050651,0.6714174706291087,0.6726324558258057,327168000,0.0,0.0
2015-10-30 00:00:00-04:00,0.6799227661829776,0.6942599542404997,0.6748196648781631,0.6893998384475708,301160000,0.0,0.0
2015-11-02 00:00:00-05:00,0.6915866339777027,0.6981477039385982,0.687455592074044,0.6974186897277832,190088000,0.0,0.0
2015-11-03 00:00:00-05:00,0.6932877797609277,0.6971758369797147,0.6847827089102526,0.692558765411377,376768000,0.0,0.0
2015-11-04 00:00:00-05:00,0.6906145080553155,0.6957175486614315,0.6779783412937767,0.6811373829841614,442264000,0.0,0.0
2015-11-05 00:00:00-05:00,0.6845395617144487,0.6864836189973138,0.6714174212849848,0.6733614206314087,478800000,0.0,0.0
2015-11-06 00:00:00-05:00,0.7399444420726292,0.7761518860421294,0.7246352559093224,0.7666747570037842,1172272000,0.0,0.0
2015-11-09 00:00:00-05:00,0.7591416006740759,0.7654596859925676,0.7525804719642564,0.7632726430892944,492568000,0.0,0.0
2015-11-10 00:00:00-05:00,0.7533094061367936,0.7574405060490386,0.732654196257769,0.7486923933029175,552260000,0.0,0.0
2015-11-11 00:00:00-05:00,0.7491785640602502,0.7545246504805803,0.7387294346499154,0.7414025068283081,619896000,0.0,0.0
2015-11-12 00:00:00-05:00,0.7397014172132051,0.7465055323100859,0.7355703742320241,0.7387294173240662,291080000,0.0,0.0
2015-11-13 00:00:00-05:00,0.7394583524437232,0.7426173951970674,0.7205040959236584,0.7241491675376892,292940000,0.0,0.0
2015-11-16 00:00:00-05:00,0.7336263744537461,0.7392154462368626,0.7277942592460044,0.7387294173240662,344280000,0.0,0.0
2015-11-17 00:00:00-05:00,0.7406734750387981,0.7450475035081504,0.7355703742320241,0.7387294173240662,257048000,0.0,0.0
2015-11-18 00:00:00-05:00,0.7417783325526341,0.7578774898247682,0.7337287829947885,0.756901741027832,350216000,0.002875,0.0
2015-11-19 00:00:00-05:00,0.7595849140666029,0.7666587143719514,0.753486746182473,0.7590970396995544,254072000,0.0,0.0
2015-11-20 00:00:00-05:00,0.7647072452493014,0.7700736300437614,0.7600726428430148,0.7656829357147217,239744000,0.0,0.0
2015-11-23 00:00:00-05:00,0.7720250896286559,0.7720250896286559,0.7515353551416033,0.7542185187339783,242552000,0.0,0.0
2015-11-24 00:00:00-05:00,0.7542185613967317,0.7669027139262412,0.7508036151484612,0.7603167295455933,195428000,0.0,0.0
2015-11-25 00:00:00-05:00,0.758853185265509,0.7678784255209388,0.7566578376931797,0.7593410015106201,138300000,0.0,0.0
2015-11-27 00:00:00-05:00,0.7608044252311881,0.7681221909564885,0.7569016052130747,0.7656829357147217,86996000,0.0,0.0
2015-11-30 00:00:00-05:00,0.7664145995840275,0.7771473675132249,0.7656828173090174,0.7737323641777039,327244000,0.0,0.0
2015-12-01 00:00:00-05:00,0.7805624697988375,0.7995886964657248,0.7798306873765392,0.7988569140434265,409496000,0.0,0.0
2015-12-02 00:00:00-05:00,0.8000767095176202,0.8083701681358574,0.7910514682970152,0.7927589416503906,294240000,0.0,0.0
2015-12-03 00:00:00-05:00,0.7991009976483782,0.80739445604744,0.7871486263341727,0.79105144739151,246656000,0.0,0.0
2015-12-04 00:00:00-05:00,0.7910513801840284,0.8247131435176656,0.7910513801840284,0.8232495784759521,458756000,0.0,0.0
2015-12-07 00:00:00-05:00,0.8230054206937084,0.8230054206937084,0.8051988537862289,0.8076381087303162,333588000,0.0,0.0
2015-12-08 00:00:00-05:00,0.7976372915230406,0.8220298461251615,0.7925148725035265,0.8186149001121521,314488000,0.0,0.0
2015-12-09 00:00:00-05:00,0.8183711003203967,0.8232496118864676,0.7895878471867115,0.7978813052177429,372676000,0.0,0.0
2015-12-10 00:00:00-05:00,0.8003204148183798,0.8088578375778248,0.7976372513940672,0.8044672012329102,236596000,0.0,0.0
2015-12-11 00:00:00-05:00,0.7964177408373639,0.8020280345493892,0.7908074471253387,0.7925149202346802,227320000,0.0,0.0
2015-12-14 00:00:00-05:00,0.793246836977532,0.798857131639015,0.7849533199846107,0.7944664359092712,275892000,0.0,0.0
2015-12-15 00:00:00-05:00,0.80349145700092,0.8098335325446424,0.7991008206318079,0.8042232394218445,307296000,0.0,0.0
2015-12-16 00:00:00-05:00,0.8059308413174174,0.8117851016216159,0.7988570403772514,0.8091018795967102,236356000,0.0,0.0
2015-12-17 00:00:00-05:00,0.8103214518307561,0.8186149088527414,0.7964177013747366,0.796905517578125,254160000,0.0,0.0
2015-12-18 00:00:00-05:00,0.7912952153174196,0.7993447641479203,0.7830017583879456,0.7839774489402771,395896000,0.0,0.0
2015-12-21 00:00:00-05:00,0.7925148747987069,0.8032475872234353,0.7854410164966742,0.8025158047676086,284216000,0.0,0.0
2015-12-22 00:00:00-05:00,0.8049548647744201,0.8112969390806333,0.7983688824276368,0.8032473921775818,130012000,0.0,0.0
2015-12-23 00:00:00-05:00,0.8044671571929727,0.8095895756743561,0.8030035924393113,0.8064185380935669,122524000,0.0,0.0
2015-12-24 00:00:00-05:00,0.8039794599869808,0.8110533190835911,0.8027598030381247,0.8091018795967102,52448000,0.0,0.0
2015-12-28 00:00:00-05:00,0.8005642936206628,0.8083698749542236,0.7893437086624644,0.8083698749542236,142024000,0.0,0.0
2015-12-29 00:00:00-05:00,0.8088578730388026,0.8239812800568593,0.8066625256918822,0.8215420246124268,203660000,0.0,0.0
2015-12-30 00:00:00-05:00,0.8208102810624978,0.8278841396335207,0.814224296866057,0.8144682049751282,180344000,0.0,0.0
2015-12-31 00:00:00-05:00,0.8132484822188194,0.8169073359225179,0.8039792776107788,0.8039792776107788,148528000,0.0,0.0
2016-01-04 00:00:00-05:00,0.787636414497714,0.7947102150980515,0.7815382463592808,0.7895877957344055,358076000,0.0,0.0
2016-01-05 00:00:00-05:00,0.8044673097125422,0.8156878974093572,0.7927588476198664,0.8022719621658325,490272000,0.0,0.0
2016-01-06 00:00:00-05:00,0.7890999653863447,0.7927588781048953,0.7600728043928074,0.7690981030464172,449344000,0.0,0.0
2016-01-07 00:00:00-05:00,0.7498279370385001,0.7549504150501084,0.7288503250272015,0.7386074066162109,645304000,0.0,0.0
2016-01-08 00:00:00-05:00,0.7481204627369942,0.7488522453090868,0.7212886483339032,0.7227522134780884,398472000,0.0,0.0
2016-01-11 00:00:00-05:00,0.7234837295988189,0.7290940218143535,0.7110434886112995,0.7239715456962585,409372000,0.0,0.0
2016-01-12 00:00:00-05:00,0.7368997497680396,0.7469007377939464,0.731045548336068,0.7361679673194885,469356000,0.0,0.0
2016-01-13 00:00:00-05:00,0.741778225758491,0.7466567945714739,0.7129950361474282,0.713726818561554,481672000,0.0,0.0
2016-01-14 00:00:00-05:00,0.6990913703933093,0.7073848867186748,0.6786016331064361,0.6993353366851807,600236000,0.0,0.0
2016-01-15 00:00:00-05:00,0.6712837658863947,0.6793333147237678,0.6498182829345871,0.6612827777862549,841452000,0.0,0.0
2016-01-19 00:00:00-05:00,0.6749426800483721,0.6939689092317807,0.6639660004184913,0.6666492223739624,457140000,0.0,0.0
2016-01-20 00:00:00-05:00,0.6539651631369295,0.6788455978758308,0.6451838298081144,0.6703081727027893,481180000,0.0,0.0
2016-01-21 00:00:00-05:00,0.6776257636079273,0.688602382839539,0.6637219567413585,0.678113579750061,481456000,0.0,0.0
2016-01-22 00:00:00-05:00,0.691041702740157,0.6986034352157461,0.6895781378638213,0.6939688324928284,257996000,0.0,0.0
2016-01-25 00:00:00-05:00,0.6937250599177738,0.7017746101536597,0.691773620315968,0.6932371854782104,270728000,0.0,0.0
2016-01-26 00:00:00-05:00,0.6947007155227568,0.7029941734809594,0.6876268563671394,0.7000670433044434,227944000,0.0,0.0
2016-01-27 00:00:00-05:00,0.699091240325746,0.701286587605462,0.6786015068510357,0.6917734742164612,231700000,0.0,0.0
2016-01-28 00:00:00-05:00,0.6973838792492951,0.6998231350103357,0.6707959740070206,0.6842119097709656,276776000,0.0,0.0
2016-01-29 00:00:00-05:00,0.6900663754879203,0.715922508060148,0.6873832105730653,0.7144589424133301,310504000,0.0,0.0
2016-02-01 00:00:00-05:00,0.713726915568537,0.7183614606126634,0.7076287473407948,0.7147026062011719,289884000,0.0,0.0
2016-02-02 00:00:00-05:00,0.7073847392551499,0.7110435931495773,0.6795771821379043,0.6844556927680969,341908000,0.0,0.0
2016-02-03 00:00:00-05:00,0.6898221803266938,0.6939689091634906,0.6720156080623321,0.6878707408905029,326772000,0.0,0.0
2016-02-04 00:00:00-05:00,0.6888466657315004,0.7037261711351261,0.6812849880060267,0.6881149411201477,348140000,0.0,0.0
2016-02-05 00:00:00-05:00,0.6834800566216273,0.6910417312527773,0.6427444372795534,0.6446958184242249,600428000,0.0,0.0
2016-02-08 00:00:00-05:00,0.6349389254302465,0.6381099640521348,0.6061556696797065,0.6151809692382812,608852000,0.0,0.0
2016-02-09 00:00:00-05:00,0.6078631138404543,0.6476229868186961,0.6049359837929009,0.6217668652534485,425372000,0.0,0.0
2016-02-10 00:00:00-05:00,0.6256697789094543,0.6437202618012586,0.6168884456182803,0.6203033924102783,335800000,0.0,0.0
2016-02-11 00:00:00-05:00,0.6044480941501541,0.6234743226663628,0.6044480941501541,0.6171322464942932,340144000,0.0,0.0
2016-02-12 00:00:00-05:00,0.626889153081793,0.6288405920893242,0.6037162001537096,0.6276209354400635,340816000,0.0,0.0
2016-02-16 00:00:00-05:00,0.636646204420535,0.6593313423104759,0.6346948234751197,0.6583555936813354,485352000,0.0,0.0
2016-02-17 00:00:00-05:00,0.6666490438345709,0.6810406659282592,0.6639658225977098,0.6746985912322998,771468000,0.0,0.0
2016-02-18 00:00:00-05:00,0.7300698154170615,0.7556820251605114,0.729338033010983,0.7327529788017273,1068660000,0.0,0.0
2016-02-19 00:00:00-05:00,0.7288502960484023,0.7490961828380928,0.7232400019820973,0.7425101399421692,525628000,0.0,0.0
2016-02-22 00:00:00-05:00,0.7532429159103882,0.7773915655240247,0.7517793508144505,0.7688541412353516,449668000,0.0,0.0
2016-02-23 00:00:00-05:00,0.7627561062433764,0.7781234249562345,0.7590971931420051,0.7708056569099426,369380000,0.0,0.0
2016-02-24 00:00:00-05:00,0.767634556396121,0.7773915796713414,0.7464129784317152,0.7761719226837158,336852000,0.0,0.0
2016-02-25 00:00:00-05:00,0.7790990739631506,0.7817822379893431,0.7639756642156754,0.7778794169425964,349616000,0.0,0.0
2016-02-26 00:00:00-05:00,0.7815382662676383,0.7834896475540378,0.7649512927074706,0.7727569341659546,361964000,0.0,0.0
2016-02-29 00:00:00-05:00,0.7738587889326755,0.7838961583104525,0.7672488082821065,0.767738401889801,323344000,0.002875,0.0
2016-03-01 00:00:00-05:00,0.769696989257257,0.8017677068710327,0.7684728884411812,0.8017677068710327,348700000,0.0,0.0
2016-03-02 00:00:00-05:00,0.7973606563357059,0.8093565704583702,0.7958917593625937,0.806418776512146,233812000,0.0,0.0
2016-03-03 00:00:00-05:00,0.8054394137962018,0.8088668006544907,0.788547217806814,0.7993190884590149,302004000,0.0,0.0
2016-03-04 00:00:00-05:00,0.8054395947690467,0.8061740433134599,0.7907507406174191,0.7968711256980896,175304000,0.0,0.0
2016-03-07 00:00:00-05:00,0.7924644352127702,0.7978503717543366,0.781447765404031,0.7917299866676331,239968000,0.0,0.0
2016-03-08 00:00:00-05:00,0.78365117543457,0.7883026638132269,0.7748378505370231,0.7772859930992126,274940000,0.0,0.0
2016-03-09 00:00:00-05:00,0.7841406477378986,0.7853646895545447,0.7667587986687094,0.7767962217330933,222788000,0.0,0.0
2016-03-10 00:00:00-05:00,0.7814477703828444,0.7858544616817434,0.7599041408159546,0.7755722403526306,286084000,0.0,0.0
2016-03-11 00:00:00-05:00,0.7870785585942383,0.7890371076531544,0.7777756402614341,0.7887922525405884,277400000,0.0,0.0
2016-03-14 00:00:00-04:00,0.7851200086874455,0.793933332867034,0.7814477659591511,0.7907507419586182,190312000,0.0,0.0
2016-03-15 00:00:00-04:00,0.7865889663779191,0.7917300482252844,0.7728793564166224,0.7868337631225586,226216000,0.0,0.0
2016-03-16 00:00:00-04:00,0.7809582813204325,0.8130289915988619,0.7772860380804755,0.8103359937667847,363644000,0.0,0.0
2016-03-17 00:00:00-04:00,0.8073981414262581,0.8113151224944524,0.7924644322225759,0.8034811019897461,353680000,0.0,0.0
2016-03-18 00:00:00-04:00,0.8130288089345932,0.8384894756608178,0.8078876695537199,0.827717661857605,545512000,0.0,0.0
2016-03-21 00:00:00-04:00,0.820373234823953,0.8304106001371835,0.8115599114026298,0.8301658034324646,337780000,0.0,0.0
2016-03-22 00:00:00-04:00,0.8274729241911707,0.8345724960860135,0.8184147450442163,0.8286969661712646,242012000,0.0,0.0
2016-03-23 00:00:00-04:00,0.832369264124397,0.8490166097164267,0.8286970212036134,0.8428962826728821,429008000,0.0,0.0
2016-03-24 00:00:00-04:00,0.8353070580099893,0.8455892805327959,0.8326141185935763,0.8441203832626343,244956000,0.0,0.0
2016-03-28 00:00:00-04:00,0.8426514239442006,0.856361033509,0.8416721786256408,0.8526888489723206,265388000,0.0,0.0
2016-03-29 00:00:00-04:00,0.8490164845217671,0.868356824859915,0.8470579941650259,0.8663983345031738,261812000,0.0,0.0
2016-03-30 00:00:00-04:00,0.8695811005596151,0.8874525475518725,0.8690914486874792,0.8754566311836243,376700000,0.0,0.0
2016-03-31 00:00:00-04:00,0.8793735521265637,0.8813320426135863,0.865419146893657,0.8722739219665527,379884000,0.0,0.0
2016-04-01 00:00:00-04:00,0.8668881575551702,0.88549411271467,0.860278177889731,0.885004460811615,348292000,0.0,0.0
2016-04-04 00:00:00-04:00,0.8923487714340395,0.8970002596103173,0.873008428523714,0.8764358162879944,393940000,0.0,0.0
2016-04-05 00:00:00-04:00,0.8686016781924334,0.8832905309435339,0.8651742325225268,0.8752116560935974,339568000,0.0,0.0
2016-04-06 00:00:00-04:00,0.8641951040096213,0.8769254681264573,0.8477925553934335,0.8764358162879944,453376000,0.0,0.0
2016-04-07 00:00:00-04:00,0.8708052058794624,0.8786392861921889,0.8637056326124031,0.8673778176307678,378104000,0.0,0.0
2016-04-08 00:00:00-04:00,0.8744773868586133,0.8801081207374836,0.8644399612301972,0.8730084896087646,255936000,0.0,0.0
2016-04-11 00:00:00-04:00,0.8781494506192371,0.89283836272549,0.8754565116111104,0.8783943057060242,387524000,0.0,0.0
2016-04-12 00:00:00-04:00,0.8813320419681863,0.8825561422979163,0.8602780065906865,0.8774150609970093,292764000,0.0,0.0
2016-04-13 00:00:00-04:00,0.8813320940555864,0.8996931915084778,0.8813320940555864,0.8994483947753906,350716000,0.0,0.0
2016-04-14 00:00:00-04:00,0.8970002514832627,0.9058135759175043,0.8933280086488621,0.9018965363502502,416564000,0.0,0.0
2016-04-15 00:00:00-04:00,0.9016517966384336,0.9170751007816562,0.8987140021851252,0.9089962244033813,436972000,0.0,0.0
2016-04-18 00:00:00-04:00,0.9072824720562561,0.9072824720562561,0.8962658019334561,0.9050791263580322,307320000,0.0,0.0
2016-04-19 00:00:00-04:00,0.9085064586906382,0.9102201524508787,0.8832905873540307,0.888921320438385,309152000,0.0,0.0
2016-04-20 00:00:00-04:00,0.887452540721174,0.8977347630102911,0.8864732953527638,0.8923488259315491,200172000,0.0,0.0
2016-04-21 00:00:00-04:00,0.8925935636553768,0.8967554583404657,0.887452482034954,0.8913695216178894,178280000,0.0,0.0
2016-04-22 00:00:00-04:00,0.894307317370733,0.9004276443048942,0.8850043410498927,0.8879421353340149,223540000,0.0,0.0
2016-04-25 00:00:00-04:00,0.8881869893395626,0.8972451111419241,0.8857388467343751,0.8923488259315491,191972000,0.0,0.0
2016-04-26 00:00:00-04:00,0.8977347029087724,0.9080169245095157,0.8891661751800998,0.8930832147598267,214536000,0.0,0.0
2016-04-27 00:00:00-04:00,0.8908799202936113,0.9138925072600202,0.8891662263229729,0.9134028553962708,352396000,0.0,0.0
2016-04-28 00:00:00-04:00,0.9077721321863117,0.9131580692769512,0.8840251547003685,0.8862284421920776,381224000,0.0,0.0
2016-04-29 00:00:00-04:00,0.8825562041497896,0.8845146947726343,0.8602780668812491,0.8698258399963379,321904000,0.0,0.0
2016-05-02 00:00:00-04:00,0.8781495678042717,0.886718096145657,0.87398773119331,0.8813321590423584,256076000,0.0,0.0
2016-05-03 00:00:00-04:00,0.8712947365448854,0.8749669210522589,0.8632158605866791,0.8708050847053528,224024000,0.0,0.0
2016-05-04 00:00:00-04:00,0.860278013661218,0.8610124621914291,0.8421617722315219,0.8509750962257385,525764000,0.0,0.0
2016-05-05 00:00:00-04:00,0.8580747245171658,0.866153599963078,0.8497509939828539,0.8561161756515503,246884000,0.0,0.0
2016-05-06 00:00:00-04:00,0.8546473940308423,0.867132962334566,0.8529337000221596,0.8649296164512634,183240000,0.0,0.0
2016-05-09 00:00:00-04:00,0.8671328438057406,0.870805028074301,0.8566058260711152,0.8637054562568665,333336000,0.0,0.0
2016-05-10 00:00:00-04:00,0.8690913877737962,0.8818217518738287,0.8607677151091536,0.8803528547286987,269676000,0.0,0.0
2016-05-11 00:00:00-04:00,0.8830458514063834,0.8925935661035962,0.8781495081380443,0.8828009963035583,328176000,0.0,0.0
2016-05-12 00:00:00-04:00,0.8891661823471816,0.8930832219584817,0.8551369846284729,0.8708050847053528,670540000,0.0,0.0
2016-05-13 00:00:00-04:00,0.959427823853827,1.0037392386535122,0.9547763945188545,1.0032496452331543,2110256000,0.0,0.0
2016-05-16 00:00:00-04:00,0.9956607580073891,1.0478063302439233,0.992478166040887,1.0328725576400757,973032000,0.0,0.0
2016-05-17 00:00:00-04:00,1.02822089062866,1.0424201536236217,1.015000931430013,1.0350757837295532,628392000,0.0,0.0
2016-05-18 00:00:00-04:00,1.0282206468724795,1.0735114230078349,1.0282206468724795,1.0615154504776,541072000,0.0,0.0
2016-05-19 00:00:00-04:00,1.0573537328258364,1.0737563990290275,1.0558849523392622,1.0661671161651611,398880000,0.0,0.0
2016-05-20 00:00:00-04:00,1.0727770882646956,1.0896693478526107,1.071063394304953,1.085262656211853,391084000,0.0,0.0
2016-05-23 00:00:00-04:00,1.0899142035444913,1.0940759819275276,1.0803664295081346,1.086976408958435,413636000,0.0,0.0
2016-05-24 00:00:00-04:00,1.0902896716121775,1.116798359247491,1.087344248870502,1.1133619546890259,415788000,0.002875,0.0
2016-05-25 00:00:00-04:00,1.1167987014110177,1.12146215230106,1.0998625739773948,1.108698844909668,458076000,0.0,0.0
2016-05-26 00:00:00-04:00,1.110662299290579,1.12858015460491,1.1074714435343371,1.1204802989959717,309964000,0.0,0.0
2016-05-27 00:00:00-04:00,1.1217074785498014,1.1283346219100971,1.1180256412075873,1.1266164779663086,277416000,0.0,0.0
2016-05-31 00:00:00-04:00,1.1315248469301624,1.1491972583909917,1.1307884330561166,1.1467427015304565,412524000,0.0,0.0
2016-06-01 00:00:00-04:00,1.1413434939531018,1.1599976452098166,1.1379072060121223,1.1489524841308594,387132000,0.0,0.0
2016-06-02 00:00:00-04:00,1.1550884661856546,1.1668701567690032,1.14379775740312,1.1570521593093872,329208000,0.0,0.0
2016-06-03 00:00:00-04:00,1.1457616873178742,1.1472342819053676,1.1207257066939116,1.1408525705337524,461076000,0.0,0.0
2016-06-06 00:00:00-04:00,1.1437976358212283,1.1526339028194739,1.1290706411972349,1.134961485862732,322512000,0.0,0.0
2016-06-07 00:00:00-04:00,1.1418344783978998,1.148216190110999,1.1366800459465023,1.1371709108352661,193400000,0.0,0.0
2016-06-08 00:00:00-04:00,1.1374159260487455,1.1415886271919704,1.1241616425957657,1.1334887742996216,234616000,0.0,0.0
2016-06-09 00:00:00-04:00,1.1295619734154514,1.164661268825019,1.1271074150300011,1.1629431247711182,472168000,0.0,0.0
2016-06-10 00:00:00-04:00,1.1491977758556917,1.1595066384165382,1.1325070859917652,1.1339797973632812,400024000,0.0,0.0
2016-06-13 00:00:00-04:00,1.1352072924494634,1.1707975704500713,1.1352072924494634,1.1484615802764893,475588000,0.0,0.0
2016-06-14 00:00:00-04:00,1.1457616480450827,1.1560705120428993,1.132998225739339,1.1506706476211548,298344000,0.0,0.0
2016-06-15 00:00:00-04:00,1.1602433310585263,1.1725157727132918,1.1474799074689186,1.1624523401260376,301036000,0.0,0.0
2016-06-16 00:00:00-04:00,1.1538617558976871,1.1690796228043465,1.1425710426960343,1.1671160459518433,246456000,0.0,0.0
2016-06-17 00:00:00-04:00,1.1685878128383105,1.1688332451164216,1.14207913712721,1.1467427015304565,471000000,0.0,0.0
2016-06-20 00:00:00-04:00,1.165152012578297,1.1823334496055589,1.1644155983972648,1.1673610210418701,293768000,0.0,0.0
2016-06-21 00:00:00-04:00,1.1722701609395105,1.175461016348796,1.158524892622674,1.1602431535720825,212508000,0.0,0.0
2016-06-22 00:00:00-04:00,1.1626977533607756,1.1703067443072608,1.1572978884850913,1.1592614650726318,202620000,0.0,0.0
2016-06-23 00:00:00-04:00,1.1703070888555192,1.191415806725695,1.1695706742685148,1.1901885271072388,297880000,0.0,0.0
2016-06-24 00:00:00-04:00,1.1413436171689724,1.1624523289708055,1.111889617032432,1.1224439144134521,1017684000,0.0,0.0
2016-06-27 00:00:00-04:00,1.1131166435889681,1.1217074803615654,1.0939715107217336,1.1104167699813843,449088000,0.0,0.0
2016-06-28 00:00:00-04:00,1.1315254773828158,1.132752639457109,1.1111530654324326,1.1266164779663086,381920000,0.0,0.0
2016-06-29 00:00:00-04:00,1.1364346514658772,1.1538616430368758,1.1334892279553144,1.145025372505188,318932000,0.0,0.0
2016-06-30 00:00:00-04:00,1.1469889480194728,1.1609796511607668,1.1376619296317396,1.15386164188385,430940000,0.0,0.0
2016-07-01 00:00:00-04:00,1.1474797117442903,1.1624521418475748,1.1413434334436705,1.145270586013794,218488000,0.0,0.0
2016-07-05 00:00:00-04:00,1.138888466390256,1.164169867732446,1.129806885442667,1.1622062921524048,371084000,0.0,0.0
2016-07-06 00:00:00-04:00,1.1541069119166945,1.1764429004929962,1.148216065730485,1.1695702075958252,273104000,0.0,0.0
2016-07-07 00:00:00-04:00,1.1774242370653347,1.2041783513490745,1.172024374557312,1.2000056505203247,395400000,0.0,0.0
2016-07-08 00:00:00-04:00,1.2127693877026788,1.2540050740195063,1.2081058209740037,1.2481142282485962,481932000,0.0,0.0
2016-07-11 00:00:00-04:00,1.266032139123396,1.2861590013663142,1.2645594276129657,1.2768319845199585,448776000,0.0,0.0
2016-07-12 00:00:00-04:00,1.2910684725551045,1.307759051540293,1.2748686414885513,1.2959774732589722,436760000,0.0,0.0
2016-07-13 00:00:00-04:00,1.2984317544519042,1.305795313116607,1.2935227543553671,1.295486330986023,324604000,0.0,0.0
2016-07-14 00:00:00-04:00,1.302359021073075,1.320522309674961,1.2915591740752916,1.3087406158447266,316892000,0.0,0.0
2016-07-15 00:00:00-04:00,1.2920497657326289,1.2994133228193014,1.2724137695545281,1.2935224771499634,428616000,0.0,0.0
2016-07-18 00:00:00-04:00,1.3094769329694942,1.31144050944876,1.2952407986751922,1.3001497983932495,252992000,0.0,0.0
2016-07-19 00:00:00-04:00,1.2994131661360975,1.318803727579824,1.2969586083899207,1.313649296760559,382652000,0.0,0.0
2016-07-20 00:00:00-04:00,1.3180676284378356,1.337949176406033,1.3126677639614202,1.3308310508728027,296460000,0.0,0.0
2016-07-21 00:00:00-04:00,1.3278854298821827,1.3320581316104096,1.301867724037309,1.3062858581542969,361308000,0.0,0.0
2016-07-22 00:00:00-04:00,1.3109495604441652,1.3418762683868408,1.3013769940524111,1.3418762683868408,315768000,0.0,0.0
2016-07-25 00:00:00-04:00,1.349975982581741,1.3698574105360835,1.3440851370961142,1.366666555404663,312528000,0.0,0.0
2016-07-26 00:00:00-04:00,1.3786938967570255,1.39710261625066,1.3767303202979335,1.3899846076965332,514508000,0.0,0.0
2016-07-27 00:00:00-04:00,1.4020117996169077,1.4044663582922192,1.3676487974411442,1.375994086265564,446676000,0.0,0.0
2016-07-28 00:00:00-04:00,1.3791843456987367,1.3892477744266196,1.3747662122182946,1.378938913345337,221916000,0.0,0.0
2016-07-29 00:00:00-04:00,1.3840937395544977,1.4052024494979225,1.3593033091780917,1.4015207290649414,409588000,0.0,0.0
2016-08-01 00:00:00-04:00,1.4074115557855909,1.4125659877279244,1.38335742301492,1.3924390077590942,301120000,0.0,0.0
2016-08-02 00:00:00-04:00,1.3990658514145928,1.3998022655569728,1.3622484214087527,1.3755027055740356,282748000,0.0,0.0
2016-08-03 00:00:00-04:00,1.3737848585295076,1.3818847136057226,1.3661758682943417,1.3791847229003906,299828000,0.0,0.0
2016-08-04 00:00:00-04:00,1.3858119027648284,1.4110933153785077,1.383112029028457,1.4047116041183472,272712000,0.0,0.0
2016-08-05 00:00:00-04:00,1.4209114498965396,1.4292567384062447,1.4140388731285232,1.4285204410552979,371588000,0.0,0.0
2016-08-08 00:00:00-04:00,1.4481561982907813,1.4515924860975475,1.4265565077342852,1.4417744874954224,305064000,0.0,0.0
2016-08-09 00:00:00-04:00,1.4488924348568069,1.459446847284083,1.4417744271321993,1.4454561471939087,372344000,0.0,0.0
2016-08-10 00:00:00-04:00,1.4582198909267658,1.4604289000446493,1.4314657638600607,1.4361293315887451,375740000,0.0,0.0
2016-08-11 00:00:00-04:00,1.4437381780697218,1.4714740321678144,1.4407927548480195,1.4653377532958984,681064000,0.0,0.0
2016-08-12 00:00:00-04:00,1.5193369324059254,1.5556635082665402,1.4881647888855585,1.5473182201385498,1425744000,0.0,0.0
2016-08-15 00:00:00-04:00,1.549036125452701,1.5586086913402226,1.52498199453327,1.5458452701568604,573304000,0.0,0.0
2016-08-16 00:00:00-04:00,1.543636583039081,1.5460910246026391,1.53185500604645,1.5365185737609863,287652000,0.0,0.0
2016-08-17 00:00:00-04:00,1.5365184387006092,1.5399547268114178,1.4889010359313228,1.5009280443191528,595212000,0.0,0.0
2016-08-18 00:00:00-04:00,1.4987188959188482,1.5267001801025357,1.492828049968693,1.5242457389831543,331684000,0.0,0.0
2016-08-19 00:00:00-04:00,1.5235092838633122,1.539708992752034,1.5168821408669961,1.5281728506088257,291560000,0.0,0.0
2016-08-22 00:00:00-04:00,1.5328371712768851,1.5367644427498819,1.5146738772037849,1.5345553159713745,244748000,0.0,0.0
2016-08-23 00:00:00-04:00,1.5501694872442584,1.557054727900359,1.5425464752290265,1.5469727516174316,339764000,0.002875,0.0
2016-08-24 00:00:00-04:00,1.552382185943769,1.553119839810744,1.515988564964941,1.5231196880340576,298448000,0.0,0.0
2016-08-25 00:00:00-04:00,1.5236125012331303,1.5243501555487649,1.4941042180088455,1.5130386352539062,406032000,0.0,0.0
2016-08-26 00:00:00-04:00,1.5169728568083365,1.5339400754177033,1.5049235672185068,1.5253335237503052,300024000,0.0,0.0
2016-08-29 00:00:00-04:00,1.5314809319652278,1.537628401149097,1.5218907252611866,1.5243496894836426,274652000,0.0,0.0
2016-08-30 00:00:00-04:00,1.522382687461611,1.5304974697577178,1.5113170539204703,1.5154974460601807,285544000,0.0,0.0
2016-08-31 00:00:00-04:00,1.518448081931136,1.5226283562224499,1.5039398297471056,1.5083659887313843,388544000,0.0,0.0
2016-09-01 00:00:00-04:00,1.5095954569260568,1.5585300261387747,1.5083659162648473,1.5528743267059326,428492000,0.0,0.0
2016-09-02 00:00:00-04:00,1.5560712923369153,1.5577926026151452,1.5201695439561582,1.5376285314559937,323148000,0.0,0.0
2016-09-06 00:00:00-04:00,1.5430386950629602,1.552137017250061,1.5351697966474365,1.552137017250061,306812000,0.0,0.0
2016-09-07 00:00:00-04:00,1.54721842000447,1.554841430953941,1.5204151152310663,1.5292675495147705,397988000,0.0,0.0
2016-09-08 00:00:00-04:00,1.527791977757859,1.5427921135515863,1.5103329955314435,1.5403330326080322,315808000,0.0,0.0
2016-09-09 00:00:00-04:00,1.5233664095228632,1.5319729616469342,1.4508251351757535,1.4636120796203613,697760000,0.0,0.0
2016-09-12 00:00:00-04:00,1.444185285062499,1.496808353302352,1.4095129691564934,1.493857502937317,598260000,0.0,0.0
2016-09-13 00:00:00-04:00,1.4901692671031017,1.5073824858302758,1.4638577282424388,1.47221839427948,471768000,0.0,0.0
2016-09-14 00:00:00-04:00,1.475660744826108,1.490168994703309,1.4633656913446023,1.4852509498596191,319048000,0.0,0.0
2016-09-15 00:00:00-04:00,1.4877101815590452,1.5432841056458624,1.4842674442899462,1.541562795639038,515212000,0.0,0.0
2016-09-16 00:00:00-04:00,1.5469727989022468,1.5553334652767015,1.5275464998462776,1.545251488685608,902444000,0.0,0.0
2016-09-19 00:00:00-04:00,1.5614810385799012,1.6047599128431072,1.5543499130659728,1.5656614303588867,417128000,0.0,0.0
2016-09-20 00:00:00-04:00,1.5836121110869488,1.5836121110869488,1.5427923233671221,1.5513988733291626,331112000,0.0,0.0
2016-09-21 00:00:00-04:00,1.5560716042128913,1.5978750632148853,1.5558257194460725,1.5949242115020752,336212000,0.0,0.0
2016-09-22 00:00:00-04:00,1.604268050310799,1.6091860959241888,1.5897597981629814,1.598858118057251,308732000,0.0,0.0
2016-09-23 00:00:00-04:00,1.6008253579013962,1.6054974013562446,1.5900056111377836,1.5971367359161377,276132000,0.0,0.0
2016-09-26 00:00:00-04:00,1.5789400147829222,1.5885302210979126,1.5622186835310972,1.5821367502212524,230040000,0.0,0.0
2016-09-27 00:00:00-04:00,1.5759889212832783,1.6386940797023888,1.5752512673367238,1.636234998703003,402752000,0.0,0.0
2016-09-28 00:00:00-04:00,1.6386947871754578,1.643366949287053,1.6212356797595988,1.6421374082565308,319788000,0.0,0.0
2016-09-29 00:00:00-04:00,1.639432209906476,1.6625471324449672,1.624186301949806,1.6573830842971802,336684000,0.0,0.0
2016-09-30 00:00:00-04:00,1.6664814842173918,1.7013996933159405,1.6566453920991604,1.6849242448806763,429932000,0.0,0.0
2016-10-03 00:00:00-04:00,1.6849241709681437,1.7092685154811738,1.6802520098286173,1.6832027435302734,242596000,0.0,0.0
2016-10-04 00:00:00-04:00,1.685661516768091,1.7139402458813886,1.6669728756281836,1.679513931274414,281624000,0.0,0.0
2016-10-05 00:00:00-04:00,1.693776464516063,1.7109896821518258,1.6726288574377868,1.6777927875518799,305440000,0.0,0.0
2016-10-06 00:00:00-04:00,1.6576290604002721,1.667956922023707,1.6293502074108468,1.6559077501296997,360212000,0.0,0.0
2016-10-07 00:00:00-04:00,1.6669732372953396,1.6713995138817666,1.6391862714711245,1.6438584327697754,286260000,0.0,0.0
2016-10-10 00:00:00-04:00,1.6524647814897246,1.6613173335778288,1.6345139098868737,1.65000581741333,287876000,0.0,0.0
2016-10-11 00:00:00-04:00,1.64459610929493,1.6470550735307914,1.6136122922326797,1.6261533498764038,388540000,0.0,0.0
2016-10-12 00:00:00-04:00,1.6195141324744329,1.6421371682048094,1.605989534882207,1.633530616760254,419920000,0.0,0.0
2016-10-13 00:00:00-04:00,1.6143500600177654,1.6180385649911426,1.5663990263420247,1.6069729328155518,390116000,0.0,0.0
2016-10-14 00:00:00-04:00,1.6266450944229247,1.6377107264539035,1.6131204981936489,1.6227107048034668,330636000,0.0,0.0
2016-10-17 00:00:00-04:00,1.6224651622002317,1.6377110717594985,1.6111536430899749,1.613366723060608,195328000,0.0,0.0
2016-10-18 00:00:00-04:00,1.635743658795942,1.6473010611138839,1.629104302512347,1.6379567384719849,269372000,0.0,0.0
2016-10-19 00:00:00-04:00,1.6268911983764713,1.642137105677089,1.6185304147138637,1.6345140933990479,199060000,0.0,0.0
2016-10-20 00:00:00-04:00,1.6536941380040224,1.6709073536437657,1.630333454230135,1.6654974222183228,312084000,0.0,0.0
2016-10-21 00:00:00-04:00,1.6595961885819257,1.6637764631041283,1.6450879355965626,1.6608257293701172,279508000,0.0,0.0
2016-10-24 00:00:00-04:00,1.6721371256808584,1.7407438785728757,1.6718911237366476,1.738776683807373,339836000,0.0,0.0
2016-10-25 00:00:00-04:00,1.7358259697455305,1.7778753034764434,1.727465303392065,1.7673014402389526,397460000,0.0,0.0
2016-10-26 00:00:00-04:00,1.7525473965836253,1.7938590784090664,1.7508260862788545,1.7744327783584595,333792000,0.0,0.0
2016-10-27 00:00:00-04:00,1.7879577369864146,1.7914003582908722,1.7309083661809137,1.738039493560791,388664000,0.0,0.0
2016-10-28 00:00:00-04:00,1.746399745977701,1.7729571692192068,1.7318914936221301,1.7350882291793823,290856000,0.0,0.0
2016-10-31 00:00:00-04:00,1.74074408642541,1.7613999270682223,1.7397604302974783,1.7498425245285034,252388000,0.0,0.0
2016-11-01 00:00:00-04:00,1.7562358129797127,1.765826019518417,1.6792682759776176,1.697956919670105,473224000,0.0,0.0
2016-11-02 00:00:00-04:00,1.7109892876185158,1.7341040840880577,1.6878743738935487,1.6908252239227295,295848000,0.0,0.0
2016-11-03 00:00:00-04:00,1.6986946251107489,1.7001700505655815,1.6386944198842397,1.6711535453796387,309664000,0.0,0.0
2016-11-04 00:00:00-04:00,1.6600883282579126,1.6900884970014642,1.6372194038720405,1.661563754081726,328780000,0.0,0.0
2016-11-07 00:00:00-05:00,1.7102523955827216,1.7636132563966327,1.7090228545626533,1.7525476217269897,487580000,0.0,0.0
2016-11-08 00:00:00-05:00,1.7591867300942436,1.7648425476327798,1.7336129605781796,1.7498425245285034,429884000,0.0,0.0
2016-11-09 00:00:00-05:00,1.7023831796152191,1.7434489743336665,1.6898422387677159,1.7203340530395508,456532000,0.0,0.0
2016-11-10 00:00:00-05:00,1.7579574186491336,1.758203303382935,1.6416454971667653,1.666481614112854,869280000,0.0,0.0
2016-11-11 00:00:00-05:00,1.9551709709544856,2.1828766141908655,1.9303347406828184,2.1632044315338135,2175344000,0.0,0.0
2016-11-14 00:00:00-05:00,2.1661548884823256,2.168613969495018,2.0562365937367453,2.0567283630371094,1348796000,0.0,0.0
2016-11-15 00:00:00-05:00,2.0727120375986994,2.150417219703466,2.0638594861598194,2.119433641433716,626092000,0.0,0.0
2016-11-16 00:00:00-05:00,2.147712438335083,2.276073382915659,2.1233680969997093,2.253204584121704,987984000,0.0,0.0
2016-11-17 00:00:00-05:00,2.269926427370767,2.3309102954554772,2.2291065139924275,2.2718937397003174,832988000,0.0,0.0
2016-11-18 00:00:00-05:00,2.2718937489665736,2.3195986694155457,2.257385494695935,2.295746326446533,576060000,0.0,0.0
2016-11-21 00:00:00-05:00,2.3136974263352084,2.3200908989151396,2.2721397373101695,2.2864022254943848,436436000,0.0,0.0
2016-11-22 00:00:00-05:00,2.2942703989841298,2.30509002874976,2.2716473661935153,2.3028769493103027,330368000,0.0,0.0
2016-11-23 00:00:00-05:00,2.308049451978371,2.345728847431037,2.2846538993540704,2.31420636177063,443236000,0.0035,0.0
2016-11-25 00:00:00-05:00,2.3252876538888483,2.3420340192136915,2.300414123848623,2.3188846111297607,195564000,0.0,0.0
2016-11-28 00:00:00-05:00,2.3117426421564446,2.333168162679376,2.305093229302157,2.317653179168701,278736000,0.0,0.0
2016-11-29 00:00:00-05:00,2.314944954470628,2.3257810215327415,2.278743312072731,2.2964746952056885,444568000,0.0,0.0
2016-11-30 00:00:00-05:00,2.3050940463084513,2.3188853825125157,2.2681535291818284,2.270616292953491,440500000,0.0,0.0
2016-12-01 00:00:00-05:00,2.268153630233856,2.269877517978408,2.087637218273525,2.1583168506622314,1035524000,0.0,0.0
2016-12-02 00:00:00-05:00,2.1240840629651454,2.18688309822755,2.0962555040254545,2.1782636642456055,478292000,0.0,0.0
2016-12-05 00:00:00-05:00,2.216189934070079,2.280712878264632,2.1918091403588953,2.26273512840271,602284000,0.0,0.0
2016-12-06 00:00:00-05:00,2.2708613333073244,2.308294573026041,2.255099981576389,2.2999212741851807,498796000,0.0,0.0
2016-12-07 00:00:00-05:00,2.2863767555229972,2.3469591704545536,2.268152639567463,2.341295003890991,480804000,0.0,0.0
2016-12-08 00:00:00-05:00,2.3442507353453412,2.3794673579479024,2.2915488691474986,2.302138328552246,381544000,0.0,0.0
2016-12-09 00:00:00-05:00,2.319869810880278,2.3215936981146554,2.233921349697448,2.2612574100494385,382312000,0.0,0.0
2016-12-12 00:00:00-05:00,2.212742164729858,2.2152049281076334,2.1558536459306885,2.206339120864868,601332000,0.0,0.0
2016-12-13 00:00:00-05:00,2.2186518562574333,2.2728314555834204,2.217666845227019,2.245249032974243,387796000,0.0,0.0
2016-12-14 00:00:00-05:00,2.2789886068717045,2.3915344784029813,2.2551003228875866,2.3752806186676025,983980000,0.0,0.0
2016-12-15 00:00:00-05:00,2.386361900493609,2.461228369873679,2.3789738485960257,2.4309370517730713,746548000,0.0,0.0
2016-12-16 00:00:00-05:00,2.458520467611613,2.479945993238574,2.4068036087272766,2.472804307937622,1089528000,0.0,0.0
2016-12-19 00:00:00-05:00,2.4553188972959252,2.523043244541883,2.438079788922998,2.5028491020202637,744656000,0.0,0.0
2016-12-20 00:00:00-05:00,2.5754987890943917,2.6136706783263457,2.564170219564626,2.590028762817383,848056000,0.0,0.0
2016-12-21 00:00:00-05:00,2.6016033168594275,2.6092377412354506,2.554073118339227,2.6062824726104736,576136000,0.0,0.0
2016-12-22 00:00:00-05:00,2.630663780148239,2.6811492572253806,2.623521859994354,2.637805700302124,718612000,0.0,0.0
2016-12-23 00:00:00-05:00,2.619827100367243,2.705036911920189,2.617118202089223,2.703559160232544,647692000,0.0,0.0
2016-12-27 00:00:00-05:00,2.7597092747182828,2.890232667174002,2.739022393269251,2.8892476558685303,1194272000,0.0,0.0
2016-12-28 00:00:00-05:00,2.9453967627816375,2.9535236917440275,2.6767156014586853,2.69050669670105,2295764000,0.0,0.0
2016-12-29 00:00:00-05:00,2.5833790864422386,2.74567154402197,2.5316622400611126,2.7441937923431396,2175368000,0.0,0.0
2016-12-30 00:00:00-05:00,2.742223495276858,2.7562609605098585,2.617856800128936,2.628692626953125,1212932000,0.0,0.0
2017-01-03 00:00:00-05:00,2.5710653184743952,2.619580757433368,2.4474374957681997,2.512206792831421,1501996000,0.0,0.0
2017-01-04 00:00:00-05:00,2.5464390612105765,2.598155917313265,2.5003863729301443,2.570819854736328,1199220000,0.0,0.0
2017-01-05 00:00:00-05:00,2.5742676077678412,2.606036456222518,2.488565275730568,2.5055580139160156,984296000,0.0,0.0
2017-01-06 00:00:00-05:00,2.5328943852451693,2.5673723715160026,2.4922597247547893,2.5390512943267822,822856000,0.0,0.0
2017-01-09 00:00:00-05:00,2.5489012449500774,2.659722987151823,2.5489012449500774,2.641991376876831,916248000,0.0,0.0
2017-01-10 00:00:00-05:00,2.655044798200247,2.6890300446379642,2.601357677109476,2.622044563293457,880920000,0.0,0.0
2017-01-11 00:00:00-05:00,2.6104688780236196,2.6153941686955364,2.5649087062829707,2.5897819995880127,525664000,0.0,0.0
2017-01-12 00:00:00-05:00,2.5668788589921907,2.578453561691365,2.502602068618077,2.5474233627319336,625616000,0.0,0.0
2017-01-13 00:00:00-05:00,2.551364684842676,2.585842671682116,2.538066089813966,2.547178268432617,457820000,0.0,0.0
2017-01-17 00:00:00-05:00,2.536588116545451,2.5415134081445223,2.4767443322428515,2.4900429248809814,580612000,0.0,0.0
2017-01-18 00:00:00-05:00,2.4686167294781853,2.5422515920481357,2.44078817016199,2.535356044769287,654424000,0.0,0.0
2017-01-19 00:00:00-05:00,2.53831152601346,2.6217972109724172,2.5360951334679984,2.5897819995880127,644872000,0.0,0.0
2017-01-20 00:00:00-05:00,2.6124394269386557,2.6301710406004912,2.5395434192943043,2.5614614486694336,492024000,0.0,0.0
2017-01-23 00:00:00-05:00,2.5562896261092978,2.608006477080313,2.553826863000674,2.5880584716796875,369904000,0.0,0.0
2017-01-24 00:00:00-05:00,2.5981549074949637,2.6493792379902303,2.5833785679821184,2.6432223320007324,428052000,0.0,0.0
2017-01-25 00:00:00-05:00,2.685581956244005,2.691738864749506,2.6185964827108714,2.6545519828796387,522760000,0.0,0.0
2017-01-26 00:00:00-05:00,2.657260500070248,2.707745968254435,2.627708048074285,2.7003579139709473,458800000,0.0,0.0
2017-01-27 00:00:00-05:00,2.7072532497053436,2.755522321294567,2.6806560684869125,2.7525670528411865,471996000,0.0,0.0
2017-01-30 00:00:00-05:00,2.731633952078234,2.733850344632813,2.6575065774391713,2.7094695568084717,496004000,0.0,0.0
2017-01-31 00:00:00-05:00,2.683119239672819,2.710208930612465,2.6646487503127574,2.6887834072113037,362756000,0.0,0.0
2017-02-01 00:00:00-05:00,2.723261194231866,2.81044104103976,2.7055298154065133,2.8062546253204346,590004000,0.0,0.0
2017-02-02 00:00:00-05:00,2.7902462935021592,2.850336435921291,2.7597088341494733,2.841716766357422,483240000,0.0,0.0
2017-02-03 00:00:00-05:00,2.843195035853046,2.8542772353061814,2.80502314599337,2.8168439865112305,372744000,0.0,0.0
2017-02-06 00:00:00-05:00,2.8074854609093562,2.8894936366841275,2.8074854609093562,2.8890011310577393,506768000,0.0,0.0
2017-02-07 00:00:00-05:00,2.9232327005691077,2.9779048170495623,2.9035310665947818,2.9338223934173584,746224000,0.0,0.0
2017-02-08 00:00:00-05:00,2.9158443171401314,2.9382548469240493,2.866097497342175,2.921015977859497,449580000,0.0,0.0
2017-02-09 00:00:00-05:00,2.927173332115989,2.9320988586324153,2.8468892697117103,2.866098165512085,842568000,0.0,0.0
2017-02-10 00:00:00-05:00,2.9535245987689605,2.9724873605506597,2.7730082192546597,2.7981278896331787,1651092000,0.0,0.0
2017-02-13 00:00:00-05:00,2.7924626637450363,2.806992634944328,2.6646481912344866,2.669081211090088,1180724000,0.0,0.0
2017-02-14 00:00:00-05:00,2.659476928820649,2.7126715310220897,2.6176108958782422,2.6789324283599854,850632000,0.0,0.0
2017-02-15 00:00:00-05:00,2.6818874857072217,2.704051647110392,2.6538125524564116,2.68435001373291,373020000,0.0,0.0
2017-02-16 00:00:00-05:00,2.693955098388103,2.6951864800163072,2.602096095709946,2.6412532329559326,647176000,0.0,0.0
2017-02-17 00:00:00-05:00,2.6277079623547044,2.6451932036494408,2.580670270028049,2.6407601833343506,563740000,0.0,0.0
2017-02-21 00:00:00-05:00,2.665387699782976,2.7392689546752673,2.665141329508407,2.7353286743164062,551952000,0.0,0.0
2017-02-22 00:00:00-05:00,2.7474114142463324,2.7567815385810897,2.7121501073742804,2.7311370372772217,433772000,0.0035,0.0
2017-02-23 00:00:00-05:00,2.601435085381757,2.6233807785997483,2.4579246951688773,2.4778976440429688,1592888000,0.0,0.0
2017-02-24 00:00:00-05:00,2.3935662607985138,2.5151309323258646,2.359784578911242,2.5018155574798584,1029904000,0.0,0.0
2017-02-27 00:00:00-05:00,2.5200626319398034,2.5895985033101687,2.504281386237114,2.574557065963745,715400000,0.0,0.0
2017-02-28 00:00:00-05:00,2.5841731051330195,2.5940365874423326,2.485047506539707,2.5023081302642822,625360000,0.0,0.0
2017-03-01 00:00:00-05:00,2.5592697147019243,2.573571583138119,2.4931859489713415,2.534611701965332,504804000,0.0,0.0
2017-03-02 00:00:00-05:00,2.5217889243301634,2.535844108587207,2.438444308405568,2.4411566257476807,754332000,0.0,0.0
2017-03-03 00:00:00-05:00,2.4305530214919338,2.435484527362077,2.372606240198854,2.427100896835327,864692000,0.0,0.0
2017-03-06 00:00:00-05:00,2.390853651514068,2.4189640145087794,2.346715598490826,2.4083609580993652,883568000,0.0,0.0
2017-03-07 00:00:00-05:00,2.408361479155017,2.4542256046450603,2.39553923029471,2.4347455501556396,603400000,0.0,0.0
2017-03-08 00:00:00-05:00,2.483076013804045,2.4978710095620866,2.428088436150157,2.430307626724243,638712000,0.0,0.0
2017-03-09 00:00:00-05:00,2.4142788229572787,2.4522521968633577,2.401703023540947,2.4298133850097656,478060000,0.0,0.0
2017-03-10 00:00:00-05:00,2.4561983141429136,2.4680340731990014,2.425868755337029,2.44411563873291,499740000,0.0,0.0
2017-03-13 00:00:00-04:00,2.4544716360949597,2.521295180103309,2.4537318278523594,2.511431932449341,774136000,0.0,0.0
2017-03-14 00:00:00-04:00,2.5242545689540004,2.5336244557921654,2.477403958971125,2.5097062587738037,522016000,0.0,0.0
2017-03-15 00:00:00-04:00,2.5212960580495527,2.5395429432260777,2.4737056305102527,2.528693437576294,615036000,0.0,0.0
2017-03-16 00:00:00-04:00,2.539295930089379,2.560255363366531,2.525240747516456,2.5597620010375977,523100000,0.0,0.0
2017-03-17 00:00:00-04:00,2.577268954521217,2.616722179797026,2.559761649003889,2.6154892444610596,1119688000,0.0,0.0
2017-03-20 00:00:00-04:00,2.6329971129545777,2.7027796688139567,2.616969185318364,2.698834180831909,748568000,0.0,0.0
2017-03-21 00:00:00-04:00,2.6815731195434536,2.711409544821465,2.603653389441553,2.611543893814087,913484000,0.0,0.0
2017-03-22 00:00:00-04:00,2.600448436970092,2.6694914277340547,2.5965031836814667,2.664806365966797,616764000,0.0,0.0
2017-03-23 00:00:00-04:00,2.6569158277075324,2.676889012051088,2.631024880557058,2.640641450881958,533940000,0.0,0.0
2017-03-24 00:00:00-04:00,2.6869986669194272,2.6948891732848392,2.6241203565681026,2.6500113010406494,439500000,0.0,0.0
2017-03-27 00:00:00-04:00,2.60340698987769,2.6731895420111713,2.5540907443194434,2.6692442893981934,506644000,0.0,0.0
2017-03-28 00:00:00-04:00,2.670477957190932,2.685026271256719,2.6450801366748617,2.6554365158081055,432444000,0.0,0.0
2017-03-29 00:00:00-04:00,2.662833216755274,2.675162337170746,2.6445863348861156,2.64680552482605,349992000,0.0,0.0
2017-03-30 00:00:00-04:00,2.653957088299715,2.7123970299756235,2.64828577101089,2.6976020336151123,525532000,0.0,0.0
2017-03-31 00:00:00-04:00,2.6879850123036766,2.709684258279853,2.672943572364645,2.6860122680664062,440808000,0.0,0.0
2017-04-03 00:00:00-04:00,2.6865057283615905,2.70376635922231,2.648778551374155,2.672450542449951,445232000,0.0,0.0
2017-04-04 00:00:00-04:00,2.549653154918686,2.5748045302557765,2.4741992640658954,2.485048770904541,1271280000,0.0,0.0
2017-04-05 00:00:00-04:00,2.4663079605331286,2.5242547596173197,2.4534857121123093,2.466554641723633,747048000,0.0,0.0
2017-04-06 00:00:00-04:00,2.47173275798155,2.4966374456814533,2.4266082086384113,2.4845550060272217,635120000,0.0,0.0
2017-04-07 00:00:00-04:00,2.490966957940547,2.5084742730199876,2.458911327172452,2.4739527702331543,429068000,0.0,0.0
2017-04-10 00:00:00-04:00,2.4746922074031827,2.481349778664232,2.406635701947832,2.41082763671875,756332000,0.0,0.0
2017-04-11 00:00:00-04:00,2.3807433076890443,2.438690086132419,2.3758118020614227,2.419456720352173,618148000,0.0,0.0
2017-04-12 00:00:00-04:00,2.4194575769823246,2.433759207040223,2.3943062074171944,2.399484395980835,414092000,0.0,0.0
2017-04-13 00:00:00-04:00,2.3753191376947957,2.397018142936356,2.3546061515808105,2.3546061515808105,506892000,0.0,0.0
2017-04-17 00:00:00-04:00,2.367429457642381,2.4470752882656965,2.3622512675856164,2.446828842163086,497292000,0.0,0.0
2017-04-18 00:00:00-04:00,2.432526504217974,2.454472431364373,2.406635558921817,2.448307752609253,370116000,0.0,0.0
2017-04-19 00:00:00-04:00,2.4658148719992696,2.4899797523938854,2.451266560491939,2.4579243659973145,380828000,0.0,0.0
2017-04-20 00:00:00-04:00,2.472472783374026,2.501569407634582,2.4512666654532906,2.496884346008301,404016000,0.0,0.0
2017-04-21 00:00:00-04:00,2.4865277811774766,2.5099530897618694,2.4746920214388726,2.5072407722473145,341896000,0.0,0.0
2017-04-24 00:00:00-04:00,2.538802306500112,2.5516245522480103,2.5178431105382093,2.538555860519409,371820000,0.0,0.0
2017-04-25 00:00:00-04:00,2.553105251167051,2.597243321738379,2.5316526838320663,2.5826950073242188,388440000,0.0,0.0
2017-04-26 00:00:00-04:00,2.5962565035848,2.598722139693893,2.5629679469485613,2.5649406909942627,327004000,0.0,0.0
2017-04-27 00:00:00-04:00,2.572338022619069,2.6132704031829403,2.5543375859803685,2.604886770248413,319700000,0.0,0.0
2017-04-28 00:00:00-04:00,2.597981475582535,2.604885724105847,2.5661723139679955,2.5718438625335693,348248000,0.0,0.0
2017-05-01 00:00:00-04:00,2.582695294952314,2.6347241140549547,2.575544359991445,2.6295456886291504,307732000,0.0,0.0
2017-05-02 00:00:00-04:00,2.6026675595862154,2.6039004951876685,2.5289395156332364,2.5516250133514404,629972000,0.0,0.0
2017-05-03 00:00:00-04:00,2.5447214843292283,2.580229240189917,2.529926723229726,2.570612668991089,336904000,0.0,0.0
2017-05-04 00:00:00-04:00,2.57677650882571,2.5878726946253305,2.552858074331348,2.560748815536499,209788000,0.0,0.0
2017-05-05 00:00:00-04:00,2.5491593435964406,2.5681460342592035,2.5336245433503075,2.560995101928711,228428000,0.0,0.0
2017-05-08 00:00:00-04:00,2.572831369336499,2.574310751101129,2.522775308010658,2.534118175506592,365240000,0.0,0.0
2017-05-09 00:00:00-04:00,2.539788952317475,2.587379132104084,2.531405085289669,2.538309335708618,847672000,0.0,0.0
2017-05-10 00:00:00-04:00,2.8181797966035838,3.003855720682018,2.81152222624754,2.9907867908477783,2129096000,0.0,0.0
2017-05-11 00:00:00-04:00,2.9602108410428185,3.2161624561944837,2.9567587152033683,3.119255781173706,1939792000,0.0,0.0
2017-05-12 00:00:00-04:00,3.122461701160371,3.1956963930201114,3.1015022633121214,3.1535308361053467,962620000,0.0,0.0
2017-05-15 00:00:00-04:00,3.1947106250065205,3.3143025914373245,3.190272008510929,3.3118367195129395,1087540000,0.0,0.0
2017-05-16 00:00:00-04:00,3.362878215121293,3.3890160748119182,3.288410829692858,3.373481273651123,1120700000,0.0,0.0
2017-05-17 00:00:00-04:00,3.3066573405110673,3.3253975841439227,3.1451465500780644,3.149338483810425,1271368000,0.0,0.0
2017-05-18 00:00:00-04:00,3.1932301007652577,3.290136770472964,3.1328176667286507,3.281259775161743,1156032000,0.0,0.0
2017-05-19 00:00:00-04:00,3.382465452041399,3.411839430875002,3.337787248877533,3.3570408821105957,1018372000,0.0035,0.0
2017-05-22 00:00:00-04:00,3.400731119876833,3.4429408458580184,3.3898699532827425,3.428624153137207,836608000,0.0,0.0
2017-05-23 00:00:00-04:00,3.448371290164133,3.4505928174305334,3.3498816196363177,3.382464647293091,681248000,0.0,0.0
2017-05-24 00:00:00-04:00,3.479473715185126,3.4821891248740173,3.4083834185272717,3.4204788208007812,815996000,0.0,0.0
2017-05-25 00:00:00-04:00,3.4557770962555763,3.456517683949528,3.3679016347049635,3.4128267765045166,608228000,0.0,0.0
2017-05-26 00:00:00-04:00,3.4046810403358685,3.5861092543285427,3.3844401146826244,3.5011959075927734,779140000,0.0,0.0
2017-05-30 00:00:00-04:00,3.547107967974751,3.611039794598919,3.5310633937695473,3.575988531112671,989652000,0.0,0.0
2017-05-31 00:00:00-04:00,3.620913203452091,3.628565313962293,3.5063789576044573,3.563152551651001,887316000,0.0,0.0
2017-06-01 00:00:00-04:00,3.57894904444417,3.5799365726965138,3.517979356172289,3.5633981227874756,503340000,0.0,0.0
2017-06-02 00:00:00-04:00,3.5604369786729664,3.5866021294758617,3.539702410816134,3.545626640319824,487456000,0.0,0.0
2017-06-05 00:00:00-04:00,3.5293348609582322,3.6663315397297005,3.517733343806862,3.6534957885742188,817376000,0.0,0.0
2017-06-06 00:00:00-04:00,3.648806107563134,3.6949654745842344,3.623628485011703,3.636957883834839,758728000,0.0,0.0
2017-06-07 00:00:00-04:00,3.6613952325544936,3.6996555491689525,3.6458443061625814,3.6808955669403076,612612000,0.0,0.0
2017-06-08 00:00:00-04:00,3.788024526071077,3.949458720970966,3.7468020958689103,3.9479777812957764,1161744000,0.0,0.0
2017-06-09 00:00:00-04:00,4.066462041443039,4.159274194376145,3.523657934356882,3.692744255065918,3692928000,0.0,0.0
2017-06-12 00:00:00-04:00,3.6009194438016214,3.7445809653833573,3.5078603486110578,3.7018773555755615,1697532000,0.0,0.0
2017-06-13 00:00:00-04:00,3.8112278717575587,3.8203611577511185,3.595241830409164,3.737175703048706,1672504000,0.0,0.0
2017-06-14 00:00:00-04:00,3.740138047299247,3.8028356418674316,3.6655919920164597,3.74507474899292,1184640000,0.0,0.0
2017-06-15 00:00:00-04:00,3.627577500269062,3.791479911721274,3.616222688926653,3.7611186504364014,963824000,0.0,0.0
2017-06-16 00:00:00-04:00,3.770744937580154,3.818632174905797,3.7085410114054387,3.742604970932007,924960000,0.0,0.0
2017-06-19 00:00:00-04:00,3.786790463205212,3.888489191828269,3.7830879961467754,3.883305549621582,778176000,0.0,0.0
2017-06-20 00:00:00-04:00,3.925515338191267,3.992409276782975,3.8734319742905727,3.8776280879974365,1095444000,0.0,0.0
2017-06-21 00:00:00-04:00,3.905274005920417,3.9400785585353675,3.843316775121516,3.936375856399536,682652000,0.0,0.0
2017-06-22 00:00:00-04:00,3.9445222381034273,3.9578518737431545,3.885280406974886,3.909224033355713,469132000,0.0,0.0
2017-06-23 00:00:00-04:00,3.91687589162527,3.932673759321234,3.782100487329326,3.7971580028533936,1088588000,0.0,0.0
2017-06-26 00:00:00-04:00,3.8299872891963807,3.8655324285048196,3.661394877298636,3.755688190460205,1063960000,0.0,0.0
2017-06-27 00:00:00-04:00,3.7381627432807427,3.7468021466850656,3.612520629330547,3.6181979179382324,999492000,0.0,0.0
2017-06-28 00:00:00-04:00,3.6858323884445774,3.7505047956732276,3.5977100041620442,3.745814800262451,994948000,0.0,0.0
2017-06-29 00:00:00-04:00,3.717427806412767,3.7203896855095557,3.5564872718507288,3.620666027069092,1064424000,0.0,0.0
2017-06-30 00:00:00-04:00,3.6379451177454887,3.651521457332143,3.542170859321787,3.568336009979248,731060000,0.0,0.0
2017-07-03 00:00:00-04:00,3.5804311027583275,3.5952414407324116,3.4207247928524276,3.4392378330230713,709072000,0.0,0.0
2017-07-05 00:00:00-04:00,3.5026764023333614,3.559943645366726,3.483669713458803,3.5310633182525635,820188000,0.0,0.0
2017-07-06 00:00:00-04:00,3.5019366860403593,3.5885779185218563,3.449853075969632,3.541677951812744,746284000,0.0,0.0
2017-07-07 00:00:00-04:00,3.598450993110566,3.6409076621196017,3.575494660053965,3.6226413249969482,654972000,0.0,0.0
2017-07-10 00:00:00-04:00,3.696199572326098,3.8013538193428444,3.670034422208088,3.7939486503601074,958492000,0.0,0.0
2017-07-11 00:00:00-04:00,3.797652132384812,3.85541302728568,3.7556891071889256,3.8477609157562256,757956000,0.0,0.0
2017-07-12 00:00:00-04:00,3.907496865338356,4.023512080278035,3.864546541705107,4.011416912078857,1145208000,0.0,0.0
2017-07-13 00:00:00-04:00,4.023511652542633,4.1049692353964184,3.9186043235443035,3.965010404586792,1369132000,0.0,0.0
2017-07-14 00:00:00-04:00,3.9813006476902344,4.073125487098461,3.974389125950481,4.0716447830200195,941948000,0.0,0.0
2017-07-17 00:00:00-04:00,4.105708638486622,4.134589195696882,3.992655348415274,4.054365634918213,930792000,0.0,0.0
2017-07-18 00:00:00-04:00,3.9933977094697055,4.111141282197477,3.981549246335955,4.0965776443481445,776640000,0.0,0.0
2017-07-19 00:00:00-04:00,4.105708685234267,4.132120774787683,4.063252259992133,4.075347423553467,687044000,0.0,0.0
2017-07-20 00:00:00-04:00,4.095836181762635,4.13483685453478,4.045974341635557,4.134590148925781,699596000,0.0,0.0
2017-07-21 00:00:00-04:00,4.114102031003843,4.179021383909583,4.099785102754026,4.149400234222412,648332000,0.0,0.0
2017-07-24 00:00:00-04:00,4.1565600078999,4.166186707481406,4.090653344774889,4.101267337799072,652524000,0.0,0.0
2017-07-25 00:00:00-04:00,4.07830911790055,4.095835098561295,4.037827280555946,4.081518173217773,496556000,0.0,0.0
2017-07-26 00:00:00-04:00,4.139032253341611,4.194571605405604,4.093860184221281,4.128664970397949,640404000,0.0,0.0
2017-07-27 00:00:00-04:00,4.153596491167867,4.165198245191339,3.8892295604761475,3.9924092292785645,782856000,0.0,0.0
2017-07-28 00:00:00-04:00,3.956615514759908,4.08225781686226,3.931684842459608,4.0578203201293945,513348000,0.0,0.0
2017-07-31 00:00:00-04:00,4.07139934177569,4.107438140723695,3.964764120453458,4.011416912078857,559672000,0.0,0.0
2017-08-01 00:00:00-04:00,4.002036274297123,4.062018694339238,3.974143474396219,4.060290813446045,431384000,0.0,0.0
2017-08-02 00:00:00-04:00,4.091391098802744,4.095340269838199,3.9808063060060563,4.0578203201293945,478444000,0.0,0.0
2017-08-03 00:00:00-04:00,4.057328594435505,4.11311466038496,4.040296492537545,4.10941219329834,442420000,0.0,0.0
2017-08-04 00:00:00-04:00,4.132121630081853,4.1980282794236645,4.109412473212524,4.127431869506836,589096000,0.0,0.0
2017-08-07 00:00:00-04:00,4.15655913132866,4.254801634935487,4.146931962965091,4.254308223724365,717412000,0.0,0.0
2017-08-08 00:00:00-04:00,4.29232110663528,4.3088593257287275,4.164457466711079,4.203705310821533,755336000,0.0,0.0
2017-08-09 00:00:00-04:00,4.157546896455502,4.250852944480468,4.138786910434629,4.248384475708008,530784000,0.0,0.0
2017-08-10 00:00:00-04:00,4.249617379005804,4.261959719685869,4.056340984996345,4.066461563110352,1328088000,0.0,0.0
2017-08-11 00:00:00-04:00,3.878863009394681,3.9247754459620343,3.774449322096812,3.849735736846924,1497196000,0.0,0.0
2017-08-14 00:00:00-04:00,3.941313129034538,4.160507982335129,3.9297116105058465,4.156805515289307,1279020000,0.0,0.0
2017-08-15 00:00:00-04:00,4.16198930970338,4.1881542271919665,4.08744325920215,4.121754169464111,764532000,0.0,0.0
2017-08-16 00:00:00-04:00,4.136812513656435,4.160262261852931,4.044247049094893,4.076582908630371,596632000,0.0,0.0
2017-08-17 00:00:00-04:00,4.0681885961934565,4.085220222403059,3.983521992934326,3.985743284225464,525444000,0.0,0.0
2017-08-18 00:00:00-04:00,4.040049053466848,4.057081152272587,3.940571869463191,3.9864842891693115,601204000,0.0,0.0
2017-08-21 00:00:00-04:00,4.010922141258779,4.022276717848377,3.8845394467230907,3.9284770488739014,623672000,0.0,0.0
2017-08-22 00:00:00-04:00,3.9650424698054114,4.021865821113382,3.9457718866526093,4.015936374664307,450456000,0.0035,0.0
2017-08-23 00:00:00-04:00,3.9825847337726494,4.1073491161256666,3.973937249473138,4.096231460571289,579520000,0.0,0.0
2017-08-24 00:00:00-04:00,4.128347766638082,4.132795204652275,4.054724713764202,4.081159591674805,469700000,0.0,0.0
2017-08-25 00:00:00-04:00,4.105371560526674,4.115501050298603,4.040641972090164,4.047065734863281,357200000,0.0,0.0
2017-08-28 00:00:00-04:00,4.066089428172265,4.07893648334564,4.010501163361822,4.0757246017456055,389496000,0.0,0.0
2017-08-29 00:00:00-04:00,4.016924664146684,4.0907951087611325,4.008771499267955,4.069053649902344,324096000,0.0,0.0
2017-08-30 00:00:00-04:00,4.088817619488338,4.104382706961231,4.058429626516147,4.093265056610107,384400000,0.0,0.0
2017-08-31 00:00:00-04:00,4.1135247200853335,4.190112737838081,4.106113265248257,4.186160087585449,612684000,0.0,0.0
2017-09-01 00:00:00-04:00,4.198758889491126,4.246935215567035,4.190111409544542,4.211358547210693,445432000,0.0,0.0
2017-09-05 00:00:00-04:00,4.159970427239001,4.1649117098183,4.040888627173747,4.098947048187256,695364000,0.0,0.0
2017-09-06 00:00:00-04:00,4.131807745333605,4.145642964905413,4.0616430135964405,4.09647798538208,397672000,0.0,0.0
2017-09-07 00:00:00-04:00,4.113277208102748,4.147865248993115,4.075230363123344,4.1155009269714355,352868000,0.0,0.0
2017-09-08 00:00:00-04:00,4.103888098373841,4.118711474045685,4.019888184189037,4.044099807739258,498856000,0.0,0.0
2017-09-11 00:00:00-04:00,4.089807206158495,4.185912961350715,4.084371605485076,4.175289154052734,567444000,0.0,0.0
2017-09-12 00:00:00-04:00,4.199994765221594,4.199994765221594,4.125136159398264,4.190359592437744,411488000,0.0,0.0
2017-09-13 00:00:00-04:00,4.165157360064735,4.238039606549582,4.132793052879362,4.209134101867676,580960000,0.0,0.0
2017-09-14 00:00:00-04:00,4.170100830350117,4.263242095381917,4.145642277300084,4.185171604156494,513712000,0.0,0.0
2017-09-15 00:00:00-04:00,4.2706538637110505,4.449771404266357,4.265465656850613,4.449771404266357,1364792000,0.0,0.0
2017-09-18 00:00:00-04:00,4.574041677651797,4.723759371486783,4.567124068866998,4.633582592010498,1684460000,0.0,0.0
2017-09-19 00:00:00-04:00,4.583181888810169,4.6904052700763845,4.561193511257797,4.628640651702881,874280000,0.0,0.0
2017-09-20 00:00:00-04:00,4.632347100099268,4.679782194921176,4.5510647327853,4.591335296630859,724920000,0.0,0.0
2017-09-21 00:00:00-04:00,4.48757035768881,4.513758780366745,4.388005815164736,4.465829372406006,1075600000,0.0,0.0
2017-09-22 00:00:00-04:00,4.454464457467965,4.504123263537257,4.412464498023753,4.422346591949463,491232000,0.0,0.0
2017-09-25 00:00:00-04:00,4.3914647501691135,4.392700306558007,4.203947627340066,4.224700450897217,874580000,0.0,0.0
2017-09-26 00:00:00-04:00,4.359347447608947,4.414441388843439,4.208641608289688,4.248417854309082,1125620000,0.0,0.0
2017-09-27 00:00:00-04:00,4.338840892432985,4.3548998248318265,4.267934949858787,4.341558456420898,713720000,0.0,0.0
2017-09-28 00:00:00-04:00,4.34872401856864,4.352677139724702,4.292888832889708,4.340324401855469,435244000,0.0,0.0
2017-09-29 00:00:00-04:00,4.424322969436162,4.440381429450588,4.379111133469142,4.416664123535156,619092000,0.0,0.0
2017-10-02 00:00:00-04:00,4.466817192681763,4.495970100163902,4.372935179867629,4.422346591949463,503480000,0.0,0.0
2017-10-03 00:00:00-04:00,4.428523078993048,4.461382184906847,4.387264357945185,4.431488037109375,390332000,0.0,0.0
2017-10-04 00:00:00-04:00,4.437665029765094,4.490782648304624,4.401100192283727,4.468547344207764,427848000,0.0,0.0
2017-10-05 00:00:00-04:00,4.493006996198112,4.496465800820647,4.436183171536309,4.4660773277282715,437364000,0.0,0.0
2017-10-06 00:00:00-04:00,4.438405443143343,4.492511214046225,4.42234651067921,4.479169845581055,318800000,0.0,0.0
2017-10-09 00:00:00-04:00,4.515982565904388,4.6133238725555215,4.497206065421157,4.5802178382873535,563492000,0.0,0.0
2017-10-10 00:00:00-04:00,4.729442044019681,4.766995051620681,4.6264186671965195,4.667677402496338,974876000,0.0,0.0
2017-10-11 00:00:00-04:00,4.684230138054386,4.7188186573807105,4.638277512897437,4.717336177825928,529508000,0.0,0.0
2017-10-12 00:00:00-04:00,4.720793800988939,4.770452612602905,4.6923821298435735,4.7195587158203125,528292000,0.0,0.0
2017-10-13 00:00:00-04:00,4.781816748376553,4.81764034092914,4.734875976645561,4.807510852813721,628728000,0.0,0.0
2017-10-16 00:00:00-04:00,4.837405652528424,4.892993912047512,4.774158545198851,4.890028953552246,576640000,0.0,0.0
2017-10-17 00:00:00-04:00,4.869275636981475,4.913993162877345,4.85099345593926,4.8855814933776855,478596000,0.0,0.0
2017-10-18 00:00:00-04:00,4.894475480390317,4.895216248649555,4.7761344523907425,4.881381034851074,567316000,0.0,0.0
2017-10-19 00:00:00-04:00,4.803805218585961,4.891757789997568,4.7546407273400355,4.88681697845459,570772000,0.0,0.0
2017-10-20 00:00:00-04:00,4.90386398111849,4.9310400933826175,4.8556871818684755,4.86458158493042,451620000,0.0,0.0
2017-10-23 00:00:00-04:00,4.886323659659775,4.912759009527121,4.837406081193506,4.857665061950684,428696000,0.0,0.0
2017-10-24 00:00:00-04:00,4.866805326913275,4.910287770672528,4.840864297068282,4.908558368682861,407244000,0.0,0.0
2017-10-25 00:00:00-04:00,4.869029179432835,4.921899874191827,4.723017697464773,4.784534931182861,828160000,0.0,0.0
2017-10-26 00:00:00-04:00,4.812205484960618,4.846299206401788,4.788240780981238,4.83468770980835,322744000,0.0,0.0
2017-10-27 00:00:00-04:00,4.886817229063083,4.987369935325871,4.8608757288054605,4.987123012542725,572192000,0.0,0.0
2017-10-30 00:00:00-04:00,4.987122737802117,5.091628087744789,4.9713107272448065,5.036040306091309,504056000,0.0,0.0
2017-10-31 00:00:00-04:00,5.067911313130441,5.136099231620547,5.062228790245137,5.109416961669922,411908000,0.0,0.0
2017-11-01 00:00:00-04:00,5.1721695483095855,5.187487243115151,5.054816666955568,5.119051933288574,502576000,0.0,0.0
2017-11-02 00:00:00-04:00,5.08940505222189,5.134122579156999,5.031346155549523,5.0879225730896,342308000,0.0,0.0
2017-11-03 00:00:00-04:00,5.119051530118745,5.155863285064697,5.073098920547906,5.155863285064697,353640000,0.0,0.0
2017-11-06 00:00:00-05:00,5.119051467800381,5.187733694167401,5.106698732455515,5.179086685180664,389944000,0.0,0.0
2017-11-07 00:00:00-05:00,5.2018179672681555,5.259876878668183,5.189712150812514,5.238382339477539,427700000,0.0,0.0
2017-11-08 00:00:00-05:00,5.233933731797108,5.237639929406407,5.1200401351820926,5.16747522354126,522988000,0.0,0.0
2017-11-09 00:00:00-05:00,5.0713700478689105,5.097558000643776,4.950311436723129,5.072605133056641,978564000,0.0,0.0
2017-11-10 00:00:00-05:00,5.2643221183532924,5.402427809479425,5.228498526427653,5.339921951293945,1253256000,0.0,0.0
2017-11-13 00:00:00-05:00,5.339920857415954,5.365367562202646,5.237885701878696,5.253203392028809,582376000,0.0,0.0
2017-11-14 00:00:00-05:00,5.262346225323295,5.3068168337940556,5.218616856490611,5.291499137878418,529292000,0.0,0.0
2017-11-15 00:00:00-05:00,5.236405256732466,5.237640813219607,5.133876215956097,5.187734603881836,501948000,0.0,0.0
2017-11-16 00:00:00-05:00,5.261852684387913,5.291993761130126,5.219111475522284,5.228005409240723,441768000,0.0,0.0
2017-11-17 00:00:00-05:00,5.28507556588273,5.320404845244386,5.206758159608101,5.221828460693359,515664000,0.0,0.0
2017-11-20 00:00:00-05:00,5.2373939812562345,5.301135414239555,5.20058221635257,5.289029598236084,396100000,0.0,0.0
2017-11-21 00:00:00-05:00,5.328805479654759,5.349311382827759,5.296935000996345,5.3376994132995605,399176000,0.0,0.0
2017-11-22 00:00:00-05:00,5.364895147783119,5.364895147783119,5.281083942400697,5.313718318939209,356640000,0.00375,0.0
2017-11-24 00:00:00-05:00,5.330035112382122,5.364894750374522,5.305559096014242,5.363905429840088,180752000,0.0,0.0
2017-11-27 00:00:00-05:00,5.372558401718221,5.3737943449359955,5.29097200272298,5.294186115264893,422896000,0.0,0.0
2017-11-28 00:00:00-05:00,5.299378688817627,5.308773461909633,5.148321036240558,5.209386825561523,512752000,0.0,0.0
2017-11-29 00:00:00-05:00,5.192079419113685,5.194798871110368,4.727781207077854,4.856093883514404,1396788000,0.0,0.0
2017-11-30 00:00:00-05:00,4.924824771993025,5.010860761449722,4.861781289112957,4.962156295776367,823768000,0.0,0.0
2017-12-01 00:00:00-05:00,4.927544197043412,4.947817250986927,4.75843876594354,4.8872456550598145,811548000,0.0,0.0
2017-12-04 00:00:00-05:00,4.945839963810695,4.952021096079405,4.561397397338705,4.6147990226745605,1240844000,0.0,0.0
2017-12-05 00:00:00-05:00,4.509478502911166,4.764125762379137,4.464482805556391,4.6414995193481445,981488000,0.0,0.0
2017-12-06 00:00:00-05:00,4.5910634757106905,4.700833714675682,4.5698015749585235,4.679077625274658,467032000,0.0,0.0
2017-12-07 00:00:00-05:00,4.745829786245209,4.786375893324269,4.700339434507561,4.7465715408325195,542600000,0.0,0.0
2017-12-08 00:00:00-05:00,4.796511738297458,4.815548847726423,4.725804091460977,4.734210014343262,466876000,0.0,0.0
2017-12-11 00:00:00-05:00,4.7483025906836165,4.815549511456508,4.732480063180663,4.812582492828369,372748000,0.0,0.0
2017-12-12 00:00:00-05:00,4.769070817386228,4.792310422395332,4.6946543795457645,4.718141078948975,455016000,0.0,0.0
2017-12-13 00:00:00-05:00,4.759181458743674,4.760417402288073,4.595514900389379,4.602931976318359,554280000,0.0,0.0
2017-12-14 00:00:00-05:00,4.5965006344249915,4.681053545117618,4.563866276940933,4.610098361968994,438164000,0.0,0.0
2017-12-15 00:00:00-05:00,4.654106968531037,4.756213029472064,4.589085329453786,4.735939979553223,670036000,0.0,0.0
2017-12-18 00:00:00-05:00,4.776485532213909,4.895650529067493,4.746818183814195,4.892683982849121,477704000,0.0,0.0
2017-12-19 00:00:00-05:00,4.883291231130757,4.888483042824579,4.820000170102468,4.848431587219238,373100000,0.0,0.0
2017-12-20 00:00:00-05:00,4.887740234357461,4.896887440672191,4.809862604185081,4.865489482879639,288820000,0.0,0.0
2017-12-21 00:00:00-05:00,4.868949444640425,4.893919642191732,4.834584477277875,4.842990398406982,300904000,0.0,0.0
2017-12-22 00:00:00-05:00,4.806154424199499,4.8370581940822435,4.728276792059835,4.827663421630859,466276000,0.0,0.0
2017-12-26 00:00:00-05:00,4.77228340242291,4.88897606197102,4.7423684829636255,4.881311893463135,355080000,0.0,0.0
2017-12-27 00:00:00-05:00,4.86796180193893,4.94386126207819,4.853375219267344,4.874636650085449,329488000,0.0,0.0
2017-12-28 00:00:00-05:00,4.898371200797089,4.929274971482377,4.8741427502079455,4.88032341003418,240248000,0.0,0.0
2017-12-29 00:00:00-05:00,4.906529338415578,4.906529338415578,4.783903121948242,4.783903121948242,279964000,0.0,0.0
2018-01-02 00:00:00-05:00,4.8402718238970985,4.932241850273964,4.808626771034557,4.92853307723999,355616000,0.0,0.0
2018-01-03 00:00:00-05:00,5.0459657192315115,5.283306832968593,5.037312704457372,5.252897262573242,914704000,0.0,0.0
2018-01-04 00:00:00-05:00,5.334236844096128,5.390852561261847,5.258336925821881,5.280587673187256,583268000,0.0,0.0
2018-01-05 00:00:00-05:00,5.295423439853613,5.362669891130359,5.218534649294459,5.325338363647461,580124000,0.0,0.0
2018-01-08 00:00:00-05:00,5.448953341140706,5.56267899650096,5.403957173425836,5.4885101318359375,881216000,0.0,0.0
2018-01-09 00:00:00-05:00,5.493949106317687,5.53350589750984,5.405440750658684,5.487026691436768,497000000,0.0,0.0
2018-01-10 00:00:00-05:00,5.394561871769428,5.533505285884792,5.340171407780598,5.530044078826904,582664000,0.0,0.0
2018-01-11 00:00:00-05:00,5.562678143613948,5.594076571296828,5.51842373734853,5.539933204650879,406032000,0.0,0.0
2018-01-12 00:00:00-05:00,5.528067043934403,5.562432024288863,5.472193064061473,5.5127387046813965,359916000,0.0,0.0
2018-01-16 00:00:00-05:00,5.5391909122510885,5.624732226719882,5.357229531998501,5.441781997680664,702348000,0.0,0.0
2018-01-17 00:00:00-05:00,5.456369932105361,5.565645530782648,5.362422672309141,5.555756568908691,538408000,0.0,0.0
2018-01-18 00:00:00-05:00,5.53647300749461,5.603225276250291,5.5053221373636365,5.548834800720215,408632000,0.0,0.0
2018-01-19 00:00:00-05:00,5.6390711781483285,5.713240017204968,5.612123282941064,5.689011573791504,609380000,0.0,0.0
2018-01-22 00:00:00-05:00,5.696924053294426,5.779251736893939,5.639319478519338,5.777521133422852,550944000,0.0,0.0
2018-01-23 00:00:00-05:00,5.830921901464233,5.929319662269429,5.8123799261992355,5.906574726104736,475228000,0.0,0.0
2018-01-24 00:00:00-05:00,5.9097890593697695,5.945637542592809,5.774059766270133,5.829686641693115,579972000,0.0,0.0
2018-01-25 00:00:00-05:00,5.884077336161995,5.927342895011972,5.828450930082728,5.843284606933594,409884000,0.0,0.0
2018-01-26 00:00:00-05:00,5.8870432077038926,6.016097161431063,5.874187231189654,6.015850067138672,516356000,0.0,0.0
2018-01-29 00:00:00-05:00,6.001264767159597,6.134027521352492,5.948604906857678,6.10287618637085,455116000,0.0,0.0
2018-01-30 00:00:00-05:00,5.960967632085758,6.092246908069302,5.8942153619475075,6.000771522521973,570832000,0.0,0.0
2018-01-31 00:00:00-05:00,6.076174463326391,6.162705098029106,6.043540095637736,6.076916217803955,478576000,0.0,0.0
2018-02-01 00:00:00-05:00,5.896932675059915,6.104111826017726,5.885560206427219,5.9458842277526855,519224000,0.0,0.0
2018-02-02 00:00:00-05:00,5.859354264970945,5.883335617741371,5.71521905402616,5.773317813873291,718464000,0.0,0.0
2018-02-05 00:00:00-05:00,5.612125092729859,5.7661492899389,5.068218525736487,5.283308982849121,1165204000,0.0,0.0
2018-02-06 00:00:00-05:00,5.053384758372647,5.579984807938679,5.043495325321507,5.5770182609558105,1114800000,0.0,0.0
2018-02-07 00:00:00-05:00,5.675910431016301,5.809167386600395,5.604708113856801,5.656626224517822,802932000,0.0,0.0
2018-02-08 00:00:00-05:00,5.782218840951147,5.815347401730895,5.377502830833202,5.377750396728516,1144000000,0.0,0.0
2018-02-09 00:00:00-05:00,5.890257802318756,5.9060803263000325,5.3777497744673575,5.7377166748046875,1674604000,0.0,0.0
2018-02-12 00:00:00-05:00,5.818808628460244,5.82177564678138,5.563420121542526,5.637588977813721,1093172000,0.0,0.0
2018-02-13 00:00:00-05:00,5.601244471049965,5.797545300289565,5.568857203783947,5.751313209533691,625524000,0.0,0.0
2018-02-14 00:00:00-05:00,5.711016543553279,5.997556384695923,5.699891167971812,5.968630313873291,744988000,0.0,0.0
2018-02-15 00:00:00-05:00,6.051948204904244,6.140456569165951,5.971104010941936,6.094224452972412,698900000,0.0,0.0
2018-02-16 00:00:00-05:00,6.067028442104457,6.180754091033498,6.019312824355167,6.028460502624512,637656000,0.0,0.0
2018-02-20 00:00:00-05:00,6.050958253536445,6.226986100852342,6.047249480483804,6.158009052276611,686240000,0.0,0.0
2018-02-21 00:00:00-05:00,6.222536912199871,6.229459327457682,5.967147887712291,5.970856189727783,892292000,0.0,0.0
2018-02-22 00:00:00-05:00,6.0047468062161995,6.07648785869084,5.924841854779317,5.990398406982422,534364000,0.00375,0.0
2018-02-23 00:00:00-05:00,6.050265870358884,6.08390998840332,5.999552209456847,6.08390998840332,415300000,0.0,0.0
2018-02-26 00:00:00-05:00,6.13017112926487,6.134623951132203,6.037649446205183,6.099990367889404,469312000,0.0,0.0
2018-02-27 00:00:00-05:00,6.073271874464876,6.157630120817602,6.064118983738408,6.087125778198242,455436000,0.0,0.0
2018-02-28 00:00:00-05:00,6.09801056372888,6.137591933903856,5.975060879540058,5.986688137054443,523116000,0.0,0.0
2018-03-01 00:00:00-05:00,5.984461811942051,6.038391585053892,5.643319605796115,5.744499683380127,1040120000,0.0,0.0
2018-03-02 00:00:00-05:00,5.636885853366034,5.8580471710584225,5.488208263789195,5.851614952087402,913428000,0.0,0.0
2018-03-05 00:00:00-05:00,5.80139802254655,5.869181230829485,5.677953360328171,5.829599857330322,620776000,0.0,0.0
2018-03-06 00:00:00-05:00,5.914946504544787,6.009942074400134,5.871901777033703,5.990645885467529,636808000,0.0,0.0
2018-03-07 00:00:00-05:00,5.887733869414305,6.0349275228502925,5.886497158107259,5.982729434967041,581208000,0.0,0.0
2018-03-08 00:00:00-05:00,6.010188994512682,6.010188994512682,5.922120145526819,5.966402053833008,411912000,0.0,0.0
2018-03-09 00:00:00-05:00,6.013898630263723,6.081929064880524,5.997819026778671,6.069065570831299,505524000,0.0,0.0
2018-03-12 00:00:00-04:00,6.110379364013688,6.258809249903008,6.102215465492341,6.178657054901123,605060000,0.0,0.0
2018-03-13 00:00:00-04:00,6.221454647629757,6.295917311703118,6.086630470326972,6.127943515777588,619772000,0.0,0.0
2018-03-14 00:00:00-04:00,6.170987343549128,6.198199706049297,6.091082406533051,6.153423309326172,505496000,0.0,0.0
2018-03-15 00:00:00-04:00,6.167031015500129,6.24940939507046,6.126212461656657,6.168267726898193,401952000,0.0,0.0
2018-03-16 00:00:00-04:00,6.184595277804472,6.215518254193494,6.146992832821653,6.196469783782959,399456000,0.0,0.0
2018-03-19 00:00:00-04:00,6.139570518015361,6.168514090312586,5.862995459305732,5.961948871612549,713772000,0.0,0.0
2018-03-20 00:00:00-04:00,5.964917508158366,6.21304350057435,5.964917508158366,6.174204349517822,554696000,0.0,0.0
2018-03-21 00:00:00-04:00,6.167773741085662,6.234072995646785,6.118544503834749,6.148972988128662,438688000,0.0,0.0
2018-03-22 00:00:00-04:00,6.085642384276189,6.132150476919721,5.945623138616527,5.982977867126465,551196000,0.0,0.0
2018-03-23 00:00:00-04:00,5.996583059057638,5.999056953598304,5.752168129344331,5.76330041885376,735620000,0.0,0.0
2018-03-26 00:00:00-04:00,5.8877350126331445,6.049276624724668,5.8357846344018185,6.04803991317749,611424000,0.0,0.0
2018-03-27 00:00:00-04:00,6.128933082184735,6.184594527299858,5.438732578298572,5.578999042510986,1409000000,0.0,0.0
2018-03-28 00:00:00-04:00,5.544613718812532,5.67473738103299,5.368229213181982,5.475841045379639,945904000,0.0,0.0
2018-03-29 00:00:00-04:00,5.544118378156464,5.825888521930046,5.459760597305427,5.729161739349365,916628000,0.0,0.0
2018-04-02 00:00:00-04:00,5.65865796983592,5.804861717973978,5.380598403789468,5.468419551849365,922092000,0.0,0.0
2018-04-03 00:00:00-04:00,5.635403535381037,5.698486201262858,5.475840859769062,5.574794292449951,667432000,0.0,0.0
2018-04-04 00:00:00-04:00,5.3189985588548625,5.607200891261207,5.294012838404969,5.596810817718506,789168000,0.0,0.0
2018-04-05 00:00:00-04:00,5.655195625359019,5.6683068463793225,5.405090602941442,5.476584434509277,701240000,0.0,0.0
2018-04-06 00:00:00-04:00,5.373918538495116,5.482025334218606,5.271006780267874,5.300198078155518,662988000,0.0,0.0
2018-04-09 00:00:00-04:00,5.3632814287612,5.491178916008509,5.308856685002309,5.328895092010498,499524000,0.0,0.0
2018-04-10 00:00:00-04:00,5.559209440855874,5.665089595202481,5.502063553589794,5.638124942779541,761676000,0.0,0.0
2018-04-11 00:00:00-04:00,5.623280969202248,5.664594015483117,5.564156166056554,5.596810817718506,460244000,0.0,0.0
2018-04-12 00:00:00-04:00,5.6898287581355005,5.821436869230756,5.645546835978089,5.803625106811523,593920000,0.0,0.0
2018-04-13 00:00:00-04:00,5.867200897075143,5.875612043769235,5.678694671207499,5.726934432983398,503036000,0.0,0.0
2018-04-16 00:00:00-04:00,5.733612715057941,5.760082860957893,5.632432671458049,5.726686000823975,350792000,0.0,0.0
2018-04-17 00:00:00-04:00,5.7788866380513895,5.897630767692855,5.7232251798296945,5.8763556480407715,447224000,0.0,0.0
2018-04-18 00:00:00-04:00,5.82588783955547,5.918656757203468,5.758352361940327,5.847410202026367,391364000,0.0,0.0
2018-04-19 00:00:00-04:00,5.733119074287897,5.766515942150485,5.610664363972203,5.666078090667725,471996000,0.0,0.0
2018-04-20 00:00:00-04:00,5.657419194088908,5.741776959819351,5.626743943180529,5.657914161682129,386200000,0.0,0.0
2018-04-23 00:00:00-04:00,5.675727360244763,5.726935521966214,5.512454071565692,5.538429260253906,427508000,0.0,0.0
2018-04-24 00:00:00-04:00,5.56415653050257,5.66014109311447,5.406820514175754,5.472129821777344,414596000,0.0,0.0
2018-04-25 00:00:00-04:00,5.442443119353928,5.481529990338182,5.20248102441101,5.359817028045654,588492000,0.0,0.0
2018-04-26 00:00:00-04:00,5.521607051664017,5.579742403142693,5.455555519484757,5.571578502655029,375824000,0.0,0.0
2018-04-27 00:00:00-04:00,5.677458647463264,5.69724933345639,5.556735132612173,5.5990376472473145,400848000,0.0,0.0
2018-04-30 00:00:00-04:00,5.615365661180188,5.665089866081693,5.544366808325531,5.563662528991699,327844000,0.0,0.0
2018-05-01 00:00:00-04:00,5.5554986178965695,5.62179739472889,5.496868301597587,5.619076251983643,253788000,0.0,0.0
2018-05-02 00:00:00-04:00,5.615611753924378,5.660140436063277,5.57231931117262,5.598542213439941,268248000,0.0,0.0
2018-05-03 00:00:00-04:00,5.630456076595165,5.790018761582034,5.585184695643014,5.763795852661133,443144000,0.0,0.0
2018-05-04 00:00:00-04:00,5.7350996632564755,5.917174183353301,5.717782870070184,5.9139580726623535,400660000,0.0,0.0
2018-05-07 00:00:00-04:00,6.0185991875307545,6.209084782474681,6.00870361134544,6.1519389152526855,687616000,0.0,0.0
2018-05-08 00:00:00-04:00,6.1521865019439765,6.197210621111661,6.103204529561816,6.194489479064941,506616000,0.0,0.0
2018-05-09 00:00:00-04:00,6.214529662936835,6.329810436951627,6.18731728890389,6.3275837898254395,596760000,0.0,0.0
2018-05-10 00:00:00-04:00,6.380522509999874,6.444347382814036,6.362710752988787,6.435194492340088,994080000,0.0,0.0
2018-05-11 00:00:00-04:00,6.25336796809054,6.42678407310929,6.197954235801118,6.29665994644165,1214456000,0.0,0.0
2018-05-14 00:00:00-04:00,6.3347565866019915,6.394623605231835,6.29344354034374,6.317192077636719,523140000,0.0,0.0
2018-05-15 00:00:00-04:00,6.2536150066679275,6.25633662108504,5.974318764054904,6.074756622314453,963528000,0.0,0.0
2018-05-16 00:00:00-04:00,6.036164192692246,6.147981579227148,5.999303967613462,6.085888385772705,553828000,0.0,0.0
2018-05-17 00:00:00-04:00,6.087619933713946,6.221701895514723,6.071539856096061,6.127943515777588,519784000,0.0,0.0
2018-05-18 00:00:00-04:00,6.1798952592662815,6.243225171930542,6.079209677381901,6.084157466888428,483716000,0.0,0.0
2018-05-21 00:00:00-04:00,6.181626102984507,6.185336708689338,5.949332465811545,6.0421013832092285,640624000,0.0,0.0
2018-05-22 00:00:00-04:00,6.055460350202838,6.080693318451757,5.943395244493414,6.00400447845459,518264000,0.0,0.0
2018-05-23 00:00:00-04:00,5.947813207494739,6.1287628009439,5.94707053300779,6.1275248527526855,442956000,0.00375,0.0
2018-05-24 00:00:00-04:00,6.1238126590922075,6.17356760620898,6.070592212062383,6.1312384605407715,437372000,0.0,0.0
2018-05-25 00:00:00-04:00,6.143863151765477,6.18693450104351,6.108218076277748,6.170597076416016,292112000,0.0,0.0
2018-05-29 00:00:00-04:00,6.152527170792134,6.221590245286395,6.106732994097086,6.153517246246338,352684000,0.0,0.0
2018-05-30 00:00:00-04:00,6.187182130269262,6.271096801740902,6.162428357415675,6.262433052062988,390996000,0.0,0.0
2018-05-31 00:00:00-04:00,6.230501707394706,6.317139687836739,6.2198578055571945,6.242630958557129,493868000,0.0,0.0
2018-06-01 00:00:00-04:00,6.287434100302282,6.383231090742736,6.278770350797195,6.377042293548584,421968000,0.0,0.0
2018-06-04 00:00:00-04:00,6.411201950716572,6.578041673065869,6.379022379852716,6.556011199951172,642024000,0.0,0.0
2018-06-05 00:00:00-04:00,6.559229610246792,6.5990833315188215,6.514425512038851,6.561457633972168,391712000,0.0,0.0
2018-06-06 00:00:00-04:00,6.471354315577073,6.566656037878223,6.455016890957989,6.5634379386901855,371356000,0.0,0.0
2018-06-07 00:00:00-04:00,6.559725384611143,6.571607234441996,6.417391531749834,6.507742881774902,369448000,0.0,0.0
2018-06-08 00:00:00-04:00,6.434965358209917,6.534970037982708,6.416152512524938,6.492393970489502,360456000,0.0,0.0
2018-06-11 00:00:00-04:00,6.47977015445347,6.521356151249096,6.438431558456218,6.451303482055664,265372000,0.0,0.0
2018-06-12 00:00:00-04:00,6.477790709138214,6.511950436451786,6.427540485399622,6.499821186065674,319160000,0.0,0.0
2018-06-13 00:00:00-04:00,6.501307976268065,6.576311519053559,6.486208024075457,6.495367050170898,338208000,0.0,0.0
2018-06-14 00:00:00-04:00,6.5404179389994574,6.663691072569374,6.525565390173005,6.6070051193237305,430016000,0.0,0.0
2018-06-15 00:00:00-04:00,6.54982325445653,6.621113876608781,6.518881155622992,6.566160678863525,432260000,0.0,0.0
2018-06-18 00:00:00-04:00,6.5220988715943795,6.579527490529049,6.494870147275053,6.561952590942383,356268000,0.0,0.0
2018-06-19 00:00:00-04:00,6.458729541578607,6.526059860406424,6.312683273213872,6.440164566040039,594932000,0.0,0.0
2018-06-20 00:00:00-04:00,6.481256463266975,6.546110892464608,6.442888087585419,6.493138313293457,369780000,0.0,0.0
2018-06-21 00:00:00-04:00,6.525069924612877,6.543387499735003,6.356744832151095,6.3644185066223145,359516000,0.0,0.0
2018-06-22 00:00:00-04:00,6.385210970358031,6.398578167392045,6.19658816781961,6.211935043334961,434160000,0.0,0.0
2018-06-25 00:00:00-04:00,6.105493596831499,6.109206496651311,5.8304802780823675,5.919098377227783,665816000,0.0,0.0
2018-06-26 00:00:00-04:00,6.032472449941895,6.080742053809958,5.938655595739779,5.990143299102783,478884000,0.0,0.0
2018-06-27 00:00:00-04:00,6.03371048433643,6.100050270685497,5.829492402164806,5.8349385261535645,453892000,0.0,0.0
2018-06-28 00:00:00-04:00,5.825036419871272,5.97405388200921,5.817362744360287,5.962172031402588,338012000,0.0,0.0
2018-06-29 00:00:00-04:00,6.027274533076319,6.03989858663541,5.862909714562639,5.864147663116455,392300000,0.0,0.0
2018-07-02 00:00:00-04:00,5.794589527727071,6.000045069801115,5.774043926305765,5.996332168579102,357572000,0.0,0.0
2018-07-03 00:00:00-04:00,6.030985474057308,6.036926397623003,5.8542440602903785,5.8626604080200195,222732000,0.0,0.0
2018-07-05 00:00:00-04:00,5.917862249103859,6.013411375771005,5.878999073003289,6.008460998535156,306216000,0.0,0.0
2018-07-06 00:00:00-04:00,5.983954259476636,6.13074367672411,5.962665986175089,6.1223273277282715,296352000,0.0,0.0
2018-07-09 00:00:00-04:00,6.1965895176897225,6.206243344240109,6.091138683897519,6.169855117797852,303880000,0.0,0.0
2018-07-10 00:00:00-04:00,6.182231429035553,6.290899875958122,6.14188290579733,6.268869400024414,360016000,0.0,0.0
2018-07-11 00:00:00-04:00,6.176043201019297,6.210698201105286,6.11663395495908,6.1272783279418945,367508000,0.0,0.0
2018-07-12 00:00:00-04:00,6.172577847662981,6.266889024728982,6.162676149038038,6.21886682510376,345508000,0.0,0.0
2018-07-13 00:00:00-04:00,6.237431960918624,6.237431960918624,6.129505717590321,6.171586990356445,246988000,0.0,0.0
2018-07-16 00:00:00-04:00,6.143861770629883,6.196834806386685,6.1314851225672715,6.143861770629883,197036000,0.0,0.0
2018-07-17 00:00:00-04:00,6.0946035146802195,6.294860786046719,6.069107066101221,6.279760837554932,362136000,0.0,0.0
2018-07-18 00:00:00-04:00,6.272334568278364,6.286196567361284,6.179508276871868,6.2305006980896,277640000,0.0,0.0
2018-07-19 00:00:00-04:00,6.21168759608948,6.2723343117356976,6.1965881214798495,6.238668918609619,235752000,0.0,0.0
2018-07-20 00:00:00-04:00,6.23619497669564,6.275058153422183,6.199559351726363,6.210451126098633,222352000,0.0,0.0
2018-07-23 00:00:00-04:00,6.183963872103707,6.185696621994708,6.022074513418084,6.17381477355957,301584000,0.0,0.0
2018-07-24 00:00:00-04:00,6.221835715482602,6.308473664717972,6.138910666083129,6.1564860343933105,354620000,0.0,0.0
2018-07-25 00:00:00-04:00,6.165894064725927,6.247333786577135,6.107970168200348,6.2347092628479,319112000,0.0,0.0
2018-07-26 00:00:00-04:00,6.214659037881903,6.345110563301713,6.197826339304394,6.3082275390625,325124000,0.0,0.0
2018-07-27 00:00:00-04:00,6.34486280910675,6.351793808808183,6.184458796329842,6.23842191696167,295420000,0.0,0.0
2018-07-30 00:00:00-04:00,6.252531410768498,6.258472334744185,6.008212269667775,6.043115139007568,340340000,0.0,0.0
2018-07-31 00:00:00-04:00,6.032718213489074,6.135940993041625,5.993855045672925,6.061184883117676,283988000,0.0,0.0
2018-08-01 00:00:00-04:00,6.09262210375238,6.147822691981243,6.037173642616299,6.101037979125977,283556000,0.0,0.0
2018-08-02 00:00:00-04:00,6.029747750663035,6.20772664707661,5.97083425863733,6.203766345977783,269668000,0.0,0.0
2018-08-03 00:00:00-04:00,6.228272971902883,6.264165919607523,6.211440745986463,6.2404022216796875,214288000,0.0,0.0
2018-08-06 00:00:00-04:00,6.22777769311657,6.291642036230769,6.1812408483559205,6.288176536560059,207508000,0.0,0.0
2018-08-07 00:00:00-04:00,6.336943021686526,6.379024302198415,6.310209092814614,6.360458850860596,258132000,0.0,0.0
2018-08-08 00:00:00-04:00,6.361695066204969,6.441896830970049,6.326792197169073,6.396844863891602,262100000,0.0,0.0
2018-08-09 00:00:00-04:00,6.414667882430087,6.417390707637706,6.340654439531383,6.348328113555908,204280000,0.0,0.0
2018-08-10 00:00:00-04:00,6.266393273458125,6.339416637264538,6.255254100262608,6.3069891929626465,256396000,0.0,0.0
2018-08-13 00:00:00-04:00,6.315652963831781,6.460709616664197,6.3139202140428745,6.339911460876465,375208000,0.0,0.0
2018-08-14 00:00:00-04:00,6.445362283991163,6.485463402153292,6.362189821795851,6.471353530883789,466220000,0.0,0.0
2018-08-15 00:00:00-04:00,6.492147517111359,6.526060315769318,6.334466789810063,6.413183689117432,591136000,0.0,0.0
2018-08-16 00:00:00-04:00,6.482988876589445,6.485464301227943,6.312435754467006,6.372587203979492,801260000,0.0,0.0
2018-08-17 00:00:00-04:00,6.261196361721583,6.261939036378466,6.033214599757653,6.060196399688721,1143188000,0.0,0.0
2018-08-20 00:00:00-04:00,6.019600487129649,6.267632104777929,5.909198806587006,6.134952545166016,854388000,0.0,0.0
2018-08-21 00:00:00-04:00,6.151289405068708,6.27505780166108,6.131486480499486,6.270602226257324,673988000,0.0,0.0
2018-08-22 00:00:00-04:00,6.237926658031839,6.510711995151746,6.2344611584351854,6.50576114654541,749856000,0.0,0.0
2018-08-23 00:00:00-04:00,6.4671470791512835,6.670622477884431,6.453285077116767,6.6052727699279785,720684000,0.0,0.0
2018-08-24 00:00:00-04:00,6.613687302658173,6.753050431540471,6.609231727820069,6.73844575881958,531512000,0.0,0.0
2018-08-27 00:00:00-04:00,6.768150382655216,6.9038006207522615,6.736713483649078,6.829539775848389,505776000,0.0,0.0
2018-08-28 00:00:00-04:00,6.823598278656748,6.846371898388819,6.671858030453773,6.7919135093688965,475384000,0.0,0.0
2018-08-29 00:00:00-04:00,6.784236891564404,6.922438117772443,6.763432517648559,6.897423267364502,420108000,0.00375,0.0
2018-08-30 00:00:00-04:00,6.8662167274391654,6.977421877255754,6.843678654077614,6.880581855773926,346608000,0.0,0.0
2018-08-31 00:00:00-04:00,6.860520587694516,6.964542937545964,6.850613472281395,6.951663970947266,306592000,0.0,0.0
2018-09-04 00:00:00-04:00,6.938536185117473,7.064105976684454,6.910053940228386,7.02646017074585,391720000,0.0,0.0
2018-09-05 00:00:00-04:00,7.0088753850000565,7.044292421921538,6.814700286094051,6.895689010620117,393156000,0.0,0.0
2018-09-06 00:00:00-04:00,6.879340899956167,6.881817677960958,6.721573967467476,6.754514217376709,322796000,0.0,0.0
2018-09-07 00:00:00-04:00,6.662382213427763,6.85878656279511,6.61755360483397,6.733216762542725,295420000,0.0,0.0
2018-09-10 00:00:00-04:00,6.75575486019924,6.8340192734155085,6.711916868456028,6.804298400878906,220140000,0.0,0.0
2018-09-11 00:00:00-04:00,6.757984503149918,6.845660497959241,6.73718012588614,6.75649881362915,243112000,0.0,0.0
2018-09-12 00:00:00-04:00,6.716622043892023,6.736188264207356,6.487029910654714,6.642568111419678,419092000,0.0,0.0
2018-09-13 00:00:00-04:00,6.708448090659865,6.810984253092095,6.691111115417356,6.720336437225342,305536000,0.0,0.0
2018-09-14 00:00:00-04:00,6.810736173310147,6.9125292469066,6.773832983641026,6.846400737762451,386936000,0.0,0.0
2018-09-17 00:00:00-04:00,6.820891554180493,6.869930630817947,6.765165223365851,6.784483432769775,205528000,0.0,0.0
2018-09-18 00:00:00-04:00,6.788446076118946,6.8912297730027,6.7057236684936345,6.7124104499816895,299520000,0.0,0.0
2018-09-19 00:00:00-04:00,6.6938346877665635,6.754019022235553,6.643805001213191,6.736186504364014,224860000,0.0,0.0
2018-09-20 00:00:00-04:00,6.6140847677748225,6.6564365884042935,6.541021464397834,6.5950140953063965,430584000,0.0,0.0
2018-09-21 00:00:00-04:00,6.606903132517118,6.652474816805509,6.491735532568908,6.524923324584961,435128000,0.0,0.0
2018-09-24 00:00:00-04:00,6.493964964436302,6.5841177253000955,6.406784526979716,6.580650329589844,293912000,0.0,0.0
2018-09-25 00:00:00-04:00,6.646778834141386,6.672784301880277,6.56108408628115,6.647769451141357,280388000,0.0,0.0
2018-09-26 00:00:00-04:00,6.652721865860173,6.69309245415765,6.595014302047917,6.610865116119385,268548000,0.0,0.0
2018-09-27 00:00:00-04:00,6.646035726618243,6.667335645422472,6.591300476510908,6.6227545738220215,214428000,0.0,0.0
2018-09-28 00:00:00-04:00,6.754764989216912,6.9823754539261715,6.726777811470658,6.960084915161133,709396000,0.0,0.0
2018-10-01 00:00:00-04:00,7.037851609387662,7.233512354019985,6.9992147215984915,7.1666412353515625,622060000,0.0,0.0
2018-10-02 00:00:00-04:00,7.139150581360823,7.25085031198395,7.073022061987932,7.095312595367432,383964000,0.0,0.0
2018-10-03 00:00:00-04:00,7.165651139252094,7.173081474532593,6.997481993925633,7.101504325866699,320552000,0.0,0.0
2018-10-04 00:00:00-04:00,7.0653451557867974,7.089616926258841,6.840211021337104,6.917237281799316,391220000,0.0,0.0
2018-10-05 00:00:00-04:00,6.892470713745559,6.954636308398517,6.626222873367784,6.683682918548584,426636000,0.0,0.0
2018-10-08 00:00:00-04:00,6.600464169125509,6.715879318403089,6.441458564377645,6.58238410949707,408612000,0.0,0.0
2018-10-09 00:00:00-04:00,6.561826664914113,6.656437430930196,6.508825116492886,6.576687335968018,273500000,0.0,0.0
2018-10-10 00:00:00-04:00,6.4706821017588725,6.5165017871345325,6.082827539802412,6.085056781768799,684940000,0.0,0.0
2018-10-11 00:00:00-04:00,5.997877727828555,6.131373412989649,5.801969389698521,5.823516845703125,725436000,0.0,0.0
2018-10-12 00:00:00-04:00,6.080599698858484,6.18041155487176,5.935463695117018,6.106109619140625,608236000,0.0,0.0
2018-10-15 00:00:00-04:00,6.09273553773784,6.09273553773784,5.828717005642487,5.829707622528076,449760000,0.0,0.0
2018-10-16 00:00:00-04:00,5.942399135483466,6.099671040053119,5.8931125147950025,6.088525772094727,408712000,0.0,0.0
2018-10-17 00:00:00-04:00,6.150691238671365,6.18883306305501,5.9708812655397425,6.019920349121094,329668000,0.0,0.0
2018-10-18 00:00:00-04:00,6.089268605216968,6.127657492536262,5.8720598931390695,5.932491779327393,524020000,0.0,0.0
2018-10-19 00:00:00-04:00,5.987723291616021,6.007289040294297,5.639496142249984,5.675903797149658,613608000,0.0,0.0
2018-10-22 00:00:00-04:00,5.7281611948693625,5.828220570991834,5.62389134332822,5.726675033569336,368844000,0.0,0.0
2018-10-23 00:00:00-04:00,5.459439064314951,5.552564163914981,5.367305054278621,5.475042819976807,626436000,0.0,0.0
2018-10-24 00:00:00-04:00,5.4366530322213045,5.483215342224924,4.924962222130487,4.938831806182861,884288000,0.0,0.0
2018-10-25 00:00:00-04:00,4.841247503005438,5.194923191526612,4.79691397864822,5.147617816925049,951720000,0.0,0.0
2018-10-26 00:00:00-04:00,4.911586876766648,5.073316781065452,4.783045237529511,4.9110918045043945,664784000,0.0,0.0
2018-10-29 00:00:00-04:00,5.05226475298095,5.055732148323563,4.359277922325678,4.597290992736816,758016000,0.0,0.0
2018-10-30 00:00:00-04:00,4.620324855073283,5.037652361196186,4.597291239462398,5.027745246887207,807192000,0.0,0.0
2018-10-31 00:00:00-04:00,5.192448158936238,5.26526394696704,5.052760757758614,5.221673488616943,745772000,0.0,0.0
2018-11-01 00:00:00-04:00,5.2580801646965245,5.411389585008951,5.131519762566331,5.401978015899658,566528000,0.0,0.0
2018-11-02 00:00:00-04:00,5.392565820626404,5.498321838465712,5.206316166256636,5.322969913482666,452960000,0.0,0.0
2018-11-05 00:00:00-05:00,5.309843043696832,5.333124664286265,5.084213887872453,5.244953155517578,379332000,0.0,0.0
2018-11-06 00:00:00-05:00,5.237029847150854,5.321238450063646,5.190219523511907,5.227370738983154,299012000,0.0,0.0
2018-11-07 00:00:00-05:00,5.293992293344317,5.384640108997582,5.230340557305503,5.29498291015625,483812000,0.0,0.0
2018-11-08 00:00:00-05:00,5.235789266960584,5.236532347680313,5.048301450984281,5.101799011230469,511352000,0.0,0.0
2018-11-09 00:00:00-05:00,5.012885251719588,5.1842742736201375,4.979201912013973,5.093873977661133,413240000,0.0,0.0
2018-11-12 00:00:00-05:00,5.002482931759498,5.024525930729689,4.672583390016098,4.694378852844238,617116000,0.0,0.0
2018-11-13 00:00:00-05:00,4.792209242510594,5.05771347185057,4.786017060091339,4.936354160308838,644712000,0.0,0.0
2018-11-14 00:00:00-05:00,5.109476398130589,5.123841523086037,4.775862444353351,4.883847236633301,526580000,0.0,0.0
2018-11-15 00:00:00-05:00,4.877902394620918,5.084708863299681,4.841989823353785,5.012636184692383,840708000,0.0,0.0
2018-11-16 00:00:00-05:00,4.044982848343136,4.226774071290757,4.00263054379552,4.072474479675293,1963520000,0.0,0.0
2018-11-19 00:00:00-05:00,4.007088164938161,4.007830773281226,3.582082592306919,3.5838162899017334,1697820000,0.0,0.0
2018-11-20 00:00:00-05:00,3.3202938196294576,3.820591581853612,3.3017184503451458,3.6922974586486816,1692032000,0.0,0.0
2018-11-21 00:00:00-05:00,3.829506923156681,3.846348590406735,3.5568199157351574,3.584063768386841,1025496000,0.0,0.0
2018-11-23 00:00:00-05:00,3.5493896165314163,3.7049275527468377,3.5365106535621416,3.5912461280822754,411968000,0.0,0.0
2018-11-26 00:00:00-05:00,3.7123585412141398,3.8010251362467353,3.6298836564620114,3.7906229496002197,814832000,0.0,0.0
2018-11-27 00:00:00-05:00,3.7646172277455934,3.8887010946548317,3.728704883143022,3.807464599609375,738060000,0.0,0.0
2018-11-28 00:00:00-05:00,3.9251090042482466,3.969690076791153,3.7926044121886315,3.964488983154297,804524000,0.0,0.0
2018-11-29 00:00:00-05:00,3.9667200633778883,4.00390796939808,3.8710230212910366,3.9012691974639893,549172000,0.004,0.0
2018-11-30 00:00:00-05:00,3.9109376350113156,4.062416759669402,3.8606098614678235,4.051756381988525,729564000,0.0,0.0
2018-12-03 00:00:00-05:00,4.27909961576816,4.3306670254902615,4.148693442717484,4.21563196182251,890804000,0.0,0.0
2018-12-04 00:00:00-05:00,4.171005207633181,4.175963720260267,3.879947231174252,3.8950705528259277,812112000,0.0,0.0
2018-12-06 00:00:00-05:00,3.754499720251658,3.9292832653518546,3.738880831560588,3.9243249893188477,692308000,0.0,0.0
2018-12-07 00:00:00-05:00,3.928540559604419,3.938705371196474,3.6102113925964496,3.6595473289489746,681676000,0.0,0.0
2018-12-10 00:00:00-05:00,3.614673346687054,3.789704936670523,3.6109544618116325,3.7649128437042236,629472000,0.0,0.0
2018-12-11 00:00:00-05:00,3.8566430128201854,3.864824369981192,3.5948395836679783,3.6739261150360107,671912000,0.0,0.0
2018-12-12 00:00:00-05:00,3.6796287918581343,3.787721884108416,3.5903776733372,3.6915290355682373,654136000,0.0,0.0
2018-12-13 00:00:00-05:00,3.7383860153980013,3.802597255640552,3.6553328010946387,3.6912810802459717,471384000,0.0,0.0
2018-12-14 00:00:00-05:00,3.6496305411299965,3.7334275815818128,3.6072363350201284,3.630788803100586,471820000,0.0,0.0
2018-12-17 00:00:00-05:00,3.600790212603076,3.6729347887822197,3.5016220682361747,3.5596354007720947,662868000,0.0,0.0
2018-12-18 00:00:00-05:00,3.6035168547122054,3.7269810401161405,3.5762457421556,3.6429362297058105,564372000,0.0,0.0
2018-12-19 00:00:00-05:00,3.609219572339438,3.6627704349992536,3.3823727623878184,3.4339401721954346,745364000,0.0,0.0
2018-12-20 00:00:00-05:00,3.425510321904588,3.51550525020698,3.2896500951215173,3.3493988513946533,749588000,0.0,0.0
2018-12-21 00:00:00-05:00,3.375926757710307,3.408900212447757,3.1847804484955375,3.2122995853424072,863740000,0.0,0.0
2018-12-24 00:00:00-05:00,3.1359402472168654,3.22246432500799,3.08660407634126,3.1505675315856934,463840000,0.0,0.0
2018-12-26 00:00:00-05:00,3.196679909134374,3.3008063090229123,3.0856117807779193,3.2998147010803223,695100000,0.0,0.0
2018-12-27 00:00:00-05:00,3.2475047178199823,3.2819655895165827,3.103463087944455,3.251967191696167,637044000,0.0,0.0
2018-12-28 00:00:00-05:00,3.2725442573613304,3.4061732765302746,3.2306458547945347,3.313451051712036,628728000,0.0,0.0
2018-12-31 00:00:00-05:00,3.356837137977789,3.389314553524895,3.2789902177654224,3.309732437133789,465140000,0.0,0.0
2019-01-02 00:00:00-05:00,3.238826546457952,3.4331956664336545,3.2241992643265656,3.3771657943725586,508752000,0.0,0.0
2019-01-03 00:00:00-05:00,3.3169217137144797,3.350886775601996,3.1656905940167737,3.173128128051758,705552000,0.0,0.0
2019-01-04 00:00:00-05:00,3.2462644996476775,3.414602157842806,3.215522519387608,3.376422643661499,585620000,0.0,0.0
2019-01-07 00:00:00-05:00,3.4336928649712535,3.5921137653833743,3.382373231874941,3.555173635482788,709160000,0.0,0.0
2019-01-08 00:00:00-05:00,3.6367381035703574,3.6389695763201972,3.394024420567132,3.466665029525757,786016000,0.0,0.0
2019-01-09 00:00:00-05:00,3.517984925429318,3.582196402548422,3.4674093612937327,3.534843683242798,617260000,0.0,0.0
2019-01-10 00:00:00-05:00,3.5155056435531016,3.6092192305726094,3.455013056291232,3.6005420684814453,523156000,0.0,0.0
2019-01-11 00:00:00-05:00,3.578229393529933,3.712602229451064,3.5504624735758616,3.689793586730957,874764000,0.0,0.0
2019-01-14 00:00:00-05:00,3.637482489131921,3.7549965720560086,3.6139300212068006,3.729708671569824,730168000,0.0,0.0
2019-01-15 00:00:00-05:00,3.762433559468091,3.8018529349791064,3.6972307195557197,3.7155768871307373,617012000,0.0,0.0
2019-01-16 00:00:00-05:00,3.7428476128716044,3.7758208233277633,3.6845865082211358,3.6900405883789062,470104000,0.0,0.0
2019-01-17 00:00:00-05:00,3.6570682145919076,3.8013576074068123,3.629796861824297,3.7614424228668213,493436000,0.0,0.0
2019-01-18 00:00:00-05:00,3.8112746913030144,3.916640752284803,3.759707279205107,3.8906090259552,651336000,0.0,0.0
2019-01-22 00:00:00-05:00,3.8603623976914765,3.872014620828446,3.6580596786916066,3.6883058547973633,661552000,0.0,0.0
2019-01-23 00:00:00-05:00,3.7435925453112997,3.832347866819182,3.669960313469122,3.701198101043701,591020000,0.0,0.0
2019-01-24 00:00:00-05:00,3.7857380576415314,3.9307710132003244,3.7810275649683733,3.9131689071655273,708972000,0.0,0.0
2019-01-25 00:00:00-05:00,3.8536689295318864,3.9885373467771843,3.7510301450986026,3.9704391956329346,1154572000,0.0,0.0
2019-01-28 00:00:00-05:00,3.3853477751296337,3.5115390206214054,3.247752326096619,3.421544075012207,2511528000,0.0,0.0
2019-01-29 00:00:00-05:00,3.375430457917276,3.423775014606278,3.24799960382134,3.262626886367798,1153932000,0.0,0.0
2019-01-30 00:00:00-05:00,3.3387389063259434,3.4205524938909404,3.259156555433637,3.4061732292175293,974228000,0.0,0.0
2019-01-31 00:00:00-05:00,3.402949580069,3.5995501776869787,3.3811325482138828,3.563849687576294,842852000,0.0,0.0
2019-02-01 00:00:00-05:00,3.5824438700656303,3.6392175714536084,3.5348433711332614,3.5881459712982178,625048000,0.0,0.0
2019-02-04 00:00:00-05:00,3.6040124797901867,3.7356580160683075,3.5819476651871502,3.698470115661621,528592000,0.0,0.0
2019-02-05 00:00:00-05:00,3.710370065545958,3.7542519103179797,3.6766530300414866,3.717559814453125,542424000,0.0,0.0
2019-02-06 00:00:00-05:00,3.7507812620747845,3.8576349481240015,3.745327181462258,3.79317569732666,702464000,0.0,0.0
2019-02-07 00:00:00-05:00,3.7468155380781316,3.74904677493074,3.6119471178546183,3.654837131500244,637120000,0.0,0.0
2019-02-08 00:00:00-05:00,3.5876501960683105,3.6840910594863083,3.5732709327499834,3.6734306812286377,461604000,0.0,0.0
2019-02-11 00:00:00-05:00,3.6293011543613174,3.6835956046455127,3.5824442384685993,3.630788803100586,495180000,0.0,0.0
2019-02-12 00:00:00-05:00,3.6692155821669403,3.763425198596858,3.6548360840202436,3.7478060722351074,591060000,0.0,0.0
2019-02-13 00:00:00-05:00,3.7773100479253108,3.8633383389778673,3.7636743689710457,3.7902019023895264,605372000,0.0,0.0
2019-02-14 00:00:00-05:00,3.789208512081107,3.8593698541495827,3.746070258469716,3.8311069011688232,827264000,0.0,0.0
2019-02-15 00:00:00-05:00,4.039856866925455,4.062665274911397,3.8779651192357116,3.900773763656616,1516748000,0.0,0.0
2019-02-19 00:00:00-05:00,3.8901129832475814,3.9639932315440696,3.8710232251622934,3.8834190368652344,551892000,0.0,0.0
2019-02-20 00:00:00-05:00,3.9126732028340387,3.997957645844248,3.901517020739179,3.9307713508605957,540988000,0.0,0.0
2019-02-21 00:00:00-05:00,3.9434160696241918,3.967959910723774,3.847222975992845,3.8618502616882324,448548000,0.0,0.0
2019-02-22 00:00:00-05:00,3.913665366339842,3.965480557983859,3.9000296900398594,3.946638584136963,401740000,0.0,0.0
2019-02-25 00:00:00-05:00,4.03018730106737,4.097621376367747,3.925564850678126,3.9342422485351562,656020000,0.0,0.0
2019-02-26 00:00:00-05:00,3.9295319582533,3.9855618346970005,3.8613538187575283,3.8948230743408203,488464000,0.0,0.0
2019-02-27 00:00:00-05:00,3.880443958985459,3.906971249647877,3.795903100622869,3.8529248237609863,500256000,0.0,0.0
2019-02-28 00:00:00-05:00,3.846720389002192,3.8690562226778793,3.806019715350334,3.828355312347412,324944000,0.004,0.0
2019-03-01 00:00:00-05:00,3.87823838003678,3.9248953043997576,3.819917224583058,3.8827056884765625,357188000,0.0,0.0
2019-03-04 00:00:00-05:00,3.921172471197037,3.9440046163180127,3.8343109620729843,3.890895128250122,409992000,0.0,0.0
2019-03-05 00:00:00-05:00,3.875260864007676,3.922662386693749,3.8209104567408554,3.884443521499634,362924000,0.0,0.0
2019-03-06 00:00:00-05:00,3.875508989020271,3.8839468185347172,3.770778935941451,3.7735087871551514,403524000,0.0,0.0
2019-03-07 00:00:00-05:00,3.749931315861904,3.7596102861790377,3.6581064191544983,3.7042670249938965,450104000,0.0,0.0
2019-03-08 00:00:00-05:00,3.6149251075516413,3.749188172844738,3.593581900137312,3.7385165691375732,422416000,0.0,0.0
2019-03-11 00:00:00-04:00,3.7620926175007154,4.02193212019245,3.7149391385250428,3.9991002082824707,859728000,0.0,0.0
2019-03-12 00:00:00-04:00,4.0268962308348595,4.079757457500786,3.9507063010411394,4.03334903717041,579576000,0.0,0.0
2019-03-13 00:00:00-04:00,4.07082236691848,4.2140195355244705,4.063376932112146,4.18473482131958,768900000,0.0,0.0
2019-03-14 00:00:00-04:00,4.193918038767685,4.205830546710866,4.101100260514064,4.10879373550415,519384000,0.0,0.0
2019-03-15 00:00:00-04:00,4.15197676227844,4.256955101327458,4.1485023197891495,4.214269161224365,661484000,0.0,0.0
2019-03-18 00:00:00-04:00,4.245786192369545,4.299640511747437,4.165873560400984,4.192924976348877,486992000,0.0,0.0
2019-03-19 00:00:00-04:00,4.287479755137556,4.405115174456572,4.270604097388697,4.360691547393799,854972000,0.0,0.0
2019-03-20 00:00:00-04:00,4.389728112353983,4.443085881950919,4.293435898567081,4.32818078994751,719148000,0.0,0.0
2019-03-21 00:00:00-04:00,4.351260871489553,4.591246322878655,4.346297248345588,4.564939498901367,824312000,0.0,0.0
2019-03-22 00:00:00-04:00,4.537639960733736,4.586282136167349,4.391216409479557,4.40511417388916,747644000,0.0,0.0
2019-03-25 00:00:00-04:00,4.364414279076793,4.428691450790533,4.246530826598151,4.312793731689453,525212000,0.0,0.0
2019-03-26 00:00:00-04:00,4.454502846597486,4.510590479838049,4.333144921833872,4.389481067657471,703508000,0.0,0.0
2019-03-27 00:00:00-04:00,4.415042554142267,4.461450969360857,4.310808820912816,4.380297660827637,474372000,0.0,0.0
2019-03-28 00:00:00-04:00,4.406356439276526,4.464677841788595,4.345801737164983,4.398911476135254,480264000,0.0,0.0
2019-03-29 00:00:00-04:00,4.465669919201426,4.480560790355246,4.415290511200249,4.456239223480225,456896000,0.0,0.0
2019-04-01 00:00:00-04:00,4.548064245476559,4.554020499105094,4.4763416361193356,4.523743152618408,483824000,0.0,0.0
2019-04-02 00:00:00-04:00,4.5478159604328825,4.586034818572296,4.504881518137105,4.541611194610596,440920000,0.0,0.0
2019-04-03 00:00:00-04:00,4.591245252358147,4.7401505984573875,4.586281630371528,4.681084632873535,783504000,0.0,0.0
2019-04-04 00:00:00-04:00,4.665699713172194,4.714590416904225,4.609364046586918,4.672152519226074,457376000,0.0,0.0
2019-04-05 00:00:00-04:00,4.715335123514189,4.756284313640403,4.678853479238198,4.7389116287231445,481744000,0.0,0.0
2019-04-08 00:00:00-04:00,4.7083859584403625,4.784824158108648,4.6843129028961785,4.759758472442627,424192000,0.0,0.0
2019-04-09 00:00:00-04:00,4.726254224753506,4.737422140827427,4.654779656551858,4.696969509124756,439972000,0.0,0.0
2019-04-10 00:00:00-04:00,4.696224756256655,4.793261082476623,4.691757684652633,4.76745080947876,444772000,0.0,0.0
2019-04-11 00:00:00-04:00,4.769933926780318,4.801452422506862,4.704167557143568,4.753554344177246,374600000,0.0,0.0
2019-04-12 00:00:00-04:00,4.792268116714469,4.796239109727124,4.706895790478029,4.715581893920898,471708000,0.0,0.0
2019-04-15 00:00:00-04:00,4.7078890183114295,4.712852641868364,4.544093227790168,4.58380126953125,440092000,0.0,0.0
2019-04-16 00:00:00-04:00,4.623012768650671,4.689771747365335,4.590253613836357,4.670910358428955,394964000,0.0,0.0
2019-04-17 00:00:00-04:00,4.705903760183431,4.726750411102566,4.625743085798759,4.648078918457031,351004000,0.0,0.0
2019-04-18 00:00:00-04:00,4.654780337476299,4.6887801690019675,4.5957143458909,4.623509883880615,380988000,0.0,0.0
2019-04-22 00:00:00-04:00,4.599933045157507,4.69299886151223,4.5684150280058,4.677363872528076,279936000,0.0,0.0
2019-04-23 00:00:00-04:00,4.690516467511366,4.763232174587185,4.680837733630485,4.731961727142334,346856000,0.0,0.0
2019-04-24 00:00:00-04:00,4.742386157266434,4.78507256932482,4.681583415700867,4.7443718910217285,318204000,0.0,0.0
2019-04-25 00:00:00-04:00,4.704167797412249,4.726503636044284,4.558985319661341,4.6386494636535645,499296000,0.0,0.0
2019-04-26 00:00:00-04:00,4.484779129606712,4.489246674747815,4.30088128210903,4.41975736618042,868988000,0.0,0.0
2019-04-29 00:00:00-04:00,4.427699097605923,4.478327018148397,4.355479934581061,4.450531482696533,391920000,0.0,0.0
2019-04-30 00:00:00-04:00,4.418269800345679,4.5175399393497,4.399160363674042,4.491978168487549,362920000,0.0,0.0
2019-05-01 00:00:00-04:00,4.544341497677258,4.58653134894412,4.478574672452426,4.478823184967041,354280000,0.0,0.0
2019-05-02 00:00:00-04:00,4.488502741728818,4.588020898179105,4.4453202525601405,4.546327590942383,394684000,0.0,0.0
2019-05-03 00:00:00-04:00,4.554765719530355,4.564692494711842,4.48031277556151,4.541860580444336,336824000,0.0,0.0
2019-05-06 00:00:00-04:00,4.355479452879481,4.475596672124259,4.3182532258225175,4.463436126708984,422176000,0.0,0.0
2019-05-07 00:00:00-04:00,4.415042510939338,4.415042510939338,4.248020310880359,4.29616641998291,555220000,0.0,0.0
2019-05-08 00:00:00-04:00,4.268618415510849,4.396428635343332,4.256705909243241,4.316267967224121,419168000,0.0,0.0
2019-05-09 00:00:00-04:00,4.247276550501877,4.256955287379729,4.104823928857741,4.223699569702148,660248000,0.0,0.0
2019-05-10 00:00:00-04:00,4.192925098748698,4.2584434142362335,4.070078020530973,4.189698696136475,569500000,0.0,0.0
2019-05-13 00:00:00-04:00,4.057669516159789,4.080749939884971,3.9164575961922776,3.9323408603668213,656912000,0.0,0.0
2019-05-14 00:00:00-04:00,3.972048960653704,4.0566771872618155,3.9333337824100374,4.0214362144470215,524880000,0.0,0.0
2019-05-15 00:00:00-04:00,3.9658452641635358,3.9968672086079136,3.9065314635405106,3.96038556098938,502320000,0.0,0.0
2019-05-16 00:00:00-04:00,3.9549246203328727,4.0182093993864685,3.9124867284645917,3.975522994995117,781088000,0.0,0.0
2019-05-17 00:00:00-04:00,3.933581938973891,4.062881357317828,3.8452314704252637,3.8846912384033203,1022068000,0.0,0.0
2019-05-20 00:00:00-04:00,3.7859172341690277,3.84101222478381,3.7412455689832913,3.7660632133483887,572064000,0.0,0.0
2019-05-21 00:00:00-04:00,3.82686593973897,3.864092167254353,3.7881505305829655,3.8482089042663574,361848000,0.0,0.0
2019-05-22 00:00:00-04:00,3.8094945410851397,3.835552858546069,3.7663118145120333,3.7772316932678223,325868000,0.0,0.0
2019-05-23 00:00:00-04:00,3.714939448237951,3.714939448237951,3.5963116233667836,3.6561219692230225,591844000,0.0,0.0
2019-05-24 00:00:00-04:00,3.6749825009653336,3.710223469214556,3.595566421164282,3.602267265319824,357584000,0.0,0.0
2019-05-28 00:00:00-04:00,3.6198880482974656,3.65264720758781,3.5551140839343893,3.5570995807647705,428356000,0.0,0.0
2019-05-29 00:00:00-04:00,3.509449284862847,3.5444419751570027,3.4481500078923855,3.4828946590423584,559800000,0.0,0.0
2019-05-30 00:00:00-04:00,3.486125298427434,3.5219033772699504,3.4180475486195356,3.456310272216797,394300000,0.004,0.0
2019-05-31 00:00:00-04:00,3.407364133260645,3.4746964495150117,3.3638837931577723,3.3656229972839355,389720000,0.0,0.0
2019-06-03 00:00:00-04:00,3.3768031832936085,3.415562787127336,3.2945634824817485,3.3238816261291504,478644000,0.0,0.0
2019-06-04 00:00:00-04:00,3.3879831937382323,3.5581775296066076,3.3658704291198838,3.55295991897583,641836000,0.0,0.0
2019-06-05 00:00:00-04:00,3.626752908700462,3.6322190796802003,3.4739508130575,3.510225772857666,511616000,0.0,0.0
2019-06-06 00:00:00-04:00,3.5144491714895296,3.5969374224328976,3.5119645270942597,3.5723400115966797,408140000,0.0,0.0
2019-06-07 00:00:00-04:00,3.578303272594242,3.649362305643528,3.559171793970496,3.61507511138916,348856000,0.0,0.0
2019-06-10 00:00:00-04:00,3.6712262930699597,3.756447741978396,3.6712262930699597,3.687873125076294,402780000,0.0,0.0
2019-06-11 00:00:00-04:00,3.747752385765583,3.7855182288893694,3.706011490037741,3.745516300201416,383872000,0.0,0.0
2019-06-12 00:00:00-04:00,3.702035903686525,3.70824751565187,3.617311554238628,3.63246750831604,358892000,0.0,0.0
2019-06-13 00:00:00-04:00,3.654579721664152,3.702035339887835,3.636939125487163,3.6836495399475098,308080000,0.0,0.0
2019-06-14 00:00:00-04:00,3.590477951340887,3.614826806092271,3.5489853797836237,3.593707799911499,394428000,0.0,0.0
2019-06-17 00:00:00-04:00,3.59196814729233,3.640417765389285,3.5691099400561903,3.6033973693847656,276040000,0.0,0.0
2019-06-18 00:00:00-04:00,3.664766754332175,3.853843793364638,3.653834650270297,3.7984375953674316,581920000,0.0,0.0
2019-06-19 00:00:00-04:00,3.833719545104363,3.845148532930124,3.778313099230887,3.804401397705078,331644000,0.0,0.0
2019-06-20 00:00:00-04:00,3.895088440949179,3.909002072454372,3.814339382029556,3.828749895095825,350168000,0.0,0.0
2019-06-21 00:00:00-04:00,3.813842102657364,3.8630369263040083,3.7641501605527314,3.7706100940704346,434428000,0.0,0.0
2019-06-24 00:00:00-04:00,3.79197784795457,3.822538313320386,3.7447705479752598,3.792971611022949,282948000,0.0,0.0
2019-06-25 00:00:00-04:00,3.797940708918767,3.8729752666224133,3.7609203115760996,3.76365327835083,311868000,0.0,0.0
2019-06-26 00:00:00-04:00,3.8911128190805,4.018075406564828,3.8781929518012483,3.95695424079895,584072000,0.0,0.0
2019-06-27 00:00:00-04:00,4.042672669367494,4.074723779025369,4.006646033577113,4.0555925369262695,445440000,0.0,0.0
2019-06-28 00:00:00-04:00,4.09957033555538,4.108763474480115,4.0337289030255,4.08043909072876,397668000,0.0,0.0
2019-07-01 00:00:00-04:00,4.287653165839552,4.321940598852988,4.091122179552119,4.1286396980285645,709756000,0.0,0.0
2019-07-02 00:00:00-04:00,4.111992879592277,4.133112123655125,4.0175787457339345,4.030746936798096,400228000,0.0,0.0
2019-07-03 00:00:00-04:00,4.05410301974892,4.059817751631844,3.9837894022296467,4.043667793273926,246636000,0.0,0.0
2019-07-05 00:00:00-04:00,3.98527839228792,3.9897505623829805,3.9176973007602807,3.9810545444488525,396552000,0.0,0.0
2019-07-08 00:00:00-04:00,3.921425154839491,3.9403080763131437,3.875957292084664,3.9060206413269043,329788000,0.0,0.0
2019-07-09 00:00:00-04:00,3.863782307750123,3.9365807835488655,3.851110999361085,3.9085049629211426,342860000,0.0,0.0
2019-07-10 00:00:00-04:00,3.951985699840806,4.03422540705508,3.938072067724618,3.9768316745758057,452076000,0.0,0.0
2019-07-11 00:00:00-04:00,4.049877254575544,4.1721190981811125,4.012608538519438,4.131371974945068,682560000,0.0,0.0
2019-07-12 00:00:00-04:00,4.159201084264136,4.235478227826064,4.159201084264136,4.164418697357178,506392000,0.0,0.0
2019-07-15 00:00:00-04:00,4.185537038267442,4.201686518778212,4.127646188167227,4.155970096588135,289840000,0.0,0.0
2019-07-16 00:00:00-04:00,4.141062507589218,4.1783312304111115,4.095594409841845,4.151249408721924,341444000,0.0,0.0
2019-07-17 00:00:00-04:00,4.15298958045273,4.223551990126137,4.12367142952488,4.21659517288208,348204000,0.0,0.0
2019-07-18 00:00:00-04:00,4.227029875671264,4.291132104887023,4.170381107496015,4.228271961212158,442192000,0.0,0.0
2019-07-19 00:00:00-04:00,4.266535223710774,4.272994921990984,4.179077420349852,4.185040473937988,344896000,0.0,0.0
2019-07-22 00:00:00-04:00,4.206407966203841,4.269516435468309,4.198954030880598,4.256596565246582,315940000,0.0,0.0
2019-07-23 00:00:00-04:00,4.295851756406252,4.36641366183239,4.280198450442191,4.364426136016846,428176000,0.0,0.0
2019-07-24 00:00:00-04:00,4.407658697138014,4.444679097034165,4.331630371171994,4.438964366912842,366236000,0.0,0.0
2019-07-25 00:00:00-04:00,4.397471997240203,4.410143543446418,4.284423266209168,4.307778358459473,392700000,0.0,0.0
2019-07-26 00:00:00-04:00,4.334860766609773,4.396478347478795,4.334860766609773,4.349768161773682,274160000,0.0,0.0
2019-07-29 00:00:00-04:00,4.342561687587236,4.35970540000584,4.255352718164589,4.343555450439453,248160000,0.0,0.0
2019-07-30 00:00:00-04:00,4.2970948393221455,4.371383965273635,4.282684089069796,4.3592095375061035,197772000,0.0,0.0
2019-07-31 00:00:00-04:00,4.327653969542075,4.328648206325335,4.149757617746027,4.191995620727539,359416000,0.0,0.0
2019-08-01 00:00:00-04:00,4.2024302241841465,4.292869268066532,4.045404337763364,4.097580909729004,421212000,0.0,0.0
2019-08-02 00:00:00-04:00,4.004906177520752,4.0742264709262415,3.957450800385689,4.004906177520752,428348000,0.0,0.0
2019-08-05 00:00:00-04:00,3.8212960318814724,3.8225383542046103,3.699551287599022,3.7465100288391113,589156000,0.0,0.0
2019-08-06 00:00:00-04:00,3.8212961363345754,3.8667639972502372,3.7375655524461435,3.7852694988250732,361272000,0.0,0.0
2019-08-07 00:00:00-04:00,3.724397242992687,3.8354584483576475,3.7070052033399605,3.8235323429107666,372560000,0.0,0.0
2019-08-08 00:00:00-04:00,3.881174610564575,3.93335096298419,3.823780646597873,3.9321086406707764,309300000,0.0,0.0
2019-08-09 00:00:00-04:00,3.8911125985963704,3.8945910059783975,3.780299969964513,3.8307371139526367,341816000,0.0,0.0
2019-08-12 00:00:00-04:00,3.7785615335257896,3.8307378917995485,3.7410442484667956,3.762908697128296,279200000,0.0,0.0
2019-08-13 00:00:00-04:00,3.7614172480245873,3.9231639105801226,3.7224093240755445,3.8771989345550537,351956000,0.0,0.0
2019-08-14 00:00:00-04:00,3.7889964987881273,3.8001771631502885,3.6848923486268808,3.728621006011963,419880000,0.0,0.0
2019-08-15 00:00:00-04:00,3.7475040811256988,3.7673807659323457,3.6620342890673627,3.696321487426758,477200000,0.0,0.0
2019-08-16 00:00:00-04:00,3.9591910241168424,4.0136032294484005,3.897821528919343,3.9644086360931396,1007960000,0.0,0.0
2019-08-19 00:00:00-04:00,4.077706137362355,4.259080954242912,4.061556182081943,4.2431793212890625,815112000,0.0,0.0
2019-08-20 00:00:00-04:00,4.237713125338106,4.2382102438581395,4.149758689607738,4.170877933502197,463188000,0.0,0.0
2019-08-21 00:00:00-04:00,4.236966732632359,4.3095166386107,4.215350848971618,4.254358768463135,427244000,0.0,0.0
2019-08-22 00:00:00-04:00,4.264048933215801,4.306535258976932,4.221313811307028,4.260570526123047,303488000,0.0,0.0
2019-08-23 00:00:00-04:00,4.184046095850396,4.238458537186339,4.016087804575927,4.035964488983154,568056000,0.0,0.0
2019-08-26 00:00:00-04:00,4.114726201585745,4.138826734402694,4.072488188579572,4.110750675201416,318208000,0.0,0.0
2019-08-27 00:00:00-04:00,4.149013784011052,4.151746751479944,3.990745728080132,4.020063877105713,290968000,0.0,0.0
2019-08-28 00:00:00-04:00,3.993700906842057,4.062343184476461,3.9544053221293782,4.009617805480957,255612000,0.004,0.0
2019-08-29 00:00:00-04:00,4.101140712822491,4.185700354271746,4.097658861975754,4.153368949890137,357976000,0.0,0.0
2019-08-30 00:00:00-04:00,4.199627533275065,4.249368663599318,4.147896909535147,4.166052341461182,290616000,0.0,0.0
2019-09-03 00:00:00-04:00,4.093180951813853,4.126258524250914,4.060103379376793,4.08298397064209,296140000,0.0,0.0
2019-09-04 00:00:00-04:00,4.143670082751071,4.204602961362762,4.143670082751071,4.197141647338867,227728000,0.0,0.0
2019-09-05 00:00:00-04:00,4.299358914148982,4.47643665878179,4.2976179885950545,4.470219135284424,695676000,0.0,0.0
2019-09-06 00:00:00-04:00,4.446840408356419,4.503793814868232,4.405058195453415,4.44310998916626,376976000,0.0,0.0
2019-09-09 00:00:00-04:00,4.474198331435024,4.575670103266216,4.472705973928685,4.4891204833984375,417524000,0.0,0.0
2019-09-10 00:00:00-04:00,4.456291457142539,4.582384755788009,4.446592082100578,4.555773735046387,352812000,0.0,0.0
2019-09-11 00:00:00-04:00,4.570446072859448,4.632622242415525,4.5413474812997805,4.584373474121094,361512000,0.0,0.0
2019-09-12 00:00:00-04:00,4.630882136212665,4.68559700432619,4.574923478842804,4.582881927490234,327840000,0.0,0.0
2019-09-13 00:00:00-04:00,4.516228235760829,4.5532852736186795,4.4811606910707855,4.524932861328125,324592000,0.0,0.0
2019-09-16 00:00:00-04:00,4.449825006992703,4.516477786278243,4.439379454039742,4.481907844543457,231832000,0.0,0.0
2019-09-17 00:00:00-04:00,4.48862326853421,4.507524882061295,4.442115413456599,4.503296852111816,223048000,0.0,0.0
2019-09-18 00:00:00-04:00,4.49633310869276,4.512001438992079,4.389638562797423,4.476187705993652,258152000,0.0,0.0
2019-09-19 00:00:00-04:00,4.482156287610649,4.500560763185718,4.389886764733637,4.400581359863281,245476000,0.0,0.0
2019-09-20 00:00:00-04:00,4.399587358711012,4.423214140254403,4.284685785594348,4.294882297515869,350244000,0.0,0.0
2019-09-23 00:00:00-04:00,4.295131814618561,4.393867456343433,4.291400920218746,4.348354339599609,249712000,0.0,0.0
2019-09-24 00:00:00-04:00,4.3796902872463725,4.409286020008458,4.255337926785013,4.290902614593506,317268000,0.0,0.0
2019-09-25 00:00:00-04:00,4.290404701956607,4.452311706754026,4.245637779443651,4.432663917541504,308432000,0.0,0.0
2019-09-26 00:00:00-04:00,4.422965134946498,4.4316697627793165,4.359545161459809,4.410529613494873,234564000,0.0,0.0
2019-09-27 00:00:00-04:00,4.3687470450950885,4.419482924890661,4.211068061333984,4.27175235748291,362056000,0.0,0.0
2019-09-30 00:00:00-04:00,4.297617428009608,4.339399635853765,4.266280297759916,4.329202651977539,186184000,0.0,0.0
2019-10-01 00:00:00-04:00,4.352333723316713,4.501556688703775,4.32273798302591,4.327463150024414,366008000,0.0,0.0
2019-10-02 00:00:00-04:00,4.3055754994021775,4.317513407561002,4.231212853022396,4.303586006164551,293372000,0.0,0.0
2019-10-03 00:00:00-04:00,4.3080632998556965,4.515482945969058,4.277721388425438,4.509265422821045,450588000,0.0,0.0
2019-10-04 00:00:00-04:00,4.511503143271314,4.555026750748866,4.446342727647082,4.525679588317871,265524000,0.0,0.0
2019-10-07 00:00:00-04:00,4.590590996203396,4.684103818598174,4.581886370414868,4.584373474121094,480984000,0.0,0.0
2019-10-08 00:00:00-04:00,4.492603188374179,4.492603188374179,4.389639513837669,4.407794952392578,444436000,0.0,0.0
2019-10-09 00:00:00-04:00,4.484643429882052,4.543835369834429,4.455793875766572,4.494342803955078,292412000,0.0,0.0
2019-10-10 00:00:00-04:00,4.492103897616338,4.603025969889815,4.486881122223188,4.552041530609131,309124000,0.0,0.0
2019-10-11 00:00:00-04:00,4.636105496736535,4.708975807367671,4.617203882338242,4.625659942626953,446404000,0.0,0.0
2019-10-14 00:00:00-04:00,4.616953738324988,4.6599797339112445,4.585865651549163,4.6390886306762695,200040000,0.0,0.0
2019-10-15 00:00:00-04:00,4.729368645375923,4.956436057481802,4.7154407688692315,4.883813858032227,664124000,0.0,0.0
2019-10-16 00:00:00-04:00,4.849742607121037,4.954696231340249,4.8186545134856456,4.830094814300537,428944000,0.0,0.0
2019-10-17 00:00:00-04:00,4.874613049096965,4.9196285467818335,4.777617876928295,4.832084655761719,263436000,0.0,0.0
2019-10-18 00:00:00-04:00,4.832580713879512,4.8651611569143345,4.663212882698809,4.737575531005859,307440000,0.0,0.0
2019-10-21 00:00:00-04:00,4.7990071627051964,4.888292464265105,4.78010554690477,4.874862194061279,261868000,0.0,0.0
2019-10-22 00:00:00-04:00,4.931814329150137,5.0370165038770205,4.857203106670978,4.864912986755371,328720000,0.0,0.0
2019-10-23 00:00:00-04:00,4.782840332775047,4.866156179982779,4.751006066506949,4.851980209350586,279916000,0.0,0.0
2019-10-24 00:00:00-04:00,4.893265668927395,4.929576538933724,4.859193335168025,4.896001815795898,232020000,0.0,0.0
2019-10-25 00:00:00-04:00,4.976582543129671,5.107898632346243,4.968872661045614,5.087007522583008,423092000,0.0,0.0
2019-10-28 00:00:00-04:00,5.130777888075237,5.195441168710671,5.101430725108639,5.142964839935303,330792000,0.0,0.0
2019-10-29 00:00:00-04:00,5.12903683665235,5.135503401740243,5.027316989858623,5.04671573638916,211236000,0.0,0.0
2019-10-30 00:00:00-04:00,5.073577582043581,5.079297970531409,4.980561854682483,5.048707008361816,205960000,0.0,0.0
2019-10-31 00:00:00-04:00,5.027815504681381,5.048706614170909,4.919629063134394,4.999463081359863,209732000,0.0,0.0
2019-11-01 00:00:00-04:00,4.964145293047688,5.07083981560393,4.939026161565736,5.038508415222168,283640000,0.0,0.0
2019-11-04 00:00:00-05:00,5.119585593119121,5.247668825463427,5.096456429859216,5.235233306884766,376716000,0.0,0.0
2019-11-05 00:00:00-05:00,5.2349853307351975,5.261099211153252,5.1650992738307515,5.213099479675293,300868000,0.0,0.0
2019-11-06 00:00:00-05:00,5.188975642702698,5.214591915289873,5.07631214409579,5.163856506347656,269012000,0.0,0.0
2019-11-07 00:00:00-05:00,5.250407029277308,5.265080616219973,5.136748753925333,5.181515693664551,280340000,0.0,0.0
2019-11-08 00:00:00-05:00,5.164602563014109,5.1991725049956825,5.127047906243742,5.167586803436279,189100000,0.0,0.0
2019-11-11 00:00:00-05:00,5.16683951019615,5.200663266184377,5.08053895791327,5.177534103393555,243436000,0.0,0.0
2019-11-12 00:00:00-05:00,5.215835151761958,5.269058133690111,5.180767602081583,5.213099479675293,283504000,0.0,0.0
2019-11-13 00:00:00-05:00,5.181762106581593,5.209368342980656,5.120829721787799,5.187233924865723,300188000,0.0,0.0
2019-11-14 00:00:00-05:00,5.196186837359422,5.21981408576045,5.136249202497248,5.217575550079346,518080000,0.0,0.0
2019-11-15 00:00:00-05:00,5.215338372624223,5.267069005527581,4.9900118377394005,5.078302383422852,1053628000,0.0,0.0
2019-11-18 00:00:00-05:00,5.070839934954084,5.306114360371391,5.067855694970093,5.279503345489502,574588000,0.0,0.0
2019-11-19 00:00:00-05:00,5.24841605089638,5.272042829358788,5.114612880246556,5.172809600830078,414564000,0.0,0.0
2019-11-20 00:00:00-05:00,5.1499287794842115,5.335959707478232,5.1372446908596405,5.252146244049072,472588000,0.0,0.0
2019-11-21 00:00:00-05:00,5.2476693393979,5.303378950113375,5.20563808890876,5.227275371551514,288388000,0.0,0.0
2019-11-22 00:00:00-05:00,5.249906861397849,5.296414704487735,5.221305880354842,5.244933128356934,224100000,0.0,0.0
2019-11-25 00:00:00-05:00,5.37301514696367,5.506569703854871,5.360082494102385,5.501595497131348,506476000,0.0,0.0
2019-11-26 00:00:00-05:00,5.483938819047379,5.488664459135034,5.390425982090966,5.396892547607422,385244000,0.0,0.0
2019-11-27 00:00:00-05:00,5.442439910912744,5.4767861387721615,5.40535551713588,5.431737422943115,215784000,0.004,0.0
2019-11-29 00:00:00-05:00,5.400875749511438,5.429248617855762,5.370510969850476,5.394404411315918,141556000,0.0,0.0
2019-12-02 00:00:00-05:00,5.387434453929182,5.400874630648359,5.192803966022088,5.207985877990723,372036000,0.0,0.0
2019-12-03 00:00:00-05:00,5.024306759555825,5.172395085277545,4.986973620057206,5.168413162231445,465232000,0.0,0.0
2019-12-04 00:00:00-05:00,5.252040371928979,5.274440355387221,5.1835961890140085,5.212218284606934,273424000,0.0,0.0
2019-12-05 00:00:00-05:00,5.234119066587545,5.249798954977215,5.164678950511986,5.1952924728393555,184884000,0.0,0.0
2019-12-06 00:00:00-05:00,5.264484664426216,5.313515777740438,5.254528906006059,5.2806620597839355,232236000,0.0,0.0
2019-12-09 00:00:00-05:00,5.25776457496428,5.335417781661417,5.249053523704988,5.2806620597839355,211880000,0.0,0.0
2019-12-10 00:00:00-05:00,5.310775235172312,5.377477647416356,5.258010973422166,5.325708866119385,256388000,0.0,0.0
2019-12-11 00:00:00-05:00,5.336163746826029,5.414812423158617,5.333674807577428,5.409336566925049,233796000,0.0,0.0
2019-12-12 00:00:00-05:00,5.380466709179545,5.595008279610874,5.371506906020866,5.576839447021484,404348000,0.0,0.0
2019-12-13 00:00:00-05:00,5.579827008704498,5.699044528372377,5.520840127830656,5.5748491287231445,454704000,0.0,0.0
2019-12-16 00:00:00-05:00,5.622384130858723,5.676143880017745,5.594259549514338,5.60371732711792,320976000,0.0,0.0
2019-12-17 00:00:00-05:00,5.622384196565393,5.7045172794950165,5.6129264188512815,5.681868553161621,321196000,0.0,0.0
2019-12-18 00:00:00-05:00,5.716713921182411,5.772713869839721,5.708251622324569,5.712234020233154,343548000,0.0,0.0
2019-12-19 00:00:00-05:00,5.7468300594801685,5.873763131213016,5.741852180263188,5.860322952270508,445360000,0.0,0.0
2019-12-20 00:00:00-05:00,5.926775508813562,5.983024208500768,5.907611198148669,5.957637786865234,603044000,0.0,0.0
2019-12-23 00:00:00-05:00,5.986259764132707,6.018366273885949,5.9332467340486685,5.943948745727539,355060000,0.0,0.0
2019-12-24 00:00:00-05:00,5.928517306160932,5.95614391368666,5.894170610379411,5.938970565795898,138864000,0.0,0.0
2019-12-26 00:00:00-05:00,5.942456367097838,5.981282972503583,5.923540804870677,5.953158855438232,182852000,0.0,0.0
2019-12-27 00:00:00-05:00,5.968340337367276,5.981780516027428,5.869033880243233,5.895416259765625,254644000,0.0,0.0
2019-12-30 00:00:00-05:00,5.873513855366277,5.878740485662543,5.750811944449215,5.782171726226807,258056000,0.0,0.0
2019-12-31 00:00:00-05:00,5.7468289828147485,5.865797710341713,5.7276646736081585,5.856339931488037,231004000,0.0,0.0
2020-01-02 00:00:00-05:00,5.942207075173676,5.971077919006348,5.891682979787332,5.971077919006348,237536000,0.0,0.0
2020-01-03 00:00:00-05:00,5.851362305182769,5.9193089700123815,5.826473387405685,5.875504493713379,205384000,0.0,0.0
2020-01-06 00:00:00-05:00,5.78217132471316,5.905370730122537,5.756038175046519,5.900144100189209,262636000,0.0,0.0
2020-01-07 00:00:00-05:00,5.9285175131814745,6.017370697897998,5.883468804691061,5.9715752601623535,314856000,0.0,0.0
2020-01-08 00:00:00-05:00,5.967344548549254,6.02409122818226,5.92727371561059,5.982775688171387,277108000,0.0,0.0
2020-01-09 00:00:00-05:00,6.069140188913055,6.120908991813925,5.9947226534222215,6.048482418060303,255112000,0.0,0.0
2020-01-10 00:00:00-05:00,6.155751792284249,6.186116088078672,6.0666498661842505,6.080836296081543,316296000,0.0,0.0
2020-01-13 00:00:00-05:00,6.163964878263415,6.296622039512179,6.141315677811305,6.271484375,319840000,0.0,0.0
2020-01-14 00:00:00-05:00,6.228677378026615,6.254064276830669,6.141317640332306,6.1545090675354,359088000,0.0,0.0
2020-01-15 00:00:00-05:00,6.167199786821904,6.189599760061059,6.0860621903719,6.1119465827941895,263104000,0.0,0.0
2020-01-16 00:00:00-05:00,6.165459211777373,6.201548119865506,6.142063751814368,6.195574760437012,284192000,0.0,0.0
2020-01-17 00:00:00-05:00,6.214738881645233,6.222205699382475,6.156747973897517,6.204285621643066,253792000,0.0,0.0
2020-01-21 00:00:00-05:00,6.167699961913598,6.204535602628313,6.136837681171992,6.17093563079834,217916000,0.0,0.0
2020-01-22 00:00:00-05:00,6.216232587499454,6.311556638293385,6.19731702825236,6.2249436378479,239240000,0.0,0.0
2020-01-23 00:00:00-05:00,6.265015025340445,6.301850188800662,6.176161835918426,6.2933878898620605,244516000,0.0,0.0
2020-01-24 00:00:00-05:00,6.408872747111983,6.458650589403411,6.179895527061451,6.2341532707214355,373512000,0.0,0.0
2020-01-27 00:00:00-05:00,5.929513917591707,6.0293183555907035,5.779932111084049,5.978296279907227,470536000,0.0,0.0
2020-01-28 00:00:00-05:00,6.044251311365819,6.204037622473159,5.99098904942448,6.171682357788086,310976000,0.0,0.0
2020-01-29 00:00:00-05:00,6.157246913273361,6.193335825898142,6.071380157392558,6.111202716827393,258848000,0.0,0.0
2020-01-30 00:00:00-05:00,6.0133873406747975,6.131360573548575,5.958383358696446,6.117920398712158,290504000,0.0,0.0
2020-01-31 00:00:00-05:00,6.072125914926748,6.084072633373489,5.842651224069046,5.884464263916016,370420000,0.0,0.0
2020-02-03 00:00:00-05:00,5.866295112166753,6.000943726722339,5.860073001776893,5.981530666351318,255564000,0.0,0.0
2020-02-04 00:00:00-05:00,6.123397571961286,6.169939741532912,6.073370982195707,6.150774955749512,271544000,0.0,0.0
2020-02-05 00:00:00-05:00,6.27173482221938,6.281939331547588,6.157743958899385,6.241121768951416,208220000,0.0,0.0
2020-02-06 00:00:00-05:00,6.275467851868339,6.3279829025268555,6.1943302377118075,6.3279829025268555,218284000,0.0,0.0
2020-02-07 00:00:00-05:00,6.287913895982825,6.310065129026218,6.236393836411156,6.261780738830566,189752000,0.0,0.0
2020-02-10 00:00:00-05:00,6.284427711474743,6.545760159094966,6.279449833018814,6.545013904571533,529608000,0.0,0.0
2020-02-11 00:00:00-05:00,6.653280208935729,6.782204223899052,6.5913069033457505,6.667466640472412,638556000,0.0,0.0
2020-02-12 00:00:00-05:00,6.720231472438191,6.789671601503967,6.681404871426681,6.783200263977051,374644000,0.0,0.0
2020-02-13 00:00:00-05:00,6.725210137747723,6.806596521112005,6.697832275255539,6.739396572113037,528016000,0.0,0.0
2020-02-14 00:00:00-05:00,7.149563256675008,7.341456059311746,7.118203476398175,7.212532043457031,1041924000,0.0,0.0
2020-02-18 00:00:00-05:00,7.109244022181215,7.399697049462996,7.0898309582554475,7.381278991699219,620164000,0.0,0.0
2020-02-19 00:00:00-05:00,7.503730327929483,7.850182749130811,7.503730327929483,7.8325114250183105,694332000,0.0,0.0
2020-02-20 00:00:00-05:00,7.784478228486057,7.8728334470144254,7.3758036554537405,7.683180809020996,810052000,0.0,0.0
2020-02-21 00:00:00-05:00,7.570931672861622,7.596069343806653,7.234185718205437,7.319056510925293,768180000,0.0,0.0
2020-02-24 00:00:00-05:00,6.724710680746953,7.015412417963896,6.67020419402814,6.80161714553833,856916000,0.0,0.0
2020-02-25 00:00:00-05:00,6.876782232264527,6.9387555440768045,6.420321266694582,6.522116661071777,1055496000,0.0,0.0
2020-02-26 00:00:00-05:00,6.522365711253271,6.855627272496365,6.520872727258311,6.661494255065918,747732000,0.0,0.0
2020-02-27 00:00:00-05:00,6.347955007233262,6.6492901160508096,6.198283766428199,6.290676593780518,906416000,0.004,0.0
2020-02-28 00:00:00-05:00,6.038154250442662,6.785265631071536,6.021468903542134,6.725745677947998,1133252000,0.0,0.0
2020-03-02 00:00:00-05:00,6.895837826861566,6.913021448545588,6.499868777188003,6.8841328620910645,890744000,0.0,0.0
2020-03-03 00:00:00-05:00,6.9399192272043555,6.999688093298717,6.536229886937159,6.621649742126465,652792000,0.0,0.0
2020-03-04 00:00:00-05:00,6.728980953228139,7.0948163317899855,6.65426955602326,7.085352897644043,597408000,0.0,0.0
2020-03-05 00:00:00-05:00,6.885876083361158,7.052730968165958,6.761357526790429,6.805935382843018,540328000,0.0,0.0
2020-03-06 00:00:00-05:00,6.626379453327108,6.683907250630591,6.425157325422228,6.625383377075195,515412000,0.0,0.0
2020-03-09 00:00:00-04:00,5.974399911526816,6.460022441611554,5.931565785360691,6.112366676330566,614160000,0.0,0.0
2020-03-10 00:00:00-04:00,6.388797187781808,6.50186014175415,6.126063463078123,6.50186014175415,580648000,0.0,0.0
2020-03-11 00:00:00-04:00,6.361902064085401,6.390292375183355,6.040893330926484,6.138017654418945,499964000,0.0,0.0
2020-03-12 00:00:00-04:00,5.614790095414471,5.880263628706934,5.374220366042612,5.386921405792236,816540000,0.0,0.0
2020-03-13 00:00:00-04:00,5.740304950543586,6.002291990483821,5.469103849526931,5.997809410095215,634836000,0.0,0.0
2020-03-16 00:00:00-04:00,5.289796840505628,5.6307289757681565,4.831319638794608,4.891088485717773,726972000,0.0,0.0
2020-03-17 00:00:00-04:00,5.003404879250918,5.500234162523847,4.756609277259598,5.410829544067383,833632000,0.0,0.0
2020-03-18 00:00:00-04:00,4.983231208813141,5.228283469058943,4.499601419537163,5.050969123840332,874268000,0.0,0.0
2020-03-19 00:00:00-04:00,5.029553985292051,5.3973821461499005,4.816129538877679,5.303744316101074,765512000,0.0,0.0
2020-03-20 00:00:00-04:00,5.453910912797467,5.73582082578316,5.108496765570491,5.123937129974365,804636000,0.0,0.0
2020-03-23 00:00:00-04:00,5.12294220354484,5.391155563804582,4.943884554727425,5.296770095825195,643876000,0.0,0.0
2020-03-24 00:00:00-04:00,5.70294954037005,6.292171604857981,5.679291186682041,6.205506324768066,1101644000,0.0,0.0
2020-03-25 00:00:00-04:00,6.320562481748163,6.520290281878685,6.068038833889912,6.11685037612915,793432000,0.0,0.0
2020-03-26 00:00:00-04:00,6.324048223224364,6.5302512073855095,6.225927824904156,6.406230926513672,696108000,0.0,0.0
2020-03-27 00:00:00-04:00,6.225927488151051,6.5526642311293,6.193054598613622,6.293914794921875,638828000,0.0,0.0
2020-03-30 00:00:00-04:00,6.359411602587438,6.623391286850987,6.31533202177179,6.6141767501831055,602252000,0.0,0.0
2020-03-31 00:00:00-04:00,6.65426969364465,6.858480470227707,6.418929761332998,6.564616680145264,949960000,0.0,0.0
2020-04-01 00:00:00-04:00,6.366633735921976,6.513067390574506,6.00876734687262,6.0533447265625,656912000,0.0,0.0
2020-04-02 00:00:00-04:00,6.082481291487029,6.375349031455613,6.0344174147960805,6.362150192260742,675764000,0.0,0.0
2020-04-03 00:00:00-04:00,6.32454562778288,6.366134774325188,5.936795093852247,6.074263572692871,663212000,0.0,0.0
2020-04-06 00:00:00-04:00,6.356423567850926,6.721014090642787,6.298895768250316,6.68415641784668,727884000,0.0,0.0
2020-04-07 00:00:00-04:00,6.905799262273358,6.929458092806241,6.407725019484068,6.450808525085449,784520000,0.0,0.0
2020-04-08 00:00:00-04:00,6.559885910074075,6.672948867099333,6.489906453358047,6.648045063018799,542444000,0.0,0.0
2020-04-09 00:00:00-04:00,6.773809185156452,6.7967203623339065,6.485423993071213,6.548430442810059,525564000,0.0,0.0
2020-04-13 00:00:00-04:00,6.488662221958455,6.728983080179184,6.400254158571719,6.720266819000244,398408000,0.0,0.0
2020-04-14 00:00:00-04:00,6.848519962641627,7.1055261364577325,6.820876830501493,7.071408271789551,530948000,0.0,0.0
2020-04-15 00:00:00-04:00,6.903309351263396,7.07688836328037,6.857984789374057,6.993958950042725,366148000,0.0,0.0
2020-04-16 00:00:00-04:00,7.149357193306703,7.4462092792659,7.136158352257488,7.339123249053955,745620000,0.0,0.0
2020-04-17 00:00:00-04:00,7.421306153923963,7.442723456928721,7.145871343771936,7.279853343963623,539120000,0.0,0.0
2020-04-20 00:00:00-04:00,7.153342070869762,7.309239162563449,7.1042816355442255,7.1486101150512695,449388000,0.0,0.0
2020-04-21 00:00:00-04:00,7.0305668136923725,7.091829539403619,6.652030295879827,6.711799144744873,735160000,0.0,0.0
2020-04-22 00:00:00-04:00,6.904056633206136,7.16903242408796,6.858483170277739,7.126197814941406,483356000,0.0,0.0
2020-04-23 00:00:00-04:00,7.168282772698679,7.300272109372567,7.047748547886467,7.072901248931885,424160000,0.0,0.0
2020-04-24 00:00:00-04:00,7.062692442567916,7.213857577547646,6.987981026144072,7.211865425109863,352328000,0.0,0.0
2020-04-27 00:00:00-04:00,7.346345919337004,7.558276460300396,7.321691013396195,7.398394584655762,479388000,0.0,0.0
2020-04-28 00:00:00-04:00,7.545822309918801,7.575706964463241,7.250464642923559,7.255943298339844,442904000,0.0,0.0
2020-04-29 00:00:00-04:00,7.3906747163764015,7.485557989512816,7.315465493772328,7.432762145996094,379160000,0.0,0.0
2020-04-30 00:00:00-04:00,7.378720886218428,7.432762181610397,7.264911212974627,7.278857231140137,375916000,0.0,0.0
2020-05-01 00:00:00-04:00,7.0813698596363315,7.194681722002568,6.993957878668124,7.042271137237549,342096000,0.0,0.0
2020-05-04 00:00:00-04:00,6.994954166898053,7.267899006058061,6.994954166898053,7.254201889038086,317556000,0.0,0.0
2020-05-05 00:00:00-04:00,7.358300046895456,7.477837751175259,7.254202237542955,7.315216541290283,368896000,0.0,0.0
2020-05-06 00:00:00-04:00,7.394660306852498,7.5209221345466934,7.356806553579134,7.416077136993408,323464000,0.0,0.0
2020-05-07 00:00:00-04:00,7.555286831262217,7.655648744920754,7.503985348163967,7.592393398284912,373732000,0.0,0.0
2020-05-08 00:00:00-04:00,7.664116946015508,7.788635500703007,7.630247978940607,7.78240966796875,339216000,0.0,0.0
2020-05-11 00:00:00-04:00,7.777431379125869,8.081257056857176,7.748792159093955,8.034438133239746,469060000,0.0,0.0
2020-05-12 00:00:00-04:00,8.092210821639759,8.141021876961775,7.762734773214537,7.772447109222412,493060000,0.0,0.0
2020-05-13 00:00:00-04:00,7.887005024962632,8.047384694158001,7.565498035666604,7.750034809112549,625852000,0.0,0.0
2020-05-14 00:00:00-04:00,7.811547087740847,8.005049026479924,7.657891048162896,7.999570369720459,602312000,0.0,0.0
2020-05-15 00:00:00-04:00,7.8593596747418015,8.467756864818677,7.8436704101696755,8.45804500579834,987660000,0.0,0.0
2020-05-18 00:00:00-04:00,8.726757624174741,8.882156904458133,8.64706583172189,8.716547012329102,774460000,0.0,0.0
2020-05-19 00:00:00-04:00,8.756393042945989,9.052497941010735,8.728998810744676,8.771584510803223,717320000,0.0,0.0
2020-05-20 00:00:00-04:00,8.956370532987304,9.008170295929782,8.854514259220592,8.93545150756836,587536000,0.0,0.0
2020-05-21 00:00:00-04:00,9.016639099197258,9.017634700566356,8.703848319064196,8.741453170776367,761068000,0.0,0.0
2020-05-22 00:00:00-04:00,8.79125766258948,9.057977113329207,8.679689536790752,8.991483688354492,1038764000,0.0,0.0
2020-05-26 00:00:00-04:00,9.121482924873183,9.146387208523647,8.638600122405887,8.684173583984375,770780000,0.0,0.0
2020-05-27 00:00:00-04:00,8.591780807781486,8.59950051785167,7.965950391400026,8.492415428161621,1175892000,0.0,0.0
2020-05-28 00:00:00-04:00,8.379849331386758,8.72675841529531,8.346976440269852,8.454312324523926,734896000,0.0,0.0
2020-05-29 00:00:00-04:00,8.521549680755234,8.841313362121582,8.45231740901086,8.841313362121582,745256000,0.0,0.0
2020-06-01 00:00:00-04:00,8.799227669489188,8.806698478293196,8.656031150738611,8.772331237792969,389876000,0.0,0.0
2020-06-02 00:00:00-04:00,8.762368323979896,8.803209812078899,8.624650495509748,8.791255950927734,391320000,0.0,0.0
2020-06-03 00:00:00-04:00,8.788270910721511,8.832101115137124,8.666491209530859,8.735723495483398,365440000,0.0,0.0
2020-06-04 00:00:00-04:00,8.698351038544422,8.91286985853475,8.64802266856335,8.73672103881836,424280000,0.004,0.0
2020-06-05 00:00:00-04:00,8.764625577406946,8.96643707994783,8.678419249212652,8.88969898223877,481748000,0.0,0.0
2020-06-08 00:00:00-04:00,8.847093241462918,8.859550588229734,8.656244065795697,8.775089263916016,387736000,0.0,0.0
2020-06-09 00:00:00-04:00,8.770107485305786,9.078804900685602,8.72152316013126,9.015271186828613,468488000,0.0,0.0
2020-06-10 00:00:00-04:00,9.136606093088256,9.467727031102099,9.12240374979745,9.334929466247559,632180000,0.0,0.0
2020-06-11 00:00:00-04:00,9.118916430156073,9.229788430093894,8.756153594691645,8.766368865966797,583652000,0.0,0.0
2020-06-12 00:00:00-04:00,9.13137603070364,9.156041713433337,8.67368562111554,8.902156829833984,570908000,0.0,0.0
2020-06-15 00:00:00-04:00,8.78530317067049,9.151056023310044,8.714045295381599,9.142584800720215,400004000,0.0,0.0
2020-06-16 00:00:00-04:00,9.193665102509437,9.23527324140428,8.80872661381152,9.03769588470459,535716000,0.0,0.0
2020-06-17 00:00:00-04:00,9.082792693598257,9.267412763702257,9.039439558030717,9.20462703704834,408304000,0.0,0.0
2020-06-18 00:00:00-04:00,9.195656722193018,9.250968222748897,9.083538687223703,9.186687469482422,254408000,0.0,0.0
2020-06-19 00:00:00-04:00,9.211102283168469,9.41291375503679,9.195903884184563,9.229787826538086,524160000,0.0,0.0
2020-06-22 00:00:00-04:00,9.26840846511835,9.498872728106782,9.241748771132274,9.49438762664795,398468000,0.0,0.0
2020-06-23 00:00:00-04:00,9.518551058550429,9.609740477619125,9.375539209186035,9.41789436340332,375108000,0.0,0.0
2020-06-24 00:00:00-04:00,9.44406080156849,9.524038946174473,9.11343777249672,9.204129219055176,449372000,0.0,0.0
2020-06-25 00:00:00-04:00,9.323969070455242,9.47271210611004,9.151058380419418,9.457762718200684,376072000,0.0,0.0
2020-06-26 00:00:00-04:00,9.46773070194911,9.46773070194911,9.094004490030066,9.123902320861816,592084000,0.0,0.0
2020-06-29 00:00:00-04:00,9.138599161455831,9.173231095152873,8.869764950633526,9.168745994567871,342248000,0.0,0.0
2020-06-30 00:00:00-04:00,9.282358700750349,9.493887403842274,9.235020409436098,9.465484619140625,367892000,0.0,0.0
2020-07-01 00:00:00-04:00,9.488407085889033,9.543220549413103,9.381023184467141,9.497625350952148,326648000,0.0,0.0
2020-07-02 00:00:00-04:00,9.606255259176056,9.704420895402581,9.545711625606168,9.579596519470215,364056000,0.0,0.0
2020-07-06 00:00:00-04:00,9.70865565322955,9.87508814798096,9.67950487517596,9.805824279785156,315892000,0.0,0.0
2020-07-07 00:00:00-04:00,9.912460915483056,10.035790250265816,9.817285352287557,9.838213920593262,357800000,0.0,0.0
2020-07-08 00:00:00-04:00,9.95980133623924,10.190266551563438,9.931647558636042,10.181296348571777,365480000,0.0,0.0
2020-07-09 00:00:00-04:00,10.344987505440661,10.534092629423608,10.198735577365294,10.473299980163574,494548000,0.0,0.0
2020-07-10 00:00:00-04:00,10.55278204256636,10.619055866576208,10.343495332100385,10.44365406036377,497676000,0.0,0.0
2020-07-13 00:00:00-04:00,10.559010299091566,10.755589678607524,9.990945875656424,10.01810359954834,457076000,0.0,0.0
2020-07-14 00:00:00-04:00,10.040775965444766,10.36741283425982,9.752259134498587,10.341750144958496,542676000,0.0,0.0
2020-07-15 00:00:00-04:00,10.37887180037714,10.397557343822024,10.021589192844909,10.192506790161133,403984000,0.0,0.0
2020-07-16 00:00:00-04:00,9.980979490097369,10.17207769152356,9.861885270696039,10.100322723388672,344964000,0.0,0.0
2020-07-17 00:00:00-04:00,10.190763004726778,10.21368463559378,10.053481282951243,10.166844367980957,266284000,0.0,0.0
2020-07-20 00:00:00-04:00,10.239349730676677,10.495476704469157,10.122248558855627,10.475046157836914,284852000,0.0,0.0
2020-07-21 00:00:00-04:00,10.477286144387909,10.524127364124078,10.251805035504514,10.293413162231445,277036000,0.0,0.0
2020-07-22 00:00:00-04:00,10.332279027949914,10.566480325542312,10.256537008155124,10.403286933898926,367292000,0.0,0.0
2020-07-23 00:00:00-04:00,10.414502437665947,10.511173062182083,9.997175070301086,10.095340728759766,411660000,0.0,0.0
2020-07-24 00:00:00-04:00,9.84145826293852,10.329544671370087,9.74379155863033,10.159873008728027,473292000,0.0,0.0
2020-07-27 00:00:00-04:00,10.197491742615112,10.406279442311487,10.183040382548999,10.386098861694336,292132000,0.0,0.0
2020-07-28 00:00:00-04:00,10.33900786305012,10.346731094386874,10.17456842547589,10.18079662322998,271636000,0.0,0.0
2020-07-29 00:00:00-04:00,10.355451837217872,10.48052523133756,10.311850649072026,10.429947853088379,284508000,0.0,0.0
2020-07-30 00:00:00-04:00,10.339755382635078,10.586913053355934,10.260276238263634,10.577943801879883,308880000,0.0,0.0
2020-07-31 00:00:00-04:00,10.527366109282356,10.729926548729097,10.397558592820966,10.578691482543945,386080000,0.0,0.0
2020-08-03 00:00:00-04:00,10.696043307725434,11.061049246847574,10.67885184268175,10.97284984588623,412720000,0.0,0.0
2020-08-04 00:00:00-04:00,11.012461826306753,11.189607620239258,10.868950960809508,11.189607620239258,310336000,0.0,0.0
2020-08-05 00:00:00-04:00,11.205804134027222,11.333119607322317,11.128318048466182,11.248408317565918,249924000,0.0,0.0
2020-08-06 00:00:00-04:00,11.31119465090716,11.31941686149948,11.14077600653465,11.296993255615234,244316000,0.0,0.0
2020-08-07 00:00:00-04:00,11.274072170779698,11.465669360906174,11.000006708128012,11.161456108093262,342516000,0.0,0.0
2020-08-10 00:00:00-04:00,11.295749813064376,11.369497853821477,10.819621877894193,11.127074241638184,427796000,0.0,0.0
2020-08-11 00:00:00-04:00,11.036130884846417,11.098917544126017,10.759075400874925,10.813141822814941,354512000,0.0,0.0
2020-08-12 00:00:00-04:00,10.953415024322775,11.428046911514224,10.92102515984254,11.401388168334961,464412000,0.0,0.0
2020-08-13 00:00:00-04:00,11.506779797368292,11.681933535464289,11.317176598209866,11.404129981994629,374460000,0.0,0.0
2020-08-14 00:00:00-04:00,11.490831482358997,11.664988170804342,11.401636045031081,11.5247163772583,366436000,0.0,0.0
2020-08-17 00:00:00-04:00,11.81099241956231,12.367595550910881,11.777108468542542,12.295092582702637,621300000,0.0,0.0
2020-08-18 00:00:00-04:00,12.40770613943423,12.453550352682827,12.04519232222542,12.219099044799805,503448000,0.0,0.0
2020-08-19 00:00:00-04:00,12.254729469703312,12.273166002432632,12.056903135448286,12.09726619720459,622624000,0.0,0.0
2020-08-20 00:00:00-04:00,11.934318854929547,12.332959592910433,11.838395303630262,12.099754333496094,921388000,0.0,0.0
2020-08-21 00:00:00-04:00,12.160301181206735,12.765239587965969,12.153823018009948,12.64041519165039,999868000,0.0,0.0
2020-08-24 00:00:00-04:00,12.839985497737981,12.868638255826683,12.465013305133034,12.677041053771973,490564000,0.0,0.0
2020-08-25 00:00:00-04:00,12.58784083646991,12.717897345471155,12.531034315766782,12.706686019897461,289076000,0.0,0.0
2020-08-26 00:00:00-04:00,12.755771158963569,12.82478602619739,12.634683873931435,12.729610443115234,321244000,0.0,0.0
2020-08-27 00:00:00-04:00,12.738081095050577,12.806348917519589,12.523811298192753,12.585351943969727,317604000,0.0,0.0
2020-08-28 00:00:00-04:00,12.63194271103962,13.103335485435085,12.599552848710347,13.103086471557617,537160000,0.0,0.0
2020-08-31 00:00:00-04:00,13.137967138426383,13.528884701935283,12.993460206549758,13.329066276550293,500840000,0.0,0.0
2020-09-01 00:00:00-04:00,13.438225815701944,13.950383810695971,13.394860672886267,13.778169631958008,511316000,0.004,0.0
2020-09-02 00:00:00-04:00,14.658186142029646,14.681115585297444,13.856926739094181,14.302043914794922,874012000,0.0,0.0
2020-09-03 00:00:00-04:00,13.78589572874662,13.841472858528125,12.838839874963439,12.975166320800781,945128000,0.0,0.0
2020-09-04 00:00:00-04:00,12.744135910810883,13.13417413255134,11.668479943380701,12.583386421203613,1463684000,0.0,0.0
2020-09-08 00:00:00-04:00,11.698138224569675,12.511111492493251,11.667982363380093,11.87608528137207,795728000,0.0,0.0
2020-09-09 00:00:00-04:00,12.3615756131912,12.769557724636103,12.193846887519623,12.675600051879883,736200000,0.0,0.0
2020-09-10 00:00:00-04:00,12.94899900089753,13.024763704510125,12.129296630055405,12.273598670959473,698684000,0.0,0.0
2020-09-11 00:00:00-04:00,12.446809721859445,12.613292032426472,11.858886975902417,12.12680435180664,636928000,0.0,0.0
2020-09-14 00:00:00-04:00,13.040466040853438,13.273740196264075,12.592109741002641,12.832362174987793,1201744000,0.0,0.0
2020-09-15 00:00:00-04:00,13.238848656035094,13.257540745071386,12.788000526305535,12.95074462890625,727556000,0.0,0.0
2020-09-16 00:00:00-04:00,12.91709841286544,13.052178487115969,12.47497314034895,12.475720405578613,556384000,0.0,0.0
2020-09-17 00:00:00-04:00,12.09465347967906,12.550736199701985,11.99745577232178,12.424877166748047,792512000,0.0,0.0
2020-09-18 00:00:00-04:00,12.55472336706476,12.593352980887191,11.951598651235248,12.151476860046387,698460000,0.0,0.0
2020-09-21 00:00:00-04:00,11.888044858192208,12.483693065755082,11.86760820473636,12.478459358215332,721044000,0.0,0.0
2020-09-22 00:00:00-04:00,12.536032575534035,12.608806318519358,12.11783311712791,12.598587989807129,646452000,0.0,0.0
2020-09-23 00:00:00-04:00,12.536532585825412,12.68756384155978,12.04182108464414,12.086182594299316,647012000,0.0,0.0
2020-09-24 00:00:00-04:00,12.034842454564467,12.530551245753601,11.976772526129258,12.309737205505371,731240000,0.0,0.0
2020-09-25 00:00:00-04:00,12.408927017578229,12.843575780040306,12.207802412776056,12.833855628967285,588016000,0.0,0.0
2020-09-28 00:00:00-04:00,12.999839726157738,13.011304446570705,12.710489349429492,12.994606018066406,573808000,0.0,0.0
2020-09-29 00:00:00-04:00,12.897409079611174,13.401093380463369,12.893172675497496,13.184765815734863,621460000,0.0,0.0
2020-09-30 00:00:00-04:00,13.116726900529311,13.580286078672284,13.109499534654345,13.488571166992188,689184000,0.0,0.0
2020-10-01 00:00:00-04:00,13.715367050280767,13.720101631240484,13.41903742390842,13.572311401367188,525004000,0.0,0.0
2020-10-02 00:00:00-04:00,13.184019258253107,13.477606072110225,13.010557705011829,13.021773338317871,552496000,0.0,0.0
2020-10-05 00:00:00-04:00,13.194984295527707,13.601969064421914,13.18177500481166,13.600224494934082,479820000,0.0,0.0
2020-10-06 00:00:00-04:00,13.787143888533949,14.098177345056344,13.622655224165202,13.693933486938477,784420000,0.0,0.0
2020-10-07 00:00:00-04:00,13.95636829074398,14.075498148808256,13.820540002233665,13.92072868347168,418084000,0.0,0.0
2020-10-08 00:00:00-04:00,14.031385778868184,14.040856843313673,13.71536862573111,13.795867919921875,378900000,0.0,0.0
2020-10-09 00:00:00-04:00,13.724340619246242,13.781413242421655,13.618420044533245,13.72010326385498,346892000,0.0,0.0
2020-10-12 00:00:00-04:00,13.946149317152287,14.3025415705262,13.869388259768023,14.181916236877441,434744000,0.0,0.0
2020-10-13 00:00:00-04:00,14.252197472284319,14.304036377631371,13.975308163127476,14.204096794128418,344604000,0.0,0.0
2020-10-14 00:00:00-04:00,14.246216365246953,14.298304361964878,13.916740866696482,14.0515718460083,276100000,0.0,0.0
2020-10-15 00:00:00-04:00,13.767951467358888,13.962346871881198,13.725084500759516,13.926708221435547,267224000,0.0,0.0
2020-10-16 00:00:00-04:00,13.993251870414806,14.077739416679783,13.749758471159122,13.768699645996094,242392000,0.0,0.0
2020-10-19 00:00:00-04:00,13.859916877432626,13.940167071941861,13.36520451854094,13.455923080444336,298068000,0.0,0.0
2020-10-20 00:00:00-04:00,13.541408020040002,13.756988333381303,13.465145135362771,13.603216171264648,229212000,0.0,0.0
2020-10-21 00:00:00-04:00,13.582779175429115,13.748763320474952,13.435736206877356,13.482839584350586,219596000,0.0,0.0
2020-10-22 00:00:00-04:00,13.480593872664583,13.569566899431383,13.190744403599018,13.319594383239746,290480000,0.0,0.0
2020-10-23 00:00:00-04:00,13.408321110787174,13.55112767335209,13.250063461704105,13.548136711120605,233484000,0.0,0.0
2020-10-26 00:00:00-04:00,13.385390724927863,13.650317116074088,12.998094445912937,13.100525856018066,336896000,0.0,0.0
2020-10-27 00:00:00-04:00,13.264765633930438,13.40034481317978,13.150620413716602,13.35523509979248,250520000,0.0,0.0
2020-10-28 00:00:00-04:00,13.157103243405235,13.218911397491217,12.569928631745872,12.587872505187988,376520000,0.0,0.0
2020-10-29 00:00:00-04:00,12.79871442390701,13.151866582703395,12.710488656298974,12.98363971710205,320080000,0.0,0.0
2020-10-30 00:00:00-04:00,12.810181846228234,12.896413023676423,12.26188595131652,12.495161056518555,416820000,0.0,0.0
2020-11-02 00:00:00-05:00,12.61852723013102,12.796972459300246,12.356591747437816,12.541766166687012,299652000,0.0,0.0
2020-11-03 00:00:00-05:00,12.669120313420843,13.064391321084145,12.56369791533839,12.979156494140625,272900000,0.0,0.0
2020-11-04 00:00:00-05:00,13.347759223710232,13.784651715579656,13.295671227164691,13.751503944396973,410228000,0.0,0.0
2020-11-05 00:00:00-05:00,14.118614077596797,14.294566513756212,13.947645310964258,14.116121292114258,319028000,0.0,0.0
2020-11-06 00:00:00-05:00,14.06602438078661,14.543540074866588,13.851940542061818,14.516873359680176,383348000,0.0,0.0
2020-11-09 00:00:00-05:00,14.507404247847195,14.64597345153763,13.568572984005263,13.588510513305664,582976000,0.0,0.0
2020-11-10 00:00:00-05:00,13.56433576054012,13.56433576054012,12.589117616865419,12.730428695678711,644068000,0.0,0.0
2020-11-11 00:00:00-05:00,13.01329951780789,13.393368493454396,12.908126217082737,13.376420974731445,404744000,0.0,0.0
2020-11-12 00:00:00-05:00,13.437232689082359,13.723343065028084,13.274737671002764,13.415051460266113,365812000,0.0,0.0
2020-11-13 00:00:00-05:00,13.585018962303463,13.626390445351024,13.018779350211814,13.255792617797852,346312000,0.0,0.0
2020-11-16 00:00:00-05:00,13.131681153069124,13.607203277120108,13.115232761882497,13.473369598388672,413776000,0.0,0.0
2020-11-17 00:00:00-05:00,13.51050259421604,13.554116829342814,13.262523699593226,13.380656242370605,312028000,0.0,0.0
2020-11-18 00:00:00-05:00,13.423522372522545,13.563587043651735,13.144141246087537,13.38713550567627,510924000,0.0,0.0
2020-11-19 00:00:00-05:00,13.17180842574458,13.445706821618874,13.059407748022466,13.398603439331055,565936000,0.0,0.0
2020-11-20 00:00:00-05:00,13.412309593696861,13.452683781596887,13.024514126113623,13.047194480895996,341088000,0.0,0.0
2020-11-23 00:00:00-05:00,13.13043255974966,13.34102724824763,12.975164956123951,13.099279403686523,361356000,0.0,0.0
2020-11-24 00:00:00-05:00,13.101772950564769,13.121212301922567,12.845071215277615,12.917595863342285,346500000,0.0,0.0
2020-11-25 00:00:00-05:00,12.992114247965226,13.228379329098729,12.979653173979193,13.193737030029297,259916000,0.0,0.0
2020-11-27 00:00:00-05:00,13.333554646789729,13.365954204656186,13.129688136870538,13.2201566696167,167276000,0.0,0.0
2020-11-30 00:00:00-05:00,13.223896515186542,13.370939499729205,12.932053292686003,13.359972953796387,286952000,0.0,0.0
2020-12-01 00:00:00-05:00,13.450440170378451,13.486827040045208,13.1872573732238,13.348506927490234,296948000,0.0,0.0
2020-12-02 00:00:00-05:00,13.309128181040682,13.631127189230591,13.193238390667995,13.502527236938477,283360000,0.0,0.0
2020-12-03 00:00:00-05:00,13.549396414005608,13.621693331672965,13.29162217345362,13.358433723449707,199520000,0.004,0.0
2020-12-04 00:00:00-05:00,13.410784471489588,13.521972516912324,13.35120243105214,13.520227432250977,202244000,0.0,0.0
2020-12-07 00:00:00-05:00,13.563108608262407,13.692744171965034,13.462142841272858,13.56859302520752,223244000,0.0,0.0
2020-12-08 00:00:00-05:00,13.54690261860404,13.560614134542899,13.244253571098817,13.312561988830566,271920000,0.0,0.0
2020-12-09 00:00:00-05:00,13.26320049071074,13.376381837972524,12.832162653647892,12.894487380981445,401300000,0.0,0.0
2020-12-10 00:00:00-05:00,12.83291206940528,13.032101859901006,12.813466022626018,12.935872077941895,207764000,0.0,0.0
2020-12-11 00:00:00-05:00,12.930884618613915,12.98348727275227,12.787039235846656,12.97675609588623,209264000,0.0,0.0
2020-12-14 00:00:00-05:00,13.051295431527276,13.351201767420063,13.040824924079638,13.2714262008667,270156000,0.0,0.0
2020-12-15 00:00:00-05:00,13.402058556239172,13.426240578658746,13.14976877545948,13.323031425476074,193016000,0.0,0.0
2020-12-16 00:00:00-05:00,13.38485880478983,13.399567920519228,13.175447671879173,13.205364227294922,223116000,0.0,0.0
2020-12-17 00:00:00-05:00,13.329264657179316,13.341979525513967,13.141542987766448,13.303836822509766,231384000,0.0,0.0
2020-12-18 00:00:00-05:00,13.341482523812642,13.367409637834479,13.033848276688204,13.234783172607422,342064000,0.0,0.0
2020-12-21 00:00:00-05:00,13.038084209341594,13.332506174025465,12.931134759264241,13.294861793518066,302332000,0.0,0.0
2020-12-22 00:00:00-05:00,13.281897959126036,13.299847130440972,13.017391613694233,13.241012573242188,185580000,0.0,0.0
2020-12-23 00:00:00-05:00,13.218827690318811,13.23777446463362,12.968532080949581,12.972769737243652,179144000,0.0,0.0
2020-12-24 00:00:00-05:00,13.000687677493834,13.095670686086326,12.90246461252926,12.95730972290039,97884000,0.0,0.0
2020-12-28 00:00:00-05:00,13.025871466137538,13.025871466137538,12.727460942517704,12.863826751708984,212564000,0.0,0.0
2020-12-29 00:00:00-05:00,12.888752618824782,13.035838999860685,12.806234367879286,12.906950950622559,170372000,0.0,0.0
2020-12-30 00:00:00-05:00,12.95382047640574,13.176693956090814,12.860583496832678,13.108884811401367,225396000,0.0,0.0
2020-12-31 00:00:00-05:00,13.099662161368183,13.114121164807875,12.87878290992759,13.018390655517578,192424000,0.0,0.0
2021-01-04 00:00:00-05:00,13.067501258122682,13.61421397971434,12.926148437741286,13.076725006103516,560640000,0.0,0.0
2021-01-05 00:00:00-05:00,13.063014829846537,13.405800875139692,13.050300910946934,13.367159843444824,322760000,0.0,0.0
2021-01-06 00:00:00-05:00,13.185421201480683,13.207858144830338,12.550706673589335,12.579126358032227,580424000,0.0,0.0
2021-01-07 00:00:00-05:00,12.931135270824335,13.340235478052634,12.850363041122911,13.30657958984375,461480000,0.0,0.0
2021-01-08 00:00:00-05:00,13.325027318748608,13.383362603495904,13.005425734005303,13.239517211914062,292528000,0.0,0.0
2021-01-11 00:00:00-05:00,13.381118027153345,13.921847963012926,13.325026156059941,13.58329963684082,518344000,0.0,0.0
2021-01-12 00:00:00-05:00,13.7139336394329,13.71592883730901,13.307577070665623,13.446934700012207,291476000,0.0,0.0
2021-01-13 00:00:00-05:00,13.452170148278045,13.586791799856059,13.347465053272895,13.493803024291992,210028000,0.0,0.0
2021-01-14 00:00:00-05:00,13.536930084160442,13.561610431812436,13.143536640465687,13.163230895996094,283120000,0.0,0.0
2021-01-15 00:00:00-05:00,13.190906014849554,13.287883293274248,12.81247076358303,12.823439598083496,277780000,0.0,0.0
2021-01-19 00:00:00-05:00,12.97974917056158,13.057281347523123,12.807982403646784,12.988724708557129,226188000,0.0,0.0
2021-01-20 00:00:00-05:00,13.074979694527212,13.39283618789323,13.020134580538475,13.328268051147461,258572000,0.0,0.0
2021-01-21 00:00:00-05:00,13.380872925133291,13.959994899241059,13.215837318149118,13.828614234924316,337780000,0.0,0.0
2021-01-22 00:00:00-05:00,13.701468596467407,13.802933631043508,13.589034728801968,13.67404556274414,246820000,0.0,0.0
2021-01-25 00:00:00-05:00,13.743099328178776,13.789718288039488,13.199378522097208,13.614959716796875,251112000,0.0,0.0
2021-01-26 00:00:00-05:00,13.542416475351589,13.606486294408791,13.349957856187535,13.397574424743652,163980000,0.0,0.0
2021-01-27 00:00:00-05:00,13.19290053466498,13.195643218846815,12.75787411482353,12.881526947021484,371272000,0.0,0.0
2021-01-28 00:00:00-05:00,12.959802629002251,13.302339432353476,12.92415250060407,13.014398574829102,228316000,0.0,0.0
2021-01-29 00:00:00-05:00,13.038332282925575,13.297354205271604,12.875290969662462,12.95332145690918,271552000,0.0,0.0
2021-02-01 00:00:00-05:00,13.016643847976683,13.233533625868915,12.866565612653634,13.199878692626953,217204000,0.0,0.0
2021-02-02 00:00:00-05:00,13.3611770550748,13.533940468097438,13.248243904367374,13.518733978271484,220440000,0.0,0.0
2021-02-03 00:00:00-05:00,13.597759985933012,13.89268122482267,13.478595893291107,13.49255657196045,245408000,0.0,0.0
2021-02-04 00:00:00-05:00,13.493052343584033,13.635152625160268,13.30034461140428,13.62592887878418,201340000,0.0,0.0
2021-02-05 00:00:00-05:00,13.686511968620373,13.69872756323,13.507763916332621,13.552886962890625,169152000,0.0,0.0
2021-02-08 00:00:00-05:00,13.688756093800874,14.433162770962314,13.688756093800874,14.398261070251465,434624000,0.0,0.0
2021-02-09 00:00:00-05:00,14.300535315470242,14.542355599688753,14.182617019413179,14.22325325012207,287560000,0.0,0.0
2021-02-10 00:00:00-05:00,14.422691425140114,14.863202216590143,14.301282965701423,14.722846984863281,485352000,0.0,0.0
2021-02-11 00:00:00-05:00,14.938240455389991,15.229421401855387,14.883145228492026,15.20798110961914,450828000,0.0,0.0
2021-02-12 00:00:00-05:00,15.007796320212169,15.248369834422629,14.733566916671759,14.919295310974121,374756000,0.0,0.0
2021-02-16 00:00:00-05:00,15.022005252212074,15.329391251477393,14.908075461379754,15.287259101867676,321960000,0.0,0.0
2021-02-17 00:00:00-05:00,15.128454926659813,15.180808421709868,14.738551627972099,14.864198684692383,274756000,0.0,0.0
2021-02-18 00:00:00-05:00,14.687695554072727,14.83154095008502,14.53412713480313,14.787415504455566,233868000,0.0,0.0
2021-02-19 00:00:00-05:00,14.982364478127137,15.134436952105299,14.80511333378198,14.884639739990234,271724000,0.0,0.0
2021-02-22 00:00:00-05:00,14.7333173121364,15.090812459281109,14.284828587536415,14.315492630004883,325884000,0.0,0.0
2021-02-23 00:00:00-05:00,14.035779263801077,14.198821553836638,13.351952265234438,14.10234260559082,391780000,0.0,0.0
2021-02-24 00:00:00-05:00,14.08314643202328,14.466069421564784,13.717424178877225,14.458340644836426,448320000,0.0,0.0
2021-02-25 00:00:00-05:00,14.006113004928865,14.334440047309721,13.17918902800684,13.270182609558105,824436000,0.0,0.0
2021-02-26 00:00:00-05:00,13.713932284643422,13.815646473279205,13.323530680452917,13.676039695739746,500932000,0.0,0.0
2021-03-01 00:00:00-05:00,13.836091261293221,13.885951239822205,13.515243835324203,13.802934646606445,353184000,0.0,0.0
2021-03-02 00:00:00-05:00,13.861018236603186,13.881460928666272,13.358431951392774,13.368653297424316,264116000,0.0,0.0
2021-03-03 00:00:00-05:00,13.388598869860433,13.413777543276217,12.762858052083374,12.768841743469238,377592000,0.0,0.0
2021-03-04 00:00:00-05:00,12.764853610702268,12.938615575725441,12.04986423160692,12.33556079864502,573344000,0.0,0.0
2021-03-05 00:00:00-05:00,12.514805563806275,12.514805563806275,11.646497027872458,12.426553726196289,542840000,0.0,0.0
2021-03-08 00:00:00-05:00,12.415085459306246,12.43627563829937,11.534063017322843,11.560738563537598,543112000,0.0,0.0
2021-03-09 00:00:00-05:00,12.100408589821392,12.5857115477266,12.029583156574535,12.489449501037598,521824000,0.004,0.0
2021-03-10 00:00:00-05:00,12.808910100942292,12.948066572746527,12.42685292339801,12.437576293945312,384376000,0.0,0.0
2021-03-11 00:00:00-05:00,12.91814346853214,13.014157231172472,12.70317370933916,12.961536407470703,299916000,0.0,0.0
2021-03-12 00:00:00-05:00,12.617133067544048,12.857041851117744,12.559026896264074,12.824372291564941,243964000,0.0,0.0
2021-03-15 00:00:00-04:00,12.83310149724649,13.174260154911902,12.735841507996014,13.158798217773438,221988000,0.0,0.0
2021-03-16 00:00:00-04:00,13.323641474792712,13.479257837675465,13.084481372803003,13.258552551269531,272128000,0.0,0.0
2021-03-17 00:00:00-04:00,13.007671116067991,13.420153700648893,12.957544682409727,13.308429718017578,243864000,0.0,0.0
2021-03-18 00:00:00-04:00,13.104182253321333,13.151565052474703,12.685713947139764,12.691200256347656,293896000,0.0,0.0
2021-03-19 00:00:00-04:00,12.718632702400825,12.889710986982735,12.581471167444477,12.814146995544434,299208000,0.0,0.0
2021-03-22 00:00:00-04:00,12.880981975157276,13.361546297589527,12.874996218983888,13.15380859375,297804000,0.0,0.0
2021-03-23 00:00:00-04:00,13.221644080605948,13.311672080567098,12.989217459153739,13.038596153259277,222048000,0.0,0.0
2021-03-24 00:00:00-04:00,13.118896401350066,13.126877093413306,12.605662461359328,12.611896514892578,245840000,0.0,0.0
2021-03-25 00:00:00-04:00,12.468751160231504,12.683471654533125,12.241810854541152,12.504412651062012,295144000,0.0,0.0
2021-03-26 00:00:00-04:00,12.523615375554263,12.824623248846297,12.34306088171137,12.80766487121582,363968000,0.0,0.0
2021-03-29 00:00:00-04:00,12.78871077199155,13.03036526004874,12.66875684725543,12.916396141052246,273520000,0.0,0.0
2021-03-30 00:00:00-04:00,12.810407393306773,12.943329820806323,12.673744343397683,12.840084075927734,200204000,0.0,0.0
2021-03-31 00:00:00-04:00,12.983480795926578,13.437361379878029,12.950561986434117,13.315412521362305,314776000,0.0,0.0
2021-04-01 00:00:00-04:00,13.538859226814786,13.835876207679082,13.47800848016425,13.777770042419434,308276000,0.0,0.0
2021-04-05 00:00:00-04:00,13.833382202251482,13.97952140413328,13.699212609252072,13.953086853027344,255672000,0.0,0.0
2021-04-06 00:00:00-04:00,13.96531045972212,14.019676015663661,13.739617343870526,13.827400207519531,191744000,0.0,0.0
2021-04-07 00:00:00-04:00,13.846603166850237,14.208460857964388,13.677769984773475,14.108707427978516,251284000,0.0,0.0
2021-04-08 00:00:00-04:00,14.217689256384576,14.435901140986724,14.21394768210418,14.281781196594238,244416000,0.0,0.0
2021-04-09 00:00:00-04:00,14.179033078443032,14.372556078838363,14.14012946049153,14.364575386047363,195172000,0.0,0.0
2021-04-12 00:00:00-04:00,14.254595135072282,15.314730471035531,14.104465091205773,15.17158317565918,869324000,0.0,0.0
2021-04-13 00:00:00-04:00,15.194029461631905,15.661377066442782,15.088539527921586,15.6409273147583,676212000,0.0,0.0
2021-04-14 00:00:00-04:00,15.58656052594978,15.68182557627376,15.190038388116491,15.23941707611084,385500000,0.0,0.0
2021-04-15 00:00:00-04:00,15.62396691847129,16.174359665359855,15.593043048827143,16.097549438476562,598480000,0.0,0.0
2021-04-16 00:00:00-04:00,16.01350839262557,16.125982027135557,15.826220403097025,15.8733549118042,335208000,0.0,0.0
2021-04-19 00:00:00-04:00,15.49827785931113,15.768611067379295,15.195524339740611,15.323957443237305,404420000,0.0,0.0
2021-04-20 00:00:00-04:00,15.285551919658973,15.458874387907025,14.926188677668558,15.133926391601562,334132000,0.0,0.0
2021-04-21 00:00:00-04:00,15.081554081407855,15.324704972178079,15.065095154602076,15.322710037231445,216776000,0.0,0.0
2021-04-22 00:00:00-04:00,15.337175698398932,15.400519884321316,14.747130576116172,14.813716888427734,277788000,0.0,0.0
2021-04-23 00:00:00-04:00,14.897510379080412,15.29727466051768,14.863594577488568,15.227696418762207,227500000,0.0,0.0
2021-04-26 00:00:00-04:00,15.147642000066975,15.440918368559602,15.087789194594976,15.439920425415039,197796000,0.0,0.0
2021-04-27 00:00:00-04:00,15.540173958472135,15.63194762998392,15.316725060501184,15.343908309936523,164572000,0.0,0.0
2021-04-28 00:00:00-04:00,15.32670081394069,15.494038478671104,15.17806721134971,15.239166259765625,209416000,0.0,0.0
2021-04-29 00:00:00-04:00,15.362113842578646,15.39852402553531,15.034422195968673,15.287049293518066,173196000,0.0,0.0
2021-04-30 00:00:00-04:00,15.137170190038917,15.327200854865179,14.960106128775966,14.972575187683105,201912000,0.0,0.0
2021-05-03 00:00:00-04:00,15.087792841826365,15.209243217807904,14.751123464730155,14.800251960754395,203912000,0.0,0.0
2021-05-04 00:00:00-04:00,14.6012413438704,14.601490591862607,13.975783949931254,14.31594467163086,405324000,0.0,0.0
2021-05-05 00:00:00-04:00,14.672812250894037,14.777055926521586,14.352103386839238,14.422928810119629,292024000,0.0,0.0
2021-05-06 00:00:00-04:00,14.459588610408613,14.53540184870253,14.18302136153679,14.48727035522461,193380000,0.0,0.0
2021-05-07 00:00:00-04:00,14.771819417961543,14.93391906739071,14.635654875272314,14.775809288024902,229328000,0.0,0.0
2021-05-10 00:00:00-04:00,14.750873384517554,14.769577450358023,14.214945436853133,14.230656623840332,268904000,0.0,0.0
2021-05-11 00:00:00-04:00,13.790988399639572,14.319435012067427,13.71617310026738,14.2710542678833,285584000,0.0,0.0
2021-05-12 00:00:00-04:00,13.975035218815083,14.225168896948256,13.675524752489777,13.724653244018555,303408000,0.0,0.0
2021-05-13 00:00:00-04:00,13.999224078927785,14.046109333462992,13.42588811866728,13.631630897521973,285404000,0.0,0.0
2021-05-14 00:00:00-04:00,13.855830733479957,14.292752972906976,13.714678353750243,14.207962036132812,258616000,0.0,0.0
2021-05-17 00:00:00-04:00,14.122172285711322,14.134392096499555,13.819419695219413,14.130651473999023,216980000,0.0,0.0
2021-05-18 00:00:00-04:00,14.231902003595811,14.368814302100715,13.96954852184947,13.981269836425781,186256000,0.0,0.0
2021-05-19 00:00:00-04:00,13.533122956305393,14.044861343724145,13.509930529649232,14.031145095825195,344000000,0.0,0.0
2021-05-20 00:00:00-04:00,14.267316461611319,14.647628989531981,14.235395590705924,14.576554298400879,321592000,0.0,0.0
2021-05-21 00:00:00-04:00,15.126446072779812,15.184553200910209,14.832920407509066,14.954869270324707,672992000,0.0,0.0
2021-05-24 00:00:00-04:00,15.175076969588284,15.706267289464801,15.138666782179941,15.57359504699707,554816000,0.0,0.0
2021-05-25 00:00:00-04:00,15.727214784284769,15.779585403800763,15.444412487570158,15.60925579071045,435408000,0.0,0.0
2021-05-26 00:00:00-04:00,15.69554391077236,15.754897282378925,15.547908225786767,15.661377906799316,370440000,0.0,0.0
2021-05-27 00:00:00-04:00,15.66112686872143,15.71125330157703,15.421966770902706,15.449897766113281,581476000,0.0,0.0
2021-05-28 00:00:00-04:00,15.462870342481201,16.237460021510813,15.462870342481201,16.204540252685547,644536000,0.0,0.0
2021-06-01 00:00:00-04:00,16.229974565620903,16.347933551781875,15.864126093340143,16.2244873046875,472804000,0.0,0.0
2021-06-02 00:00:00-04:00,16.212271468853235,16.877132024892546,16.195562337610674,16.736976623535156,594168000,0.0,0.0
2021-06-03 00:00:00-04:00,16.659664080908772,17.216541131071583,16.5422035955669,16.928001403808594,580008000,0.0,0.0
2021-06-04 00:00:00-04:00,17.07039788842642,17.617548491853103,17.0534414177765,17.535003662109375,617120000,0.0,0.0
2021-06-07 00:00:00-04:00,17.528021981905518,17.768677543429288,17.150453185888143,17.575653076171875,575756000,0.0,0.0
2021-06-08 00:00:00-04:00,17.484131607589486,17.57814946975256,17.208560371373252,17.41405487060547,323848000,0.0,0.0
2021-06-09 00:00:00-04:00,17.476663064864983,17.535780721881775,17.21724304760244,17.31951332092285,381656000,0.004,0.0
2021-06-10 00:00:00-04:00,17.311280730996998,17.4529640303453,17.13766925647957,17.386112213134766,287772000,0.0,0.0
2021-06-11 00:00:00-04:00,17.44049548819086,17.89922071360538,17.40482582522779,17.78547477722168,416308000,0.0,0.0
2021-06-14 00:00:00-04:00,17.866044815690444,17.99924607215233,17.623337708587435,17.97854232788086,321376000,0.0,0.0
2021-06-15 00:00:00-04:00,17.875026725443956,17.976050499289112,17.688443709180554,17.748807907104492,243032000,0.0,0.0
2021-06-16 00:00:00-04:00,17.751054402065236,17.914688031036157,17.545263461195876,17.770509719848633,307124000,0.0,0.0
2021-06-17 00:00:00-04:00,17.73483614068346,18.7929688306479,17.716627352704926,18.615615844726562,809656000,0.0,0.0
2021-06-18 00:00:00-04:00,18.74208463201298,19.331765442705965,18.54253016298032,18.597158432006836,968856000,0.0,0.0
2021-06-21 00:00:00-04:00,18.394112856856477,18.495138525894447,17.782980352467526,18.386131286621094,672384000,0.0,0.0
2021-06-22 00:00:00-04:00,18.430280361670633,18.92143232381055,18.344970443440133,18.844602584838867,580144000,0.0,0.0
2021-06-23 00:00:00-04:00,18.96533567291674,19.11001257671834,18.865558432257274,19.014724731445312,332356000,0.0,0.0
2021-06-24 00:00:00-04:00,19.184842999806214,19.37666328306946,19.045652733544433,19.162641525268555,320924000,0.0,0.0
2021-06-25 00:00:00-04:00,19.237478474504314,19.302333968295713,18.852340103189597,18.988534927368164,278364000,0.0,0.0
2021-06-28 00:00:00-04:00,19.31804423186524,20.0339437763487,19.275888834778623,19.94040298461914,495436000,0.0,0.0
2021-06-29 00:00:00-04:00,19.838134302070934,20.053901233491175,19.61313737146754,19.98206329345703,367632000,0.0,0.0
2021-06-30 00:00:00-04:00,19.954619984922232,20.117505644957735,19.819422413072925,19.957862854003906,326568000,0.0,0.0
2021-07-01 00:00:00-04:00,20.080091067121554,20.410351816483264,19.97432670783761,20.16689682006836,480136000,0.0,0.0
2021-07-02 00:00:00-04:00,20.39463938213588,20.45949487196704,20.242479523162306,20.4412841796875,342764000,0.0,0.0
2021-07-06 00:00:00-04:00,20.691225766653048,20.795492403590373,20.30484087767398,20.652313232421875,446708000,0.0,0.0
2021-07-07 00:00:00-04:00,20.806965588248794,20.828417245407213,20.286629685691395,20.326290130615234,418428000,0.0,0.0
2021-07-08 00:00:00-04:00,19.812189314423424,20.088071080613446,19.656786608504444,19.858335494995117,503300000,0.0,0.0
2021-07-09 00:00:00-04:00,19.917958546256678,20.035445985545486,19.71017315573477,20.005512237548828,296624000,0.0,0.0
2021-07-12 00:00:00-04:00,20.194833408061367,20.48692953104882,20.142700097359224,20.466726303100586,321984000,0.0,0.0
2021-07-13 00:00:00-04:00,20.35497267160728,20.41558805833223,20.069113012281623,20.204809188842773,290708000,0.0,0.0
2021-07-14 00:00:00-04:00,20.312324625479327,20.37219021147144,19.708675050402782,19.797225952148438,380100000,0.0,0.0
2021-07-15 00:00:00-04:00,19.767541563589802,19.802712615853245,18.81641780631907,18.923927307128906,550564000,0.0,0.0
2021-07-16 00:00:00-04:00,18.988034723757636,19.114251622677635,18.032670884319224,18.120473861694336,688224000,0.0,0.0
2021-07-19 00:00:00-04:00,17.875269883894855,18.999504392664644,17.825629630506736,18.73784065246582,749060000,0.0,0.0
2021-07-20 00:00:00-04:00,18.68819987082343,18.79595864969722,18.123463026176193,18.570463180541992,434687000,0.0,4.0
2021-07-21 00:00:00-04:00,18.839866091952974,19.483427275787093,18.700179101263714,19.366687774658203,371017000,0.0,0.0
2021-07-22 00:00:00-04:00,19.59816711341448,19.84261930571644,19.232982752333722,19.550273895263672,323826000,0.0,0.0
2021-07-23 00:00:00-04:00,19.612135581591964,19.656038014900673,19.207041478833922,19.514354705810547,195672000,0.0,0.0
2021-07-26 00:00:00-04:00,19.267908307327364,19.39861459525191,18.871792949550414,19.250946044921875,203943000,0.0,0.0
2021-07-27 00:00:00-04:00,19.222006433543775,19.578210080581876,18.699175656661474,19.16513442993164,248863000,0.0,0.0
2021-07-28 00:00:00-04:00,19.275885189194327,19.60215507409645,18.952608867881935,19.459474563598633,202191000,0.0,0.0
2021-07-29 00:00:00-04:00,19.475441566253632,19.808697767774508,19.28486780665784,19.61812400817871,190781000,0.0,0.0
2021-07-30 00:00:00-04:00,19.374667678926546,19.586194490823832,19.22001478198621,19.455488204956055,183497000,0.0,0.0
2021-08-02 00:00:00-04:00,19.656039233859172,19.916456479690652,19.317795028840045,19.7059268951416,217444000,0.0,0.0
2021-08-03 00:00:00-04:00,19.695947175204367,20.176871874335998,19.177107171863515,19.770780563354492,301811000,0.0,0.0
2021-08-04 00:00:00-04:00,19.945389340104725,20.272658383096573,19.78375021069901,20.228755950927734,231309000,0.0,0.0
2021-08-05 00:00:00-04:00,20.454256579946396,20.686736469006593,20.29660819505483,20.59095001220703,211435000,0.0,0.0
2021-08-06 00:00:00-04:00,20.47820503972447,20.524101928122093,20.16490458584402,20.320556640625,178497000,0.0,0.0
2021-08-09 00:00:00-04:00,20.400377949764913,20.462239883095496,20.098054536642316,20.24971580505371,146443000,0.0,0.0
2021-08-10 00:00:00-04:00,20.276650205072418,20.384408995827474,19.790735571713213,19.891511917114258,179238000,0.0,0.0
2021-08-11 00:00:00-04:00,19.998274902544892,20.00426203166139,19.386643798764577,19.65504264831543,185925000,0.0,0.0
2021-08-12 00:00:00-04:00,19.825660607005055,19.984304288652414,19.576218486098607,19.86058235168457,151652000,0.0,0.0
2021-08-13 00:00:00-04:00,19.860584414299286,20.168894922983885,19.806704058002392,20.14295196533203,183063000,0.0,0.0
2021-08-16 00:00:00-04:00,20.09006989391872,20.241731139141816,19.40959063441719,19.90548324584961,210876000,0.0,0.0
2021-08-17 00:00:00-04:00,19.6410682631344,19.72587955742397,19.224001848545644,19.414575576782227,204585000,0.0,0.0
2021-08-18 00:00:00-04:00,19.456483452348944,19.590185192021558,18.957599261263073,18.99751091003418,285913000,0.0,0.0
2021-08-19 00:00:00-04:00,19.45049795314663,20.449265542336242,18.720131086069024,19.753820419311523,766555000,0.0,0.0
2021-08-20 00:00:00-04:00,19.946392332251655,20.818442681603692,19.888523090251827,20.76955223083496,675741000,0.0,0.0
2021-08-23 00:00:00-04:00,20.924207040526813,21.947916747279645,20.903253990213756,21.90900421142578,575807000,0.0,0.0
2021-08-24 00:00:00-04:00,21.70445975402652,21.90999945326239,21.486945796783075,21.744369506835938,297299000,0.0,0.0
2021-08-25 00:00:00-04:00,21.68849539272734,22.419859572593847,21.673529472839984,22.163433074951172,347701000,0.0,0.0
2021-08-26 00:00:00-04:00,22.150458445376195,22.290145407367774,21.74137356832189,22.018753051757812,237940000,0.0,0.0
2021-08-27 00:00:00-04:00,22.134496340275508,22.671295897934026,22.1175340779144,22.585487365722656,304722000,0.0,0.0
2021-08-30 00:00:00-04:00,22.77905630499496,22.991580355069562,22.50067954473319,22.637372970581055,262580000,0.0,0.0
2021-08-31 00:00:00-04:00,22.64834767167244,22.64834767167244,22.074530788334712,22.338985443115234,259850000,0.004,0.0
2021-09-01 00:00:00-04:00,22.4387809369474,22.650345047811708,22.311043792069864,22.39487075805664,201767000,0.0,0.0
2021-09-02 00:00:00-04:00,22.471716943160047,22.546563552164578,22.249175715898627,22.34996795654297,187834000,0.0,0.0
2021-09-03 00:00:00-04:00,22.279110432537877,22.938751008342507,22.154367377268184,22.796045303344727,280532000,0.0,0.0
2021-09-07 00:00:00-04:00,22.786067428844145,22.85193175199729,22.475705860557778,22.615419387817383,198107000,0.0,0.0
2021-09-08 00:00:00-04:00,22.4667195564941,22.56352027129148,21.93182023150501,22.29307746887207,254434000,0.0,0.0
2021-09-09 00:00:00-04:00,22.26613906339988,22.49167436409393,22.08551134357219,22.13141632080078,196856000,0.0,0.0
2021-09-10 00:00:00-04:00,22.30206317714799,22.579491625302524,22.224224389626503,22.43179702758789,248376000,0.0,0.0
2021-09-13 00:00:00-04:00,22.637374292609916,22.91679945314238,21.813071877295915,22.106468200683594,297500000,0.0,0.0
2021-09-14 00:00:00-04:00,22.22921646157449,22.363939216302622,22.04060574701212,22.196285247802734,199755000,0.0,0.0
2021-09-15 00:00:00-04:00,22.263140654637013,22.321021990703297,21.920845329366998,22.295074462890625,166538000,0.0,0.0
2021-09-16 00:00:00-04:00,22.1374064988517,22.231213157906875,21.8819321534371,22.196285247802734,156033000,0.0,0.0
2021-09-17 00:00:00-04:00,22.25416170484627,22.275118448091163,21.78512847263095,21.854984283447266,294503000,0.0,0.0
2021-09-20 00:00:00-04:00,21.102532264947648,21.388942963530003,20.619527919799644,21.06960105895996,349440000,0.0,0.0
2021-09-21 00:00:00-04:00,21.372971908988507,21.380954884379932,20.90693288638775,21.20232391357422,204688000,0.0,0.0
2021-09-22 00:00:00-04:00,21.32208186520741,21.91486077380473,21.15243122045159,21.89590072631836,268726000,0.0,0.0
2021-09-23 00:00:00-04:00,22.094489243871266,22.488677753626337,21.845003134420406,22.435787200927734,248555000,0.0,0.0
2021-09-24 00:00:00-04:00,22.02463313008802,22.10347121162325,21.816063110959004,22.03561019897461,217655000,0.0,0.0
2021-09-27 00:00:00-04:00,21.66537306934412,21.754190825746935,21.28116613158087,21.615476608276367,245215000,0.0,0.0
2021-09-28 00:00:00-04:00,21.170398789629807,21.374977369487745,20.6085543148062,20.656455993652344,343069000,0.0,0.0
2021-09-29 00:00:00-04:00,20.896959603658967,20.97380099971787,20.42493035007335,20.474828720092773,218394000,0.0,0.0
2021-09-30 00:00:00-04:00,20.725307380902738,21.022695124605836,20.645471911080165,20.67341423034668,221009000,0.0,0.0
2021-10-01 00:00:00-04:00,20.707350501370968,20.816125716896938,20.161473920626037,20.69936752319336,240978000,0.0,0.0
2021-10-04 00:00:00-04:00,20.461851089635363,20.499773082317855,19.514802475612257,19.691438674926758,345635000,0.0,0.0
2021-10-05 00:00:00-04:00,19.9089926262976,20.605557809774158,19.813189288670248,20.40896224975586,279282000,0.0,0.0
2021-10-06 00:00:00-04:00,20.078647611481795,20.677412891143845,20.038728911009176,20.657455444335938,297202000,0.0,0.0
2021-10-07 00:00:00-04:00,21.048642502901718,21.27817116327567,20.928890239898514,21.031679153442383,256919000,0.0,0.0
2021-10-08 00:00:00-04:00,21.057626777399292,21.16241049332735,20.732296656436677,20.78818130493164,151258000,0.0,0.0
2021-10-11 00:00:00-04:00,20.532709726416876,21.019705627765678,20.468840194540014,20.652462005615234,163388000,0.0,0.0
2021-10-12 00:00:00-04:00,20.785184469191023,21.013713821439726,20.485801919360195,20.628507614135742,162134000,0.0,0.0
2021-10-13 00:00:00-04:00,20.87500120476158,20.946853707427614,20.67042266932905,20.895957946777344,180652000,0.0,0.0
2021-10-14 00:00:00-04:00,21.24424280701027,21.710281948455567,21.078583653114016,21.70130157470703,243589000,0.0,0.0
2021-10-15 00:00:00-04:00,21.765167314945042,21.88591887935075,21.61747272820035,21.817060470581055,226994000,0.0,0.0
2021-10-18 00:00:00-04:00,21.70429374523038,22.245179438302365,21.599508134493956,22.176321029663086,189494000,0.0,0.0
2021-10-19 00:00:00-04:00,22.23021142807593,22.333000354248618,21.991704268986588,22.244184494018555,161473000,0.0,0.0
2021-10-20 00:00:00-04:00,22.259150122667332,22.38688726459648,21.936814127495424,22.057565689086914,146276000,0.0,0.0
2021-10-21 00:00:00-04:00,22.051578953476707,22.66431717444452,22.037607791883655,22.645355224609375,187590000,0.0,0.0
2021-10-22 00:00:00-04:00,22.776085781397935,23.08245393094305,22.514625207539453,22.679285049438477,249384000,0.0,0.0
2021-10-25 00:00:00-04:00,22.925777429517396,23.306992179062902,22.723195589304648,23.11838150024414,230235000,0.0,0.0
2021-10-26 00:00:00-04:00,23.93969438612117,25.20708454089964,23.87482745129736,24.666196823120117,485898000,0.0,0.0
2021-10-27 00:00:00-04:00,24.42369501670846,25.038428062047632,24.232088329597563,24.400741577148438,245990000,0.0,0.0
2021-10-28 00:00:00-04:00,24.826860232435095,24.898712729396866,24.47259043881091,24.88973045349121,234204000,0.0,0.0
2021-10-29 00:00:00-04:00,24.9496059611633,25.65615073845339,24.9486085650079,25.514442443847656,292503000,0.0,0.0
2021-11-01 00:00:00-04:00,25.59627881018903,25.84077414831852,25.17514534532995,25.77391242980957,265740000,0.0,0.0
2021-11-02 00:00:00-04:00,25.768920900082524,26.62316030481337,25.74696485932054,26.346729278564453,294112000,0.0,0.0
2021-11-03 00:00:00-04:00,26.615174100368854,26.728940068392262,26.1810688702787,26.54332160949707,239910000,0.0,0.0
2021-11-04 00:00:00-04:00,27.173030468903853,31.300528538400503,27.062258570177605,29.739744186401367,1153631000,0.0,0.0
2021-11-05 00:00:00-04:00,30.124948877614052,31.335454820246646,29.34954562668809,29.69084358215332,851260000,0.0,0.0
2021-11-08 00:00:00-05:00,30.087030149356973,31.036075621512847,29.845526991670436,30.740684509277344,503101000,0.0,0.0
2021-11-09 00:00:00-05:00,32.21564634517442,32.24358866979207,29.902410166166877,30.593984603881836,646746000,0.0,0.0
2021-11-10 00:00:00-05:00,29.29565811512244,30.786586602763936,28.718845203917095,29.39844512939453,636206000,0.0,0.0
2021-11-11 00:00:00-05:00,30.405370591178073,30.527119549916076,29.715791021450595,30.327529907226562,332172000,0.0,0.0
2021-11-12 00:00:00-05:00,29.948311870229972,30.616934698783563,29.56909192980548,30.327529907226562,413054000,0.0,0.0
2021-11-15 00:00:00-05:00,30.48919684042176,30.581006779573574,29.186879115830916,29.963279724121094,384909000,0.0,0.0
2021-11-16 00:00:00-05:00,29.697829247202147,30.3275308006158,29.644936791171745,30.140914916992188,264484000,0.0,0.0
2021-11-17 00:00:00-05:00,30.355474709419386,30.446289165355424,28.740800497149056,29.20085334777832,428508000,0.0,0.0
2021-11-18 00:00:00-05:00,32.30046694089971,32.69265683604596,31.256615668173605,31.609888076782227,781711000,0.0,0.0
2021-11-19 00:00:00-05:00,32.17672655199687,33.01999092531616,31.839421944726077,32.91720199584961,533867000,0.0,0.0
2021-11-22 00:00:00-05:00,33.4481023989034,34.57578069243723,31.834427549306902,31.89031219482422,754335000,0.0,0.0
2021-11-23 00:00:00-05:00,31.47017366542769,32.29347848259723,30.81651945710525,31.680740356445312,532163000,0.0,0.0
2021-11-24 00:00:00-05:00,31.39632853521681,32.78746210050022,30.864423237348433,32.606834411621094,435162000,0.0,0.0
2021-11-26 00:00:00-05:00,32.532987132035885,32.64276162923178,31.285558488884924,31.438243865966797,283069000,0.0,0.0
2021-11-29 00:00:00-05:00,32.29946994005568,33.34331741870342,31.97014645706555,33.30739212036133,454964000,0.0,0.0
2021-11-30 00:00:00-05:00,33.100812239560405,33.28443590404543,31.798496565026007,32.60882568359375,622066000,0.0,0.0
2021-12-01 00:00:00-05:00,33.15477484562234,33.22463920028377,31.31932783633501,31.374221801757812,484368000,0.004,0.0
2021-12-02 00:00:00-05:00,31.153649310235703,32.41520534090074,30.965013655135916,32.06388473510742,472890000,0.0,0.0
2021-12-03 00:00:00-05:00,31.93813163483009,32.06688384228752,30.07174622980887,30.63365936279297,544325000,0.0,0.0
2021-12-06 00:00:00-05:00,29.82222966105633,30.182531770501555,27.983791897824226,29.978927612304688,658938000,0.0,0.0
2021-12-07 00:00:00-05:00,30.89715192628836,32.3862680389149,30.591741852503894,32.36430740356445,593053000,0.0,0.0
2021-12-08 00:00:00-05:00,31.937135010758553,32.22757276894839,31.36025147158854,31.764469146728516,475551000,0.0,0.0
2021-12-09 00:00:00-05:00,31.672645621504326,32.142737576964656,30.369170849219458,30.43105125427246,488507000,0.0,0.0
2021-12-10 00:00:00-05:00,31.08977314072366,31.24447414372459,29.803265779189793,30.13961410522461,488825000,0.0,0.0
2021-12-13 00:00:00-05:00,30.190516381869546,30.235429453900565,28.06163905199242,28.106552124023438,598344000,0.0,0.0
2021-12-14 00:00:00-05:00,27.64544809567348,28.62255545688328,27.197316754829743,28.282215118408203,667035000,0.0,0.0
2021-12-15 00:00:00-05:00,28.345091097360005,30.441031340908875,27.784177393279027,30.400110244750977,698297000,0.0,0.0
2021-12-16 00:00:00-05:00,31.091774751196695,31.0997587062086,28.038688652907197,28.33211898803711,707366000,0.0,0.0
2021-12-17 00:00:00-05:00,27.930895789317223,28.866084513821278,27.706330412496648,27.747251510620117,713758000,0.0,0.0
2021-12-20 00:00:00-05:00,27.25220430377677,28.089580839367553,27.092513826519337,27.665403366088867,461847000,0.0,0.0
2021-12-21 00:00:00-05:00,28.319142478736474,29.063700457531855,27.348022192079924,29.018787384033203,524385000,0.0,0.0
2021-12-22 00:00:00-05:00,28.835143931093477,29.497859735844237,28.393997137740122,29.343158721923828,395184000,0.0,0.0
2021-12-23 00:00:00-05:00,29.697472444063603,30.00088555963705,29.374099442198006,29.58269500732422,343022000,0.0,0.0
2021-12-27 00:00:00-05:00,29.60265640931932,31.02689755121152,29.582694619627713,30.88517189025879,403686000,0.0,0.0
2021-12-28 00:00:00-05:00,31.25146195093205,31.26942679962951,29.953974216379613,30.263376235961914,420591000,0.0,0.0
2021-12-29 00:00:00-05:00,30.214470446589925,30.488938376760974,29.309222561431618,29.942995071411133,343139000,0.0,0.0
2021-12-30 00:00:00-05:00,29.769330409557224,30.398113396990578,29.482886560839695,29.528797149658203,308864000,0.0,0.0
2021-12-31 00:00:00-05:00,29.616631360255656,29.97194400779478,29.274294067292963,29.35413932800293,266530000,0.0,0.0
2022-01-03 00:00:00-05:00,29.757355089698684,30.651622638194823,29.72741240751005,30.062763214111328,391547000,0.0,0.0
2022-01-04 00:00:00-05:00,30.2184669283259,30.409097659269086,28.294194767957748,29.233375549316406,527154000,0.0,0.0
2022-01-05 00:00:00-05:00,28.893031463942076,29.359129558729837,27.479770596008006,27.55063247680664,498064000,0.0,0.0
2022-01-06 00:00:00-05:00,27.586561835852063,28.38301936449731,27.012674649326257,28.12352180480957,454186000,0.0,0.0
2022-01-07 00:00:00-05:00,28.086591263743465,28.367048098700508,27.004685595633504,27.194318771362305,409939000,0.0,0.0
2022-01-10 00:00:00-05:00,26.529609965171062,27.415893669977173,25.594421205944393,27.347026824951172,594681000,0.0,0.0
2022-01-11 00:00:00-05:00,27.27017354560003,28.010739538240262,26.78711005956988,27.76321792602539,404089000,0.0,0.0
2022-01-12 00:00:00-05:00,28.012733594807443,28.53971261700627,27.554621408963357,27.944866180419922,383413000,0.0,0.0
2022-01-13 00:00:00-05:00,28.324131697586143,28.42493625647017,26.446767908799874,26.52362060546875,540171000,0.0,0.0
2022-01-14 00:00:00-05:00,26.24915451358075,27.144421643836736,26.15932835464321,26.88991355895996,395832000,0.0,0.0
2022-01-18 00:00:00-05:00,26.20922874593393,26.586498173895528,25.72017634780918,25.85291862487793,424270000,0.0,0.0
2022-01-19 00:00:00-05:00,26.02858007768311,26.49168179020978,25.003565223757168,25.018535614013672,488315000,0.0,0.0
2022-01-20 00:00:00-05:00,25.255077800339837,25.529545731359246,24.031446427083026,24.103307723999023,435181000,0.0,0.0
2022-01-21 00:00:00-05:00,23.461553938187595,24.77500970305523,23.218026180646312,23.328811645507812,718958000,0.0,0.0
2022-01-24 00:00:00-05:00,22.286829332930466,23.33479860637558,20.847617715138355,23.326814651489258,913982000,0.0,0.0
2022-01-25 00:00:00-05:00,22.50241662328627,22.89865046014076,21.957472549395707,22.280845642089844,664616000,0.0,0.0
2022-01-26 00:00:00-05:00,23.195067611762184,24.010487462454297,22.256884472463902,22.72797203063965,755959000,0.0,0.0
2022-01-27 00:00:00-05:00,23.522437945377376,23.948612493124184,21.633096035086837,21.90157699584961,573353000,0.0,0.0
2022-01-28 00:00:00-05:00,21.969441054751794,22.81380606550494,21.2548257675977,22.795841217041016,543774000,0.0,0.0
2022-01-31 00:00:00-05:00,23.137183535569413,24.461619734614374,23.007435690470793,24.438663482666016,564680000,0.0,0.0
2022-02-01 00:00:00-05:00,25.0554611349535,25.09638222634812,23.843807721416248,24.590362548828125,518925000,0.0,0.0
2022-02-02 00:00:00-05:00,25.74413004951072,25.767084393020323,24.505528293848347,25.19319725036621,543419000,0.0,0.0
2022-02-03 00:00:00-05:00,24.41071910823277,25.02852196826305,23.734030289044696,23.901704788208008,410178000,0.0,0.0
2022-02-04 00:00:00-05:00,23.925654836755538,24.587373159445693,23.586312009547193,24.271984100341797,354829000,0.0,0.0
2022-02-07 00:00:00-05:00,24.324878438884706,25.133311835992746,24.15520704406836,24.680191040039062,376868000,0.0,0.0
2022-02-08 00:00:00-05:00,24.31190344360398,25.18121973728533,23.933636493420686,25.05945587158203,410359000,0.0,0.0
2022-02-09 00:00:00-05:00,25.57245987515864,26.67332787595736,25.303980882340767,26.653366088867188,524282000,0.0,0.0
2022-02-10 00:00:00-05:00,25.944745396249605,26.872945852936223,25.55050858235371,25.77407455444336,513200000,0.0,0.0
2022-02-11 00:00:00-05:00,25.865902843590895,26.10144669926145,23.727045769472657,23.9027042388916,605472000,0.0,0.0
2022-02-14 00:00:00-05:00,23.887724983214174,24.82690559783672,23.709070216725344,24.220081329345703,440424000,0.0,0.0
2022-02-15 00:00:00-05:00,24.900762795130042,26.49367774510804,24.73608279745119,26.443775177001953,699869000,0.0,0.0
2022-02-16 00:00:00-05:00,26.208233700505765,26.530609192134296,25.502599827448215,26.459745407104492,732676000,0.0,0.0
2022-02-17 00:00:00-05:00,25.580449565020423,25.735150594170214,24.118283550495068,24.45962142944336,810595000,0.0,0.0
2022-02-18 00:00:00-05:00,24.620307973876027,24.937693968010514,23.055340541376445,23.59629249572754,761255000,0.0,0.0
2022-02-22 00:00:00-05:00,22.990466739591504,24.01747672423465,22.955534556689436,23.34477996826172,633422000,0.0,0.0
2022-02-23 00:00:00-05:00,23.755980792771823,24.108298935289074,22.257883403820344,22.34371566772461,566511000,0.0,0.0
2022-02-24 00:00:00-05:00,20.974372971992818,23.753988828433812,20.849614623306376,23.702089309692383,735801000,0.0,0.0
2022-02-25 00:00:00-05:00,23.67514026050262,24.17017971684617,23.335797438813806,24.11029624938965,528866000,0.0,0.0
2022-02-28 00:00:00-05:00,23.945616436590047,24.61731564927492,23.661167584235766,24.33785629272461,477319000,0.0,0.0
2022-03-01 00:00:00-05:00,24.244039418095717,24.3298735989293,23.08727967661712,23.431612014770508,412056000,0.0,0.0
2022-03-02 00:00:00-05:00,23.714113121544962,24.365961607628535,23.373714780503384,24.17729377746582,389642000,0.004,0.0
2022-03-03 00:00:00-05:00,24.219218042700607,24.283106273216287,23.427617067609017,23.67218589782715,365095000,0.0,0.0
2022-03-04 00:00:00-05:00,23.342763503030408,23.638241040034575,22.44235373771478,22.895553588867188,431415000,0.0,0.0
2022-03-07 00:00:00-05:00,22.77676506442822,22.992385688642184,21.292387654278762,21.314348220825195,450821000,0.0,0.0
2022-03-08 00:00:00-05:00,21.271426231053603,22.333549276082426,20.613587838111286,21.476064682006836,557467000,0.0,0.0
2022-03-09 00:00:00-05:00,22.34752397571556,23.179055323683137,22.207771447985007,22.973419189453125,492742000,0.0,0.0
2022-03-10 00:00:00-05:00,22.49127084816649,22.7478176453068,21.843415073164238,22.6180477142334,428066000,0.0,0.0
2022-03-11 00:00:00-05:00,22.98140654078104,23.10419076158427,22.00712760972228,22.061033248901367,367209000,0.0,0.0
2022-03-14 00:00:00-04:00,21.830436104622745,22.222742745585133,21.12168901899386,21.292387008666992,385354000,0.0,0.0
2022-03-15 00:00:00-04:00,21.480060551982945,22.997381046653096,21.28440697905285,22.9324951171875,491996000,0.0,0.0
2022-03-16 00:00:00-04:00,23.45856243097872,24.553628211845854,23.131141677093435,24.45280647277832,671422000,0.0,0.0
2022-03-17 00:00:00-04:00,24.077469296534115,24.798194389496683,23.86384594867932,24.72233009338379,471941000,0.0,0.0
2022-03-18 00:00:00-04:00,24.755272049910502,26.522151490123896,24.580581386606394,26.406354904174805,730719000,0.0,0.0
2022-03-21 00:00:00-04:00,26.460262007525532,27.10412518053831,25.921213238309566,26.686861038208008,591727000,0.0,0.0
2022-03-22 00:00:00-04:00,26.679871236174723,27.189971767703643,26.026027424283942,26.477230072021484,547007000,0.0,0.0
2022-03-23 00:00:00-04:00,26.079929619211555,26.56507268180156,25.529902546610163,25.58879852294922,502120000,0.0,0.0
2022-03-24 00:00:00-04:00,26.11986368042065,28.270065012059774,25.861319580253287,28.100364685058594,877379000,0.0,0.0
2022-03-25 00:00:00-04:00,27.83682564076314,28.307993440069914,27.222910357307455,27.64316749572754,579016000,0.0,0.0
2022-03-28 00:00:00-04:00,27.707059896183978,28.20018833538596,27.158028538413475,28.16924285888672,425494000,0.0,0.0
2022-03-29 00:00:00-04:00,28.644403356385414,28.894960233335265,27.93066392483216,28.605472564697266,488984000,0.0,0.0
2022-03-30 00:00:00-04:00,28.25409196032564,28.44575284009706,27.454503782301863,27.64117431640625,463487000,0.0,0.0
2022-03-31 00:00:00-04:00,27.73301213113302,28.19819004641193,27.221915798943442,27.237886428833008,523440000,0.0,0.0
2022-04-01 00:00:00-04:00,27.32673480399301,27.447521756824713,26.220688530306184,26.66490364074707,517235000,0.0,0.0
2022-04-04 00:00:00-04:00,26.680870583661918,27.509406950687776,26.566073594108467,27.311756134033203,397120000,0.0,0.0
2022-04-05 00:00:00-04:00,27.205937948569243,27.270823855775777,25.77446675724372,25.885271072387695,436615000,0.0,0.0
2022-04-06 00:00:00-04:00,24.89003332893193,25.25538717602562,23.960675226004746,24.363962173461914,703833000,0.0,0.0
2022-04-07 00:00:00-04:00,24.397902669017775,24.678407313051004,23.436601401606985,24.165313720703125,557992000,0.0,0.0
2022-04-08 00:00:00-04:00,23.874826939519217,23.88081687759532,23.021335019105305,23.07823371887207,524781000,0.0,0.0
2022-04-11 00:00:00-04:00,22.17483416250845,22.280646263666377,21.62181009272893,21.87835693359375,575207000,0.0,0.0
2022-04-12 00:00:00-04:00,22.497259071532707,22.684927279513232,21.244471063259667,21.466079711914062,662258000,0.0,0.0
2022-04-13 00:00:00-04:00,21.689686094459127,22.460324131590653,21.417166779097364,22.163846969604492,516943000,0.0,0.0
2022-04-14 00:00:00-04:00,22.465317170334803,22.736838829968864,21.125684399232618,21.220516204833984,569097000,0.0,0.0
2022-04-18 00:00:00-04:00,21.162618586314927,22.049051350332444,21.041831657437864,21.744590759277344,525701000,0.0,0.0
2022-04-19 00:00:00-04:00,21.681697715813993,22.333546077200904,21.27641352942195,22.158855438232422,512781000,0.0,0.0
2022-04-20 00:00:00-04:00,22.477293204743273,22.630023279185664,21.16261619627235,21.44411849975586,468974000,0.0,0.0
2022-04-21 00:00:00-04:00,21.670721632732782,22.35251790891269,19.964735361645406,20.14741325378418,656209000,0.0,0.0
2022-04-22 00:00:00-04:00,20.26720153654447,20.44987943712727,19.465617877374534,19.4805908203125,624713000,0.0,0.0
2022-04-25 00:00:00-04:00,19.16814435255604,19.909834389421725,19.062332247929696,19.866910934448242,641566000,0.0,0.0
2022-04-26 00:00:00-04:00,19.68322780756036,19.753104058239774,18.637075615712774,18.754867553710938,653143000,0.0,0.0
2022-04-27 00:00:00-04:00,18.565202340141518,19.133199162742606,18.257746832922344,18.382526397705078,499460000,0.0,0.0
2022-04-28 00:00:00-04:00,18.933554552267157,20.001669421051762,18.457396362070916,19.74711799621582,570327000,0.0,0.0
2022-04-29 00:00:00-04:00,19.367785440638112,20.09250498859457,18.484345889537558,18.514293670654297,500435000,0.0,0.0
2022-05-02 00:00:00-04:00,18.508306677557925,19.53948420995558,18.35857155612756,19.498558044433594,572049000,0.0,0.0
2022-05-03 00:00:00-04:00,19.365792728207555,19.790044492832212,19.099263315754698,19.56743621826172,475751000,0.0,0.0
2022-05-04 00:00:00-04:00,19.887870698989126,20.364028903111393,18.717936368444736,20.298145294189453,648855000,0.0,0.0
2022-05-05 00:00:00-04:00,19.831970796985615,19.889867190140663,18.46738053235109,18.810773849487305,626331000,0.0,0.0
2022-05-06 00:00:00-04:00,18.702962121693464,19.47759284066745,17.958277283967274,18.64206886291504,633297000,0.0,0.0
2022-05-09 00:00:00-04:00,18.00220081323754,18.222809887329202,16.79732840064044,16.92011260986328,644455000,0.0,0.0
2022-05-10 00:00:00-04:00,17.657808494966158,18.16591176162213,16.994979755458832,17.563974380493164,761474000,0.0,0.0
2022-05-11 00:00:00-04:00,17.31641425027413,17.72169853655912,16.53878843716362,16.600677490234375,670167000,0.0,0.0
2022-05-12 00:00:00-04:00,16.19040360695308,16.758400627921947,15.539553695242823,16.146480560302734,708728000,0.0,0.0
2022-05-13 00:00:00-04:00,16.758399254402644,17.896388580108713,16.5637433859514,17.674779891967773,670437000,0.0,0.0
2022-05-16 00:00:00-04:00,17.478129423094728,17.756636828299225,17.075840102694613,17.23356056213379,521446000,0.0,0.0
2022-05-17 00:00:00-04:00,18.042128040603696,18.338605199613887,17.602905299530796,18.144947052001953,585830000,0.0,0.0
2022-05-18 00:00:00-04:00,17.673778288304316,18.086050095832512,16.834261734064153,16.908130645751953,545161000,0.0,0.0
2022-05-19 00:00:00-04:00,16.90713289482446,17.655810314998515,16.704489852561316,17.09380340576172,621310000,0.0,0.0
2022-05-20 00:00:00-04:00,17.301437670488205,17.379299242685832,15.727217918276924,16.664562225341797,739105000,0.0,0.0
2022-05-23 00:00:00-04:00,16.245303880807757,16.885174338377944,16.150472081742095,16.86820411682129,639889000,0.0,0.0
2022-05-24 00:00:00-04:00,16.480886198685138,16.567732674703276,15.752172998727668,16.125513076782227,588550000,0.0,0.0
2022-05-25 00:00:00-04:00,15.991754187297795,17.080830153303886,15.971788994098624,16.945070266723633,781132000,0.0,0.0
2022-05-26 00:00:00-04:00,16.007721031792844,18.060095188303276,15.99374578065661,17.819520950317383,996575000,0.0,0.0
2022-05-27 00:00:00-04:00,18.15393407231878,18.84770829801262,18.068085271445213,18.77783203125,738379000,0.0,0.0
2022-05-31 00:00:00-04:00,18.946531790942434,19.166145079805915,18.317643518254673,18.639076232910156,664100000,0.0,0.0
2022-06-01 00:00:00-04:00,18.690985716581736,19.019404173433802,18.090046008838897,18.287696838378906,544514000,0.0,0.0
2022-06-02 00:00:00-04:00,18.25974260084453,19.584402153884042,18.16590850320256,19.557449340820312,648656000,0.0,0.0
2022-06-03 00:00:00-04:00,19.048351903370342,19.29791105823147,18.489338025612042,18.686988830566406,598779000,0.0,0.0
2022-06-06 00:00:00-04:00,19.10525257728722,19.302903402711614,18.53126570006665,18.75287437438965,422406000,0.0,0.0
2022-06-07 00:00:00-04:00,18.43942965955534,18.96649855003817,18.15593002204157,18.892629623413086,388914000,0.0,0.0
2022-06-08 00:00:00-04:00,18.76981755595969,19.15022663664718,18.5062274317263,18.61905288696289,363252000,0.004,0.0
2022-06-09 00:00:00-04:00,18.45231168223878,18.90360967908765,18.012994188635677,18.019983291625977,395574000,0.0,0.0
2022-06-10 00:00:00-04:00,17.572678573964275,17.669528115431987,16.84281246150541,16.947650909423828,465248000,0.0,0.0
2022-06-13 00:00:00-04:00,15.975163876009786,16.28667984582384,15.581775412240182,15.622712135314941,604153000,0.0,0.0
2022-06-14 00:00:00-04:00,15.706581027600341,16.041061051837058,15.388075961207294,15.811418533325195,469680000,0.0,0.0
2022-06-15 00:00:00-04:00,16.070014185322673,16.841814932140252,15.901276860613777,16.501344680786133,563936000,0.0,0.0
2022-06-16 00:00:00-04:00,15.835380972284335,15.917254419069693,15.377093820674675,15.576783180236816,545749000,0.0,0.0
2022-06-17 00:00:00-04:00,15.62370932462703,15.970170797325055,15.304206366327632,15.85534954071045,630334000,0.0,0.0
2022-06-21 00:00:00-04:00,16.449424866117347,16.98159648601052,16.381529635956024,16.540283203125,483089000,0.0,0.0
2022-06-22 00:00:00-04:00,16.200811500397187,16.63613550115512,16.154883380504458,16.334604263305664,437135000,0.0,0.0
2022-06-23 00:00:00-04:00,16.49335423638741,16.55925175967928,15.82838875234843,16.199811935424805,463680000,0.0,0.0
2022-06-24 00:00:00-04:00,16.474388949004762,17.113394941258946,16.284683330908774,17.099416732788086,472153000,0.0,0.0
2022-06-27 00:00:00-04:00,17.285126608804937,17.303098316739902,16.60019067372971,16.84281349182129,427968000,0.0,0.0
2022-06-28 00:00:00-04:00,16.873766731644636,17.175298000307446,15.92024919879893,15.957192420959473,461149000,0.0,0.0
2022-06-29 00:00:00-04:00,15.789453787872143,15.795444040528261,15.146453345274413,15.517875671386719,482352000,0.0,0.0
2022-06-30 00:00:00-04:00,15.337154575237786,15.542835120873681,14.838929596334417,15.135468482971191,686070000,0.0,0.0
2022-07-01 00:00:00-04:00,14.875872599017027,15.039617581640591,14.369659640512438,14.500455856323242,577610000,0.0,0.0
2022-07-05 00:00:00-04:00,14.152995407536388,14.947759252201296,14.033181805676074,14.940770149230957,651397000,0.0,0.0
2022-07-06 00:00:00-04:00,14.986701312141356,15.295221689457538,14.766043683803519,15.106514930725098,529066000,0.0,0.0
2022-07-07 00:00:00-04:00,15.432009036553442,15.920249363063476,15.365112647572856,15.83338451385498,492903000,0.0,0.0
2022-07-08 00:00:00-04:00,15.406048858995538,16.012106984675512,15.365112136209438,15.81341552734375,467972000,0.0,0.0
2022-07-11 00:00:00-04:00,15.50189899317143,15.502897844600374,15.014656599989385,15.128479957580566,437321000,0.0,0.0
2022-07-12 00:00:00-04:00,15.244298205682169,15.407045277525851,14.853905384408769,15.058587074279785,458483000,0.0,0.0
2022-07-13 00:00:00-04:00,14.567352563950944,15.35113388131245,14.442546597436209,15.140460968017578,521918000,0.0,0.0
2022-07-14 00:00:00-04:00,15.084547722465837,15.448980906104412,14.705137480469018,15.348137855529785,456235000,0.0,0.0
2022-07-15 00:00:00-04:00,15.634694710520902,15.757502984142945,15.421026177578668,15.737534523010254,385935000,0.0,0.0
2022-07-18 00:00:00-04:00,16.276694132734946,16.870769817035264,15.977160590348932,16.076005935668945,670517000,0.0,0.0
2022-07-19 00:00:00-04:00,16.460412503740734,17.083444555559367,16.14690067891498,16.965627670288086,702366000,0.0,0.0
2022-07-20 00:00:00-04:00,16.920692343350403,17.90516175903346,16.774919082030355,17.779356002807617,760538000,0.0,0.0
2022-07-21 00:00:00-04:00,17.857239294768945,18.11583614993519,17.517766887314608,18.021982192993164,557049000,0.0,0.0
2022-07-22 00:00:00-04:00,17.865224557589684,17.93910909409701,17.110397569443286,17.292116165161133,536671000,0.0,0.0
2022-07-25 00:00:00-04:00,16.992580547570068,17.097419003652497,16.623155964154584,16.997573852539062,480748000,0.0,0.0
2022-07-26 00:00:00-04:00,16.862783963132348,16.8927380811664,16.452422639321977,16.50733757019043,397865000,0.0,0.0
2022-07-27 00:00:00-04:00,17.005559778739524,17.908157678578863,16.886745027673552,17.76238441467285,569776000,0.0,0.0
2022-07-28 00:00:00-04:00,17.947100301917377,18.11184320520838,17.412930859956532,17.956085205078125,474646000,0.0,0.0
2022-07-29 00:00:00-04:00,17.785350474084527,18.21568123422587,17.66453800022714,18.134807586669922,435460000,0.0,0.0
2022-08-01 00:00:00-04:00,18.153773877924205,18.816744561755613,17.962072498125625,18.412372589111328,476469000,0.0,0.0
2022-08-02 00:00:00-04:00,18.093869755691863,18.90860309946713,18.06391563779565,18.497241973876953,489527000,0.0,0.0
2022-08-03 00:00:00-04:00,18.155771359130984,18.938554681641246,18.10884343781565,18.863670349121094,418146000,0.0,0.0
2022-08-04 00:00:00-04:00,18.819741947233144,19.24408146520657,18.73087939960465,19.18517303466797,409652000,0.0,0.0
2022-08-05 00:00:00-04:00,18.78079738012871,19.199147517032394,18.637021835643775,18.95952033996582,386068000,0.0,0.0
2022-08-08 00:00:00-04:00,17.474834090197074,18.210689626521116,17.21523743534715,17.765380859375,981859000,0.0,0.0
2022-08-09 00:00:00-04:00,17.225217600745857,17.41991456445857,16.698037426611428,17.05947494506836,668263000,0.0,0.0
2022-08-10 00:00:00-04:00,17.670524148965043,18.08987218320143,17.290115126159264,18.068904876708984,597422000,0.0,0.0
2022-08-11 00:00:00-04:00,18.10285603043002,18.677962127300052,17.848250796763534,17.914148330688477,509327000,0.0,0.0
2022-08-12 00:00:00-04:00,18.13181260063338,18.688947058394234,17.925133166712452,18.679960250854492,478094000,0.0,0.0
2022-08-15 00:00:00-04:00,18.671972967328774,19.134253654667226,18.584110213938448,19.002458572387695,457666000,0.0,0.0
2022-08-16 00:00:00-04:00,18.8906300185085,19.112285523433606,18.472279819564992,18.849693298339844,451240000,0.0,0.0
2022-08-17 00:00:00-04:00,18.494251279360228,18.658994193572546,18.11683771188579,18.306541442871094,446799000,0.0,0.0
2022-08-18 00:00:00-04:00,18.272594646326187,18.835718409468257,18.15477776988283,18.74386215209961,415447000,0.0,0.0
2022-08-19 00:00:00-04:00,18.377427421122775,18.49125077215721,17.742415041253963,17.821292877197266,441588000,0.0,0.0
2022-08-22 00:00:00-04:00,17.462848398941674,17.530743628369223,16.93966168585565,17.007556915283203,409593000,0.0,0.0
2022-08-23 00:00:00-04:00,16.962629795617797,17.43789077526951,16.94365828212294,17.15433120727539,369986000,0.0,0.0
2022-08-24 00:00:00-04:00,16.985589828451506,17.378979191278322,16.868772783841155,17.19526481628418,522661000,0.0,0.0
2022-08-25 00:00:00-04:00,16.817853882408595,17.919142398294323,16.80687127701837,17.885194778442383,770691000,0.0,0.0
2022-08-26 00:00:00-04:00,17.82928142778485,17.89617686185633,16.21179527063193,16.234760284423828,769127000,0.0,0.0
2022-08-29 00:00:00-04:00,15.995132957792901,16.312638221113218,15.742525425220169,15.776472091674805,496132000,0.0,0.0
2022-08-30 00:00:00-04:00,15.935226643010983,16.01410353790401,15.158434390290923,15.443990707397461,530181000,0.0,0.0
2022-08-31 00:00:00-04:00,15.360117853461658,15.515875817701323,14.935777428871644,15.070568084716797,573710000,0.0,0.0
2022-09-01 00:00:00-04:00,14.186944285529073,14.3576793375617,13.249402633212377,13.915367126464844,1178865000,0.0,0.0
2022-09-02 00:00:00-04:00,14.078112245537563,14.149001175520134,13.56990161470963,13.625815391540527,743157000,0.0,0.0
2022-09-06 00:00:00-04:00,13.709684383392407,13.75761020490667,13.330274168921454,13.444097518920898,535751000,0.0,0.0
2022-09-07 00:00:00-04:00,13.545968837041476,13.820624094483655,13.329241313594487,13.696779251098633,512657000,0.004,0.0
2022-09-08 00:00:00-04:00,13.442100625906576,13.990412045199538,13.352214429237836,13.972434043884277,624873000,0.0,0.0
2022-09-09 00:00:00-04:00,14.139225757493556,14.455828158929025,14.108265492695345,14.368937492370605,486612000,0.0,0.0
2022-09-12 00:00:00-04:00,14.350958876155167,14.528734878407432,14.18017310182383,14.486787796020508,484159000,0.0,0.0
2022-09-13 00:00:00-04:00,13.784671426649664,13.904520650543393,13.082553985169255,13.114513397216797,714956000,0.0,0.0
2022-09-14 00:00:00-04:00,13.237359163133265,13.273314216178907,12.896787688730967,13.111517906188965,588507000,0.0,0.0
2022-09-15 00:00:00-04:00,12.99865891833725,13.216384660038566,12.77394104372565,12.912766456604004,523625000,0.0,0.0
2022-09-16 00:00:00-04:00,12.725999281231072,13.195409360957289,12.60115624585003,13.181427001953125,670751000,0.0,0.0
2022-09-19 00:00:00-04:00,12.995662804943986,13.446096763090381,12.99366546083005,13.365198135375977,569685000,0.0,0.0
2022-09-20 00:00:00-04:00,13.198406839856672,13.46606997721802,13.040605238954448,13.159455299377441,524818000,0.0,0.0
2022-09-21 00:00:00-04:00,13.196410364553508,14.013383142940281,13.09353904887106,13.244349479675293,807679000,0.0,0.0
2022-09-22 00:00:00-04:00,13.053591694638213,13.132492990934866,12.412398411996646,12.545230865478516,759162000,0.0,0.0
2022-09-23 00:00:00-04:00,12.404405964748552,12.595166136683892,12.241610515089357,12.500285148620605,663309000,0.0,0.0
2022-09-26 00:00:00-04:00,12.475316755127498,12.643106039060946,12.198664123420288,12.212646484375,547343000,0.0,0.0
2022-09-27 00:00:00-04:00,12.491295081972565,12.720007620899862,12.242608152089579,12.39741325378418,553854000,0.0,0.0
2022-09-28 00:00:00-04:00,12.394418888771625,12.806900467165594,12.338489441525518,12.720009803771973,542414000,0.0,0.0
2022-09-29 00:00:00-04:00,12.432369035910718,12.48430378537677,11.930999540666457,12.204655647277832,532763000,0.0,0.0
2022-09-30 00:00:00-04:00,12.071822611480606,12.617137495774331,12.05983759570121,12.123757362365723,565638000,0.0,0.0
2022-10-03 00:00:00-04:00,12.331497416498822,12.662082145584952,12.089800688912364,12.49629020690918,547478000,0.0,0.0
2022-10-04 00:00:00-04:00,12.862828434100942,13.203400820052057,12.862828434100942,13.150466918945312,584182000,0.0,0.0
2022-10-05 00:00:00-04:00,12.894789072692479,13.304274120258059,12.605153237647787,13.192414283752441,507131000,0.0,0.0
2022-10-06 00:00:00-04:00,13.203403014394121,13.638855501952365,13.086549324737346,13.113515853881836,644157000,0.0,0.0
2022-10-07 00:00:00-04:00,12.489299987372316,12.654092790461354,12.006906595827768,12.06083869934082,672478000,0.0,0.0
2022-10-10 00:00:00-04:00,12.021883713394667,12.108774352660566,11.39367389721967,11.65534496307373,698699000,0.0,0.0
2022-10-11 00:00:00-04:00,11.546484864539092,11.83112689044151,11.268834019554221,11.571454048156738,667482000,0.0,0.0
2022-10-12 00:00:00-04:00,11.564462656173577,11.720265977710053,11.330756245153442,11.48556137084961,492590000,0.0,0.0
2022-10-13 00:00:00-04:00,10.957224041163421,12.062834393103017,10.79942244062999,11.944982528686523,850103000,0.0,0.0
2022-10-14 00:00:00-04:00,12.0418607547837,12.095792850477494,11.189932138993667,11.212903022766113,713432000,0.0,0.0
2022-10-17 00:00:00-04:00,11.503537321029368,11.932997705589505,11.502539125284484,11.873072624206543,580774000,0.0,0.0
2022-10-18 00:00:00-04:00,12.328502366248351,12.476316320774814,11.603414003628952,11.95197582244873,659362000,0.0,0.0
2022-10-19 00:00:00-04:00,11.864085613152273,12.334494942688758,11.819142034502585,12.035869598388672,523131000,0.0,0.0
2022-10-20 00:00:00-04:00,12.097790381957378,12.752966821066378,12.089800053684597,12.178689002990723,652398000,0.0,0.0
2022-10-21 00:00:00-04:00,12.08280991281554,12.48230826375368,11.872075344682253,12.450347900390625,609494000,0.0,0.0
2022-10-24 00:00:00-04:00,12.492295085152598,12.694041114749616,12.048852336359209,12.58318042755127,517457000,0.0,0.0
2022-10-25 00:00:00-04:00,12.678061955431058,13.283301022718456,12.648098936943423,13.244349479675293,505482000,0.0,0.0
2022-10-26 00:00:00-04:00,12.852841899654189,13.371189335313101,12.69204380253107,12.879807472229004,532953000,0.0,0.0
2022-10-27 00:00:00-04:00,13.612885710217384,13.820624719501696,13.105523203117375,13.159455299377441,583113000,0.0,0.0
2022-10-28 00:00:00-04:00,13.087546468385248,13.832610066638065,13.044600239000303,13.816629409790039,521040000,0.0,0.0
2022-10-31 00:00:00-04:00,13.760700262393152,13.820625345662009,13.280304257896672,13.480052947998047,486341000,0.0,0.0
2022-11-01 00:00:00-04:00,13.793658395771288,13.907515574241362,13.502025221946392,13.525995254516602,432817000,0.0,0.0
2022-11-02 00:00:00-04:00,13.832611349969781,14.192159017824103,13.194413691854113,13.20240306854248,672628000,0.0,0.0
2022-11-03 00:00:00-04:00,13.02662341252142,13.7636966949046,12.939732756516582,13.40414810180664,500065000,0.0,0.0
2022-11-04 00:00:00-04:00,13.968437992700602,14.211132890719782,13.67980037633338,14.138224601745605,612576000,0.0,0.0
2022-11-07 00:00:00-05:00,14.210135563074418,14.39390455505636,13.93648037167957,14.28304386138916,410061000,0.0,0.0
2022-11-08 00:00:00-05:00,14.782415387435028,14.872302535108739,14.198149880032776,14.58366584777832,595292000,0.0,0.0
2022-11-09 00:00:00-05:00,14.144219240509747,14.193158459885122,13.741725330956239,13.75870418548584,454414000,0.0,0.0
2022-11-10 00:00:00-05:00,14.781417601209665,15.753195494812513,14.528735003966306,15.730224609375,700819000,0.0,0.0
2022-11-11 00:00:00-05:00,15.78715104196188,16.368419993714063,15.462559340470623,16.30649757385254,655487000,0.0,0.0
2022-11-14 00:00:00-05:00,16.197640761251744,16.51923703383715,15.902011871810304,16.27454376220703,527852000,0.0,0.0
2022-11-15 00:00:00-05:00,16.70100428796189,16.976656817848582,16.361431033277864,16.64507484436035,545876000,0.0,0.0
2022-11-16 00:00:00-05:00,16.141709565247826,16.34145732599952,15.853071888838846,15.89002513885498,649547000,0.0,0.0
2022-11-17 00:00:00-05:00,15.695268602256101,16.245577368149426,15.51549430312848,15.657316207885742,710894000,0.0,0.0
2022-11-18 00:00:00-05:00,15.945953056863983,15.98190906001259,15.101015557178844,15.389653205871582,492072000,0.0,0.0
2022-11-21 00:00:00-05:00,15.127982909179686,15.457568510471011,15.06106664059395,15.297769546508789,404739000,0.0,0.0
2022-11-22 00:00:00-05:00,15.308753778828079,16.037837664544167,15.103012110863446,16.01786231994629,472866000,0.0,0.0
2022-11-23 00:00:00-05:00,16.07778765170836,16.506249872107517,16.02785119143118,16.498258590698242,427241000,0.0,0.0
2022-11-25 00:00:00-05:00,16.297510910083282,16.466297423181434,16.151694328082346,16.249570846557617,167934000,0.0,0.0
2022-11-28 00:00:00-05:00,16.00587750224232,16.336463192763517,15.70525673572653,15.807127952575684,303741000,0.0,0.0
2022-11-29 00:00:00-05:00,15.807126494631538,15.911995146685767,15.500512771594675,15.619362831115723,298384000,0.0,0.0
2022-11-30 00:00:00-05:00,15.681298173391307,16.91306558413823,15.581398772907361,16.90607261657715,565298000,0.004,0.0
2022-12-01 00:00:00-05:00,16.98200093379881,17.247733765667537,16.618364626853012,17.11786460876465,470977000,0.0,0.0
2022-12-02 00:00:00-05:00,16.64234117792431,16.916067342010866,16.428554479527566,16.85912322998047,371389000,0.0,0.0
2022-12-05 00:00:00-05:00,16.66231883516899,16.978002762737614,16.455525140941326,16.593387603759766,352255000,0.0,0.0
2022-12-06 00:00:00-05:00,16.513468304609546,16.55642456672552,15.803178964975501,15.9710111618042,352694000,0.0,0.0
2022-12-07 00:00:00-05:00,15.75622742232806,16.169813909620327,15.651331932839504,16.103879928588867,372388000,0.0,0.0
2022-12-08 00:00:00-05:00,16.256728622158576,17.16182280977595,15.943041522391448,17.151832580566406,515456000,0.0,0.0
2022-12-09 00:00:00-05:00,17.142840656143218,17.56541801143264,16.95802618094961,16.983999252319336,465338000,0.0,0.0
2022-12-12 00:00:00-05:00,17.019964378211757,17.520462850697957,16.78020459668349,17.517465591430664,457328000,0.0,0.0
2022-12-13 00:00:00-05:00,18.512469006153694,18.77121078174227,17.693289316822757,18.05392837524414,656589000,0.0,0.0
2022-12-14 00:00:00-05:00,17.969014969673864,18.233751301579638,17.402582456218408,17.656328201293945,496888000,0.0,0.0
2022-12-15 00:00:00-05:00,17.128853387661163,17.302679168965806,16.683300254847847,16.935047149658203,478542000,0.0,0.0
2022-12-16 00:00:00-05:00,16.84713821460191,17.02396128021654,16.393591691050435,16.55443000793457,478232000,0.0,0.0
2022-12-19 00:00:00-05:00,16.555426124711342,16.592387869431995,16.128853140261523,16.237743377685547,354039000,0.0,0.0
2022-12-20 00:00:00-05:00,16.0479374093435,16.293691733158465,15.836150439306303,16.06891632080078,403260000,0.0,0.0
2022-12-21 00:00:00-05:00,16.097883108965103,16.610370494528894,16.085894074796574,16.484495162963867,325025000,0.0,0.0
2022-12-22 00:00:00-05:00,16.0779039686439,16.121860588450037,14.867116217993509,15.32365894317627,565045000,0.0,0.0
2022-12-23 00:00:00-05:00,15.180801856563045,15.323658484858957,14.86811517713691,15.190792083740234,349326000,0.0,0.0
2022-12-27 00:00:00-05:00,15.058926299176873,15.084900321940324,14.04194370104502,14.106879234313965,464902000,0.0,0.0
2022-12-28 00:00:00-05:00,13.913070976241796,14.247735964571142,13.870113761600244,14.02196216583252,351066000,0.0,0.0
2022-12-29 00:00:00-05:00,14.387595939070156,14.668314075002518,14.212770778754917,14.588394165039062,354923000,0.0,0.0
2022-12-30 00:00:00-05:00,14.31966272505459,14.614367741401658,14.218763913231449,14.599383354187012,310490000,0.0,0.0
2023-01-03 00:00:00-05:00,14.836147214679976,14.981002656191748,14.081902182591683,14.30068302154541,401277000,0.0,0.0
2023-01-04 00:00:00-05:00,14.552432867835895,14.838146156406989,14.226758666083303,14.73425006866455,431324000,0.0,0.0
2023-01-05 00:00:00-05:00,14.47651008305059,14.549437041892885,14.133852649988928,14.250736236572266,389168000,0.0,0.0
2023-01-06 00:00:00-05:00,14.459523925052371,14.994988100578038,14.019964406631336,14.844139099121094,405044000,0.0,0.0
2023-01-09 00:00:00-05:00,15.268714667138873,16.03994193956856,15.125857081198152,15.612370491027832,504231000,0.0,0.0
2023-01-10 00:00:00-05:00,15.491492779879401,15.946037698097602,15.456527932742713,15.893091201782227,384101000,0.0,0.0
2023-01-11 00:00:00-05:00,15.824158513514837,16.011970219679487,15.547435115356448,15.984996795654297,353285000,0.0,0.0
2023-01-12 00:00:00-05:00,16.083897626620722,16.620359284778843,15.476504976085742,16.49448585510254,551409000,0.0,0.0
2023-01-13 00:00:00-05:00,16.261723610585914,16.905080685202577,16.148837635119033,16.882102966308594,447287000,0.0,0.0
2023-01-17 00:00:00-05:00,16.882102890181493,17.71027444723034,16.882102890181493,17.68429946899414,511102000,0.0,0.0
2023-01-18 00:00:00-05:00,17.64933195026429,17.8551253151724,17.264716740500983,17.359622955322266,439624000,0.0,0.0
2023-01-19 00:00:00-05:00,17.01896463226559,17.179804849106613,16.714271208962963,16.74823570251465,452932000,0.0,0.0
2023-01-20 00:00:00-05:00,16.99398826883285,17.838144467896704,16.80817535561797,17.8211612701416,564967000,0.0,0.0
2023-01-23 00:00:00-05:00,18.045932771346358,19.22575327562238,17.800180419919084,19.173805236816406,655163000,0.0,0.0
2023-01-24 00:00:00-05:00,18.808169697179686,19.47550276564291,18.801176728770063,19.245731353759766,496204000,0.0,0.0
2023-01-25 00:00:00-05:00,18.894084898187952,19.350628576512324,18.561417754150824,19.303674697875977,449537000,0.0,0.0
2023-01-26 00:00:00-05:00,19.68129532518558,20.14583038584764,19.258718073312,19.782194137573242,489535000,0.0,0.0
2023-01-27 00:00:00-05:00,19.442538121142203,20.607372500637613,19.38559591313847,20.344635009765625,542142000,0.0,0.0
2023-01-30 00:00:00-05:00,19.93004958460622,20.11985820147362,19.13084848856238,19.142837524414062,488611000,0.0,0.0
2023-01-31 00:00:00-05:00,19.150830104290442,19.667313303213437,18.931050789927134,19.51746368408203,498017000,0.0,0.0
2023-02-01 00:00:00-05:00,19.67130927886173,21.170807752513607,19.5913893538845,20.92205810546875,660477000,0.0,0.0
2023-02-02 00:00:00-05:00,20.978997726890935,21.927048029670438,20.679298521540353,21.687288284301758,564276000,0.0,0.0
2023-02-03 00:00:00-05:00,20.978997108875344,21.723252844703303,20.768207695861946,21.07889747619629,429366000,0.0,0.0
2023-02-06 00:00:00-05:00,20.78519509214831,21.548431080233986,20.765214633558085,21.067913055419922,452197000,0.0,0.0
2023-02-07 00:00:00-05:00,21.36061803940656,22.23674185018041,21.128849688047,22.150827407836914,664150000,0.0,0.0
2023-02-08 00:00:00-05:00,22.364609852385264,22.85511993042836,21.985989180590057,22.18279266357422,559651000,0.0,0.0
2023-02-09 00:00:00-05:00,22.58339300958644,22.99697853291516,22.097878989240208,22.314661026000977,523876000,0.0,0.0
2023-02-10 00:00:00-05:00,21.66830661145846,22.055917123650822,20.79018606002947,21.243730545043945,550737000,0.0,0.0
2023-02-13 00:00:00-05:00,21.516460573823032,22.025950766178745,20.941036401408137,21.766210556030273,474919000,0.0,0.0
2023-02-14 00:00:00-05:00,21.556420076698707,23.025949676572004,21.34463219361314,22.948028564453125,675474000,0.0,0.0
2023-02-15 00:00:00-05:00,22.526446803874055,22.832140505930372,22.083890994896432,22.74123191833496,420575000,0.0,0.0
2023-02-16 00:00:00-05:00,22.110865240742353,22.52744803558797,21.905071876709787,21.979997634887695,412026000,0.0,0.0
2023-02-17 00:00:00-05:00,21.609366570739,21.71825680895327,20.954022522936867,21.366609573364258,465888000,0.0,0.0
2023-02-21 00:00:00-05:00,20.979002266932945,21.47250780197976,20.59738425618342,20.634347915649414,410015000,0.0,0.0
2023-02-22 00:00:00-05:00,20.686293870610594,21.082896233045748,20.400578664452947,20.733245849609375,513184000,0.0,0.0
2023-02-23 00:00:00-05:00,23.41656006308935,23.864112008367524,23.001974156806483,23.640335083007812,1117995000,0.0,0.0
2023-02-24 00:00:00-05:00,23.201774563076796,23.4505261030738,22.924052694816517,23.262712478637695,589716000,0.0,0.0
2023-02-27 00:00:00-05:00,23.646324873974233,23.856113913208368,23.430541317778875,23.477493286132812,452994000,0.0,0.0
2023-02-28 00:00:00-05:00,23.348627491238524,23.801175507716838,23.182793127166743,23.19278335571289,455963000,0.0,0.0
2023-03-01 00:00:00-05:00,23.168804101489602,23.2327411745783,22.485488184590242,22.6752986907959,460026000,0.0,0.0
2023-03-02 00:00:00-05:00,22.465509649279113,23.356615814296525,22.40956399575206,23.290681838989258,389415000,0.0,0.0
2023-03-03 00:00:00-05:00,23.296680141971127,23.876100076867033,23.10686960480691,23.86610984802246,412393000,0.0,0.0
2023-03-06 00:00:00-05:00,23.867109901704033,24.22375134917666,23.463512664360874,23.530447006225586,437429000,0.0,0.0
2023-03-07 00:00:00-05:00,23.580404618172988,24.104968314326598,23.221701547557327,23.26866340637207,515154000,0.004,0.0
2023-03-08 00:00:00-05:00,23.467498967392764,24.17990823526979,23.404551548814798,24.16092300415039,513573000,0.0,0.0
2023-03-09 00:00:00-05:00,24.154922945379216,24.43369248287704,23.363580850091193,23.41653823852539,501257000,0.0,0.0
2023-03-10 00:00:00-05:00,23.38956009205049,23.607379462799077,22.707126734055908,22.9459285736084,474866000,0.0,0.0
2023-03-13 00:00:00-04:00,22.733106940046454,23.27865305444534,22.278484860419933,22.946928024291992,421890000,0.0,0.0
2023-03-14 00:00:00-04:00,23.476487867060463,24.19888701960605,23.44051655907677,24.04301643371582,474910000,0.0,0.0
2023-03-15 00:00:00-04:00,23.74126688899198,24.26583051123997,23.340600837359847,24.2078800201416,524486000,0.0,0.0
2023-03-16 00:00:00-04:00,24.007047963864338,25.56675059825911,23.874157083100002,25.519790649414062,583253000,0.0,0.0
2023-03-17 00:00:00-04:00,25.960424630848856,26.377078166810012,25.646684297201393,25.703638076782227,848547000,0.0,0.0
2023-03-20 00:00:00-04:00,25.593732943466883,26.002393768029705,25.109135004381503,25.878496170043945,432747000,0.0,0.0
2023-03-21 00:00:00-04:00,26.158260863210074,26.370084715171625,25.359924553123577,26.177244186401367,547408000,0.0,0.0
2023-03-22 00:00:00-04:00,26.403054661635647,27.566089484334555,26.21521106020196,26.446020126342773,797295000,0.0,0.0
2023-03-23 00:00:00-04:00,27.092485590001715,27.476167523901886,26.667839239162014,27.16842269897461,564889000,0.0,0.0
2023-03-24 00:00:00-04:00,27.008555018771276,27.14444177136707,26.333115738961876,26.756763458251953,454920000,0.0,0.0
2023-03-27 00:00:00-04:00,26.814715931188335,26.977580691716717,26.343107731941966,26.508970260620117,361026000,0.0,0.0
2023-03-28 00:00:00-04:00,26.42504099387314,26.49098617741666,25.828536573761543,26.388071060180664,356104000,0.0,0.0
2023-03-29 00:00:00-04:00,26.80272526365729,27.055513525700643,26.57491395467883,26.961591720581055,393694000,0.0,0.0
2023-03-30 00:00:00-04:00,27.206388565387414,27.47616480917353,27.079493220776026,27.360260009765625,364516000,0.0,0.0
2023-03-31 00:00:00-04:00,27.117462777878853,27.81088673556325,27.082491993767807,27.753934860229492,433933000,0.0,0.0
2023-04-03 00:00:00-04:00,27.486157467758918,27.97674896673063,27.31330079051416,27.9417781829834,398716000,0.0,0.0
2023-04-04 00:00:00-04:00,27.94277892614299,27.9767510917249,27.284325709406502,27.430204391479492,368592000,0.0,0.0
2023-04-05 00:00:00-04:00,26.80672385592453,26.97558225141349,26.373084198934407,26.858680725097656,515015000,0.0,0.0
2023-04-06 00:00:00-04:00,26.561926278385005,27.05751472693762,26.40505705103106,27.014551162719727,397654000,0.0,0.0
2023-04-10 00:00:00-04:00,26.80072620018478,27.598063878336834,26.64685475224009,27.55609893798828,395279000,0.0,0.0
2023-04-11 00:00:00-04:00,27.70098190602062,27.766927091482064,27.10347694194817,27.146442413330078,314378000,0.0,0.0
2023-04-12 00:00:00-04:00,27.347272978771652,27.445191173354328,26.426037716955808,26.472999572753906,446259000,0.0,0.0
2023-04-13 00:00:00-04:00,26.71179965358217,26.864672482211642,26.307137180511106,26.441024780273438,353615000,0.0,0.0
2023-04-14 00:00:00-04:00,26.481990027168322,26.860675005002047,26.198225472529604,26.73577880859375,395660000,0.0,0.0
2023-04-17 00:00:00-04:00,26.54293875740368,26.983572499232327,26.411048411628634,26.979576110839844,321471000,0.0,0.0
2023-04-18 00:00:00-04:00,27.51014009932785,28.08666067670505,27.334285638782283,27.644027709960938,604812000,0.0,0.0
2023-04-19 00:00:00-04:00,27.338274413055444,27.976743607981707,27.209381848252004,27.907800674438477,358660000,0.0,0.0
2023-04-20 00:00:00-04:00,27.64802393339629,28.006727009696085,26.977581546120554,27.08149528503418,427713000,0.0,0.0
2023-04-21 00:00:00-04:00,26.929618278406625,27.160427351710336,26.69980973159089,27.096479415893555,345103000,0.0,0.0
2023-04-24 00:00:00-04:00,26.990569353375054,27.34327496276754,26.64885238383688,27.01954460144043,339282000,0.0,0.0
2023-04-25 00:00:00-04:00,27.05551061422272,27.224370883424804,26.203220303159572,26.219205856323242,378527000,0.0,0.0
2023-04-26 00:00:00-04:00,26.97957605431513,27.307302770987576,26.682821824060706,26.933612823486328,406337000,0.0,0.0
2023-04-27 00:00:00-04:00,27.340281221046943,27.47217159023553,26.60289311743897,27.203393936157227,377161000,0.0,0.0
2023-04-28 00:00:00-04:00,27.202394701984563,27.734951176667415,27.048521337557332,27.72595977783203,292216000,0.0,0.0
2023-05-01 00:00:00-04:00,27.81688459114848,29.03387369698628,27.756934942782742,28.885995864868164,570329000,0.0,0.0
2023-05-02 00:00:00-04:00,28.656183952378868,28.812054544580096,28.05967958921287,28.186573028564453,402730000,0.0,0.0
2023-05-03 00:00:00-04:00,27.81688204976608,28.34344486027376,27.449187603389927,27.778913497924805,383387000,0.0,0.0
2023-05-04 00:00:00-04:00,27.628036978765422,27.83586443324702,27.217378984903736,27.539112091064453,321850000,0.0,0.0
2023-05-05 00:00:00-04:00,27.802894198913098,28.731121728563178,27.707973770612693,28.656185150146484,361494000,0.0,0.0
2023-05-08 00:00:00-04:00,28.498311768735906,29.195732032286276,28.326455636647413,29.126789093017578,344979000,0.0,0.0
2023-05-09 00:00:00-04:00,28.875006142900506,28.94894410818847,28.4263795295383,28.547277450561523,314869000,0.0,0.0
2023-05-10 00:00:00-04:00,28.98091460956097,29.08882663839483,28.437367605326653,28.86101531982422,369350000,0.0,0.0
2023-05-11 00:00:00-04:00,28.872004608217654,28.92596062028458,28.22254475076314,28.55426788330078,322149000,0.0,0.0
2023-05-12 00:00:00-04:00,28.505307600656668,28.756100516190692,28.022708903166627,28.316465377807617,274222000,0.0,0.0
2023-05-15 00:00:00-04:00,28.484324933585533,28.94494253797439,28.12862158025983,28.928955078125,293926000,0.0,0.0
2023-05-16 00:00:00-04:00,28.817050841568992,29.845197623603145,28.808059443130762,29.18874168395996,449405000,0.0,0.0
2023-05-17 00:00:00-04:00,29.559435993791354,30.17392512966197,29.405564531055397,30.152942657470703,432535000,0.0,0.0
2023-05-18 00:00:00-04:00,30.384744840658275,31.801566483071674,30.294819431722896,31.651691436767578,748725000,0.0,0.0
2023-05-19 00:00:00-04:00,31.509810589762786,31.553774675559076,30.89032652886848,31.238037109375,473908000,0.0,0.0
2023-05-22 00:00:00-04:00,30.875340877060037,31.493828286869693,30.654525616110014,31.150114059448242,372000000,0.0,0.0
2023-05-23 00:00:00-04:00,30.974258748799674,31.262019710995222,30.605565671093288,30.662517547607422,356253000,0.0,0.0
2023-05-24 00:00:00-04:00,30.184909476760378,30.581581031014146,29.781245672310558,30.512638092041016,721419000,0.0,0.0
2023-05-25 00:00:00-04:00,38.491004098045735,39.447210007542544,36.60457166088481,37.948455810546875,1543911000,0.0,0.0
2023-05-26 00:00:00-04:00,37.8585315838267,39.137467318687364,37.518813802813185,38.91365432739258,714397000,0.0,0.0
2023-05-30 00:00:00-04:00,40.56128934835457,41.903172568037185,39.915825906609996,40.07769012451172,923401000,0.0,0.0
2023-05-31 00:00:00-04:00,39.455203631645354,40.26153261415584,37.79058690184261,37.80257797241211,1002580000,0.0,0.0
2023-06-01 00:00:00-04:00,38.457038285135596,40.01674290011226,38.30816374839411,39.736976623535156,635873000,0.0,0.0
2023-06-02 00:00:00-04:00,40.063703080946816,40.46636830283073,39.025564415674026,39.294342041015625,482731000,0.0,0.0
2023-06-05 00:00:00-04:00,38.876693830155325,39.53214737766458,38.674861888368824,39.13847732543945,396094000,0.0,0.0
2023-06-06 00:00:00-04:00,38.79775882224138,39.12748282035394,38.116322111286685,38.62190246582031,388729000,0.0,0.0
2023-06-07 00:00:00-04:00,38.886705495226614,39.47028049803264,37.32883713586247,37.447750091552734,511998000,0.004,0.0
2023-06-08 00:00:00-04:00,37.69657810413266,38.83574884803621,37.47773933461828,38.48200607299805,417772000,0.0,0.0
2023-06-09 00:00:00-04:00,39.00861783598584,39.68212760699857,38.53896213031096,38.74181365966797,427717000,0.0,0.0
2023-06-12 00:00:00-04:00,39.171507768831006,39.501265922143716,38.58993007067233,39.45330047607422,388701000,0.0,0.0
2023-06-13 00:00:00-04:00,40.15678529799824,41.07112100095235,39.711110397236205,40.9921760559082,613208000,0.0,0.0
2023-06-14 00:00:00-04:00,40.794327015832565,42.96874400584985,40.52252155664653,42.96574783325195,740465000,0.0,0.0
2023-06-15 00:00:00-04:00,42.57103621355931,43.25753714671118,42.11636509751025,42.62199783325195,568622000,0.0,0.0
2023-06-16 00:00:00-04:00,43.41840945055139,43.689212322344694,42.6299816471878,42.66096115112305,655709000,0.0,0.0
2023-06-20 00:00:00-04:00,42.966744812657,43.95802428329941,42.64297902478398,43.776153564453125,451153000,0.0,0.0
2023-06-21 00:00:00-04:00,43.46937984975044,43.583299212657124,42.04941511162373,43.013710021972656,551603000,0.0,0.0
2023-06-22 00:00:00-04:00,42.22227910485018,43.39442663272672,42.20329572401854,42.99372100830078,417737000,0.0,0.0
2023-06-23 00:00:00-04:00,42.4331298944521,42.77787649157712,41.98445500064074,42.178314208984375,358140000,0.0,0.0
2023-06-26 00:00:00-04:00,42.43012776772855,42.73290887794561,40.070844243899195,40.60245895385742,594322000,0.0,0.0
2023-06-27 00:00:00-04:00,40.76933398174648,41.90950317799757,40.418591274861775,41.845550537109375,462175000,0.0,0.0
2023-06-28 00:00:00-04:00,40.63044011815251,41.81457999808646,40.488545059577945,41.08710861206055,582639000,0.0,0.0
2023-06-29 00:00:00-04:00,41.52778911037634,41.569758396555315,40.57048532152346,40.79232406616211,380514000,0.0,0.0
2023-06-30 00:00:00-04:00,41.64970217474364,42.51906868482128,41.47083144000187,42.27124786376953,501148000,0.0,0.0
2023-07-03 00:00:00-04:00,42.48608466102656,42.86680815864475,42.171315066266786,42.38216018676758,198209000,0.0,0.0
2023-07-05 00:00:00-04:00,42.10436890718979,43.14561125771648,42.05440601633571,42.28623962402344,323618000,0.0,0.0
2023-07-06 00:00:00-04:00,41.81358093287342,42.14833647102733,41.31594188398918,42.072391510009766,303582000,0.0,0.0
2023-07-07 00:00:00-04:00,42.291234930923494,43.18258864442645,42.14933985780963,42.472103118896484,355881000,0.0,0.0
2023-07-10 00:00:00-04:00,42.62599220515189,42.77987958473674,41.618721733111734,42.14933776855469,353908000,0.0,0.0
2023-07-11 00:00:00-04:00,42.45011335397041,42.72691238917329,42.0364166991454,42.374168395996094,298244000,0.0,0.0
2023-07-12 00:00:00-04:00,43.001715152832105,43.903059808967086,42.74590075117866,43.87008285522461,481277000,0.0,0.0
2023-07-13 00:00:00-04:00,44.485637843052004,46.12144500110187,44.459655768689124,45.94357681274414,478204000,0.0,0.0
2023-07-14 00:00:00-04:00,46.54913208580055,48.05303894524698,45.027240569884796,45.435943603515625,772075000,0.0,0.0
2023-07-17 00:00:00-04:00,46.255343569249206,46.46218997431585,45.22908989980868,46.427215576171875,510488000,0.0,0.0
2023-07-18 00:00:00-04:00,46.66704612621804,47.86117699331049,45.700750131517545,47.459468841552734,569164000,0.0,0.0
2023-07-19 00:00:00-04:00,47.42949003823852,47.78323273939186,46.708014876201304,47.04277038574219,427502000,0.0,0.0
2023-07-20 00:00:00-04:00,46.47318603639003,47.052766164408155,45.029236960247545,45.48690414428711,537865000,0.0,0.0
2023-07-21 00:00:00-04:00,45.754711707343915,45.83265793125683,44.067939106833165,44.27678680419922,963769000,0.0,0.0
2023-07-24 00:00:00-04:00,44.69847992512501,45.076207287411634,44.00798419764258,44.579566955566406,382516000,0.0,0.0
2023-07-25 00:00:00-04:00,44.90833520333714,46.14942918660317,44.890346731901275,45.64579772949219,348081000,0.0,0.0
2023-07-26 00:00:00-04:00,45.98753948381612,46.019517711894565,44.59755199508339,45.41895294189453,364237000,0.0,0.0
2023-07-27 00:00:00-04:00,46.48518773253176,47.360550445338596,45.71674568935068,45.86663818359375,455976000,0.0,0.0
2023-07-28 00:00:00-04:00,46.63406993246034,46.9928100852104,46.34727984222391,46.71601104736328,331194000,0.0,0.0
2023-07-31 00:00:00-04:00,46.7200135632976,47.09573967930946,46.472192750297545,46.695030212402344,251055000,0.0,0.0
2023-08-01 00:00:00-04:00,46.42622359131387,46.86590615971662,45.99353971547932,46.47319030761719,237858000,0.0,0.0
2023-08-02 00:00:00-04:00,45.79767712081911,45.80666944850336,43.35545393271358,44.236812591552734,530142000,0.0,0.0
2023-08-03 00:00:00-04:00,43.76815892788042,45.08520160367777,43.76815892788042,44.48263931274414,324176000,0.0,0.0
2023-08-04 00:00:00-04:00,44.95229672936695,45.6088167758493,44.36072805590183,44.647518157958984,362666000,0.0,0.0
2023-08-07 00:00:00-04:00,45.078210093853784,45.50689911921515,44.53060808479913,45.38398742675781,322154000,0.0,0.0
2023-08-08 00:00:00-04:00,44.82039253545294,45.209109671688076,44.02397106962369,44.63153076171875,353843000,0.0,0.0
2023-08-09 00:00:00-04:00,44.24181457881286,44.27978896852582,42.1033707988195,42.523067474365234,586449000,0.0,0.0
2023-08-10 00:00:00-04:00,42.129358062603245,43.542331834639555,41.80459350942368,42.35719299316406,492705000,0.0,0.0
2023-08-11 00:00:00-04:00,41.72063903683801,41.98744698445807,40.609448146848464,40.82529067993164,533085000,0.0,0.0
2023-08-14 00:00:00-04:00,40.456568112182865,43.768158123210526,40.28169609363209,43.72119140625,690286000,0.0,0.0
2023-08-15 00:00:00-04:00,44.527610226384226,45.2350957564997,43.67822581342224,43.908058166503906,676512000,0.0,0.0
2023-08-16 00:00:00-04:00,44.487632483624076,44.642518572075744,43.374440183849174,43.454383850097656,527451000,0.0,0.0
2023-08-17 00:00:00-04:00,43.93803287430319,44.02996504043604,42.9697356160732,43.3124885559082,452395000,0.0,0.0
2023-08-18 00:00:00-04:00,42.60400593276561,43.546321236640146,41.62971620809795,43.26752471923828,583768000,0.0,0.0
2023-08-21 00:00:00-04:00,44.46165201493228,47.030782025071126,44.18985040134457,46.93285369873047,692573000,0.0,0.0
2023-08-22 00:00:00-04:00,48.100005574504046,48.15196972371808,45.30004440741636,45.63479995727539,755293000,0.0,0.0
2023-08-23 00:00:00-04:00,45.83266139495846,47.165691352034756,45.17513874604211,47.08175277709961,779046000,0.0,0.0
2023-08-24 00:00:00-04:00,50.17949363700367,50.229456525679716,47.12471680402284,47.12871170043945,1156044000,0.0,0.0
2023-08-25 00:00:00-04:00,46.97781961200935,47.77024230669421,44.99126226942635,45.98454284667969,925341000,0.0,0.0
2023-08-28 00:00:00-04:00,46.44820509438741,46.945844136189635,44.85536600768865,46.80094909667969,685192000,0.0,0.0
2023-08-29 00:00:00-04:00,46.632071231077255,49.04531628812588,46.35726964870884,48.748531341552734,701397000,0.0,0.0
2023-08-30 00:00:00-04:00,49.008338674508195,49.89069606305402,48.389789269751844,49.228179931640625,735206000,0.0,0.0
2023-08-31 00:00:00-04:00,49.34410184954682,49.70783563609758,48.922407758819745,49.31911849975586,528570000,0.0,0.0
2023-09-01 00:00:00-04:00,49.72582712049024,49.763797697596935,48.107002016363225,48.47373580932617,463830000,0.0,0.0
2023-09-05 00:00:00-04:00,48.187938474576626,48.81548404497399,47.825203434833014,48.51270294189453,382653000,0.0,0.0
2023-09-06 00:00:00-04:00,48.409777901490216,48.51770618274076,46.549977399633065,47.03066635131836,468670000,0.004,0.0
2023-09-07 00:00:00-04:00,45.495655031746296,46.314127328933516,45.122894378455285,46.2111930847168,433330000,0.0,0.0
2023-09-08 00:00:00-04:00,45.912385845022,46.575955463730146,45.241816956969146,45.54262161254883,473069000,0.0,0.0
2023-09-11 00:00:00-04:00,46.118244364675505,46.13323408329751,44.28342961037863,45.14887237548828,473966000,0.0,0.0
2023-09-12 00:00:00-04:00,44.7091572109494,45.64355580633702,44.50228992802937,44.84107208251953,349256000,0.0,0.0
2023-09-13 00:00:00-04:00,44.571249185878756,45.900393693899545,44.47431159036819,45.45568084716797,398355000,0.0,0.0
2023-09-14 00:00:00-04:00,45.92037826774396,45.9573531646138,45.10190600685458,45.55161666870117,370097000,0.0,0.0
2023-09-15 00:00:00-04:00,45.31176938864075,45.56960248299807,43.77975673017383,43.871700286865234,506831000,0.0,0.0
2023-09-18 00:00:00-04:00,42.7204393860463,44.21347561321812,41.97292056005233,43.937652587890625,500271000,0.0,0.0
2023-09-19 00:00:00-04:00,43.80474129556245,43.93765497175379,42.97427575565499,43.491943359375,373064000,0.0,0.0
2023-09-20 00:00:00-04:00,43.571891798323115,43.874697872716084,42.1957805773011,42.211769104003906,367108000,0.0,0.0
2023-09-21 00:00:00-04:00,41.55619180268766,42.0728567871405,40.953579913724376,40.99055480957031,450736000,0.0,0.0
2023-09-22 00:00:00-04:00,41.5452019552033,42.08785502643417,41.204422154786,41.58317947387695,479236000,0.0,0.0
2023-09-25 00:00:00-04:00,41.564184746897794,42.50857517454085,41.15045020013546,42.19477844238281,419091000,0.0,0.0
2023-09-26 00:00:00-04:00,41.97392575085955,42.79239807025896,41.62814811031587,41.88398361206055,402282000,0.0,0.0
2023-09-27 00:00:00-04:00,42.302716514168864,42.8443669656933,41.6021681553093,42.44062423706055,444935000,0.0,0.0
2023-09-28 00:00:00-04:00,42.43262596387141,43.417990370192356,42.08785097086144,43.061222076416016,424663000,0.0,0.0
2023-09-29 00:00:00-04:00,43.7987463785024,44.11554336483788,43.27908114153103,43.4709587097168,397830000,0.0,0.0
2023-10-02 00:00:00-04:00,44.00161394425031,45.145876254159724,43.83272417445268,44.75313186645508,433298000,0.0,0.0
2023-10-03 00:00:00-04:00,44.77910920077743,45.10090400420974,43.2181160083425,43.48894119262695,470850000,0.0,0.0
2023-10-04 00:00:00-04:00,43.71380812785057,44.11455065256754,43.264097397939636,44.01261520385742,361821000,0.0,0.0
2023-10-05 00:00:00-04:00,44.02160569733858,44.87106009571042,43.859711368944936,44.65919494628906,393483000,0.0,0.0
2023-10-06 00:00:00-04:00,44.16451314682261,45.75948500590108,43.99762098117797,45.73250198364258,434436000,0.0,0.0
2023-10-09 00:00:00-04:00,44.813086880403254,45.57559541910592,44.33939347095082,45.24380874633789,409675000,0.0,0.0
2023-10-10 00:00:00-04:00,45.28078645305619,46.229172057316305,45.058929471918596,45.768470764160156,368582000,0.0,0.0
2023-10-11 00:00:00-04:00,46.16621813703432,46.82879273607268,46.02031234982247,46.77582550048828,378137000,0.0,0.0
2023-10-12 00:00:00-04:00,46.746842929581085,47.57830726462998,46.30013251687724,46.91473388671875,481325000,0.0,0.0
2023-10-13 00:00:00-04:00,46.92972437247631,47.0856258439627,45.25080714920821,45.43169021606445,474115000,0.0,0.0
2023-10-16 00:00:00-04:00,45.03394854361238,46.19519817588755,44.8830449142491,46.065284729003906,375099000,0.0,0.0
2023-10-17 00:00:00-04:00,43.971635905037324,44.72515146398081,42.452615298122,43.90967559814453,812333000,0.0,0.0
2023-10-18 00:00:00-04:00,42.56354235108208,43.19113966201485,41.79803732924531,42.16879653930664,627294000,0.0,0.0
2023-10-19 00:00:00-04:00,42.783401532452814,43.26908828015481,41.85499958396407,42.07386016845703,501233000,0.0,0.0
2023-10-20 00:00:00-04:00,41.86299514075664,42.44262307555848,41.05151831937694,41.360321044921875,477266000,0.0,0.0
2023-10-23 00:00:00-04:00,41.202419597162184,43.22011894655413,40.91860229657802,42.94729232788086,478530000,0.0,0.0
2023-10-24 00:00:00-04:00,43.049228794577566,43.66882802570082,42.66347986731124,43.634849548339844,401463000,0.0,0.0
2023-10-25 00:00:00-04:00,43.37002736306011,43.621867655032496,41.52821673196295,41.752071380615234,398379000,0.0,0.0
2023-10-26 00:00:00-04:00,41.82601906009142,42.22875913409801,39.85429143072344,40.30000305175781,541001000,0.0,0.0
2023-10-27 00:00:00-04:00,41.10348715819275,41.17943837928563,39.98920425077625,40.47389221191406,416784000,0.0,0.0
2023-10-30 00:00:00-04:00,41.06051827775502,41.73907765520457,40.454906082459445,41.13446807861328,388028000,0.0,0.0
2023-10-31 00:00:00-04:00,40.42392640316341,40.852650720636724,39.204711603972164,40.75371170043945,517969000,0.0,0.0
2023-11-01 00:00:00-04:00,40.857648711306,42.353685526231295,40.84265898891911,42.29772186279297,437593000,0.0,0.0
2023-11-02 00:00:00-04:00,43.300064408208144,43.855705696322225,42.86634611035468,43.47795104980469,409172000,0.0,0.0
2023-11-03 00:00:00-04:00,43.99162089726106,45.27978753454021,43.694811487819166,44.97598648071289,424610000,0.0,0.0
2023-11-06 00:00:00-05:00,45.25580503371784,45.90538750972343,44.87005229839821,45.72150421142578,400733000,0.0,0.0
2023-11-07 00:00:00-05:00,45.689532763842614,46.18820786112749,45.128893543055014,45.92538070678711,343165000,0.0,0.0
2023-11-08 00:00:00-05:00,46.07027857367067,46.83678620591324,45.93836370236791,46.543975830078125,346719000,0.0,0.0
2023-11-09 00:00:00-05:00,47.43639611181253,48.198904678121394,46.719859321767146,46.91973114013672,540496000,0.0,0.0
2023-11-10 00:00:00-05:00,47.46937607383316,48.44074953358826,47.252516922257165,48.303836822509766,421245000,0.0,0.0
2023-11-13 00:00:00-05:00,48.28884773723465,49.08433598855006,48.06798954522677,48.588653564453125,384136000,0.0,0.0
2023-11-14 00:00:00-05:00,49.64797189172138,49.801871937843956,49.00838510603704,49.623985290527344,416954000,0.0,0.0
2023-11-15 00:00:00-05:00,49.902809365822506,49.927790961524366,48.168927272564574,48.856483459472656,475497000,0.0,0.0
2023-11-16 00:00:00-05:00,48.647622492403215,49.49307783387502,48.29884843286255,49.44810485839844,339756000,0.0,0.0
2023-11-17 00:00:00-05:00,49.49207232670018,49.684948701072095,48.97540732164273,49.26622009277344,325205000,0.0,0.0
2023-11-20 00:00:00-05:00,49.28021380853264,50.515417145162935,49.14929773253739,50.37650680541992,414120000,0.0,0.0
2023-11-21 00:00:00-05:00,50.09368608126626,50.48443286697379,49.19026950939756,49.91180419921875,565747000,0.0,0.0
2023-11-22 00:00:00-05:00,49.81985852243295,50.302544998111564,47.65924993569592,48.68458938598633,899420000,0.0,0.0
2023-11-24 00:00:00-05:00,48.438750082118126,48.88945951237367,47.7142152401005,47.74519729614258,294645000,0.0,0.0
2023-11-27 00:00:00-05:00,47.76917918519112,48.49870804491457,47.621275800712816,48.21089553833008,395662000,0.0,0.0
2023-11-28 00:00:00-05:00,48.20490212503735,48.291847835176796,47.442393546125054,47.79016876220703,401491000,0.0,0.0
2023-11-29 00:00:00-05:00,48.34781882043628,48.730571377443304,47.8291523366515,48.108970642089844,382005000,0.0,0.0
2023-11-30 00:00:00-05:00,47.99303847449865,48.078985380939635,46.39207386383031,46.73984909057617,526247000,0.0,0.0
2023-12-01 00:00:00-05:00,46.495008690555146,47.169572782203616,46.15722533542331,46.7348518371582,369317000,0.0,0.0
2023-12-04 00:00:00-05:00,46.04729530005155,46.04729530005155,44.98098181883111,45.48065948486328,437543000,0.0,0.0
2023-12-05 00:00:00-05:00,45.44068360016381,46.57405104711008,45.24579248346221,46.54007339477539,371718000,0.004,0.0
2023-12-06 00:00:00-05:00,47.188709647488736,47.36061475805966,45.38671220041947,45.4776611328125,380590000,0.0,0.0
2023-12-07 00:00:00-05:00,45.67455214099108,46.603035669637734,45.57860492878931,46.57005310058594,350823000,0.0,0.0
2023-12-08 00:00:00-05:00,46.5690536083124,47.71441533754204,46.52407668516983,47.47954559326172,359224000,0.0,0.0
2023-12-11 00:00:00-05:00,47.46455720613541,47.504532035793474,45.8044827851011,46.601036071777344,509728000,0.0,0.0
2023-12-12 00:00:00-05:00,46.02035970624614,47.63945650611494,46.02035970624614,47.630462646484375,372387000,0.0,0.0
2023-12-13 00:00:00-05:00,47.60248560623417,48.56694852407048,47.58149738885303,48.06122970581055,447792000,0.0,0.0
2023-12-14 00:00:00-05:00,48.36305679932983,48.64289968086901,47.395597257027774,48.32307815551758,391232000,0.0,0.0
2023-12-15 00:00:00-05:00,48.16716609290554,49.37649145661912,48.09320598416868,48.86277770996094,479948000,0.0,0.0
2023-12-18 00:00:00-05:00,49.37249683921415,50.40491882356695,49.12263603296827,50.04911804199219,412587000,0.0,0.0
2023-12-19 00:00:00-05:00,49.396477797500886,49.67232508160953,48.867773044674685,49.576377868652344,464444000,0.0,0.0
2023-12-20 00:00:00-05:00,49.62734838444094,49.97115859701397,48.07121619318162,48.08420944213867,397894000,0.0,0.0
2023-12-21 00:00:00-05:00,48.78381779537504,49.067660031222275,48.3920339970984,48.96271896362305,300425000,0.0,0.0
2023-12-22 00:00:00-05:00,49.16760528234189,49.355500319360594,48.44001003124747,48.80281066894531,252507000,0.0,0.0
2023-12-26 00:00:00-05:00,48.9407287654443,49.572376781102484,48.93273380006729,49.251556396484375,244200000,0.0,0.0
2023-12-27 00:00:00-05:00,49.483437657255976,49.65234228998856,49.05767232034617,49.389488220214844,233648000,0.0,0.0
2023-12-28 00:00:00-05:00,49.615365377529834,49.856228529166856,49.38449116880292,49.49443054199219,246587000,0.0,0.0
2023-12-29 00:00:00-05:00,49.78526890876879,49.96916839780278,48.72385984794993,49.49443054199219,389293000,0.0,0.0
2024-01-02 00:00:00-05:00,49.216575301212856,49.26754558758411,47.568495374432075,48.14117431640625,411254000,0.0,0.0
2024-01-03 00:00:00-05:00,47.45855812854748,48.15716638258974,47.29364909537562,47.542510986328125,320896000,0.0,0.0
2024-01-04 00:00:00-05:00,47.74040114665584,48.47299471292731,47.48154648897857,47.971275329589844,306535000,0.0,0.0
2024-01-05 00:00:00-05:00,48.43501170219223,49.51940651463925,48.279096540234384,49.06965637207031,415039000,0.0,0.0
2024-01-08 00:00:00-05:00,49.48443254074205,52.24589457837139,49.45144996976697,52.22390365600586,642510000,0.0,0.0
2024-01-09 00:00:00-05:00,52.37182563719699,54.29475419696261,51.66121915258384,53.11041259765625,773100000,0.0,0.0
2024-01-10 00:00:00-05:00,53.58614782430592,54.569597281107285,53.45921582315341,54.31973648071289,533796000,0.0,0.0
2024-01-11 00:00:00-05:00,54.9683767860804,55.315183696465496,53.530178853161665,54.791473388671875,596759000,0.0,0.0
2024-01-12 00:00:00-05:00,54.58958487431233,54.93939227133335,54.29974925258684,54.679534912109375,352994000,0.0,0.0
2024-01-16 00:00:00-05:00,54.98736982997111,56.803355729677996,54.86943549694436,56.350608825683594,449580000,0.0,0.0
2024-01-17 00:00:00-05:00,56.31562456246964,56.439556064869315,54.709520939803106,56.02178955078125,474394000,0.0,0.0
2024-01-18 00:00:00-05:00,57.228121458897405,57.5679323320847,56.075763460461346,57.0752067565918,491650000,0.0,0.0
2024-01-19 00:00:00-05:00,57.95670795373914,59.46686815803494,57.1931334387279,59.4578742980957,543501000,0.0,0.0
2024-01-22 00:00:00-05:00,60.01556144622368,60.297405908795795,59.03710651176245,59.62078094482422,452955000,0.0,0.0
2024-01-23 00:00:00-05:00,59.536831763324194,59.876642607504685,58.55237959065836,59.839664459228516,294654000,0.0,0.0
2024-01-24 00:00:00-05:00,60.27042173718701,62.81400277309229,59.90462440869122,61.32783126831055,560271000,0.0,0.0
2024-01-25 00:00:00-05:00,62.31527708122234,62.6840748870048,60.816112399436015,61.58268737792969,482777000,0.0,0.0
2024-01-26 00:00:00-05:00,60.926057292697806,61.748600916766215,60.53927554518053,60.99701690673828,390309000,0.0,0.0
2024-01-29 00:00:00-05:00,61.19790260674366,62.4542026404575,60.87308662667512,62.43021774291992,348733000,0.0,0.0
2024-01-30 00:00:00-05:00,62.86497347083293,63.45764174361534,62.22532667454649,62.73904037475586,410735000,0.0,0.0
2024-01-31 00:00:00-05:00,61.40578727537811,62.23432804617364,60.66620146120928,61.492740631103516,453795000,0.0,0.0
2024-02-01 00:00:00-05:00,62.06542319875055,63.15581918121957,61.6156767942891,62.99190902709961,369146000,0.0,0.0
2024-02-02 00:00:00-05:00,63.93837399186544,66.56291110918288,63.654531745686434,66.12316131591797,476578000,0.0,0.0
2024-02-05 00:00:00-05:00,68.1870176350593,69.45831268504848,67.16758882386114,69.29340362548828,680078000,0.0,0.0
2024-02-06 00:00:00-05:00,69.59122707783612,69.71515858330277,66.26308702618283,68.18501281738281,683111000,0.0,0.0
2024-02-07 00:00:00-05:00,68.28095195120673,70.18089422020962,67.56235060844563,70.0599594116211,495575000,0.0,0.0
2024-02-08 00:00:00-05:00,70.03496848915448,70.75456869186667,69.41631758373076,69.60221099853516,414422000,0.0,0.0
2024-02-09 00:00:00-05:00,70.49373428612587,72.14481511205457,70.17291382776136,72.09284973144531,436637000,0.0,0.0
2024-02-12 00:00:00-05:00,72.55957267433736,74.56945447682682,71.21032591879988,72.20777130126953,613710000,0.0,0.0
2024-02-13 00:00:00-05:00,70.36080999462226,73.40910749101484,69.58124543898839,72.08784484863281,602580000,0.0,0.0
2024-02-14 00:00:00-05:00,73.16125433620005,74.19467532641171,71.89795802434332,73.8588638305664,504917000,0.0,0.0
2024-02-15 00:00:00-05:00,73.82786252680346,73.93379867183279,72.35967890593884,72.6175308227539,420122000,0.0,0.0
2024-02-16 00:00:00-05:00,74.05872683634956,74.36056058278803,72.46061841088577,72.57255554199219,495327000,0.0,0.0
2024-02-20 00:00:00-05:00,71.90692798783778,71.91592565937303,67.696276964279,69.41332244873047,704833000,0.0,0.0
2024-02-21 00:00:00-05:00,67.96813224619191,68.84964494727922,66.21111545956025,67.43443298339844,673755000,0.0,0.0
2024-02-22 00:00:00-05:00,74.98323324060954,78.53125229218321,74.17868109913526,78.49427795410156,865100000,0.0,0.0
2024-02-23 00:00:00-05:00,80.7450180977802,82.34812129044985,77.52680973171769,78.77311706542969,829388000,0.0,0.0
2024-02-26 00:00:00-05:00,79.65562156391138,80.60110162092384,78.46128722131758,79.04796600341797,503973000,0.0,0.0
2024-02-27 00:00:00-05:00,79.3367948159067,79.43574633865495,77.11903628247967,78.65717315673828,391705000,0.0,0.0
2024-02-28 00:00:00-05:00,77.57678328073024,78.88904810428491,77.08205615581203,77.61975860595703,393110000,0.0,0.0
2024-02-29 00:00:00-05:00,79.04995966772168,79.94545684182245,78.30637065695909,79.06794738769531,507289000,0.0,0.0
2024-03-01 00:00:00-05:00,79.9554544760787,82.25417684232451,79.39076663879457,82.23318481445312,479135000,0.0,0.0
2024-03-04 00:00:00-05:00,84.08313614077356,87.64615284598061,83.67236958529944,85.18952178955078,615616000,0.0,0.0
2024-03-05 00:00:00-05:00,85.22651962468665,86.05310143549691,83.37446759481172,85.920166015625,520639000,0.004,0.0
2024-03-06 00:00:00-05:00,87.97712182383515,89.67824984643924,86.9856232402923,88.65476989746094,582520000,0.0,0.0
2024-03-07 00:00:00-05:00,90.11201372188047,92.71968420903526,89.55629754335479,92.62173461914062,608119000,0.0,0.0
2024-03-08 00:00:00-05:00,95.08948806655721,97.35033567284756,86.46188588221935,87.48336791992188,1142269000,0.0,0.0
2024-03-11 00:00:00-04:00,86.38491984001777,88.75170831683343,84.12307354021831,85.73025512695312,678364000,0.0,0.0
2024-03-12 00:00:00-04:00,88.00411383105026,91.91311538288066,86.10607991861596,91.86614227294922,668075000,0.0,0.0
2024-03-13 00:00:00-04:00,91.00856657140831,91.45733510152752,88.38989990202793,90.8416519165039,635713000,0.0,0.0
2024-03-14 00:00:00-04:00,89.53132517509458,90.59978030033041,86.55583824442805,87.89915466308594,602318000,0.0,0.0
2024-03-15 00:00:00-04:00,86.8856706502334,89.50033394584524,86.2130173215006,87.79220581054688,642086000,0.0,0.0
2024-03-18 00:00:00-04:00,90.34190203688856,92.35787164603076,87.04058518466691,88.4098892211914,668976000,0.0,0.0
2024-03-19 00:00:00-04:00,86.65578707702176,90.49782872213696,84.96665402343716,89.3524169921875,672171000,0.0,0.0
2024-03-20 00:00:00-04:00,89.75120872764549,90.36390274155225,88.17801382637771,90.32592010498047,479063000,0.0,0.0
2024-03-21 00:00:00-04:00,92.25293104894116,92.60075314567852,90.35889320815413,91.38836669921875,480372000,0.0,0.0
2024-03-22 00:00:00-04:00,91.09452364541656,94.72967008042832,90.78768098585184,94.24092102050781,586719000,0.0,0.0
2024-03-25 00:00:00-04:00,93.89308875236317,96.71664485506633,93.46230882119279,94.95354461669922,552136000,0.0,0.0
2024-03-26 00:00:00-04:00,95.8021249691622,96.32585986372577,92.4548335490284,92.51380157470703,513648000,0.0,0.0
2024-03-27 00:00:00-04:00,93.0645117345537,93.1924448065412,89.07754773882262,90.20397186279297,586067000,0.0,0.0
2024-03-28 00:00:00-04:00,89.95410001839039,91.25344006885744,89.14751238127785,90.30992126464844,435212000,0.0,0.0
2024-04-01 00:00:00-04:00,90.25295469319977,92.17796738530402,89.15851187965868,90.3169174194336,452441000,0.0,0.0
2024-04-02 00:00:00-04:00,88.40289389067334,90.04805823236576,87.57532082751612,89.40638732910156,433064000,0.0,0.0
2024-04-03 00:00:00-04:00,88.43888153844358,90.32791718260744,88.35492473761427,88.91863250732422,370067000,0.0,0.0
2024-04-04 00:00:00-04:00,90.35988689456467,90.58777505707383,85.83619439258581,85.8611831665039,434965000,0.0,0.0
2024-04-05 00:00:00-04:00,86.82169600485652,88.43587785170828,85.88218058642197,87.96311950683594,399678000,0.0,0.0
2024-04-08 00:00:00-04:00,88.65475649731144,88.7846950725735,86.68776556126254,87.08856201171875,283220000,0.0,0.0
2024-04-09 00:00:00-04:00,87.39739525078261,87.59029759028141,82.97965182031417,85.31045532226562,501700000,0.0,0.0
2024-04-10 00:00:00-04:00,83.88320224037439,87.35542960706438,83.66631003801581,86.99461364746094,431929000,0.0,0.0
2024-04-11 00:00:00-04:00,87.37541678298889,90.69272444380793,86.8816730383785,90.56978607177734,431637000,0.0,0.0
2024-04-12 00:00:00-04:00,89.65325833959419,90.1290211698629,87.48536563341473,88.14102935791016,426805000,0.0,0.0
2024-04-15 00:00:00-04:00,89.05257449013831,90.5668014834056,85.885191431367,85.9571533203125,443077000,0.0,0.0
2024-04-16 00:00:00-04:00,86.38892843501489,88.07306685163755,86.02012091101756,87.37042999267578,370453000,0.0,0.0
2024-04-17 00:00:00-04:00,88.2949386437983,88.72972195798647,83.90717836732355,83.99214172363281,495400000,0.0,0.0
2024-04-18 00:00:00-04:00,84.9266740115763,86.14605313921993,82.35998267211264,84.62782287597656,447260000,0.0,0.0
2024-04-19 00:00:00-04:00,83.10760934336838,84.28100677926233,75.56745676539116,76.16114807128906,875198000,0.0,0.0
2024-04-22 00:00:00-04:00,78.0641671154843,80.03216479233348,76.36104131725212,79.47744750976562,596341000,0.0,0.0
2024-04-23 00:00:00-04:00,80.72781776562408,82.72679808163171,80.22307798101387,82.38097381591797,438559000,0.0,0.0
2024-04-24 00:00:00-04:00,83.90719166390734,84.03912814064545,79.14262401880819,79.6363754272461,512208000,0.0,0.0
2024-04-25 00:00:00-04:00,78.82777119604825,83.2805008438938,78.18310352042066,82.58985900878906,424641000,0.0,0.0
2024-04-26 00:00:00-04:00,83.77526671112514,88.28596627439501,83.34448669778978,87.69026947021484,551011000,0.0,0.0
2024-04-29 00:00:00-04:00,87.55033742522801,87.94713054569272,85.22252257935692,87.7122573852539,388971000,0.0,0.0
2024-04-30 00:00:00-04:00,87.19551848613133,88.77371581096726,86.25600293117195,86.35794830322266,363709000,0.0,0.0
2024-05-01 00:00:00-04:00,85.0336065353816,85.95613224492045,81.21354987762143,82.99864196777344,559863000,0.0,0.0
2024-05-02 00:00:00-04:00,84.40593290133356,86.19302312746696,83.15756927733226,85.77323913574219,377898000,0.0,0.0
2024-05-03 00:00:00-04:00,87.7442309865165,89.23546686580507,86.99561241116382,88.74372100830078,398341000,0.0,0.0
2024-05-06 00:00:00-04:00,89.3444197919577,92.17297861657092,89.00959152215785,92.093017578125,376203000,0.0,0.0
2024-05-07 00:00:00-04:00,91.05154909444323,91.73419949359099,88.96561525990342,90.50782775878906,437342000,0.0,0.0
2024-05-08 00:00:00-04:00,89.4373785608014,91.14750473877004,89.37440714328605,90.36590576171875,325721000,0.0,0.0
2024-05-09 00:00:00-04:00,90.48284079234612,91.02556319779642,88.18601596391863,88.70175170898438,378013000,0.0,0.0
2024-05-10 00:00:00-04:00,90.25894513362616,91.35438684926548,89.18149198091324,89.83216094970703,335325000,0.0,0.0
2024-05-13 00:00:00-04:00,90.43186737899792,90.95160653164567,88.48386356145281,90.35291290283203,289680000,0.0,0.0
2024-05-14 00:00:00-04:00,89.55331737042562,91.60427311943869,88.8886555026712,91.3094253540039,296507000,0.0,0.0
2024-05-15 00:00:00-04:00,92.42485211295921,94.81363293144179,91.55229612488634,94.58174896240234,417735000,0.0,0.0
2024-05-16 00:00:00-04:00,94.86160408579778,95.77013712291551,94.05500878486642,94.31088256835938,323952000,0.0,0.0
2024-05-17 00:00:00-04:00,94.32087446247381,94.69167982059238,91.75917807166952,92.43183135986328,359691000,0.0,0.0
2024-05-20 00:00:00-04:00,93.7021930243281,95.15145055956944,93.39235354622227,94.7316665649414,318764000,0.0,0.0
2024-05-21 00:00:00-04:00,93.55127282718048,95.35135699716334,93.1324877566636,95.33736419677734,328946000,0.0,0.0
2024-05-22 00:00:00-04:00,95.41032394954395,95.97103489974472,93.20145177000462,94.90158081054688,548648000,0.0,0.0
2024-05-23 00:00:00-04:00,101.97597026948286,106.26578136298583,101.46822609300973,103.7460708618164,835065000,0.0,0.0
2024-05-24 00:00:00-04:00,104.39572928386976,106.42069701496759,102.94747076428304,106.41470336914062,429494000,0.0,0.0
2024-05-28 00:00:00-04:00,110.18777817721215,114.88038339336015,109.82696222842502,113.84291076660156,652728000,0.0,0.0
2024-05-29 00:00:00-04:00,112.99236012753595,115.43310869580411,110.8444538043126,114.76644897460938,557442000,0.0,0.0
2024-05-30 00:00:00-04:00,114.59153447828542,115.75993705260656,109.60707814261482,110.44364929199219,484553000,0.0,0.0
2024-05-31 00:00:00-04:00,112.46261619518734,112.6595219559155,106.88546755499186,109.57709503173828,613263000,0.0,0.0
2024-06-03 00:00:00-04:00,113.56305829627723,114.94135284423828,111.94587959300615,114.94135284423828,438392000,0.0,0.0
2024-06-04 00:00:00-04:00,115.65700669071254,116.54055105021374,113.98685338816156,116.37763214111328,403324000,0.0,0.0
2024-06-05 00:00:00-04:00,118.31064561773049,122.38656157559062,117.40810617337777,122.37757110595703,528402000,0.0,0.0
2024-06-06 00:00:00-04:00,123.98473454180629,125.52295114690725,118.25965887862115,120.93629455566406,664696000,0.0,0.0
2024-06-07 00:00:00-04:00,119.70892880786865,121.62995352369373,117.96182659837903,120.82636260986328,412386000,0.0,0.0
2024-06-10 00:00:00-04:00,120.30862356189567,123.0372272074531,116.95033628620642,121.72789764404297,313434100,0.0,10.0
2024-06-11 00:00:00-04:00,121.71790142895497,122.81743693170633,118.6891989331394,120.8582763671875,222551200,0.01,0.0
2024-06-12 00:00:00-04:00,123.00735466296415,126.82572022932071,122.51756641163499,125.14643859863281,299595000,0.0,0.0
2024-06-13 00:00:00-04:00,129.3346278393984,129.74445604329242,127.10558642301991,129.55453491210938,260704500,0.0,0.0
2024-06-14 00:00:00-04:00,129.90441625095465,132.78317395786428,128.26511837192902,131.82359313964844,309320400,0.0,0.0
2024-06-17 00:00:00-04:00,132.9331153831068,133.67278906643185,129.52457044327446,130.92396545410156,288504400,0.0,0.0
2024-06-18 00:00:00-04:00,131.08390008465824,136.27168233747813,130.63409563692056,135.52200317382812,294335100,0.0,0.0
2024-06-20 00:00:00-04:00,139.74020619139688,140.69978702792184,129.46460449105635,130.72406005859375,517768400,0.0,0.0
2024-06-21 00:00:00-04:00,127.06562164590744,130.57412222632124,124.24682832839595,126.51585388183594,649445800,0.0,0.0
2024-06-24 00:00:00-04:00,123.18727368315257,124.4067529664504,117.98950138261452,118.0594711303711,476060900,0.0,0.0
2024-06-25 00:00:00-04:00,121.14812701266729,126.44586182330494,119.2689343412532,126.0360336303711,414192600,0.0,0.0
2024-06-26 00:00:00-04:00,126.07604323280044,128.06518984478126,122.54755446405669,126.34593200683594,362975900,0.0,0.0
2024-06-27 00:00:00-04:00,124.04691186806878,126.35592889862836,122.8674163349487,123.93695831298828,252571700,0.0,0.0
2024-06-28 00:00:00-04:00,124.52670811618471,127.65536639722576,122.69748913626472,123.48715209960938,315516700,0.0,0.0
2024-07-01 00:00:00-04:00,123.4171718460919,124.78658078052614,118.7791577829481,124.24681854248047,284885500,0.0,0.0
2024-07-02 00:00:00-04:00,121.07818104942778,123.35721213177682,120.97822535200487,122.61752319335938,218374000,0.0,0.0
2024-07-03 00:00:00-04:00,121.60795022813568,128.22511291503906,121.30807553564613,128.22511291503906,215749000,0.0,0.0
2024-07-05 00:00:00-04:00,127.32550112143423,128.7948810674807,125.62623147151251,125.77616882324219,214176700,0.0,0.0
2024-07-08 00:00:00-04:00,127.43544631776729,130.7140492483546,126.98564191819271,128.1451416015625,237677300,0.0,0.0
2024-07-09 00:00:00-04:00,130.29424856790877,133.76276548705792,128.59496354527897,131.3238067626953,285366600,0.0,0.0
2024-07-10 00:00:00-04:00,133.9726664675838,135.04221608834806,132.36335454676214,134.852294921875,248978600,0.0,0.0
2024-07-11 00:00:00-04:00,135.6919395597456,136.09176237835354,126.99566361078907,127.34551239013672,374782700,0.0,0.0
2024-07-12 00:00:00-04:00,128.20513111513003,131.86356920556344,127.16558268757724,129.18472290039062,252680500,0.0,0.0
2024-07-15 00:00:00-04:00,130.50414372087192,131.33379047542198,127.1255924372887,128.3850555419922,208326200,0.0,0.0
2024-07-16 00:00:00-04:00,128.3850428883488,128.98477699663783,124.52669397454281,126.3059310913086,214769500,0.0,0.0
2024-07-17 00:00:00-04:00,121.29807714631912,121.79786321418705,116.670060903269,117.93951416015625,390086200,0.0,0.0
2024-07-18 00:00:00-04:00,121.79786974825338,122.34763750285344,116.51013195140489,121.03819274902344,320979500,0.0,0.0
2024-07-19 00:00:00-04:00,120.29851774276338,121.54798304467437,117.31979673364096,117.87955474853516,217223800,0.0,0.0
2024-07-22 00:00:00-04:00,120.29851430002402,124.0169241522775,119.8087260510085,123.48715209960938,258068900,0.0,0.0
2024-07-23 00:00:00-04:00,122.72747303753543,124.63665959294896,122.04776363902835,122.53755187988281,173911000,0.0,0.0
2024-07-24 00:00:00-04:00,119.1190116312528,119.89867669033677,113.39146746574805,114.20111846923828,327776900,0.0,0.0
2024-07-25 00:00:00-04:00,112.99163342891377,116.580093681362,106.25451947131738,112.2319564819336,460067000,0.0,0.0
2024-07-26 00:00:00-04:00,116.14028513217615,116.1502753623964,111.53225712550028,113.0116195678711,293399100,0.0,0.0
2024-07-29 00:00:00-04:00,113.6413514115726,116.23023941991447,111.25237476736449,111.54224395751953,248152100,0.0,0.0
2024-07-30 00:00:00-04:00,111.47227535621278,111.94207545546908,102.49612232025332,103.68561553955078,486833300,0.0,0.0
2024-07-31 00:00:00-04:00,112.85169271533529,118.28935980657482,110.83255278301941,116.96992492675781,473174200,0.0,0.0
2024-08-01 00:00:00-04:00,117.47971689042026,120.10859659996095,106.76430191931924,109.16327667236328,523462300,0.0,0.0
2024-08-02 00:00:00-04:00,103.71560554704351,108.67348235860572,101.32662878479363,107.2240982055664,482027500,0.0,0.0
2024-08-05 00:00:00-04:00,92.020610744235,103.36576087778293,90.65120176374947,100.40702056884766,552842400,0.0,0.0
2024-08-06 00:00:00-04:00,103.79557790935745,107.66392522983698,100.50699194542041,104.20540618896484,409012100,0.0,0.0
2024-08-07 00:00:00-04:00,107.76387761608842,108.75345959568735,98.64778393346153,98.86769104003906,411440400,0.0,0.0
2024-08-08 00:00:00-04:00,101.95635654950479,105.45485898012505,97.47827008281362,104.92508697509766,391910000,0.0,0.0
2024-08-09 00:00:00-04:00,105.59481125304626,106.55439969221393,103.38575750879603,104.70519256591797,290844200,0.0,0.0
2024-08-12 00:00:00-04:00,106.27451625816647,111.02248421974713,106.214544366382,108.97335815429688,325559900,0.0,0.0
2024-08-13 00:00:00-04:00,112.3918952304853,116.18027460234957,111.53226256952769,116.0903091430664,312646700,0.0,0.0
2024-08-14 00:00:00-04:00,118.47928439247931,118.54925413715051,114.02119356854074,118.02947998046875,339246400,0.0,0.0
2024-08-15 00:00:00-04:00,118.7091971963176,123.18727640390337,117.41974813678404,122.80744171142578,318086700,0.0,0.0
2024-08-16 00:00:00-04:00,121.88782549205811,124.94651370725,121.12814855340164,124.52669525146484,302589900,0.0,0.0
2024-08-19 00:00:00-04:00,124.22682769827617,129.9443817138672,123.36719502454015,129.9443817138672,318333600,0.0,0.0
2024-08-20 00:00:00-04:00,128.3450585172195,129.82443628728038,125.83613790062299,127.195556640625,300087400,0.0,0.0
2024-08-21 00:00:00-04:00,127.26552712895132,129.29466502006431,126.60581346882094,128.4450225830078,257883600,0.0,0.0
2024-08-22 00:00:00-04:00,129.96438511048203,130.6940685649148,123.04733950988674,123.68706512451172,376189100,0.0,0.0
2024-08-23 00:00:00-04:00,125.80614369005178,129.54454879248973,125.16641816339359,129.31463623046875,323230300,0.0,0.0
2024-08-26 00:00:00-04:00,129.5145768150302,131.20384101513017,124.3167968178151,126.40589904785156,331964700,0.0,0.0
2024-08-27 00:00:00-04:00,124.99650751528328,129.14472607274774,123.8270022374259,128.2451171875,303134600,0.0,0.0
2024-08-28 00:00:00-04:00,128.06518755846798,128.27510443502842,122.58753608006307,125.55626678466797,448101100,0.0,0.0
2024-08-29 00:00:00-04:00,121.30807947152184,124.37676573622443,116.66006734390899,117.53968811035156,453023300,0.0,0.0
2024-08-30 00:00:00-04:00,119.47885915972935,121.69791057687668,117.169849908653,119.31893157958984,333751600,0.0,0.0
2024-09-03 00:00:00-04:00,115.96036355880885,116.1602749319815,107.24409346859224,107.95378875732422,477155100,0.0,0.0
2024-09-04 00:00:00-04:00,105.36489768479619,113.22152729745075,104.07544877334824,106.16455078125,372470300,0.0,0.0
2024-09-05 00:00:00-04:00,104.94507973247826,109.6030896936583,104.715182404582,107.16413116455078,306850700,0.0,0.0
2024-09-06 00:00:00-04:00,107.99378096807179,108.10373451971928,100.90681013303441,102.7860107421875,413638100,0.0,0.0
2024-09-09 00:00:00-04:00,104.83512245061276,106.50441370678206,103.64563679939363,106.42444610595703,273912000,0.0,0.0
2024-09-10 00:00:00-04:00,107.76387224263199,109.35319594429214,104.90509525193343,108.05374908447266,268283700,0.0,0.0
2024-09-11 00:00:00-04:00,109.34319126914343,117.13985668962943,107.37403301447969,116.85997772216797,441422400,0.0,0.0
2024-09-12 00:00:00-04:00,116.80000446674823,120.74865704096976,115.34050510922769,119.0992202758789,366052700,0.01,0.0
2024-09-13 00:00:00-04:00,119.03924482024104,119.9189408807045,117.55974801782453,119.05923461914062,238358300,0.0,0.0
2024-09-16 00:00:00-04:00,116.75001946408975,118.13954300655384,114.32085103611607,116.74002075195312,248772300,0.0,0.0
2024-09-17 00:00:00-04:00,118.12954900355818,118.75933823796504,114.79069593440207,115.55043029785156,231925900,0.0,0.0
2024-09-18 00:00:00-04:00,115.85032597194726,117.65970390167261,113.18124184177299,113.33119201660156,310318900,0.0,0.0
2024-09-19 00:00:00-04:00,117.30982462581498,119.6190390017094,117.20986038538442,117.82965087890625,293506400,0.0,0.0
2024-09-20 00:00:00-04:00,117.0199313836397,118.57940262799143,115.35050480567513,115.96029663085938,382462400,0.0,0.0
2024-09-23 00:00:00-04:00,116.51010886475667,116.94995306986277,114.82068489843978,116.22020721435547,206228500,0.0,0.0
2024-09-24 00:00:00-04:00,116.48011145817397,121.75831050299728,115.34050229413268,120.82862854003906,354966800,0.0,0.0
2024-09-25 00:00:00-04:00,121.9782246233193,124.8972307941946,121.56836894761845,123.46772003173828,284692900,0.0,0.0
2024-09-26 00:00:00-04:00,126.75659295249227,127.62629022604027,121.75830470715397,123.9975357055664,302582900,0.0,0.0
2024-09-27 00:00:00-04:00,123.9275641535197,123.9875411739155,119.21917738287792,121.35844421386719,271009200,0.0,0.0
2024-09-30 00:00:00-04:00,118.26949648274505,121.45840689022769,118.10955522149155,121.39842987060547,226553700,0.0,0.0
2024-10-01 00:00:00-04:00,121.72830933905863,122.39808576451375,115.7503608309228,116.95994567871094,302094500,0.0,0.0
2024-10-02 00:00:00-04:00,116.40014740227824,119.33913591399957,115.1005893150636,118.80931854248047,221845900,0.0,0.0
2024-10-03 00:00:00-04:00,120.87860561160097,124.31743049345978,120.2988023230489,122.80794525146484,277118000,0.0,0.0
2024-10-04 00:00:00-04:00,124.89723283717322,124.99719707970252,121.78829684578011,124.87723541259766,243678100,0.0,0.0
2024-10-07 00:00:00-04:00,124.94721586781675,130.5952834922112,124.90722864393703,127.67628479003906,346250200,0.0,0.0
2024-10-08 00:00:00-04:00,130.2153933149511,133.43429200303964,129.3756845929013,132.84449768066406,285722500,0.0,0.0
2024-10-09 00:00:00-04:00,134.06409064908044,134.473953954377,131.33502948270424,132.60458374023438,246191600,0.0,0.0
2024-10-10 00:00:00-04:00,131.86485368985453,134.9537923881041,130.95516150253064,134.76385498046875,242311300,0.0,0.0
2024-10-11 00:00:00-04:00,133.9641223517835,135.73352074472976,133.61425131031754,134.7538604736328,170209500,0.0,0.0
2024-10-14 00:00:00-04:00,136.42329237635488,139.5522259694365,136.25335239175735,138.0227508544922,232347700,0.0,0.0
2024-10-15 00:00:00-04:00,137.82280508502743,138.52257769243778,128.6959404665834,131.55496215820312,377831000,0.0,0.0
2024-10-16 00:00:00-04:00,133.9341283963689,136.57322399642072,131.53495612489098,135.6735382080078,264879700,0.0,0.0
2024-10-17 00:00:00-04:00,139.2923118529861,140.8417844676902,136.8231559081479,136.8831329345703,306435900,0.0,0.0
2024-10-18 00:00:00-04:00,138.62252759913224,138.85244459278235,137.23300404466042,137.9527587890625,176090200,0.0,0.0
2024-10-21 00:00:00-04:00,138.0827206747143,143.6608123779297,137.95276029474488,143.6608123779297,264554500,0.0,0.0
2024-10-22 00:00:00-04:00,142.86108785315807,144.37056551302095,141.73146975294682,143.5408477783203,226311600,0.0,0.0
2024-10-23 00:00:00-04:00,141.9813779606296,142.38123492807873,137.41295033058282,139.51222229003906,285930000,0.0,0.0
2024-10-24 00:00:00-04:00,140.7718017861216,141.30161913611144,138.41260905173522,140.3619384765625,172354900,0.0,0.0
2024-10-25 00:00:00-04:00,140.8817548130095,144.08067171203157,140.75180968215267,141.49154663085938,205122100,0.0,0.0
2024-10-28 00:00:00-04:00,142.95105547012693,143.09100694226274,140.00206821568727,140.47190856933594,173586700,0.0,0.0
2024-10-29 00:00:00-04:00,140.2419668294209,142.21129364579818,138.8524432880062,141.20164489746094,157593600,0.0,0.0
2024-10-30 00:00:00-04:00,139.49222584841445,140.28196395700422,136.76316465511044,139.29229736328125,179418100,0.0,0.0
2024-10-31 00:00:00-04:00,137.55290880572403,137.56289989167158,132.06478241439225,132.7145538330078,270039600,0.0,0.0
2024-11-01 00:00:00-04:00,134.65389558133728,137.26300291330367,134.52395044654537,135.35365295410156,207127800,0.0,0.0
2024-11-04 00:00:00-05:00,137.16303982117785,138.91244079735898,135.52360180221356,136.00343322753906,187528200,0.0,0.0
2024-11-05 00:00:00-05:00,137.40294177771256,140.3219403030432,137.28298774012364,139.8621063232422,160537400,0.0,0.0
2024-11-06 00:00:00-05:00,142.9110784725191,146.43986910531262,141.91142072377156,145.56016540527344,242043900,0.0,0.0
2024-11-07 00:00:00-05:00,146.3398874087156,148.8790112085744,146.1199614984642,148.82904052734375,207323300,0.0,0.0
2024-11-08 00:00:00-05:00,148.71906153874144,149.71871911263233,146.2099112659944,147.57945251464844,175665800,0.0,0.0
2024-11-11 00:00:00-05:00,148.62909347800425,148.79904870323992,143.52085748188875,145.21026611328125,182325600,0.0,0.0
2024-11-12 00:00:00-05:00,146.7297346202135,149.59874692031187,145.95999403229789,148.2392120361328,198634700,0.0,0.0
2024-11-13 00:00:00-05:00,149.01898487542564,149.27889039349282,145.85005645366056,146.21994018554688,191903300,0.0,0.0
2024-11-14 00:00:00-05:00,147.58946625444327,148.94900137376933,145.50018526515709,146.7097625732422,194463300,0.0,0.0
2024-11-15 00:00:00-05:00,144.8203910682193,145.1902747512061,140.03203789439084,141.93138122558594,250132900,0.0,0.0
2024-11-18 00:00:00-05:00,139.45223367342163,141.50153478170088,137.10303223771245,140.1020050048828,221205300,0.0,0.0
2024-11-19 00:00:00-05:00,141.27163159656618,147.0796403153284,140.94174272954967,146.9596710205078,227834900,0.0,0.0
2024-11-20 00:00:00-05:00,147.35954130772643,147.50948385732136,142.68113546401185,145.84005737304688,309871700,0.0,0.0
2024-11-21 00:00:00-05:00,149.29888738883682,152.83766902515802,140.65183891204953,146.6197967529297,400946600,0.0,0.0
2024-11-22 00:00:00-05:00,145.88003080645086,147.10962067545384,141.05169787065546,141.90139770507812,236406200,0.0,0.0
2024-11-25 00:00:00-05:00,141.9413916908634,142.00136870780395,135.7735059739188,135.9734344482422,344941900,0.0,0.0
2024-11-26 00:00:00-05:00,137.6528702588759,139.25232877348597,135.6235662299349,136.87313842773438,190287700,0.0,0.0
2024-11-27 00:00:00-05:00,134.96376655836661,137.17301655731904,131.7548742168772,135.2936553955078,226370900,0.0,0.0
2024-11-29 00:00:00-05:00,136.7331843976686,139.30231211006736,136.0034385187834,138.2026824951172,141863200,0.0,0.0
2024-12-02 00:00:00-05:00,138.7824785355422,140.40191910756175,137.77282976281836,138.58255004882812,171682800,0.0,0.0
2024-12-03 00:00:00-05:00,138.21267485883047,140.49189330582607,137.90278339727084,140.2119903564453,164414000,0.0,0.0
2024-12-04 00:00:00-05:00,141.95139223046513,145.7400881706811,140.24197086598,145.09031677246094,231224300,0.0,0.0
2024-12-05 00:00:00-05:00,145.07032934736787,146.49993108099994,143.9106428157812,145.0203399658203,172621200,0.01,0.0
2024-12-06 00:00:00-05:00,144.5604751692698,145.66016529709515,141.27136605108353,142.40106201171875,188505600,0.0,0.0
2024-12-09 00:00:00-05:00,138.93199359328304,139.91172129670065,137.0925004855475,138.77203369140625,189308600,0.0,0.0
2024-12-10 00:00:00-05:00,138.97197539548316,141.7812196768295,133.7534018405272,135.03306579589844,210020900,0.0,0.0
2024-12-11 00:00:00-05:00,137.32243273699547,140.13166176303284,135.173026862483,139.2718963623047,184905200,0.0,0.0
2024-12-12 00:00:00-05:00,137.04252103958567,138.40214979482639,135.76287224107875,137.3024444580078,159211400,0.0,0.0
2024-12-13 00:00:00-05:00,138.9020072444441,139.56183041879834,132.50374826625531,134.21328735351562,231514900,0.0,0.0
2024-12-16 00:00:00-05:00,134.1432941479919,134.3632351978696,130.38432800805435,131.96389770507812,237951100,0.0,0.0
2024-12-17 00:00:00-05:00,129.0546920799943,131.5540083659402,126.82530622422306,130.35433959960938,259410300,0.0,0.0
2024-12-18 00:00:00-05:00,133.82339933223892,136.6626191312432,128.2449232385065,128.874755859375,277444500,0.0,0.0
2024-12-19 00:00:00-05:00,131.72394769790225,133.99333094415113,129.51456085077075,130.6442413330078,209719200,0.0,0.0
2024-12-20 00:00:00-05:00,129.7745000485284,135.24300545668208,128.1849385069714,134.6631622314453,306528600,0.0,0.0
2024-12-23 00:00:00-05:00,136.24273302531586,139.75176772445488,135.08304656610844,139.63180541992188,176053500,0.0,0.0
2024-12-24 00:00:00-05:00,139.96173006068474,141.8612045810897,138.61209299039524,140.18167114257812,105157000,0.0,0.0
2024-12-26 00:00:00-05:00,139.66180603983884,140.8115008078877,137.69234337416663,139.89173889160156,116205600,0.0,0.0
2024-12-27 00:00:00-05:00,138.51210623580144,138.98197889967045,134.6731602308685,136.97251892089844,170582600,0.0,0.0
2024-12-30 00:00:00-05:00,134.79311660884966,140.2316308377207,133.98334063995796,137.452392578125,167734700,0.0,0.0
2024-12-31 00:00:00-05:00,137.99226367763055,138.0322612848829,133.79341493856927,134.25328063964844,155659200,0.0,0.0
2025-01-02 00:00:00-05:00,135.96280522543205,138.84202245285945,134.5931847895647,138.2721710205078,198247200,0.0,0.0
2025-01-03 00:00:00-05:00,139.9717090810043,144.86037131104774,139.69178686675932,144.4304962158203,229322500,0.0,0.0
2025-01-06 00:00:00-05:00,148.54936300568127,152.11839407781596,147.77958455274808,149.38912963867188,265377400,0.0,0.0
2025-01-07 00:00:00-05:00,152.98814312185272,153.08812187242287,139.97169998670535,140.10166931152344,351782200,0.0,0.0
2025-01-08 00:00:00-05:00,142.54101155921632,143.91063203422854,137.5223800692543,140.07168579101562,227349900,0.0,0.0
2025-01-10 00:00:00-05:00,137.41242079266553,139.88174676307978,134.18330808313058,135.8728485107422,207602500,0.0,0.0
2025-01-13 00:00:00-05:00,129.95446851982027,133.4535116815908,129.4745887600242,133.19357299804688,204808900,0.0,0.0
2025-01-14 00:00:00-05:00,136.01278831507346,136.3426998783518,130.01442953826418,131.7239532470703,195590500,0.0,0.0
2025-01-15 00:00:00-05:00,133.61345527658474,136.4126928345012,131.25409986764885,136.2027587890625,185217300,0.0,0.0
2025-01-16 00:00:00-05:00,138.60208327625168,138.7120538029648,133.4534978315376,133.53347778320312,209235600,0.0,0.0
2025-01-17 00:00:00-05:00,136.65262268416788,138.46212527408701,135.4229633158422,137.67234802246094,201188800,0.0,0.0
2025-01-21 00:00:00-05:00,139.12194717769367,141.7912151745994,137.05250594430132,140.79148864746094,197749000,0.0,0.0
2025-01-22 00:00:00-05:00,144.62047062339892,147.74960487622204,143.63073568135124,147.02981567382812,237651400,0.0,0.0
2025-01-23 00:00:00-05:00,145.01034368405638,147.1897403093082,143.6807055002306,147.17974853515625,155915500,0.0,0.0
2025-01-24 00:00:00-05:00,148.32942123311412,148.92926325643236,141.84120577881646,142.58099365234375,234657600,0.0,0.0
2025-01-27 00:00:00-05:00,124.7658794397831,128.3648859520762,116.668088091544,118.38761901855469,818830900,0.0,0.0
2025-01-28 00:00:00-05:00,121.77668294561497,128.96471894622445,116.21820602712087,128.95472717285156,579666400,0.0,0.0
2025-01-29 00:00:00-05:00,126.46541333864903,126.8553060976507,120.01717989918284,123.66617584228516,467120600,0.0,0.0
2025-01-30 00:00:00-05:00,123.06634175444341,124.96582380169083,118.06770880237578,124.61592102050781,392925500,0.0,0.0
2025-01-31 00:00:00-05:00,123.74615511454752,127.81504199868698,119.15741376372098,120.03717041015625,388161100,0.0,0.0
2025-02-03 00:00:00-05:00,114.71862375628316,118.53757894355685,112.97910166242248,116.62810516357422,371235700,0.0,0.0
2025-02-04 00:00:00-05:00,116.92801344303115,121.16685177317855,116.66808241089754,118.6175537109375,256550000,0.0,0.0
2025-02-05 00:00:00-05:00,121.7267002537778,124.96581196424484,120.72697375806385,124.79586029052734,262230800,0.0,0.0
2025-02-06 00:00:00-05:00,127.38515593926263,128.7347928917548,125.17576116570511,128.64480590820312,251483600,0.0,0.0
2025-02-07 00:00:00-05:00,129.184663567943,130.3343429768511,124.96581638636985,129.8044891357422,228186300,0.0,0.0
2025-02-10 00:00:00-05:00,130.05441853152416,134.96307937585763,129.92446445785666,133.53347778320312,216989100,0.0,0.0
2025-02-11 00:00:00-05:00,132.54376130884148,134.4432358451655,130.9841901729766,132.76370239257812,178902400,0.0,0.0
2025-02-12 00:00:00-05:00,129.98445236307722,132.203846559633,129.04470695043977,131.10414123535156,160278600,0.0,0.0
2025-02-13 00:00:00-05:00,131.52403000773361,136.46268188823717,131.13413724109478,135.2530059814453,197430000,0.0,0.0
2025-02-14 00:00:00-05:00,136.44267986002885,139.21192676792597,135.46295207938218,138.81204223632812,195479600,0.0,0.0
2025-02-18 00:00:00-05:00,141.23139195970475,143.40079701868018,137.892293264338,139.3618927001953,219176600,0.0,0.0
2025-02-19 00:00:00-05:00,139.47184726600554,141.32134750878612,137.18248014952957,139.19192504882812,167536000,0.0,0.0
2025-02-20 00:00:00-05:00,139.991705837455,140.62153843760984,136.7525863640224,140.07168579101562,143903600,0.0,0.0
2025-02-21 00:00:00-05:00,140.0017008694862,141.42132600995674,133.99334973043614,134.3932342529297,228217600,0.0,0.0
2025-02-24 00:00:00-05:00,136.52266681200447,138.55211066034528,130.04444248958205,130.244384765625,251381100,0.0,0.0
2025-02-25 00:00:00-05:00,129.94444977330787,130.16439082972744,124.4059715229826,126.59536743164062,271428700,0.0,0.0
2025-02-26 00:00:00-05:00,129.95446947322534,133.69343728770713,128.4548795357506,131.24411010742188,322553800,0.0,0.0
2025-02-27 00:00:00-05:00,134.9630788743497,134.97307064778977,119.9771806223922,120.11714172363281,443175800,0.0,0.0
2025-02-28 00:00:00-05:00,117.98772650698133,125.05579305607802,116.36817434407594,124.8858413696289,389091100,0.0,0.0
2025-03-03 00:00:00-05:00,123.47622912906817,123.66617198823369,112.2492965435478,114.02880859375,411381400,0.0,0.0
2025-03-04 00:00:00-05:00,110.6197462594264,119.27737437091366,110.07989299750376,115.95828247070312,398163300,0.0,0.0
2025-03-05 00:00:00-05:00,117.54784364725772,118.24764914601728,114.4786835987416,117.2679214477539,284337900,0.0,0.0
2025-03-06 00:00:00-05:00,113.49895407905146,115.31845609620828,110.18986163701831,110.53976440429688,321181900,0.0,0.0
2025-03-07 00:00:00-05:00,111.21957864470976,113.44897220636766,107.5305852358904,112.65918731689453,341755500,0.0,0.0
2025-03-10 00:00:00-04:00,109.86995202425706,111.81941579292103,105.43116359430405,106.95075225830078,366487400,0.0,0.0
2025-03-11 00:00:00-04:00,106.96074247458567,112.20930691241836,104.74134829193281,108.73026275634766,354865700,0.0,0.0
2025-03-12 00:00:00-04:00,114.09930053195751,116.73882100614277,112.85951998498375,115.71900177001953,323857500,0.01,0.0
2025-03-13 00:00:00-04:00,117.00876245655117,117.73863334670654,113.76935252443205,115.55902862548828,299033100,0.0,0.0
2025-03-14 00:00:00-04:00,118.58847644066721,121.85787967708788,118.12856083227834,121.64791870117188,277593500,0.0,0.0
2025-03-17 00:00:00-04:00,122.71772499646224,122.86769930249316,118.00858060635532,119.50830841064453,255501500,0.0,0.0
2025-03-18 00:00:00-04:00,117.97858323274161,118.99839474842913,114.51921213127834,115.40904998779297,299686900,0.0,0.0
2025-03-19 00:00:00-04:00,117.24871784817985,120.42814113812437,115.65901001721268,117.49867248535156,273426200,0.0,0.0
2025-03-20 00:00:00-04:00,116.5288475567653,120.17817892707569,116.44886024718888,118.50848388671875,248829700,0.0,0.0
2025-03-21 00:00:00-04:00,116.91877807414131,117.96858292451893,115.39904967929496,117.67863464355469,266498500,0.0,0.0
2025-03-24 00:00:00-04:00,119.85824123014483,122.19782052957932,119.31833831489072,121.38796997070312,228452500,0.0,0.0
2025-03-25 00:00:00-04:00,120.52812446850508,121.26798803028822,118.89841541478116,120.66809844970703,167447200,0.0,0.0
2025-03-26 00:00:00-04:00,118.70845626054094,118.81842927999459,112.68954449720724,113.7393569946289,293463300,0.0,0.0
2025-03-27 00:00:00-04:00,111.32979509417153,114.42923110356094,110.63992547504299,111.40978240966797,236902100,0.0,0.0
2025-03-28 00:00:00-04:00,111.46977019973694,112.84952470784617,109.05021109179135,109.65010070800781,229872500,0.0,0.0
2025-03-31 00:00:00-04:00,105.11091847763528,110.93986229194257,103.63119133667838,108.3603286743164,299212700,0.0,0.0
2025-04-01 00:00:00-04:00,108.50029591126088,110.17999122900144,106.45067264528599,110.1300048828125,222614000,0.0,0.0
2025-04-02 00:00:00-04:00,107.2705266243207,111.95967777974947,106.77061737970816,110.39995574951172,220601200,0.0,0.0
2025-04-03 00:00:00-04:00,103.49121334940355,105.61082365222038,101.58155638472346,101.78152465820312,338769400,0.0,0.0
2025-04-04 00:00:00-04:00,98.89205625014841,100.11182847125419,92.09328707213024,94.29288482666016,532273800,0.0,0.0
2025-04-07 00:00:00-04:00,87.444123819458,101.73153089146867,86.60427995314998,97.62227630615234,611041300,0.0,0.0
2025-04-08 00:00:00-04:00,103.79115551332612,105.83078615825814,94.44285411172834,96.28252410888672,476243400,0.0,0.0
2025-04-09 00:00:00-04:00,98.87204993981901,115.07910675948129,97.51229618216108,114.30924987792969,612918300,0.0,0.0
2025-04-10 00:00:00-04:00,109.35015243101728,110.83987986480561,99.13200610877084,107.55047607421875,437812400,0.0,0.0
2025-04-11 00:00:00-04:00,108.4803070767672,111.52975654810143,107.46049556472005,110.90986633300781,313417300,0.0,0.0
2025-04-14 00:00:00-04:00,114.08928762467488,114.26925525660798,109.05020155855789,110.68990325927734,264705000,0.0,0.0
2025-04-15 00:00:00-04:00,110.94986159507806,113.59938217981927,110.4799456735416,112.17963409423828,228966900,0.0,0.0
2025-04-16 00:00:00-04:00,104.53103311878802,106.77062454919468,100.4317709352981,104.47103881835938,397016900,0.0,0.0
2025-04-17 00:00:00-04:00,104.43104243972901,104.45104308202083,100.03184700877077,101.4715805053711,292517500,0.0,0.0
2025-04-21 00:00:00-04:00,98.75207336541831,99.42195758129023,95.02275450080649,96.89241790771484,288501100,0.0,0.0
2025-04-22 00:00:00-04:00,98.76207440379943,99.79188628205247,97.26234659010818,98.87205505371094,241004800,0.0,0.0
2025-04-23 00:00:00-04:00,104.5010295750129,104.78098517141211,102.00148324580945,102.69136047363281,247526000,0.0,0.0
2025-04-24 00:00:00-04:00,103.46121375263034,106.52065568558213,103.09127819009328,106.41067504882812,220815000,0.0,0.0
2025-04-25 00:00:00-04:00,106.83061166162848,111.89969145813895,105.71081975581805,110.98986053466797,251064700,0.0,0.0
2025-04-28 00:00:00-04:00,109.67009093365705,110.3499678015911,106.00075133412535,108.71026611328125,207708500,0.0,0.0
2025-04-29 00:00:00-04:00,107.65046012276234,110.1799998026459,107.42050613077843,109.00021362304688,170444300,0.0,0.0
2025-04-30 00:00:00-04:00,104.45104108413872,108.90023040771484,104.06111247501677,108.90023040771484,235044600,0.0,0.0
2025-05-01 00:00:00-04:00,113.05947899879722,114.9191420385801,111.27980327057723,111.5897445678711,236121500,0.0,0.0
2025-05-02 00:00:00-04:00,114.15928352450368,115.37906338859757,113.34943293159324,114.4792251586914,190194800,0.0,0.0
2025-05-05 00:00:00-04:00,112.88951601094917,114.64919116473993,112.63956137373921,113.79934692382812,133163200,0.0,0.0
2025-05-06 00:00:00-04:00,111.45977773347964,114.71918078517231,110.79989381468877,113.51940155029297,158525600,0.0,0.0
2025-05-07 00:00:00-04:00,113.02949042053457,117.65864757290291,112.25962586336117,117.03875732421875,206758800,0.0,0.0
2025-05-08 00:00:00-04:00,118.22854670795566,118.658469001105,115.82898059800607,117.34870910644531,198428100,0.0,0.0
2025-05-09 00:00:00-04:00,117.32869985728382,118.20854502226882,115.18908887008638,116.62882995605469,132972200,0.0,0.0
2025-05-12 00:00:00-04:00,121.94787211512306,122.9776840209961,120.25817629208265,122.9776840209961,225023300,0.0,0.0
2025-05-13 00:00:00-04:00,124.95732666651305,131.19619232916256,124.44741706637032,129.9064178466797,330430100,0.0,0.0
2025-05-14 00:00:00-04:00,133.17581874633882,135.4154176381041,131.65609038206884,135.3154296875,281180800,0.0,0.0
2025-05-15 00:00:00-04:00,134.2656162138544,136.2752611112406,132.6359224746836,134.80552673339844,226632600,0.0,0.0
2025-05-16 00:00:00-04:00,136.19528579014883,136.32526708518697,133.43579205010155,135.37542724609375,226542500,0.0,0.0
2025-05-19 00:00:00-04:00,132.36596428610483,135.84532822832756,132.36596428610483,135.54539489746094,193154600,0.0,0.0
2025-05-20 00:00:00-04:00,134.26561082544316,134.55556671475182,132.59591587093482,134.35560607910156,161514200,0.0,0.0
2025-05-21 00:00:00-04:00,133.0358430493297,137.3750515435132,130.56629021032253,131.7760772705078,270608700,0.0,0.0
2025-05-22 00:00:00-04:00,132.20599574301846,134.22563338103308,131.52612648714359,132.80589294433594,187344000,0.0,0.0
2025-05-23 00:00:00-04:00,129.97641506418768,132.65592152877483,129.13657112060253,131.26617431640625,198821300,0.0,0.0
2025-05-27 00:00:00-04:00,134.1256417936587,135.63537744884945,133.2857979393918,135.47540283203125,192953600,0.0,0.0
2025-05-28 00:00:00-04:00,136.00531758419635,137.22509744866613,134.76553707682788,134.78553771972656,304021100,0.0,0.0
2025-05-29 00:00:00-04:00,142.22419152756274,143.46397204605128,137.88498259688382,139.1647491455078,369241900,0.0,0.0
2025-05-30 00:00:00-04:00,138.6948289010735,139.59465948344436,132.8958783257386,135.10548400878906,333170900,0.0,0.0
2025-06-02 00:00:00-04:00,135.46541564458173,138.09492795630163,135.37542038395227,137.35507202148438,197663100,0.0,0.0
2025-06-03 00:00:00-04:00,138.75480693174418,141.97422364617418,137.9249557656252,141.19436645507812,225578800,0.0,0.0
2025-06-04 00:00:00-04:00,142.1641966028205,142.36415725393297,139.5146683935161,141.8942413330078,167120800,0.0,0.0
2025-06-05 00:00:00-04:00,142.14419665233672,143.97386636815438,138.80480646885346,139.964599609375,231397900,0.0,0.0
2025-06-06 00:00:00-04:00,142.4841247816278,143.24399658328852,141.4843063108272,141.69427490234375,153986200,0.0,0.0
2025-06-09 00:00:00-04:00,143.16402192873528,144.97369107987248,141.91424872977086,142.6041259765625,185114500,0.0,0.0
2025-06-10 00:00:00-04:00,142.66410985007164,144.26381035974757,141.50431668274294,143.9338836669922,155881900,0.0,0.0
2025-06-11 00:00:00-04:00,144.59379466225064,144.97375695921582,141.85409623212945,142.81399536132812,167694000,0.01,0.0
2025-06-12 00:00:00-04:00,141.9540901919345,144.98374938964844,141.83410852298076,144.98374938964844,162365000,0.0,0.0
2025-06-13 00:00:00-04:00,142.4640236398758,143.5639064320885,140.83421673860605,141.95408630371094,180820600,0.0,0.0
2025-06-16 00:00:00-04:00,143.33393622751285,146.16360555156524,143.18394388862185,144.6737823486328,183133700,0.0,0.0
2025-06-17 00:00:00-04:00,144.4738049491523,145.20371882793046,143.7638778428329,144.1038360595703,139108000,0.0,0.0
2025-06-18 00:00:00-04:00,143.9938476821936,145.63366319028128,143.10394808189747,145.46368408203125,161494100,0.0,0.0
2025-06-20 00:00:00-04:00,145.43368901636921,146.1836049259659,142.63399990245927,143.83387756347656,242956200,0.0,0.0
2025-06-23 00:00:00-04:00,142.48402812138661,144.76377135076248,142.01407957999888,144.15383911132812,154308900,0.0,0.0
2025-06-24 00:00:00-04:00,145.54367367470394,147.94341367999496,145.4836828445603,147.88340759277344,187566100,0.0,0.0
2025-06-25 00:00:00-04:00,149.25328072295656,154.43269305532343,149.24327207878133,154.29270935058594,269146500,0.0,0.0
2025-06-26 00:00:00-04:00,155.9625083392563,156.70243086817015,153.98273459501658,155.00262451171875,198145700,0.0,0.0
2025-06-27 00:00:00-04:00,156.02250005395288,158.69221415352254,155.24258871826237,157.73231506347656,263234500,0.0,0.0
2025-06-30 00:00:00-04:00,158.38224776867892,158.6422284044636,155.94253394670602,157.97230529785156,194580300,0.0,0.0
2025-07-01 00:00:00-04:00,156.27249233706732,157.18239409932116,151.47304203431221,153.2828369140625,213143600,0.0,0.0
2025-07-02 00:00:00-04:00,152.962850389823,157.58234297497486,152.95285700312823,157.2323760986328,171224100,0.0,0.0
2025-07-03 00:00:00-04:00,158.35225101493015,160.96195919540767,157.7523273944205,159.3221435546875,143716100,0.0,0.0
2025-07-07 00:00:00-04:00,158.18227071828886,159.29214695363126,157.3223664705724,158.22227478027344,140139000,0.0,0.0
2025-07-08 00:00:00-04:00,159.31214783171163,160.20204749093682,158.3722507239072,159.98207092285156,138133000,0.0,0.0
2025-07-09 00:00:00-04:00,161.20193770023792,164.40157611225678,161.14194686393122,162.86175537109375,183656400,0.0,0.0
2025-07-10 00:00:00-04:00,164.30159583301895,164.48156834124046,161.5918927660757,164.0816192626953,167704100,0.0,0.0
2025-07-11 00:00:00-04:00,163.70165728031435,167.87118822352508,163.4516852914618,164.90151977539062,193633300,0.0,0.0
2025-07-14 00:00:00-04:00,165.35146259057728,165.4714595173457,162.00184716942397,164.05162048339844,136975800,0.0,0.0
2025-07-15 00:00:00-04:00,171.17081299302788,172.38066881478494,169.18103056842588,170.6808624267578,230627400,0.0,0.0
2025-07-16 00:00:00-04:00,171.04083672550954,171.73076187811773,168.88107501049606,171.35079956054688,158831500,0.0,0.0
2025-07-17 00:00:00-04:00,172.00073538495315,174.1404950617398,170.81086624213197,172.98062133789062,160841100,0.0,0.0
2025-07-18 00:00:00-04:00,173.62054394819432,174.23047621121117,171.24080573231237,172.39068603515625,146456400,0.0,0.0
2025-07-21 00:00:00-04:00,172.73065099594356,173.36058531454748,170.9808470061149,171.36080932617188,123126100,0.0,0.0
2025-07-22 00:00:00-04:00,171.32080634495316,171.37080379639445,164.5615689540832,167.01129150390625,193114300,0.0,0.0
2025-07-23 00:00:00-04:00,169.511004310231,171.24080620570157,167.95118153678195,170.7608642578125,154082200,0.0,0.0
2025-07-24 00:00:00-04:00,172.42067791171223,173.81052153075,171.28080627636527,173.7205352783203,128984600,0.0,0.0
2025-07-25 00:00:00-04:00,173.59054858813744,174.70042482917586,172.9406275198062,173.48056030273438,122316800,0.0,0.0
2025-07-28 00:00:00-04:00,174.00050427681666,176.98016607778243,173.9505068282037,176.73019409179688,140023500,0.0,0.0
2025-07-29 00:00:00-04:00,177.94006357342778,179.35990260986108,175.00039060425894,175.49032592773438,154077500,0.0,0.0
2025-07-30 00:00:00-04:00,176.49022309733303,179.869849375745,176.0202745228646,179.2499237060547,174312200,0.0,0.0
2025-07-31 00:00:00-04:00,182.87950237318685,183.2794667127293,175.9102820488597,177.85006713867188,221685400,0.0,0.0
2025-08-01 00:00:00-04:00,174.07048465468185,176.52020701181988,170.8708463561498,173.70053100585938,204529000,0.0,0.0
2025-08-04 00:00:00-04:00,175.14037394842856,180.17980241597786,174.500446281802,179.97982788085938,148174600,0.0,0.0
2025-08-05 00:00:00-04:00,179.59986897635343,180.23979665506658,175.8802845759961,178.24002075195312,156407600,0.0,0.0
2025-08-06 00:00:00-04:00,176.31023710297544,179.87982901005608,176.23024423927978,179.39988708496094,137192300,0.0,0.0
2025-08-07 00:00:00-04:00,181.54966930117607,183.85940811228025,178.7799753024853,180.749755859375,151878400,0.0,0.0
2025-08-08 00:00:00-04:00,181.52965464990967,183.27945850723472,180.3797743894202,182.6795196533203,123396700,0.0,0.0
2025-08-11 00:00:00-04:00,182.02960317073044,183.8193958765311,180.22980182096376,182.0395965576172,138323200,0.0,0.0
2025-08-12 00:00:00-04:00,182.9395060522284,184.4593247511904,179.43989822709233,183.1394805908203,145485700,0.0,0.0
2025-08-13 00:00:00-04:00,182.59953978080497,183.9493946696141,179.329917039869,181.5696563720703,179871700,0.0,0.0
2025-08-14 00:00:00-04:00,179.7298534235828,182.99949119039164,179.43989264021437,181.99960327148438,129554000,0.0,0.0
2025-08-15 00:00:00-04:00,181.85962676701382,181.87961354108583,178.02004541114613,180.42977905273438,156602200,0.0,0.0
2025-08-18 00:00:00-04:00,180.57976314427117,182.91949719839158,180.56975450061333,181.98959350585938,132008000,0.0,0.0
2025-08-19 00:00:00-04:00,182.4095478886331,182.47954736718557,175.47033846497254,175.6203155517578,185229200,0.0,0.0
2025-08-20 00:00:00-04:00,175.1503706193276,175.9802794498554,168.7810892510499,175.38034057617188,215142700,0.0,0.0
2025-08-21 00:00:00-04:00,174.83041312567687,176.88017120538285,173.79052111986658,174.96038818359375,140040900,0.0,0.0
2025-08-22 00:00:00-04:00,172.59066018618677,178.56998587344157,171.18081451068767,177.97006225585938,172789400,0.0,0.0
2025-08-25 00:00:00-04:00,178.33002804439553,181.88962682620624,176.5502286534902,179.78985595703125,163012800,0.0,0.0
2025-08-26 00:00:00-04:00,180.0398187111229,182.36955942503778,178.78995879531527,181.7496337890625,168688200,0.0,0.0
2025-08-27 00:00:00-04:00,181.95959791056248,182.46955051009175,179.07993109949993,181.57965087890625,235518900,0.0,0.0
2025-08-28 00:00:00-04:00,180.79974711518173,184.44933204343067,176.39023757757423,180.14981079101562,281787800,0.0,0.0
2025-08-29 00:00:00-04:00,178.09004428153852,178.130033086625,173.13059331145078,174.1604766845703,243257900,0.0,0.0
2025-09-02 00:00:00-04:00,169.980952871088,172.36069109354864,167.20126556823303,170.7608642578125,231164900,0.0,0.0
2025-09-03 00:00:00-04:00,171.0408442884315,172.3906992342715,168.86109570238054,170.60089111328125,164424900,0.0,0.0
2025-09-04 00:00:00-04:00,170.55090333056648,171.8407521362954,169.39102958990665,171.64077758789062,141670100,0.0,0.0
2025-09-05 00:00:00-04:00,168.01117837826322,169.0110663720669,164.05163046676552,167.0012969970703,224441400,0.0,0.0
2025-09-08 00:00:00-04:00,167.53122834914853,170.940849905597,167.33125381142952,168.2911376953125,163769100,0.0,0.0
2025-09-09 00:00:00-04:00,169.0710489481518,170.96083655380463,166.7213214317911,170.74085998535156,157548400,0.0,0.0
2025-09-10 00:00:00-04:00,176.62020974984335,179.26990675759993,175.45034266016896,177.3101348876953,226852000,0.0,0.0
2025-09-11 00:00:00-04:00,179.66999584989978,180.26996857097555,176.4701769393558,177.16014099121094,151159300,0.01,0.0
2025-09-12 00:00:00-04:00,177.76010410307373,178.59005971058946,176.44017029123495,177.8101043701172,124911000,0.0,0.0
2025-09-15 00:00:00-04:00,175.66021109761542,178.84004186496986,174.50027206258352,177.74009704589844,147061600,0.0,0.0
2025-09-16 00:00:00-04:00,176.99014687805604,177.49011904437822,174.37029760906842,174.87026977539062,140737800,0.0,0.0
2025-09-17 00:00:00-04:00,172.63039291663662,173.1903593144249,168.40063256525568,170.280517578125,211843800,0.0,0.0
2025-09-18 00:00:00-04:00,173.9703101424577,177.09014682532762,172.95037791227023,176.23019409179688,191763300,0.0,0.0
2025-09-19 00:00:00-04:00,175.7602124903078,178.07008136373162,175.17023376194967,176.66015625,237182100,0.0,0.0
2025-09-22 00:00:00-04:00,175.29024236301854,184.53972732383275,174.70027887607205,183.5997772216797,269637000,0.0,0.0
2025-09-23 00:00:00-04:00,181.9598706713119,182.409842567533,176.20019683221489,178.42005920410156,192559600,0.0,0.0
2025-09-24 00:00:00-04:00,179.75999113536878,179.76998508551358,175.39022416770254,176.96014404296875,143564100,0.0,0.0
2025-09-25 00:00:00-04:00,174.47028665549124,180.24996380236055,173.12037093203185,177.68011474609375,191586700,0.0,0.0
2025-09-26 00:00:00-04:00,178.16008106951017,179.75999811527313,174.920255917913,178.18008422851562,148573700,0.0,0.0
2025-09-29 00:00:00-04:00,180.4199550960203,183.98976381560166,180.30997586310093,181.8398895263672,193063500,0.0,0.0
2025-09-30 00:00:00-04:00,182.06986121505474,187.3395719841704,181.4698885277926,186.56961059570312,236981000,0.0,0.0
2025-10-01 00:00:00-04:00,185.22969505995906,188.12952754318238,183.88975804814035,187.22958374023438,173844900,0.0,0.0
2025-10-02 00:00:00-04:00,189.5894532800495,191.0393695238543,188.04953044946197,188.87948608398438,136805800,0.0,0.0
2025-10-03 00:00:00-04:00,189.1794627061203,190.34939569471342,185.36967740169,187.6095428466797,137596900,0.0,0.0
2025-10-06 00:00:00-04:00,185.48967202648717,187.21957143407985,183.31979467524326,185.5296630859375,157678100,0.0,0.0
2025-10-07 00:00:00-04:00,186.21962980709273,189.0494741147918,183.9897582054133,185.02969360351562,140088000,0.0,0.0
2025-10-08 00:00:00-04:00,186.55962017208088,189.58945025835604,186.52960780500513,189.09947204589844,130168900,0.0,0.0
2025-10-09 00:00:00-04:00,192.21928773885006,195.28912405123697,191.04935474353755,192.5592803955078,182997200,0.0,0.0
2025-10-10 00:00:00-04:00,193.49922565779727,195.6091088464203,182.0398719523004,183.14981079101562,268774400,0.0,0.0
2025-10-13 00:00:00-04:00,187.9595379156231,190.09941818271824,185.94965529464977,188.3095245361328,153482800,0.0,0.0
2025-10-14 00:00:00-04:00,184.75971529942103,184.78971240822688,179.68999030007896,180.0199737548828,205641400,0.0,0.0
2025-10-15 00:00:00-04:00,184.7897166440438,184.85970481354866,177.2801249034248,179.8199920654297,214450500,0.0,0.0
2025-10-16 00:00:00-04:00,182.21985578014733,183.26980040587233,179.76000120804414,181.7998809814453,179723300,0.0,0.0
2025-10-17 00:00:00-04:00,180.16996892604442,184.08976427610557,179.74000017155936,183.20980834960938,173135200,0.0,0.0
2025-10-20 00:00:00-04:00,183.1198152646831,185.18969215276272,181.71988400794234,182.6298370361328,128544700,0.0,0.0
2025-10-21 00:00:00-04:00,182.77981647710283,182.77981647710283,179.78999271004406,181.14991760253906,124240200,0.0,0.0
2025-10-22 00:00:00-04:00,181.1299112106735,183.42978616900905,176.7501502622395,180.26995849609375,162249600,0.0,0.0
2025-10-23 00:00:00-04:00,180.40994799999942,183.01980322210497,179.7799782111653,182.1498565673828,111363700,0.0,0.0
2025-10-24 00:00:00-04:00,183.8297551720498,187.45955783835475,183.48977777431884,186.24961853027344,131296700,0.0,0.0
2025-10-27 00:00:00-04:00,189.979423148828,191.98930570001696,188.41949722334647,191.47933959960938,153452700,0.0,0.0
2025-10-28 00:00:00-04:00,193.03926234185508,203.1386912540773,191.89932637827522,201.01881408691406,297986200,0.0,0.0
2025-10-29 00:00:00-04:00,207.96842303697136,212.1781954922272,204.76860414707738,207.02847290039062,308829600,0.0,0.0
2025-10-30 00:00:00-04:00,205.1385766163601,206.1485301715792,201.39879452489242,202.8787078857422,178864400,0.0,0.0
2025-10-31 00:00:00-04:00,206.43850017947892,207.95841980607935,202.05875446792163,202.47872924804688,179802200,0.0,0.0
2025-11-03 00:00:00-05:00,208.06841462190084,211.32822759164594,205.5485506791992,206.8684844970703,180267300,0.0,0.0
2025-11-04 00:00:00-05:00,202.98869740675082,203.9586446199207,197.9189723693821,198.67893981933594,188919300,0.0,0.0
2025-11-05 00:00:00-05:00,198.75894188581304,202.90870481768462,194.63916080574026,195.1991424560547,171350300,0.0,0.0
2025-11-06 00:00:00-05:00,196.40906647995496,197.60899664277025,186.3696319662745,188.0695343017578,223029800,0.0,0.0
2025-11-07 00:00:00-05:00,184.8897071775586,188.3095303364016,178.90005019006267,188.1395263671875,264942300,0.0,0.0
2025-11-10 00:00:00-05:00,195.09914200543773,199.9288750287355,193.7792081445882,199.03892517089844,198897100,0.0,0.0
2025-11-11 00:00:00-05:00,195.14913483203398,195.40911485928362,191.28934919242405,193.1492462158203,176483300,0.0,0.0
2025-11-12 00:00:00-05:00,195.70910637927892,195.87909508520013,191.1193655455878,193.78921508789062,154935300,0.0,0.0
2025-11-13 00:00:00-05:00,191.03936321053533,191.42934088057365,183.8397672401686,186.84959411621094,207423100,0.0,0.0
2025-11-14 00:00:00-05:00,182.8498180673128,190.99935813210442,180.56994624954729,190.15940856933594,186591900,0.0,0.0
2025-11-17 00:00:00-05:00,185.95964506857126,188.98947511566342,184.30974305565786,186.58961486816406,173628900,0.0,0.0
2025-11-18 00:00:00-05:00,183.36979105504545,184.7897101334883,179.63998782140993,181.3498992919922,213598900,0.0,0.0
2025-11-19 00:00:00-05:00,184.7796984316032,187.8495347223247,182.8198161698128,186.50961303710938,247246400,0.0,0.0
2025-11-20 00:00:00-05:00,195.9390891568929,195.9890894251709,179.83999453744622,180.62994384765625,343504800,0.0,0.0
2025-11-21 00:00:00-05:00,181.22991004695137,184.54971718190046,172.92036011460985,178.8700408935547,346926200,0.0,0.0
2025-11-24 00:00:00-05:00,179.48001348627363,183.4897847612219,176.47017128450955,182.5398406982422,256618300,0.0,0.0
2025-11-25 00:00:00-05:00,174.90026276869568,178.15008177330986,169.54056066153746,177.8101043701172,320600300,0.0,0.0
2025-11-26 00:00:00-05:00,181.61988829154,182.8998157763143,178.2300777211247,180.2499542236328,183852000,0.0,0.0
2025-11-28 00:00:00-05:00,179.0000253919654,179.28000857805475,176.49017066740046,176.99014282226562,121332800,0.0,0.0
2025-12-01 00:00:00-05:00,174.75027181562072,180.28997214473748,173.67033006996684,179.9099884033203,188131000,0.0,0.0
2025-12-02 00:00:00-05:00,181.74987648908228,185.6496685428864,179.98997995570696,181.4499053955078,182632200,0.0,0.0
2025-12-03 00:00:00-05:00,181.06992440272873,182.43984327721986,179.1000328161426,179.5800018310547,165138000,0.0,0.0
2025-12-04 00:00:00-05:00,181.6199951171875,184.52000427246094,179.9600067138672,183.3800048828125,167364900,0.01,0.0
2025-12-05 00:00:00-05:00,183.88999938964844,184.66000366210938,180.91000366210938,182.41000366210938,143971100,0.0,0.0
2025-12-08 00:00:00-05:00,182.63999938964844,188.0,182.39999389648438,185.5500030517578,204378100,0.0,0.0
2025-12-09 00:00:00-05:00,185.55999755859375,185.72000122070312,183.32000732421875,184.97000122070312,144719700,0.0,0.0
2025-12-10 00:00:00-05:00,184.97000122070312,185.47999572753906,182.0399932861328,183.77999877929688,162785400,0.0,0.0
2025-12-11 00:00:00-05:00,180.27999877929688,181.32000732421875,176.6199951171875,180.92999267578125,182136600,0.0,0.0
2025-12-12 00:00:00-05:00,181.11000061035156,182.82000732421875,174.6199951171875,175.02000427246094,204274900,0.0,0.0
2025-12-15 00:00:00-05:00,177.94000244140625,178.4199981689453,175.02999877929688,176.2899932861328,164775600,0.0,0.0
2025-12-16 00:00:00-05:00,176.25999450683594,178.49000549316406,174.89999389648438,177.72000122070312,148588100,0.0,0.0
2025-12-17 00:00:00-05:00,176.10000610351562,176.1300048828125,170.30999755859375,170.94000244140625,222775500,0.0,0.0
2025-12-18 00:00:00-05:00,174.52999877929688,176.14999389648438,171.82000732421875,174.13999938964844,176096000,0.0,0.0
2025-12-19 00:00:00-05:00,176.6699981689453,181.4499969482422,176.33999633789062,180.99000549316406,324925900,0.0,0.0
2025-12-22 00:00:00-05:00,183.9199981689453,184.16000366210938,182.35000610351562,183.69000244140625,129064400,0.0,0.0
2025-12-23 00:00:00-05:00,182.97000122070312,189.3300018310547,182.89999389648438,189.2100067138672,174873600,0.0,0.0
2025-12-24 00:00:00-05:00,187.94000244140625,188.91000366210938,186.58999633789062,188.61000061035156,65528500,0.0,0.0
2025-12-26 00:00:00-05:00,189.9199981689453,192.69000244140625,188.0,190.52999877929688,139740300,0.0,0.0
2025-12-29 00:00:00-05:00,187.7100067138672,188.75999450683594,185.91000366210938,188.22000122070312,120006100,0.0,0.0
2025-12-30 00:00:00-05:00,188.24000549316406,188.99000549316406,186.92999267578125,187.5399932861328,97687300,0.0,0.0
2025-12-31 00:00:00-05:00,189.57000732421875,190.55999755859375,186.49000549316406,186.5,120100500,0.0,0.0
2026-01-02 00:00:00-05:00,189.83999633789062,192.92999267578125,188.25999450683594,188.85000610351562,148240500,0.0,0.0
2026-01-05 00:00:00-05:00,191.75999450683594,193.6300048828125,186.14999389648438,188.1199951171875,183529700,0.0,0.0
2026-01-06 00:00:00-05:00,190.52000427246094,192.1699981689453,186.82000732421875,187.24000549316406,176862600,0.0,0.0
2026-01-07 00:00:00-05:00,188.57000732421875,191.3699951171875,186.55999755859375,189.11000061035156,153543200,0.0,0.0
2026-01-08 00:00:00-05:00,189.11000061035156,189.5500030517578,183.7100067138672,185.0399932861328,172457000,0.0,0.0
2026-01-09 00:00:00-05:00,185.0800018310547,186.33999633789062,183.6699981689453,184.86000061035156,131327500,0.0,0.0
2026-01-12 00:00:00-05:00,183.22000122070312,187.1199951171875,183.02000427246094,184.94000244140625,137968500,0.0,0.0
2026-01-13 00:00:00-05:00,185.0,188.11000061035156,183.39999389648438,185.80999755859375,160128900,0.0,0.0
2026-01-14 00:00:00-05:00,184.32000732421875,184.4600067138672,180.8000030517578,183.13999938964844,159586100,0.0,0.0
2026-01-15 00:00:00-05:00,186.5,189.6999969482422,186.3300018310547,187.0500030517578,206188600,0.0,0.0
2026-01-16 00:00:00-05:00,189.0800018310547,190.44000244140625,186.0800018310547,186.22999572753906,187967200,0.0,0.0
2026-01-20 00:00:00-05:00,181.89999389648438,182.3800048828125,177.61000061035156,178.07000732421875,223345300,0.0,0.0
2026-01-21 00:00:00-05:00,179.0500030517578,185.3800048828125,178.39999389648438,183.32000732421875,200381000,0.0,0.0
2026-01-22 00:00:00-05:00,184.75,186.1699981689453,183.92999267578125,184.83999633789062,139636600,0.0,0.0
2026-01-23 00:00:00-05:00,187.5,189.60000610351562,186.82000732421875,187.6699981689453,142748100,0.0,0.0
2026-01-26 00:00:00-05:00,187.16000366210938,189.1199951171875,185.99000549316406,186.47000122070312,124799600,0.0,0.0
2026-01-27 00:00:00-05:00,187.24000549316406,190.0,185.6999969482422,188.52000427246094,143711600,0.0,0.0
2026-01-28 00:00:00-05:00,191.27000427246094,192.35000610351562,189.83999633789062,191.52000427246094,148552700,0.0,0.0
2026-01-29 00:00:00-05:00,191.33999633789062,193.47999572753906,186.05999755859375,192.50999450683594,171764400,0.0,0.0
2026-01-30 00:00:00-05:00,191.2100067138672,194.49000549316406,189.47000122070312,191.1300048828125,179489500,0.0,0.0
2026-02-02 00:00:00-05:00,187.1999969482422,190.3000030517578,184.8800048828125,185.61000061035156,165794100,0.0,0.0
2026-02-03 00:00:00-05:00,186.24000549316406,186.27000427246094,176.22999572753906,180.33999633789062,204019600,0.0,0.0
2026-02-04 00:00:00-05:00,179.4600067138672,179.5800018310547,171.91000366210938,174.19000244140625,206469800,0.0,0.0
