Date,r_silver,r_gold,beta,w_3sil,w_3gos,r_under,r_letf
2000-11-28,0.0006389312998031915,-0.0011107675074686352,0.6625585395173716,0.6014825801504063,0.39851741984959366,0.0013748797972949617,0.0024808987436209236
2000-11-29,-0.01766713152707655,-0.01260190530139449,0.6262693459440362,0.6149042915271259,0.38509570847287405,-0.009774944536323544,-0.018031966034474937
2000-11-30,0.012784402640283021,0.013888935029289007,0.6787630037884033,0.5956766963194545,0.4043233036805454,0.003357107380380841,0.0059992519006047546
2000-12-01,-0.007274266462410917,-0.005183242742866967,0.7066185755930958,0.585954011225076,0.41404598877492405,-0.003611690858493009,-0.00634885423751675
2000-12-04,0.01594835360148239,0.007443244916784719,0.7160961195076635,0.5827179425630852,0.4172820574369148,0.010618274800027711,0.018562377735124813
2000-12-05,-0.0021213891396649753,-0.0011083054932314873,0.748195181166393,0.572018508444121,0.42798149155587906,-0.0012921603103689342,-0.0022174188402237912
2000-12-06,0.010629292256677525,0.014423054676463432,0.7485253162323757,0.57191050693778,0.42808949306222005,-0.00016672930605911122,-0.0002860627258489505
2000-12-07,-0.006310519274040027,-0.004010118975170007,0.7488966654814674,0.5717890712111925,0.4282109287888074,-0.0033073545453512496,-0.005673327550957521
2000-12-08,-0.016088106264029345,-0.003660321944796263,0.7545552230569426,0.5699450133337558,0.4300549866662442,-0.013326191222513379,-0.022785588702010702
2000-12-11,0.0017212509138182508,-0.007347538245071172,0.7705308230451677,0.5648023671681027,0.4351976328318972,0.007382755605148788,0.012509393526034845
2000-12-12,0.0008590442364768691,0.0003700058527786876,0.7505246388500473,0.5712573121261058,0.42874268787389425,0.0005813457274477409,0.0009962939930333763
2000-12-13,-0.00793985057191815,-0.0062892407185575205,0.7504435316073828,0.5712837814777882,0.42871621852221176,-0.0032201305559548905,-0.0055188250825742476
2000-12-14,-0.005407764348589694,0.0014891805189691798,0.7610408290216206,0.5678460053396768,0.4321539946603232,-0.006541091525308846,-0.011142998079623524
2000-12-15,-0.007611971951853813,0.005204438276893653,0.7572403909269885,0.569074103442657,0.43092589655734304,-0.011552982827204145,-0.01972351003343883
2000-12-18,0.0026297625585138817,-0.0025886897383625707,0.7306855267365561,0.577805721808766,0.4221942781912341,0.0045212806835468545,0.007837265546570462
2000-12-19,0.002185842469672572,0.0,0.7150119318675897,0.5830863222689266,0.41691367773107324,0.002185842469672572,0.0038236045401018235
2000-12-20,0.002399161681803097,0.010381860089866635,0.7052875943593331,0.5864113497968032,0.41358865020319674,-0.004923035445954111,-0.008660771582878373
2000-12-21,0.0006526941765174765,0.004403714521215685,0.702726061463004,0.5872935304348295,0.41270646956517054,-0.00244191078478386,-0.004302355217407794
2000-12-22,0.002609281144392517,0.0,0.7018145265781036,0.587608099697406,0.4123919003025941,0.002609281144392517,0.004599704204498279
2000-12-26,0.002602490514963529,0.0014614317816756817,0.7209577580588069,0.5810717871006739,0.4189282128993262,0.001548859934090742,0.002699996429612218
2000-12-27,-0.00865238169993321,0.004013156070854729,0.7438350183532472,0.5734487434162943,0.42655125658370574,-0.011637507719551882,-0.02002054253482335
2000-12-28,0.0008727274543327557,-0.012718022691681319,0.7134735817995782,0.5836098149524712,0.41639018504752867,0.009946700657574938,0.0174149763904648
2000-12-29,-0.0004359832326296109,0.001104114020945124,0.6618370269882762,0.6017437232171231,0.3982562767828769,-0.001166726773708003,-0.002106211538364467
2001-01-02,-0.008724091934619316,-0.013235316557042687,0.6750098554266178,0.5970114126554225,0.4029885873445776,0.00020987718107558923,0.0003758972170742267
2001-01-03,-0.01210127706326225,-0.0014902902592414113,0.6622511649815265,0.6015938030707372,0.3984061969292627,-0.011114330602919005,-0.020058937247986568
2001-01-04,0.009354186163183176,-0.002611985847131515,0.6656771090050195,0.6003564523963129,0.39964354760368714,0.01109292535066371,0.019979127930664767
2001-01-05,0.0050749698057499515,0.0026188261840602856,0.659850588147705,0.602463864603585,0.3975361353964149,0.003346935807941162,0.006049223644297065
2001-01-08,-0.002195335328547099,0.0,0.6648542973640943,0.6006531632126998,0.3993468367873002,-0.002195335328547099,-0.00395590532821322
2001-01-09,0.0011001351720536512,-0.001865671641791078,0.6575181881732131,0.6033116300836021,0.39668836991639783,0.0023268482096902646,0.004211443759036034
2001-01-10,-0.0032967786140534194,-0.010467244085864524,0.6445437496167274,0.6080713877226174,0.3919286122773827,0.003449818137203216,0.006293207106239443
2001-01-11,0.004851226801634967,-0.002644549205701341,0.6470492677121217,0.6071463796520653,0.39285362034793464,0.006562380428612693,0.011952976557395294
2001-01-12,0.014263782079252607,-0.00037881099816527986,0.6539554488011442,0.6046112068646358,0.3953887931353643,0.014511507595568593,0.02632146036234616
2001-01-16,0.011899572858331098,-0.002273611661207431,0.6582040917011489,0.603062074810165,0.396937925189835,0.013396073356677276,0.02423599137836091
2001-01-17,0.007055803302890018,-0.0003797022049849552,0.6423921185210621,0.608867997308997,0.39113200269100296,0.007299721006757422,0.013333699530896422
2001-01-18,0.0178344182475354,0.003799391921051276,0.6479332060907342,0.6068207111210674,0.3931792888789325,0.015372666058933412,0.027985356449126014
2001-01-19,-0.009386749039935083,0.00037840871051564307,0.6793518853470142,0.5954678163197251,0.4045321836802748,-0.009643821710855618,-0.01722775636541985
2001-01-22,0.005264286162535381,0.007945539918679856,0.6820422454867848,0.5945153890653911,0.4054846109346089,-0.00015490772520591368,-0.00027628507956008533
2001-01-23,0.00041890552391965485,-0.0011260803297364896,0.6700094871663864,0.5987989934696508,0.4012010065303491,0.0011733900281545556,0.0021078743034188196
2001-01-24,-0.0016750203025199806,-0.006764442950995875,0.6692572986337798,0.5990688198988016,0.4009311801011983,0.0028521325136258322,0.005125870977398491
2001-01-25,0.0035653777429260902,0.000756762074419548,0.6768134547904596,0.5963692604822064,0.4036307395177936,0.003053190988883801,0.005462487756454706
2001-01-26,0.004179724464846268,-0.006427267323369512,0.6682121103304046,0.5994441556966883,0.4005558443033117,0.008474502326652662,0.015239972676449776
2001-01-29,-0.00041620293713839907,0.0,0.6445596082395616,0.6080655240404828,0.3919344759595173,-0.00041620293713839907,-0.0007592359712347461
2001-01-30,-0.0014574160985507678,0.010274019529857403,0.6445895091527647,0.6080544685677615,0.39194553143223854,-0.00807994130432747,-0.014739133247584635
2001-01-31,-0.0010425593071186068,0.00037667082303438626,0.6022685752298165,0.6241150924754097,0.3758849075245902,-0.001269416307038169,-0.00237678562757076
2001-02-01,-0.00020870956874152746,0.010918651467779483,0.614584572721235,0.6193543632803273,0.38064563671967255,-0.0069191443157588664,-0.012856206666394589
2001-02-02,-0.004592867670818679,-0.005214129968284409,0.5904211423759721,0.6287642771813721,0.37123572281862804,-0.0015143350984474068,-0.002856479440756999
2001-02-05,-0.018875870430306474,-0.007113417645329578,0.5930473654399733,0.6277277259259749,0.3722722740740251,-0.01465727683646955,-0.027602337170473487
2001-02-06,-0.0053441845895974005,-0.007164495952508565,0.6424580748817101,0.608843546933166,0.391156453066834,-0.0007412963124509434,-0.0013540004286033257
2001-02-07,-0.009026395443023083,-0.0018989746417806819,0.6414236311843352,0.6092272470078128,0.3907727529921872,-0.007808348232765145,-0.014271175492577491
2001-02-08,-0.0110605329821154,-0.010273903405125462,0.644669948893791,0.6080247290178813,0.3919752709821187,-0.004437256198993424,-0.00809388449392767
2001-02-09,-0.0015350810461096653,-0.0007689819390148678,0.6615198654531123,0.6018585879063748,0.3981414120936252,-0.0010263842172766767,-0.0018532144669785914
2001-02-12,0.0,0.003078177488782474,0.6511738414401292,0.6056297495167529,0.3943702504832472,-0.002004428660005014,-0.0036418248818491116
2001-02-13,0.0,-0.00153442422451755,0.6472310174604056,0.6070793892296512,0.39292061077034873,0.0009931269520503875,0.0018087207104347633
2001-02-14,0.005930145083963945,-0.0034575256960833745,0.6462133249595461,0.60745468697052,0.39254531302948,0.00816444426016305,0.014878589797036813
2001-02-15,-0.014628802047609635,-0.01657666882862263,0.6356569030525093,0.6113751595055,0.3886248404945,-0.004091728077080305,-0.007504742717334315
2001-02-16,-0.005539573521833874,0.012152120851999015,0.6660633067478395,0.600217288232584,0.39978271176741603,-0.013633655320515711,-0.024549466875533044
2001-02-20,-0.015597080243577977,-0.008133253308414967,0.6030471542605755,0.6238119679400584,0.3761880320599416,-0.010692344981057918,-0.020010038293583242
2001-02-21,-0.0027161800186460416,0.008199945542628484,0.6332009918249651,0.6122945093748589,0.38770549062514104,-0.0079083936691491,-0.014526798064784664
2001-02-22,0.0015887356478081482,0.0011618426753916555,0.6093644516674831,0.6213632959047201,0.37863670409527983,0.0008807500229942306,0.0016417972114675591
2001-02-23,0.004078886347006039,0.009284309077308928,0.6114211637537916,0.6205702286238495,0.3794297713761506,-0.0015977367136920774,-0.002974523513089831
2001-02-26,0.0027081034655869196,0.018781119245363076,0.5696725230404676,0.6370755589598985,0.3629244410401015,-0.007990984120442945,-0.015272582025512587
2001-02-27,-0.006527077761915412,0.006019586820906309,0.5246340500991787,0.6558950981941857,0.3441049018058142,-0.009685157975691128,-0.0190573429244764
2001-02-28,0.013140028837088868,-0.00224385234559088,0.4626274070248109,0.6837011225122194,0.3162988774877806,0.014178096429476117,0.029080741331757934
2001-03-01,-0.017218277961081885,-0.005996910266649058,0.4153078906980827,0.7065600400961254,0.2934399599038746,-0.014727713807534189,-0.03121804217512685
2001-03-02,0.005460789067311955,-0.011689313577767035,0.4367150224462028,0.6960322571816392,0.30396774281836075,0.01056568790880719,0.022062178811531462
2001-03-05,-0.000678945304006584,0.0015261117404414826,0.3543116947681932,0.7383824594168937,0.26161754058310627,-0.0012196645411680427,-0.00270173671071371
2001-03-06,-0.0018115709247239487,-0.00990478515625004,0.3538687443458877,0.7386240388340918,0.2613759611659083,0.0016934229615340403,0.0037524087219079853
2001-03-07,0.0045372007625068544,0.005771450693444091,0.30922726904428044,0.7638093275661662,0.2361906724338338,0.0027525108261494194,0.006307180329719341
2001-03-08,0.010840076591161374,0.015302219179025744,0.31306992983465814,0.7615740618825382,0.23842593811746182,0.006049411906469224,0.013821225592831067
2001-03-09,0.002680983997617181,0.020346624041711836,0.3338504986940633,0.7497092072755326,0.2502907927244674,-0.004111746585448933,-0.009247842819284393
2001-03-12,-0.017602495022852716,0.0029542774985591436,0.3220491619987958,0.7564015232898812,0.24359847671011886,-0.018553917615575587,-0.042102634642249004
2001-03-13,0.0022681399554396187,-0.01767311562105578,0.30671458149619474,0.7652780600756709,0.23472193992432916,0.007688742216885603,0.01765207718448038
2001-03-14,0.0020366200997807837,-0.01611689651314918,0.25624210630495553,0.7960249023505089,0.20397509764949098,0.006166447609409123,0.014725937568388282
2001-03-15,-0.023261103128527805,-0.00952380952380949,0.23080666630545957,0.8124752874484527,0.18752471255154735,-0.02106294440180915,-0.051339365422111996
2001-03-16,-0.008554844875218626,-0.00730766883263223,0.28972787579137343,0.7753573593083756,0.22464264069162435,-0.006437609507353264,-0.014974343723639757
2001-03-19,0.0016324555289310982,0.006586523243906184,0.30125488153375163,0.7684889518503314,0.23151104814966855,-0.00035176675063116085,-0.0008109865844650129
2001-03-20,0.007683350822913271,0.0026944274053972705,0.3016736806306818,0.7682416990374147,0.2317583009625854,0.006870512990334898,0.015834643718860533
2001-03-21,-0.0011552944458387282,0.005374256800323884,0.30802977247424435,0.764508592268828,0.23549140773117191,-0.002810725545260655,-0.006446471489583772
2001-03-22,0.0025445654682092478,-0.003054554454418712,0.30477332778807215,0.7664166477829971,0.23358335221700283,0.0034755121941923177,0.007991071215605416
2001-03-23,0.00184584605421656,0.0015319566722866718,0.3016245201383824,0.7682707144251437,0.23172928557485623,0.0013837703580652995,0.0031893307247734936
2001-03-26,0.003915292108334079,0.001529613370877092,0.30122456770150036,0.7685068548670371,0.2314931451329629,0.003454534981941192,0.007964501441999346
2001-03-27,0.012617532860631275,-0.0034364028921669565,0.3149118802259426,0.7605072362934078,0.23949276370659225,0.013699696956617439,0.03125615601160302
2001-03-28,-0.01359309975370615,-0.004980796141642707,0.32172966448455775,0.7565843658279211,0.24341563417207895,-0.011990629882189463,-0.027215769315880906
2001-03-29,-0.008268316723250457,-0.003465631004071712,0.334909172540786,0.7491146368382952,0.25088536316170484,-0.007107645111345107,-0.015973322959082322
2001-03-30,-0.009263539448171931,-0.0034775654518358623,0.3271621648406937,0.7534874233850958,0.24651257661490428,-0.008125811606574105,-0.018368090551050688
2001-04-02,0.004675077488826895,-0.008918138221794325,0.3304099801934144,0.7516479994043794,0.24835200059562057,0.0076217193620520905,0.01718655033152423
2001-04-03,-0.0004652990012047331,0.0046947639311367695,0.3178048877025035,0.7588376772098842,0.24116232279011582,-0.0019573179251294176,-0.004455859763599432
2001-04-04,0.006284904651992607,0.006230553658770122,0.3115678877627857,0.7624462365465166,0.23755376345348345,0.004343664208936903,0.009935431286777232
2001-04-05,0.004163804320058695,-0.0011609434986632472,0.32094586732149566,0.7570332931414646,0.24296670685853544,0.004536404338148422,0.010302627345389179
2001-04-06,-0.00460722887754772,0.007361463973473814,0.32092928620047073,0.757042795891373,0.242957204108627,-0.006969738255945152,-0.015829170407735342
2001-04-09,-0.0046285536837408214,-0.006538508488581729,0.30954843665159404,0.7636220028309274,0.23637799716907268,-0.0026045686030671702,-0.00596671767955411
2001-04-10,0.002324982973665568,-0.0038714674690636386,0.31661807702163447,0.7595216999162986,0.24047830008370139,0.0035507595589723117,0.008090636808674091
2001-04-11,0.009742587565599647,0.005441214459710686,0.3125387743798517,0.7618822540861545,0.2381177459138455,0.008041997067223743,0.018381164558792004
2001-04-12,0.0011485498312338027,0.005411649905002758,0.33329734360308566,0.7500202447697172,0.24997975523028282,-0.0006551387066135073,-0.0014741018792771357
2001-04-16,0.01698034923126146,0.012302889713042164,0.33436831243298204,0.7494182758107307,0.25058172418926916,0.012866652759862457,0.028927514180254507
2001-04-17,-0.01624549280236287,-0.00835541888130642,0.3609170052139073,0.7347986660235913,0.26520133397640866,-0.013229880042414023,-0.02916389462045387
2001-04-18,-0.0006881328687015076,0.000765919895742373,0.38626124673588424,0.7213647516690075,0.2786352483309924,-0.000983978042530775,-0.002129421228893906
2001-04-19,0.014230038202788897,0.015308075724707937,0.3790652146564528,0.7251288694487997,0.2748711305512002,0.008427279192225249,0.018332590299563065
2001-04-20,0.003620681934303427,-0.0018846589634605726,0.41530052940512086,0.7065637150721056,0.2934362849278944,0.004403381799576709,0.00933380940956944
2001-04-23,0.0,-0.004153986543222632,0.41656249524402283,0.7059342622421583,0.2940657377578418,0.0017303949996549126,0.003664635352406731
2001-04-24,0.002931231479553098,0.0015168520211152892,0.41285045569052914,0.707788992084977,0.2922110079150231,0.0023049984314205507,0.004894357549597814
2001-04-25,-0.0186601133002835,-0.006437001771082529,0.42674523258096964,0.7008959814016752,0.29910401859832486,-0.01591315348235877,-0.03346039598164001
2001-04-26,0.002749160264048811,0.007621951396801441,0.44922058858786107,0.6900260787589367,0.3099739212410633,-0.000674777228610402,-0.0013968416552815749
2001-04-27,-0.004569335524075346,-0.001891074173760221,0.46208220317261645,0.6839560715738621,0.31604392842613793,-0.003695503803501388,-0.007582686791787225
2001-04-30,-0.008492013661379527,0.00037895455031677905,0.4630317282635837,0.6835121759026113,0.31648782409738874,-0.008667481641746055,-0.017772987709637353
2001-05-01,0.006944382356275369,0.001515128395774168,0.4723346685659117,0.6791934071443303,0.3208065928556696,0.006228734687622577,0.01269154660405336
2001-05-02,0.0022989032416267374,0.003782148347520442,0.47483031962703515,0.6780441022211197,0.32195589777888034,0.0005030245328967431,0.0010232184534095111
2001-05-03,-0.006880781855428064,0.003391084842433667,0.4512489139093776,0.6890616698593749,0.31093833014062505,-0.008411005207550809,-0.01738710388053258
2001-05-04,-0.0006927904422890929,-0.0007509639452503158,0.4435927590527873,0.692716137379457,0.30728386262054297,-0.000359668273866339,-0.0007474440522318812
2001-05-07,-0.007626529071913191,0.0,0.4395868032732088,0.6946437670352951,0.30535623296470493,-0.007626529071913191,-0.015893162651753914
2001-05-08,0.0023287731015879665,-0.003757985633457639,0.42509479285895097,0.7017077074528159,0.2982922925471841,0.003926273226009555,0.008265288552769609
2001-05-09,0.01905210443177152,0.018483567648697186,0.41961715024489166,0.7044152712775374,0.2955847287224625,0.011296082448666537,0.023871398947352608
2001-05-10,-0.014363930673141567,-0.003333310727719918,0.47302167994576644,0.6788766340742641,0.32112336592573576,-0.012787202432934247,-0.02604279884068993
2001-05-11,-0.0030071736252021974,-0.004459354068426236,0.4850904108353241,0.6733596774337305,0.3266403225662696,-0.0008439837280891406,-0.0017049138327162637
2001-05-14,0.005104370361970201,0.0014930716894265839,0.4932096774088135,0.6696983117168871,0.3303016882831129,0.004367972955679883,0.008775672342131516
2001-05-15,-0.008541021316559316,-0.0007453660028021725,0.4706262503914256,0.6799824222733937,0.3200175777266063,-0.008190232509491285,-0.01670764242235854
2001-05-16,0.03329455723977559,0.014546787794471605,0.5047049397901532,0.6645821207574826,0.33541787924251754,0.025952721581826665,0.05174314424483656
2001-05-17,0.007210361999754777,0.005882375380572125,0.5745743277046752,0.6350922801197598,0.36490771988024023,0.003830500120156016,0.007298163165926694
2001-05-18,0.01834457705448811,0.050438550749694055,0.5932140783938068,0.6276620408778628,0.3723379591221373,-0.011576281344010904,-0.021797977122474638
2001-05-21,-0.0057117800146571085,-0.006958942388566536,0.5052148819757477,0.6643569712036054,0.3356430287963947,-0.002196018757141438,-0.004376821110602377
2001-05-22,0.00397704944630628,-0.0010511135227198043,0.508052646453952,0.6631068234596509,0.33689317654034917,0.004511070453247613,0.008973964795967135
2001-05-23,0.0035210813121711038,-0.005261311707777994,0.5252601106511597,0.655625878508737,0.344374121491263,0.006284638481968815,0.012361114877551857
2001-05-24,0.009429873200005101,-0.015867418558367263,0.5263325501877542,0.6551652193206455,0.3448347806793546,0.01778141207472704,0.03494928822530795
2001-05-25,-0.008689976195436322,-0.004299577860224724,0.4858505429839933,0.673015199760083,0.326984800239917,-0.006601023957444184,-0.01332776837202117
2001-05-29,-0.008766258364635626,-0.014753530743303434,0.47553321705705714,0.6777211034221883,0.3222788965778117,-0.0017504644273223487,-0.0035589800495585758
2001-05-30,-0.02210919961566271,-0.029583549843187784,0.5018226154828417,0.6658575984211664,0.33414240157883346,-0.007263505258087206,-0.014509380501808382
2001-05-31,-0.006104442973217217,-0.0015055490993007847,0.5323820732103727,0.6525787644493772,0.3474212355506229,-0.005302915622411456,-0.010381710374557705
2001-06-01,0.0029572365138386125,0.004146272725704225,0.5389056301938543,0.6498124253883139,0.3501875746116862,0.0007227867976373871,0.0014090275260342086
2001-06-04,-0.019959134113886945,-0.005630630759634547,0.5381550927271395,0.6501294991176775,0.34987050088232247,-0.01692898149532353,-0.03301809078038136
2001-06-05,0.0018513994028113157,0.003020076742091149,0.5456069000356173,0.6469950412209959,0.353004958779004,0.00020362469368929732,0.00039523250126135894
2001-06-06,-0.00023098348848071826,0.0,0.5710329136586114,0.6365239017629531,0.36347609823704685,-0.00023098348848071826,-0.0004410795339916948
2001-06-07,-0.0011552944458387282,0.0011290469672051717,0.5805825309708977,0.6326781299966249,0.36732187000337513,-0.001810799391643723,-0.0034369595187125302
2001-06-08,0.008096194259246792,0.02781952592663295,0.6164082897633724,0.6186555750381552,0.3813444249618449,-0.00905199213921682,-0.01680019620638413
2001-06-11,-0.007342723604687795,-0.020117045072365447,0.6119468156928827,0.620367862180464,0.37963213781953603,0.004967838068496436,0.00924566124663558
2001-06-12,0.009015153853276114,0.013437873032974501,0.5710118139007955,0.6365324507121414,0.36346754928785857,0.0013419695977487604,0.0025626215905086153
2001-06-13,0.009163903960512476,0.0018416206261511192,0.5690820408706155,0.6373153053521302,0.3626846946478698,0.008115870736072976,0.015517105909076298
2001-06-14,0.012485772013394847,0.012132308062385189,0.5718754323545634,0.636182727598247,0.36381727240175293,0.005547603094759562,0.010587867805369843
2001-06-15,-0.015022401723969403,-0.014892756148688124,0.5790447852296743,0.6332942607796578,0.3667057392203423,-0.006398828938374377,-0.012157024927149852
2001-06-18,0.005007929737672168,0.004424711045134755,0.5951883076558727,0.6268852368091256,0.37311476319087444,0.002374393458852165,0.004465416617191734
2001-06-19,-0.004982975347248675,0.0036710720352659543,0.598685092415438,0.6255140582371413,0.3744859417628586,-0.007180791447945603,-0.013475057999877037
2001-06-20,-0.012519987161325408,-0.003657644558611839,0.5958369145860353,0.6266304475475822,0.3733695524524178,-0.010340627512869729,-0.019439256138937204
2001-06-21,-0.0050714238997872085,0.0007342592199441889,0.60144668756298,0.6244353981722374,0.3755646018277627,-0.005513041675435219,-0.010327615121221587
2001-06-22,-0.003938878226218745,-0.001100580718376598,0.6101273871434,0.6210688719320187,0.37893112806798146,-0.003267383788175225,-0.006087811090472859
2001-06-25,-0.0011629769370082865,0.005141478063990679,0.6030595329532518,0.6238071509158118,0.37619284908418815,-0.004263594296967894,-0.007978981833157338
2001-06-26,0.011644087602556308,0.009134088010595232,0.5977048827615888,0.625897818044799,0.3741021819552009,0.006184598599049451,0.011612780305883915
2001-06-27,-0.008977908739687734,-0.01484433715535971,0.6008684933151817,0.6246609288493994,0.3753390711506005,-5.841423888417602e-05,-0.00010946727815825535
2001-06-28,-0.002787365287959309,-0.010290401498490476,0.6139633888116489,0.6195927410325545,0.38040725896744554,0.003530564488286373,0.006562536386068655
2001-06-29,-0.00023303151790154963,0.004827398327051924,0.6093382218969987,0.621373423183385,0.3786265768166151,-0.003174549830895915,-0.005917742686470093
2001-07-02,-0.0034948432258902207,-0.004434634811398275,0.6058418631956202,0.6227263237551942,0.37727367624480584,-0.000808155809160532,-0.0015097796881798275
2001-07-03,-0.007949478673271115,-0.006681469316069832,0.6073733957095354,0.6221329795984178,0.3778670204015822,-0.0038913319664407144,-0.007262777852664995
2001-07-05,-0.008248844487479312,-0.009342301730116298,0.6178488183947409,0.6181047256270943,0.38189527437290577,-0.0024767144024398138,-0.004592606628530203
2001-07-06,0.006416337745738909,0.0030176830424377687,0.6202481455707403,0.6171894118402124,0.38281058815978763,0.004544625434746614,0.008414684097315996
2001-07-09,-0.005194878892936128,0.0022565104072518327,0.6249579324745999,0.6154005466942334,0.38459945330576656,-0.00660510297165965,-0.012194351939193163
2001-07-10,0.005222006584721939,-0.0011256577597326123,0.6192271624210132,0.6175785727956998,0.3824214272043003,0.0059190444451383585,0.010966425062228589
2001-07-11,-0.0007084437555671119,0.007888713334484265,0.6187215153091504,0.6177714885126585,0.3822285114873415,-0.005589360423718717,-0.01035884252638337
2001-07-12,0.002126725337619817,-0.006336122872897421,0.5980899601587499,0.6257470010641095,0.3742529989358905,0.005916296814231979,0.011106314966732419
2001-07-13,0.00966750475768996,0.0018754688242799133,0.5800457640693022,0.6328930609101896,0.36710693908981035,0.008579647010522362,0.016289997174055368
2001-07-16,-0.022185956466616696,-0.0007488289122454805,0.5818313109037294,0.6321786609652338,0.36782133903476627,-0.021750264358962296,-0.0412501589942659
2001-07-17,0.009075736481119367,0.004496111781466139,0.5724772161630173,0.6359392617720007,0.3640607382279993,0.006501814924907888,0.012404278150572295
2001-07-18,0.009467446806133317,0.008578842747510862,0.5784012460860073,0.6335524648626069,0.36644753513739314,0.004505433470997128,0.00856328544247416
2001-07-19,-0.011019913905455203,-0.0036982249355479446,0.5863974083820633,0.6303590731529756,0.3696409268470244,-0.008851284387635966,-0.01673846226841083
2001-07-20,0.00023706200477136008,0.001855976285553007,0.5903461341640796,0.6287939326652444,0.3712060673347556,-0.0008586064205050655,-0.0016196595232830261
2001-07-23,0.004740455458050796,-0.0040756062556174255,0.5773559577510659,0.6339723098556409,0.36602769014435904,0.00709353101117903,0.01349130672056937
2001-07-24,0.00023588760501191963,0.0033483052638965116,0.5734229503710405,0.6355570190228779,0.3644429809771222,-0.0016841074781545034,-0.0032110389855900387
2001-07-25,-0.006367913176046014,-0.0074156466795586296,0.5721381788278921,0.6360764043943963,0.3639235956056037,-0.0021251385899722346,-0.004055251539447949
2001-07-26,0.00213631657823532,-0.005603287006352264,0.5737695969721556,0.6354170279588218,0.3645829720411781,0.005351312305589375,0.010200944882691214
2001-07-27,-0.004737086771259169,0.004507819813771796,0.5680084536971279,0.6377516636738473,0.3622483363261528,-0.007297566533224963,-0.013962105592004429
2001-07-30,-0.0028558028368065314,-0.010471158776662826,0.5637562710909299,0.6394858447489171,0.3605141552510828,0.003047378589125966,0.005846266414010945
2001-07-31,0.004773265072407051,0.0060468861171896204,0.5623157532971842,0.6400754763494853,0.3599245236505148,0.0013730057503172845,0.0026364819289947557
2001-08-01,0.0016627005745830647,0.004507819813771796,0.5637934822751258,0.6394706278895113,0.36052937211048874,-0.0008787788556921454,-0.0016858597998764477
2001-08-02,0.0007113546494732503,0.0,0.5634097295181737,0.6396275916155322,0.3603724083844678,0.0007113546494732503,0.0013650061836812588
2001-08-03,-0.0016587606233279262,0.001869857933480601,0.5658784346004329,0.638619178796706,0.36138082120329396,-0.002716872903651129,-0.005205141427874119
2001-08-06,-0.008307583408873165,-0.0029861433788530567,0.5422638155570609,0.6483974984777835,0.3516025015222165,-0.006688305906455852,-0.013010042456400474
2001-08-07,-0.004786974881364259,0.00037441445612262925,0.5393265605955337,0.6496347335247179,0.35036526647528216,-0.0049889065422221235,-0.009722900916408574
2001-08-08,-0.004810000231652456,0.0026196918318655005,0.5390340793474608,0.6497581914651251,0.3502418085348749,-0.006222103406416139,-0.012128587969385835
2001-08-09,0.016191375562268462,0.020530048993301575,0.5360329305525153,0.6510277091782773,0.34897229082172265,0.005186593236002301,0.01012984773862238
2001-08-10,-0.016646776716829237,0.0018288222793059195,0.5505354704533597,0.6449384867716769,0.355061513228323,-0.017653608250742508,-0.03415647417388158
2001-08-13,0.0002418204269416524,0.006571808509156618,0.496943825550341,0.6680277395394961,0.331972260460504,-0.0030239992343829205,-0.006060346118741968
2001-08-14,0.01329783033336751,0.0021761899143006858,0.4911948785047784,0.6706031615416359,0.3293968384583641,0.012228896992809261,0.024602210956634684
2001-08-15,-0.011214490934518873,-0.0021714643953840707,0.5519305727366507,0.6443587216898597,0.35564127831014036,-0.010015993347097298,-0.019361678008769263
2001-08-16,0.011100386877864965,-0.0018135653894151282,0.5538152468541883,0.6435771575961637,0.3564228424038362,0.012104767041690116,0.023371054698163946
2001-08-17,0.015990432302382507,0.014898166439226479,0.5509570118428921,0.6447631961196468,0.3552368038803532,0.0077821830390882255,0.015052995627211893
2001-08-20,-0.026309605205265152,-0.011457149406770117,0.5845708452615227,0.6310856993175061,0.36891430068249376,-0.01961208969226199,-0.03713072801555643
2001-08-21,0.00965017178216887,-0.00398408576312459,0.689729102183983,0.5918108403929927,0.4081891596070073,0.012398111678592783,0.022012010675382512
2001-08-22,0.004062174097179794,-0.00036365855823861093,0.6753613626963615,0.5968861537970407,0.40311384620295937,0.004307775036628016,0.007713753819107408
2001-08-23,0.0028558028368064203,0.0014550524022018951,0.6826652260598212,0.5942952790090217,0.4057047209909783,0.0018624891597283778,0.0033206055444961633
2001-08-24,-0.0075937501520526585,-0.010170678957945989,0.6781426682077061,0.5958968918107674,0.40410310818923256,-0.0006965787860271936,-0.00124526740048477
2001-08-27,0.002869346395615091,0.00036699487528668584,0.6748565085460172,0.5970660739576573,0.4029339260423427,0.002621677515424837,0.0046959441039533195
2001-08-28,-0.003338087682786206,-0.001100580718376598,0.6736026117569862,0.5975134078872983,0.4024865921127016,-0.0025967336364383494,-0.004654749493451565
2001-08-29,0.00047854831598326264,0.005141478063990679,0.6505107648174449,0.6058730553693815,0.3941269446306185,-0.0028660385117154296,-0.005209366529698026
2001-08-30,-0.006217126229577374,0.006211112947146047,0.6476546132982661,0.6069233150740284,0.3930766849259716,-0.010239782183513102,-0.018644287645361232
2001-08-31,0.0014437059103482586,-0.003631082142927955,0.6345105464403304,0.611803944720834,0.38819605527916606,0.0037476658250272014,0.006878510205741302
2001-09-04,-0.004805377238095598,-0.010204037373357289,0.6295801692888606,0.6136549884725182,0.38634501152748185,0.0016188823388525444,0.002980305668960766
2001-09-05,0.001689997379813235,0.0014727315445344225,0.693237198843163,0.5905847099763756,0.4094152900236244,0.0006690450892322269,0.0011853833999559992
2001-09-06,-0.0002411193823665947,0.003676470588235281,0.7455042777276032,0.5729003433333644,0.4270996566666357,-0.0029819439328357144,-0.005125070108767271
2001-09-07,-0.0009642503160712801,0.00036632272350045625,0.7434222959422823,0.5735844966118903,0.4264155033881097,-0.0012365827962318192,-0.002127854162086655
2001-09-10,0.0028957731102048356,-0.005492493469338999,0.7378233564730747,0.5754324778034445,0.42456752219655547,0.006948263077158979,0.011994768716759332
2001-09-14,0.0329644079394531,0.06848308426188532,0.7000661776708331,0.5882123961609805,0.41178760383901947,-0.01497828309487454,-0.026431235368840976
2001-09-17,0.02096428397678385,-0.0013784438223148898,0.5574675354124374,0.642067957927089,0.3579320420729109,0.02173272165711423,0.04186165264374347
2001-09-18,0.01368924120225623,-0.005866051625466495,0.5477627473237282,0.6460938549717149,0.353906145028285,0.01690244575656458,0.03276169901192734
2001-09-19,0.06189513960929616,0.01180143639171849,0.5332559375903119,0.652206833499445,0.347793166500555,0.055601953581317885,0.10879192224496338
2001-09-20,-0.04408641566920479,-0.00857632933104635,0.6093819300107377,0.6213565477234655,0.37864345227653445,-0.03886015554904407,-0.07243803628785268
2001-09-21,0.018181768200905113,0.010034580956693295,0.6618002812805002,0.601757028967073,0.398242971032927,0.01154087970123354,0.020834416442042085
2001-09-24,-0.004790905037340143,-0.007536765109468657,0.6745007822355629,0.5971929130214784,0.40280708697852163,0.0002926489245221641,0.0005243035911839822
2001-09-25,-0.010503355337054487,0.0027614351372449164,0.6774051744443684,0.5961588859002087,0.40384111409979123,-0.01237396578791669,-0.022130548974875135
2001-09-26,0.017249020675351945,0.009638512196105786,0.6684856661134264,0.5993458741119436,0.40065412588805643,0.010805813429595783,0.01942925908635499
2001-09-27,-0.004347822030685733,-0.00545508234752079,0.6827248998302586,0.5942742037637126,0.4057257962362874,-0.0006235014814087894,-0.0011115925392291117
2001-09-28,0.014628802047609524,0.002399662873364239,0.6901669940560741,0.5916575128474101,0.40834248715259003,0.012972633935551765,0.023026068988165404
2001-10-01,-0.0017215186756096568,-0.0006839319207507799,0.6939535771221106,0.590334949850821,0.409665050149179,-0.0012469016726966572,-0.0022082689092608582
2001-10-02,-0.0036645229038078098,-0.007871383348599048,0.6937163779306156,0.590417624243441,0.4095823757565591,0.001795984642085682,0.003181142956673803
2001-10-03,-0.003245422461505054,0.0020697002971648004,0.6876018930729733,0.5925568133720737,0.40744318662792633,-0.004668552303929267,-0.008299147428831536
2001-10-04,0.006511875543324663,0.0,0.6834357338107939,0.5940232703367296,0.4059767296632704,0.006511875543324663,0.011604616818814454
2001-10-05,0.006038360453510583,0.0030980857021838393,0.6812793363351475,0.5947851605550568,0.40521483944494324,0.003927698682417368,0.007008410674300497
2001-10-08,-0.0032154054894434347,0.003431709062956312,0.6827898616791069,0.5942512626039883,0.4057487373960118,-0.005558541645862313,-0.009909511173871592
2001-10-09,-0.02580642647268594,-0.011969904490624184,0.6832277421682624,0.5940966720949136,0.4059033279050864,-0.017628255653587034,-0.03141866405590321
2001-10-10,-0.02472405813876255,-0.011076433911589856,0.723781871273347,0.5801198032447726,0.4198801967552274,-0.016707136075196485,-0.02907642147817988
2001-10-11,-0.0033952789885786094,-0.013650767404365216,0.7599376583066022,0.568201944699673,0.431798055300327,0.006978453226782788,0.011895512083361062
2001-10-12,0.010220321949021782,0.011000731858771928,0.7447330793401828,0.5731535739427698,0.4268464260572301,0.002027713036842911,0.0034865729219905866
2001-10-15,-0.01731118298926304,-0.00982796719183543,0.7421152850078697,0.5740148247396168,0.4259851752603831,-0.010017698315646098,-0.01725092202884985
2001-10-16,-0.010981436950092238,0.0007089035275658073,0.7541511519076197,0.570076300957595,0.4299236990424051,-0.011516057361997368,-0.019695094147628815
2001-10-17,0.00578304317190792,0.0038965857282371452,0.7511178787192637,0.5710637828284765,0.4289362171715235,0.002856247965466678,0.0048932993035666235
2001-10-18,-0.0241490381499333,-0.014819978051895166,0.7474372548596543,0.5722666134185832,0.4277333865814168,-0.01307203443774445,-0.022442066634537326
2001-10-19,0.003535203011480137,0.0032234737003413727,0.7736787838843918,0.5637999445480089,0.43620005545199103,0.0010412697991167034,0.0017612035650045408
2001-10-22,-0.008924402942862564,-0.016422727608994103,0.7792302048843802,0.5620408181329088,0.4379591818670912,0.003872682456654279,0.0065298168489208025
2001-10-23,0.0018958232791685958,0.002177880593523085,0.7709352151263936,0.5646733948585628,0.4353266051414371,0.0002168184352812786,0.00036729480575460344
2001-10-24,-0.005912983537727845,-0.000724419422708289,0.770673204160273,0.5647569510005894,0.4352430489994105,-0.005354692900073313,-0.009072300107369724
2001-10-25,0.0011896536662456825,0.006886531129091766,0.776918694949759,0.5627719505918498,0.4372280494081502,-0.004160621111299182,-0.007024442575438413
2001-10-26,-0.0011882400720876207,0.000359993189021246,0.7777751248563315,0.562500839402179,0.437499160597821,-0.0014682338196260493,-0.0024776482679349605
2001-10-29,0.006661879008387439,0.004318144056808526,0.7861662139152912,0.5598583111747432,0.4401416888252568,0.0032671000441054643,0.005487339339395443
2001-10-30,0.004963344058694696,0.00537441765387725,0.7874948218380802,0.5594421800739542,0.44055781992604576,0.0007310179858711985,0.0012268868870671627
2001-10-31,-0.008936884118025068,-0.003920192728398719,0.7888571696448348,0.5590161232372415,0.44098387676275846,-0.005844411977838191,-0.009801361579357213
2001-11-01,-0.004271505677179488,0.0007156071807916664,0.7922551662242104,0.5579562658517679,0.44204373414823217,-0.0048384491631488285,-0.008098929082752395
2001-11-02,-0.0231172830737586,0.00035743861842774116,0.792654213091653,0.5578320641521696,0.44216793584783043,-0.023400608300577008,-0.039160828892181795
2001-11-05,-0.0029275637936927446,-0.004646132414882875,0.7914244405630302,0.5582150032996692,0.4417849967003308,0.0007494989535376953,0.0012551446824664294
2001-11-06,0.005138220943500471,0.004308840958819671,0.7901022127010406,0.5586273191021449,0.44137268089785503,0.0017337961677601757,0.002905637715196319
2001-11-07,0.0024343304198441995,0.004647793122034338,0.7926692101373316,0.5578273974613491,0.4421726025386509,-0.001249832083080482,-0.0020915717345054447
2001-11-08,-0.012141862643109014,-0.014946662658474219,0.7908611728226618,0.558390574978993,0.4416094250210069,-0.00032112748324340974,-0.0005379436800295317
2001-11-09,0.0004917236866874841,0.002167652203671322,0.7938456889263383,0.5574615509980265,0.4425384490019735,-0.001229057670288672,-0.0020554571854354323
2001-11-12,0.009336518027431406,0.0032443904696703996,0.7975014138223915,0.5563277960786119,0.4436722039213881,0.00674911204087737,0.01126415588156679
2001-11-13,0.006572645703474045,-0.0017966224287869759,0.7972285563723189,0.5564122584489122,0.4435877415510879,0.008004964408722014,0.013362180976380533
2001-11-14,0.0007254612808249572,0.0,0.7922317771355425,0.557963547325482,0.44203645267451797,0.0007254612808249572,0.0012143428490891425
2001-11-15,-0.007733220096992177,-0.009719156976584542,0.795568794101094,0.556926586876124,0.4430734131238761,-9.621014515782261e-07,-1.6074596329677948e-06
2001-11-16,-0.0031661012209400763,-0.0014539945023988032,0.7863557977439214,0.5597988940741538,0.44020110592584616,-0.0020227442140909897,-0.003396989922129088
2001-11-19,-0.009039751536730978,-0.0072806694980874775,0.7603892847503616,0.5680561729514325,0.4319438270485675,-0.0035036084645764668,-0.005970739247722656
2001-11-20,-0.0019724786443153786,0.0011000651981671883,0.7704349686760558,0.5648329465316693,0.43516705346833084,-0.0028200073408069354,-0.004778499166646756
2001-11-21,-0.0037055007432322817,-0.00036632272350045625,0.7702463716705052,0.5648931222247574,0.4351068777752426,-0.0034233419945955976,-0.005801467043310707
2001-11-26,-0.0017356730710795798,-0.0021986299631183703,0.7698981329729134,0.5650042685339699,0.43499573146603004,-4.2951967376440945e-05,-7.280413472886315e-05
2001-11-27,0.002980646759840555,0.0033052679192435708,0.7708549919698521,0.5646989756556107,0.43530102434438944,0.0004327644844938426,0.0007331449832814049
2001-11-28,0.018573503536719382,0.0032942674094844637,0.7711764555317385,0.5645964843744393,0.4354035156255607,0.01603304207229943,0.027156597563543203
2001-11-29,-0.012156507395555516,-0.0021890043420467187,0.7779417829267475,0.5624481125326029,0.43755188746739704,-0.0104535894548693,-0.017638804974245872
2001-11-30,0.015997926937941553,0.0014625005355919374,0.7832973898614959,0.5607589657705199,0.43924103422948013,0.01485235408574135,0.024985772149133622
2001-12-03,0.01744186785256807,0.010952902763239125,0.7955928468834916,0.5569191265913334,0.4430808734086666,0.008727816761524594,0.01458206426363243
2001-12-04,-0.01714286427919587,-0.005417118212580285,0.8105136725296326,0.5523294384199868,0.44767056158001306,-0.012752215902190263,-0.02113027274360152
2001-12-05,0.011627988910301035,-0.006172773155877831,0.8254048813175142,0.5478236692772699,0.45217633072273006,0.016723026004428314,0.027483808401495363
2001-12-06,0.009817980893857214,0.001826817602119002,0.8106939603012676,0.5522744439008443,0.44772555609915576,0.008336990897247296,0.013812921034750954
2001-12-07,0.007825466519066238,-0.0010941586330797115,0.8142010999676788,0.5512068094423577,0.44879319055764233,0.00871633168165887,0.014413504128865579
2001-12-10,-0.005882375380572125,-0.006206578047955769,0.812872372391686,0.5516108112347259,0.4483891887652741,-0.0008372195582961595,-0.0013854580791999704
2001-12-11,0.007573980017080428,0.0,0.8192390660513491,0.5496803683808835,0.45031963161911653,0.007573980017080428,0.01248980437769466
2001-12-12,-0.0028189062742226545,0.005877940904428058,1.4528237262140167,0.4076933818409855,0.5923066181590145,-0.011358518281459614,-0.013892378192612789
2001-12-13,0.004711420839974778,0.00036525240312013096,1.4233421820909389,0.41265323873377524,0.5873467612662249,0.004191541687503812,0.005188959757908245
2001-12-14,0.0215709286071335,0.014968989393497889,1.4657522881824543,0.4055557424777313,0.5944442575222688,-0.0003699018481649191,-0.0004500474560292303
2001-12-17,0.0006886067216202996,-0.0010790927804631423,1.2551671439816778,0.4434261126358998,0.5565738873641002,0.0020430485249654695,0.002717823196055842
2001-12-18,0.01261463914091454,0.009722655998445573,1.155392826815511,0.46395255081063425,0.5360474491893656,0.0013811521427157265,0.0019223671790116054
2001-12-19,-0.0253680610472532,-0.01747501427654563,1.134112647764489,0.4685788264492566,0.5314211735507434,-0.0055494263363577885,-0.00780103104047139
2001-12-20,0.020915675841598702,0.001814882032667775,1.1756856296050748,0.45962522636209974,0.5403747736379003,0.01878194511636275,0.02589796732688629
2001-12-21,0.016389716512556607,0.007246376811594235,1.2103334034190492,0.4524204350588704,0.5475795649411296,0.007619184603722878,0.010341224439630457
2001-12-26,0.01590137064246666,0.00611515182385336,1.2119577663728267,0.4520881977054211,0.547911802294579,0.008490064896998627,0.011514774413058508
2001-12-27,-0.016534350305660417,-0.008223161280538016,1.233535740781291,0.4477206170205272,0.5522793829794727,-0.006390786963907925,-0.008583861248182792
2001-12-28,0.006276592276435178,-0.0032443904696703996,1.2394318900825931,0.44654182358862393,0.5534581764113761,0.010297793288424714,0.013795186181855592
2001-12-31,0.020049043377948994,0.00795664451005873,1.2315240813408441,0.4481242252152328,0.5518757747847671,0.010250244057143245,0.013780148029123083
2002-01-02,-0.011574573780579356,0.0007175517785933394,1.2732908848678868,0.4398909117423023,0.5601090882576977,-0.012488225919682995,-0.016480371257559613
2002-01-03,0.01612902206241018,-0.002509794567126855,1.2732426484432129,0.439900245882168,0.5600997541178321,0.019324599544107167,0.025502688273081518
2002-01-04,0.0093499068202747,0.0025161094850427723,1.2601857444738707,0.4424415128026486,0.5575584871973513,0.006179141515688307,0.008201726160068354
2002-01-07,0.003877563179379928,-0.0010756106114512276,1.2644012813682632,0.44161783877623956,0.5583821612237604,0.005237566614752161,0.006939008546560305
2002-01-08,-0.005793980964168832,0.0010767687953936456,1.2762515073204712,0.4393187645495147,0.5606812354504853,-0.007168208762325621,-0.009447385852493693
2002-01-09,0.015109038035303168,0.016134815699100358,1.2233879194078572,0.4497640700801885,0.5502359299198115,-0.004630100572848447,-0.006247358635574792
2002-01-10,-0.002126350996349391,0.013055794942545829,1.1452015205320965,0.4661566712632012,0.5338433287367986,-0.017077867216308128,-0.023882885201487448
2002-01-11,-0.0004261357574639746,0.0010448895388062152,1.117955737752501,0.4721533987585426,0.5278466012414572,-0.0015942760126899473,-0.0022582285138523276
2002-01-14,-0.03901089071270436,-0.006958942388566536,1.1282278718219214,0.4698744966364554,0.5301255033635447,-0.031159617951520578,-0.04392332940106498
2002-01-15,0.008873106203844072,-0.003503854314596433,1.1862675219440346,0.4574005651013822,0.5425994348986177,0.013029614778873298,0.017879259488729902
2002-01-16,0.001539131420329909,0.010196884524336314,1.1719057260726526,0.4604251409237037,0.5395748590762964,-0.010410655941841434,-0.014379983187391608
2002-01-17,-0.025685978171011703,-0.010093957604252135,1.1321874476770253,0.469001916829348,0.530998083170652,-0.014257726074093377,-0.020060702575132705
2002-01-18,-0.02253275730375781,-0.0045709838989727025,1.1448103479341563,0.46624168937042965,0.5337583106295704,-0.017299847635973444,-0.024197730562941874
2002-01-22,-0.013139623267851563,-0.005651734613282167,1.176475783052363,0.45945836282063585,0.5405416371793642,-0.006490494363086283,-0.008946335741880567
2002-01-23,-0.006540610574311989,-0.010301932136711822,1.261771923091595,0.4421312289672026,0.5578687710327975,0.0064580781493859905,0.008565954086862797
2002-01-24,0.0030566687300086492,-0.0017946876850183369,1.2356064712791524,0.44730591579824314,0.5526940842017568,0.005274196447542307,0.007077537816203257
2002-01-25,0.007501187621905991,0.0025170142901491666,1.2299418414376468,0.44844218867847174,0.5515578113215283,0.0044054064309550535,0.005926710305747098
2002-01-28,-0.012796610084873206,-0.001793400365466602,1.2537370117462243,0.4437074932825401,0.5562925067174598,-0.010548157669808522,-0.014040889795259217
2002-01-29,0.01060572141651761,0.01113908098990568,1.2617877151988717,0.4421281419472531,0.5578718580527469,-0.0034494341351506645,-0.004575275714830778
2002-01-30,-0.00046649529590370165,0.0017768301735783254,1.2452196124860926,0.4453907290132378,0.5546092709867623,-0.0026790390761005007,-0.0035796575014780596
2002-01-31,-0.016332174171734604,0.0007095147618367825,1.2471186958950318,0.4450143207062313,0.5549856792937686,-0.017217023296234767,-0.02298546578027182
2002-02-01,0.021347284363801844,0.013824862857511944,1.2371416828300474,0.4469989574978424,0.5530010425021576,0.004243970263364899,0.005691150850127863
2002-02-04,-0.004180242664254985,0.011538418856534172,1.2586120163831813,0.44274979179529284,0.5572502082047072,-0.01870263528715118,-0.024841763638228445
2002-02-05,0.024486944136660194,0.030763998581401886,1.186794016139796,0.4572904409923502,0.5427095590076497,-0.012023585292280738,-0.016494811861848577
2002-02-06,-0.007284330510554438,-0.0023474586799991926,1.0955988232435685,0.47719057145307986,0.5228094285469203,-0.004712457543134422,-0.006746220923870075
2002-02-07,-0.004356811084577639,0.007394999015231107,1.0994887311428925,0.476306438403998,0.523693561596002,-0.012487529168637029,-0.017843671628338623
2002-02-08,0.025333978194638673,0.012679304765405686,1.0814793191935517,0.48042754534185816,0.519572454658142,0.011621572309100178,0.016749970372421725
2002-02-11,-0.008984717112509033,-0.01120261580390236,1.1362240047281031,0.46811570218605386,0.5318842978139462,0.0037439638796312458,0.00525782484141841
2002-02-12,0.015865750675348123,0.0019993538530906907,1.123793382703494,0.4708555964738174,0.5291444035261826,0.01361889004556207,0.01923759178714339
2002-02-13,0.004462289488676774,-0.00432330647745971,1.1233221263125186,0.47096009955712964,0.5290399004428703,0.0093187553136375,0.013166285790777742
2002-02-14,0.005553108878809887,0.0010020651859150576,1.1166892840885574,0.472435896717169,0.5275641032828311,0.004434113423740334,0.006284503054471205
2002-02-15,0.0017671519970861027,-0.004337731923910737,1.1165725735673786,0.4724619474372898,0.5275380525627102,0.006610544494812491,0.009369692176919894
2002-02-19,-0.014994452496292499,-0.017426212452460788,1.115517720336296,0.4726975294922293,0.5273024705077707,0.004444796292772533,0.006303132680069389
2002-02-20,-0.015670510754828837,-0.003069660220296977,1.0953038578702978,0.477257747721811,0.5227422522781889,-0.012308300073186569,-0.017622694713639673
2002-02-21,0.004548551665367606,0.0030791120480646583,1.1056579404924698,0.4749109438763453,0.5250890561236549,0.0011441069797588853,0.0016300467769584217
2002-02-22,-0.004980719239305986,0.0,1.106021243669312,0.4748290184659791,0.5251709815340209,-0.004980719239305986,-0.007094970082962838
2002-02-25,-0.0068259863341398885,-0.0017053205292738571,1.1062146170373235,0.4747854240070917,0.5252145759929082,-0.004939535837923323,-0.00703565885161995
2002-02-26,0.012600299670048276,0.018107234615419188,1.1103649747161586,0.47385168536285943,0.5261483146371405,-0.007505339435881202,-0.010669253222737918
2002-02-27,0.0009049117678661123,-0.005704738949769306,1.0816461776226853,0.4803890357303832,0.5196109642696166,0.007075420847219334,0.01019686379454704
2002-02-28,0.016501002392808717,0.0013500655772622494,1.0635757413358482,0.48459573349735824,0.5154042665026419,0.01506510539562001,0.021901457398216462
2002-03-01,0.01156316798419832,0.004381488842210235,1.0554549060370673,0.4865103082840225,0.5134896917159776,0.006938704089940857,0.010127253197666202
2002-03-04,0.008353508154764766,-0.004362375144190467,1.0598334607308404,0.4854761411853143,0.5145238588146858,0.012976899300838347,0.01889992499136421
2002-03-05,-0.010028342028742032,-0.009100141880504009,1.0306313572729962,0.49245767648488104,0.507542323515119,-0.0006494504510613491,-0.0009594805803651938
2002-03-06,-0.005505416422919018,-0.00170068027210879,1.0151691253337551,0.4962362649509026,0.5037637350490973,-0.0037789383186099656,-0.00562573871012056
2002-03-07,-0.011071682058990562,-0.011584306291258506,1.0475735036436857,0.4883829558355224,0.5116170441644776,0.001063730269824703,0.0015585232001661155
2002-03-08,0.005821769463011606,0.0,1.0435229042018985,0.48935101140476417,0.5106489885952359,0.005821769463011606,0.0085466663246703
2002-03-11,-0.0044523554024789025,0.0034470871387819457,1.0463968041769687,0.4886637811195105,0.5113362188804895,-0.008059376368219861,-0.011814975988678637
2002-03-12,0.0029069792238900494,0.008588113870086955,1.04331414567727,0.4894010067495243,0.5105989932504759,-0.006053121461458836,-0.008887211211645318
2002-03-13,0.007134908338292112,0.0,1.0360121897284038,0.49115619496040247,0.5088438050395974,0.007134908338292112,0.010513063292480406
2002-03-14,-0.006198882784416382,-0.008855606435508534,1.04289635576985,0.48950109347234,0.5104989065276602,0.003036596895307501,0.004459252502063204
2002-03-15,-0.001559360598420545,-0.003780089702802858,1.0367185609504999,0.49098585301511566,0.5090141469848843,0.0023595285585330363,0.003475485426074608
2002-03-18,0.0022311979390250425,0.007588865999827554,1.014121603619815,0.49649435178232654,0.5035056482176736,-0.005464835018375968,-0.008139779160137806
2002-03-19,0.0044523554024789025,0.002396376839530312,1.0070176731868965,0.49825171614563973,0.5017482838543602,0.002039161573456119,0.0030480472604182624
2002-03-20,0.002216257060878135,-0.002390647946160618,1.0014813665270836,0.4996299324710542,0.5003700675289459,0.004610446432884236,0.0069105511197700914
2002-03-21,-0.0050861929064722755,0.002396376839530312,0.9627595513707583,0.5094867577139629,0.49051324228603715,-0.007393327597413754,-0.01130040751897049
2002-03-22,0.007112706008964187,0.015368853099754443,0.9564720522450917,0.5111240913727746,0.48887590862722546,-0.007587172456011284,-0.01163395988300193
2002-03-25,0.009048750415167284,0.00033638112217238003,0.9181025482266928,0.5213485592438795,0.47865144075612065,0.008739918049725468,0.013669631049401849
2002-03-26,0.0015310519338447293,-0.0026899388345219544,0.9031370376953762,0.5254482363555704,0.4745517636444297,0.00396043532443664,0.006243011269276601
2002-03-27,0.0200917247665513,0.018880667526221195,0.8796732068803074,0.5320073703980169,0.467992629601983,0.003482907415719421,0.005558797246729925
2002-03-28,-0.006422652490654879,0.0013236064868533681,0.9058494426451242,0.5247004184192546,0.4752995815807453,-0.007621640689052474,-0.011997234175761148
2002-04-01,0.010773581761291284,0.0019828357283984133,0.8857172666518669,0.5303021920012019,0.46969780799879807,0.009017349919714578,0.01434576128539951
2002-04-02,0.010019171069778121,0.008904952443107073,0.885143469142601,0.5304636046904265,0.4695363953095735,0.0021370105717364463,0.003400818993434593
2002-04-03,-0.016884745699256798,-0.010787799473070403,0.9074844682396459,0.5242506645010152,0.4757493354989848,-0.007094985230961571,-0.011158652165869478
2002-04-04,-0.009016706089163384,-0.004957038895388788,0.9221353686299327,0.5202547210360028,0.4797452789639972,-0.00444564520005113,-0.006938603710132935
2002-04-05,-0.00974871633086627,-0.0033211556948830045,0.9298255316811151,0.5181815576503837,0.48181844234961635,-0.006660620971075917,-0.010354232849132788
2002-04-08,-0.0021877551224785963,0.0013328686716067573,0.9349245308990417,0.5168160225532729,0.48318397744672714,-0.003433886740030573,-0.005324063060643075
2002-04-09,-0.002631020448275012,-0.005657278559172196,0.9300956715061157,0.5181090319837192,0.48189096801628084,0.0026307898521154022,0.0040891079508963086
2002-04-10,0.01538803582075543,0.009705570724694468,0.9614355781947727,0.5098306623561709,0.4901693376438291,0.006056754819348547,0.0092637579638322
2002-04-11,-0.008876356299252208,0.0016572753721233457,0.9760798857285519,0.5060524158067196,0.49394758419328044,-0.010493989455095106,-0.015931526145603357
2002-04-12,0.0021843057873947025,-0.0003309268678888255,0.9167138858101198,0.5217262771471701,0.4782737228528299,0.00248767104237604,0.003893650055117014
2002-04-15,-0.03116818976373592,-0.006951360678874141,0.9292267277145444,0.5183423936825966,0.48165760631740334,-0.024708799626942148,-0.03842285503095853
2002-04-16,-0.010123751306206574,-0.0040000406901041785,0.9887113992661879,0.5028381696655375,0.49716183033446243,-0.006168865478371984,-0.009305823078172466
2002-04-17,0.010227289845135212,0.011044238438300713,0.9560474982943992,0.5112350292474814,0.48876497075251857,-0.0003315266843690271,-0.0005084641625391594
2002-04-18,0.010798617998311721,0.007944368910942634,0.9340866726602665,0.5170399104320057,0.48296008956799436,0.0033778888759036516,0.005239510085539476
2002-04-19,0.0011128676623539668,-0.0072249990378694395,0.928186330914868,0.518622077113019,0.4813779228869809,0.007819013010177452,0.012165338304935852
2002-04-22,0.008892832495317027,0.002315621023149639,0.920746079236282,0.5206310250012929,0.4793689749987071,0.006760733517254889,0.010559542862547027
2002-04-23,0.005949746534472,0.0033003300330032292,0.9261293729554527,0.5191759255846871,0.480824074415313,0.002893213950460671,0.0045062610919348435
2002-04-24,-0.0017524418188167301,0.0009868019505550052,0.9261551778238343,0.5191689701396737,0.48083102986032633,-0.0026663735548099073,-0.004152895237374961
2002-04-25,0.012727585881435077,0.012487737308527924,0.9177687244536797,0.5214393097816697,0.4785606902183302,0.001266731140474776,0.0019815702347043447
2002-04-26,0.0069339255551252865,0.01135994784376626,0.9202654290485619,0.5207613410482905,0.47923865895170953,-0.003520241721287556,-0.005499617398775551
2002-04-29,-0.0023670496995269463,-0.0012836774346900448,0.9126259863674304,0.5228413747003708,0.4771586252996292,-0.0011955323145153315,-0.0018752212764597358
2002-04-30,-0.022433151001754026,-0.0073908040498942285,0.9095492545859064,0.523683794800493,0.4763162051995071,-0.015710850687382233,-0.02468255372253678
2002-05-01,-0.0006620166276439798,0.0006474982550446207,0.9166299867651141,0.5217491153249663,0.4782508846750338,-0.001255532944595965,-0.001965219609312884
2002-05-02,0.003091282049770161,-0.002588218358944183,0.9535580708650131,0.5118864982381668,0.4881135017618332,0.005559298555102387,0.008537189610095582
2002-05-03,0.011886396255332832,0.012650095908149916,0.9925523131430412,0.5018688811349727,0.4981311188650272,-0.0006694856997826876,-0.0010079821172574062
2002-05-06,-0.00021751740139208664,-0.003203074826713559,0.9852962314000833,0.5037031674083084,0.49629683259169155,0.002938460154261258,0.004440335061013506
2002-05-07,0.004786735212523929,0.001285327380444512,1.0059587962836958,0.4985147261512213,0.5014852738487788,0.0034937488280614923,0.005225055720786675
2002-05-08,-0.009961022847707057,-0.01091140510233135,0.9594965972725,0.5103351551576762,0.48966484484232375,0.0005084332194416688,0.0007784140377932441
2002-05-09,0.00940501840860497,0.004218000459050852,0.9641708086372679,0.5091206913383439,0.49087930866165597,0.005338145495169543,0.00815328097489615
2002-05-10,0.00931749152438699,0.004846526655896577,0.9637251353695493,0.5092362377954754,0.49076376220452456,0.004646771966860932,0.00709891402289323
2002-05-13,-0.013310390279646866,-0.0012861540079883715,0.9833523624070887,0.5041968431602105,0.4958031568397894,-0.012045647697472156,-0.01822013262865656
2002-05-14,0.0,-0.010624656296519985,0.990045144494631,0.5025011632356453,0.49749883676435463,0.01051888937829392,0.015857262445619306
2002-05-15,0.006527356767035863,0.004555888284010212,0.9625580865338577,0.5095390586711932,0.4904609413288068,0.0021420496579169735,0.003274373898965897
2002-05-16,0.002810205717201253,0.0035632508663452356,0.97793746282316,0.5055771574156216,0.49442284258437835,-0.0006744307944348336,-0.0010229304117717669
2002-05-17,0.0032334267477793777,0.002582370374660803,0.9603732211454474,0.5101069476024057,0.48989305239759434,0.0007533873928758064,0.001152924430026036
2002-05-20,0.02470998125540147,0.016419851910163485,0.9596466918119511,0.510296067234124,0.48970393276587604,0.008952724689770937,0.013705620600659864
2002-05-21,0.013629703605064769,0.00031667906896348796,1.0005935775940362,0.4998516496302188,0.5001483503697813,0.013312836562501444,0.01996332995107151
2002-05-22,-0.00186187446320063,0.006966473375779714,0.9915385481730921,0.5021243505014427,0.4978756494985573,-0.008769401360107747,-0.013209989886691711
2002-05-23,0.014922285916908029,0.014150943396226356,1.006950215286137,0.4982684634543498,0.5017315365456502,0.0006729904175759617,0.0010059897038552264
2002-05-24,-0.008168258769222558,-0.006511646832606632,1.022848319313953,0.4943524388121938,0.5056475611878063,-0.0015078317505248387,-0.0022362009095712385
2002-05-28,0.0026765517358513513,0.010923845401603849,1.0271517273420268,0.493302985914718,0.5066970140852821,-0.008543894937623298,-0.012644186652213646
2002-05-29,0.012936386788379162,0.004631059056084519,0.9949765357343698,0.5012590284085173,0.4987409715914827,0.008328591691974906,0.012524345338591772
2002-05-30,0.0072977446366453425,0.00030733283771189335,1.0276113716457955,0.4931911578244446,0.5068088421755556,0.006981925917732429,0.010330272381632866
2002-05-31,0.011471153510285381,0.003072196620583778,1.023015199088995,0.4943116593737508,0.5056883406262492,0.00832824967283833,0.012350252746378836
2002-06-03,0.008356509491298514,0.0006125948147970295,1.022482222025795,0.4944419234490783,0.5055580765509216,0.007730142183863367,0.011466319109772785
2002-06-04,0.008879257639415217,0.0033669285118986814,1.0224245176709743,0.4944560309976862,0.5055439690023137,0.005436827379604556,0.008064816262016458
2002-06-05,-0.035204347993954554,-0.02013415445916944,1.029014885210875,0.49285000681306995,0.5071499931869301,-0.014486003354334288,-0.021418280555633426
2002-06-06,0.01074396358290386,0.011519245170726444,1.1289230944294382,0.46972105409378584,0.5302789459062143,-0.002260378320724,-0.0031852418623836577
2002-06-07,-0.0030083967713553372,-0.0009233234798531331,1.1363431699234707,0.4680895906980256,0.5319104093019743,-0.001959184441394258,-0.0027512215298225347
2002-06-10,-0.013679403331030238,-0.01817619773735568,1.14142877092246,0.4669779418202323,0.5330220581797678,0.007067431712363258,0.009901004144983301
2002-06-11,-0.006118648525004433,0.003137746977400102,1.1137271743202886,0.4730979532973881,0.5269020467026119,-0.009613242599876275,-0.013644016195658184
2002-06-12,0.007592797322588218,0.0018766830248007071,1.1141539254479886,0.47300245642620387,0.5269975435737962,0.005501883563684905,0.007807213321781749
2002-06-13,-0.016904217687920498,-0.008117314033799006,1.1244197729705028,0.4707167635715114,0.5292832364284886,-0.007776949284905943,-0.01098222119355212
2002-06-14,0.0041433561926049745,0.004406653581026765,1.1433777266537715,0.46655332261999105,0.533446677380009,-0.0008951133610201091,-0.001252854338116437
2002-06-17,-0.005570445580554861,-0.005327521700139837,1.1486471624696488,0.46540912694600023,0.5345908730539998,0.000548997103306241,0.0007665247876369212
2002-06-18,0.004564281158611294,0.0056711353029639255,1.148757236280679,0.46538528555739367,0.5346147144426062,-0.0019504765585953363,-0.0027231692705846798
2002-06-19,-0.0006195337789196564,0.0018796226910804403,1.1873569953799634,0.45717274414380216,0.5428272558561977,-0.002851316929848929,-0.003910633155728148
2002-06-20,0.0057862939920196865,0.010631721525466764,1.1891648219548325,0.45679520791268785,0.5432047920873122,-0.006856575242885358,-0.00939615214092842
2002-06-21,-0.0030819531884455076,0.00433166412007302,1.178923305590227,0.45894226631768475,0.5410577336823152,-0.008188652971588575,-0.011274356858609712
2002-06-24,0.0024731258246619703,-0.0009242708099370667,1.1799657523828775,0.45872280282702593,0.5412771971729741,0.0035637337263148927,0.004904297770393107
2002-06-25,-0.007195692544723298,-0.012642540056322482,1.1775427305071242,0.45923323845273606,0.5407667615472641,0.00769143859374437,0.010596492761296756
2002-06-26,0.004141640286252413,0.0009368762696198019,1.142997621251099,0.466636075599651,0.5333639244003491,0.003070792938670376,0.0042988282976407916
2002-06-27,0.005568148182384158,-0.0040561241590288954,1.1422678203661079,0.46679504331494026,0.5332049566850597,0.010201328284652407,0.014285788435512738
2002-06-28,-0.008818651569822089,-0.017857180416817275,1.1119915871728203,0.4734867345464345,0.5265132654535655,0.01103838282430596,0.015679583514462227
2002-07-01,0.007034951086947849,0.0015948963317384823,1.0497208493584338,0.48787131199499756,0.5121286880050023,0.0053607551549566795,0.007846075952197985
2002-07-02,0.012944262175586418,-0.003821694926851138,1.043721823889262,0.4893033818550564,0.5106966181449435,0.016933048574987827,0.02485619379857246
2002-07-03,0.0010142220314444117,-0.006074149522479866,1.0237972211947959,0.4941206507881391,0.505879349211861,0.007232919433680995,0.010721804573005894
2002-07-08,0.005065875513131424,0.0038598013206485593,1.015982225243531,0.4960361195045754,0.5039638804954246,0.00114438597838098,0.0017029703397946462
2002-07-09,0.01572582017432622,0.012816404747756804,1.0041533516188872,0.49896381391784905,0.5010361860821508,0.0028561843911620085,0.004275397971200478
2002-07-10,-0.0015879112412795493,-0.00442895877713434,1.0138947801184686,0.49655027157931975,0.5034497284206803,0.0029025869442168336,0.00432384100630037
2002-07-11,0.008349863845459327,0.007944073412858188,1.0115665820972461,0.4971249815441886,0.5028750184558114,0.0003139046552847642,0.00046814953789522246
2002-07-12,-0.0051261874509660466,-0.005044155239411929,0.957762097830205,0.5107872918309654,0.4892127081690346,-0.0002950867470856572,-0.0004521796811972744
2002-07-15,0.010899688524979023,0.012674270984291525,0.9503310952754275,0.5127334545516126,0.48726654544838754,-0.001145065301340311,-0.0017613398629302036
2002-07-16,-0.016271262301389533,-0.007509367492649632,0.9468963495756,0.5136380271183867,0.48636197288161337,-0.00916066963497792,-0.01411580483518011
2002-07-17,-0.00557998287453354,0.0006304592741395165,0.9662033886042306,0.5085943833663518,0.4914056166336482,-0.006189134761584105,-0.00944327753291736
2002-07-18,0.0,-0.001260220240000498,0.9814365211230233,0.5046843486225981,0.4953156513774018,0.0012368261681949102,0.001872620427164497
2002-07-19,0.014629345572982455,0.021766542260203137,0.9789723039132525,0.5053127818022433,0.49468721819775674,-0.0066794964517137845,-0.010125704799161118
2002-07-22,-0.005925381910006355,-0.0009261741235617738,0.9406923164331978,0.5152800325596703,0.4847199674403298,-0.005054137028292544,-0.00781288767749885
2002-07-23,-0.03159148025678149,-0.03368354045394428,0.9433870961225153,0.5145655242824345,0.4854344757175655,0.00018513715919027396,0.00028579559814871647
2002-07-24,-0.004103401852503574,-0.003837582859564259,0.9462435667024974,0.5138103046857033,0.4861896953142968,-0.00047211375995312053,-0.0007277307445434783
2002-07-25,-0.0006181004002524526,-0.005457503072331504,0.9571085598432574,0.5109578592206908,0.4890421407793092,0.004605322505646906,0.007059377185518633
2002-07-26,-0.039167195175127345,-0.020658470460500178,0.9525861752532431,0.512141288652883,0.48785871134711695,-0.019488221812577377,-0.029942169097939796
2002-07-29,-0.0053635742839386324,-0.0029663609577772476,1.006810534631342,0.4983031445884369,0.5016968554115631,-0.0023770108221293816,-0.0035534159021634506
2002-07-30,0.00409837203726604,0.003966982502582539,1.008700197884803,0.497834371228229,0.5021656287717711,9.68760019054828e-05,0.00014468461048716165
2002-07-31,-0.012889455835098595,-0.0016463614748198907,1.0103112164535433,0.49743541786735546,0.5025645821326445,-0.011226118370751062,-0.016752806648348852
2002-08-01,-0.003264388938083118,0.002638482060556502,1.0168284321796714,0.4958279960974459,0.5041720039025541,-0.005947272515052974,-0.008846472640152401
2002-08-02,0.0021834561241091954,0.009868421052631637,1.0145829435261482,0.4963806544741654,0.5036193455258346,-0.00782887555542522,-0.011658307115996299
2002-08-05,0.008714588349299834,0.0026058234298655947,0.9986501365975329,0.500337693770848,0.499662306229152,0.006112282425115507,0.009174615876775136
2002-08-06,-0.004319650201332403,-0.0074723453027417674,1.0030742239611001,0.4992326235532549,0.5007673764467452,0.0031756667643846664,0.004756189350943901
2002-08-07,0.013448979615056977,0.02880519735832654,0.9951239665608916,0.5012219875859427,0.4987780124140573,-0.015215762637730248,-0.02287942437575724
2002-08-08,-0.007919456977183104,-0.01240850794767867,0.9207839196412225,0.5206207683094239,0.4793792316905761,0.0035060976077797255,0.005476041690990339
2002-08-09,0.006903902142938012,0.012242327272126596,0.91122400241612,0.5232249065184541,0.47677509348154595,-0.004251600312857205,-0.006673629528745621
2002-08-12,-0.016498750230908965,-0.00031828803192324173,0.9194957355586505,0.5209701597534208,0.4790298402465793,-0.01620608574287619,-0.025328661235331524
2002-08-13,-0.002832246407826866,0.0003183893714495678,0.9195805466907035,0.5209471421889373,0.47905285781106266,-0.0031250310800849694,-0.004883928031265618
2002-08-14,-0.02665506088607117,-0.007638524254674706,0.9196155509814357,0.5209376426903466,0.47906235730965335,-0.01963055519492343,-0.03067888544383844
2002-08-15,0.005611693781272686,0.008017960544822067,0.9423731322159999,0.5148341394421615,0.48516586055783856,-0.0019442168113355902,-0.0030028475668588232
2002-08-16,0.0022320875004695484,-0.001908926532738886,0.9143505004773288,0.5223703808423054,0.47762961915769475,0.003977515431053801,0.006233208751577161
2002-08-19,-0.01959907019935403,-0.024545782299649765,0.912017741480694,0.5230076993038703,0.47699230069612975,0.002787118736449344,0.004373053674111244
2002-08-20,0.00726943780335132,0.008823569304023726,0.9061500483288086,0.5246176715609228,0.4753823284390772,-0.000726039947922372,-0.0011426801608177446
2002-08-21,-0.0038340546472157566,-0.003563349724709064,0.8996566087474734,0.5264109288990623,0.4735890711009377,-0.0006282635181027569,-0.0009921743464735957
2002-08-22,0.010187928041523797,-0.0032509752280807103,0.8983093753972123,0.5267845236189463,0.4732154763810537,0.01310830956809279,0.02071576383383231
2002-08-23,-0.009412778552201795,0.00032617776100707374,0.9043961909845244,0.5251008192171532,0.47489918078284676,-0.009707772476840452,-0.015292677841087962
2002-08-26,0.0033936348929144433,0.008803330883568883,0.8945196328378363,0.5278382882219497,0.47216171177805044,-0.004481117416805579,-0.007095916039824664
2002-08-27,0.014656157397765712,0.009372960419173904,0.8879472232474714,0.5296758233950486,0.47032417660495146,0.006333463219951789,0.010064047037910659
2002-08-28,-0.0011111365424262276,-0.00928592382272797,0.8936835696178288,0.5280713293624941,0.47192867063750593,0.007187541006668539,0.011386603002716685
2002-08-29,0.007119035742950475,0.01131221741772559,0.8811816247684366,0.5315807824367276,0.4684192175632724,-0.002849082380934769,-0.004543552323852
2002-08-30,-0.019880749629732297,-0.001597954649259048,0.8739738322072405,0.5336253808956128,0.46637461910438716,-0.01848417908122599,-0.029590881308285813
2002-09-03,0.0038314625059496787,0.0032010243903248803,0.8271805903055367,0.547291277778286,0.45270872222171404,0.0011836372611783237,0.0019433830472888264
2002-09-04,0.002469725283342772,0.004786215791999782,0.8237557327055286,0.5483190440841039,0.4516809559158961,-0.00147294741328278,-0.0024229353529121025
2002-09-05,0.011198143827324536,0.010479575657380558,0.8236004217843341,0.5483657428755869,0.45163425712441313,0.0025671608957850683,0.0042232292750950095
2002-09-06,-0.000664403687920978,0.005342494105082141,0.838165202996402,0.544020743276989,0.455979256723011,-0.005142296344014231,-0.008392547637663495
2002-09-09,0.014849271058458013,0.0043763486189292156,0.8386038036557756,0.5438909666191578,0.4561090333808422,0.011179248460500273,0.018240876753771677
2002-09-10,-0.004804506657860919,-0.010581991987734463,0.8451530746084963,0.5419604550761619,0.4580395449238381,0.0041388964060553365,0.006729354539216522
2002-09-11,-0.003291714460251116,-0.0040892979488136305,0.8243104952669593,0.5481523033466217,0.45184769665337826,7.91367572296085e-05,0.00013013698726437734
2002-09-12,0.009907546919434518,0.007264648605902924,0.822588625514193,0.5486701639641132,0.4513298360358868,0.003931729607861234,0.006471668185823344
2002-09-13,-0.007194243108574971,-0.007212254114107419,0.8279926189403382,0.5470481607194267,0.4529518392805732,-0.001222549936171941,-0.0020063810819115364
2002-09-16,-0.0010979610342152224,0.0015792798179432577,0.82771256266927,0.5471319836744772,0.45286801632552276,-0.002405150779496894,-0.003947804751067053
2002-09-17,0.006155277221753019,-0.0003153771731022603,0.8277130294561595,0.5471318439402669,0.4528681560597331,0.006416319017122811,0.010531717365442214
2002-09-18,0.009176276075891776,0.011356486130964072,0.831440165478548,0.5460183842471884,0.4539816157528117,-0.0002659626320918283,-0.0004356614599347261
2002-09-19,0.004329937455770816,0.006238303062771067,0.8365879498504993,0.5444879457482019,0.45551205425179814,-0.000888951714058922,-0.0014520704779718563
2002-09-20,-0.002155583568925201,-0.002169907606283883,0.8368747803588973,0.5444029232110287,0.45559707678897127,-0.00033964261751727605,-0.0005547073014703511
2002-09-23,-0.00043213043808343343,0.003417229339461647,0.8452684921187588,0.5419265566344702,0.4580734433655298,-0.003320606729074162,-0.0053985749118732355
2002-09-24,0.00475476842325917,0.008978309277041463,0.8434077588555892,0.5424735765573715,0.45752642344262856,-0.0028176072824027147,-0.004585432499457288
2002-09-25,-0.01505703788644941,-0.011353119848870996,0.8478074682618055,0.5411819235370228,0.4588180764629773,-0.005431778090505237,-0.008818740345737642
2002-09-26,-0.01616070797249025,-0.005897033960512776,0.8791195158943711,0.5321641287536987,0.4678358712463014,-0.010976510331911594,-0.017523915172613112
2002-09-27,-0.003995588330244382,-0.0018731676828077637,0.8878317392438718,0.5297082251623375,0.47029177483766255,-0.0023325306085217514,-0.0037066819463306526
2002-09-30,0.009583289806577522,0.01313725845819902,0.900734107858133,0.5261125140364125,0.4738874859635875,-0.002249886970470084,-0.0035510810709953496
2002-10-01,-0.013245125129748625,-0.009262118112168816,0.9092719148503094,0.5237598648060572,0.4762401351939428,-0.004823341258327153,-0.007578817696124724
2002-10-02,0.0,0.001869760408001575,0.9117404188672905,0.5230835683186014,0.4769164316813986,-0.0017047361375728321,-0.0026751583856498016
2002-10-03,0.0,-0.0012441489781784831,0.8991297818501657,0.5265569575902193,0.47344304240978075,0.0011186513993387262,0.001767101032319523
2002-10-04,0.0011185938871607348,0.003114294553073327,0.901910523367966,0.5257870902513159,0.47421290974868424,-0.001690221143123635,-0.0026660893701726867
2002-10-07,-0.008268090109970871,-0.0006209630650145792,0.8977935878229053,0.5269276945693401,0.47307230543065987,-0.007710593451925925,-0.012188775694154332
2002-10-08,-0.017350188741765638,-0.011494196208785779,0.900247002530517,0.5262473766138414,0.47375262338615876,-0.007002573058308608,-0.01105525710444501
2002-10-09,-0.005274074754419544,0.004399729235627703,0.9050268965977742,0.5249269717849759,0.4750730282150242,-0.009255948050410183,-0.014576090343302605
2002-10-10,-0.014983877341385399,-0.009699643442783845,0.8911643458902084,0.5287747742141787,0.47122522578582127,-0.006339900937328684,-0.0100571390600287
2002-10-11,0.008191042870709486,-0.000631950101204537,0.8977233276855129,0.5269472032151349,0.47305279678486506,0.00875835921849402,0.013845578684816756
2002-10-14,-0.0023213158491569574,0.004742333410969968,0.8972855251321524,0.5270687973705732,0.4729312026294268,-0.006576542974170896,-0.010398871788756441
2002-10-15,0.0030246653957666236,-0.016362435145342635,0.9034704198458934,0.5253562070488917,0.4746437929511083,0.017807641546230536,0.02806606505764181
2002-10-16,0.010902327244137755,0.004478547246159703,0.8480400322793924,0.5411138192534657,0.4588861807465343,0.0071043398929396965,0.011532769478230068
2002-10-17,-0.005736489139097745,-0.007643292663963019,0.8496799824252868,0.54063406075726,0.45936593924274005,0.0007578636372896769,0.0012291806871845556
2002-10-18,0.004384964828721527,0.003530186399130608,0.846237886575567,0.541642010095902,0.458357989904098,0.0013975873511034302,0.002270976066408808
2002-10-21,-0.0018383210950249085,-0.0057563742893465,0.8555738989948286,0.5389168281261684,0.46108317187383174,0.0030866824997848622,0.00499039542664983
2002-10-22,0.013812141960485746,0.006754603231722278,0.7528001559317674,0.5705156954806477,0.4294843045193523,0.008727275594387995,0.014937143116150653
2002-10-23,-0.0011352492789786783,-0.0031948881789137795,0.7658438560348394,0.5663014861605468,0.43369851383945335,0.0013115362035607766,0.002228174703689487
2002-10-24,-0.010229614588983527,-0.004166627541566492,0.7617894883654295,0.5676047034017611,0.43239529659823894,-0.007055521525884281,-0.012014241609132864
2002-10-25,0.010335341145548238,0.008689995440534615,0.7629383616768133,0.5672348062406749,0.4327651937593251,0.003705410261167782,0.0063055130146071475
2002-10-28,0.001136539534665859,0.005743517375885521,0.7738745020932006,0.5637377383912919,0.43626226160870807,-0.0033082221148611948,-0.00559490895938372
2002-10-29,0.022252509972815693,0.00793147177404907,0.7806206926474522,0.5616019201221265,0.4383980798778735,0.016061038982843792,0.027059730995764197
2002-10-30,-0.005108788145120391,-0.003777186531076504,0.8055287289750006,0.5538543829029519,0.44614561709704814,-0.002066155879640843,-0.0034330484690993533
2002-10-31,0.004465278079416324,0.004739336492890933,0.8114928016717657,0.5520308990889358,0.44796910091106423,0.0006193406307350201,0.0010256854956808854
2002-11-01,-0.003334044508545575,0.002515684883549474,0.8850613608906513,0.5304867102721373,0.46951328972786255,-0.005560579995151912,-0.008849441366499585
2002-11-04,-0.0006691033143584324,-0.001568381490418047,0.8966509147943573,0.5272451520729233,0.4727548479270767,0.0007371873837714472,0.0011660354227884513
2002-11-05,0.001785292813773376,-0.00031409233355839117,0.907195602871307,0.5243300679251187,0.4756699320748814,0.002070235997673136,0.003256460943842944
2002-11-06,-0.0026731137233824143,-0.0021999125712660605,0.9040781679058003,0.5251885226434005,0.47481147735659945,-0.0006842207963992557,-0.0010780347276684484
2002-11-07,0.014965358213644864,0.009448818897637823,0.9042699541370459,0.5251356289204111,0.4748643710795889,0.006421075182428657,0.01011580606280975
2002-11-08,-0.0039612951795059415,0.0024960617565328302,0.8758458220498012,0.533092852432438,0.466907147567562,-0.006147460440543508,-0.009831501664394733
2002-11-11,0.008837817421729177,-0.0003111596319198551,0.8750888379067823,0.5333080650815083,0.4666919349184917,0.009110109742429425,0.014575484998245703
2002-11-12,0.006132255370840722,0.010273934207828406,0.8758979155120378,0.5330780485072631,0.4669219514927368,-0.0028666621859039978,-0.004584464051373806
2002-11-13,-0.008707001098988254,-0.017873614153986916,0.884611308623881,0.5306133924932177,0.4693866075067823,0.007104200107608434,0.01130875116014638
2002-11-14,0.00043924723808252963,-0.002510255035783171,0.8411658989431737,0.5431341089762733,0.4568658910237266,0.0025507881718337096,0.004156260182688357
2002-11-15,0.003731281970773326,0.008807858962899484,0.8373682878163314,0.5442566994494481,0.455743300550552,-0.003644139808317544,-0.005950042513221751
2002-11-18,-0.008309667000198973,-0.004677268297176296,0.8445456037399623,0.5421389408710854,0.45786105912891456,-0.004359500622306433,-0.007090365150312139
2002-11-19,0.0022051222091092892,-0.0018797182975245352,0.8506839594309383,0.5403407723420736,0.45965922765792644,0.0038041684130622434,0.006166641895300119
2002-11-20,-0.002640282447063158,-0.0037665165851922255,0.858512357779368,0.5380647569085006,0.4619352430914993,0.000593318587105313,0.0009577314640203454
2002-11-21,-0.014780479235545818,0.0,0.837330192653145,0.544267984055701,0.45573201594429896,-0.014780479235545818,-0.024133624910723014
2002-11-22,0.016793508266867763,0.010397033314446524,0.8627134033970175,0.5368512397969043,0.4631487602030957,0.007823848270929428,0.012600727932693987
2002-11-25,-0.015415039975671951,-0.009042794835287915,0.9002431408472882,0.5262484460562852,0.4737515539437149,-0.007274325951114723,-0.011484308183643096
2002-11-26,-0.00849924069738306,-0.00031458650024440704,0.9107435262551478,0.5233564768160658,0.4766435231839342,-0.008212733078838201,-0.012894561147514565
2002-11-27,-0.004286048506589757,-0.002832937927229273,0.9112716551763614,0.52321186121903,0.47678813878097015,-0.0017044724726316463,-0.002675400644406618
2002-12-02,0.0018123916948233898,0.002525310421001903,0.9153502021111777,0.5220977338231718,0.4779022661768282,-0.0004991517094341653,-0.0007818179289886197
2002-12-03,0.02487565247003154,0.008186417045181749,0.9081096975478977,0.5240788835595223,0.4759211164404777,0.01744148776313059,0.027422146303555647
2002-12-04,0.005957623570737924,0.006246095951760511,0.9689283313866981,0.5078905026958037,0.49210949730419634,-9.43957574825972e-05,-0.00014382812616056152
2002-12-05,0.013818864217612692,0.008069445957273436,0.9526503801726244,0.5121244489817962,0.4878755510182039,0.0061315034586337065,0.009420278490548295
2002-12-06,0.002163511807496521,0.004618226774553147,0.9908586269996457,0.5022958368003586,0.4977041631996414,-0.0024124980335102127,-0.003635363155563694
2002-12-09,-0.006908476912928174,-0.0015323322669482664,0.9888886019217771,0.502793368634997,0.4972066313650029,-0.005393170999786076,-0.008134951843821047
2002-12-10,0.0017391080802235948,-0.007059508530216085,0.9853377025045531,0.5036926457088258,0.49630735429117423,0.008695107996198007,0.013138985853986823
2002-12-11,0.005642366321056302,0.004018509406394921,0.9615624233388654,0.5097976939718564,0.4902023060281436,0.0017783186780331766,0.00271974828362518
2002-12-12,0.023737621424209987,0.020320216599646335,0.9650900718374542,0.5088825262166999,0.4911174737833001,0.0041267821263046775,0.0063001419407395474
2002-12-13,-0.008431695237528514,0.005431558067889197,0.9933223295196588,0.5016750102031794,0.4983249897968207,-0.013826983150445508,-0.02080995573923682
2002-12-16,-0.0004251392523652031,0.01140452477116849,0.9789053109412423,0.5053298884343093,0.4946701115656908,-0.011589089119622994,-0.017568939335623066
2002-12-17,-0.013185936366884254,0.0011869255088556852,0.9432072420384812,0.5146131500369311,0.4853868499630689,-0.014305453102597145,-0.022085322851499316
2002-12-18,0.00538795174284501,0.013930089780835209,0.9418549607643671,0.514971519606373,0.485028480393627,-0.007732172421127647,-0.011945545744699781
2002-12-19,0.012861724173671263,0.011107827317076824,0.9163334394469335,0.521829854562579,0.4781701454374211,0.0026832505634316536,0.004200600753811498
2002-12-20,-0.020105776107743223,-0.015611431025640332,0.9331979267236227,0.5172776083485651,0.482722391651435,-0.005537221041426827,-0.00859284137161986
2002-12-23,0.004967551386669156,0.013509562712233913,0.943063128121316,0.5146513180798542,0.48534868192014574,-0.007772819084281249,-0.012000874760764772
2002-12-24,0.0008597006286503728,0.004926055228591242,0.8986224535035231,0.5266976581651094,0.4733023418348905,-0.003566963206960147,-0.005636133503601054
2002-12-26,0.009233357057440772,0.006055381134469018,0.8940283366668025,0.5279752053550824,0.4720247946449177,0.003819674733907901,0.006050080656073931
2002-12-27,0.0025532094490055,0.0008598977236895511,0.9056004651716084,0.5247689734951577,0.4752310265048422,0.0017744856704322355,0.0027935850712637734
2002-12-30,-0.010611144955665841,-0.016609444753135305,0.8911859856441726,0.5287687237484375,0.4712312762515625,0.004190959437659477,0.006648144819398016
2002-12-31,0.029815515576833374,0.012230670593131432,0.8693862791949811,0.5349349201549894,0.46506507984501055,0.019182338377811366,0.030783907945561545
2003-01-02,0.002291122535824197,-0.004315304872443804,0.9263163304632769,0.5191255372680671,0.48087446273193296,0.00628845991009664,0.009793500388252857
2003-01-03,0.016625187843823053,0.014735642917007796,0.9179932427282165,0.5213782706437313,0.4786217293562686,0.0030979672187539907,0.004845638373074775
2003-01-06,0.001430901307968524,0.00142369015552668,0.9237166376145733,0.5198270787115556,0.48017292128844435,0.00011581502450045008,0.0001806113575709284
2003-01-07,-0.019391766436816726,-0.012510731479509873,0.8992909981233773,0.5265122622010344,0.4734877377989656,-0.008140978237354735,-0.012858974604837092
2003-01-08,0.010824322824718235,0.01900376140367155,0.9365602151919159,0.5163795022510563,0.4836204977489437,-0.006973844044960216,-0.010803450350139146
2003-01-09,-0.002471186996564123,-0.0016954114548278776,0.8885151291927238,0.5295165416161988,0.4704834583838012,-0.0009647882687429075,-0.0015326140423698722
2003-01-10,0.0030966853319609466,0.003396581512860042,0.8947439363247047,0.5277758016947303,0.47222419830526974,5.761461909683206e-05,9.122280534950081e-05
2003-01-13,-0.0063799415548208005,0.0005642093287199224,0.899419159860608,0.5264767362215018,0.4735232637784981,-0.006887402235243591,-0.010878171149567167
2003-01-14,-0.015534441805225674,-0.007612100688215717,0.9860932312358657,0.5035010362417581,0.49649896375824193,-0.00802820084109028,-0.012126622327937733
2003-01-15,0.003155973913103738,-0.0036931471391157267,1.0009534728565666,0.4997617453705195,0.5002382546294806,0.006852642367771918,0.01027406553035299
2003-01-16,0.011535198591970275,0.01996007914555653,0.9960641584400985,0.5009859005641826,0.4990140994358174,-0.008346320844546253,-0.012544167194107843
2003-01-17,-0.005183515572198649,-0.0030752196420920086,0.961778680710399,0.5097414962415027,0.4902585037584973,-0.002225834881932692,-0.003403801209308697
2003-01-21,0.002084249515634573,0.0019629323541008326,0.9721823598780458,0.5070525020119525,0.49294749798804754,0.00017592130734385794,0.00026760401713775027
2003-01-22,0.005823601792582345,0.00671711305921785,0.9635940662659777,0.509270229106786,0.490729770893214,-0.0006489684937176837,-0.0009915010004360701
2003-01-23,-0.012613703625589334,0.013344419321859924,0.967115759725894,0.5083584913880941,0.491641508611906,-0.025519301856150794,-0.03891886137861062
2003-01-24,0.020942387986460087,0.01015092512217075,0.8947656138353873,0.5277697635518086,0.4722302364481913,0.01185968923852392,0.018777556155641098
2003-01-27,-0.01025644938151038,0.003259048478190696,0.912407900597635,0.5229009981016581,0.4770990018983418,-0.01323003096144227,-0.02075398918396201
2003-01-28,0.008290147862020314,0.001624272099159274,0.913164278033913,0.5226942670222039,0.47730573297779616,0.0068069206032609075,0.010673815126199394
2003-01-29,-0.01336065435587086,-0.010000032991976382,0.8909654649485484,0.5288303877232412,0.47116961227675874,-0.004450970311673798,-0.007061425067001272
2003-01-30,0.013124942258002648,0.006279056476100164,0.9000236764469098,0.5263092309828602,0.47369076901713975,0.0074736427637651995,0.011800341526913637
2003-01-31,-0.002056292868033882,-0.0008139400585430723,0.9068751665985115,0.5244181777162699,0.4755818222837301,-0.0013181508418414313,-0.002073786787300951
2003-02-03,-0.005151472186776362,0.006787944835353388,0.9072628889205494,0.5243115701611373,0.4756884298388627,-0.0113099226279324,-0.01778976987435664
2003-02-04,0.017191322511987517,0.02211438100588503,0.898558578899568,0.5267153782421685,0.4732846217578314,-0.002679744257904137,-0.004234387531182767
2003-02-05,-0.030543601181965863,-0.006860174415608489,0.8938958037750301,0.5280121525200796,0.47198784747992034,-0.024411320058688617,-0.03866842095013431
2003-02-06,-0.018483573756670424,-0.016737481124139864,0.9423190141902179,0.5148484840513777,0.4851515159486224,-0.002711527043743566,-0.004188076763807065
2003-02-07,-0.005777862449057314,-0.0005404274621257921,0.9358346780608954,0.5165730376323712,0.4834269623676289,-0.005272111689023556,-0.008170292249808088
2003-02-10,-0.010761884391516374,-0.01676123760950421,0.9379657899044551,0.5160049806912751,0.4839950193087249,0.004959583082658502,0.00767750871841192
2003-02-11,-0.0065274605175010825,-0.0032994560537660256,0.9195320491342539,0.5209603040756832,0.47903969592431694,-0.00349350493135319,-0.005459932173982969
2003-02-12,-0.013797679016533282,-0.027310327990301753,0.9236062220859972,0.5198569169294847,0.4801430830705154,0.011426309842518783,0.017820138619838524
2003-02-13,0.005773933853798541,0.013613124531709708,0.8901337741442071,0.5290630820312009,0.47093691796879916,-0.006343568063507315,-0.01006844301226163
2003-02-14,0.0004416718844313383,-0.015388920240421156,0.8842947029824954,0.5307025479704327,0.46929745202956724,0.014050012537655875,0.02236913235825149
2003-02-18,0.004414032293166725,-0.02188116460075351,0.843570507343312,0.5424256875540149,0.4575743124459851,0.022872337416686882,0.0372196300476414
2003-02-19,0.015820704203909797,0.01656008566909839,0.7570497408108615,0.5691358512926957,0.43086414870730433,0.0032838956403131985,0.005606948222418074
2003-02-20,0.008003396342948887,0.009145505181054503,0.7682499640570987,0.5655309036204278,0.4344690963795722,0.0009773623163197558,0.0016581857817385987
2003-02-21,0.000643832510226483,-0.0036817283717796023,0.7711257246602307,0.5646126562764696,0.4353873437235304,0.00348290796891716,0.005899481759690404
2003-02-24,0.01072264909980758,0.012791359170393646,0.7641871673147653,0.5668332808032384,0.43316671919676164,0.0009476565692787126,0.001611489846716982
2003-02-25,-0.015489063653867818,-0.011226494911709683,0.7550611966898221,0.5697807015995086,0.4302192984004914,-0.007012372971200106,-0.011986544374223482
2003-02-26,0.003232832705686084,0.004825467686448759,0.7546081973310038,0.5699278058321711,0.430072194167829,-0.0004085047664640234,-0.0006984546756684746
2003-02-27,-0.020193412518004328,-0.022316366939221344,0.7523712462656076,0.5706553346678399,0.4293446653321601,-0.0034032197118217637,-0.005826196450793512
2003-02-28,0.005262040896550024,0.011846304626441873,0.7604410277923,0.5680394765930107,0.4319605234069892,-0.003746375169122112,-0.006384266970567529
2003-03-03,0.0157033862821907,-0.002855511036958025,0.7562063518651504,0.5694091693370578,0.4305908306629421,0.017862741866159403,0.030513627024276332
2003-03-04,0.0,0.01145475332236967,0.7291071895173993,0.5783331456039483,0.42166685439605167,-0.008351743001488042,-0.014490269403979022
2003-03-05,-0.00751553509227576,-0.0002831429786502859,0.7181044073473034,0.5820368050530568,0.4179631949469433,-0.007312208871397547,-0.012767924068166538
2003-03-06,0.00843780953276041,0.010478565917578786,0.7121354388291057,0.5840659432199357,0.4159340567800644,0.0009756513947457301,0.001709534256378032
2003-03-07,0.0032182673347094237,-0.01681614407308074,0.7144105115718905,0.5832908706813345,0.41670912931866555,0.01523189742462565,0.026653880132816013
2003-03-10,-0.001710841916350958,0.011117515820337376,0.6768108565633206,0.5963701845594757,0.40362981544052434,-0.009235297321569766,-0.01652296790437858
2003-03-11,0.0021421918531945305,-0.011841026395510212,0.6741644684565522,0.5973128798521935,0.4026871201478065,0.010124991119103676,0.0181433628114891
2003-03-12,-0.011757124551640019,-0.011412268188302432,0.6557306669099686,0.603962963291768,0.3960370367082319,-0.0042737503215690455,-0.007743560725751964
2003-03-13,-0.020549483895735743,-0.030591648206394262,0.6346438123686086,0.6117540668085937,0.3882459331914064,-0.0011346836513903835,-0.002082442014837864
2003-03-14,-0.0002208320555894261,0.0017862641096102472,0.6418412254768899,0.6090722930346323,0.39092770696536777,-0.0013673300007270527,-0.0024984084566336143
2003-03-17,-0.019438882631593435,0.001783079059481718,0.650644818341313,0.6058238507087624,0.3941761492912375,-0.020599033782338117,-0.037438157900687885
2003-03-18,0.002928590012222232,0.0014832393679828915,0.648477655862906,0.6066202938471397,0.39337970615286033,0.0019667424237891085,0.003579197601121753
2003-03-19,-0.009658629804399355,-0.0044431278817573805,0.6536982590262883,0.6047052384204653,0.39529476157953475,-0.006754164843463395,-0.012252836585992972
2003-03-20,-0.00022679236537082037,-0.009521012046770583,0.6482972411224777,0.6066866916060648,0.39331330839393525,0.005945653477244422,0.010821446512636541
2003-03-21,-0.014065289911151191,-0.020726927074170898,0.6244626730243069,0.6155881674635666,0.38441183253643346,-0.0011220976268345555,-0.0020722500654548996
2003-03-24,0.0029912588270004647,0.010736196319018454,0.6305457516893636,0.6132915920721191,0.38670840792788086,-0.0037784041512596046,-0.00695179049225372
2003-03-25,0.00619406954186652,-0.0033384100258441185,0.6274020983551792,0.6144762877046204,0.3855237122953797,0.008288594997251089,0.015279435252593811
2003-03-26,0.0011399082137426575,0.005785608805715325,0.6202143167620751,0.617202298272771,0.3827977017272291,-0.0024484091987467182,-0.004533491353736005
2003-03-27,-0.0011386103025065042,-0.00484400740256874,0.6182577834946253,0.6179485185855256,0.38205148141447437,0.001856234977437202,0.0034411729633618666
2003-03-28,0.00980386294617741,0.0,0.6175099624222224,0.618234213842182,0.38176578615781803,0.00980386294617741,0.018183250503439472
2003-03-31,0.007225122051581989,0.021904415643642317,0.5830521690507577,0.6316911214616685,0.3683088785383315,-0.005546295001233013,-0.010510635927858385
2003-04-01,-0.006276592276435178,-0.00476334067457207,0.5735407360859174,0.6355094450795322,0.3644905549204678,-0.003544622359713123,-0.006757922966513366
2003-04-02,-0.007895403464141748,-0.014059173978683503,0.5584548617241197,0.6416611892715963,0.35833881072840357,-4.39894039207106e-05,-8.467887970533411e-05
2003-04-03,0.002501172577113131,-0.014259745509698663,0.5563094050677384,0.6425457539122659,0.3574542460877341,0.010434003118030949,0.020112973199394382
2003-04-04,0.00045358473074164074,0.0012311292828519615,0.5245314795776909,0.6559392268351252,0.34406077316487477,-0.0001921813335441201,-0.0003781778260112202
2003-04-07,0.001813732543310742,-0.011681487659283896,0.5206883014432621,0.6575969572797496,0.34240304272025024,0.007896146510953701,0.015577445759514797
2003-04-08,0.012446215543552741,0.0021773319036741956,0.5103126442733354,0.6621145653462599,0.33788543465374005,0.011335095542328068,0.022515395574500628
2003-04-09,0.0011175937564813498,0.010552432550187785,0.5143101551704755,0.6603667000353858,0.3396332999646141,-0.004309629465831706,-0.00853780736617964
2003-04-10,0.0015628420047644198,0.003378397060489924,0.5105114841937723,0.6620274062555339,0.3379725937444661,-0.00016186849278216893,-0.0003214841352932149
2003-04-11,0.0006686987341599782,0.0036730383979681758,0.5024451225950805,0.6655817140746957,0.33441828592530426,-0.00117680149400358,-0.002349772666513696
2003-04-14,0.010024521688974497,-0.01128387239501194,0.5035993591439899,0.6650707809354929,0.33492921906450707,0.015707072595765068,0.031338945112427866
2003-04-15,-0.0033083076203396233,0.0021591044512550006,0.4799810744703916,0.6756843160023841,0.32431568399761596,-0.004344636894746803,-0.008806809025517148
2003-04-16,-0.008408963567700045,0.0027700643687027515,0.47752894871662965,0.6768056902496512,0.3231943097503488,-0.009731749493564064,-0.01975951029998496
2003-04-17,-0.003347437327464453,0.0042971898910939554,0.47216872599914367,0.6792699656904556,0.32073003430954444,-0.005376436003718685,-0.010956154499348763
2003-04-21,0.014554423657528792,0.019254240702724967,0.4657009282394029,0.6822674262758351,0.3177325737241648,0.005587705889724882,0.011436929148506764
2003-04-22,0.01368346853716762,0.0026986323732665074,0.5119977325175858,0.6613766532142397,0.3386233467857604,0.012301774881156618,0.024408320098483094
2003-04-23,0.006531724413658013,-0.008672230709974471,0.4962989852911666,0.6683156306527929,0.3316843693472072,0.010835743715229237,0.021725090683906392
2003-04-24,0.004326190849966549,0.009954714307597978,0.4941652724415514,0.6692700054298163,0.33072999457018376,-0.0005930832579254157,-0.0011907985057562267
2003-04-25,-0.002799916237696376,-0.004181582877924361,0.49037766828257134,0.6709708695194988,0.32902913048050125,-0.0007493613762895035,-0.0015083989626998905
2003-04-28,-0.011231111121181137,0.0032993584992599967,0.4821486745323688,0.6746961470079976,0.3253038529920023,-0.012821892448406449,-0.025952644296872315
2003-04-29,-0.006553125678982585,-0.0023915928040919576,0.4655981795844925,0.6823152579812204,0.3176847420187796,-0.005439604423089998,-0.011134575285769319
2003-04-30,0.019788952370487722,0.016182180698075976,0.4662287293305498,0.6820218291975356,0.3179781708024643,0.01224435482582641,0.0250527518269614
2003-05-01,0.026520082935532097,0.008846947643770253,0.49900634603701244,0.6671085833917535,0.3328914166082465,0.022105399918233546,0.0442401060742829
2003-05-02,0.004830868038901315,-0.003215451867553565,0.5094698910269492,0.6624842310167991,0.33751576898320085,0.006469043951466229,0.01285691882280294
2003-05-05,0.0037625681827808677,0.0038122809177969508,0.4907250293180896,0.6708145233580973,0.3291854766419026,0.0018917865176261656,0.003807113613350013
2003-05-06,-0.0031236706252822932,0.0005843184755012221,0.469841417041121,0.680345504219809,0.319654495780191,-0.003398207645815095,-0.006935865882707042
2003-05-07,-0.012116165775166166,-0.001751842638001877,0.46939420133621423,0.680552569957494,0.319447430042506,-0.011293860999234549,-0.02305819838331535
2003-05-08,0.012687659466684487,0.01901140718349348,0.4625398151848468,0.6837420695269157,0.3162579304730843,0.0038941267016275437,0.007987734749912514
2003-05-09,-0.0004175934489804023,0.0005740878603190946,0.46756448723470306,0.6814010618942383,0.3185989381057617,-0.0006860165450181675,-0.0014023572067571877
2003-05-12,0.015458508245836056,0.008605851828669131,0.4595829968246206,0.6851271919277895,0.3148728080722105,0.011503405072187655,0.023643886844147456
2003-05-13,-0.009668778182537308,-0.0045506429912989255,0.4750330252311347,0.677950922382434,0.32204907761756585,-0.007507072475633718,-0.015268280127742985
2003-05-14,0.010386313367387379,0.006571393694196459,0.4944259397303498,0.6691532670936087,0.33084673290639127,0.0071372458647961995,0.014327734165436175
2003-05-15,-0.018914475860951407,0.0008515989808184354,0.547152015934469,0.6463488976524437,0.35365110234755637,-0.019380429960073952,-0.03757955862217258
2003-05-16,0.0020956054538101565,0.005955774438923589,0.5301674229810901,0.6535232582927352,0.3464767417072647,-0.0010619521323306106,-0.0020820312530148545
2003-05-19,0.006273469795976094,0.026783196146198618,0.5249875592650358,0.6557430543774059,0.344256945622594,-0.007787374978133432,-0.015319551161230202
2003-05-20,-0.00997503343161743,0.0057659953749362725,0.49597998923570347,0.6684581392769166,0.33154186072308345,-0.01283485175561144,-0.025738683367353264
2003-05-21,-0.00986564482317387,0.015561049404819727,0.4788144747787889,0.6762173464319022,0.32378265356809766,-0.017316500520949414,-0.035129154095289196
2003-05-22,-0.013355989416378389,-0.010483854560441874,0.42534719369714585,0.7015834488761603,0.29841655112383975,-0.008896711299965412,-0.018725356192455724
2003-05-23,-0.0032230053959239058,0.0019016073834463576,0.4384354626586886,0.6951997680533267,0.3048002319466733,-0.004056737508880388,-0.008460728925680628
2003-05-27,-0.004311269926633443,-0.0027114968359526204,0.4019549446308049,0.7132896844009086,0.2867103155990915,-0.003221370366071505,-0.006893310755260751
2003-05-28,0.003247427283365134,-0.007068993127321677,0.40262149898925775,0.7129507145873704,0.28704928541262953,0.006093555892632148,0.013033215084090517
2003-05-29,-0.014242552274587372,0.01204817565556393,0.4045948751470457,0.7119490592583224,0.2880509407416776,-0.019117182399699936,-0.04083138007540838
2003-05-30,-0.00919435603494445,-0.013798717584672437,0.37938161580720525,0.724962540126944,0.27503745987305595,-0.003959376261604125,-0.008611198415792547
2003-06-02,-0.005523662227354231,0.004115226337448652,0.3856850538080965,0.7216647081902422,0.2783352918097578,-0.00711084351874561,-0.015394934438826079
2003-06-03,0.0006665761936741621,-0.00218575899718243,0.37472805458946684,0.7274165946214203,0.27258340537857967,0.0014856414104897579,0.00324204064694107
2003-06-04,-0.0022202993931654813,-0.0071194031122915336,0.40185252985087694,0.7133417950220312,0.2866582049779689,0.0006406507585370782,0.0013710088862311951
2003-06-05,0.0,0.01654715912576976,0.4090264016027024,0.7097099095251488,0.2902900904748511,-0.006768224953960925,-0.014410428959164386
2003-06-06,0.009790865417008021,-0.013293526357425756,0.409732124370172,0.7093546232741,0.2906453767259,0.015237650211806949,0.03242669287673648
2003-06-09,-0.005949746534472,-0.005224152736571619,0.36272187899462893,0.7338254528780054,0.2661745471219946,-0.00405483203770781,-0.008926616869245538
2003-06-10,-0.010640730221485595,-0.026533930099054803,0.3155052608462285,0.7601641968020161,0.23983580319798387,-0.0022691356843077166,-0.0051747471146897026
2003-06-11,0.006721983198193948,0.009369641336153478,0.3235982918823174,0.7555162364087661,0.24448376359123383,0.0036899832662647286,0.008363526809218959
2003-06-12,0.0015579722757348424,-0.006188501285601222,0.3317096568305025,0.7509144315886553,0.24908556841134472,0.0036107579134767474,0.008134110678607892
2003-06-13,0.015555593702528236,0.00934055597103689,0.32741838049515476,0.7533419867419489,0.24665801325805123,0.01249732399356699,0.028244276658814748
2003-06-16,0.008096214674793378,0.006730212718470074,0.3366418667676669,0.7481435565221739,0.2518564434778261,0.005830543301504118,0.013086250206131486
2003-06-17,-0.0004340905353048541,0.011699198348276374,0.3459528518676766,0.7429680754510649,0.25703192454893503,-0.0044814615684566775,-0.009988748630172505
2003-06-18,-0.010857804674867966,-0.016519823233320463,0.31064827652380383,0.7629812039674536,0.2370187960325463,-0.005725950058959072,-0.013106376809526315
2003-06-19,0.002634486141729786,0.011478094753146761,0.32959369295716245,0.752109464189688,0.247890535810312,-0.0011486214960720852,-0.0025916672939026
2003-06-20,-0.009196369104752078,-0.013838915496629078,0.3328423601320837,0.7502762741581088,0.24972372584189123,-0.004590191809185589,-0.010331736024800491
2003-06-23,0.0066297751025252705,-0.009261824041617017,0.3446011981818179,0.7437149404241266,0.25628505957587333,0.009821410764615662,0.021912989765061036
2003-06-24,-0.009440119876133246,-0.018980204552496494,0.32944614188740406,0.7521929384670732,0.2478070615329268,-0.0031871647140795335,-0.007192088374986161
2003-06-25,0.011081496668375213,0.008663009257145804,0.34056907561628397,0.7459518634206013,0.2540481365793987,0.008131143613613756,0.018196325190947105
2003-06-26,-0.009206448653196309,-0.015459473476091223,0.35121720825043573,0.7400734640545366,0.2599265359454635,-0.00377681553790189,-0.008385362874690147
2003-06-27,-0.0033185545462151023,0.0037802219645812762,0.3567646947305347,0.7370474805866087,0.26295251941339115,-0.004667204281422603,-0.01031985347101669
2003-06-30,0.011542740167681531,0.0023174616589787256,0.3477111547114187,0.7419987558195488,0.25800124418045134,0.0107369328982386,0.023900372555433064
2003-07-01,0.003730463227872516,0.015606918775966427,0.367311492123551,0.7313622431761434,0.2686377568238566,-0.002002137395178777,-0.004392863089454373
2003-07-02,0.01311760916719984,-0.00028459335586983325,0.3625617837498235,0.733911674264018,0.26608832573598185,0.013220791841947355,0.029108680427458962
2003-07-03,0.010358294672203838,-0.0008539362464924372,0.3709855744938743,0.7294022771677734,0.27059772283222655,0.010675092701189978,0.02335931077567514
2003-07-07,0.009824861648992878,-0.008262090873174865,0.36596992626529923,0.7320805390892475,0.2679194609107524,0.012848538436645886,0.028218494835625905
2003-07-08,0.0016920255341852375,-0.011490950674704958,0.351892988886429,0.7397035181192206,0.26029648188077936,0.005735610512253693,0.012727953823426928
2003-07-09,0.016891875564834624,-0.0014530659434210946,0.3421495922827259,0.7450734297800601,0.2549265702199398,0.017389041484936064,0.038868338339307196
2003-07-10,-0.0016611081869851718,0.0020371992928376326,0.3368513313881807,0.748026333610039,0.25197366638996105,-0.0023473414810805887,-0.005267619725470414
2003-07-11,-0.00207991445493938,0.001452221950994259,0.3610804941655932,0.734710404187408,0.265289595812592,-0.002604283474642509,-0.005740182492819555
2003-07-14,-0.0016673399830154922,0.008410743958041422,0.361694771361834,0.7343789673216545,0.2656210326783456,-0.004709462095902211,-0.010375589731887421
2003-07-15,-0.029018776632948273,-0.01610585535493514,0.35819720020324036,0.7362701085308969,0.2637298914691032,-0.02324970433793214,-0.05135418700860169
2003-07-16,0.001075062226684853,0.002923121842030696,0.42112719404392135,0.7036667823901299,0.29633321760987,-0.00015594387249803256,-0.0003291975689824417
2003-07-17,0.003006859654620886,0.003206080104771969,0.4032680907784479,0.7126222042469881,0.287377795753012,0.0017139498518867278,0.003664196164260957
2003-07-18,0.011563147737831514,0.008715862561316623,0.39971467439082947,0.7144313182507789,0.2855686817492211,0.00807928957209962,0.017316292498574706
2003-07-21,0.004233696236963347,0.010656628915228561,0.42420469284767737,0.7021462610128842,0.29785373898711565,-0.00028689575881286206,-0.000604328353052715
2003-07-22,0.008431695237528514,-0.00085490965570445,0.4236116336243067,0.7024387665715729,0.29756123342842705,0.00879384491338267,0.018531412723134667
2003-07-23,0.058528472929971986,0.02281802584349646,0.42036192635643077,0.7040459065002115,0.29595409349978846,0.048936643630749,0.10336093087826542
2003-07-24,0.008096344455704063,0.010039057563419052,0.5776751029880031,0.6338440646658313,0.36615593533416857,0.0022970308438534717,0.004367878100192608
2003-07-25,-0.00685599359086031,0.001380452741990057,0.5757844932414133,0.6346045441423176,0.36539545585768246,-0.007650836873350774,-0.014565767538960009
2003-07-28,0.02366861567970302,0.0057898415088522,0.5547174251671619,0.6432036997928937,0.35679630020710623,0.02045688970578657,0.03947384143505125
2003-07-29,-0.0053949667863170125,-0.008497740377384044,0.5444069371988838,0.6474977390439054,0.3525022609560946,-0.0007687379743540786,-0.0014932683009343736
2003-07-30,-0.020534665422813347,-0.015205971286647024,0.5503576722886082,0.6450124496264266,0.3549875503735733,-0.012165942460606878,-0.023541553045590587
2003-07-31,0.011867076744088934,-0.006176339504875061,0.5794590871718336,0.6331281437562221,0.3668718562437779,0.015446012795647172,0.029337916229228843
2003-08-01,-0.004495746586597349,-0.022316366939221344,0.5650417566144177,0.6389605873285156,0.3610394126714845,0.008113932589992195,0.015553449399736193
2003-08-04,-0.015118818402562684,0.008956966335875949,0.5400779909606218,0.6493177656387722,0.3506822343612279,-0.01995627878634449,-0.0388738990560409
2003-08-05,-0.015948948762248172,0.001145457853670484,0.5110759997303105,0.6617800826553232,0.3382199173446768,-0.01653436477996175,-0.03282633987220905
2003-08-06,0.006077838451507889,0.0034324418435445203,0.5086995362600187,0.662822501078607,0.33717749892139315,0.004331756877457307,0.008613557782742129
2003-08-07,0.013693080685819758,0.004846101100877354,0.4979370944127004,0.6675847762432723,0.3324152237567277,0.0112800271844187,0.022591123271784565
2003-08-08,-0.009137863437965632,0.010780107214095835,0.4998305888024204,0.6667419690369675,0.3332580309630326,-0.014526090774140372,-0.02905546309548024
2003-08-11,0.001603828616233427,0.015155836651895127,0.4722208591547904,0.679245911903534,0.3207540880964659,-0.005553073588734152,-0.011315707600941475
2003-08-12,-0.027622101002245714,-0.008847144315824895,0.4615664418279845,0.684197427760655,0.315802572239345,-0.023538556080051738,-0.048315058569513965
2003-08-13,0.034582179520854295,0.010041858029332218,0.4915982235305913,0.6704218228639443,0.32957817713605575,0.029645619952688173,0.05962521170583877
2003-08-14,0.000994849665369557,0.010770488347822571,0.5618687182495578,0.640258677515954,0.35974132248404606,-0.005056750817543308,-0.009712885772903995
2003-08-15,-0.0214669599532622,-0.007650239871499265,0.5643135165015496,0.639258044791694,0.360741955208306,-0.017149826189296086,-0.03288949307486041
2003-08-18,0.0,-0.01321590900115599,0.6293949594309313,0.6137247413292917,0.38627525867070833,0.008318026509625454,0.015314936003970218
2003-08-19,0.013812780534117719,0.008928605640421639,0.604421430894999,0.6232776381216543,0.3767223618783457,0.008416139937036913,0.015736775466173088
2003-08-20,0.005409727401253894,0.011061946715938076,0.6156109789928113,0.6189608841501005,0.3810391158498994,-0.0014001284461110583,-0.0025998742227858213
2003-08-21,-0.015344786610625771,-0.013676148568182223,0.6095499405351459,0.6212916883259418,0.3787083116740582,-0.007008491064140476,-0.013062951737571342
2003-08-22,0.010524194684669919,0.006932889511050977,0.6312664817901944,0.6130206260981798,0.3869793739018202,0.006147693914388627,0.011305989517375459
2003-08-25,-0.0010014248768990264,-0.004957362380307195,0.675996827521424,0.5966598406268268,0.4033401593731733,0.0023497363650626926,0.004205979975280095
2003-08-26,0.0020048574679412123,0.01245502394696607,0.6724112635913271,0.5979390487077954,0.4020609512922047,-0.006370040922298481,-0.011426688627926642
2003-08-27,0.025810265374467845,0.021049788037142303,0.6639497761745374,0.6009796775831932,0.3990203224168068,0.011834263318685758,0.021336455261095122
2003-08-28,0.00019503170451007357,-0.008032128514056214,0.6914964458842467,0.5911924925607751,0.40880750743922495,0.0057492200248654615,0.0101966871503416
2003-08-29,-0.0037050657906054774,0.014035120666751055,0.6879934562990381,0.5924193581843151,0.4075806418156848,-0.013361136967697595,-0.02374618856104841
2003-09-02,-0.023683751230826,-0.006654245192364683,0.6888839335966682,0.5921070004321657,0.4078929995678344,-0.0190997486275931,-0.033927284606677564
2003-09-03,0.014434648739832578,0.0018756207571204442,0.7413192931330085,0.5742772183961649,0.42572278160383525,0.013044214885978452,0.022472986322644658
2003-09-04,-0.008695681674064093,-0.0026745119452364907,0.740641907391247,0.574500703305903,0.4254992966940969,-0.006714826045603464,-0.011573016857327957
2003-09-05,0.02252798994307037,0.01260394820048183,0.776499912398597,0.5629046154299094,0.43709538457009056,0.012741025269519776,0.021515945788565367
2003-09-08,-0.00779878346564189,-0.006620762604846564,0.7987522844216042,0.5559409200814741,0.4440590799185259,-0.002510434210407566,-0.004186959314213973
2003-09-09,0.031047354172306196,0.01759532390328533,0.8088438546855001,0.5528393163454498,0.4471606836545502,0.01681548456193297,0.02788878296770946
2003-09-10,0.0,-0.004453791335246704,0.8380551933583344,0.5440533035207105,0.4559466964792896,0.0037325229586378512,0.006092074338341457
2003-09-11,0.015246792527315867,-0.0007894415604440264,0.8353427081294852,0.5448573694550833,0.4551426305449167,0.015906246778327145,0.025999907332628167
2003-09-12,-0.024028581942543425,-0.010271330757650854,0.8508154943050412,0.540302371077506,0.45969762892249405,-0.01528957458680214,-0.024782980206046724
2003-09-15,-0.0011540761873717331,-0.003459254484289409,0.8836244439680603,0.5308913903736516,0.46910860962634837,0.001902605632852515,0.00303023084927344
2003-09-16,0.003851334785974103,-0.002670226969292422,0.8985497286956473,0.5267178335576312,0.4732821664423687,0.0062506665047876095,0.009877012559078942
2003-09-17,0.012660653560550461,0.00722894834546528,0.8996505296312729,0.5264126134790185,0.47358738652098153,0.006157126352875508,0.009723566924813203
2003-09-18,-0.004546257225609751,0.0010632479625338753,0.9262340150236602,0.5191477215128074,0.48085227848719264,-0.005531073654913229,-0.008614332856403156
2003-09-19,0.0051379542951366375,0.013807704740248505,0.9500172589009515,0.5128159740307169,0.4871840259692831,-0.007979603513907921,-0.01227620444509086
2003-09-22,-0.003218515364547092,0.014143595041157253,0.9287584214832559,0.5184682482065218,0.4815317517934781,-0.016354498369070707,-0.025437864359125525
2003-09-23,-0.005697955124776888,-0.00335748520031498,0.9040134231092606,0.5252063813536548,0.47479361864634523,-0.0026627434358014613,-0.004195469533171451
2003-09-24,0.012798454737953158,0.004146167734702777,0.9096708844737083,0.5236504405708594,0.47634955942914065,0.00902680666754973,0.014180673865231166
2003-09-25,-0.016597476414457968,-0.006451612903225823,0.9122276241340195,0.5229502949225853,0.47704970507741473,-0.01071213690391589,-0.016805745459461775
2003-09-26,-0.014767958922135893,-0.010909122615665567,0.9570684681452314,0.5109683264928018,0.48903167350719823,-0.004327181651552348,-0.006633158300772185
2003-09-29,-0.013042614593611668,0.004201696835099522,0.9716225763953494,0.5071964644614011,0.49280353553859885,-0.01712507809776325,-0.026057337194432692
2003-09-30,0.01321497238529834,0.007845188409736581,0.9676433487740507,0.5082221839761025,0.4917778160238975,0.005623628000737466,0.008574157513211875
2003-10-01,-0.0072026822437800675,-0.0028541933599798286,1.0046916292824928,0.4988298376633188,0.5011701623366811,-0.004335098066654661,-0.006487428794531735
2003-10-02,-0.0009804146145916404,-0.0031225129523022588,1.0405324357903318,0.49006817164985844,0.5099318283501416,0.002268661393454289,0.0033353962235482906
2003-10-03,-0.05201175218804621,-0.03576092923195995,1.049243034427937,0.487985067266147,0.512014932733853,-0.01448984628674184,-0.02121248584473555
2003-10-06,-0.004140782865927561,0.00893345523841993,1.1216322493240818,0.47133521858869937,0.5286647814113007,-0.014160834359232509,-0.020023499874321657
2003-10-07,0.01351352557041774,0.012074053803626583,1.1076729166374726,0.47445691981247945,0.5255430801875206,0.00013942317811691148,0.00019845087491944524
2003-10-08,-0.002051329001402258,-0.004772052630684698,1.119372978273322,0.4718376662585892,0.5281623337414107,0.0032903777642843135,0.004657572496227195
2003-10-09,-0.005755370862690068,-0.016515668061419242,1.0897147600074704,0.47853420913599964,0.5214657908640005,0.012241996395222443,0.01757464218970059
2003-10-10,0.014058366367886821,0.011917642879212709,1.0573995500900215,0.4860504611057414,0.5139495388942584,0.0014566561492737537,0.002124025179081064
2003-10-13,0.014271089058109032,0.004282671513319736,1.060294111484836,0.48536759602701024,0.5146324039729897,0.009730197671112264,0.01416816795748612
2003-10-14,-0.009648213020367113,0.00133262255792288,1.0615343134461608,0.4850756029029425,0.5149243970970576,-0.011062837592474645,-0.016098937844960925
2003-10-15,0.003044421827934407,-0.008251280284248041,1.0701531939565523,0.48305603803589214,0.5169439619641077,0.011874555778353177,0.017208227603182483
2003-10-16,-0.005058700083219736,0.0002684007028379565,1.0567773626886363,0.4861974942649076,0.5138025057350925,-0.005342339870108608,-0.007792296775074951
2003-10-17,0.0036607944997602004,-0.0024148762666595935,0.9425269994662471,0.5147933595130325,0.4852066404869675,0.00593688058145712,0.00916880009866799
2003-10-20,0.013171237684726167,0.005917192789840264,0.9399549659634907,0.5154758834844105,0.4845241165155894,0.007609342937352449,0.011767298320102842
2003-10-21,0.012600040435791104,0.020588267933238535,0.9476610310847278,0.51343636497315,0.48656363502684996,-0.006910658782070363,-0.010644550573907948
2003-10-22,0.013233243054805444,0.012575288549808272,0.9168169847670028,0.5216982152949537,0.4783017847050462,0.0017040049239952088,0.0026669289831063384
2003-10-23,0.007212417471387456,-0.004657148235365449,0.925930951872268,0.5192294142361975,0.4807705857638025,0.01152461516996964,0.017951757552002793
2003-10-24,-0.00135474544812908,0.010917550185033154,0.901921601339189,0.5257840277411413,0.47421597225885875,-0.01120151979371514,-0.017668740581884994
2003-10-27,0.005232548683596683,-0.0025713551444954685,0.9083924426655802,0.5240012366655742,0.4759987633344257,0.0075683482642656275,0.011897471549972822
2003-10-28,-0.01831497858001807,-0.012116477863898578,0.967327114092659,0.508303877294552,0.49169612270544805,-0.006594381014965473,-0.010055848314793604
2003-10-29,0.009230151466030678,0.009394508014766378,1.0035413027644249,0.49911623914127984,0.5008837608587202,-0.00019762534593880353,-0.00029591405827191115
2003-10-30,-0.0019458556457371268,-0.006463288725174654,1.0033268615416007,0.4991696658180282,0.5008303341819719,0.004538935546129572,0.006797096819193202
2003-10-31,-0.013647917549289512,0.000520458530794965,0.9955962897320263,0.5011033569992669,0.4988966430007331,-0.01416608413150836,-0.02129601694149865
2003-11-03,-0.027278120385028748,-0.01950585175552666,0.9926037935110408,0.5018559149874765,0.49814408501252355,-0.00791653793682899,-0.011918884169461151
2003-11-04,0.020930738458065035,0.007692291502610971,1.0384003023003323,0.4905807749692252,0.5094192250307747,0.012943060636371526,0.01904885015239445
2003-11-05,-0.008957021256078668,0.00710716570257941,1.080019340929934,0.4807647603665649,0.519235239633435,-0.016632897674058313,-0.02398953319341072
2003-11-06,-0.005623594580203228,-0.005227391448234586,1.040046100879048,0.4901850010002734,0.5098149989997266,-0.00018686648669836645,-0.00027479744690746787
2003-11-07,0.02039988442646634,0.007094013783906172,1.0055181590908846,0.4986242560143693,0.5013757439856306,0.013266724745907647,0.019845332268526875
2003-11-10,0.0067299919998580204,0.008609492344490599,1.032352198188807,0.4920407008643387,0.5079592991356613,-0.002158036347266556,-0.0031855251503992606
2003-11-11,-0.004522171381051154,0.0038799792455210813,1.0135413410876448,0.4966374315711019,0.503362568428898,-0.00845469074894882,-0.012596747694857692
2003-11-12,0.05293297221922155,0.017521225679020036,1.0421056145188814,0.4896906373941875,0.5103093626058125,0.03467400456586237,0.050938606190598326
2003-11-13,-0.00750327573988252,-0.002025798443487603,1.122384262788832,0.47116821281269355,0.5288317871873066,-0.005229551447329924,-0.0073919952277514255
2003-11-14,0.022680001524869597,0.009388433474119884,1.1345852402848662,0.4684750841182371,0.5315249158817629,0.012028023475736808,0.016904487928715795
2003-11-17,-0.034743990604606756,-0.015837073872027152,1.1513424988723295,0.4648260332904549,0.535173966709545,-0.016510094397961333,-0.023022965064765994
2003-11-18,0.026804492658689005,0.015581113929797219,1.190966676992477,0.4564195386908816,0.5435804613091185,0.008247905177877216,0.01129351522935856
2003-11-19,-0.01808691470971968,-0.0067907750643452225,1.2147866359399884,0.4515107612501848,0.5484892387498153,-0.00983757191387859,-0.01332530875106628
2003-11-20,-0.0015191601435835533,-0.003038697665231349,1.246541555086312,0.4451286457336776,0.5548713542663225,0.002268702769471078,0.003029593774040714
2003-11-21,0.006276149299549116,0.005841980496966048,1.2440233076609954,0.44562816998649013,0.5543718300135098,-0.000991410601577613,-0.0013254014762587116
2003-11-24,-0.009449955574204916,-0.011363636363636354,1.2595352182220232,0.442568892901292,0.557431107098708,0.004862944632863516,0.0064565640672200626
2003-11-25,0.010875726287292053,-0.0010216957764607182,1.2923093467300228,0.4362412958907571,0.5637587041092429,0.012196073288726827,0.01596129244875852
2003-11-26,0.010758807424655403,0.014574230632828034,1.2708129327715398,0.4403709286521873,0.5596290713478127,-0.007762313348737605,-0.010254891413618548
2003-12-01,0.016806751123683794,0.014869013597704095,1.252644686050378,0.44392265064817066,0.5560773493518293,-0.0018188397462910524,-0.002422272483833303
2003-12-02,0.009366325034090073,0.0024832380672634713,1.2462381891486305,0.44518876263029794,0.5548112373697021,0.006271618921918699,0.008376162802613246
2003-12-03,-0.005094592227432582,0.0004953720173548337,1.2351421648835463,0.4473988347189098,0.5526011652810902,-0.005706447093370961,-0.007659173339877833
2003-12-04,-0.002926077943691152,-0.0014855313507863288,1.2364976492514637,0.44712767765917005,0.55287232234083,-0.001089221920554505,-0.00146106380337899
2003-12-05,0.0036683749832622237,0.007686601034828211,1.2108303165423355,0.45231874762960844,0.5476812523703916,-0.005638794580873463,-0.007651597508883922
2003-12-08,0.012426871028099917,0.0004921560286297311,1.210596258092695,0.45236663924456344,0.5476333607554366,0.011831068781443004,0.01605594246999793
2003-12-09,0.017148062758656213,0.003935086275203448,1.2146149880361437,0.45154575644174205,0.548454243558258,0.012368447989578785,0.01675476061039409
2003-12-10,-0.006211237413953574,-0.0048995588931673995,1.1988146132644681,0.4547905011943462,0.5452094988056538,-0.0003375746142746123,-0.00046057718404931766
2003-12-11,-0.003749983715159222,-0.003938961239371208,1.2015329037067108,0.4542289594292707,0.5457710405707293,0.0009828078203706504,0.0013392593206977303
2003-12-12,0.0077075141211406795,0.011863538607413293,1.2053542017887753,0.4534419002575162,0.5465580997424838,-0.0065922519873882895,-0.008967609804413199
2003-12-15,0.0030237852845276247,-0.0004884750670115512,1.190682478228428,0.4564787503156025,0.5435212496843974,0.0036054039878697357,0.004937370920297
2003-12-16,-0.0017733201193319559,-0.003665689040207254,1.1890449165558288,0.456820228966963,0.5431797710330372,0.0025853487996008945,0.0035431188917794303
2003-12-17,0.011191992050060051,0.010546940554873485,1.2097026810781852,0.4525495708373164,0.5474504291626837,-0.001566670216342646,-0.0021269878021484105
2003-12-18,0.003513700146661858,-0.0038835099599894285,1.2521691320574144,0.4440163865874826,0.5559836134125175,0.008376511442598145,0.011157925028853388
2003-12-19,0.001750740383199334,-0.0029239320353299236,1.2439974997741443,0.4456332950908586,0.5543667049091415,0.005388104524659284,0.0072033563208536424
2003-12-22,-0.0022719348421453844,0.0034212948551333167,1.236602308415283,0.4471067548475069,0.552893245152493,-0.006502715957772576,-0.00872222468872438
2003-12-23,0.004554216567589364,0.0009741692414479974,1.2225268158503182,0.4499383282434814,0.5500616717565187,0.0033632685467426243,0.004539790282065778
2003-12-24,0.007846569354196253,0.0031629873308243184,1.2187128737255593,0.4507117670980322,0.5492882329019677,0.003991795974689813,0.005397448252941771
2003-12-29,0.02370235330678727,0.006063546141202858,1.2293267541574604,0.44856591710259835,0.5514340828974017,0.016248273810338366,0.02186526552920568
2003-12-30,0.011154298932503748,0.0050626956733754724,1.2391291543865652,0.44660219712692784,0.5533978028730723,0.004880965123837476,0.006539549245217172
2003-12-31,-0.005014162454591631,-0.002878344224085283,1.2382708383356802,0.4467734569349856,0.5532265430650145,-0.0014499927392148844,-0.001943454805888989
2004-01-05,0.04703506295003357,0.020928509583781896,1.2416311502658164,0.4461037222298674,0.5538962777701325,0.02104957352217329,0.028170879298778297
2004-01-06,0.013316249919290257,-0.0037700427109474965,1.2516680787898182,0.4441151914972566,0.5558848085027434,0.01803509203625747,0.0240289750600594
2004-01-07,-0.010291332707012657,-0.0021286516614684725,1.255018486886377,0.44345534451948226,0.5565446554805177,-0.007619835519728322,-0.010137170356748734
2004-01-08,0.0015997806747378718,0.004977497354576643,1.2716849694829018,0.44020188249413283,0.5597981175058673,-0.0047300278967181515,-0.0062465015531552835
2004-01-09,0.035777027873534095,0.00566036296340644,1.2707547551277516,0.44038221113126785,0.5596177888687321,0.02858409472203635,0.03776378051062791
2004-01-12,0.018504222527139902,-0.00023453589340316494,1.3536144581880016,0.42487842327833036,0.5751215767216696,0.018821693703414466,0.023990794632403254
2004-01-13,-0.0027252272268024624,-0.006098934225633124,1.352231342390092,0.4251282524719292,0.5748717475280708,0.005521942788274293,0.007042601663487066
2004-01-14,-0.025049334223255615,-0.004720320845831738,1.3419252833926,0.4269991050061866,0.5730008949938136,-0.018715016334508863,-0.02397388567503434
2004-01-15,-0.03379009809242861,-0.03153905128183232,1.3731695516068918,0.42137739350435044,0.5786226064956497,0.009518366814351843,0.012032473795949655
2004-01-16,0.018855778313522586,-0.004162540927667102,1.3478937864044236,0.4259136447272622,0.5740863552727379,0.024466441365579177,0.03126177364655904
2004-01-20,-0.001107239710986252,0.014752888664644859,1.3215445521526037,0.43074771021420666,0.5692522897857932,-0.020603839354261567,-0.026625169870408583
2004-01-21,-0.01821064875903411,-0.0038769228402953937,1.2695613504376528,0.4406137775509634,0.5593862224490367,-0.013288657362366108,-0.01756549655703766
2004-01-22,0.022903258505275526,-0.0026757628002531675,1.2822510498320794,0.4381638908977944,0.5618361091022056,0.026334258165001775,0.03461616306445257
2004-01-23,0.002049828355164429,-0.005121966106135689,1.3225346658138648,0.4305640792877376,0.5694359207122625,0.008823806087652535,0.011397641831830944
2004-01-26,-0.007553085556591288,-0.0031870257720539863,1.3278407881856948,0.42958264374231286,0.5704173562576872,-0.0033212227434590005,-0.004280218939776644
2004-01-27,0.03852862285470526,0.008362011425102622,1.3452231106347898,0.42639866350682787,0.573601336493172,0.02727985183426506,0.034896277088384726
2004-01-28,0.011450352226130667,0.01097560975609757,1.420924958564673,0.4130652610533139,0.586934738946686,-0.004145165611774295,-0.005136671746610311
2004-01-29,-0.0602264404296875,-0.0386007237635706,1.4116623726750537,0.41465174036396496,0.5853482596360351,-0.005735251134631102,-0.007134395593197576
2004-01-30,0.0032123323908919144,0.009284848700203963,1.4556243572369567,0.4072284089595811,0.5927715910404189,-0.010302919530384872,-0.012586924583991682
2004-02-02,-0.03298108507711117,-0.008702137975566182,1.4478269318651718,0.40852561387500935,0.5914743861249906,-0.020381895351279787,-0.024979578930953324
2004-02-03,0.01341057147986402,0.0012540757077790232,1.4868538358117473,0.4021145053237858,0.5978854946762142,0.011545944203354447,0.013928374925483718
2004-02-04,0.0039209554941326275,0.00450898731945748,1.4873134451561905,0.4020402020289828,0.5979597979710172,-0.0027853219701352537,-0.0033594342227668246
2004-02-05,-0.004068363782754991,-0.0072319049787640255,1.482206268549564,0.40286740577137187,0.5971325942286282,0.0066508111103238485,0.008038185054874759
2004-02-06,0.025326832141630007,0.013815624003205462,1.4680819646992604,0.40517292954727757,0.5948270704527223,0.005044363711457871,0.006131518868020085
2004-02-09,0.023904397304817637,0.007928596732063475,1.4956913873999849,0.40069056817229376,0.5993094318277062,0.012045663458502632,0.014479751205598973
2004-02-10,-0.006225674811762505,-0.0009832691949045458,1.505600784624978,0.3991058775748562,0.6008941224251438,-0.00474526394041665,-0.005681588187792923
2004-02-11,0.02662483842801011,0.009350438896696511,1.5011976662136544,0.39980846516373614,0.6001915348362639,0.01258798137821593,0.015098344543002611
2004-02-12,0.009458470828658694,0.008532422954277141,1.5256382429150233,0.3959395225366192,0.6040604774633809,-0.003558919935112495,-0.00422735117956349
2004-02-13,-0.005742799791451314,-0.008218574604152984,1.5238956325452417,0.39621289688256345,0.6037871031174367,0.006781450153564657,0.008060694031225672
2004-02-17,0.030095752293424427,0.013892304110687315,1.4526357528118612,0.40772462802661785,0.5922753719733821,0.009915294653304846,0.012128129472879098
2004-02-18,-0.01180462214718292,-0.00889426011305594,1.4643687963100378,0.4057834206865975,0.5942165793134024,0.0012198548286411898,0.0014849905953212544
2004-02-19,-0.006271437468577834,-0.006063546141202747,1.458445741164665,0.4067610617781052,0.5932389382218948,0.0025719155774147507,0.0031384653332186176
2004-02-20,-0.018782869430382765,-0.03001461239472436,1.4181825335594076,0.41353371224961455,0.5864662877503855,0.023783329619371026,0.029505625761464142
2004-02-23,-0.006585026013912421,0.0037735849056603765,1.3202986188926487,0.43097900927823046,0.5690209907217697,-0.011567284953129961,-0.014955771027416801
2004-02-24,0.02034838441734088,0.013784461152882121,1.2989563338834946,0.43497998864152304,0.5650200113584769,0.0024429712936336716,0.0031879308766690206
2004-02-25,-0.0131439633993079,-0.02150806478870515,1.296709383770794,0.4354055445875244,0.5645944554124757,0.014745746038956266,0.019261138753323245
2004-02-26,0.02694429217824279,0.0,1.2663279740300872,0.4412424024497013,0.5587575975502986,0.02694429217824279,0.03566689263910364
2004-02-27,-0.0017889212277547584,0.0015159325973235216,1.2677078869265326,0.44097390398695435,0.5590260960130455,-0.00371068093743081,-0.004908940378286508
2004-03-01,0.034647531463347425,0.00731582729852831,1.267880208820701,0.440940397164981,0.559059602835019,0.025371938820393167,0.03356253834092929
2004-03-02,-0.03146650346281654,-0.01452538935707648,1.314093583233434,0.4321346410730379,0.5678653589269622,-0.012378782514715126,-0.01604790221675286
2004-03-03,0.004918031621907293,-0.0027954411779304023,1.3637063273527732,0.42306440035634524,0.5769355996436548,0.008730192443993472,0.011080300893940782
2004-03-04,0.0023728005240895023,0.001274210009625687,1.3613306453443996,0.4234900359979659,0.576509964002034,0.0006381793893814722,0.0008107878377469585
2004-03-05,0.032845114341447657,0.0213794706718613,1.3617663026800153,0.4234119179637924,0.5765880820362075,0.003731271611371271,0.004739594608243691
2004-03-08,-0.0010027173092641561,-0.0017442853494783472,1.3591844207848858,0.42387529825553283,0.5761247017444671,0.001368088163150133,0.0017396963345853802
2004-03-09,0.027530816302278938,0.008986535318687316,1.3717897300839337,0.4216225356387776,0.5783774643612225,0.015203179443067127,0.019230009199671903
2004-03-10,0.0006977553053457708,-0.01039092548290177,1.384357736598671,0.41940015319451096,0.580599846805489,0.015082513388021117,0.018976825276482954
2004-03-11,0.00139453756470731,0.0017500305175781605,1.366068256525822,0.4226420760440503,0.5773579239559496,-0.0009961235733076698,-0.0012630112050575138
2004-03-12,-0.018103343577263953,-0.013476476789505143,1.3620272637861108,0.4233651386381937,0.5766348613618064,0.00025198522982276816,0.000320045285276082
2004-03-15,0.010920389024995591,0.010371885226727828,1.3680705547437086,0.42228471529144446,0.5777152847085555,-0.0032690817508720244,-0.004141449769294349
2004-03-16,0.0037879388425554605,0.007511267015135603,1.378060249453491,0.42051079245356077,0.5794892075464392,-0.006563039654034087,-0.008279487017466053
2004-03-17,0.012997894119228581,0.011182902754112822,1.3667156669184763,0.42252646313953945,0.5774735368604607,-0.002285954276443191,-0.0028976285259727404
2004-03-18,0.028283653367287442,0.01032197657908962,1.3564400113528223,0.4243689613069777,0.5756310386930222,0.014282511339163553,0.018183163505567906
2004-03-19,0.013149074022298368,0.0034054825485259066,1.3797350921739806,0.4202148395796698,0.5797851604203302,0.008450410244311094,0.010652963355586752
2004-03-22,0.008872985195693683,0.011878773082386385,1.3835172692885822,0.41954804057218936,0.5804519594278107,-0.007561502501748241,-0.009517240675170548
2004-03-23,0.010501433891517031,0.005749865672205923,1.3662003145504047,0.4226184883210141,0.577381511678986,0.002645965601526726,0.0033547019479998816
2004-03-24,-0.007534435968165276,-0.006193367464364274,1.3692981422080859,0.42206591993865417,0.5779340800613458,0.0009461305948007277,0.0011979884396300239
2004-03-25,-0.006282704148564466,-0.0011984659285002586,1.3724032627789167,0.4215134988596539,0.5784865011403462,-0.004637925597961347,-0.00586484473874232
2004-03-26,0.015147493546179946,0.012958948256045266,1.3744606917095827,0.42114826473712313,0.5788517352628768,-0.00266407143765272,-0.003365907189309531
2004-03-29,-0.01193720128072262,-0.011845534062308927,1.355641389982219,0.42451283300279763,0.5754871669972023,0.004121094980587575,0.005248373115848526
2004-03-30,0.019829287908962323,0.011028544800294249,1.3555484180326491,0.4245295882456106,0.5754704117543894,0.004879561451721255,0.006214554641755136
2004-03-31,0.02189030141684367,0.013279524362897588,1.3545137220524506,0.42471614866117285,0.5752838513388272,0.0039030034449690637,0.00497300577407565
2004-04-01,0.025579646167114944,0.0011701381097213304,1.3166403823818669,0.43165957375388764,0.5683404262461123,0.02403899507889186,0.031129987107678784
2004-04-02,0.0008600527749005327,-0.014492711235077338,1.3260986251388434,0.42990438547734006,0.57009561452266,0.02007881721827086,0.025895914731997705
2004-04-05,-0.004664879356568341,-0.014705911094102242,1.2947374989476055,0.43577969177677717,0.5642203082232229,0.014375415193155439,0.018793542006109432
2004-04-06,0.012703582065747065,0.008425613989951453,1.2837163599186452,0.43788275004327765,0.5621172499567224,0.0018874835444869752,0.002479489455364168
2004-04-07,-0.0031664866017534488,0.009310083440698502,1.2642174694609964,0.4416536898454603,0.5583463101545396,-0.014936456729624036,-0.019790223683566536
2004-04-08,-0.012217516963109687,-0.006859020766822765,1.243278884894948,0.44577604984091385,0.5542239501590862,-0.003689841272662987,-0.004934528601203029
2004-04-12,-0.007421202143921168,0.0004763329600823152,1.2499632344919462,0.44445170688569297,0.5555482931143072,-0.008016600831400782,-0.010688975768812028
2004-04-13,-0.07227407781174688,-0.031183065730038817,1.2366582474762964,0.4470955726599433,0.5529044273400566,-0.03371128239509892,-0.04521649532261346
2004-04-14,-0.059771680510528946,-0.017690447683123445,1.379386416736804,0.42027641788904735,0.5797235821109527,-0.035369717270435405,-0.0445951742285009
2004-04-15,0.010428564889090497,-0.005252565407843246,1.4656195612457503,0.4055775739768837,0.5944224260231161,0.01812682749754832,0.022055504161059343
2004-04-16,0.009472630099757628,0.008297680894339132,1.5013778377502798,0.3997796673929887,0.6002203326070114,-0.002985324099727066,-0.0035804156269474766
2004-04-19,0.00910364964088628,-0.0009974910136767434,1.489191073365696,0.4017369380358076,0.5982630619641924,0.010589104354216186,0.012762103079413346
2004-04-20,-0.03677999573791624,-0.007239125941837843,1.495087232722622,0.400787590463844,0.599212409536156,-0.025956870966203353,-0.03120957531157665
2004-04-21,-0.11167148256160497,-0.017349821982078684,1.521711620122942,0.3965560502716193,0.6034439497283806,-0.08527005684441138,-0.10144307084596871
2004-04-22,-0.023033284548727995,0.006397134283751216,1.6840163290848893,0.37257597472998544,0.6274240252700145,-0.03380616314191381,-0.03778609255343833
2004-04-23,0.022414118243902825,0.004576705737134201,1.6330889529786148,0.37978208023271504,0.6202179197672849,0.014939950663555114,0.017021776624737278
2004-04-26,0.0016239410351128747,0.0022778888448018453,1.6506315001731862,0.3772685867253378,0.6227314132746622,-0.0021360140460101613,-0.0024175530010911734
2004-04-27,0.010051847535189617,0.006565671978574716,1.6663314541908305,0.3750471451807843,0.6249528548192158,-0.0008887382006087779,-0.0009999561748542853
2004-04-28,-0.058266438999248105,-0.033115935787525363,1.6813038343164073,0.3729528847874668,0.6270471152125332,-0.0025884891827057804,-0.0028961535237938194
2004-04-29,-0.008010896626956199,0.0031136798807360755,1.6746455814407657,0.3738813123274915,0.6261186876725086,-0.013225206881251877,-0.01483397311369507
2004-04-30,0.04432987790265397,0.0010346453444629589,1.666486989364772,0.37502526882316667,0.6249747311768332,0.042605654897499616,0.04793459154396557
2004-05-03,-0.010200768996013854,0.0,1.6767531336551331,0.37358693539082183,0.6264130646091782,-0.010200768996013854,-0.011432622083551577
2004-05-04,0.0034907556521770466,0.01136949327256942,1.681983935319709,0.3728583109058757,0.6271416890941244,-0.015632549385010224,-0.017486177876542792
2004-05-05,0.011098212733502644,0.005109862113408692,1.6560880619481513,0.3764935411315142,0.6235064588684859,0.0026358310892853586,0.0029771201418887436
2004-05-06,-0.046690747046953196,-0.01372647173427588,1.6469488237185674,0.37779347716861017,0.6222065228313899,-0.02408395057038137,-0.027296278289823936
2004-05-07,-0.039525614613129645,-0.023969040703527678,1.6848700602462252,0.37245750355169577,0.6275424964483043,0.0008591044410672585,0.0009599396862302531
2004-05-10,0.02988008770254158,-0.0010563094828838215,1.669534038503475,0.37459720894234944,0.6254027910576506,0.03164363233941012,0.0355608490654227
2004-05-11,-0.042043103063347353,-0.0037007505727189027,1.676154159391382,0.3736705512613005,0.6263294487386994,-0.035840074598014526,-0.04017714129685866
2004-05-12,0.007617028327275399,0.0013266118548607153,1.6921290286060644,0.3714532213627895,0.6285467786372104,0.005372229897972648,0.0059865963045102905
2004-05-13,0.009179200734789283,-0.00688925846731403,1.6814550085304816,0.37293185856884103,0.6270681414311589,0.02076317888971549,0.023229752679416765
2004-05-14,0.020331785802396585,0.005869829985817532,1.670982192153805,0.3743941097539209,0.625605890246079,0.010523404425125067,0.011819701893975514
2004-05-17,-0.009264109682711186,0.006631299734747964,1.6822006719939706,0.3728281818886398,0.6271718181113601,-0.02041928655269765,-0.022838656442716248
2004-05-18,0.0008820814058922988,-0.009749702785326053,1.7839866201064964,0.35919712859889635,0.6408028714011037,0.01827542072492902,0.019693435944993794
2004-05-19,0.04353961282973562,0.018893045061584957,1.7699417456108777,0.36101842271035267,0.6389815772896473,0.010100023673528968,0.010938883847863956
2004-05-20,-0.024831133599782174,-0.011752415961689855,1.8029847833165011,0.35676255038987287,0.6432374496101272,-0.003641706453649401,-0.0038976734465256645
2004-05-21,0.015589841724417575,0.01691330338191066,1.8789554538687567,0.3473482018126381,0.652651798187362,-0.016189501907960348,-0.016870183127916903
2004-05-24,0.02166124114947765,0.002079049729537097,1.8426243815971612,0.3517875968678417,0.6482124031321583,0.01783033342727961,0.018817470443205128
2004-05-25,0.014691202155081129,0.007002027092106289,1.8494330964976138,0.35094700108212823,0.6490529989178718,0.0017414215083668121,0.001833439967943747
2004-05-26,-0.004935868619518002,0.0,1.830287233118659,0.3533210298582,0.6466789701418001,-0.004935868619518002,-0.005231838551678618
2004-05-27,0.0234788693250918,0.016997183391709525,1.8229954017452166,0.35423366236508413,0.645766337634916,-0.00750691784061483,-0.007977608999264339
2004-05-28,-0.013731831560780394,-0.002279042568737788,1.813420721092595,0.35543919631460197,0.6445608036853979,-0.009598968542379195,-0.010235548992457223
2004-06-01,-0.009008980862701077,0.0015228581307502598,1.8157083847684279,0.3551504145136262,0.6448495854863738,-0.011774047139517099,-0.012544673166307418
2004-06-02,-0.03586776872531583,-0.009883410633960477,1.8262508715781227,0.3538256317074994,0.6461743682925006,-0.01781818144088102,-0.01891358791259571
2004-06-03,-0.018001031335059037,-0.0066547377073996605,1.8473886532528996,0.3511989832710702,0.6488010167289299,-0.00570714440403469,-0.006013029936234484
2004-06-04,0.013093541745352155,0.007214603836470657,1.8340184562320232,0.35285585307357265,0.6471441469264273,-0.00013817484513739021,-0.0001462674085627863
2004-06-07,0.01568155790580472,0.007418761682693509,1.8656890048632495,0.34895621901153223,0.6510437809884677,0.0018404558047026634,0.001926715496600605
2004-06-08,-0.022056347686288058,-0.007110177449880406,1.8699498433594441,0.3484381451173521,0.6515618548826478,-0.00876067247762634,-0.009157657404254275
2004-06-09,-0.023594753269031488,-0.01662404092071612,1.8931543819970762,0.3456434977070679,0.6543565022929321,0.007877122646520948,0.008168028670233168
2004-06-10,0.02078893168392404,0.003641076453795522,1.8792985154331119,0.3473068161012049,0.6526931838987952,0.013946262109727655,0.014530895669527153
2004-06-14,-0.01566574021645506,-0.0059600617500545905,1.8971964454501546,0.34516126842914996,0.65483873157085,-0.004358332249588063,-0.004512982462510456
2004-06-15,0.013616208921281459,0.011730969573513716,1.9089074126921761,0.34377168404769065,0.6562283159523093,-0.00877712585566525,-0.009051982009501714
2004-06-16,-0.001744548545758895,-0.009018294112230651,1.8813663739893478,0.3470575658226575,0.6529424341773425,0.015222166747737971,0.015848904414049618
2004-06-17,0.034952779622237085,0.011180415300907187,1.857361721936253,0.34997319111644126,0.6500268088835587,0.01418670420698168,0.014894898428227266
2004-06-18,0.009962853080527578,0.015942433284484858,1.9036035601597017,0.34439963282900743,0.6556003671709926,-0.020385219677426323,-0.02106198651613285
2004-06-21,-0.020565147309278276,-0.0027841206948182595,1.86140566230568,0.3494785843102771,0.6505214156897229,-0.015382769283401144,-0.016127845295803942
2004-06-22,0.0011949419118224558,0.002538071065989911,1.8688756072742745,0.34856861603354855,0.6514313839664515,-0.003548397192934704,-0.0037105796960357346
2004-06-23,0.001364087664543323,0.0,1.8682648591354414,0.34864283778222005,0.65135716221778,0.001364087664543323,0.0014267381830503157
2004-06-24,0.051081169162788376,0.020506344565862422,1.8813685921706866,0.3470572986452411,0.6529427013547588,0.012501176556344779,0.013015873696596708
2004-06-25,-0.007775775142346286,-0.0004961850756705077,1.9388987237121666,0.34026351161120827,0.6597364883887917,-0.006813722532403714,-0.006955383468060307
2004-06-28,-0.03722451657665016,-0.00471579529726307,1.937968090583661,0.34037129375402386,0.659628706245976,-0.028085455768829835,-0.02867844874712407
2004-06-29,-0.007461365636753925,-0.021197007481296715,1.9540218681476014,0.3385215291676486,0.6614784708323515,0.033958050520988166,0.034486593569751534
2004-06-30,-0.013155670423005028,0.00025479262042193973,1.8539154468177739,0.35039580486346883,0.6496041951365312,-0.01362803439774044,-0.014325618244509902
2004-07-01,0.027527686852717892,0.008660198277194997,1.9043475045148468,0.34431141536799115,0.6556885846320089,0.011035659874937823,0.01139911101317877
2004-07-02,0.010615029955577393,0.005808049982244379,1.9704342104378405,0.3366511187105539,0.663348881289446,-0.0008293504253698222,-0.0008376052455114739
2004-07-06,-0.005668542692506495,-0.014310775456051195,1.9733056795877615,0.33632599798438706,0.663674002015613,0.022570991794224466,0.022773634022069864
2004-07-07,0.024480198346340964,0.024707033975174042,1.953989388566245,0.33852525126549704,0.661474748734503,-0.0237970838640948,-0.024167741383436393
2004-07-08,0.05073648707127476,0.013671389925148159,1.8916280287024443,0.34582594651661624,0.6541740534833838,0.02487530269754429,0.025807575300796776
2004-07-09,0.006386275527499263,-0.0007356248208645333,1.9385810802965309,0.34030029210529406,0.659699707894706,0.007812343887423773,0.007975628720751955
2004-07-12,0.01036989825382828,0.001472407615989324,1.8983309018351662,0.345026166393499,0.654973833606501,0.0075747813762983,0.007840493338599222
2004-07-13,-0.022977956215128326,-0.014947331566489419,1.8391245816960178,0.3522212468051073,0.6477787531948928,0.004512048699563211,0.004767718255816549
2004-07-14,0.03449361469567602,0.00845769625991144,1.8428060213403403,0.35176511956609513,0.6482348804339049,0.018907721101243544,0.019953230321703944
2004-07-15,0.008184283178539475,-0.002959994345139383,1.8701898477818344,0.34840900882317205,0.651590991176828,0.013720034552310788,0.014340550918170825
2004-07-16,0.009019835121293562,0.005937639346866419,1.8657415721140276,0.3489498179915471,0.6510501820084529,-0.0020582654483750976,-0.0021546940607663403
2004-07-19,-0.01862336144058252,-0.002459419540061236,1.8423566171554382,0.3518207370476882,0.6481792629523118,-0.014092233576589317,-0.014873820010691497
2004-07-20,0.0018217829236264471,-0.009122317927399037,1.647218440198787,0.3777549992908432,0.6222450007091567,0.016848233230994124,0.019093512996678438
2004-07-21,-0.030610720085531562,-0.011943239278090267,1.6534117824196262,0.3768732793852704,0.6231267206147296,-0.010863627542880245,-0.012282632814316276
2004-07-22,0.003282849120355813,-0.0047846735514506245,1.66497242344123,0.3752384044217307,0.6247615955782693,0.011249198638689716,0.012663394044615101
2004-07-23,-0.013088206252792611,-0.011892743071498346,1.658863197831775,0.37610058344313113,0.6238994165568688,0.00664022754978482,0.007492180367007672
2004-07-26,-0.015787796477111482,-0.0005121951524488244,1.6514442136488503,0.3771529473832773,0.6228470526167227,-0.014941934756340881,-0.016906184198887782
2004-07-27,0.0004811970585711922,-0.008455003577195086,1.6289120826060366,0.3803854859264451,0.619614514073555,0.014253654543941528,0.016265649929774643
2004-07-28,0.020202008618237288,0.0051679586563306845,1.617561784394921,0.38203491736534556,0.6179650826346546,0.011842516192423847,0.013572764084911237
2004-07-29,-0.002828874135222148,-0.005141388174807249,1.6200725059123273,0.38166882700514926,0.6183311729948506,0.005500547489005839,0.006298162524044932
2004-07-30,0.03230896884505974,0.010335917312661591,1.61614840094261,0.3822413130844166,0.6177586869155834,0.015604592607926668,0.017894159905803814
2004-08-02,0.009160296340817276,0.0017903125499521,1.668053746732026,0.3748050432735297,0.6251949567264703,0.006173958784048307,0.006942092667672645
2004-08-03,0.009833593934573726,0.005871809347182566,1.668546542164282,0.37473582873655487,0.6252641712634451,3.620675208434489e-05,4.0703901744562274e-05
2004-08-04,0.007790268807564171,-0.00456849693646888,1.6094886669493065,0.3832168396305308,0.6167831603694692,0.015143212851803459,0.017409402512761678
2004-08-05,0.0019324415266670503,0.0002549096961392827,1.5842936649350903,0.3869529278225882,0.6130470721774117,0.0015285897099430559,0.0017744767911058387
2004-08-06,0.004005998243767683,0.01911802251688588,1.593255285705101,0.3856157184031737,0.6143842815968263,-0.026453892183489883,-0.03060310991668966
2004-08-09,-0.0056155025413933135,0.002251186697205698,1.4766431149131651,0.40377234571201487,0.5962276542879851,-0.008939701878206216,-0.010828813191988288
2004-08-10,-0.002229137506540635,-0.0017469732610578825,1.4742361860090227,0.404165134134997,0.595834865865003,0.00034631369090108244,0.0004199037580074655
2004-08-11,-0.029043813691475906,-0.011249999999999982,1.4988773537351445,0.40017970410003156,0.5998202958999684,-0.012181443461955557,-0.014624299320349914
2004-08-12,0.004601891812459513,-0.0030341648723924974,1.5180947130495996,0.39712565012652995,0.6028743498734701,0.009208041463759377,0.01097024835806246
2004-08-13,0.010383313305541098,0.011666259817210367,1.5333555097097593,0.39473338667519575,0.6052666133248044,-0.00750521046288399,-0.008887671431172934
2004-08-16,0.017077212379894346,0.010027575986972792,1.543023599070675,0.3932326858332895,0.6067673141667105,0.0016044259905209114,0.001892738224419821
2004-08-17,-0.001040114333221931,0.003723008247017656,1.5022601607847683,0.3996387009120491,0.6003612990879509,-0.006633041300989693,-0.007952460025870469
2004-08-18,0.015915495065554675,-0.00024729501737141835,1.4799015458923646,0.4032418148439684,0.5967581851560315,0.016281467344054116,0.019696105320417562
2004-08-19,-0.0021961737413104254,0.0069255958325200595,1.5081690309550515,0.3986972120532178,0.6013027879467822,-0.012641142896828546,-0.015119965290395637
2004-08-20,0.007483509585826109,0.014984048175043618,1.4889131540903506,0.4017817971497204,0.5982182028502797,-0.014826436843519846,-0.017870977320948694
2004-08-23,-0.01820565056879464,-0.006534395274118254,1.4457247271625506,0.40887675906199267,0.5911232409380073,-0.008758713743947768,-0.010743703467531287
2004-08-24,-0.024773815366336938,-0.018270401948842885,1.4574012133782528,0.40693395712345815,0.5930660428765419,0.0018534906028150784,0.00226274479648406
2004-08-25,0.0054761564371168525,0.012158793787802491,1.4586565113576806,0.40672619187777304,0.593273808122227,-0.012259347291716568,-0.01495859291660091
2004-08-26,0.009833593934573726,-0.0012257906533014173,1.4275322722121166,0.41194097044433464,0.5880590295556654,0.011583449651137473,0.01431509247114798
2004-08-27,-0.013033762927287196,-0.010063834474571376,1.4260344722219946,0.41219529707840646,0.5878047029215936,0.0013176119561877104,0.0016293403551445595
2004-08-30,0.017759578958857825,0.011157947275490798,1.3844516301659895,0.41938363829606673,0.5806163617039333,0.0023119406639984276,0.0029087702615768554
2004-08-31,0.009843398283699178,0.0063756895079545295,1.3729615465591576,0.4214143298908574,0.5785856701091426,0.0010898217564769327,0.001377799515618611
2004-09-01,0.003249197031848894,-0.003898650407678117,1.3707571032446315,0.42180618108510326,0.5781938189148966,0.00859329977124125,0.01087412087828029
2004-09-02,-0.0036802730094454006,-0.006849285412373285,1.3606837946919874,0.4236060764463696,0.5763939235536303,0.005639438656391155,0.007166701447781529
2004-09-03,-0.0317671614345274,-0.013546798029556606,1.3367885389582677,0.4279377373383544,0.5720622626616456,-0.013657957089033688,-0.017534265760036246
2004-09-07,-0.05402107324816918,-0.007740339833996579,1.3656101451781504,0.42272392263717296,0.5772760773628269,-0.043450786643736895,-0.05510306091513403
2004-09-08,-0.003387628463925152,0.005032712709404308,1.42260254109376,0.41277922524943716,0.5872207747505628,-0.01054717835291858,-0.013060968327256102
2004-09-09,-0.003884779532278171,-0.002253364822828785,1.4050683239757236,0.4157886036047988,0.5842113963952011,-0.0007186479973602766,-0.000896416941917443
2004-09-10,-0.0034123999205633027,0.008531979664954559,1.4127325438868346,0.4144678209500305,0.5855321790499696,-0.0154658052570253,-0.0192302358123504
2004-09-13,0.008152648226734005,0.005474028963528443,1.4084364306267003,0.4152071390731245,0.5847928609268754,0.0004428264121948281,0.0005515940631402923
2004-09-14,0.002587707226153535,0.003959431030312155,1.372657652999794,0.42146830527180434,0.5785316947281957,-0.002847236079129304,-0.0036000592949380936
2004-09-15,0.0116147811060483,-0.0017254429035462593,1.4053971870518924,0.4157317574756217,0.5842682425243783,0.014039713709110863,0.017510264564229716
2004-09-16,0.002870375721224727,-0.0007407105999228669,1.3891609866634846,0.4185569769396418,0.5814430230603582,0.0038993419890456784,0.004896290384966307
2004-09-17,-0.004770267076574242,0.0027180023542345833,1.3895843812671695,0.4184828156056625,0.5815171843943375,-0.008547160696266015,-0.01073051962082237
2004-09-20,-0.00111838467465597,-0.001232134093249626,1.3857618089661592,0.4191533271434744,0.5808466728565255,0.0005890596952945102,0.0007407189935064455
2004-09-21,0.015035243392121478,0.007401924723305031,1.293842747815764,0.43594967482065505,0.5640503251793451,0.005458316768995058,0.0071386542615345765
2004-09-22,0.0007878407580343971,-0.0026940377634673274,1.3003002761101747,0.43472585313557743,0.5652741468644226,0.0042908988057222,0.005596093932108042
2004-09-23,0.014958316727997634,0.009086398768504811,1.265963953855004,0.4413132866914037,0.5586867133085963,0.003455263416718044,0.004574560964449229
2004-09-24,-0.00636051640442592,-0.006814280444292553,1.3594969796422518,0.4238191481608171,0.5761808518391829,0.002903477278025068,0.0036916478000306174
2004-09-27,0.019359811331809418,0.0024503797722226217,1.3545216099822683,0.42471472581113023,0.5752852741888698,0.016040718977670447,0.020438188687244094
2004-09-28,0.009649288414185886,0.008310911380490449,1.3342705088338533,0.4283993634052193,0.5716006365947808,-0.0014397155423341683,-0.0018503196654616715
2004-09-29,0.012287598776252961,0.00121212121212122,1.32806444363821,0.4295413740511574,0.5704586259488427,0.010677823693055121,0.013759701182972702
2004-09-30,0.036415410708435125,0.013801482341480042,1.3723970071298535,0.4215146103264599,0.57848538967354,0.017474297649032394,0.022097015292781387
2004-10-01,0.00028923249141965535,0.0019106466912954811,1.4903251201252548,0.40155399466464176,0.5984460053353582,-0.002558252268302203,-0.0030818292530898923
2004-10-04,-0.025730044007146957,-0.013110846245530383,1.3868774709292377,0.4189574086560417,0.5810425913439582,-0.007546906724403689,-0.009485497453875079
2004-10-05,0.05029677100580954,0.010144957021814616,1.4165675858078708,0.4138100692373952,0.5861899307626048,0.035925753729293,0.044599315914373036
2004-10-06,0.02020061109790494,0.00047819627837353273,1.4998050834252226,0.40003118908367213,0.5999688109163279,0.019483409888725295,0.02338191487557407
2004-10-07,-0.0038770914280764623,-0.0009560083707442768,1.4929532365883897,0.4011306691691103,0.5988693308308898,-0.002449815636768201,-0.0029480885571533354
2004-10-08,0.010981373191636168,0.012200971539511052,1.4506487410464626,0.4080552154418448,0.5919447845581552,-0.00671795081169926,-0.008223884597386974
2004-10-11,-0.005912243340244094,-0.0025998725777529597,1.4397996314845833,0.4098697233557307,0.5901302766442692,-0.0021689477608885094,-0.0026669580561852133
2004-10-12,-0.027247583151199795,-0.0163506964371668,1.4420689762816938,0.40948884315405576,0.5905111568459444,-0.003668751078561929,-0.004506937904941555
2004-10-13,-0.022038989048271507,-0.0045771955397431174,1.4479530702238603,0.4085045633283125,0.5914954366716875,-0.0154114247134855,-0.01888691196854867
2004-10-14,0.022971793743172597,0.011858648963517515,1.5021712177684636,0.39965290660318603,0.600347093396814,0.005158072588556762,0.0061843161074607925
2004-10-15,0.007816985067528037,0.0014350779592360308,1.4752240973112807,0.4040038237694328,0.5959961762305672,0.005699923480542749,0.006908372643997334
2004-10-18,-0.017345951709058727,-0.0059708620184224515,1.4901918729916972,0.40157548132972093,0.5984245186702791,-0.008448221654450788,-0.01017779603179874
2004-10-19,0.02985077282452453,0.009850974208761132,1.5206741571889746,0.3967192654187354,0.6032807345812646,0.01487065092212637,0.017698421130373235
2004-10-20,0.021878492511510528,0.007613638591413618,1.5460823983572032,0.3927602659855884,0.6072397340144116,0.010107179897872803,0.01190909599515814
2004-10-21,-0.005727572982809126,0.0021251331676135354,1.5945373001003809,0.3854251777229453,0.6145748222770547,-0.009116177086249382,-0.010540812520864532
2004-10-22,0.003154607142354937,0.0004712823042123393,1.581967529938175,0.38730153977728177,0.6126984602227183,0.0024090538396565712,0.002799090784516088
2004-10-25,0.006426022764834061,0.01036267977681482,1.5904754806480434,0.38602951754240733,0.6139704824575926,-0.010055565333997249,-0.01164523510349734
2004-10-26,-0.005434039060095097,-0.005128233582823438,1.5310919268515628,0.3950864010079258,0.6049135989920743,0.0024177579775749337,0.002865669893604846
2004-10-27,-0.018303551365346116,-0.004686035747897388,1.5258521413842705,0.3959059929184766,0.6040940070815234,-0.011153353684813645,-0.013247038694871285
2004-10-28,0.0,0.0007062578134844344,1.5409123343845599,0.39355942606426536,0.6064405739357347,-0.0010882813760536348,-0.0012849101812682925
2004-10-29,0.014609715044839655,0.007998103617190777,1.5648015614012376,0.38989371148607155,0.6101062885139285,0.0020942700164106407,0.002449628128657018
2004-11-01,0.003428427865495909,-0.0028004952322783216,1.570578715264667,0.38901745901099155,0.6109825409890084,0.00782682606951242,0.009134315969048123
2004-11-02,-0.0423670830253855,-0.01708398783410603,1.6866049849126385,0.37221698225670397,0.627783017743296,-0.013553143982195398,-0.015134131059430143
2004-11-03,0.01969459284217545,0.01095239548456095,1.7496149825683303,0.36368728216120316,0.636312717838797,0.0005321176073738859,0.000580573219247791
2004-11-04,0.03163048743969554,0.012953367689446438,1.753371129740484,0.36319114019847154,0.6368088598015286,0.00891842650010696,0.00971728046805033
2004-11-05,0.016551379803490862,0.008137642293261527,1.7531410904111877,0.3632214867167043,0.6367785132832957,0.0022849447201061506,0.0024898230549073187
2004-11-08,-0.0021352988043752408,-0.0020756316508665495,1.7691547511444456,0.36112102423554215,0.6388789757644578,0.0015368147923811044,0.0016649283956549892
2004-11-09,0.00641966796012805,0.006933209880670477,1.7930643693080632,0.358029700635841,0.641970299364159,-0.00601202364183679,-0.006457449074107274
2004-11-10,-0.015016599952766163,-0.003901795178797185,1.7861961097877939,0.3589122806133569,0.6410877193866431,-0.008047228583209862,-0.008664747490250532
2004-11-11,0.007825095722869824,0.0020737186554939946,1.8009754189331117,0.357018484789452,0.6429815152105481,0.004090379398542118,0.0043810231652444895
2004-11-12,0.019410975234149808,0.006898137599684828,1.8083411267697826,0.3560820978861007,0.6439179021138993,0.006936789314522742,0.00741019947512743
2004-11-15,-0.006303330308459532,-0.002055249849346019,1.8397872219432374,0.3521390589664356,0.6478609410335644,-0.0025221078977319617,-0.0026643981051574454
2004-11-16,0.0029074022809918443,0.007322682395952462,1.9162472031969815,0.34290645830838157,0.6570935416916185,-0.011124667380151833,-0.011444160873559941
2004-11-17,0.009619179346247453,0.01044973979640429,1.8861780501109027,0.3464789706794335,0.6535210293205665,-0.010090890487100691,-0.010488844047628607
2004-11-18,-0.014748158479458318,-0.00494600213540719,1.9179650515799123,0.3427045842987587,0.6572954157012412,-0.00526189923870771,-0.005409830973669842
2004-11-19,0.006358502722437764,0.009489339429586074,1.9832694853813202,0.33520270458308277,0.6647972954169173,-0.01246141460468608,-0.012531299635265707
2004-11-22,-0.0036857120332933757,0.00447627586088184,1.9653969592046387,0.33722298018010183,0.6627770198198982,-0.01248337099883167,-0.012629038712759609
2004-11-23,-0.0021138584354915,-0.0022281640534742575,1.9832058580262628,0.3352098539594636,0.6647901460405363,0.0023050495680021904,0.002318025987178017
2004-11-24,0.007811467690636453,0.0033497097831398648,1.988910626961235,0.3345700573913378,0.6654299426086622,0.0011491943057135622,0.0011534580144491567
2004-11-29,0.020756698976372334,0.009793065955056246,1.9929518094399115,0.3341183098391203,0.6658816901608797,0.001239590461278594,0.001242509609445299
2004-11-30,-0.006048897226618166,-0.005289892769426041,2.0197046981917186,0.3311582091450291,0.668841790854971,0.00463512405272201,0.0046048781413934115
2004-12-01,0.039233454791077316,0.005982743806919544,2.037614053392059,0.32920574583308726,0.6707942541669127,0.027042931932253746,0.02670806572881302
2004-12-02,-0.014702221552587935,-0.007929528862369195,2.0595083327293247,0.32684990241811845,0.6731500975818816,0.0016287092140791042,0.0015970303430677332
2004-12-03,0.011127949012914584,0.012433406259775959,1.9265636749495236,0.34169767381440885,0.6583023261855911,-0.012825799843059798,-0.013147637913548232
2004-12-06,-0.01000499319362047,-0.003947341651247216,1.8952947521375296,0.3453879779465365,0.6546120220534635,-0.0025236172771177312,-0.002614881205363911
2004-12-07,-0.00985347015596294,-0.004843707943425701,1.9010449748593776,0.34470337711619686,0.6552966228838031,-0.0006453635104270595,-0.0006673769445353136
2004-12-08,-0.0939014545845448,-0.0327433358251521,1.9449957829064288,0.33955906008568054,0.6604409399143194,-0.03021580448633497,-0.030780150513337767
2004-12-09,-0.048155448639832454,-0.0032022515438530075,2.19385698744588,0.3131010574145017,0.6868989425854982,-0.04113016671479118,-0.03863369607010758
2004-12-10,-0.007988221276134744,-0.004359784189317151,2.239934613581524,0.3086482041359992,0.6913517958640008,0.0017774102372622065,0.0016457834332317626
2004-12-13,0.01297351207213615,0.011523392648843611,2.247515495743452,0.3079277069842189,0.6920722930157811,-0.012925491469676049,-0.011940350849704282
2004-12-14,-0.01104081902833609,-0.0068352700882187145,2.2234291799466783,0.31022862429276077,0.6897713757072392,0.004156919938626106,0.0038687866615653745
2004-12-15,0.01860672837252797,0.011241096501708236,2.216143076262783,0.3109314406379017,0.6890685593620983,-0.006305149809334529,-0.005881407940962532
2004-12-16,-0.022358597015875947,-0.00884753630781876,2.207031322540185,0.31181485287394467,0.6881851471260553,-0.002831807257208406,-0.002648998689821422
2004-12-17,0.01136019972135327,0.010757638527559399,2.209947472533355,0.31153157755904953,0.6884684224409504,-0.012413616353054067,-0.011601700457039246
2004-12-20,0.009459079463230546,0.0018115665351263743,2.195121814008618,0.3129771126770889,0.6870228873229111,0.005482470244446633,0.005147663122334882
2004-12-21,0.009516845965817922,-0.0013562525130956793,2.2014639467709514,0.31235710182168885,0.6876428981783111,0.012502586976115558,0.011715815499399145
2004-12-22,-0.01334300331891114,-0.003395201542429449,2.2114166789202927,0.3113890534865781,0.6886109465134219,-0.005834797999686752,-0.00545067667922351
2004-12-23,0.011759506691175536,0.0036338999497496083,2.211788981409454,0.3113529580517965,0.6886470419482035,0.0037220868227749847,0.0034766482271898127
2004-12-27,0.01307571610266578,0.0074677944243644045,2.2256223950364364,0.3100176888462805,0.6899823111537196,-0.0035447744097278737,-0.0032968283099558213
2004-12-28,0.007600741850020132,-0.002021618125302216,2.223277373558361,0.3102432351008137,0.6897567648991862,0.01209535968598002,0.011257510556059211
2004-12-29,-0.03259323808806358,-0.0186810443866956,2.1916005452473133,0.313322417960206,0.686677582039794,0.008348148975607754,0.007846986667588311
2004-12-30,0.0014712709993909279,0.0034403669724769603,2.151403624532122,0.3173189217069795,0.6826810782930205,-0.005930346974916609,-0.0056454339222863584
2005-01-03,-0.04847949404125196,-0.02011425781249998,2.1612090071364087,0.31633466744606464,0.6836653325539354,-0.005008378885013126,-0.004752971607103557
2005-01-04,-0.007719652448522241,-0.00046655516989968504,2.11634791352731,0.32088843343172396,0.6791115665682761,-0.006732259388159662,-0.006480912505567712
2005-01-05,0.013225460952475343,-0.004434058101480454,2.117007868701119,0.32082049264017665,0.6791795073598234,0.022612396843587408,0.02176356088540466
2005-01-06,-0.012131448889310614,-0.013127065221271383,2.0927917485490837,0.3233324715345378,0.6766675284654622,0.01534076488843179,0.014880502279820726
2005-01-07,-0.0006218229233030392,-0.004988138013101273,2.077077728850113,0.3249836657111988,0.6750163342888013,0.00973892745214027,0.009494977030475912
2005-01-10,0.00031114199868120807,0.0004774700643244145,2.0664971056246264,0.32610498740265603,0.673895012597344,-0.0006755485072675988,-0.0006608992123571502
2005-01-11,0.02985537324128762,0.006680953834863779,2.0946872956002185,0.3231344250586225,0.6768655749413774,0.0158608641209069,0.015375573625926557
2005-01-12,0.015853845202375982,0.009954994709153064,2.1065938906472166,0.3218959526736414,0.6781040473263585,-0.0051172858333512275,-0.004941700795289765
2005-01-13,0.0002972436077208762,-0.0037550013625836653,2.1006158342550383,0.32251657524037075,0.6774834247596292,0.008185058927613368,0.007919451520423454
2005-01-14,-0.022288275622929676,-0.004240253929254978,2.091129874635248,0.32350630370003447,0.6764936962999655,-0.013421353955425097,-0.01302567782630823
2005-01-18,0.009118532443044058,0.0011828719790882847,2.0980021706891088,0.32278866989223687,0.6772113301077631,0.006636864463269515,0.006426913957061464
2005-01-19,-0.004518032164821384,-0.00047261862301983815,2.0777721093745525,0.32491034568612503,0.675089654313875,-0.003536038371539758,-0.0034466863489691565
2005-01-20,-0.010136143859098556,-0.0014184541454269617,2.065673288135925,0.32619261937336036,0.6738073806266396,-0.0072060810204444105,-0.00705171133042626
2005-01-21,0.03882006747577149,0.01017996773835339,2.0714323247073585,0.32558099748959257,0.6744190025104074,0.017732953238068217,0.01732053781105965
2005-01-24,0.007061918396513933,0.00046867045636767024,2.1124502419218305,0.3212902768792649,0.6787097231207351,0.006071875377578433,0.0058525035637156985
2005-01-25,-0.025566065633554236,-0.011478083782012316,2.1456153151692465,0.31790282657184865,0.6820971734281513,-0.0009385132820728635,-0.0008950680754385605
2005-01-26,0.01844080113217017,0.011611359944275756,2.152620072546844,0.31719648323882876,0.6828035167611712,-0.006554045353444227,-0.006236760411300876
2005-01-27,0.0022081357275196556,-0.0014054956947624486,2.132021576752518,0.31928260246433693,0.6807173975356631,0.005204682874785967,0.004985294079789692
2005-01-28,-0.0033784136353572913,-0.0011728829798672846,2.1301757333217712,0.3194708812526608,0.6805291187473392,-0.000879966773617874,-0.0008433712819222888
2005-01-31,-0.00707440824401917,-0.009394081997824877,2.1328842681464457,0.3191946827297405,0.6808053172702595,0.012962081462819242,0.01241228244012492
2005-02-01,-0.0025234078066106447,-0.0023707919130875332,2.112064243930006,0.3213301274067436,0.6786698725932564,0.002483857022819949,0.002394414280808606
2005-02-02,0.002976187730794999,0.0007129712909936803,2.089389778213927,0.32368851837728657,0.6763114816227134,0.0014865128032328164,0.0014435013804818917
2005-02-03,-0.01083085411018081,-0.010686297636608888,2.0962365092500295,0.32297274352669525,0.6770272564733048,0.011570153144391044,0.011210532312203989
2005-02-04,-0.00629965772431873,-0.006241013119115513,2.052285686331648,0.3276233297813737,0.6723766702186263,0.006508684168250069,0.006397190339092195
2005-02-07,-0.012075460182045972,-0.0009661688320878881,2.042783719011435,0.32864642785879256,0.6713535721412075,-0.01010178622204054,-0.009959747870600373
2005-02-08,0.0003055546246282237,-0.002417794935306916,2.0441247607745754,0.3285016477923693,0.6714983522076307,0.0052478291183644535,0.005171761538146498
2005-02-09,0.005193206086443691,0.0007270668650778411,2.0553080141006963,0.3272992429518899,0.6727007570481102,0.003698859731862135,0.0036319019700711214
2005-02-10,0.056982222835044505,0.010414188360644339,2.0518386824248247,0.32767131688803897,0.672328683111961,0.03561398831061608,0.03500904734812439
2005-02-11,0.035221444456044804,0.007909845868679266,2.1405714493356043,0.31841338945227704,0.681586610547723,0.018289854220904785,0.01747120342519898
2005-02-14,0.01833078260887988,0.012604013776382317,2.1682829157543044,0.31562837871185506,0.6843716212881449,-0.008998285132381791,-0.00852034244256196
2005-02-15,0.00272739403069866,0.0002348663841771348,2.139524975956276,0.31851952370450803,0.681480476295492,0.002224891535739138,0.002126014176773465
2005-02-16,-0.01427988803632907,-0.0009391732853173407,2.1631598191805628,0.3161395747177443,0.6838604252822558,-0.012248306122282795,-0.01161652286553368
2005-02-17,0.016142332204704735,0.004230288585120423,2.1993013411856315,0.31256824329946026,0.6874317567005397,0.00683865284584712,0.006412637119683866
2005-02-18,0.006517357391047307,-0.000468012392151107,2.2010638061645,0.312396147204012,0.687603852795988,0.007547482528247575,0.007073413388742415
2005-02-22,0.014029419945262411,0.01732613858752985,2.2388293807838835,0.3087535286461966,0.6912464713538033,-0.02476084818003279,-0.022934997743573632
2005-02-23,-0.010110444541372332,0.0009205843417361415,2.1526900782822023,0.3171894398655472,0.6828105601344527,-0.012092177320049677,-0.01150653285270429
2005-02-24,-0.00806342466101051,-0.0009197376456611117,2.14925384253359,0.31753553381250943,0.6824644661874906,-0.006086674991950568,-0.005798206778136826
2005-02-25,-0.012193490323293754,0.0009205843417361415,2.1501822770555945,0.31744194844962365,0.6825580515503764,-0.014172914459429697,-0.013497232743633621
2005-02-28,0.009326610568048288,0.0036790207541286257,2.1475284928078096,0.31770959414188876,0.6822904058581113,0.0014258086729257904,0.0013589792843977117
2005-03-01,-0.01766545873107017,-0.008247436663265995,2.1533405108339174,0.3171240139034477,0.6828759860965523,9.408074647740405e-05,8.950579186184013e-05
2005-03-02,0.010789883479970674,-0.00023101433339256516,2.114976675298273,0.32102969114664254,0.6789703088533574,0.01127847340675553,0.010862174503129044
2005-03-03,-0.010674704660500689,-0.006700540615245165,2.1192682849155533,0.32058800611537414,0.6794119938846258,0.003525538557176938,0.0033907361295846816
2005-03-04,0.016599790294553385,0.010002368856935284,2.163610758345772,0.31609451237385866,0.6839054876261413,-0.0050414425732545,-0.004780716995561072
2005-03-07,0.0013607604997933898,0.0018424407426946843,2.148160277988262,0.3176458349315748,0.6823541650684253,-0.0025970975182105236,-0.0024748716287121067
2005-03-08,0.019431939807717846,0.012183879983836299,2.1464078286130808,0.31782275358779366,0.6821772464122063,-0.0067196355724706,-0.006406959242247285
2005-03-09,0.013596406089328772,0.004088163435047143,1.890605507652278,0.3459482787785146,0.6540517212214854,0.005867301782845987,0.006089348858549037
2005-03-10,-0.014729088270307722,0.0015833107436991067,1.8529669266513684,0.3505123002507907,0.6494876997492093,-0.01766291071299395,-0.01857320238940753
2005-03-11,0.005739421225859687,0.0076784654647554795,1.8440104090383662,0.35161615331011603,0.6483838466898839,-0.008419749016591035,-0.008881559283151114
2005-03-14,-0.020570635183811747,-0.011429865450450216,1.8547067140134845,0.3502986822047585,0.6497013177952415,0.0006284130074090295,0.0006603967451271342
2005-03-15,-0.00040653920770861163,-0.0004534395925270829,1.857696453235869,0.3499321976159033,0.6500678023840968,0.0004358139150856679,0.0004575159631725553
2005-03-16,0.006506755677994969,0.006350688022926709,1.8699117208201221,0.3484427736035847,0.6515572263964153,-0.005368470291347653,-0.005611814034976862
2005-03-17,-0.005387200111178547,-0.011268875056210215,1.8374826726232691,0.35242505959533993,0.6475749404046601,0.01531916254456429,0.01619657031815631
2005-03-18,-0.0010833275006605358,0.0013676215391904556,1.8221771901814676,0.35433636253565615,0.6456636374643437,-0.003575376274174254,-0.003800657471061576
2005-03-21,-0.03795577314263299,-0.018666018477827895,1.8172636376985534,0.35495435592847413,0.645045644071526,-0.004034696502267052,-0.004296399294987208
2005-03-22,-0.003804417351631506,0.0004638870021382857,1.84845944341958,0.35106696088307243,0.6489330391169275,-0.0046618936614136195,-0.0049099105190176144
2005-03-23,-0.013154163068187397,-0.014143231529293643,1.8400065914327042,0.35211185883041485,0.6478881411695852,0.01286947616987175,0.013594485529041812
2005-03-24,-0.006306456540296046,-0.001175917181668762,1.7947552408198308,0.35781308695449615,0.6421869130455038,-0.0041959730157259505,-0.004504122172604007
2005-03-28,-0.003317501807998946,0.002825480703937844,1.7993829773121355,0.35722157636328955,0.6427784236367103,-0.008401623689388613,-0.009003723775003669
2005-03-29,0.014761250182868002,0.0002348112349115361,1.7937254368592281,0.3579449815670589,0.6420550184329411,0.014340063297946851,0.01539886107856213
2005-03-31,0.025527652406660772,0.006338056824017002,1.7951338451736216,0.35776462072709236,0.6422353792729076,0.014149992089234219,0.015187099659288713
2005-04-01,-0.027951635940697384,-0.006531416446973859,1.8265921889515955,0.35378290646550875,0.6462170935344912,-0.016021401675864952,-0.01700429415161663
2005-04-04,0.004291875649596877,-0.004695938080915063,1.7764987402912629,0.36016583961968485,0.6398341603803152,0.012634203734828257,0.013651225788241732
2005-04-05,0.0027065603215647993,0.0014154425858805553,1.7593883656009357,0.36239915064736505,0.637600849352635,0.0002162471037904473,0.00023510330023083148
2005-04-06,0.010939073841204072,0.006124867146090951,1.7858208002769504,0.3589606337566959,0.641039366243304,1.1586927819284137e-06,1.2477752859892804e-06
2005-04-07,-0.006323787968559813,-0.0014048374969355404,1.8273074840069312,0.35369340110923303,0.6463065988907669,-0.0037567178965959356,-0.003986178989564822
2005-04-08,0.01272799808914482,0.0009378520433396265,1.8433747789684174,0.35169475631446734,0.6483052436855326,0.010999185286048558,0.011605067366503567
2005-04-11,0.012568098787397952,0.003982225887413593,1.8455128325618702,0.351430500877299,0.6485694991227009,0.005218849810016085,0.005502189008212049
2005-04-12,-0.013791188199164695,-0.0023331777549215893,1.8146178874151413,0.35528801421722267,0.6447119857827772,-0.009557362110564878,-0.010186848616252558
2005-04-13,0.009788864695473132,0.003975635325509375,1.8355815454703803,0.35266134440655456,0.6473386555934455,0.0024912618604479957,0.0026357152709230933
2005-04-14,-0.022850014874334135,-0.012345650928657137,1.8463710236633053,0.3513245433172626,0.6486754566827373,-5.5362731399621196e-05,-5.835085897730463e-05
2005-04-15,-0.005385502488426286,0.002122627114349962,1.8278716638978645,0.3536228368375197,0.6463771631624802,-0.009265392443767874,-0.009829363081134343
2005-04-18,0.003277253216901199,0.006119101296454765,1.8185110637277744,0.35479725904548903,0.645202740954511,-0.00785040019077276,-0.00835590141028908
2005-04-19,0.029115172124265953,0.012631564670138928,1.8000892828650539,0.357131469385433,0.6428685306145671,0.006377227935732019,0.0068325263498814175
2005-04-20,0.012006675720387161,0.005543991523035752,1.8168040416567652,0.3550122710743584,0.6449877289256415,0.0019343295144249612,0.002060132141766499
2005-04-21,-0.016364429210394604,-0.0052836844876335,1.756284256883472,0.3628072821236149,0.6371927178763852,-0.007084777326424475,-0.007711226418753223
2005-04-22,0.00804104938024719,0.003002281277064034,1.7700283814848634,0.3610071314373876,0.6389928685626125,0.0027269263106432283,0.0029533195351393532
2005-04-25,-0.0020629716234996653,0.000690808931567144,1.7483856205281318,0.3638499606935941,0.6361500393064059,-0.003270772025984062,-0.0035702108192760245
2005-04-26,-0.0006891006631756236,0.007593160944831423,1.758022303931477,0.3625786486840699,0.6374213513159301,-0.014038046961530673,-0.015269688292425915
2005-04-27,-0.016135719785730362,-0.011189755571548776,1.7242385959181388,0.3670750430958395,0.6329249569041606,0.0031580886496240697,0.003477766581483712
2005-04-29,-0.03252030835737685,0.004618937644341736,1.7126830638462502,0.36863871542078464,0.6313612845792154,-0.040431084633802836,-0.0447133893074223
2005-05-02,-0.00898287427796507,-0.012643678160919491,1.6848079988718796,0.37246611318954154,0.6275338868104585,0.012319295822713787,0.01376556069695508
2005-05-03,0.001608140251468937,-0.006519179960346344,1.6329961124013883,0.37979547151247545,0.6202045284875246,0.012253935782759554,0.013961967955490278
2005-05-04,0.01912130275450541,0.0053901751281244525,1.6058923251151749,0.38374570981393186,0.6162542901860683,0.010465261885223646,0.012047998051601505
2005-05-05,0.009739375228575486,0.00186477341018354,1.6459762721682953,0.37793233844101376,0.6220676615589863,0.006670002442443024,0.007562428861439296
2005-05-06,-0.01390071587797348,-0.008608612830476314,1.6576762034640762,0.37626856074362147,0.6237314392563785,0.00036957675594263134,0.00041718034212848837
2005-05-09,0.016541969042486615,0.00023470101404154953,1.6517435193348438,0.377110377647246,0.622889622352754,0.01615430316356217,0.01827586609991709
2005-05-10,0.004669590035419002,0.0023463162162329354,1.6539402002347228,0.3767982413136351,0.623201758686365,0.0007889233229287241,0.0008917947618325575
2005-05-11,-0.0028168987598808926,0.0,1.6539670292642021,0.37679443224931264,0.6232055677506873,-0.0028168987598808926,-0.003184175306799341
2005-05-12,-0.0186440636871259,-0.013108628144892776,1.5221600112916294,0.3964855502914296,0.6035144497085704,0.0013093658779218566,0.001557433951922
2005-05-13,-0.0033102711053975,-0.0033206685868515384,1.456207302737472,0.4071317591497624,0.5928682408502376,0.0015253107407466318,0.0018630073353906092
2005-05-16,0.0014440074757047228,-0.0030938083597826793,1.4514727336850117,0.4079180593197205,0.5920819406802795,0.00593458595317603,0.007262474354656921
2005-05-17,0.012977671713118921,0.0011936023091076997,1.4447195882685444,0.40904486747629126,0.5909551325237088,0.01125325107654846,0.013809253785852594
2005-05-18,0.02277577868185654,0.005007167701661874,1.447297135745483,0.40861405237389986,0.5913859476261001,0.015528919209044017,0.01903600382098311
2005-05-19,-0.009046632948936928,-0.0023724792408066353,1.4596554021147006,0.406561016287178,0.5934389837128221,-0.005583630808688539,-0.006810259848458431
2005-05-20,-0.02598313844846567,-0.0073721904958754525,1.4642401990966347,0.4058045966324995,0.5941954033675007,-0.01518848076900668,-0.018490665935781695
2005-05-23,0.002162922366165665,-0.0019165975195657436,1.575647743409156,0.38825184948481695,0.611748150515183,0.005182804922893015,0.006036700790496681
2005-05-24,0.005467641417898239,0.002160330972872604,1.5799908051617224,0.3875982805827545,0.6124017194172454,0.0020543383446534466,0.0023887740303686943
2005-05-25,0.01931886526948201,0.0031137432166916668,1.5813696601581704,0.38739124249981544,0.6126087575001845,0.0143948862170825,0.016729358571837175
2005-05-26,0.00407129086905389,-0.001910190583301108,1.6085973940079965,0.3833477723687914,0.6166522276312085,0.007144018463410666,0.008215930691129986
2005-05-27,0.020973167842213813,0.00430619089226969,1.6012941010050619,0.384424044791256,0.615575955208744,0.014077689768620635,0.016235407326508876
2005-05-31,0.019446688665694545,-0.008337303720280409,1.610120896802388,0.38312401591247436,0.6168759840875255,0.03287075560870632,0.037780727684655166
2005-06-01,0.008597545902784276,-0.002402113930633387,1.5185883454354268,0.39704781522250504,0.602952184777495,0.012245368122252222,0.014585989978606662
2005-06-02,0.002397459527429424,0.01781850380826766,1.5068419955290955,0.3989082685639864,0.6010917314360137,-0.024452210308363406,-0.02926256663001512
2005-06-03,-0.004783450924865096,0.0023657439581767914,1.344113623766307,0.42660048124855465,0.5733995187514452,-0.007963279609393348,-0.010191416741052017
2005-06-06,0.004138870263873606,0.0066084203736123115,1.3371955863729692,0.4278632074399358,0.5721367925600642,-0.004697880292617985,-0.0060301503905051835
2005-06-07,-0.012232417065457524,-0.003985960626099017,1.3129909899078027,0.4323406378854336,0.5676593621145664,-0.006998886677262251,-0.009077709391606275
2005-06-08,0.003903658995123349,-0.00023534743128628133,1.3097892899756984,0.43293992414802523,0.5670600758519747,0.004211914540045412,0.005470517884455676
2005-06-09,-0.02681687867953575,-0.0011773015908373985,1.3243820728661215,0.43022186914689625,0.5697781308531038,-0.025257681558273935,-0.03259922091095311
2005-06-10,0.0024800394241453194,0.007543568122038158,1.3445163602711079,0.4265272006395235,0.5734727993604767,-0.007662411330754581,-0.009804680565165952
2005-06-13,-0.0031611105351257995,0.004445470106732241,1.2960194955430937,0.4355363715077963,0.5644636284922036,-0.008922526460304822,-0.011658254397610389
2005-06-14,0.00220602113927737,-0.004192843801889001,1.2789736772761628,0.4387940106421955,0.5612059893578045,0.007568557994823913,0.009963113751980513
2005-06-15,0.007016111966008376,0.0037427043357090017,1.27440309211959,0.43967580041762416,0.5603241995823759,0.0022463979876914284,0.0029630604998843076
2005-06-16,0.005464475534834312,0.01654627360178318,1.3132039570029412,0.432300834075881,0.5676991659241188,-0.016264156432680667,-0.02109302517416537
2005-06-17,-0.004076115389147983,0.004814249259903258,1.217290836331292,0.4510008266008939,0.5489991733991061,-0.009936456897042922,-0.013444050822151533
2005-06-20,-0.00450204539073451,0.00022816816404480633,1.0827982942159629,0.480123304679599,0.5198766953204008,-0.004749105489556615,-0.006840468665753841
2005-06-21,-0.001370392234997242,0.0011405109647835143,1.0832426708741743,0.4800208895396608,0.5199791104603392,-0.0026058423786506175,-0.0037525763298000454
2005-06-22,-0.0046658976110831585,-0.001822710877406486,1.0943944784324418,0.4774649715217232,0.5225350284782769,-0.002671132891070749,-0.0038261171692975
2005-06-23,0.002343885133587076,0.008217315803152436,1.0934591875732151,0.4776782876571014,0.5223217123428987,-0.0066414143285605295,-0.009517378272264395
2005-06-24,0.001100398490256227,-0.0027168036537630336,1.0774663686226928,0.48135556613750363,0.5186444338624965,0.004027663057337146,0.005816214093526892
2005-06-27,-0.005221229382918469,-0.00045405722368052626,1.0742909965197587,0.48209243624824,0.51790756375176,-0.0047334397956137215,-0.00684586656870537
2005-06-28,-0.0198894449062067,-0.008857583476287068,1.0293380479670773,0.4927715227148904,0.5072284772851096,-0.01077199722101993,-0.015924400419847676
2005-06-30,-0.009582907941871777,-0.0011457378712030897,1.0089693393936163,0.4977676763856626,0.5022323236143373,-0.008426893558845747,-0.012583905677807861
2005-07-01,-0.025184981339030466,-0.0185822578961522,1.034877937709656,0.49142996809211253,0.5085700319078874,-0.005954612609471506,-0.008778825254020423
2005-07-05,-0.0030652326611815273,-0.011453936503746931,1.0725630395813295,0.4824943709321412,0.5175056290678588,0.009219836290448827,0.013345557333172296
2005-07-06,0.012591503166673457,0.0014187895771464731,1.022213555377589,0.494507613867359,0.505492386132641,0.011141197228685895,0.016528220571549283
2005-07-07,0.004771543218401231,-0.0004722838418683706,1.026403399175102,0.4934851572036816,0.5065148427963184,0.005256296959070403,0.007781713593468273
2005-07-08,0.006475762996077217,-0.0009449419041325235,1.0212069977211453,0.4947538778202689,0.5052461221797312,0.007440744281017294,0.011044011260706884
2005-07-11,0.01072345005935249,0.00614804005921088,1.0059152659451451,0.4985255444121769,0.5014744555878232,0.004539042708149973,0.00678848621157176
2005-07-12,-0.0029707043625036844,0.0018801123219007732,1.0076253036308325,0.4981009146435239,0.5018990853564761,-0.00486515311171902,-0.007270011644484091
2005-07-13,-0.0021282444361498953,-0.005629823985943694,0.995774482991628,0.5010586158517364,0.49894138414826356,0.0034777906327870525,0.005227730882059245
2005-07-14,-0.010237455819847363,-0.010143873212743681,0.9404024720127191,0.5153570016650881,0.48464299833491187,-0.0006981323747996017,-0.0010793622223261527
2005-07-15,-0.0007183040461972157,0.0026215588358315944,0.9490630619825517,0.5130670317987649,0.4869329682012351,-0.0032063287020989623,-0.004935184650471303
2005-07-18,0.002587712229728645,-0.0004754271481524075,0.951730658197349,0.5123657794685752,0.48763422053142486,0.0030401908223646242,0.004673069221302178
2005-07-19,-0.002867791940371678,-0.0019024679975475633,0.8655183313351462,0.5360440491004465,0.46395595089955355,-0.0012211710137157938,-0.0019638043645089334
2005-07-20,0.012079394689718193,0.004765308415129121,0.8483042514276543,0.5410364658456999,0.4589635341543001,0.008036963301800181,0.013044870662812673
2005-07-21,0.009661812837556294,0.008773966284916002,0.8432202607106789,0.5425287586706736,0.4574712413293264,0.002263426699322716,0.003683922232576837
2005-07-22,-0.002814520275376431,-0.0016454670886136835,0.844053126682062,0.5422837257401927,0.4577162742598074,-0.0014256586343796218,-0.0023193344276551692
2005-07-25,0.003810323248624403,0.002354603181674797,0.8457781498527477,0.541776919441688,0.458223080558312,0.0018188513259901002,0.002956235004952038
2005-07-26,-0.016870502878519766,-0.00540290872584781,0.8700128821235049,0.5347556744445758,0.46524432555542417,-0.01216990268609468,-0.019523773556482247
2005-07-27,0.003145979675677202,0.0030704259076221874,0.8664885543032593,0.5357654070229697,0.46423459297703035,0.0004854907698863798,0.0007803274798022144
2005-07-28,0.022665705333935193,0.006121910786925255,0.9413332325887392,0.5151099168412807,0.4848900831587194,0.01690294726325897,0.026120627277449647
2005-07-29,0.008921122331400078,0.006084732454463282,0.9960056078538362,0.5010005964237892,0.4989994035762107,0.002860694684464412,0.0042996292293091005
2005-08-01,0.00594089828005262,0.004652244774121961,1.0213318946044556,0.4947233072754166,0.5052766927245835,0.0011894123107349603,0.0017652899762426828
2005-08-02,-0.0059058124490318775,0.0,0.9932271726178685,0.5016989602277085,0.49830103977229145,-0.0059058124490318775,-0.00888881989493745
2005-08-03,0.00635534738160537,0.011576754041812576,0.9880192035138985,0.5030132496871572,0.4969867503128428,-0.005082707926062597,-0.0076700082932982545
2005-08-04,-0.007413495526051084,0.0022888533164797664,0.940319097021587,0.5153791464172115,0.48462085358278856,-0.009565748009818202,-0.014789961132426734
2005-08-05,-0.012863061535934084,-0.001598496686936679,0.9342764607790924,0.5169891793012968,0.4830108206987032,-0.011369623708695778,-0.017633917290369595
2005-08-08,-0.019756237800966248,-0.005718206610699106,0.9418163343195648,0.514981763375892,0.4850182366241081,-0.014370737411995713,-0.022202003080324363
2005-08-09,0.0028587737937215696,-0.0011502185092230333,0.9766868634994058,0.5058970231783,0.49410297682170007,0.003982177101833576,0.006043714624759189
2005-08-10,0.006413922123029048,0.005297069848704039,0.9405714981803621,0.5153121134354912,0.48468788656450873,0.0014316491994674652,0.002213238524027426
2005-08-11,0.015295323673233163,0.020618556701030855,0.9441778588813374,0.5143562331151076,0.48564376688489236,-0.0041722610459696,-0.006438085425533466
2005-08-12,-0.012972511259615627,0.0008978538641624123,0.9220269324755231,0.5202840725608484,0.47971592743915153,-0.01380035670380059,-0.021540317365937332
2005-08-15,-0.017382722052734056,-0.00829778367369094,0.9220740431059705,0.5202713202369939,0.4797286797630061,-0.009731551111915138,-0.015189140834849622
2005-08-16,0.011505813737381354,0.008819524624206654,0.9229643831830743,0.5200304325682332,0.4799695674317667,0.003365706632632524,0.005250809628196991
2005-08-17,-0.0068249479465762874,-0.013898256270349796,0.9291705698075482,0.5183574825629642,0.48164251743703573,0.0060889027514759615,0.00946868490547736
2005-08-18,0.0007157677177085375,-0.0009092837054653913,0.8409288718696097,0.543204039700035,0.45679596029996505,0.0014804106383549676,0.0024124951175079775
2005-08-19,0.0014306479555485918,-0.005233191792875402,0.8438960202869126,0.5423299302117908,0.45767006978820923,0.0058469176829542766,0.009512875376852034
2005-08-22,0.007714271545410156,0.0020585404193862455,0.8285784446098926,0.5468729017055317,0.4531270982944682,0.006008609326548505,0.009857836852873506
2005-08-23,-0.013042246799397805,0.0029673311455320484,0.817612922902033,0.5501721446848993,0.4498278553151007,-0.015468375090514502,-0.02553080729501651
2005-08-24,-0.006319975956777024,-0.004779258381169549,0.8130073337494813,0.5515697489937339,0.4484302510062662,-0.002434403843002507,-0.004028230549902822
2005-08-25,-0.013009561970149353,0.0025154496552064476,0.7927610487372376,0.5577988213791053,0.44220117862089464,-0.01500371247685654,-0.025107159407704666
2005-08-26,-0.012888151239224932,-0.0022810219295671397,0.8736835430696459,0.5337080552896917,0.4662919447103083,-0.010895259917981154,-0.017444663948104337
2005-08-29,-0.0014836427869816537,-0.000914480800333628,0.8981907784192837,0.5268174365659646,0.47318256343403536,-0.0006622645650805029,-0.0010466775615125517
2005-08-30,-0.005794953079011234,-0.01327228327910468,0.9714152335375048,0.5072498086593362,0.4927501913406637,0.007097945082136159,0.010801293854364128
2005-08-31,0.013450927035291604,0.006029627811534377,0.9281557897083501,0.5186302918766011,0.48136970812339885,0.007854493072229483,0.012220734103779357
2005-09-01,0.027282102792053342,0.01959428363113891,0.9486738252424243,0.5131695140799643,0.48683048592003575,0.008693518786815773,0.013383746434425872
2005-09-02,0.004880838286012157,0.0042957821987366085,1.004034265959082,0.498993463827538,0.5010065361724618,0.000567725759383555,0.0008498743295367586
2005-09-06,0.004428591047014541,0.0004502064024256569,1.0085360606391394,0.4978750541734304,0.5021249458265696,0.003974541655437649,0.005936475426046727
2005-09-07,0.0028445428155134955,0.0011251125267037754,0.9926423889394165,0.5018461945558881,0.4981538054441119,0.001727708429180597,0.002601131701459241
2005-09-08,-0.01205503286362175,0.004045894212724388,1.0014519601030105,0.49963727330659086,0.500362726693409,-0.016106801553324016,-0.02414267522937952
2005-09-09,0.005311470288274167,0.005148842019513378,0.9929376526879767,0.5017718435151491,0.4982281564848509,0.00019899117935733186,0.0002995445127281487
2005-09-12,-0.000713927996429331,0.0015590472316955317,1.007764333530688,0.49806642308536414,0.5019335769146357,-0.002285080190821843,-0.0034143651513175695
2005-09-13,-0.00785943184288218,-0.008005350246373277,1.0030383774794684,0.49924155784691165,0.5007584421530884,0.0001702416793949342,0.0002549751636948018
2005-09-14,0.006193320213844,0.008294063301569565,1.0525632901587447,0.487195695642915,0.512804304357085,-0.0025367063436409626,-0.0037076172351958626
2005-09-15,0.00472373204727905,0.01267232628217596,1.0610635505515433,0.4851863979314945,0.5148136020685056,-0.008722411471434214,-0.012695986209304542
2005-09-16,0.02991879705786249,0.008781558726673966,1.0310023303125722,0.4923677265530757,0.5076322734469244,0.020864989546884927,0.030819742403260263
2005-09-19,0.015078119764289744,0.015669232224224672,1.0880762227190324,0.4789097204017911,0.5210902795982087,-0.0019711992471519793,-0.002832079440929329
2005-09-20,-0.0031343368834461094,-0.00107135201826003,1.0819787114523645,0.48031230794978275,0.5196876920502173,-0.001975156807217232,-0.002846076373911699
2005-09-21,0.005468210736860435,0.005791466363699094,1.0951850982875686,0.4772847997140288,0.5227152002859712,-0.000874516921896505,-0.0012521809017417077
2005-09-22,-0.0002719041517766918,-0.00490507106612692,1.1008386009592805,0.47600039314937476,0.5239996068506252,0.005127787418264314,0.007322486481240692
2005-09-23,-0.010879967191425255,-0.006643819251960892,1.0883761190375194,0.47884094770288554,0.5211590522971143,-0.003648992978389304,-0.0052418617677993315
2005-09-26,0.004674879394222176,0.005177980359189593,1.0664825998635372,0.4839140673461447,0.5160859326538553,-0.0008473465612886741,-0.0012301287627749131
2005-09-27,-0.004926816885268637,-0.00708303892723805,1.0608421272196,0.4852385278775124,0.5147614721224875,0.00258716919748181,0.0037661825182683578
2005-09-28,0.01045251197634478,0.015348045849197023,1.0186364729573094,0.49538389571203795,0.5046161042879619,-0.005181567314268349,-0.007700595006109246
2005-09-29,0.01987204383033614,0.005322546167825237,1.0359794920663694,0.4911640828882189,0.5088359171117812,0.01435799515489275,0.02115639456709916
2005-09-30,-0.0046710059081224165,-0.006776815172186534,1.05498018679233,0.4866226966211898,0.5133773033788102,0.0024783998280880305,0.0036181368229490692
2005-10-03,-0.007374672006628891,-0.00618335585604346,1.050760260155451,0.4876240384744915,0.5123759615255083,-0.0008774473986989332,-0.0012835933323075335
2005-10-04,-0.003782234012074337,0.0,1.0581866444538854,0.4858645850679581,0.514135414932042,-0.003782234012074337,-0.005512960676719248
2005-10-05,0.007186437057236539,0.0,1.0523435949954274,0.48724784799117804,0.5127521520088218,0.007186437057236539,0.010504727972587674
2005-10-06,0.016155073504371176,0.012443655260713893,1.0488946912956258,0.48806803211913563,0.5119319678808644,0.0031029895610954865,0.004543410026310285
2005-10-07,0.02344992701194748,0.005933499357410721,1.0719486568751795,0.48263744214017124,0.5173625578598288,0.017089520345201316,0.024744127160431145
2005-10-10,0.009579272835978703,0.0008426245759394213,1.0999522300979379,0.4762013086142258,0.5237986913857741,0.008652426054538807,0.012360889829577608
2005-10-11,0.0033337637646304596,0.004209640021693106,1.096883646683635,0.4768981824917031,0.523101817508297,-0.0012837215335896506,-0.0018366133985830988
2005-10-12,-0.004728396594949946,-0.00670721476858871,1.0991146009357293,0.4763913316377422,0.5236086683622577,0.002643601088817663,0.0037781659290624953
2005-10-13,-0.013225495970640377,-0.0059083938152156845,1.0900802495389805,0.47845052850031716,0.5215494714996829,-0.0067848725661754945,-0.009738677595281908
2005-10-14,0.01678597109702884,-0.004033100980403881,1.0995571440626406,0.47629091821954467,0.5237090817804553,0.02122059609275797,0.030321531594557322
2005-10-17,0.0016636820102780003,0.010443294477840537,1.0587993984927888,0.4857199787080192,0.5142800212919809,-0.009393671901142623,-0.013688082347439338
2005-10-18,-0.004982756308801628,-0.004218519245417052,1.0328325095786461,0.49192444300650934,0.5080755569934907,-0.0006257324898517177,-0.0009234393196241482
2005-10-19,-0.024781755774639924,-0.018216492252342675,1.0333233990107304,0.4918056815194909,0.5081943184805091,-0.005958228082396554,-0.008790871268134819
2005-10-20,0.0023699968903561075,-0.005393743257820938,1.0434781894495213,0.4893617192309663,0.5106382807690337,0.007998250339382663,0.011742112610759877
2005-10-21,0.0055169176664504604,0.013015184381778733,1.028133901073068,0.4930640918091792,0.5069359081908207,-0.007864434625172974,-0.011633010948160723
2005-10-24,0.00169823789520418,-0.004282655246252709,0.983722547373812,0.5041027543513424,0.49589724564865756,0.005911182423571715,0.008939530023587236
2005-10-25,0.015519034246831653,0.016774167296707,0.97018271558981,0.507567136838185,0.492432863161815,-0.0007549729328453249,-0.0011495983497438883
2005-10-26,0.004879880454532914,-0.003384043204836318,0.9670081382493733,0.5083863053510265,0.49161369464897353,0.008152277773797125,0.012433519132848035
2005-10-27,-0.0029392669711680863,0.005517774869655767,0.9546066320297477,0.5116118934691002,0.4883881065308998,-0.008206571455788559,-0.012595738684156362
2005-10-28,-0.0015380779098862485,-0.0016884504296743597,0.958092577563266,0.510701083012348,0.489298916987652,7.961391436826283e-05,0.00012197673687217286
2005-10-31,-0.03080869990929691,-0.01670188984457588,0.9602938624186621,0.5101275983010903,0.4898724016989097,-0.01476997760075811,-0.022603719601306915
2005-11-01,-0.014304672284039865,-0.013545513282888888,1.0153869184718505,0.49618263909256755,0.5038173609074325,-0.0005507352926077992,-0.0008197958727826707
2005-11-02,0.012093543892630176,0.008718396047135535,0.9959397575491413,0.5010171255007827,0.49898287449921724,0.00341054664722862,0.005126226832742447
2005-11-03,0.00862985351311929,-0.00583401417603524,1.0034370244840272,0.499142217987882,0.500857782012118,0.014483919338717725,0.021688606871655428
2005-11-04,-0.006581570347696353,-0.00825911380164579,0.9808933609175352,0.50482273287887,0.49517726712112997,0.001519739547400388,0.0023015972147482824
2005-11-07,0.004240104033522929,0.005917186673816577,1.0043672856902697,0.4989105575306858,0.5010894424693141,-0.0017029246849808617,-0.0025488213120497096
2005-11-08,0.0029027359782412,0.0041394202537785585,1.0028445832615416,0.49928986420481275,0.5007101357951871,-0.0012484592011037434,-0.0018700290749530104
2005-11-09,0.006972763382117497,0.011716194332814789,0.9798769854246808,0.5050818850674712,0.49491811493252874,-0.004507665801370788,-0.006830221020631589
2005-11-10,0.003919546716866451,0.0006434019266585711,0.9619635197031977,0.509693472869097,0.49030652713090295,0.0033006175349141534,0.0050469096419490985
2005-11-11,0.007157707994456697,0.0036433383352250104,0.983632106441649,0.5041257382115358,0.4958742617884643,0.003574003433299709,0.005405241357548338
2005-11-14,0.0032304039117037053,-0.0002134862023137618,0.9859956847516382,0.5035257667868782,0.49647423321312173,0.0034409003859390895,0.005197746015801736
2005-11-15,0.0007728029377689349,-0.00021359696904788006,0.9946705406476104,0.5013359247163341,0.4986640752836658,0.0009852615504524808,0.0014818410314506305
2005-11-16,0.027799238177460772,0.021790176364999914,0.9933607464862734,0.5016653416912693,0.4983346583087307,0.0061537323174569065,0.009261342677140877
2005-11-17,0.012647111367568575,0.016516881906093683,1.0254218529282295,0.49372430664469324,0.5062756933553068,-0.004289660281174758,-0.006353728644192862
2005-11-18,-0.004204209657877711,-0.0012340725801136543,1.005301487597679,0.49867813203389433,0.5013218679661057,-0.0029635946572859487,-0.004433639543402958
2005-11-21,0.008444037747642463,0.007001634789435274,1.0106086929932891,0.49736182056949746,0.5026381794305026,0.0013681247642749377,0.0020413590705779944
2005-11-22,0.005418011373631515,0.007361975671811072,1.0002402043367875,0.4999399561272025,0.5000600438727976,-0.00194573267666325,-0.002918248527018868
2005-11-23,-0.004898954322095195,-0.0010150223179147266,0.9952825794815501,0.5011821434635277,0.4988178565364722,-0.0038887202912896834,-0.005846871512756033
2005-11-28,0.027569227952223496,0.012599027865382473,1.0211815553376546,0.49476010572090445,0.5052398942790957,0.014703333080909771,0.021823867888681778
2005-11-29,-0.006348119568759691,0.0016054953444615272,1.0476670931367122,0.48836063408537433,0.5116393659146257,-0.008030144209336225,-0.011764818953605306
2005-11-30,-0.001928615588069671,-0.009016229102322804,1.024492544941913,0.49395094217484115,0.5060490578251587,0.007308443910748358,0.010830038266638396
2005-12-01,0.02644925962966327,0.015972490495341773,1.008268415082532,0.49794140688056576,0.5020585931194342,0.010344701953004212,0.015453166332717167
2005-12-02,0.005294749786435959,0.0015920155083954945,1.0385737819573406,0.4905390272604448,0.5094609727395552,0.0036413242189469123,0.005358634920906351
2005-12-05,0.010299660688826595,0.011126577070014187,1.0384151510535562,0.4905772013532913,0.5094227986467088,-0.0012543455200412224,-0.0018460599442555858
2005-12-06,0.006950929081189106,0.002554565388364516,1.0408206343545618,0.489998965693653,0.510001034306347,0.004292084713171343,0.006309351210370492
2005-12-07,0.009894096293233012,0.008036016244299393,1.041994563973264,0.48971726842123614,0.5102827315787638,0.0015206110506722006,0.002234008470199009
2005-12-08,0.01321487549432887,0.00972195239874818,1.041536245611333,0.4898272083827503,0.5101727916172498,0.0030891096929245975,0.004539389931820055
2005-12-09,0.011918140989177095,0.0148276764645352,1.0417445282052133,0.4897772400933263,0.5102227599066737,-0.0035285098337496726,-0.005184551424048226
2005-12-12,-0.02311113145616317,0.00265659281605779,1.0332386045250346,0.4918261918569073,0.5081738081430928,-0.02585602571021795,-0.03815001198483235
2005-12-13,-0.033553239585728756,-0.01400458757031342,1.054755120637922,0.48667599849540155,0.5133240015045984,-0.01878182913351848,-0.027421996341375394
2005-12-14,-0.014122618479755378,-0.027831094049904026,1.0956228207740708,0.47718510701779104,0.5228148929822091,0.01636976328842893,0.0234342217399346
2005-12-15,0.020532402329210386,-0.005133279572587579,1.0160058916341554,0.49603029641416835,0.5039697035858315,0.025747844618364626,0.03831513299422007
2005-12-16,-0.0032752226727512657,-0.0009922603811396424,0.98506522899286,0.5037617834389043,0.4962382165610958,-0.0022977814731834014,-0.0034726034786512297
2005-12-19,0.005398483880542315,0.00039732262506220195,0.9879093460049244,0.5030410476260837,0.49695895237391635,0.005005965145864155,0.0075546178540654985
2005-12-20,-0.02976539078548268,-0.017871326232966833,0.9910372646376613,0.5022507703701793,0.49774922962982066,-0.012054240520115951,-0.018162754762367003
2005-12-21,0.0049325566869411475,-0.0032349496234757025,1.0280654680715817,0.4930807292680082,0.5069192707319917,0.008258296685787682,0.012216020857019297
2005-12-22,0.017837923312160164,0.01967548115016471,1.0241166229212144,0.4940426794958066,0.5059573205041934,-0.002312063997696529,-0.003426774877763338
2005-12-23,0.007880544606148288,0.0005967531046033869,1.0144967101536781,0.49640190274806345,0.5035980972519365,0.007275140544754158,0.01083418082752664
2005-12-27,0.02018898087175769,0.00994035785288272,1.029504253971836,0.4927311672507967,0.5072688327492034,0.009955340176212583,0.014715919156211931
2005-12-28,0.014070024046950236,0.01220474843903796,1.0331733543863324,0.49184197591544154,0.5081580240845585,0.0014604031627480328,0.0021548627315974567
2005-12-29,-0.005978510753337107,0.002917152789557065,1.0347564220785768,0.49145931628438555,0.5085406837156144,-0.008997053336515716,-0.013265057044014488
2005-12-30,0.0009077870990337189,0.0027146855648012558,1.0295024514939686,0.49273160486397766,0.5072683951360224,-0.0018869883449644624,-0.002789336386721882
2006-01-03,0.03027213238124493,0.02630059420459885,1.0274731153547643,0.493224789234762,0.5067752107652379,0.003248978918164294,0.0048074308264193025
2006-01-04,0.001650747606368741,0.006029794862305149,1.037069134649809,0.49090135577156496,0.509098644228435,-0.004602566533597924,-0.00677821845411616
2006-01-05,-0.032190750784329536,-0.014234943385579624,1.0300641053439563,0.4925952817783401,0.50740471822166,-0.017527846561240592,-0.025902403547405455
2006-01-06,0.034396690839984645,0.025460810801564593,1.065116318800629,0.484234224918031,0.515765775081969,0.007277965765342873,0.010572720334082311
2006-01-09,0.012071954681633246,0.017417015316465,1.0892230703335932,0.47864683010623976,0.5213531698937602,-0.006899060217413981,-0.0099066399113318
2006-01-10,-0.028735669032203592,-0.008741555283892977,1.0748084285714161,0.4819722082431185,0.5180277917568815,-0.019340171734252423,-0.027964275835676344
2006-01-11,0.005582247624198899,0.00826749972610985,1.1071162863635946,0.4745822556028806,0.5254177443971194,-0.003570835970083874,-0.005083966167210912
2006-01-12,0.0,-0.0009110787374664309,1.0969300885150415,0.47688762037276994,0.52311237962723,0.0009993896801332243,0.001429789699151511
2006-01-13,0.011657654742578849,0.014225766855048505,1.1159364740932083,0.4726039804330862,0.5273960195669138,-0.0042173973629160075,-0.005979476342346319
2006-01-17,-0.010096576265421153,-0.004855154271550144,1.120066482334553,0.47168332141114283,0.5283166785888571,-0.004658480699294405,-0.006591982946918663
2006-01-18,-0.02217303246002711,-0.017528029958620905,1.1245673335641968,0.4706840702113166,0.5293159297886835,-0.002461582546827438,-0.0034758830769056337
2006-01-19,0.02698411840267112,0.027036990761430735,1.1191566157533035,0.4718858401338717,0.5281141598661282,-0.003274508678045032,-0.004635582835694797
2006-01-20,-0.019651082369858686,-0.008775114971035669,1.1203244996516977,0.4716259233736479,0.5283740766263519,-0.009820106080547028,-0.0138942497935955
2006-01-23,0.016441430919559963,0.008672064666610302,1.1446815630710452,0.4662696864741378,0.5337303135258622,0.0065146783819313,0.009112791139868855
2006-01-24,0.017394148860466974,-0.001074647320536859,1.1566565795984307,0.4636806849360319,0.5363193150639682,0.018637146754513754,0.02592505491715884
2006-01-25,0.0307089789432482,0.008068854046088036,1.1525086857499194,0.46457419968626373,0.5354258003137364,0.02140955457108336,0.029838980041501317
2006-01-26,0.01045958536881253,-0.004446815983133345,1.1744375734931256,0.45988903622261723,0.5401109637773828,0.015682093141814103,0.02163606810282661
2006-01-27,0.0002091023645318657,-0.0017866713921566024,1.1626232315744112,0.46240139539793534,0.5375986046020647,0.002286328032242527,0.0031716038173390804
2006-01-30,0.0181893985630881,0.012708028335081778,1.1615073808099154,0.46264010425229296,0.537359895747707,0.003428929856349072,0.004759081398645403
2006-01-31,0.01129369742674391,0.008837045082845663,1.1340902195790095,0.46858375097059823,0.5314162490294017,0.0012716910283098667,0.0017876812563632823
2006-02-01,-0.009137070974860384,-0.00245263386272887,1.1356779884728025,0.4682353825798841,0.5317646174201159,-0.006351668683176181,-0.008922228047663003
2006-02-02,0.00860651965360515,0.005444284251879816,1.1402938906116176,0.467225554577571,0.532774445422429,0.0023984355824335536,0.0033618311853632916
2006-02-03,-0.011580690981809805,-0.008908254298580776,1.160715395929252,0.4628096795551981,0.537190320444802,-0.001240743066594158,-0.001722683703182331
2006-02-06,-0.00020553495740904815,0.004934768545102219,1.1679715509775765,0.4612606653205769,0.538739334679423,-0.005969204228747446,-0.008260077341959346
2006-02-07,-0.03577298354686276,-0.033672416338111244,1.1677660029109411,0.46130440216202767,0.5386955978379724,0.0035485194886464774,0.0049108429838111076
2006-02-08,0.003731326970692228,-0.0016334381380445073,1.1526332003483102,0.46454732735618565,0.5354526726438144,0.005614081999317453,0.007824020365024182
2006-02-09,0.02368556278889411,0.026177104259501816,1.156754881795602,0.46365955094880873,0.5363404490511912,-0.00659493035455706,-0.009173407340197781
2006-02-10,-0.028844147266399056,-0.025332130722708124,1.1398925853472417,0.46731317583294935,0.5326868241670508,3.176071546299661e-05,4.4526602429227624e-05
2006-02-13,-0.027777701361563767,-0.02035625583159173,1.1401682370452675,0.4672529863262561,0.5327470136737439,-0.004568145037215379,-0.006403438231831066
2006-02-14,0.02164830127555506,0.012801529525162447,1.1515084735836687,0.4647901750228043,0.5352098249771956,0.006907231552498982,0.009631240086627114
2006-02-15,-0.010540988864977785,-0.011357413317000686,1.1585397829324109,0.46327614988012134,0.5367238501198788,0.0026170262939738623,0.0036372175968217603
2006-02-16,0.017284426226364058,0.011673128868768812,1.1504155668575735,0.46502639555447006,0.5349736044455299,0.003855477061797879,0.00537869580357242
2006-02-17,0.005343042508520135,0.010622688265510494,1.1632995540342148,0.46225683268651196,0.537743167313488,-0.00701432601339271,-0.009727260379144568
2006-02-21,0.01360546976012067,0.003805793163376592,1.1562556391509031,0.4637669030717448,0.5362330969282552,0.009204999953524532,0.012806922963664879
2006-02-22,0.003250853241467455,0.0,1.157642801039208,0.4634687444642642,0.5365312555357358,0.003250853241467455,0.004520006610781515
2006-02-23,-0.010975278733163285,-0.0099295897410695,1.1588652151937486,0.4632063145777512,0.5367936854222488,0.0005317774189068595,0.0007389679751625446
2006-02-24,0.028640869954178916,0.018964192042146832,1.1575728382690063,0.46348377318389283,0.5365162268161071,0.006688436346472506,0.009299945143690102
2006-02-27,-0.013459320640538341,-0.007337107508056162,1.1549368535570745,0.46405072072034825,0.5359492792796517,-0.00498542478097397,-0.006940469888124166
2006-02-28,0.012289109311712787,0.012439090007322573,1.1594628187861513,0.46307812818101995,0.5369218718189801,-0.0021335530513120916,-0.002964005260129521
2006-03-01,-0.0010288301036119885,0.003383234502601473,1.1655799783233647,0.4617700616045684,0.5382299383954317,-0.004972260501817073,-0.006888123114714097
2006-03-02,0.04304842632443617,0.008340749258263003,1.154590167148047,0.46412538924915997,0.53587461075084,0.033418279244198344,0.04653081558675204
2006-03-03,0.003258293002113666,-0.0038718975004696787,1.1748872639982855,0.45979394727872586,0.5402060527212741,0.007807336062922287,0.010769297598307755
2006-03-06,-0.020470443652359505,-0.01961126428610871,1.1738059484973695,0.4600226624143908,0.5399773375856093,0.002549375024228917,0.0035183108584156235
2006-03-07,0.008238699706807129,-0.003964700144596933,1.1698614708361246,0.4608589135483679,0.5391410864516321,0.012876849649389493,0.017803232818029972
2006-03-08,-0.02570995755745331,-0.018454879648547085,1.164006813538116,0.4621057538931757,0.5378942461068243,-0.0042283519035185915,-0.005861837232303314
2006-03-09,0.012887332021840114,0.0055299539170508005,1.1721847315924558,0.46036600177503667,0.5396339982249634,0.006405204473863272,0.008846215122552037
2006-03-10,-0.0008077774679007277,-0.010265766427016487,1.1828773979423286,0.45811093236048983,0.5418890676395103,0.01133536561117225,0.015578564726343459
2006-03-13,0.020010100562277477,0.011483517117087727,1.178239373518875,0.45908636679564396,0.540913633204356,0.006479768548446757,0.008924320201749315
2006-03-14,0.008817967363230927,0.010254599654733854,1.157405924473131,0.46351963191359746,0.5364803680864026,-0.003050767030258158,-0.004242271232758199
2006-03-15,0.010312270731106299,0.002537544585699436,1.1996977586709527,0.4546079096812807,0.5453920903187194,0.007267984179115074,0.009912249285792367
2006-03-16,-0.0005832181683723681,0.0023504771027114124,1.217100806169085,0.45103948238054814,0.548960517619452,-0.003443985744964403,-0.004660120643204193
2006-03-17,0.0024316329341833587,-0.0005412135911107008,1.2159044183481127,0.45128300287675255,0.5487169971232475,0.0030896969308849085,0.004182983126846483
2006-03-20,9.707009330583993e-05,0.001985267405815172,1.2159639276761645,0.45127088374975455,0.5487291162502453,-0.0023169434589566467,-0.0031367073669647375
2006-03-21,0.02027744547785626,-0.0050432055680946775,1.1969552170255446,0.45517541379559795,0.544824586204402,0.02631393669311946,0.035932371068645455
2006-03-22,-0.0066564945031775125,-0.0027154234860707893,1.182861453517905,0.45811427857154996,0.54188572142845,-0.0034445247315271622,-0.004733957887216283
2006-03-23,0.01885885008570387,-0.0014522577467226405,1.1988754267900634,0.4547779232131437,0.5452220767868563,0.020599926211615154,0.028105174982587026
2006-03-24,0.004228138473909571,0.017996773047512793,1.1933496223562479,0.4559236657062137,0.5440763342937863,-0.01724830384597092,-0.023591729750008936
2006-03-27,0.014970045988375258,0.012499999999999956,1.1552987179898404,0.46397280880520336,0.5360271911947968,0.0005288120135023035,0.0007360631857037947
2006-03-28,-0.002027964601520993,-0.0007055104304453108,1.1558789828797653,0.4638479283583101,0.5361520716416898,-0.0012124799227668016,-0.0016872189010542745
2006-03-29,0.022815419889773425,0.011295490098537364,1.157994075345911,0.46339330187443034,0.5366066981255696,0.009735309277538757,0.01353383133266238
2006-03-30,0.04921882764806318,0.02390927086741934,1.1662678738874386,0.4616234271182111,0.538376572881789,0.02133421314731915,0.02954511776380759
2006-03-31,-0.011878162155169347,-0.008351839632028901,1.2171107555944332,0.4510374583122206,0.5489625416877795,-0.0017130483100271186,-0.002317946867162031
2006-04-03,0.021167250889126965,0.013062971434434356,1.2247000827628898,0.44949879210598326,0.5505012078940167,0.005169028692245944,0.006970416460577167
2006-04-04,-0.0029855709876041026,-0.005768619398077823,1.1993567868296588,0.45467838869448984,0.54532161130551,0.0039330618381177565,0.00536483465757351
2006-04-05,-0.0019678100641037366,0.003242362481335359,1.194841723239082,0.4556137189356095,0.5443862810643904,-0.005841920038668223,-0.007984976743626266
2006-04-06,0.029318474817642937,0.01241705645486979,1.2138103877520077,0.4517098688905513,0.5482901311094486,0.014246522707418866,0.019305884712943318
2006-04-07,0.0023319628550724225,-0.011424710439359775,1.2038742524042931,0.4537463963332122,0.5462536036667879,0.016085877594192194,0.02189672697066561
2006-04-10,0.04104698306096899,0.015635538392501758,1.1914432832255977,0.4563202742477982,0.5436797257522018,0.02241812586360681,0.030689536026608163
2006-04-11,0.0035118262387014987,-0.004016003140818625,1.220122820956981,0.4504255307681362,0.5495744692318638,0.008411843319849215,0.01136672697624445
2006-04-12,0.005010715467364202,0.003864226723450992,1.231287061459791,0.44817182749482837,0.5518281725051716,0.00025274310023183297,0.00033981701135282847
2006-04-13,0.015194713039571983,-0.0016736401673640433,1.2245435418847417,0.44953042328528725,0.5504695767147127,0.01724415829795652,0.02325532133663668
2006-04-17,0.03991269731702163,0.031684869093147494,1.2087166009341992,0.4527516113099525,0.5472483886900475,0.0016146700457073254,0.0021931333947837126
2006-04-18,0.03148426323012199,0.007474773161273873,1.2281770200067204,0.4487973760706786,0.5512026239293214,0.02230391860368243,0.030029820436280014
2006-04-19,0.0537063484351632,0.020322541267641103,1.222889880479139,0.44986483981134157,0.5501351601886585,0.0288541183733452,0.03894136001976728
2006-04-20,-0.13718183476314327,-0.02023393659020134,1.2700614138075317,0.4405167163837734,0.5594832836162267,-0.11148349265050021,-0.14733102634017867
2006-04-21,0.03637089651330272,0.02000649347899719,1.544655401642054,0.39298051883752305,0.607019481162477,0.005467758293053182,0.006446167472646626
2006-04-24,-0.09201695532140697,-0.01834868142535717,1.5401986199093154,0.3936700036612491,0.606329996338751,-0.06375634151291616,-0.07529687759045267
2006-04-25,0.06651375905239187,0.016758016150811628,1.6802582889476112,0.37309837045318667,0.6269016295468134,0.038355963508672694,0.042931642446743024
2006-04-26,0.02031064183533271,0.012361311874752312,1.7339065201832413,0.36577695419263073,0.6342230458073692,-0.0011227174223188488,-0.0012319924774643748
2006-04-27,-0.026541775288877356,-0.008609893714936145,1.7367649491077506,0.3653949164783126,0.6346050835216874,-0.01158841366923314,-0.012703042334356738
2006-04-28,0.08340015553991842,0.029212064355901735,1.7533560280577145,0.36319313223921307,0.6368068677607869,0.03218100640948821,0.03506376154941666
2006-05-01,0.025314581927116775,0.008745032699880584,1.825174378884619,0.3539604519544031,0.6460395480455968,0.009353372300786547,0.009932171660652606
2006-05-02,0.01862542706907977,0.010950588908032355,1.830335852548095,0.3533149605195157,0.6466850394804843,-0.0014178284158073429,-0.0015028199722632515
2006-05-03,-0.028773862050567423,0.001805344042415058,1.8309411590339044,0.3532394153827143,0.6467605846172857,-0.0320793407640418,-0.03399506273205901
2006-05-04,0.002262053603676595,0.012464315195471087,1.8358241316164567,0.3526311765426676,0.6473688234573323,-0.02062023701624292,-0.02181401531887922
2006-05-05,0.004149993566951116,0.01186591494386291,1.9086143385103316,0.34380632274272477,0.6561936772572752,-0.01849746183444965,-0.01907863300012809
2006-05-08,-0.008338150568802605,-0.006449757161140601,1.896574992819107,0.3452353218815663,0.6547646781184336,0.0038942975727726137,0.0040333472281162686
2006-05-09,0.05096143507588602,0.03186786221614901,1.955434398008527,0.3383597350947239,0.661640264905276,-0.011354078892568002,-0.01152528937900172
2006-05-10,-0.01273129372818127,0.006148109297781534,1.984917426577445,0.3350176427314495,0.6649823572685506,-0.024934783013850655,-0.025060776681961307
2006-05-11,0.04615599560816541,0.022879032693835955,2.0170525266551,0.33144931722771986,0.6685506827722801,7.78490563896339e-06,7.74090497614871e-06
2006-05-12,-0.04715073572512496,-0.013198110810099695,2.0220751449015615,0.3308984562104835,0.6691015437895165,-0.020463163896365755,-0.020313688027468593
2006-05-15,-0.06362219880920827,-0.037589768641265286,2.0833399774854886,0.3243236254522654,0.6756763745477347,0.014690068945570067,0.014293009255713071
2006-05-16,0.015551817143357516,0.011556501896143434,2.023562583857158,0.3307356710057909,0.6692643289942091,-0.007833487693952635,-0.007772441426325093
2006-05-17,-0.021929830780229254,-0.001446131597975464,2.028174811315149,0.33023192593220724,0.6697680740677927,-0.018996823099368492,-0.018820072436093696
2006-05-18,-0.054723670738006325,-0.015785697920438047,2.036633257471683,0.3293120753187711,0.670687924681229,-0.022573993360840615,-0.022301665805671757
2006-05-19,-0.012864826234516347,-0.03369623926069498,2.0738737190318157,0.32532240794685996,0.67467759205314,0.05701691879844703,0.05564664395166414
2006-05-22,0.00635327134282182,0.0004568110056226704,1.9114218255952649,0.3434747899492515,0.6565252100507485,0.005480112816502527,0.00564684179563922
2006-05-23,0.06029954405797966,0.0243531202435312,1.9189696073498865,0.34258664341075257,0.6574133565892475,0.013566646466506016,0.013943255625901929
2006-05-24,-0.04961836284554855,-0.05349182763744431,1.9441073841786753,0.3396615236841887,0.6603384763158113,0.05437549425761988,0.055407789691872066
2006-05-25,0.007228928029453741,0.017896427651589386,1.7555299292284505,0.3629066007931187,0.6370933992068812,-0.02418878633918306,-0.02633481068299185
2006-05-26,0.010765568524123692,0.003855644518611978,1.7316309600885536,0.3660816613264561,0.6339183386735439,0.004089015104599463,0.004490740328042232
2006-05-30,0.02666661449986729,0.004609002746160051,1.7214756783680902,0.3674477078551889,0.632552292144811,0.018732328370821026,0.020649453367946727
2006-05-31,-0.04726041597731756,-0.017433895073299177,1.72779705141375,0.3665961877485441,0.6334038122514559,-0.01713818347501454,-0.018848378180626277
2006-06-01,-0.044200628526616215,-0.02319069947714003,1.7684765432780574,0.36120948990087326,0.6387905100991267,-0.0031884204790833606,-0.0034550632045175916
2006-06-02,0.015611768775271262,0.01258767482692602,1.7790110408589386,0.359840240034066,0.640159759965934,-0.006781843720572257,-0.007321140816852732
2006-06-05,0.017449110162816472,0.012116462953629004,1.785334748122696,0.3590232738359351,0.6409767261640649,-0.004182832172638741,-0.0045052023015811175
2006-06-06,-0.03593299995880006,-0.021455204494814084,1.7827581759675888,0.35935569559589614,0.6406443044041039,0.0023164412713863117,0.0024972790931582015
2006-06-07,0.00440491693622147,-0.0031776293651432086,1.7925056054692958,0.3581013402592417,0.6418986597407583,0.010100835385344512,0.01085136806768953
2006-06-08,-0.06873581090787184,-0.029168071590713884,1.7883168524765318,0.3586392985115082,0.6413607014884917,-0.016574056927956243,-0.0178323244503961
2006-06-09,0.012226066937193858,-0.0014775298226543665,1.8202682552570446,0.35457619967036014,0.64542380032964,0.014915567569567172,0.015866115794230796
2006-06-12,-0.012704679053653356,-0.0023019144787289614,1.8169820074610552,0.3549898428003449,0.645010157199655,-0.00852214186308874,-0.009075821400900332
2006-06-13,-0.1304938468776694,-0.07300591411363588,1.8188465729548557,0.35475502980346674,0.6452449701965333,0.0022927098133537493,0.002440051014501038
2006-06-14,0.011672695008004608,-0.0003555772569444615,1.8082540657179116,0.3560931370874225,0.6439068629125774,0.012315669028551253,0.013156575659121674
2006-06-15,0.025033484707561282,0.0074693442970119595,1.8079749118328938,0.35612853796733324,0.6438714620326668,0.011529097610721557,0.012317522028566825
2006-06-16,0.016080386982834094,0.0203000882612534,1.8191399146248226,0.3547181162638684,0.6452818837361315,-0.020848313843618786,-0.022185823841659156
2006-06-19,-0.015924758018104335,-0.015916976136732264,1.8026712440525874,0.3568024619805307,0.6431975380194693,0.01276831715585416,0.01366730098967104
2006-06-20,0.03025425978187135,0.01424057101780729,1.794765459582044,0.3578117786490569,0.6421882213509431,0.004695774794385713,0.005040610593943683
2006-06-21,0.014634109124904704,0.018374025199086264,1.8179734863369799,0.35486494278548997,0.64513505721451,-0.01876938152432167,-0.019981786502242325
2006-06-22,-0.019711531848596864,-0.009021255817819096,1.8080899881791388,0.35611394371603955,0.6438860562839605,-0.0034002895235953484,-0.0036326715360716112
2006-06-23,0.007454655801670151,0.004465777278295446,1.8090115861276088,0.3559971076440308,0.6440028923559693,-0.0006239870358317294,-0.0006664127398904058
2006-06-26,-0.004089165346013557,0.0,1.8074585122293256,0.3561940437032238,0.6438059562967763,-0.004089165346013557,-0.004369609019902983
2006-06-27,-0.00430146363693662,-0.00547197721242787,1.7999344464438376,0.3571512187615991,0.6428487812384008,0.005547736637868032,0.005944142704748831
2006-06-28,-0.0036328575948475494,-0.005673982000504951,1.799924408794481,0.3571524991385586,0.6428475008614415,0.006579881102921851,0.007050062939829346
2006-06-29,0.018230234916077448,0.014179513021132628,1.7985070490370814,0.357333386151049,0.642666613848951,-0.007271719204342664,-0.007795284139282127
2006-06-30,0.055840477507204556,0.04603580562659837,1.7971226883619076,0.35751023870377124,0.6424897612962287,-0.026891513261374136,-0.028841973975538497
2006-07-05,0.03895510510347755,0.022493867633200937,1.752067032389851,0.36336324233048056,0.6366367576695194,-0.00045565880759494,-0.0004967089851724213
2006-07-06,0.015174232973674373,0.010840089152389654,1.7490262294974968,0.36376517228895017,0.6362348277110498,-0.0037853672839464197,-0.0041309543466651714
2006-07-07,-0.0158164735117724,-0.002050130646618409,1.7606712808421556,0.3622307396536343,0.6377692603463657,-0.012206867360297009,-0.013265107778322578
2006-07-10,-0.02604857229689328,-0.013748439277589841,1.7527772566802933,0.3632694935898839,0.6367305064101162,-0.0019506206162837637,-0.0021258028903901674
2006-07-11,0.03989125518673897,0.02739951496559412,1.754926660019921,0.3629860694704552,0.6370139305295449,-0.008192884097996955,-0.008921708389076723
2006-07-12,0.0004359297580220911,0.01278854031647092,1.7496329360005338,0.3636849075042523,0.6363150924957476,-0.02193932158304612,-0.023937000421908525
2006-07-13,-0.006100274176162546,0.0053895901885097075,1.7442914595337267,0.3643927821609395,0.6356072178390605,-0.015501290312366797,-0.01694567491202327
2006-07-14,0.003945644660021674,0.02098322968232358,1.7563364773642605,0.362800408517703,0.6371995914822971,-0.03290796704395571,-0.03581707166110271
2006-07-17,-0.038427911590641295,-0.02400240111910612,1.728837728704876,0.3664563815872652,0.6335436184127349,0.003068345043577503,0.0033732438663919007
2006-07-18,-0.050408746016179395,-0.03427603539776514,1.7038931461269577,0.36983710004679543,0.6301628999532046,0.007993955774477611,0.008869384264605394
2006-07-19,0.057388846087819134,0.02116821271903513,1.6111012248404404,0.3829801734557833,0.6170198265442168,0.02328471264849865,0.026752749866970238
2006-07-20,-0.00452285747214809,-0.0154301180729709,1.626270002677194,0.38076816130124086,0.6192318386987592,0.020570680687691714,0.02349798078650196
2006-07-21,-0.01999093727769441,-0.019154719625251726,1.5700494700645424,0.38909756860629097,0.610902431393709,0.010082920119166953,0.011769719108457945
2006-07-24,0.007881320292032257,-0.011136158248523431,1.535786853371464,0.394354911443147,0.6056450885568531,0.02498408572717873,0.029557790743288685
2006-07-25,0.002299960668610712,0.007997328678444049,1.5236009599159925,0.3962591613664978,0.6037408386335023,-0.009884776982630336,-0.011750800312295874
2006-07-26,0.012390938002331264,0.0064766841938506126,1.5171624719189694,0.3972727271901705,0.6027272728098294,0.0025647558009503513,0.0030567225948610697
2006-07-27,0.028105206448014508,0.01737459660924956,1.4716010263531132,0.40459604496746626,0.5954039550325337,0.0025367322453715355,0.003079055500856284
2006-07-28,-0.0017637087737699675,0.003795008359036567,1.4695906617573153,0.40492540544691663,0.5950745945530834,-0.007340817619501059,-0.008917450652665006
2006-07-31,0.0004417062346038225,-0.0009451411428400558,1.4666580496978356,0.40540682163970776,0.5945931783602921,0.0018279050998508022,0.0022231355903685793
2006-08-01,0.03267107212278986,0.01907911597766976,1.4693018301325236,0.4049727691435484,0.5950272308564517,0.004638092099489011,0.005634903003218637
2006-08-02,0.04343739949520087,0.008200507338809615,1.4811604537577776,0.4030372153020075,0.5969627846979925,0.031291132324205634,0.037834472506783415
2006-08-03,-0.012947635129194612,-0.010282307278864145,1.4978679604085514,0.4003414175008834,0.5996585824991166,0.0024539035028916262,0.0029471976202740495
2006-08-04,0.032793648948725496,-0.0013956030082030724,1.4971661808144119,0.4004539256069316,0.5995460743930684,0.034883098574449996,0.04190722128441618
2006-08-07,-0.01744373110523112,0.005900602162995039,1.4917775859939342,0.4013199274369082,0.5986800725630917,-0.026246117155854447,-0.03159926949746429
2006-08-08,-0.00024538213449532,-0.003241703651604033,1.4907674398782926,0.4014826852116163,0.5985173147883837,0.0045872441190505375,0.005525097259912815
2006-08-09,0.025368204514594206,0.007433773737377081,1.4782492752298948,0.40351065972055417,0.5964893402794459,0.01437923387509351,0.017406522441645367
2006-08-10,-0.036711895287318885,-0.023981515120580332,1.4700819674566383,0.404844864735265,0.595155135264735,-0.0014571023562650262,-0.001769701218982657
2006-08-11,-0.017978460075889435,-0.0022051100334332663,1.4583024809653107,0.40678476621287313,0.5932152337871268,-0.014762742643332204,-0.01801577644448611
2006-08-14,0.023200926302367364,-0.007892659826361448,1.4599095281696748,0.4065190156582962,0.5934809843417038,0.034723495585474454,0.0423472837368668
2006-08-15,-0.005936716853566781,-0.009546539379474916,1.4502697101138626,0.40811833728848185,0.5918816627115182,0.00790834004489488,0.00968261576950325
2006-08-16,0.016838094954828575,0.009959858967118373,1.4273296843587506,0.41197535153292497,0.5880246484670751,0.002622092599033836,0.003240712560716532
2006-08-17,-0.02332981938688672,-0.02115474397126149,1.4772394033609104,0.4036751549500157,0.5963248450499843,0.007920801975472423,0.009592292894331663
2006-08-18,0.0030903413888137,-0.005362445071832811,1.4710936784577793,0.40467911383436683,0.5953208861656331,0.01097900043506402,0.013328916500546507
2006-08-21,0.026228107775200904,0.022218652448196874,1.4424706139630845,0.40942150717524006,0.5905784928247599,-0.005821645463182035,-0.007150520579327656
2006-08-22,-0.006490866121224292,-0.001758089499173221,1.5057221788472241,0.39908654217206846,0.6009134578279315,-0.003843671769920765,-0.004601873027706217
2006-08-23,0.020661515864756064,-0.001440863615247534,1.5249921272538978,0.39604083878375046,0.6039591612162496,0.02285882153445514,0.027159080562341016
2006-08-24,-0.016082590117757922,-0.006734026174168295,1.5230613981913215,0.39634390218044585,0.6036560978195542,-0.005826254797472204,-0.006927601684583031
2006-08-25,0.005041902496901951,0.004035512510088823,1.5201138847591806,0.3968074641577394,0.6031925358422605,-0.0010925361018034423,-0.001300579440172216
2006-08-28,-0.027914900985396618,-0.010771723805516498,1.5007771376970007,0.39987569660882033,0.6001243033911796,-0.011748944164490925,-0.014094351696581825
2006-08-29,0.010654258369377168,-0.007475988423853552,1.4952697557756396,0.4007582738040104,0.5992417261959895,0.021832877754094177,0.026249119202714284
2006-08-30,0.029319711808454496,0.011462256197936505,1.490410772718207,0.4015401840349938,0.5984598159650062,0.012236241691393892,0.014740028221976908
2006-08-31,0.03216510392936245,0.013275072114265818,1.4986849198454724,0.4002105235668703,0.5997894764331296,0.012269953541851116,0.014731693593376227
2006-09-01,0.005426407020817425,-0.0023965488760033793,1.5000897545496557,0.39998563978761287,0.6000143602123872,0.009021445435987588,0.010825345873567606
2006-09-04,-0.004240578569269404,0.0,1.5004194787271345,0.39993289466336296,0.6000671053366371,-0.004240578569269404,-0.005087840586766005
2006-09-05,0.006968652950346321,0.02258163842829597,1.4553413547582459,0.40727534607849286,0.5927246539215072,-0.0258953393125508,-0.031639599841017385
2006-09-06,0.004613569043783183,-0.007830853563038365,1.423372558546797,0.41264806621383116,0.5873519337861689,0.0157597911154104,0.01950974198312406
2006-09-07,-0.03842325841290051,-0.026045777426992878,1.4146465291106474,0.4141392903450411,0.585860709654959,-0.0015776897778165822,-0.001960149974908766
2006-09-08,-0.031839499106523395,-0.011993556586811227,1.2589840879706276,0.44267686759066827,0.5573231324093317,-0.01673980220555275,-0.022230969613324353
2006-09-11,-0.08673849345647544,-0.03215219220948673,1.2795253327417682,0.43868782050218313,0.561312179497817,-0.045598949021254644,-0.060011110689973064
2006-09-12,-0.0074721088033550265,-0.00525419590836862,1.3811053259079022,0.419973022242813,0.5800269777571869,-0.000215510850943618,-0.0002715262301907339
2006-09-13,0.0054422151195228086,0.003748425763095309,1.399813926618076,0.41669897357802416,0.5833010264219759,0.00019511653344800664,0.00024391457764765846
2006-09-14,-0.02255299947132805,-0.016635525715684163,1.405620264334193,0.41569320595857695,0.584306794041423,0.0008302325824901882,0.0010353661317198462
2006-09-15,-0.0069219943701969155,-0.0050059786639296,1.3969686944935304,0.4171936005243889,0.5828063994756111,7.120110861528594e-05,8.911394059361866e-05
2006-09-18,0.03856876886852567,0.017002059989381424,1.4134996251546883,0.41433609086883827,0.5856639091311617,0.014536363446677504,0.01806882001783509
2006-09-19,-0.030872506589740056,-0.016035524084470065,1.4240956602911194,0.41252497431553753,0.5874750256844625,-0.008036386330552509,-0.009945630193802735
2006-09-20,0.0181902589961076,0.0055478714888250735,1.4349552998891968,0.41068515715483783,0.5893148428451622,0.010229311400113891,0.012603079079824647
2006-09-21,0.009975483124626816,0.00379312449488145,1.4384065913277078,0.41010387830993433,0.5898961216900657,0.004519427849462756,0.005560304666419806
2006-09-22,0.005836363463544325,0.012366904940000145,1.4399071088520128,0.40985166868524947,0.5901483313147506,-0.011970830874058959,-0.014718795027845906
2006-09-25,0.0013390772872945433,0.0008483202906159892,1.4298251181754547,0.4115522522669845,0.5884477477330156,0.0001261276275139004,0.00015572432752931106
2006-09-26,0.01586881073488522,0.0022037425651235676,1.4331416972472848,0.4109912715446626,0.5890087284553375,0.012710535374807944,0.015671757287117193
2006-09-27,0.0179903392251628,0.010317955784820532,1.4803140339284706,0.4031747538097584,0.5968252461902416,0.002716524475439519,0.0032857022598105287
2006-09-28,0.0038793167943191875,0.012891365083536721,1.4735100670663768,0.4042837800882761,0.595716219911724,-0.015116239434500155,-0.01833375125789756
2006-09-29,-0.016745439315850708,-0.010578552750516557,1.456428057081108,0.40709517102172615,0.5929048289782739,-0.0013385382866858697,-0.0016347374182125382
2006-10-02,0.008733657915767745,-0.0015034470691805968,1.4573016476359624,0.4069504454050426,0.5930495545949573,0.010924633806818088,0.013337353780714822
2006-10-03,-0.05151517378381554,-0.03580395512297563,1.447875752610077,0.40851746618828094,0.591482533811719,0.0003245046862802234,0.0003976974966162644
2006-10-04,-0.02282063000831369,-0.024813444552953756,1.456875440748036,0.40702104120326654,0.5929789587967335,0.013329467961247767,0.016276121784817937
2006-10-05,0.02568889495471094,0.016014234875444844,1.4609255329760755,0.4063511823499463,0.5936488176500537,0.0022932903340976245,0.0027956437161968245
2006-10-06,0.009562887093641725,0.002451881635836317,1.470441677599612,0.40478591705578865,0.5952140829442113,0.00595753814776689,0.0072345826276159955
2006-10-09,0.02210192915795761,0.010482179846414086,1.5294673233058294,0.3953401535518051,0.6046598464481948,0.006069777605852349,0.00719888043216893
2006-10-10,-0.017210917576108375,-0.011237897174338318,1.522271521106796,0.3964680216351929,0.6035319783648072,-0.00010378675048661884,-0.00012344438291212595
2006-10-11,0.009878729628754801,0.0006993589121035981,1.519974023483414,0.3968294873999053,0.6031705126000948,0.008815722249265712,0.010495015623708158
2006-10-12,0.00444643763839192,0.006989341403667915,1.4727988920271486,0.40440005178917765,0.5955999482108224,-0.005847456636929661,-0.007094135300427977
2006-10-13,0.026825984454475593,0.021690092425423524,1.4858797849638599,0.40227206723696746,0.5977279327630326,-0.005402885414458956,-0.0065202896541566024
2006-10-16,0.019831048834573428,0.010020422106627125,1.477907914430637,0.40356624803378766,0.5964337519662123,0.005021787697253484,0.006079872058208469
2006-10-17,-0.01099087873573168,-0.008407600298248163,1.502876455867012,0.3995402959885983,0.6004597040114016,0.0016447058028459544,0.001971378729849713
2006-10-18,0.0038468179577739736,-0.0013566012827008755,1.5134952692458374,0.3978523501657695,0.6021476498342305,0.005900027581394584,0.007042019517902088
2006-10-19,0.029123733861927015,0.017150577631554142,1.513258878251914,0.3978897711864627,0.6021102288135373,0.0031704699938290247,0.0037844927411945298
2006-10-20,-0.0161356801165653,-0.01001669449081799,1.5156527570351053,0.3975111418710183,0.6024888581289818,-0.0009538494951786616,-0.0011374974060046963
2006-10-23,-0.024390239989848905,-0.022428309937552737,1.5234717533677544,0.3962794505884316,0.6037205494115683,0.009778656675789997,0.011625242084924877
2006-10-24,0.015517184963976582,0.008107662770503232,1.5096992287247282,0.3984541209378851,0.6015458790621148,0.0032770527325876597,0.00391726549749093
2006-10-25,0.0033955825772280512,0.005475617792938037,1.5080471923019756,0.3987165804014095,0.6012834195985906,-0.0048619074615308955,-0.005815569351869089
2006-10-26,0.029610862140968308,0.015656930887135045,1.476051441568749,0.4038688305144546,0.5961311694855455,0.006500426734470353,0.007875959229286304
2006-10-27,-0.012736214626088316,0.0023458854602862456,1.4830264890463412,0.40273432619886035,0.5972656738011397,-0.016215224903961486,-0.019591283027579728
2006-10-30,0.014981219006081625,0.010865930904980337,1.4777558686987677,0.40359101259042346,0.5964089874095765,-0.0010759741576283795,-0.0013027604993950913
2006-10-31,0.0013940302410564431,-0.000992288091584026,1.4929146340825175,0.4011368806329127,0.5988631193670874,0.0028754316542080488,0.003460325052726458
2006-11-01,0.01678676101368115,0.020691939257034164,1.4934951737981474,0.4010434872736399,0.59895651272636,-0.0141165504032238,-0.016984051805948943
2006-11-02,0.01457677043798511,0.014271892923386043,1.453469241452517,0.4075861164690919,0.5924138835309082,-0.006166986943460347,-0.007540734775801795
2006-11-03,-0.0010318729201299615,0.002398464888781149,1.436563829938208,0.41041403788110914,0.5895859621188909,-0.0044774208267297265,-0.005512789082373364
2006-11-06,0.01017085888052649,-0.0017547241637483335,1.4321017261119813,0.41116701216220297,0.5888329878377969,0.01268380238428088,0.01564548338760179
2006-11-07,-0.006686072221942618,-0.00015975645236121494,1.4546951540237443,0.4073825616842062,0.5926174383157938,-0.0064536752848687335,-0.007887344309483622
2006-11-08,-0.009581904294540089,-0.014863333245215826,1.4612832001071487,0.4062921324764523,0.5937078675235478,0.012137634874287866,0.014794276668884915
2006-11-09,0.04021749905067207,0.030175170099349558,1.4443637724814054,0.4091044104228587,0.5908955895771414,-0.0033664234692925635,-0.004131656065915826
2006-11-10,0.005149841217993778,-0.010393662340059007,1.4452669745170863,0.40895330056853574,0.5910466994314643,0.020171458142363038,0.02474755315379829
2006-11-13,-0.016976380497757182,-0.0066836601589050915,1.4317150104131562,0.4112324000624139,0.5887675999375861,-0.0074072839237523825,-0.009138345437725282
2006-11-14,0.00046678483177786667,-0.0006408593499511728,1.4501791368498806,0.4081334237812787,0.5918665762187213,0.001396145690732234,0.0017094411625680748
2006-11-15,0.0043542302770869235,-0.00208398175442126,1.4493317026026968,0.40827463219350196,0.591725367806498,0.007374611101415244,0.009032599905001274
2006-11-16,0.00038709565005778934,-0.00305224805471882,1.4510792662590646,0.4079835416853899,0.5920164583146101,0.004816149517739832,0.005894729212601638
2006-11-17,-0.011066371289871424,0.0014502488712035966,1.4454149275728057,0.40892855798199823,0.5910714420180018,-0.013162582657004714,-0.01614766783574339
2006-11-20,-0.004538740378274175,-0.00048268349632940577,1.4442453726774729,0.4091242275339079,0.590875772466092,-0.003841626972232647,-0.004715108002464321
2006-11-21,0.027592157844685605,0.01126851233490811,1.4310692348821883,0.4113416375196163,0.5886583624803837,0.011466136519308157,0.014149498115627067
2006-11-22,-0.0032129603993875655,0.0007959248492266369,1.457054268062251,0.4069914177307314,0.5930085822692687,-0.00437266609801004,-0.005338912723476635
2006-11-28,0.04528013543200249,0.013519961563482452,1.4443624820731227,0.40910462639398554,0.5908953736060145,0.02575241019063776,0.031606290449356575
2006-11-29,-0.003964750460469957,-0.00266794126563652,1.4604527373409848,0.406429265973506,0.593570734026494,-6.834833600613023e-05,-8.333629210044609e-05
2006-11-30,0.026463232080012444,0.017938669416305952,1.4628256911167734,0.4060376678735019,0.5939623321264983,0.0002220855933893623,0.0002705253492243584
2006-12-01,0.005816831115272869,-0.003400853492042999,1.4621898917831395,0.40614251700781345,0.5938574829921867,0.010789524714773534,0.013146254174928401
2006-12-04,0.003926910387226812,0.0007755545067982261,1.5154350846633287,0.3975455403707395,0.6024544596292604,0.0027516078775560162,0.00328166832171417
2006-12-05,-0.015361610501662848,-0.004494768070667621,1.5276778009405145,0.3956200428820135,0.6043799571179864,-0.008495053099727697,-0.010082439814797763
2006-12-06,-0.01661253098408233,-0.018371458846691113,1.534095874593363,0.3946180608342083,0.6053819391657917,0.011571048242888252,0.013698433858282903
2006-12-07,0.018068328612009132,0.0022204986741674038,1.495136931767074,0.4007796074309208,0.5992203925690793,0.014748379037321624,0.017732548682460547
2006-12-08,-0.010244585364618586,-0.009178744427970509,1.3456602817927854,0.4263191936880567,0.5736808063119434,0.002106886448828168,0.00269461839617015
2006-12-11,0.00954883884467983,0.006229076131831324,1.3439001570353166,0.42663933316376856,0.5733606668362313,0.0011775824529267707,0.0015072089773860986
2006-12-12,-0.002671527444680355,-0.004761904761904745,1.343817339122759,0.426654408305674,0.5733455916943261,0.003727602741618475,0.004771194426371516
2006-12-13,-0.004778106570155427,0.0014354456364633617,1.3375821882965462,0.42779244511985465,0.5722075548801453,-0.0066981330857568185,-0.00859623219148232
2006-12-14,0.0027642472923958827,-0.002070471058411183,1.3356854643417657,0.4281398395745963,0.5718601604254037,0.005529745389456011,0.007102512911790179
2006-12-15,-0.06978599229865612,-0.018512569482771357,1.3085404881717242,0.4331741224049147,0.5668258775950853,-0.04556154559035752,-0.059208247579543884
2006-12-18,-0.03439132701516967,-0.001626016260162566,1.3953846636459355,0.4174694842029811,0.582530515797019,-0.03212240886289991,-0.04023037637805628
2006-12-19,0.015183308496620418,0.012377810400549638,1.4010815600694502,0.41647898040209663,0.5835210195979035,-0.002159013409625536,-0.002697551110545888
2006-12-20,-0.004773227318938478,-0.001608751671937192,1.3960935562089603,0.4173459744126916,0.5826540255873084,-0.002527259476206573,-0.003164224706073423
2006-12-21,-0.012150313706243643,-0.0038671664088293367,1.4134066620639785,0.41435205086605104,0.585647949133949,-0.006684434940694227,-0.00830912797967203
2006-12-22,0.012137932886577163,0.001455780267123119,1.417558576758422,0.41364044272335593,0.586359557276644,0.01007427908304112,0.012501387780083317
2006-12-26,0.00759508398745945,0.0074301999717252265,1.416285407114693,0.41385839481359465,0.5861416051864052,-0.002928199804438994,-0.003635580212275809
2006-12-27,0.015869298413350164,0.005611672168507553,1.410318385337677,0.4148829491087766,0.5851170508912235,0.00795505398161621,0.009901248768637346
2006-12-28,0.0015620950860113503,0.011001216907866818,1.4366769402402284,0.41039498650215467,0.5896050134978454,-0.014243099560101814,-0.017535889955150492
2006-12-29,-0.00038993328072745026,0.0017347999738956954,1.4150712717492218,0.4140664549728613,0.5859335450271388,-0.002844798886018549,-0.003533807369533337
2007-01-02,0.0,0.0,1.418016107172999,0.41356217480666024,0.5864378251933398,0.0,0.0
2007-01-03,-0.02051798548090733,-0.012751946576559092,1.4118450100533098,0.4146203407896002,0.5853796592103998,-0.00251421333832599,-0.003127331973463439
2007-01-04,0.013699715424502434,-0.005102776744465798,1.4682556731300334,0.4051444146918072,0.5948555853081927,0.021191896328280346,0.0257573353023918
2007-01-05,-0.04690815675147375,-0.030453597141375188,1.4406653371266072,0.4097243422882791,0.590275657711721,-0.003034714959076583,-0.0037301897719201754
2007-01-08,0.010717239341667462,0.004298190578610139,1.4546700894267928,0.40738672146101595,0.592613278538984,0.004464790068307252,0.005456688563818189
2007-01-09,0.01941271709897574,0.009218066808127645,1.4477863844959058,0.40853238106638895,0.5914676189336109,0.006066925482794902,0.0074356065397156584
2007-01-10,-0.011841875641877775,-0.0024465830365862917,1.4523566223975677,0.4077710357730685,0.5922289642269315,-0.008288564566446124,-0.010139509674995072
2007-01-11,0.0020242605472129416,0.0013081243624291083,1.4573537349145909,0.40694181948320785,0.5930581805167922,0.00011786062189411261,0.00014388724775703807
2007-01-12,0.03418184530855428,0.02139120683163176,1.4622499270537865,0.40613261432666725,0.5938673856733327,0.0029025546794082813,0.003536466360522565
2007-01-16,-0.020159428588290784,-0.0014388879521383124,1.4851282260064234,0.40239372340436136,0.5976062765956386,-0.018022495476509595,-0.021756417179492872
2007-01-17,0.021770316133910672,0.012007685387698253,1.485025707911391,0.40241032389177084,0.5975896761082292,0.003938594640666808,0.004754793435087366
2007-01-18,-0.015999370022665493,-0.007910141106025392,1.4936148022296845,0.401024247652782,0.598975752347218,-0.00418466617898048,-0.005034457818311069
2007-01-19,0.01879762604075541,0.013395032277291774,1.500953408660974,0.3998475127673035,0.6001524872326965,-0.001307693314969445,-0.0015686337583588929
2007-01-22,0.006228098251691128,-0.0034618602785699837,1.490586002272844,0.40151193296976134,0.5984880670302387,0.011388298724751913,0.013717613502636627
2007-01-23,0.020116071570212668,0.018790501568670015,1.4812266116033317,0.40302646897447825,0.5969735310255216,-0.0077169193986755084,-0.009330368329826526
2007-01-24,0.00121348452765635,0.0037197199837251116,1.494802518461194,0.4008333295321526,0.5991666704678474,-0.004346762271986378,-0.005226981582495134
2007-01-25,0.016741134318317474,0.00030885147401416013,1.48989404525714,0.4016235156290462,0.5983764843709539,0.016280978346314888,0.019616471283982077
2007-01-26,-0.008344472678566528,-0.005094146117865295,1.4888001486363653,0.40180004029166766,0.5981999597083324,-0.0007603071811133136,-0.0009164743680161215
2007-01-29,-0.009015840379429041,-0.0021722644128200352,1.4746803258866297,0.4040925971485709,0.5959074028514291,-0.005812444787219663,-0.007046297729550798
2007-01-30,0.009780187100929094,0.0017105219450388454,1.4803888654575112,0.4031625903205095,0.5968374096794904,0.007247949459372863,0.0087663062356587
2007-01-31,0.014640715613020827,0.012108021802492708,1.4826252768197428,0.40279941130745506,0.597200588692545,-0.003310943563639406,-0.0040009383549184825
2007-02-01,0.011691578591401797,0.008282246033838092,1.4780414767267205,0.40354449648716695,0.596455503512833,-0.0005499245670662813,-0.0006657570975680573
2007-02-02,-0.025234074660729577,-0.017036829618334415,1.5219605831535128,0.39651690303167975,0.6034830969683201,0.0006953084802777086,0.000827104695754137
2007-02-05,0.0141067519885687,0.007273308756183372,1.5362198892258447,0.39428757902582323,0.6057124209741767,0.0029333504168393143,0.0034697509028698906
2007-02-06,0.008509046851410629,0.0041480274552232466,1.5404770610096474,0.3936268566828058,0.6063731433171943,0.002119105708200995,0.0025024107566932454
2007-02-07,0.002714578293687042,-0.0019889654858131767,1.5465509788268972,0.3926879957693458,0.6073120042306542,0.005790614812624326,0.006821714775125197
2007-02-08,0.004756020701578212,0.008738329470642903,1.5431141849430652,0.39321867886258033,0.6067813211374196,-0.008728219457276877,-0.010296296771439246
2007-02-09,0.010704875864692598,0.014437689969604817,1.5661431734043652,0.3896898701382096,0.6103101298617905,-0.01190661372093266,-0.013919660264088219
2007-02-12,-0.014410246663514092,-0.0073408605454119424,1.5743714329498122,0.3884443352660118,0.6115556647339883,-0.0028530055275491524,-0.0033247015069772633
2007-02-13,0.014767136908492962,0.0019620417688295255,1.6247732435306217,0.38098529176367446,0.6190147082363255,0.011579263939809254,0.013234587751550472
2007-02-14,0.003746131215724313,0.005271878101057448,1.6186604779329623,0.38187462957754237,0.6181253704224576,-0.004787249510937654,-0.005484387401053762
2007-02-15,0.0005024021874617812,-0.00014989004709964338,1.6157649076925,0.3822973528925239,0.617702647107476,0.000744589265577761,0.0008539635156676994
2007-02-16,0.0021521296663253864,0.002247864569818292,1.6205432819726169,0.3816002608616519,0.6183997391383481,-0.0014906321610779131,-0.001706476864548299
2007-02-20,-0.011309949130316577,-0.01749403771019964,1.625204691978714,0.3809226774032096,0.6190773225967904,0.017121443037952433,0.019565837769070154
2007-02-21,0.03229076819527976,0.03515452363317384,1.5676050795625258,0.38946799410849514,0.6105320058915049,-0.022817641621684412,-0.026660223338051812
2007-02-22,-0.001192326968615376,-0.0011761067018699611,1.4528969472385747,0.40768121185269574,0.5923187881473042,0.000516434868158319,0.0006316223786813119
2007-02-23,0.024436455899578213,0.005445909683423844,1.4355924796482025,0.4105777170672001,0.5894222829327999,0.01661834891321162,0.02046937127463784
2007-02-26,0.006923012810770235,0.004977345243126541,1.445419046010741,0.4089278692874005,0.5910721307125995,-0.00027133680221582985,-0.0003328715411681279
2007-02-27,-0.009870626836707697,-0.0037872914580298067,1.397009478153879,0.4171865022286757,0.5828134977713244,-0.004579744773308832,-0.0057318231092303145
2007-02-28,-0.030594684942593986,-0.021201929349868087,1.4003512145734156,0.416605700836041,0.583394299163959,-0.0009045374262064629,-0.001130506345131517
2007-03-01,-0.04042557681400005,-0.010606567615990992,1.3971362671959662,0.4171644364505582,0.5828355635494418,-0.02560675652723278,-0.03204668446802914
2007-03-02,-0.05062819508215588,-0.03140568953093614,1.444224270698262,0.4091277596692555,0.5908722403307444,-0.00527133602356359,-0.006469949693353232
2007-03-05,-0.01595951105055704,-0.007482443948509387,1.4604006243094143,0.40643787443383544,0.5935621255661646,-0.005032145236793732,-0.0061357632416543795
2007-03-06,0.018749960860875214,0.011151210067244177,1.4597213818457417,0.4065501106672551,0.5934498893327449,0.0024723010922653964,0.0030153428479898145
2007-03-07,0.009551925630436386,0.010562267663719593,1.4928379646357008,0.4011492179541394,0.5988507820458606,-0.006215828530608251,-0.007480424261971581
2007-03-08,0.0013077075664813531,0.00430379485582244,1.4830794089899948,0.40272574303483716,0.5972742569651628,-0.005075161964705971,-0.00613169511977507
2007-03-09,-0.011292948495433497,-0.005203587828316203,1.4880749557468593,0.40191715192914046,0.5980828480708594,-0.0035496197680869677,-0.004279959202862671
2007-03-12,0.008935491230827486,-0.0024615009014422595,1.487822904692007,0.4019578717255199,0.5980421282744801,0.012597768651913302,0.015191316827440626
2007-03-13,-0.009395436567289472,-0.0012338815515128276,1.4864197580326686,0.40218470625057723,0.5978152937494229,-0.007561370650048802,-0.00912320290122484
2007-03-14,-0.009562321834797327,-0.0103458175176937,1.4883707490140672,0.40186937593452104,0.5981306240654789,0.005836090333175304,0.0070360379402719525
2007-03-15,0.019387809946029844,0.007489448603714921,1.4802768559272754,0.40318079718005523,0.5968192028199447,0.008301352514293798,0.01004083777315689
2007-03-16,0.010779963396590153,0.01068602020824172,1.383506261398537,0.4195499781960899,0.58045002180391,-0.004004212470943564,-0.005039901764630648
2007-03-19,0.00152361224838371,0.0007661661334741332,1.3682270835271702,0.42225680423797385,0.5777431957620262,0.0004753229940831082,0.0006021251053870756
2007-03-20,0.010496655611434091,0.007349638658030289,1.3703914567791773,0.4218712471056458,0.5781287528943542,0.0004247735840554063,0.000537599284928969
2007-03-21,-0.003613051002660961,0.0016719494529844336,1.3702165465411578,0.42190237911354295,0.5780976208864571,-0.005903983808120669,-0.007472714444681837
2007-03-22,0.01254056105615553,0.006676820051688237,1.365366203636038,0.42276751839220555,0.5772324816077945,0.0034242566098209876,0.0043429934078163795
2007-03-23,-0.018727109823891475,-0.010099505517728757,1.367718775660322,0.4223474553987582,0.5776525446012419,-0.004913826502408833,-0.0062260263586900524
2007-03-26,0.014294382545208206,0.010202546189262085,1.3762968642840538,0.4208228420573565,0.5791771579426435,0.00025265021721357535,0.00031896294736267344
2007-03-27,-0.009745135903592828,-0.0019596755807678168,1.3719003879890843,0.42160286539174935,0.5783971346082506,-0.007056656214004725,-0.008925319439726657
2007-03-28,0.013398943623409432,0.006645558943222385,1.3919931563381136,0.41806139676874887,0.5819386032312512,0.004148371054402326,0.005202821391955452
2007-03-29,-0.008142242870719962,-0.0075018754688672695,1.3957858897862239,0.41739956991283145,0.5826004300871686,0.0023287690556583855,0.002916081606774361
2007-03-30,0.008435040399362492,0.0022675736961450532,1.3929392752908376,0.4178961038944292,0.5821038961055709,0.005276447938385636,0.0066150211075594505
2007-04-02,-0.007244221029365727,0.004072416601857087,1.3893224819738708,0.41852868649772157,0.5814713135022785,-0.012902120970289413,-0.01619972322818981
2007-04-03,0.006168643450141564,-0.0025537211594680587,1.4019620652885922,0.41632630858383324,0.5836736914161667,0.009748863641040582,0.01217612523768472
2007-04-04,0.014579416435455572,0.012198758412556465,1.3776439934876183,0.4205844116019918,0.5794155883980082,-0.0022261298196093945,-0.0028088265009902046
2007-04-05,0.009137844665074057,0.0031245896404965556,1.3727215041775571,0.4214569633390769,0.5785430366609232,0.004848653273834013,0.006130496055222469
2007-04-09,0.0052577441640202505,-0.0034114324404113106,1.3653571013172598,0.4227691452775157,0.5772308547224844,0.009915567672199904,0.012575988209151956
2007-04-10,0.008862395933908473,0.006846220298844186,1.352170961348418,0.42513916566112814,0.574860834338872,-0.00039486434918272265,-0.0005036168998826026
2007-04-11,-0.0027361142288720997,0.000443440935652184,1.3520897719159324,0.4251538406144396,0.5748461593855604,-0.003335686182416249,-0.004254539374616359
2007-04-12,-0.002166114499581262,-0.0025118384126674442,1.334381366519772,0.4283790191021173,0.5716209808978827,0.0011856358739907769,0.0015237045981373511
2007-04-13,0.01722141254212861,0.015257071842115444,1.3252203684101818,0.4300667642455446,0.5699332357544554,-0.0029975698253402287,-0.003867465466152468
2007-04-16,-0.0005690297615182915,0.006857238115643316,1.3084480191546783,0.43319147396967866,0.5668085260303214,-0.009541369390803748,-0.012399719610274348
2007-04-17,-0.0041281540062499955,-0.0027531712014524645,1.2918884962150001,0.43632140117264717,0.5636785988273529,-0.0005713638029831258,-0.0007478947652907898
2007-04-18,-0.003073132413306645,0.0013077061362147813,1.2887274596386136,0.43692401897336364,0.5630759810266364,-0.004758409220184547,-0.006237189841208825
2007-04-19,-0.016703760077453444,-0.006965589846215536,1.2978555295939327,0.4351883689470747,0.5648116310529254,-0.007663430778659259,-0.010005107823310598
2007-04-20,0.016185486183402986,0.01125239272890477,1.3195269536283836,0.43112238831099703,0.568877611689003,0.0013376506848011022,0.0017300734738718744
2007-04-23,0.006815918273845423,-0.0020231566677203494,1.324236540673503,0.43024880751174577,0.5697511924882541,0.00949505626074795,0.012255709900331225
2007-04-24,-0.0188127940645888,-0.009267251093480255,1.3211805316152114,0.4308152624837596,0.5691847375162404,-0.006569082338292906,-0.008490182795547266
2007-04-25,-0.0012346719658885563,-0.00014620961606104377,1.3305483932242481,0.4290835594349226,0.5709164405650774,-0.0010401329961646003,-0.0013389119048400522
2007-04-26,-0.03141362454704455,-0.013448255372316198,1.3276272250861232,0.42962205855922636,0.5703779414407736,-0.013559354584846847,-0.01747619348842916
2007-04-27,0.009234245328570978,0.005630445481562774,1.3567408235127874,0.424314795255879,0.5756852047441211,0.0015951900891716482,0.0020305882682432243
2007-04-30,0.00014876553338827314,0.0026521110366795053,1.3603650055039451,0.4236632883762386,0.5763367116237613,-0.0034590735116213156,-0.00439644737600589
2007-05-01,-0.014875404522480484,-0.008963961184331404,1.3577400279338299,0.4241349716899598,0.5758650283100402,-0.002704675613668597,-0.003441442544501563
2007-05-02,-0.002340516239860535,-0.003113933192571139,1.3572190729927252,0.42422870723271383,0.5757712927672861,0.0018857732811221432,0.0023999974835533203
2007-05-03,0.013546231589859792,0.014130596716484645,1.3491526379005965,0.4256854083750324,0.5743145916249676,-0.005518100245294973,-0.007046924269118269
2007-05-04,0.0016426725439913081,0.007920247155683846,1.3366519730512856,0.4279627482111354,0.5720372517888647,-0.008943941443707337,-0.011483021280265387
2007-05-07,0.008348897928553978,0.0011641265697879266,1.330670684256629,0.4290610452840323,0.5709389547159678,0.006799828829372955,0.008752624995849773
2007-05-08,-0.0028092042294153297,-0.004215151764625724,1.338622518214285,0.4276021428048062,0.572397857195194,0.0028332928404033444,0.003634566269249958
2007-05-09,-0.009489232438189332,-0.007006258887782835,1.353569176679779,0.42488659772929105,0.575113402270709,-5.776363847735666e-06,-7.3628987475333335e-06
2007-05-10,-0.024025155131782827,-0.022343102278074678,1.347453691780398,0.4259934939298257,0.5740065060701742,0.006081140518635921,0.007771578889835845
2007-05-11,0.013036815704851268,0.00826943347149367,1.3179933148674332,0.43140762899792506,0.568592371002075,0.0021377576716816206,0.0027667349055368797
2007-05-14,-0.005147603299496595,-0.0031314877160599774,1.323940608190781,0.4303035957440038,0.5696964042559963,-0.0010016995481541887,-0.001293104752277673
2007-05-15,0.00639169323704003,0.006731488406880981,1.3240316776893897,0.4302867338685439,0.5697132661314561,-0.0025210106516692712,-0.0032542723180637428
2007-05-16,-0.02895806933513767,-0.019019298355079872,1.3223562886922966,0.43059715034642393,0.569402849653576,-0.0038077805487827486,-0.004918858360351185
2007-05-17,-0.002880997815229658,-0.006058769957649757,1.3666342848967095,0.42254099265854445,0.5774590073414556,0.005399124933196685,0.006844054826281272
2007-05-18,0.009370598769859795,0.007314824296977163,1.4608319860039947,0.4063666295332268,0.5936333704667732,-0.0013151305351636281,-0.0016032754889120145
2007-05-21,0.01013465282631354,0.002874469612802466,1.460358048877671,0.4064449076654371,0.5935550923345629,0.005936897991003175,0.007239065867317215
2007-05-22,-0.010569080691422261,-0.005732461439391101,1.4448259509465842,0.40902707189148635,0.5909729281085135,-0.002286671640989389,-0.0028059318170735696
2007-05-23,0.00897903695500979,0.0042482915063617455,1.445145791269424,0.4089735685988847,0.5910264314011152,0.0028396363645054714,0.0034840086525448986
2007-05-24,-0.014039095745536967,-0.01344617628914746,1.446690221602033,0.40871541119955285,0.5912845888004471,0.005413356009909772,0.006637566082679531
2007-05-25,0.006458152939468054,0.0032158891055704686,1.4341057530672643,0.410828493683925,0.5891715063160751,0.001846227871943106,0.0022754490468829937
2007-05-29,0.017240012796266635,0.0030529691261416136,1.382933461610127,0.4196508279019712,0.5803491720980287,0.01301795963446277,0.016388992614590227
2007-05-30,-0.00022801789034454512,-0.006087353749226976,1.3358374977389376,0.4281119731008633,0.5718880268991366,0.007903697509874559,0.010151002607234333
2007-05-31,0.01930829866310879,0.01209619462468181,1.3096972840881764,0.43295717014049334,0.5670428298595066,0.003465945415361025,0.004501817756688384
2007-06-01,0.02028483489322741,0.01543118336918492,1.3086164589910858,0.43315986772312154,0.5668401322768785,9.133435460250902e-05,0.00011868713087459168
2007-06-04,0.0003654787318285724,-0.0007449344322207896,1.319686647625858,0.43109270858780663,0.5689072914121934,0.001348558755387098,0.0017440615396488765
2007-06-05,0.005187790432192196,-0.0016401321023894466,1.3238064767229054,0.43032843311902075,0.5696715668809793,0.007359007932016501,0.009500371058085318
2007-06-06,-0.006760224772378476,-0.0004480104598364454,1.3129392459698468,0.43235030999730667,0.5676496900026934,-0.006172014257054209,-0.00800541683203555
2007-06-07,-0.01675930512986623,-0.01374572295656018,1.3237746452843306,0.4303343278270612,0.5696656721729388,0.0014369344011309036,0.0018550865989267439
2007-06-08,-0.03245260962835528,-0.022117824762798777,1.3163366238413015,0.43171618050128135,0.5682838194987186,-0.003338106853379201,-0.004323344222538057
2007-06-11,0.01830916817866246,0.013632823846582154,1.343416570323818,0.4267273743233018,0.5732726256766981,-5.39327714169438e-06,-6.9043769810143985e-06
2007-06-12,-0.013749350594427168,-0.0088644167830918,1.3284370761227766,0.4294726322023532,0.5705273677976468,-0.0019735306815630276,-0.0025427322496289328
2007-06-13,-0.002144762717361748,-0.0004625871903912726,1.3405419354476709,0.42725147746978176,0.5727485225302182,-0.001524645189841331,-0.0019542207299307135
2007-06-14,0.008290458132622636,0.0052452380667655785,1.3405964234793604,0.4272415312476094,0.5727584687523906,0.001258710740018907,0.0016133205118904655
2007-06-15,0.007537112705497284,0.004450620814487882,1.3410480292448101,0.42715911314411875,0.5728408868558813,0.0015686164333123783,0.002010146413551019
2007-06-18,-0.0017379298119062359,0.001986230394146249,1.3448224520502536,0.4264715220231814,0.5735284779768185,-0.004409057040898736,-0.005641011800757325
2007-06-19,0.006963894069172527,0.007471827546921883,1.3375225900239132,0.42780335226183624,0.5721966477381637,-0.0030298440635984514,-0.003888532341714126
2007-06-20,-0.005637883214436479,-0.006962367997735641,1.3203810318335876,0.4309637022027328,0.5690362977972673,0.0035550954264188563,0.004596351259960419
2007-06-21,-0.011566365402759793,-0.008382868777106922,1.3132895360143615,0.4322848413186233,0.5677151586813767,-0.0005572315560037656,-0.000722648264294452
2007-06-22,-0.005124239877795533,0.004457461609110425,1.3117566389188984,0.432571484024224,0.567428515975776,-0.010971344736272249,-0.014237672622931935
2007-06-25,-0.010916374099267934,-0.0033665068202467507,1.2928501000323729,0.4361384113099591,0.5638615886900408,-0.006563985419952257,-0.008588418518759137
2007-06-26,-0.04632362113972599,-0.014125613971231465,1.3001355840691788,0.4347569799476325,0.5652430200523675,-0.027958407768903216,-0.03646533877725837
2007-06-27,-0.004890009566277942,-0.0006228989162337939,1.3793753600347833,0.42027837086847086,0.5797216291315291,-0.004030798149432676,-0.005082171838629638
2007-06-28,0.013841086929405444,0.00903847231203958,1.3918158720121996,0.4180923839922154,0.5819076160077846,0.0012611977067659534,0.001581891467721877
2007-06-29,-0.0021003331042173112,0.0009266032215251574,1.400217218430065,0.41662895854654375,0.5833710414534563,-0.0033977788896496046,-0.004246839240498439
2007-07-02,0.021776091655260732,0.012961000972833148,1.4045396604196296,0.4158800191407466,0.5841199808592533,0.003571851750179173,0.004456385322697275
2007-07-03,-0.004198977780793367,-0.0054835880973914675,1.412609137034688,0.414489021304582,0.5855109786954179,0.0035471888693164805,0.004410812528476484
2007-07-05,-0.007956112620519984,-0.006892326285388717,1.414882694460548,0.41409878926785154,0.5859012107321484,0.0017957205652520628,0.002230817135802785
2007-07-06,0.014355594096504332,0.006631689745623559,1.4114643565096723,0.41468578928008265,0.5853142107199174,0.004995200397125983,0.0062143158578831115
2007-07-09,0.005218215209944477,0.011950341117037855,1.4208035504719916,0.4130859770942697,0.5869140229057302,-0.011760871878494332,-0.014574753754225053
2007-07-10,0.012033968928699013,0.003028009084027339,1.3935628207027388,0.4177872380664756,0.5822127619335244,0.007814248048448358,0.00979407932918276
2007-07-11,0.00015549924410906968,-0.0033207731426886378,1.4111283237806012,0.41474358296783637,0.5852564170321636,0.004841536282606926,0.006023988314751526
2007-07-12,0.016240549127861215,0.00969260113945225,1.423849732091642,0.41256682984924886,0.587433170150751,0.0024397415921809853,0.003019669363012404
2007-07-13,-0.005123137234083419,-0.0013499690979201784,1.430045885245748,0.41151486318492747,0.5884851368150725,-0.0031926194803937537,-0.003941431106027309
2007-07-16,-0.0033048396462308505,-0.0012015437182878452,1.4323642092910207,0.41112264198768056,0.5888773580123194,-0.001583791428256888,-0.0019533975490272416
2007-07-17,-0.003470085970412873,-0.00045110946311088806,1.4235214282346225,0.4126227184747588,0.5873772815252412,-0.0028279219831951075,-0.0035005945690214898
2007-07-18,0.021279858499324122,0.01188500561730943,1.4224110609020524,0.4128118535041786,0.5871881464958213,0.004374495050380164,0.005417530229676875
2007-07-19,0.00659189979468322,0.006839186422934906,1.438140646484686,0.41014861117294493,0.5898513888270551,-0.0032438121890256723,-0.003991335192704249
2007-07-20,0.0022581658498879165,0.009893697705638749,1.4236015507880535,0.4126090774594702,0.5873909225405298,-0.011826517546887613,-0.014639185483738604
2007-07-23,-0.0053322679493293945,-0.004532879822236824,1.3995067019722702,0.4167523262919215,0.5832476737080785,0.0010115277411259132,0.0012646696176691098
2007-07-24,0.008683159720784595,0.004994160509733225,1.3617350509704143,0.4234175207710576,0.5765824792289426,0.0018824363045085906,0.0023911695391933777
2007-07-25,-0.021783094672038206,-0.01593104972170667,1.3618143543861712,0.42340330354199124,0.5765966964580088,-8.796248057824779e-05,-0.0001117308145937336
2007-07-26,-0.014539300789160436,-0.016040380200169624,1.363147278787329,0.42316448448915944,0.5768355155108407,0.0073260998314149395,0.009300435775430462
2007-07-27,-0.018248222209813925,-0.0037735849056603765,1.3349503477505527,0.42827463160549906,0.5717253683945008,-0.013210673727736369,-0.016973389272020214
2007-07-30,0.01510717314269594,0.00621208422111752,1.3453001021133215,0.4263846656975422,0.5736153343024579,0.006750055605689987,0.00863436060861584
2007-07-31,0.009038505437593436,0.0042163061753683895,1.3706233703063697,0.42182997625251795,0.578170023747482,0.0032595376572664547,0.0041249120776766885
2007-08-01,-0.004787666067287866,-0.004948341141574275,1.389990911597617,0.4184116329260593,0.5815883670739407,0.0020904831469849535,0.002624047401403146
2007-08-02,0.003646872028786108,0.0015069319421192606,1.3858287540295982,0.4191415659279938,0.5808584340720063,0.0015585224130315704,0.0019597245741957837
2007-08-03,0.012756084770031872,0.011886886404257835,1.3887764531460625,0.41862435418893285,0.5813756458110672,-0.0037521431694234747,-0.004712215533372952
2007-08-06,-0.009389323769217861,-0.0014869888475836923,1.379668460879188,0.4202266056972247,0.5797733943027754,-0.007337772154527551,-0.009250581257630171
2007-08-07,0.00493181232436446,-0.0013403193061243268,1.417652432522708,0.41362438477417807,0.586375615225822,0.00683191924904876,0.008477545188643973
2007-08-08,0.005904429272630463,0.0058157240621055095,1.412366877243106,0.4145306459947821,0.5854693540052178,-0.0023095067598730874,-0.00287208398729852
2007-08-09,-0.03529503708410331,-0.01942175772563015,1.4091686076231236,0.41508095234006726,0.5849190476599327,-0.007926505792283427,-0.009870424718970185
2007-08-10,0.013433431835721654,0.013456248942220306,1.4452835633181524,0.40895052622978406,0.5910494737702159,-0.006014663584386629,-0.007379099513790094
2007-08-13,-0.001013608951287659,-0.0008950851810589633,1.423234968777077,0.41267149611358794,0.587328503886412,0.00026030757842961886,0.0003222645535207681
2007-08-14,-0.008195480304377778,-0.0016425811572983173,1.4318791773012263,0.4112046393315264,0.5887953606684735,-0.005843502548214967,-0.007208626073314772
2007-08-15,-0.01487370213193906,0.0004487718203429747,1.435258060164562,0.41063409925945393,0.5893659007405461,-0.015517805504261037,-0.019116420257176883
2007-08-16,-0.08411883096194639,-0.03079688424161564,1.4303659652071645,0.41146066654811797,0.588539333451882,-0.04006801590831452,-0.04945923759868707
2007-08-17,0.026777161459347054,0.013265520257637498,1.6547757904405322,0.3766796441344903,0.6233203558655096,0.00482569968941007,0.005453228525120712
2007-08-20,-0.0053517394955879816,-0.0003044789155087768,1.6674135250370223,0.37489500244853124,0.6251049975514686,-0.004844047233780042,-0.005448027298706311
2007-08-21,-0.018788907697941393,0.0,1.6928630125376982,0.37135197570173495,0.6286480242982652,-0.018788907697941393,-0.02093189398472422
2007-08-22,0.00496119809846185,0.0036545809872006174,1.6915721067026777,0.37153007995206727,0.6284699200479327,-0.0012207891611726498,-0.001360679683965276
2007-08-23,0.006669030065438841,-0.0003033700186337862,1.6842000235864842,0.37255047731646074,0.6274495226835392,0.007179965857977296,0.008024699122515999
2007-08-24,0.025982968425528385,0.013810859384972396,1.6979425710023592,0.37065281179371906,0.6293471882062809,0.0025329223336562935,0.0028165043550744395
2007-08-27,-0.014507365444553333,-0.0017964254596276596,1.7079513708818281,0.3692828500366888,0.6307171499633113,-0.011439158118095254,-0.012672854735611623
2007-08-28,0.00017017146580777798,-0.00359922528920531,1.7231202367217069,0.36722579727286436,0.6327742027271356,0.006372069398157986,0.007019964795049762
2007-08-29,0.007061441649880873,0.0028596678342718285,1.7176670196661674,0.36796266531682675,0.6320373346831732,0.0021494845237519777,0.0023727901632511423
2007-08-30,-0.0038860798675861563,-0.0019510548053209842,1.723357370117961,0.36719382148391544,0.6328061785160844,-0.0005237151893321746,-0.0005769149452201617
2007-08-31,0.023068386963189136,0.012030075187969835,1.722426060751308,0.36731943409476103,0.6326805659052389,0.0023474719466322,0.0025868162009708012
2007-09-04,0.018071824334815467,0.014115898959881079,1.758538263553789,0.3625108316285281,0.6374891683714718,-0.006751524110594542,-0.007342501860275061
2007-09-05,-0.007409865314568109,-0.0011721432864011394,1.7889342845809686,0.358559900650455,0.6414400993495449,-0.005312978003083701,-0.0057150625948312345
2007-09-06,0.014356045673412643,0.02039014688279761,1.800270209995036,0.3571083949079945,0.6428916050920056,-0.02235172833711104,-0.023945969489655793
2007-09-07,0.01835828877582779,0.007475578478350231,1.7309324367241374,0.3661752984264744,0.6338247015735256,0.005418567504374507,0.005952436718874996
2007-09-10,-0.004764963435542002,0.003567351660312079,1.7419663880494647,0.364701771822726,0.635298228177274,-0.010979170122158096,-0.012012368390082576
2007-09-11,0.01077244121608234,0.012654663114657128,1.736575322952047,0.3654202358739617,0.6345797641260383,-0.01120333446910272,-0.012281775372823205
2007-09-12,-0.0033156878109774635,-0.0004212128444636143,1.7161210799498925,0.36817209931541356,0.6318279006845865,-0.0025928355694477996,-0.0028638291443498164
2007-09-13,-0.008792084042388626,-0.0033712941870424062,1.716191675349417,0.3681625303086748,0.6318374696913251,-0.0030062970234325673,-0.003320417757019115
2007-09-14,0.002397293680478807,0.0001409099167548611,1.719781481277534,0.3676765971398116,0.6323234028601884,0.002154959415115438,0.0023769844341721283
2007-09-17,0.015545332716708993,0.00873733430150092,1.7344131840084944,0.36570917879135467,0.6342908212086452,0.0003911849110961457,0.000429179737777622
2007-09-18,0.0021979650855941113,0.0,1.7520484248274866,0.3633656991565058,0.6366343008434943,0.0021979650855941113,0.00239599536014548
2007-09-19,0.014803800952703172,0.008661654530266016,1.7562220921183138,0.36281546500174916,0.6371845349982508,-0.00040798808764668133,-0.0004440731632041166
2007-09-20,0.02817225701419135,0.014404465947454925,1.7575199023491022,0.36264470807558286,0.6373552919244171,0.002856121428829402,0.00310727196535876
2007-09-21,0.011485614953120615,-0.001365374066992997,1.707498875896154,0.36934456701076573,0.6306554329892342,0.013816989637688917,0.01530969016537335
2007-09-24,0.0017069736921357936,0.000957001843739036,1.6943722046817342,0.3711439712235758,0.6288560287764242,8.545636827519878e-05,9.514984766400506e-05
2007-09-25,-0.0011113128796556015,-0.0006829668305886605,1.6931348941297137,0.37131448639268766,0.6286855136073123,4.5042092747236235e-05,5.0174344603475364e-05
2007-09-26,-0.004895414851146307,-0.004510645028829807,1.691555673146504,0.3715323483652753,0.6284676516347247,0.00273459233692083,0.003047968538273646
2007-09-27,0.007528311672359234,0.00604150005191717,1.6810790278083088,0.37298415661304324,0.6270158433869567,-0.0026279273614215302,-0.0029405258116204473
2007-09-28,0.020492673633702996,0.013784598632002876,1.6914624892334167,0.37154521157187675,0.6284547884281232,-0.0028234578814681395,-0.0031471267678030886
2007-10-01,-0.004712163399245406,0.005923565544388332,1.700568589911733,0.37029239091930805,0.6297076090806919,-0.014785592904315598,-0.016424977643095737
2007-10-02,-0.02928111476184192,-0.02328697019512549,1.6857704751731704,0.37233263573482506,0.627667364265175,0.009975372049338231,0.01114246970269682
2007-10-03,0.001650807635577456,-0.0006851192222023794,1.6510595064985392,0.3772076777411828,0.6227923222588172,0.0027819802404795797,0.003148152918099478
2007-10-04,0.0029964762844865156,0.011655011850093322,1.6465758661367673,0.3778467161267173,0.6221532838732828,-0.016194384947415184,-0.01835698551621831
2007-10-05,-0.0007468988667879151,0.004743833095565364,1.6275792187869587,0.38057843997626734,0.6194215600237326,-0.008467863030523909,-0.00966805830626849
2007-10-08,-0.009641954770788108,-0.011466343099919118,1.619926256908804,0.3816901324466586,0.6183098675533414,0.008932675487495961,0.010228542269776066
2007-10-09,0.016981160865639833,0.0062773426551876454,1.5918708539826325,0.3858216926446833,0.6141783073553168,0.0069884420523846705,0.008088877624801013
2007-10-10,0.006456392632694596,0.0040683481159140555,1.599982970236472,0.38461790382767336,0.6153820961723265,-5.289506976152887e-05,-6.1033172563494144e-05
2007-10-11,0.023669082191507318,0.014721722068461895,1.60050091848032,0.3845412985219708,0.6154587014780292,0.00010695249932205636,0.00012338295890842663
2007-10-12,-0.005762437625284389,-0.0034606357356337103,1.5976406848624654,0.3849647127208226,0.6150352872791773,-0.00023358517854702669,-0.0002697661534655938
2007-10-15,-0.0033326435667404564,0.011219397945706922,1.5981117143111334,0.3848949198341694,0.6151050801658307,-0.021262494851292953,-0.02455147875378852
2007-10-16,-0.014174579868924342,-0.0001320507055361242,1.5819091923033277,0.38731029076506657,0.6126897092349335,-0.013965687643986606,-0.016227163626379652
2007-10-17,0.006931120835216742,0.0006605019815060231,1.5907455843474605,0.38598927121277843,0.6140107287872216,0.0058804302246832875,0.006809348930529292
2007-10-18,0.004027555991701792,0.008712839057343214,1.5872561845357651,0.38650985007865823,0.6134901499213417,-0.00980195168693099,-0.011365652630981844
2007-10-19,-0.011523593266089982,-0.0001308409751757944,1.5978345610693174,0.3849359828319403,0.6150640171680597,-0.011314531033950085,-0.013066110371508196
2007-10-22,-0.005755188229465302,-0.01073300027098334,1.6546335883330838,0.37669982192454926,0.6233001780754507,0.012003994522491821,0.013565707797017802
2007-10-23,0.007198453851577247,0.004233940538125314,1.6039973195672612,0.3840249728698578,0.6159750271301422,0.00040722457721707565,0.00046915322165318185
2007-10-24,-0.0041997648418381495,0.003425527781208748,1.599052437111345,0.3847556077442694,0.6152443922557307,-0.009677363388772616,-0.011170259496028052
2007-10-25,0.02367737230449407,0.007484259965536255,1.595435558309151,0.385291785341598,0.614708214658402,0.011736717827847907,0.013566182897826249
2007-10-26,0.027249718395519373,0.021634350169666305,1.619107775053944,0.3818094121687694,0.6181905878312305,-0.0077786261724269515,-0.00890985805912482
2007-10-29,0.010765541730901385,0.006633436675501869,1.6017195291777826,0.3843611845109332,0.6156388154890667,0.00014063666218589593,0.00016216582219030426
2007-10-30,-0.006822107505420338,-0.006082863948138617,1.6101375430903964,0.3831215725191257,0.6168784274808742,0.0029721401069887233,0.0034160729746100463
2007-10-31,0.007710076059987525,0.009817687526298746,1.597376299910197,0.38500389798527634,0.6149961020147238,-0.007972465314446061,-0.009208290667842437
2007-11-01,-0.007442400942941574,-0.0016413987284958909,1.5976126644378976,0.38496886533173413,0.615031134668266,-0.004820081546904276,-0.0055667439717545075
2007-11-02,0.019341209555722827,0.018970532146738384,1.5997191207166486,0.384656939294402,0.615343060705598,-0.011006313449584415,-0.01270096453329585
2007-11-05,0.012787077548685799,0.0029787307217883363,1.5675239294717624,0.3894803037749051,0.6105196962250949,0.008117845862829886,0.009485223217958524
2007-11-06,0.04038822286045063,0.015715892328573178,1.5773238540548844,0.3879993577162247,0.6120006422837753,0.015599171002833992,0.01815740499001544
2007-11-07,-0.003588396470676991,0.012426915641723824,1.623628764652524,0.3811514851006145,0.6188485148993855,-0.02376509416249017,-0.027174302800767214
2007-11-08,0.012768444920782107,0.005054166314117037,1.584035163983056,0.386991637706118,0.613008362293882,0.0047624677546020885,0.005529105587628123
2007-11-09,0.002068894290871537,-0.003232773189138727,1.5775337540929961,0.38796776120275805,0.612032238797242,0.00716870311606474,0.008343677096000618
2007-11-12,-0.05032581155692828,-0.0320720867351727,1.2658525198661938,0.44133499035455903,0.558665009645441,-0.009727279745842789,-0.012878966738422856
2007-11-13,-0.010055014937809359,-0.0106725933435321,1.3119903633710457,0.432527754372613,0.567472245627387,0.0039473246810827235,0.005121982440264907
2007-11-14,0.03143230938082109,0.019819352171391413,1.2970306839486954,0.4353446416662387,0.5646553583337612,0.005726001478541222,0.007478352185567645
2007-11-15,-0.038392481678304335,-0.033333303303736184,1.303232955103664,0.434172321902624,0.565827678097376,0.005048577689590501,0.006575858093385872
2007-11-16,0.00214504138175875,-0.0002545008281178429,1.276233653759749,0.4393222103312016,0.5606777896687983,0.0024698439035124664,0.0032551718485924197
2007-11-19,-0.02395913324745902,-0.011327509578448858,1.2784288070497574,0.4388989451440698,0.5611010548559301,-0.009477718690237946,-0.012479282206553012
2007-11-20,0.024193549475229448,0.017378991004307176,1.2837635929434597,0.4378736937088731,0.5621263062911269,0.001883033541808004,0.002473592556987512
2007-11-21,-0.005387489318261163,0.009236983304725888,1.2805148268692546,0.4384974779457251,0.5615025220542749,-0.017215583395506426,-0.02264696970088161
2007-11-23,0.02187503766682508,0.033099329516238285,1.270511245730687,0.4404294415543332,0.5595705584456667,-0.020178032709701324,-0.02666099903399647
2007-11-26,0.006931718345466242,0.0024271844660195274,1.198974881036731,0.45475735472182327,0.5452426452781766,0.004021585139066278,0.005486536258891129
2007-11-27,-0.02314911270702602,-0.014891026383739403,1.197573416525247,0.4550473683746945,0.5449526316253055,-0.00531601536508363,-0.00725711640636224
2007-11-28,-0.01001792899811027,-0.01671382133104049,1.1984859406786221,0.4548584921545248,0.5451415078454753,0.010013350882156213,0.01366397305101527
2007-11-29,-0.006420546066880584,-0.005999235019915616,1.1717820715128318,0.46045135610840304,0.5395486438915971,0.0006092499722484615,0.0008415899277924351
2007-11-30,-0.019245638750431504,-0.016471741213389346,1.1682418409145199,0.4612031652235899,0.5387968347764102,-2.6614722339682317e-06,-3.6824382553812818e-06
2007-12-03,0.003437612332320761,0.007798485669574529,1.1867111381197675,0.4573077726488579,0.5426922273511421,-0.0058169374722307245,-0.007980392157190533
2007-12-04,0.018556864950973972,0.016491183814928867,1.1769206205574778,0.45936447592834806,0.5406355240716519,-0.0008519493382195438,-0.0011740657838061712
2007-12-05,-7.003368299385304e-05,-0.004742278610829764,1.1775801766132103,0.4592253413857302,0.54077465861427,0.005514379601096111,0.007597028564531604
2007-12-06,0.011913042548442165,0.00463951373922411,1.1777139284114857,0.459197136480383,0.540802863519617,0.006449022596701477,0.008884118128507808
2007-12-07,-0.007963973300552651,-0.008487253731109035,1.1789275015607976,0.45894138253048133,0.5410586174695187,0.0020418835357762805,0.0028113145586261823
2007-12-10,0.024363000471810725,0.01674217948668688,1.1736310941377421,0.46005966821922467,0.5399403317807753,0.004713858042599939,0.006505967901333159
2007-12-11,0.0014310964122243863,0.004580923797340208,1.1814752509796953,0.45840538394873026,0.5415946160512697,-0.003981151680956995,-0.005474944094601673
2007-12-12,-0.002722011751188802,0.002588089133290339,1.176692491754907,0.45941261973746855,0.5405873802625315,-0.005767396802324009,-0.007948844622063515
2007-12-13,-0.03978165770919939,-0.0178242163491088,1.176995769083659,0.45934861895524953,0.5406513810447505,-0.01880263047906655,-0.025910887029855303
2007-12-14,-0.01748147698349123,-0.0071339326746323595,1.2122562715736276,0.4520271963286955,0.5479728036713045,-0.008833322357684128,-0.011978705818834616
2007-12-17,0.0,0.0018908357784968022,1.2040188792655695,0.45371662167123694,0.5462833783287632,-0.0022766019749009604,-0.00309879647082639
2007-12-18,0.013597549720602231,0.010317076412899029,1.2082207100675257,0.45285328384109796,0.5471467161589022,0.0011322443311884457,0.0015382216904674638
2007-12-19,0.004210076745807978,-0.002366157427226012,1.2104911554816464,0.45238814800057814,0.5476118519994219,0.007074289383942273,0.009600974018465387
2007-12-20,0.008740151023846288,-0.00237169321783659,1.2072370627189875,0.45305509629679236,0.5469449037032076,0.011603346977817876,0.015770866447201118
2007-12-21,0.010566329774745142,0.015515469456341968,1.2028976278773948,0.4539475585906148,0.5460524414093852,-0.008097191629692784,-0.011027101115218202
2007-12-24,0.012128868219371203,0.0014785759525990372,1.1920194433049935,0.45620033300993934,0.5437996669900605,0.010366376935469948,0.014187433830203834
2007-12-26,0.012052288673791045,0.016240172742711056,1.1853591252675189,0.4575906945626549,0.542409305437345,-0.007198148282702335,-0.00988141701674023
2007-12-27,-0.001156804698398739,0.0031476702008927937,1.1805369108719643,0.45860264736363243,0.5413973526363675,-0.004872745553804453,-0.006703962032712274
2007-12-28,0.006267884235454657,0.013275404687553172,1.1772531132469994,0.4592943254579489,0.540705674542051,-0.009360627262581123,-0.012897848953291453
2007-12-31,0.0018279940917391713,-0.005597845770058507,1.1681968310421886,0.46121273939844715,0.5387872606015528,0.00836737978098444,0.011577426451125035
2008-01-02,0.02500506097695765,0.026470205940462677,1.170290969703096,0.46076770993375316,0.5392322900662468,-0.005972782001347071,-0.008256195254082686
2008-01-03,0.0141755228577507,0.010968523236945638,1.15846986847408,0.4632911557421671,0.5367088442578328,0.0014688191860913972,0.002041472814901659
2008-01-04,-0.0023404142401146633,-0.0038089205160823925,1.166763635498348,0.4615178063803917,0.5384821936196085,0.0021036957085538727,0.0029126790861108815
2008-01-07,-0.010817112966907239,-0.004055150155257481,1.1609538155459718,0.46275861742438346,0.5372413825756166,-0.006109270921549227,-0.008481353295381328
2008-01-08,0.03471669716581571,0.021405333802528625,1.1642046319003032,0.4620635152794859,0.537936484720514,0.009796508405539757,0.013579827333986196
2008-01-09,0.001719006024474945,0.0017084282460135825,1.1755694313310736,0.4596497751800881,0.540350224819912,-0.0002893699971611855,-0.00039902656241700514
2008-01-10,0.027901367989843884,0.013871531787414737,1.1750188368151733,0.459766133089806,0.540233866910194,0.011602056844151117,0.016002698433370436
2008-01-11,0.006183168205903478,0.004934353839489036,1.2025128273087227,0.4540268676763678,0.5459731323236323,0.0002495444194378655,0.00033989961331047473
2008-01-14,0.003195479842972304,0.00613770801232727,1.1985051273888856,0.4548545225308058,0.5451454774691942,-0.0041605946802177746,-0.005677395920143999
2008-01-15,-0.007350740191438221,-0.0006654565241615007,1.1987816559033433,0.4547973180125344,0.5452026819874655,-0.006553003117472214,-0.00894086472826242
2008-01-16,-0.024560306409291743,-0.022641536530590978,1.2045492924244299,0.4536074577403804,0.5463925422596196,0.0027125403980335014,0.003691285661910161
2008-01-17,0.007781371779071566,-0.0012491206182529968,1.1941761976899157,0.45575191320224206,0.5442480867977579,0.009273041889433007,0.01267861974694088
2008-01-18,0.013057136165771865,0.0014780986844442623,1.2000672390549947,0.4545315626033024,0.5454684373966976,0.01128331835848002,0.01538587297449136
2008-01-22,-0.006692266598589236,0.009990903627302483,1.1984724379126606,0.45486128584329666,0.5451387141567033,-0.018666089225752885,-0.025471444040674994
2008-01-23,-0.007985043912446588,-0.007981087883080384,1.1858507089919448,0.4574877853671777,0.5425122146328224,0.0014793348122313053,0.002030332821192811
2008-01-24,0.023330416296639678,0.02606232294617561,1.1769067416621972,0.45936740461212444,0.5406325953878756,-0.007342507282091775,-0.01011872554056037
2008-01-25,0.00952490459447941,0.005521811154058476,1.1574757854322826,0.4635046227411702,0.5364953772588298,0.003133541891926838,0.004357233457383607
2008-01-28,0.015948444462401845,0.018231713987850062,1.1571147165145343,0.46358220652066195,0.536417793479338,-0.005147740100223352,-0.007159202142769303
2008-01-29,0.003295404638456789,-0.0021572646453107414,1.1510059101413213,0.4648987691225358,0.5351012308774643,0.005778428994948374,0.008059153581640412
2008-01-30,-0.002030480443384164,-0.004864339118752836,1.1501797503623146,0.4650773963579071,0.5349226036420929,0.003564383909900615,0.004973143165309784
2008-01-31,0.014182245553410189,0.0022811608481274614,1.1453753076752773,0.4661189100212015,0.5338810899787986,0.011569460245129401,0.016178232596980015
2008-02-01,-0.007316529953465323,-0.015172862051354041,1.148733640621777,0.46539039604305305,0.5346096039569469,0.010113047109438607,0.01411954499839106
2008-02-04,-0.0049928457418134675,-0.004181784683527701,1.1317803664764998,0.46909147664815204,0.530908523351848,-0.00025998394016467277,-0.0003658687511899532
2008-02-05,-0.02610515415968928,-0.02099679465950155,1.1022474659374653,0.4756813915597064,0.5243186084402935,-0.002961490453444394,-0.004226177699955647
2008-02-06,0.012574368523446733,0.016706160272156545,1.1250504333041382,0.4705770669381942,0.5294229330618058,-0.006220904329591367,-0.00878224473936665
2008-02-07,0.013750981230847614,0.005995296220407953,1.114284804923514,0.4729731764005066,0.5270268235994933,0.007070513751431658,0.010032490043394281
2008-02-08,0.0203167099006607,0.013574714887472528,1.1197276086786596,0.4717587278222761,0.5282412721777239,0.005116726861216487,0.007241581663984677
2008-02-11,0.02096631248256009,0.004899825653718715,1.0781019334023885,0.4812083487948747,0.5187916512051253,0.015683800971951323,0.02264152790562044
2008-02-12,-0.012332940149430316,-0.01679488524213746,1.0834599511505083,0.47997082902783406,0.520029170972166,0.005863645394594327,0.008443136223506044
2008-02-13,0.006272493846646299,-0.000991871710212533,1.0563511750382815,0.4862982607926313,0.5137017392073687,0.007320258693216538,0.010679487213190028
2008-02-14,-0.005540844407426193,0.0009928564964836184,1.0392956210486484,0.4903653936577274,0.5096346063422728,-0.00657271581655132,-0.009669097136350679
2008-02-15,-0.007661054729505179,-0.0050694693600699114,1.0410590209336252,0.48994173600260615,0.5100582639973938,-0.0023834379208577854,-0.0035032371377985167
2008-02-19,0.022926670263164528,0.026362414836924586,1.023421797233318,0.49421232951395916,0.5057876704860408,-0.004053199708651117,-0.006009423809993308
2008-02-20,0.014579821123630099,0.008633714883211852,1.0018521242482898,0.4995373973367325,0.5004626026632675,0.005930115527730229,0.00888694342988551
2008-02-21,0.01098899327145042,0.01230472961738549,1.0163026173673142,0.49595729896224594,0.5040427010377541,-0.001516335644695565,-0.0022561131919901604
2008-02-22,0.004737964433796593,-0.0014797203414356197,1.0605751849129654,0.48530138930224864,0.5146986106977514,0.006307319108534152,0.009182852178432732
2008-02-25,0.003051334609696088,-0.007515652089922664,1.0580325319531756,0.48590096826649776,0.5140990317335022,0.01100313901967614,0.016039307710894558
2008-02-26,0.03495575067197643,0.009065699894763801,1.0275854234624506,0.4931974694769348,0.5068025305230651,0.02563996960663207,0.037936704382369374
2008-02-27,0.02618639236400022,0.012789384772576406,1.062072888812504,0.48494891011145336,0.5150510898885465,0.01260313353245535,0.01833562761166
2008-02-28,0.022289319026264742,0.006574814978824728,1.074025749906263,0.4821540909244717,0.5178459090755283,0.015227798438137582,0.022026435938163953
2008-02-29,0.009067825339715618,0.007879705117612712,1.0707120084582495,0.4829256776969922,0.5170743223030078,0.0006309304471777636,0.0009140775413489666
2008-03-03,0.01337840176167826,0.00966981241656395,1.0739043531685322,0.4821823139877158,0.5178176860122841,0.00299394811320711,0.004330886487556083
2008-03-04,-0.01668903926850096,-0.017931712262799326,1.076918830662616,0.4814824658703499,0.5185175341296502,0.0026219593333313834,0.0037872823356725205
2008-03-05,0.04797844535728579,0.023135166747738634,1.078536774490611,0.48110767741651866,0.5188923225834814,0.02302631723587733,0.033234414014426686
2008-03-06,-0.02678264256451679,-0.01135673501155876,1.1294532845643535,0.469604103198057,0.5303958968019431,-0.013955740903784757,-0.019661019574758843
2008-03-07,0.0013412362302052117,-0.002871782351762775,1.1583698333702843,0.4633126281414454,0.5366873718585546,0.0046678222744923805,0.0064879830170767325
2008-03-10,-0.0228197723103859,-0.0023657557746245006,1.1506762990858088,0.4649700191633076,0.5350299808366924,-0.0200975532111001,-0.028034279105102422
2008-03-11,-0.0011168321241742385,0.004433434049624374,1.1666965762676376,0.4615320903504657,0.5384679096495343,-0.006289304450979363,-0.008708147490332982
2008-03-12,0.01194341816911404,0.004721797914492232,1.1649245420912786,0.4619098636269409,0.5380901363730591,0.0064428798957266225,0.008928089321999528
2008-03-13,0.02149572692966384,0.013792399027752644,1.107589626614955,0.47447566991783,0.52552433008217,0.00621940884039082,0.008852874528111919
2008-03-14,0.011554092870498245,0.005945807202099251,1.0960384492684392,0.4770904848377283,0.5229095151622716,0.005037259565060264,0.007209685824444256
2008-03-17,-0.01710893812668024,0.0032057825765359205,1.095589272412754,0.4771927462907134,0.5228072537092866,-0.020621159127220713,-0.02952080266684879
2008-03-18,-0.016417798952514495,0.0017974712892800948,1.0974782239516752,0.476762995000724,0.523237004999276,-0.01839048455067774,-0.02630370748168699
2008-03-19,-0.07516334729818164,-0.05831339641962374,1.1069819346942322,0.4746125173328176,0.5253874826671823,-0.010611470910994833,-0.015109010765013683
2008-03-20,-0.08643653781029537,-0.02656931967477638,1.1788317878884556,0.4589615433181823,0.5410384566818177,-0.05511577919509881,-0.07588806924170012
2008-03-24,0.015590545997689054,-0.0014136448754692443,1.3251290565319271,0.430083653718371,0.569916346281629,0.01746380789779081,0.02253269492555284
2008-03-25,0.040721844367185955,0.017750177512409593,1.320466457794311,0.43094783664769576,0.5690521633523042,0.017283330342154225,0.022344641463056526
2008-03-26,0.03287926864848956,0.015407687556416416,1.3541739412681406,0.424777448458767,0.575222551541233,0.012014579664389052,0.01531056748243131
2008-03-27,0.009102791386844,-0.00021076101900030508,1.3669901158532756,0.42247747183325696,0.5775225281667429,0.009390899616624582,0.011902330584814368
2008-03-28,-0.03311191344369091,-0.019182137901758267,1.377050277988891,0.4206894609086907,0.5793105390913093,-0.006697145113653449,-0.00845225510247042
2008-03-31,-0.03491620186142308,-0.015473848868134299,1.3954762110850436,0.4174535298545272,0.5825464701454728,-0.013322813872016438,-0.016684967035404372
2008-04-01,-0.024312595401937198,-0.0363457622236355,1.4417470967109958,0.4095428233935398,0.5904571766064601,0.028088801761737475,0.03451070153773021
2008-04-02,0.017324225738649224,0.01393134834392118,1.3679298976517198,0.4223097993702017,0.5776902006297984,-0.0017328821756013302,-0.0021954393717311914
2008-04-03,0.017495839250114997,0.010947260566728234,1.3655740782112236,0.42273036774065853,0.5772696322593414,0.0025465439927670128,0.003229504435590492
2008-04-04,0.015761999804750015,0.0044198895027625085,1.3642093012473002,0.4229743954870763,0.5770256045129236,0.009732345434596097,0.01234959878060907
2008-04-07,0.020595856483693886,0.015071520579792441,1.3599398986967104,0.42373960478919626,0.5762603952108036,9.94943132055677e-05,0.0001264790428694984
2008-04-08,-0.022778827807871438,-0.00942886321874159,1.3587179003107837,0.42395913469272456,0.5760408653072754,-0.009967662572985288,-0.0126776447980557
2008-04-09,0.028005706398871677,0.021444174601682242,1.3594992637233074,0.42381873788847574,0.5761812621115242,-0.001147633183269381,-0.0014591653418764908
2008-04-10,-0.008640593690339538,-0.005676936516244457,1.3566511461386974,0.42433094165781393,0.5756690583421861,-0.00093897125901987,-0.0011953036755885747
2008-04-11,-0.019152901313002957,-0.00506303163722488,1.360061048347461,0.42371785284970076,0.5762821471502992,-0.012266869196662524,-0.015593074431593936
2008-04-14,0.0056599720180674495,0.001948948544507001,1.3648566479077413,0.42285861212125886,0.5771413878787411,0.002999936640666953,0.0038056471329724188
2008-04-15,0.0034894347074980736,0.0035660122173200026,1.374538802467199,0.42113441101108884,0.5788655889889113,-0.0014121874552803634,-0.0017841621966502332
2008-04-16,0.02664051505901499,0.017659053691549076,1.375552610812817,0.4209546845850915,0.5790453154149086,0.002349557649120943,0.002967171897300589
2008-04-17,-0.0009833186969553376,-0.005607859411574823,1.3773317061960633,0.4206396597469718,0.5793603402530282,0.006740563874496664,0.00850604548401302
2008-04-18,-0.026521605126592518,-0.02936792503131802,1.388382057625411,0.41869348197759654,0.5813065180224034,0.014252295056577602,0.017902029130231693
2008-04-21,-0.025839848929245846,0.002740627018795294,1.3618210502803993,0.4234021031700426,0.5765978968299574,-0.029572092494408495,-0.03756265847181477
2008-04-22,0.020528250472217735,0.008308708302736223,1.3816982910560176,0.41986846266602956,0.5801315373339704,0.009048122409444151,0.011397063738202099
2008-04-23,-0.03068139162518968,-0.017456332862438972,1.3860706886373786,0.41909906724979445,0.5809009327502056,-0.006485680313465591,-0.00815442770956135
2008-04-24,-0.029320911644788228,-0.021408104339807,1.4097793832130425,0.4149757471435685,0.5850242528564314,0.000859792487145343,0.0010703790892246934
2008-04-25,0.011650266584379843,0.000451087527705063,1.4107801049069941,0.4148034895279589,0.5851965104720411,0.011013881274721858,0.013705789158003813
2008-04-28,0.009794550730308549,0.0064247206138463575,1.4126291643104893,0.4144855806241537,0.5855144193758463,0.0007188030186423954,0.0008938004596091616
2008-04-29,-0.02768789447476605,-0.0209430078348386,1.410528978977084,0.4148467032428514,0.5851532967571486,0.0018528249832179128,0.0023059150079218285
2008-04-30,-0.0022974670319304558,-0.013040521911320546,1.422727845981235,0.41275787606881925,0.5872421239311807,0.01625564661743372,0.020128938515811684
2008-05-01,-0.02308814083911548,-0.016110296216463982,1.4095016725404186,0.41502357578597004,0.58497642421403,-0.0003806513768879194,-0.00047393788669162704
2008-05-02,0.01612804566751702,0.008481506614214762,1.4145611175278983,0.41415393991924737,0.5858460600807526,0.004130436192993126,0.005131909268739479
2008-05-05,0.022281897293104258,0.018923037809858156,1.4315859643022006,0.41125422447771565,0.5887457755222842,-0.004808058037448534,-0.005932002538304233
2008-05-06,0.002030359258323289,0.004241674032797738,1.421625986968195,0.4129456841731249,0.5870543158268752,-0.003999714774950159,-0.004954994862717449
2008-05-07,-0.009713951140731925,-0.007305963942993765,1.4199208487741488,0.4132366562759962,0.5867633437240037,0.0006599393823171085,0.0008181334310807045
2008-05-08,0.010651744574840416,0.012649494375374326,1.414771427426804,0.41411786997397365,0.5858821300260263,-0.007244398638835248,-0.00900010480067042
2008-05-09,0.002917695876599513,0.004428826393581886,1.4198004138682248,0.41325722331017717,0.5867427766898229,-0.0033703536699585665,-0.004178468997661027
2008-05-12,0.01870216269979008,-0.0009044519988340438,1.4188858658325751,0.4134134702778969,0.5865865297221032,0.019985476857259727,0.02478679602815502
2008-05-13,-0.023021356567457407,-0.017200420954017415,1.4187433083641354,0.41343783631026493,0.5865621636897351,0.0013816255621010576,0.001713648848958041
2008-05-14,-0.012706630377396277,-0.003569344370682237,1.4175925713046529,0.41363462639213455,0.5863653736078654,-0.007646754313089057,-0.009488887090221106
2008-05-15,0.004652663154379066,0.01571524751821629,1.449584054205373,0.4082325724986777,0.5917674275013222,-0.01812790905591783,-0.02220120884375824
2008-05-16,0.01665956013860659,0.022753128555176305,1.425958593367198,0.41220818967565864,0.5877918103243414,-0.015785459050635643,-0.01952068649538528
2008-05-19,0.004141126653641081,0.006674082313681939,1.4055340383275217,0.41570810641917283,0.5842918935808271,-0.005239523212838585,-0.006534336820045286
2008-05-20,0.04106271697718866,0.01602209944751376,1.4030858546793108,0.41613161596069936,0.5838683840393006,0.018582335880116905,0.023198092374352598
2008-05-21,0.018504876524241043,0.009244154431756302,1.4304677202303482,0.41144344015612955,0.5885565598438703,0.0052814120087893365,0.006519006977334537
2008-05-22,-0.0012778536975148747,-0.010883594381398187,1.4198625524638493,0.4132466114580858,0.5867533885419143,0.014175354400838364,0.017573751517091753
2008-05-23,0.014798266185643394,0.008388659948876498,1.4022721365119606,0.4162725716212881,0.5837274283787118,0.003035082076660034,0.003790264263398853
2008-05-27,-0.04473439063392548,-0.01933876820553604,1.3976968885555898,0.4170668964759827,0.5829331035240173,-0.01770465448454999,-0.022152075897152568
2008-05-28,-0.00258250090469081,-0.007932149509973785,1.4206616526229776,0.4131101919660772,0.5868898080339228,0.008686399727001089,0.010765320776146503
2008-05-29,-0.05195626706174461,-0.02587450060296359,1.416588065862113,0.4138065622877484,0.5861934377122515,-0.01530275829744434,-0.01899714541375728
2008-05-30,0.021241754973813753,0.011513879896702273,1.4509822152239649,0.4079996965251837,0.5920003034748164,0.004535320015474013,0.005551227569873973
2008-06-02,0.002793182738896949,0.006311322774863459,1.4301183673888782,0.41150258910000476,0.5884974108999952,-0.006232755883955027,-0.007694385550427346
2008-06-03,-0.0044447529037500155,-0.012655446880002419,1.420485749931296,0.41314021370643655,0.5868597862935634,0.013532129048305901,0.016772000060760534
2008-06-04,0.006369447723841182,-0.0019282568273044642,1.4102252531798412,0.41489898036736905,0.585101019632631,0.009088724196322378,0.01131270720568317
2008-06-05,0.013663728323878743,-0.009205632908679262,1.4088216127154702,0.41514074546711566,0.5848592545328845,0.026632822924350867,0.033169109888126116
2008-06-06,0.01517186450823238,0.027070471382821593,1.3982357940376857,0.4169731777359528,0.5830268222640471,-0.022679037540701615,-0.028369651054017977
2008-06-09,-0.012473361036320685,-0.0007817871207780325,1.3537641196512484,0.4248514078582214,0.5751485921417786,-0.011415005683005927,-0.014549043705404
2008-06-10,-0.033352732482257674,-0.02995416053125899,1.3502184052246695,0.42549237031628334,0.5745076296837166,0.00709192638010258,0.009052681696735274
2008-06-11,0.013367863995835005,0.013596021962247518,1.3353358014404335,0.42820394368261755,0.5717960563173824,-0.004787390887524518,-0.006149938973964677
2008-06-12,-0.021748239281180415,-0.01193588706865778,1.3378195690127936,0.42774900734630966,0.5722509926536903,-0.005780175987203286,-0.007417393622439542
2008-06-13,0.004677250484367956,0.0012655034174982038,1.3459436957541178,0.42626768997477754,0.5737323100252225,0.002973954137630958,0.00380310168101664
2008-06-16,0.04074968253140887,0.015282072824908122,1.3600482297739018,0.42372015426811943,0.5762798457318804,0.019965326438616728,0.025379133595752133
2008-06-17,-0.009004338348165719,0.0007922275083440677,1.2808880607989155,0.43842572425484794,0.5615742757451522,-0.010019093105040108,-0.01317788445286189
2008-06-18,0.015592985957133099,0.007463571991633833,1.280835502011639,0.4384358271861453,0.5615641728138547,0.00603337797842877,0.007935747194097271
2008-06-19,0.007619045522051948,0.012122558645198955,1.2587676340117133,0.44271928858124165,0.5572807114187585,-0.007640438941933381,-0.010147709078463484
2008-06-20,-0.004009944391125675,-0.00044363359060339835,1.2332180769642944,0.44778430298188404,0.552215697018116,-0.003462847427644987,-0.004651826165161862
2008-06-23,-0.03479608745040885,-0.0183068902956538,1.232723950595211,0.44788340257353126,0.5521165974264688,-0.012228745322037372,-0.016431156192117755
2008-06-24,-0.009236013770825613,0.0049729028873948256,1.236001555289174,0.447226880336706,0.552773119663294,-0.015382529473947642,-0.020638442004963106
2008-06-25,-0.007698337233033481,-0.010346392353500322,1.209325697486071,0.4526267906709597,0.5473732093290402,0.004813820916327849,0.006536592936666637
2008-06-26,0.03782039039895824,0.03761360862038354,1.270394034543911,0.4404521791306086,0.5595478208693913,-0.009963713610046443,-0.013165618115334767
2008-06-27,0.029025385237546386,0.01774177268664978,1.240502641463426,0.44632841822798813,0.5536715817720119,0.00701666935551367,0.009395216804025646
2008-06-30,-0.011350780556952267,-0.003335817956158338,1.247213695534335,0.44499550798715803,0.555004492012842,-0.007190302716222234,-0.009598957229360265
2008-07-01,0.04477615862395856,0.017598777346296668,1.2458779173748962,0.44526017744047913,0.5547398225595209,0.022850230555409967,0.030522893134973094
2008-07-02,0.00752742442340959,0.00244030535062989,1.275591905966661,0.439446105155311,0.5605538948446889,0.004414590670058968,0.005819924027437164
2008-07-03,-0.0028357989899799874,-0.01365364473494568,1.2676204288807618,0.44099091155814546,0.5590090884418545,0.01447184000471741,0.019145849746811907
2008-07-07,-0.024446295174746946,-0.004936191115550215,1.2496241291234795,0.44451870294866974,0.5554812970513301,-0.01827791165079045,-0.02437462073885925
2008-07-08,0.002354513871476227,-0.005823318721009052,1.2565189340846636,0.44316047381434487,0.5568395261856551,0.009671624103633788,0.012858244560961764
2008-07-09,0.012304319408798614,0.005857428393429398,1.2462912627984553,0.44517824405112477,0.5548217559488752,0.0050042575795999624,0.006683359806197529
2008-07-10,0.008011074845728716,0.014666274992047201,1.2480769364338276,0.4448246337984862,0.5551753662015139,-0.010293564715241614,-0.01373649346481511
2008-07-11,0.02740476716914242,0.019768280479661504,1.2359178697752533,0.4472436190603533,0.5527563809396467,0.002972796069599451,0.00398869221868816
2008-07-14,0.022939364021107966,0.013757177912486984,1.2337987807518112,0.44766789588068373,0.5523321041193163,0.0059657746860957775,0.008012057403068235
2008-07-15,-0.012203351323585632,0.005140330972809526,1.2427897593661463,0.44587326824722906,0.554126731752771,-0.018591702016345933,-0.024868628820920276
2008-07-16,-0.010875844704904769,-0.016262682024694164,1.2624814526908401,0.44199257360128574,0.5580074263987143,0.009655489722280333,0.012802964255194341
2008-07-17,-0.003629612556268591,0.008525693814831259,1.2523953252083941,0.44397179696129885,0.556028203038701,-0.01430715163412138,-0.01905591546119596
2008-07-18,-0.028499469289714696,-0.013092796089722913,1.2369157584757633,0.4470441035657959,0.5529558964342041,-0.012304783483826572,-0.01650234270629538
2008-07-21,0.012517192168290947,0.006058694105220308,1.237424212469252,0.4469425129248898,0.5530574870751103,0.005020017386546608,0.006730977557009337
2008-07-22,-0.022709935082418364,-0.015678513102184266,1.2339772209344149,0.4476321381565949,0.552367861843405,-0.0033630070562012115,-0.004516170117609193
2008-07-23,-0.030370581530360097,-0.027004193656052222,1.2396733890395701,0.4464936739855742,0.5535063260144257,0.003105798737519025,0.004160158466923879
2008-07-24,-0.008850536321235225,-0.0004336778008181552,1.2311824181723379,0.44819284692066774,0.5518071530793321,-0.008316599837716267,-0.011182321673898052
2008-07-25,0.004580799703955085,0.004989127533554738,1.2289838402481343,0.4486349258990941,0.5513650741009058,-0.0015507574117207198,-0.002087171809484388
2008-07-28,0.0053101904706334135,0.0010792143604014814,1.2459381188890568,0.4452482424113473,0.5547517575886528,0.003965556160556735,0.005296970732014131
2008-07-29,-0.004995113630539616,-0.01207411757940191,1.2419179594353436,0.4460466520603025,0.5539533479396975,0.009999949835653615,0.013381332434892802
2008-07-30,0.005308768707948053,-0.014731557879029689,1.2258779302251768,0.4492609349421228,0.5507390650578773,0.02336786038968536,0.03149480041880113
2008-07-31,0.018826718994857217,0.01218296566902688,1.1945137285238852,0.45568181552121734,0.5443181844787826,0.0042739992490694306,0.005842751212056831
2008-08-01,-0.015154878858109622,-0.005361663511502912,1.1996310099631398,0.45462170494530235,0.5453782950546976,-0.00872286104472287,-0.011896805880458616
2008-08-04,-0.021623490643124854,-0.009791005956064303,1.2036551680824985,0.4537915071667705,0.5462084928332295,-0.009838495723381533,-0.013393877407701392
2008-08-05,-0.03309360717608256,-0.02388623551067659,1.2175022496175505,0.45095782886915614,0.549042171130844,-0.0040120617069391955,-0.005427811909951133
2008-08-06,-0.003930612050470628,-0.003414523199820607,1.226326592550098,0.4491703972572018,0.5508296027427981,0.0002567085503486343,0.00034591764461825054
2008-08-07,-0.014873775948139434,-0.005596120963374029,1.2276482451249018,0.44890390670450353,0.5510960932954964,-0.008003707867946632,-0.010778687190128448
2008-08-08,-0.05694206406232716,-0.01481569338831612,1.2291434016133638,0.44860281275589564,0.5513971872441045,-0.03873145229375166,-0.052125115323293336
2008-08-11,-0.04626544875382632,-0.042317542911564865,1.2742618059173696,0.4397031148296622,0.5602968851703379,0.007658179898650107,0.01010197666608708
2008-08-12,-0.009112735279682704,-0.01618988167129487,1.2654907839227032,0.44140545929235575,0.5585945407076441,0.011375410768140044,0.015063505244250198
2008-08-13,0.025031148393491964,0.02078691850930725,1.2736696090673636,0.4398176392964103,0.5601823607035896,-0.001444517977972546,-0.0019059734609793225
2008-08-14,-0.041149527495689564,-0.020363621567234813,1.2741449087925205,0.4397257167446554,0.5602742832553447,-0.015203322751219758,-0.020055875981041305
2008-08-15,-0.09940904262274797,-0.027468463092950812,1.2666894386890795,0.4411720383619653,0.5588279616380348,-0.06461503052588641,-0.08551903417777774
2008-08-18,0.022342024824737017,0.017430040975866756,1.373519150217192,0.4213153282999607,0.5786846717000392,-0.0015984702446863244,-0.00202038004775321
2008-08-19,0.00045850988368623113,0.014255299743517913,1.3830035775680167,0.4196384803670978,0.5803615196329022,-0.019256620660903473,-0.024242457093441576
2008-08-20,-0.004888117901616473,-0.0009862998607426121,1.3597305576518643,0.4237771964080028,0.5762228035919973,-0.0035470158419569652,-0.0045094332873578825
2008-08-21,0.052958750896745954,0.028014331172409035,1.3397103201159122,0.42740333767064753,0.5725966623293525,0.015427662313924666,0.019781503096281218
2008-08-22,-0.018149981641126245,-0.006722659767031791,1.3785029611022317,0.4204325226219546,0.5795674773780454,-0.008882775245790082,-0.011203822813414132
2008-08-25,-0.0077951368841215896,-0.009185444037756563,1.35644993215459,0.424367174687078,0.575632825312922,0.004664458057703083,0.0059383286621815
2008-08-26,0.015488199198842256,0.0029275731273474825,1.3461556735987588,0.42622917620215034,0.5737708237978497,0.011547230023588182,0.014765299021112182
2008-08-27,-0.007662771981115091,0.007175824971187961,1.352112452836586,0.42514974094628266,0.5748502590537173,-0.01736529428403407,-0.02214855109893914
2008-08-28,0.010097985996821102,0.003381293214196557,1.3549023897285284,0.4246460508774121,0.5753539491225879,0.00551666374053333,0.007027888414308272
2008-08-29,0.00022054244187175165,-0.0019256668360577711,1.3580099021975902,0.4240864294369721,0.5759135705630277,0.0028356170735717085,0.003607640159944625
2008-09-02,-0.0409348236827457,-0.029301806524366092,1.3745673923569348,0.4211293405353409,0.5788706594646591,-0.0006575158972003808,-0.0008306977085385039
2008-09-03,-0.014559427684339266,-0.002857127693128847,1.410516510344887,0.4148488490779614,0.5851511509220387,-0.010529401901017428,-0.013104330780349135
2008-09-04,-0.000311019454882433,-0.005979802815464175,1.411804815582624,0.4146272507372983,0.5853727492627018,0.008131294956224422,0.010114369417900178
2008-09-05,-0.047526451740303566,-0.000376048150074082,1.4318875656324181,0.41120322095974354,0.5887967790402565,-0.04698799307013341,-0.057964842290618906
2008-09-08,-0.020824836000337354,-0.00012534552281551203,1.432592414823849,0.4110840738901231,0.588915926109877,-0.020645266955119722,-0.025460821339379255
2008-09-09,-0.029190945327496887,-0.013040782964341746,1.4294111646841372,0.411622377692504,0.5883776223074959,-0.010550304562044095,-0.013028224347625988
2008-09-10,-0.07070446133584041,-0.037098147729121456,1.4346981851881488,0.4107285272908362,0.5892714727091638,-0.01747981611502801,-0.02153837739072026
2008-09-11,-0.030230249257501507,-0.021902673289827868,1.441942104916391,0.40951011819104477,0.5904898818089551,0.0013521375693288998,0.0016611420474792957
2008-09-12,0.023355566339823275,0.02563064928217207,1.436659082235414,0.41039799424160345,0.5896020057583967,-0.013466938734999823,-0.01658041393625545
2008-09-15,0.031672115832477754,0.029988146993338072,1.4128196118844094,0.41445286463790015,0.5855471353620998,-0.010695726363782757,-0.013298623292558633
2008-09-16,-0.05534988050869638,-0.008428011482185527,1.4042996805109604,0.4159215292943351,0.5840784707056649,-0.04351442667692054,-0.054295760669493015
2008-09-17,0.11068629365256899,0.09027685201022217,1.4191960426537515,0.41336046453806363,0.5866395354619364,-0.017434257463576686,-0.02161989829206079
2008-09-18,0.08846814871377484,0.05445315137079665,1.368268909654009,0.42224934673744224,0.5777506532625577,0.013961594660430204,0.017685822674338852
2008-09-19,-0.017631212596765145,-0.03595836919698536,1.4078451234372233,0.41530910367378193,0.5846908963262182,0.032992602123965965,0.04110638404791006
2008-09-22,0.07847077769241828,0.05031379276840475,1.3645783294838023,0.4229083839308907,0.5770916160691093,0.009813666406514307,0.012450845401247523
2008-09-23,-0.020895503055387565,-0.020356260556569805,1.4002974567711117,0.4166150312658346,0.5833849687341653,0.0076093168313472286,0.009510467308810094
2008-09-24,0.020121946742958752,0.0039525691699604515,1.387985051191091,0.4187630904562049,0.581236909543795,0.014635839821254867,0.01838684854491203
2008-09-25,-0.012103982709023686,-0.012710897404914268,1.390374679189082,0.41834445817475063,0.5816555418252493,0.005568927192539326,0.006989189486932498
2008-09-26,0.017849043931048136,0.005924589420883697,1.3720213740430858,0.4215813613414075,0.5784186386585926,0.009720380613166157,0.01229379387496564
2008-09-29,-0.03544361941011365,0.006002930848808319,1.374210645253637,0.42119261911285466,0.5788073808871453,-0.043692910885267486,-0.05520939471729111
2008-09-30,-0.05777675087324641,-0.01576221550055179,1.3737709868095944,0.42127063038377777,0.5787293696162222,-0.036123076530747894,-0.04565277366452883
2008-10-01,0.03998040410185211,0.007435369376842971,1.3880997909922923,0.418742970361588,0.581257029638412,0.029659369423905887,0.03725895735485404
2008-10-02,-0.13011011414326723,-0.04734871310212785,1.40006353558614,0.41665563647496584,0.583344363525034,-0.06381890747204833,-0.07977152253570974
2008-10-03,0.018526966575200587,-0.012038111544621533,1.4847458319588678,0.40245565044841736,0.5975443495515826,0.03640050251573333,0.04394876374985614
2008-10-06,-0.003549326876893577,0.04077691735726696,1.475671835088819,0.40393075763376507,0.596069242366235,-0.06372267534275683,-0.07721864558895061
2008-10-07,0.008459507649266618,0.018198692459579613,1.397454957993139,0.4171089832849581,0.5828910167150421,-0.016972345357365266,-0.021237953147915413
2008-10-08,0.03461370463278568,0.02811925146330818,1.3863811590369457,0.4190445420728861,0.580955457927114,-0.00437029580216685,-0.005494045809426189
2008-10-09,0.008790619367394115,-0.022145942354858228,1.3902318947831234,0.41836944866419945,0.5816305513358007,0.039578614769146495,0.04967544971958168
2008-10-10,-0.10786799081632592,-0.031366721704975786,1.3699759436208503,0.42194521117045586,0.5780547888295442,-0.06489633665025911,-0.08214809541624774
2008-10-13,0.018207718132762674,-0.019289220866345325,1.4236558910702797,0.4125998264375735,0.5874001735624265,0.04566893105329096,0.05652897907853209
2008-10-14,0.02617110659168609,-0.0030993402615642207,1.3967007204685555,0.4172402467524188,0.5827597532475812,0.030499957367990035,0.03817742921447525
2008-10-15,-0.07950621515578782,-0.0009565799409849696,1.393494568008944,0.41779915165291626,0.5822008483470837,-0.07817322620415895,-0.0979821227702074
2008-10-16,-0.05275092062198894,-0.040694195092758845,1.3932121623643072,0.41784845310667235,0.5821515468933278,0.003944726918868588,0.004944894122932475
2008-10-17,-0.03091494956654328,-0.02046166489589829,1.3916990909250444,0.4181127984679825,0.5818872015320176,-0.002438469132108736,-0.003058665458411332
2008-10-20,0.03813099100278494,0.003184307830520705,1.3899862171436559,0.4184124547777225,0.5815875452222775,0.03370484700721855,0.04230758332259365
2008-10-21,0.03983447805498197,-0.02729812171972834,1.395431556157324,0.41746131189996033,0.5825386881000396,0.07792713852651453,0.0975946964456661
2008-10-22,-0.05950253881383227,-0.04281423944424778,1.3386331602851183,0.4276001969791976,0.5723998030208024,-0.002189978161375103,-0.002809305279552393
2008-10-23,0.005078326004879452,-0.027273967452521752,1.3399850887455382,0.4273531505861424,0.5726468494138575,0.041625035702189735,0.05336577045177433
2008-10-24,-0.021578939337479452,0.022150551049153533,1.3201002233718422,0.4310158629900404,0.5689841370099596,-0.050819886725276424,-0.06571253200185334
2008-10-27,-0.01075851324894217,0.017281630836659678,1.2865743231014766,0.4373354453852234,0.5626645546147766,-0.0329926157447072,-0.04328652090340517
2008-10-28,-0.04404564941956024,-0.0032358424896352656,1.2720394845465037,0.4401331961005065,0.5598668038994935,-0.03992953000697092,-0.05272293498227758
2008-10-29,0.1154721669769816,0.018260517006501775,1.2716934516485094,0.44020023884574994,0.55979976115425,0.09225038707609705,0.1218259272735324
2008-10-30,-0.00203982224795185,-0.020722603399175088,1.325298322975323,0.43005234645353174,0.5699476535464683,0.025423809284657622,0.03280070651596229
2008-10-31,-0.005620879512872712,-0.027672306126242274,1.3115916147267548,0.43260236524011036,0.5673976347598897,0.03067388516245846,0.03980878581714917
2008-11-03,0.0020555456017088414,0.01199781915116005,1.2898230527213368,0.43671496747818633,0.5632850325218136,-0.013419518121838931,-0.01758151326045546
2008-11-04,0.03897437071188903,0.0421835877530532,1.2757740304891283,0.4394109373789944,0.5605890626210056,-0.014842355056315482,-0.01956567944462234
2008-11-05,0.032082902822659465,-0.01944446059131122,1.2745901243729165,0.4396396472862076,0.5603603527137925,0.056866620266103104,0.07500246262844482
2008-11-06,-0.03825916991384182,-0.013624680631666553,1.2528677270105006,0.44387870091555487,0.5561212990844451,-0.02118924725960175,-0.028216366640911515
2008-11-07,-0.009149677258790123,0.002735229713636489,1.2572449269993697,0.4430179410478654,0.5569820589521346,-0.012588530940437537,-0.016730835174149958
2008-11-10,0.025795439306141033,0.016912115619830193,1.2504085100771707,0.44436376574389513,0.5556362342561048,0.004648386011696315,0.006196722938365869
2008-11-11,-0.04060664882679865,-0.018240311200721004,1.2117021216275223,0.45214045337359055,0.5478595466264096,-0.018504825045738752,-0.025100339957337875
2008-11-12,-0.03314643068066958,-0.019535502449410824,1.2172899051424495,0.45100101600640946,0.5489989839935905,-0.009366060757116188,-0.012672308752311491
2008-11-13,-0.07172989286253206,-0.017834732583613788,1.2263079346302805,0.4491741615995581,0.550825838400442,-0.04985901878323727,-0.06718614888041166
2008-11-14,0.07840904152590489,0.05319903348162214,1.2453072586550205,0.44537334306709453,0.5546266569329055,0.012159898977809377,0.01624708457731533
2008-11-17,-0.016859836804111628,-0.0006734913571623258,1.2502192920376676,0.44440113172012596,0.5555988682798741,-0.016017824916366656,-0.021355018561584522
2008-11-18,0.023579878759679485,-0.012535447529429589,1.2491337052900193,0.4446156302971116,0.5553843697028884,0.03923832877958448,0.05233792284642075
2008-11-19,-0.025130865583751993,0.004504571305077754,1.239259481644741,0.44657620440910123,0.5534237955908987,-0.030713198284314423,-0.041147350545219764
2008-11-20,-0.03061232956401516,0.017257712665503577,1.233710813366999,0.4476855258146167,0.5523144741853834,-0.051903356293427544,-0.06970914406129951
2008-11-21,0.05041550614271961,0.05757418918877044,1.2149870945239074,0.4514698990672636,0.5485301009327364,-0.019536390699314343,-0.02646027701147423
2008-11-24,0.09229958251597004,0.03498801538452878,1.1943121040194364,0.455723685873239,0.5442763141267608,0.050512972246609056,0.06905987368991194
2008-11-25,-0.008208506830537199,-0.0012204051381559111,1.2353492200311413,0.4473573932157539,0.5526426067842461,-0.0067008802949942966,-0.008993065023058381
2008-11-26,-0.00486856752738174,-0.01209680366413779,1.2347090799262588,0.4474855402802579,0.552514459719742,0.010067465794814427,0.013515136111336645
2008-11-28,-0.0034246425144452974,0.00952382462217849,1.2304404075040645,0.44834194925612586,0.5516580507438741,-0.015143141163555841,-0.02036791628138791
2008-12-01,-0.08198330915517005,-0.050967944130025034,1.229680204382141,0.4484948101681275,0.5515051898318726,-0.019309037200423318,-0.025980008921199504
2008-12-02,0.025668423671276752,0.008649641644983497,1.2457903034542142,0.4452775481583993,0.5547224518416007,0.014892783981602554,0.019894267009742006
2008-12-03,-0.002711159799217211,-0.015998976315499847,1.2488918385716736,0.444663448392042,0.5553365516079579,0.01726983114671205,0.023037788012535823
2008-12-04,-0.00763278473794049,-0.006503642142807187,1.2396538062472846,0.4464975779786155,0.5535024220213844,0.0004294799988606851,0.000575285337844662
2008-12-05,-0.009482683692330296,-0.017412919619702594,1.2213825248097976,0.45017010300178867,0.5498298969982113,0.011785152037092118,0.015915969319288494
2008-12-08,0.057334278925948334,0.02251835364965027,1.215412734861796,0.4513831595638918,0.5486168404361081,0.029965185132041796,0.040577339825453945
2008-12-09,-0.012575453247170021,0.0065155066991529065,1.233379382409884,0.4477519618368509,0.5522480381631492,-0.020611544875858694,-0.027686578963962066
2008-12-10,0.0356597449244167,0.04492484473728253,1.2335960039363825,0.44770853737096955,0.5522914626290306,-0.019759364020957453,-0.026539307895610265
2008-12-11,0.022134813803650122,0.022054329533590433,1.2079509279948504,0.45290861645559743,0.5470913835444027,-0.0045057340227546774,-0.006122057287088204
2008-12-12,-0.018383058559180765,-0.007273608707021095,1.2009549826722752,0.4543482296879405,0.5456517703120595,-0.009647781940475336,-0.013150357935210754
2008-12-15,0.03823898185475483,0.020148979738773498,1.1675001940585779,0.46136097368809487,0.5386390263119052,0.014715044099654417,0.020366841221039454
2008-12-16,0.008027201829066133,0.007541282749407907,1.2010516122479902,0.45432828309676687,0.5456717169032331,-0.0010302679755281909,-0.0014042396413539108
2008-12-17,0.06698521331248597,0.030652236448611037,1.1722309231486168,0.46035621229004264,0.5396437877099572,0.031053713883760978,0.04288731030320073
2008-12-18,-0.02634122331570854,-0.009106656385086453,1.2037217812831849,0.4537777901426918,0.5462222098573083,-0.015379342670318385,-0.02093641239235284
2008-12-19,-0.024348409254175807,-0.026989241310833023,1.2052783962848344,0.4534574871293664,0.5465425128706337,0.008181140229889416,0.011129397871495875
2008-12-22,0.0009243209775553485,0.011716866937963255,1.1995858929835395,0.4546310299542749,0.5453689700457252,-0.013131067311190613,-0.0179093719682565
2008-12-23,-0.055037459170077074,-0.010635783349289385,1.193497643623462,0.455892899136235,0.544107100863765,-0.04234367680461054,-0.057912544735624946
2008-12-24,0.008795089839980674,0.011825087475581642,1.2122637082599472,0.4520256768062016,0.5479743231937984,-0.005540034553666185,-0.0075127136059521
2008-12-26,0.017436821270364833,0.0275056658005548,1.1951711943102974,0.4555453363236168,0.5444546636763832,-0.015437158174784152,-0.02109697623783875
2008-12-29,0.026659023712830354,0.004825311413223288,1.1781342771702927,0.45910851800153596,0.5408914819984639,0.02097415893889097,0.028888245080288706
2008-12-30,0.015951027678488883,-0.006059899315018824,1.0787683911900896,0.4810540723238064,0.5189459276761936,0.022488255513325665,0.03245420068243081
2008-12-31,0.028754042560600324,0.016450003443891026,1.0863107828115364,0.4793149746618231,0.5206850253381767,0.010884226442214595,0.015650918164090907
2009-01-02,0.017302545421804982,-0.005432308652776663,1.1497545762589236,0.46516937842283096,0.5348306215771689,0.0235483671549859,0.0328619379370722
2009-01-05,-0.01918885862196429,-0.024578943884812743,1.1526194185106389,0.4645503015539473,0.5354496984460526,0.0091413093861542,0.01273979409580758
2009-01-06,0.015562489329999929,0.009566043035765581,1.145084816468037,0.46618203267437125,0.5338179673256288,0.004608558696064956,0.0064452817818921315
2009-01-07,-0.029772342409495778,-0.028079556439321696,1.1693202873806363,0.46097388468507716,0.5390261153149227,0.003061652595652664,0.004234025671722479
2009-01-08,-0.0007220554057238981,0.015218225180910316,1.0959395360938453,0.47711300005518154,0.5228869999448185,-0.017400310050662424,-0.024905742390485635
2009-01-09,0.02014094431849278,0.00046839602701820304,1.110887482397389,0.4737343929219166,0.5262656070780835,0.01962060903527359,0.02788487193025082
2009-01-12,-0.05046478007738486,-0.03979866614283456,1.1142210845667258,0.47298743130495896,0.5270125686950411,-0.006120267123406714,-0.008684428276800993
2009-01-13,-0.006526866760721006,-0.00024382812386647412,1.1199726924616038,0.4717041891888009,0.5282958108111991,-0.00625378592033641,-0.008849811050737875
2009-01-14,-0.019052095143313852,-0.0145103813354025,1.108497805858985,0.4742713021665243,0.5257286978334759,-0.002967369270843012,-0.004222014264274931
2009-01-15,-0.0030615756831655627,-0.001855976215471511,1.1040154473290604,0.47528168163853013,0.5247183183614699,-0.0010125492714096861,-0.001443738361372392
2009-01-16,0.07437616246217105,0.040411522365976005,1.1015821020919703,0.47583199295643686,0.5241680070435633,0.029859552705522527,0.042624391417969656
2009-01-20,-0.0033050204075234513,0.018229462665907636,1.1990062483091035,0.4547508679290641,0.5452491320709358,-0.025162260047264236,-0.034327678786650676
2009-01-21,0.014070585061843,-0.005850690548606541,1.1729435085710302,0.4602052451228331,0.5397947548771669,0.02093311456148892,0.02890058735386307
2009-01-22,0.0037119551150195385,0.01012245394094169,1.2049513187850087,0.4535247519890955,0.5464752480109046,-0.008485109110458659,-0.011544621014763536
2009-01-23,0.050629549308495836,0.043229987250323676,1.2347897214325887,0.4474693929408985,0.5525306070591016,-0.002750394605865694,-0.0036921522139039264
2009-01-26,0.014247408147105567,0.01474367517816133,1.2455549878546388,0.4453242095645056,0.5546757904354944,-0.004116650010361909,-0.005499731735754396
2009-01-27,0.005370978277392524,-0.010236640388518126,1.2344538109343737,0.4475366620274122,0.5524633379725878,0.018007638016163452,0.024177234626255168
2009-01-28,-0.01676662467479295,-0.012344346608547552,1.181837105809318,0.4583293580155086,0.5416706419844914,-0.002177617805840042,-0.00299419851286142
2009-01-29,0.01479562328629802,0.019141989041024265,1.2008596313946334,0.4543679141255925,0.5456320858744075,-0.008191218617666491,-0.011165480752367528
2009-01-30,0.034596380923906045,0.024527690648383338,1.2267829312179295,0.44907834795242224,0.5509216520475778,0.004506228694275735,0.006070949212563445
2009-02-02,-0.011942720317931976,-0.022215006855512587,1.2334530217480129,0.44773719897513203,0.5522628010248679,0.015458447016152847,0.020763965302553283
2009-02-03,-0.009266702057385223,-0.01621265248607351,1.236212541740742,0.4471846845208939,0.552815315479106,0.010775582280783066,0.01445602608828273
2009-02-04,0.01382676496454227,0.010762304468539874,1.273390302000095,0.4398716749694123,0.5601283250305876,0.00012215082713130931,0.00016119206678744114
2009-02-05,0.02246287441184336,0.013309672055172195,1.261485731998471,0.44218718068864477,0.5578128193113552,0.005672913016664869,0.007525468239392857
2009-02-06,0.03216946654324149,0.00032842473308147824,1.263039337694953,0.44188361348528854,0.5581163865147114,0.03175465318588762,0.04209558268425645
2009-02-09,-0.025085513523725567,-0.023525549212874197,1.257122565679663,0.4430419575814576,0.5569580424185424,0.004488985261786021,0.005966426453807981
2009-02-10,0.023391828085497002,0.023868206197051656,1.2394877970836506,0.4465306760332606,0.5534693239667394,-0.006192522234024892,-0.008295453418530399
2009-02-11,0.029714311872209853,0.03294295193586727,1.2267765008877403,0.4490796447696183,0.5509203552303817,-0.010699327432586406,-0.014414550488099212
2009-02-12,-0.0007399355255492956,0.004979881614558979,1.175385658374049,0.4596886056274873,0.5403113943725127,-0.006593216955702523,-0.009092480126899198
2009-02-13,0.008515347659656447,-0.0073800738007380184,1.1489119380911366,0.46535178211550776,0.5346482178844923,0.016994402553317984,0.02372512654252458
2009-02-17,0.028487554445036034,0.027084439723845,1.1389077821653302,0.4675283377517317,0.5324716622482681,-0.0023591247320388434,-0.003308872993557352
2009-02-18,0.019988558359413267,0.011065162571904041,1.1585784313964396,0.46326785511012186,0.5367321448898781,0.007168699663710089,0.009963084351406873
2009-02-19,-0.02484605915851057,-0.0016365312479457161,1.159379878398697,0.4630959147130503,0.5369040852869497,-0.022948697759271598,-0.03188234454090962
2009-02-20,0.03983351185494621,0.026329282706521795,1.1899935329186302,0.45662235297438897,0.543377647025611,0.00850183570779895,0.011646384676490498
2009-02-23,-0.0027609029600174084,-0.007187075558758305,1.2402427385327466,0.4463801992524047,0.5536198007475954,0.006152815313018761,0.008239484776165684
2009-02-24,-0.031492242881205335,-0.02563844824646966,1.1761238735700559,0.4595326636251836,0.5404673363748165,-0.001338251817242033,-0.0018449112665354164
2009-02-25,-0.008575708232499979,-0.0035083721644411092,1.1784470289903706,0.459042605439648,0.5409573945603521,-0.004441277478721838,-0.00611620675593871
2009-02-26,-0.06653213623938303,-0.024748911786219074,1.1849006447386945,0.45768671559872975,0.5423132844012704,-0.037207134707310976,-0.05108763384308599
2009-02-27,0.010424728252524718,-0.0003185260106784993,1.2323646969337554,0.44795548029116433,0.5520445197088356,0.010817268463140045,0.014536964069533092
2009-03-02,-0.0026748068253782398,-0.0026553372278279586,1.1800831287340126,0.45869810504918956,0.5413018949508104,0.0004587118382808771,0.000631230752949206
2009-03-03,-0.02720310273732296,-0.027795501156482993,1.1771534635972327,0.45931534764101367,0.5406846523589863,0.0055164677214518815,0.007601394867687308
2009-03-04,0.016148084177554756,-0.007558357136085325,1.184116732878022,0.4578509861431696,0.5421490138568305,0.025098061335461393,0.034473516398168265
2009-03-05,0.015891467423889027,0.023178807947019875,1.172430589062489,0.4603139014128637,0.5396860985871363,-0.011284076031201788,-0.015582651185285634
2009-03-06,0.016634904204666956,0.01628907830198223,1.1694227054700874,0.4609521221837273,0.5390478778162726,-0.0024139138128511997,-0.0033380960844071224
2009-03-09,-0.027996708417029503,-0.02589954783061188,1.1422425551606084,0.4668005486078246,0.5331994513921753,0.0015868572745129997,0.0022222375389149562
2009-03-10,-0.030115783427997478,-0.02408198357537783,1.144816442061074,0.4662403646248833,0.5337596353751167,-0.0025463326734602096,-0.0035616092223910295
2009-03-11,0.020302480274469792,0.016525289450172398,1.1831660558367132,0.4580503610004798,0.5419496389995203,0.000750318734149269,0.0010310513011274856
2009-03-12,0.011158845681202179,0.014608949292953533,1.1877403932057162,0.45709262538901646,0.5429073746109836,-0.006192793496332821,-0.008492040713192385
2009-03-13,0.02099084390240158,0.006603849199225076,1.1783452689771152,0.45906404932289246,0.5409359506771074,0.0132092294414564,0.018191647067490428
2009-03-16,-0.024565368141365784,-0.00881911412635672,1.170114149622758,0.460805253112531,0.539194746887469,-0.014245997914977838,-0.01969389202515585
2009-03-17,-0.017047603092343544,-0.005642308278674735,1.178554429382303,0.4590199751325631,0.5409800248674368,-0.010397835678570999,-0.014318442823830407
2009-03-18,-0.05794249791390793,-0.030226987635386005,1.1409660357937073,0.46707887153813543,0.5329211284618646,-0.023454531657576154,-0.032865348537228445
2009-03-19,0.12970713100205322,0.07831661373908427,1.1679425082424553,0.46126684457638,0.53873315542362,0.0382378287145716,0.0529135277838676
2009-03-20,0.02422219735604747,-0.0026087864258014237,1.28083751511209,0.43843544021629083,0.5615645597837092,0.027563628879129116,0.03625461528473832
2009-03-23,0.002531337378764764,-0.0038711155621323767,1.2813344598753043,0.4383399355018988,0.5616600644981012,0.007491531146684538,0.0098515118389445
2009-03-24,-0.03736838734173853,-0.030248911386900112,1.258971295730854,0.4426793744081047,0.5573206255918954,0.0007141238214748921,0.0009483836596212852
2009-03-25,0.005995198181157901,0.013105206088020571,1.2642591902682623,0.4416455520189467,0.5583544479810533,-0.010573179055981687,-0.014008792502322594
2009-03-26,0.013632342631658023,0.004490005411861953,1.2778063488362312,0.43901888345816426,0.5609811165418358,0.007894985210071783,0.0103981427755333
2009-03-27,-0.026162999736332626,-0.017667066855323932,1.2761572315701866,0.43933696061504457,0.5606630393849554,-0.003617044608277036,-0.004767304153828401
2009-03-30,-0.01720629642378979,-0.008125677139761645,1.28602876690246,0.43743981461571346,0.5625601853842866,-0.006756441871494616,-0.008866610039185346
2009-03-31,-0.0036857392989911864,0.0077552982915756186,1.2857474662701232,0.43749364912642663,0.5625063508735734,-0.013657094427553553,-0.01792467623272377
2009-04-01,-0.000770730527000052,0.003793626807519823,1.2872620251183118,0.4372039534684591,0.5627960465315408,-0.005654122253791136,-0.0074160138082544355
2009-04-02,0.00385655149605868,-0.02019215167352062,1.2977288610508402,0.43521235988769424,0.5647876401123058,0.03006048948950241,0.03924808971031672
2009-04-03,-0.022281978809305936,-0.013004241250428317,1.2740506302467722,0.4397439470780312,0.5602560529219689,-0.0057139170483166656,-0.0075379813083096756
2009-04-06,-0.04872305073846994,-0.026909307997881937,1.283073833633197,0.4380059835422133,0.5619940164577867,-0.014196421765211117,-0.018654353034154122
2009-04-07,0.008261080979045765,0.012277696164120666,1.3104140598568943,0.43282285083650307,0.5671771491634969,-0.007827784697069014,-0.010164132264959288
2009-04-08,0.010651381831507933,0.0029471497959210335,1.3067496314037994,0.4335104193303537,0.5664895806696463,0.00680019492199634,0.008843866056488328
2009-04-09,-0.0008107198095589352,-0.002938489626817087,1.3083550912582438,0.4332089130424546,0.5667910869575453,0.003033868054296737,0.003942896046348348
2009-04-13,0.03553750362028696,0.014169122451866967,1.3075151872213888,0.433366595174681,0.5666334048253189,0.01701116082487134,0.022116206539930232
2009-04-14,-0.00023500006538157425,-0.004247220007961072,1.3145765006222467,0.4320444797271388,0.5679555202728613,0.005348295550056683,0.006932104705053634
2009-04-15,0.0027429347009639837,0.002132633659041483,1.3133132442732474,0.43228041099732734,0.5677195890026727,-5.7881328638112895e-05,-7.506289359826383e-05
2009-04-16,-0.04259476928833317,-0.015120967948680675,1.2804152962113007,0.43851661653971874,0.5614833834602814,-0.02323365063332162,-0.03056502559677026
2009-04-17,-0.03795919612962373,-0.01353345109076487,1.3171074682897337,0.4315725591865206,0.5684274408134794,-0.020134186626243476,-0.026068087348280738
2009-04-20,0.026728938322963858,0.02259623591684523,1.3351583736832098,0.4282364790627521,0.571763520937248,-0.0034406152751333546,-0.004420190913697893
2009-04-21,-0.0037190144525003355,-0.005524266532201283,1.335644449232277,0.4281473579288571,0.571852642071143,0.003659441477313948,0.004700340600021722
2009-04-22,0.020323507205046942,0.010996499802177206,1.3495393243890375,0.42561534919618127,0.5743846508038187,0.005483298291372531,0.007001327751088027
2009-04-23,0.03658534977943373,0.015810761173016497,1.3561340314736339,0.4244240720781722,0.5755759279218278,0.015143838489204066,0.019282228795446436
2009-04-24,0.012941173478668855,0.008499780289613401,1.3745785499290708,0.42112736175009674,0.5788726382499032,0.0012575578134563677,0.0015887760126873027
2009-04-27,0.002710015293495127,-0.0067862864903194264,1.374398745967102,0.42115925208370847,0.5788407479162916,0.012037078935563633,0.015208581485323626
2009-04-28,-0.042857093411259206,-0.01608996719007305,1.3813812429151242,0.41992436237377445,0.5800756376262256,-0.020630714535772525,-0.025990018940248907
2009-04-29,0.028963230259057893,0.007840501899315955,1.3976271194165473,0.41707903280779784,0.5829209671922021,0.018005132174736968,0.022528689339047572
2009-04-30,-0.035204595821988205,-0.010113331528552205,1.4229301861838746,0.41272340643665195,0.587276593563348,-0.020814031107126166,-0.025771313460634646
2009-05-01,0.014221798676993025,-0.003480449734599489,1.4434391125073989,0.4092592260151815,0.5907407739848186,0.019245615953029923,0.02362933766736737
2009-05-04,0.04911866123683617,0.01577287109630454,1.441391024293526,0.4096025544655935,0.5903974455344065,0.026383786411284017,0.032420598931609645
2009-05-05,0.023600397581587496,0.002329233227550853,1.458984532719857,0.40667193579046657,0.5933280642095335,0.02020208232949365,0.024646859783800677
2009-05-06,0.021638557872559083,0.00752460739306815,1.4606163949688453,0.406402234027487,0.5935977659725131,0.01064799294853996,0.012982104366586701
2009-05-07,0.023371288762085163,0.0049423393739702615,1.473837706393989,0.4042302360479656,0.5957697639520343,0.01608708263493213,0.019508655632525226
2009-05-08,-0.0054952657611661015,-0.0006557110228825325,1.4922816884583203,0.40123875428326145,0.5987612457167385,-0.004516760208798223,-0.005436897718723209
2009-05-11,-0.0032292841721480725,-0.001531085276336941,1.5286588144098174,0.3954665589131278,0.6045334410868722,-0.0008887771688625167,-0.0010544449458318342
2009-05-12,0.021958196109626904,0.01150054764512598,1.5316355121804224,0.39500156921828367,0.6049984307817164,0.004343548926829022,0.005147125926221567
2009-05-13,-0.013737210216025586,0.0021656740660531693,1.5401405403807502,0.3936790048042408,0.6063209951957593,-0.01707265264240529,-0.02016343470489182
2009-05-14,0.0014286041259765625,0.0027012425715828847,1.5594504894734813,0.3907088666543089,0.6092911333456911,-0.002783849924464972,-0.0032630245467701775
2009-05-15,-0.0021398491915808338,0.0031250263082569507,1.5577799628898232,0.39096404480007857,0.6090359551999216,-0.0070079525580870675,-0.008219572433630333
2009-05-18,-0.012866286951131123,-0.010312639777978694,1.5547835999123893,0.39142258468947927,0.6085774153105207,0.003167636247474296,0.003719653102027416
2009-05-19,0.021723332943162532,0.005427113932756855,1.5580352984144352,0.3909250199244072,0.6090749800755928,0.013267697867410565,0.015560025159505471
2009-05-20,0.011339532599542457,0.011551346591858858,1.5647299917153716,0.38990459160621765,0.6100954083937823,-0.0067352058574382395,-0.007878263067684785
2009-05-21,0.011562715946743962,0.014727841828141575,1.56909066757193,0.38924278252316746,0.6107572174768324,-0.011546603219268495,-0.013483295897277094
2009-05-22,0.01718040762556239,0.008098456358739403,1.5570954780266348,0.39106869829190793,0.6089313017080922,0.004570337850373217,0.005361948221699071
2009-05-26,-0.006470020831708223,-0.005633828288015175,1.5146226290177185,0.397673984342783,0.602326015657217,0.0020631029813197137,0.0024613271480726524
2009-05-27,0.018165573364637755,0.000104959210635025,1.514899629242554,0.39763018307859205,0.602369816921408,0.018006570695361164,0.02147986800664221
2009-05-28,0.01999595621021255,0.008707498622194665,1.5145620517535452,0.3976835645406499,0.6023164354593501,0.006807909231340231,0.008122180830565737
2009-05-29,0.029703021403977292,0.017992707012967957,1.5400900567526516,0.3936868290718945,0.6063131709281054,0.001992632239241638,0.0023534192033204115
2009-06-01,0.008012820316881442,-0.00020434430887383837,1.5546399102888706,0.39144460085058447,0.6085553991494155,0.008330502134897107,0.009782790249239219
2009-06-02,0.013990417044042802,0.004700630222619351,1.5842983642386241,0.38695222418508013,0.6130477758149199,0.0065432162714563254,0.007595736268692092
2009-06-03,-0.04045152188361123,-0.019019540251077216,1.5963842510070108,0.38515100359746396,0.614848996402536,-0.010089027365397636,-0.011657397045315536
2009-06-04,0.0381045866560521,0.017314683470224246,1.6322441346471384,0.3799039712302573,0.6200960287697427,0.009842796118506813,0.011217952000291506
2009-06-05,-0.0319209190674995,-0.01987362388646763,1.6540360167608483,0.3767846380700073,0.6232153619299927,0.0009507706242766686,0.0010747072966670393
2009-06-08,-0.028160806008594608,-0.010398252961493437,1.6638284599904682,0.3753995480638337,0.6246004519361662,-0.010859896797081655,-0.012230401048932988
2009-06-09,0.01238040698656584,0.002416715102939726,1.6869627037155586,0.3721674285308055,0.6278325714691945,0.008303498742400415,0.00927087532430382
2009-06-10,0.005618722679103572,0.0,1.6845023466502185,0.3725085214575514,0.6274914785424486,0.005618722679103572,0.006279066233018651
2009-06-11,0.017616488779736317,0.00765197881862556,1.6769993703168464,0.37355257199094566,0.6264474280090543,0.004784125119223406,0.005361366729037181
2009-06-12,-0.039790722666567246,-0.022053482238883593,1.6740420327212866,0.3739656997771019,0.6260343002228981,-0.002872266430803766,-0.0032223873772254247
2009-06-15,-0.05684489245645852,-0.014041007887111046,1.6614826859918481,0.3757304172081557,0.6242695827918443,-0.03351600095814854,-0.03777894306946229
2009-06-16,0.00713262657135183,0.005070612847211997,1.7431552234617218,0.36454371646459405,0.635456283535406,-0.0017062386994178766,-0.0018659957899845253
2009-06-17,0.01055241990469602,0.004079056384404645,1.7480503174313553,0.36389435581176527,0.6361056441882348,0.0034220240971170844,0.003735765763178277
2009-06-18,-0.0028032771535017043,-0.001496711970837783,1.7525479944588338,0.36329975063581244,0.6367002493641876,-0.00018021759072741911,-0.00019641901731437452
2009-06-19,-0.0028111576073974742,0.0017130359592478772,1.8104722500809425,0.35581208815393917,0.6441879118460608,-0.005912561675006544,-0.006311282747769092
2009-06-22,-0.03488617105041625,-0.016032492936530862,1.8413563521580194,0.35194459126554006,0.64805540873446,-0.005364638340806568,-0.005664166344427828
2009-06-23,0.010223410774973463,0.0035846718614396256,1.8518623747653458,0.35064805680964223,0.6493519431903578,0.003585091828893365,0.003771316449856757
2009-06-24,0.004698607472769956,0.011040102719278355,1.866594186417243,0.3488460294583345,0.6511539705416655,-0.01590878408048422,-0.01664914847996064
2009-06-25,0.006835043232000126,0.005352746098578498,1.8394487842642933,0.35218103088945196,0.6478189691105479,-0.0030110590715055306,-0.0031813136636155617
2009-06-26,0.008789423142909536,0.0017037979583540697,1.8554527020438485,0.35020716654988876,0.6497928334501112,0.005628106617344685,0.005913009814502884
2009-06-29,-0.01204222432498514,-0.00031889846824273427,1.8603855690329454,0.3496032181207254,0.6503967818792746,-0.011448950216679646,-0.012007769519565545
2009-06-30,-0.02674404555263432,-0.014142969462821786,1.9819125654092633,0.3353552386479016,0.6646447613520984,0.001286083337931676,0.0012938843541395045
2009-07-01,0.012229218222443494,0.014993015618706584,1.9859949240546695,0.334896751479438,0.665103248520562,-0.01754683469258016,-0.0176291338118754
2009-07-02,-0.02525474001824335,-0.010945789365535363,1.9688688915389483,0.33682861605978104,0.663171383940219,-0.00370391584310293,-0.0037427545423027696
2009-07-06,-0.012394490919621748,-0.007198895583060194,2.002567121738817,0.33304834145419204,0.666951658545808,0.0020217806878453856,0.0020200521146130617
2009-07-07,-0.0013608983443184064,0.005194791983732516,1.9984185481700234,0.3335091428814413,0.6664908571185588,-0.011742266998494417,-0.011748460206458722
2009-07-08,-0.027859795648432106,-0.021317816594741634,1.9938648137609514,0.3340164176430466,0.6659835823569533,0.014645048766032544,0.01467506017511373
2009-07-09,0.006463685512794637,0.007590785934062261,1.9308619353550556,0.3411965565272716,0.6588034434727283,-0.008193074106714753,-0.008386346017751478
2009-07-10,-0.022206724481389828,-0.004039755550173996,1.928386084799913,0.34148502657849733,0.6585149734215027,-0.014416516092441078,-0.01476907314298973
2009-07-13,0.011711621627434665,0.010962508075181177,1.9375758468487665,0.34041674228521884,0.6595832577147812,-0.009529069239920945,-0.009731564122992526
2009-07-14,0.005475142405917843,0.0003252958024266839,1.8947360739715096,0.34545463712276314,0.6545453628772367,0.004858792714348496,0.0050354774219699555
2009-07-15,0.027071220444997657,0.017994553480691122,1.868033265138714,0.34867099072912405,0.6513290092708759,-0.00654320404825099,-0.006844276314139471
2009-07-16,0.002044949892551884,-0.004259397406015553,1.902820815130903,0.34449250011833915,0.6555074998816608,0.010149819936632852,0.01048961053716484
2009-07-17,0.012698429861324412,0.0022457883391322486,1.9014224193913336,0.3446585348333326,0.6553414651666675,0.008428237564090727,0.008714592030200297
2009-07-20,0.016569646662876636,0.012057178452610229,1.9039965578501763,0.3443530252461106,0.6556469747538894,-0.006387179608278556,-0.0065983338627029625
2009-07-21,-0.010792974599143412,-0.002003188628426411,1.8765556275294077,0.34763798427179093,0.6523620157282091,-0.007033879705466915,-0.0073357312872563306
2009-07-22,0.016477408825816164,0.006761065475520356,1.8831396024588014,0.34684411366941065,0.6531558863305893,0.0037453786740468346,0.003897187639668261
2009-07-23,0.005111401975787633,0.0015739769150051597,1.9068487862417012,0.3440151426978463,0.6559848573021537,0.0021100660058375868,0.0021776839743002773
2009-07-24,0.007628008689971599,-0.001781049981174676,1.872205009744129,0.34816456228139686,0.6518354377186031,0.010962499387331515,0.011450261402101074
2009-07-27,0.008291259702020382,0.0005247691083185568,1.8495861750757157,0.3509281483559378,0.6490718516440622,0.007320654014167568,0.007707070673838862
2009-07-28,-0.017876296470313857,-0.015000511880919443,1.8160854298666524,0.3551028634977711,0.6448971365022288,0.009365914597165556,0.009977589278187184
2009-07-29,-0.0350927855352009,-0.012566547170360765,1.8065977406251408,0.3563032869032597,0.6436967130967403,-0.012390089809767885,-0.013243889172740646
2009-07-30,0.01697724465340089,0.00830458596382333,1.7804840650283198,0.35964960654784933,0.6403503934521506,0.002191061678155602,0.0023640434114121957
2009-07-31,0.03375871303353284,0.020109088995640345,1.7781996699204303,0.3599453310814916,0.6400546689185085,-0.0019992623809153773,-0.0021588754788520806
2009-08-03,0.022392900550582073,0.0030407500700300183,1.7646952202507182,0.36170352257103927,0.6382964774289608,0.017026903436023064,0.018476072853859424
2009-08-04,0.031098620101205343,0.011394548078872857,1.7607649859210193,0.36221844492365934,0.6377815550763406,0.011035498813532399,0.011991783657583775
2009-08-05,0.004425417706501511,-0.0034108400960917162,1.7795997703944055,0.35976402453728334,0.6402359754627167,0.01049534795835836,0.011327545861254493
2009-08-06,-0.007795073732152269,-0.0036299522460994105,1.7719285142192962,0.3607596642086011,0.6392403357913988,-0.0013630578420343433,-0.001475208868167631
2009-08-07,0.001571301946601933,-0.003539111450880039,1.768946811871005,0.3611481432986754,0.6388518567013247,0.007831801864492345,0.008485322106133543
2009-08-10,-0.021349203576906395,-0.012848624203292913,1.7676058716048941,0.3613231241701748,0.6386768758298252,0.0013621000068789121,0.0014764746897531142
2009-08-11,-0.0006969107544795294,0.0008465479290673539,1.7657500757926547,0.36156556904853504,0.638434430951465,-0.0021917028243923246,-0.0023773328366600765
2009-08-12,0.016738719914745293,0.00518082520332519,1.7689150960620932,0.3611522799749924,0.6388477200250077,0.0075742800025244,0.008206405476242035
2009-08-13,0.02757576290837571,0.004207426053055352,1.7835856762262738,0.3592488668628684,0.6407511331371317,0.020071458066364938,0.02163194569988155
2009-08-14,-0.017690213467715266,-0.008065373529461572,1.7859241726451751,0.35894731443839745,0.6410526855616026,-0.0032860679200373104,-0.0035385757648786886
2009-08-17,-0.050560681424433596,-0.013410783745545163,1.8078158183875577,0.3561487165402,0.6438512834598,-0.026316454432262312,-0.02811771440981664
2009-08-18,-0.0010736089006874172,0.003639114265744814,1.9013932456118428,0.3446620004070221,0.655337999592978,-0.007992996185584307,-0.008264646163707553
2009-08-19,-0.006090572954204343,0.005972033180160707,1.8939269162802939,0.3455512281164823,0.6544487718835177,-0.01740116733902971,-0.018038984233986408
2009-08-20,0.000360472520828381,-0.0031803244342439863,1.8805115898803955,0.34716055422693926,0.6528394457730607,0.0063411094790040085,0.006604149243434188
2009-08-21,0.02046695263607856,0.013719051985038089,1.8764046160630825,0.34765623529303535,0.6523437647069648,-0.0052755398366563025,-0.0055022229562511
2009-08-24,0.0021892752586976094,-0.011435191223744035,1.8601472542573274,0.34963234795393855,0.6503676520460614,0.023460414815452562,0.02460755974770014
2009-08-25,0.008103711594800611,0.002334725921183667,1.8262202537066974,0.3538294648792716,0.6461705351207283,0.0038399878306809724,0.004076102517818288
2009-08-26,-0.0038444954872125514,-0.00021176517419929652,1.827694298745335,0.3536450175833031,0.6463549824166969,-0.0034574534856556846,-0.0036681335961844712
2009-08-27,-0.0024560241452047382,0.001270795533775182,1.8224144653049246,0.3543065741380982,0.6456934258619018,-0.004771940308401523,-0.005072189467983729
2009-08-28,0.039955037233281754,0.012162876784769905,1.803952883363483,0.3566393736261536,0.6433606263738464,0.018013780587401315,0.019273270275989317
2009-08-31,0.007710995921339503,-0.005538127265380055,1.8222561401189443,0.35432645031214455,0.6456735496878554,0.017802882335438447,0.01892409630972206
2009-09-01,0.009195870995990507,0.0031522538210784212,1.8209067045265641,0.35449594926175737,0.6455040507382427,0.0034559108788193293,0.0036753192226532776
2009-09-02,0.020286019838455793,0.022939104534291266,1.8042269413215932,0.3566045191509051,0.643395480849095,-0.02110133057210483,-0.022574489526329202
2009-09-03,0.060495403339575926,0.0196600580452726,1.7162905485335158,0.3681491291643616,0.6318508708356384,0.026753031532854257,0.029547315783980982
2009-09-04,-0.00030730027504610735,-0.0009037591784880616,1.8027089764673934,0.35679765840705513,0.643202341592945,0.0013219145085791185,0.0014149680038260273
2009-09-08,0.013835108818440744,0.0030153783559978553,1.797784006455608,0.3574257332562484,0.6425742667437516,0.008414109836615394,0.009022258134152613
2009-09-09,-0.002729262125192089,-0.002605508124544298,1.8005878626104526,0.3570678904063703,0.6429321095936297,0.001962184179795297,0.0021018988970047817
2009-09-10,0.012588871561425075,0.00010050901468972029,1.7061412083319998,0.36952986670506227,0.6304701332949377,0.012417388989654096,0.013765788294515356
2009-09-11,0.0015616202497423792,0.009543901714883063,1.7054913793197306,0.3696186236791633,0.6303813763208367,-0.01471542185006548,-0.01631728191323847
2009-09-14,-0.004497527000660084,-0.004975619343740578,1.6791974301726726,0.3732461030076274,0.6267538969923725,0.003857520214866534,0.004319413162416236
2009-09-15,0.022709524277304993,0.005100485509965003,1.6750063925810836,0.37383088233860673,0.6261691176613932,0.014166178442846426,0.01588726495996629
2009-09-16,0.025326910645808942,0.013830870063743728,1.6853767514436426,0.37238722628488014,0.6276127737151199,0.0020166837881374113,0.002252961846474527
2009-09-17,-0.009478452812517357,-0.006477609640739068,1.6565265132287008,0.37643140206593145,0.6235685979340686,0.0012518792997127486,0.0014137400400245585
2009-09-18,-0.011598953928288691,-0.0030623092199142388,1.65545678660844,0.3765830440333409,0.6234169559666591,-0.006529433347488067,-0.007376621657429591
2009-09-21,-0.010854865569015049,-0.005449861210338303,1.6902682915219058,0.3717101387810999,0.6282898612189002,-0.0016431379719850196,-0.0018323131308091416
2009-09-22,0.013940005523594756,0.01046129308787358,1.6969713996910865,0.37078628275944675,0.6292137172405533,-0.0038125096503127606,-0.004240878843671962
2009-09-23,-0.011993208843678937,-0.0011832106020388533,1.6876106113641867,0.37207770938678375,0.6279222906132162,-0.009996410076199561,-0.011158324089729893
2009-09-24,-0.036416375730502715,-0.01530108588351431,1.6889940913585078,0.3718862764383352,0.6281137235616648,-0.010572932081877973,-0.011795785028895046
2009-09-25,-0.014441135623112666,-0.007318283501723033,1.7141212471440268,0.36844337777918523,0.6315566222208149,-0.0018967103801856254,-0.0020964911374333
2009-09-28,0.008417522632669039,0.0023227507216874166,1.7585450188782255,0.3625099438858005,0.6374900561141995,0.004332860920949829,0.004712115507955502
2009-09-29,-0.001051146850392315,0.0006045094064861534,1.7419598099715354,0.3647026467577514,0.6352973532422486,-0.0021041779412409403,-0.002302197793259541
2009-09-30,0.029710295751190774,0.015003549270325323,1.740286588356309,0.3649253345431379,0.6350746654568622,0.0035998201783005272,0.00394099674858437
2009-10-01,-0.01310413658249121,-0.008432539682539653,1.7549681628429246,0.3629806011870836,0.6370193988129164,0.0016947020922754626,0.0018454319528614666
2009-10-02,-0.012790784129669053,0.0037018631386005474,1.793752703622347,0.35794148805776965,0.6420585119422304,-0.019431011142973693,-0.02086549512894932
2009-10-05,0.018817886335767753,0.013456937635297761,1.7952166677057602,0.35775402012781127,0.6422459798721888,-0.005340232403395727,-0.0057314688321948755
2009-10-06,0.04602435695567153,0.02154024108976471,1.7594359220055118,0.3623929050228558,0.6376070949771442,0.008125683013680343,0.008834069617867486
2009-10-07,0.01186822874975979,0.004525393176074255,1.8011920422955505,0.35699087563468496,0.6430091243653151,0.003717126572756255,0.003980940810159634
2009-10-08,0.01842307955055622,0.011597790683062437,1.8033806438785287,0.35671217256336674,0.6432878274366332,-0.002492151679033317,-0.0026669425193562475
2009-10-09,-0.007022472211107966,-0.007201037909921326,1.8180646691000129,0.35485346059122325,0.6451465394087768,0.006069480393769798,0.006461328365159379
2009-10-12,0.007355081964736332,0.00849389380512422,1.8200443297889894,0.35460435477438945,0.6453956452256107,-0.008104181293109828,-0.008621333935253663
2009-10-13,0.0011233056681194675,0.007097568228031648,1.8073535582359854,0.3562073601546486,0.6437926398453514,-0.01170450952363621,-0.012507697317958196
2009-10-14,0.003814804106476055,-0.00028183308736506874,1.8071052158593626,0.3562388735378634,0.6437611264621367,0.004324106148655219,0.004621244110365251
2009-10-15,-0.027552676476121918,-0.013253102041898113,1.7988693310559833,0.3572871333806465,0.6427128666193535,-0.0037120776715959744,-0.003978832770512492
2009-10-16,0.000287417714073257,0.0008572130900112995,1.810659133976178,0.3557884298069691,0.6442115701930309,-0.0012647029971196461,-0.0013499000805521
2009-10-19,0.011778219799976508,0.006281619837222641,1.8110521418460028,0.35573868770121975,0.6442613122987804,0.0004018787395121057,0.0004288914462271705
2009-10-20,-0.003804732563953084,0.0004729026547896087,1.817166233314975,0.3549666285838215,0.6450333714161786,-0.004664075299881769,-0.004966773253980323
2009-10-21,0.01521975771028572,0.005577521338069769,1.8201597530589306,0.35458984155608003,0.64541015844392,0.005067777848903733,0.005390947633452561
2009-10-22,-0.015721436703707403,-0.005546585141091853,1.853924258547502,0.3503947229871292,0.6496052770128709,-0.005438487958538098,-0.005716852445102387
2009-10-23,0.010325142542479293,-0.0020798573838456402,1.8248128172542746,0.35400575708658905,0.6459942429134109,0.014120492954581761,0.014996207396467688
2009-10-26,-0.035401772517100305,-0.012788935498512566,1.8115533758269857,0.3556752678422339,0.6443247321577662,-0.012233933241536293,-0.01305392244734229
2009-10-27,-0.03236943972804984,-0.00710106955899481,1.868228801506677,0.3486472207080206,0.6513527792919793,-0.01910301705643342,-0.019980641411590273
2009-10-28,-0.018147676158026926,-0.004638955237579956,1.898724605925557,0.34497930502118257,0.6550206949788174,-0.009339577702646627,-0.0096658830751511
2009-10-29,0.025568294323232044,0.01602097253020962,1.889421643784364,0.34609002190842225,0.6539099780915777,-0.004702077929820761,-0.004882026761240325
2009-10-30,-0.02402977416377894,-0.006402975043831138,1.886720994691961,0.3464138037028095,0.6535861962971904,-0.011949146720094051,-0.01241804809893219
2009-11-02,0.011387385365073666,0.013176949009900074,1.9048836025514762,0.3442478724867529,0.6557521275132471,-0.013713168735541896,-0.014162187486786455
2009-11-03,0.045036807383207256,0.029333608978460157,1.8835323743886032,0.34679686931277487,0.653203130687225,-0.010213994785378655,-0.010626544244238985
2009-11-04,0.013045305279649089,0.002213319409460235,1.8482657075337,0.3510908400697965,0.6489091599302036,0.008954502915324996,0.009431531852846686
2009-11-05,0.0002873906659985881,0.0018404344252000993,1.847668422805734,0.35116447968149533,0.6488355203185047,-0.003113121905688257,-0.0032796535025882453
2009-11-06,-0.0020114855275534804,0.005878593461103421,1.8435542448841098,0.3516725597196249,0.6483274402803751,-0.012848991456718663,-0.013555913146199534
2009-11-09,0.0060466192698123145,0.005205071106989756,1.8286278977338153,0.35352829575115213,0.6464717042488478,-0.0034715189661173856,-0.0036818405512778433
2009-11-10,-0.014768141402775825,0.0009992510330176785,1.825010051024999,0.35398104146113385,0.6460189585388662,-0.0165917845815302,-0.017619531557606535
2009-11-11,0.01830121636139892,0.010981010361962529,1.7518677604438413,0.3633895546778428,0.6366104453221573,-0.000936061668822992,-0.001020465098953753
2009-11-12,-0.01551898555651654,-0.007181328545781018,1.7532140610069633,0.363211859972217,0.6367881400277831,-0.002928579373342571,-0.003191084283804076
2009-11-13,0.006664832457846881,0.009131985159075429,1.766310002313603,0.36149238486057245,0.6385076151394276,-0.009465084269607425,-0.010264667656580035
2009-11-16,0.05872184807908476,0.02015948435818915,1.7641989107019063,0.3617684661289706,0.6382315338710294,0.023156507734055344,0.025131882851558547
2009-11-17,-0.0007068287854286037,0.00017571864261145542,1.8466073826253595,0.3512953722046921,0.6487046277953079,-0.0010313121281398244,-0.0010868855337422781
2009-11-18,0.0016324088793993052,0.0016683370761223504,1.9151103019966254,0.3430401927896441,0.6569598072103559,-0.001562640642285536,-0.0016081456415716904
2009-11-19,0.0021731361124923687,0.0006137225143809655,1.9159623469401441,0.3429399563575801,0.6570600436424199,0.0009972668834690077,0.0010260079844811641
2009-11-20,-0.0007589276620965091,0.0043805851524900685,1.9134700571945147,0.3432333198450428,0.6567666801549572,-0.009141046184377123,-0.009412534886161863
2009-11-23,0.009222593776764265,0.015614117265228877,1.910593996458631,0.34357248081206687,0.6564275191879332,-0.020609644930183083,-0.02124272051195652
2009-11-24,-0.008332026087500388,0.0010306202194896308,1.8354233993122635,0.3526810141450309,0.647318985854969,-0.010223650554155998,-0.010817062337112432
2009-11-25,0.017237683989923536,0.018361239308504862,1.8736401164762637,0.3479906875834638,0.6520093124165363,-0.017164670566712066,-0.017919436537961325
2009-11-27,-0.02472560393357348,-0.010700204718975481,1.834824423398158,0.35275553284576294,0.647244467154237,-0.005092606979837044,-0.005389335866239402
2009-11-30,0.010545338923303671,0.0058763623752293714,1.9126408546046534,0.34333103527648445,0.6566689647235155,-0.0006940318320216646,-0.0007148480022084996
2009-12-01,0.03703700648065378,0.015240030795081738,1.8268899716542852,0.3537456392102887,0.6462543607897112,0.009195147053416466,0.00975822951613024
2009-12-02,0.005995816959769806,0.01075808913077414,1.8591999351474058,0.3497481892424725,0.6502518107575275,-0.014005621654475487,-0.01469532243860389
2009-12-03,-0.01000263242777355,0.004455465688170346,1.8437163749785244,0.3516525096521104,0.6483474903478896,-0.018217247475208177,-0.019218422380831584
2009-12-04,-0.03172437523146643,-0.03992112256555014,1.8469094607446557,0.35125809717125095,0.648741902828749,0.04200632371839508,0.04426518401544913
2009-12-07,-0.008650510645770937,-0.004620143898416806,1.573043192630854,0.38864485557956463,0.6113551444204355,-0.0013828247373914044,-0.0016122831610659947
2009-12-08,-0.030050206249749745,-0.01770670032116639,1.583270792870732,0.3871061457280373,0.6128938542719627,-0.0020157047931321885,-0.0023408751401847935
2009-12-09,-0.03525436641813762,-0.01960100057488834,1.5883422171551642,0.38634767588773317,0.6136523241122669,-0.004121269706559825,-0.004776728918507722
2009-12-10,0.0008741921448545131,0.0047303879349558375,1.5864056921060514,0.38663694680694993,0.61336305319305,-0.006630122201029218,-0.007690350614288734
2009-12-11,-0.005182594780442251,-0.005596452901374116,1.5753286188175177,0.38829996012670326,0.6117000398732967,0.0036336576389567245,0.004232847348962962
2009-12-14,0.014165335110131405,0.0034840310246588846,1.5729285138173121,0.3886621779927943,0.6113378220072055,0.0086852033684213,0.010126830172442924
2009-12-15,0.006637410233190533,-0.0008012324178223729,1.5727289393043866,0.388692327715791,0.6113076722842089,0.007897531643808603,0.009209129873523247
2009-12-16,0.013646056416444008,0.011671396383634347,1.5691397196785126,0.3892353507831541,0.6107646492168459,-0.0046679952332287986,-0.005450846286179707
2009-12-17,-0.028225608077258046,-0.02527516615752967,1.5662883615438732,0.389667823376794,0.610332176623206,0.011362590511368259,0.013282907737460048
2009-12-18,0.007275902082629182,0.0036140222475009587,1.5195545821957208,0.3968955493429034,0.6031044506570966,0.001784198016281823,0.0021244207554260777
2009-12-21,-0.016469219438665306,-0.01386390325631448,1.4961093307733873,0.400623477373951,0.5993765226260491,0.0042726955840463356,0.005135226487922907
2009-12-22,-0.00029383478147637643,-0.008581362246263047,1.482811200427965,0.4027692479507217,0.5972307520492783,0.01243070527221215,0.015020117441957878
2009-12-23,0.009403458898120887,0.0067219602468922,1.465247001361353,0.40563886679419237,0.5943611332058076,-0.00044587319690812983,-0.0005425904949831525
2009-12-24,0.014439657039266196,0.009878282516669223,1.4656542390417509,0.4055718697965693,0.5944281302034308,-3.848960574206681e-05,-4.6830904105624876e-05
2009-12-28,0.006887386189101452,0.002807694642228631,1.4521923503734482,0.4077983522979788,0.5922016477020212,0.0028100735074725186,0.003437830038550485
2009-12-29,-0.025765244438104573,-0.009212384051389466,1.4533336905529646,0.4076086363019809,0.592391363698019,-0.012376576325907449,-0.01513439819487155
2009-12-30,-0.018255238540786145,-0.005013673655423934,1.472316073932578,0.4044790269916236,0.5955209730083765,-0.010873526228453181,-0.013194339926557924
2009-12-31,0.0025627973447395203,0.0033897857735913917,1.4794548999137644,0.40331445433219215,0.5966855456678078,-0.002452237827658235,-0.002967068884064224
2010-01-04,0.036737606231050046,0.02054419375742733,1.4374591748078105,0.4102632816727477,0.5897367183272523,0.007206166425406783,0.008869276457902073
2010-01-05,0.019552728946628406,0.00035789964349830505,1.455790884109107,0.40720079485219374,0.5927992051478062,0.019031701908197675,0.023249172433224313
2010-01-06,0.02148360421416662,0.015919908073333877,1.449844590217362,0.4081891577911378,0.5918108422088623,-0.0015977883827142103,-0.0019565996828057285
2010-01-07,0.009359691421803706,-0.0024650486556414553,1.4543958654977225,0.4074322378298221,0.592567762170178,0.012944847994819358,0.015822445160688408
2010-01-08,0.006818305719278328,0.004500905212093231,1.451040433644134,0.40799000549869746,0.5920099945013026,0.0002873102685314226,0.0003516591541139029
2010-01-11,0.012189856931287046,0.010982253150801924,1.4575561294700277,0.4069083053723172,0.5930916946276827,-0.0038173934640558203,-0.004659987316194943
2010-01-12,-0.02355084947606867,-0.018944927159865954,1.4552306173413208,0.40729371527749336,0.5927062847225067,0.004018388570269416,0.004909993230640935
2010-01-13,0.01617059013322697,0.006643635253611446,1.430265914166151,0.41147760587470944,0.5885223941252905,0.006668425083833926,0.008231722765352528
2010-01-14,0.005664016702521701,0.005455782329001346,1.4350065005659784,0.41067652171259744,0.5893234782874025,-0.0021650664052682237,-0.002667425821777053
2010-01-15,-0.012444368144586493,-0.01093996172509093,1.4322408751309315,0.4111434892097882,0.5888565107902117,0.003224292210456635,0.003976940248917246
2010-01-19,0.020259687841680307,0.008494802047013694,1.4261785271372573,0.4121708228866154,0.5878291771133846,0.008144583569947758,0.010070879136282521
2010-01-20,-0.04887144141493094,-0.02404132975137585,1.429647923141089,0.4115822669101717,0.5884177330898284,-0.014500804266326377,-0.0179048216758659
2010-01-21,-0.020709669092185967,-0.008630852499165398,1.462510421473542,0.4060896519583498,0.5939103480416501,-0.008086957365955607,-0.00985208910642878
2010-01-22,-0.033036180427590156,-0.012242677607497088,1.4744377931851027,0.4041322043957296,0.5958677956042705,-0.014985113873315477,-0.01816790130823204
2010-01-25,0.012590215181584874,0.005508630434241768,1.47130169825173,0.40464505030180203,0.595354949698198,0.004485357868643796,0.005444933581136856
2010-01-26,-0.01663649750634022,0.0024653701265220374,1.4555764774985334,0.40723634924972407,0.5927636507502759,-0.02022503227083328,-0.024709104916296007
2010-01-27,-0.02481308074721511,-0.012296201566444842,1.445932718944838,0.4088419899102517,0.5911580100897483,-0.007033600583551743,-0.008626893776439604
2010-01-28,-0.013756990448047013,-0.0007377801642500792,1.4493568350016155,0.4082704429627709,0.5917295570372292,-0.012687683724262546,-0.015540018762828626
2010-01-29,-0.0011726391880688691,-0.000553687337998543,1.4403438154870394,0.4097783245351524,0.5902216754648477,-0.0003751390550691858,-0.0004611715603618537
2010-02-01,0.029042779271930996,0.019667635113688853,1.4497812859110408,0.40819970572520453,0.5918002942747955,0.0005290099459780324,0.0006478251128218121
2010-02-02,0.004984097983179003,0.011862695831480918,1.4413686611387488,0.40960630646154084,0.5903936935384592,-0.012114420024938864,-0.014886428524016804
2010-02-03,-0.025454146363478425,-0.005369607901294149,1.4242593919781903,0.4124971128539187,0.5875028871460812,-0.017806431878819935,-0.022035305220729603
2010-02-04,-0.05928872382701855,-0.04408853601189466,1.4356923630634129,0.41056088000468277,0.5894391199953173,0.004008850623904867,0.004937631719873117
2010-02-05,-0.03389170591153745,-0.00960097233413848,1.4181643810159408,0.41353681654175684,0.5864631834582432,-0.02027594892414278,-0.0251545541113598
2010-02-08,0.017203003118694493,0.012830261002164667,1.4344252583936337,0.4107745746360907,0.5892254253639093,-0.0012010473345933186,-0.0014800791239561462
2010-02-09,0.02341157219706047,0.010321854653276619,1.4368710311356918,0.41036229953209913,0.5896377004679009,0.008580398258174157,0.010563215880376692
2010-02-10,-0.008359776561724375,-0.0008357967721374093,1.4427739538846105,0.4093706658406745,0.5906293341593256,-0.00715391074814369,-0.00878580361899702
2010-02-11,0.018951768460690355,0.01710345929412549,1.4404900732886194,0.4097537666492025,0.5902462333507976,-0.00568559487139339,-0.006989081742584495
2010-02-12,-0.009171347420336096,-0.0042953311840686625,1.437902979021722,0.4101885959388255,0.5898114040611746,-0.002995077914878866,-0.0036856404138946395
2010-02-16,0.04537505622875737,0.027352041145594308,1.3766979637073724,0.4207518226001743,0.5792481773998256,0.007719556880377419,0.009744052881253545
2010-02-17,-0.0032198171519894903,0.00017863947391427715,1.4001116842209649,0.41664727794722717,0.5833527220527728,-0.0034699323666799557,-0.00433721362571455
2010-02-18,-0.002360548379926608,-0.0013398838767306742,1.3998872210953777,0.41668624725772374,0.5833137527422763,-0.0004848620631396029,-0.0006061060605818363
2010-02-19,0.021980115355404006,0.002951743137857843,1.399536377817519,0.41674717218062884,0.5832528278193712,0.017849043455998723,0.02231561515924988
2010-02-22,-0.011637115914106655,-0.007758916314397735,1.4073421350853463,0.41539587806223793,0.5846041219377621,-0.0007176660622536211,-0.0008943465722559343
2010-02-23,-0.020589359200470336,-0.008898098715891867,1.4239388253848237,0.41255166571344487,0.5874483342865552,-0.007919010966805064,-0.009801003495475396
2010-02-24,0.003272913349670059,-0.005622518768851004,1.4303939382185,0.4114559307751602,0.5885440692248399,0.011315330114154278,0.013967279052442647
2010-02-25,0.01066505862255318,0.010305562086753373,1.4399125257336782,0.4098507587682068,0.5901492412317931,-0.0041740493108891035,-0.00513221183161143
2010-02-26,0.024208527304327987,0.009478244752838982,1.4284084289273697,0.411792344355229,0.5882076556447711,0.01066972260793617,0.01318113025902607
2010-03-01,-0.0030909451571378144,-0.00044710719678853206,1.4374845107858059,0.41025901726760755,0.5897409827323924,-0.0024482354870934385,-0.0030132320549239094
2010-03-02,0.03617248721679811,0.017087112857045783,1.413112800553174,0.4144025093939924,0.5855974906060076,0.01202646931401,0.014951397188626769
2010-03-03,0.015547957047727934,0.005101527516284232,1.4439906960693207,0.4091668604173918,0.5908331395826082,0.008181398778471873,0.010042671756030058
2010-03-04,-0.008839325079138649,-0.008838694335796204,1.4569727989776906,0.407004912881447,0.592995087118553,0.004038412146594606,0.004930960751712345
2010-03-05,0.012007424384511411,0.0019424980483946364,1.566320435308063,0.38966295332482875,0.6103370466751712,0.008964849995764862,0.010479809776391444
2010-03-08,-0.006335601088381826,-0.009869644660090993,1.5681115553753193,0.38939118431475384,0.6106088156852463,0.009141102750555175,0.010678394477944601
2010-03-09,0.003825642339865043,-0.001423972606534707,1.5540047344163967,0.39154195234039185,0.6084580476596081,0.006038502512099234,0.0070929811883990845
2010-03-10,-0.018708932752692253,-0.012655927960672941,1.5419238454787103,0.39340281644498837,0.6065971835550117,0.0008055443565300989,0.0009507102558909235
2010-03-11,0.00835590224192595,0.00018049391863317332,1.5448158926027658,0.3929557351896401,0.6070442648103599,0.008077072367903273,0.009521795731528074
2010-03-12,-0.006535919340165952,-0.005866425992779756,1.5470284960471228,0.3926143745749042,0.6073856254250959,0.002539608840615862,0.0029912608098698838
2010-03-15,0.0034656963508625793,0.0032682483757944247,1.5420987319201742,0.3933757518712304,0.6066242481287695,-0.0015742653250501717,-0.001857833417659255
2010-03-16,0.014634431734493747,0.015473691035845727,1.5418875669439738,0.3934084312007028,0.6065915687992973,-0.009224260088409198,-0.010886705071104955
2010-03-17,0.009750223494203736,0.0016040357391258198,1.5313896493296923,0.39503993400020354,0.6049600659997966,0.007293819766151553,0.008644050237089668
2010-03-18,-0.005428020586984328,0.0030249327527247516,1.5648922949047446,0.38987991892935925,0.6101200810706408,-0.01016171454432829,-0.011885545328178013
2010-03-19,-0.022404745153036587,-0.017739932204094533,1.5608974301636827,0.3904881110119603,0.6095118889880397,0.005285469435612523,0.006191738927171359
2010-03-22,-0.005700189277757506,-0.007314407989311045,1.5581632155625376,0.39090547230001543,0.6090945276999845,0.005696852194803707,0.006680792093499368
2010-03-23,0.005437296308525186,0.0038205685302681314,1.5669019083577334,0.38957468407500834,0.6104253159249916,-0.0005491598125634501,-0.0006418162814582897
2010-03-24,-0.022689848301196025,-0.013502514194891235,1.5674389482500732,0.3894931954201227,0.6105068045798773,-0.0015254816528240227,-0.0017824941705396023
2010-03-25,0.006074812672339336,0.0037662830037550332,1.5702728644080242,0.3890637503307713,0.6109362496692287,0.00016072067186166227,0.0001875917620505381
2010-03-26,0.00998384791382656,0.010524389598138839,1.5695100752411562,0.3891792484628211,0.610820751537179,-0.00653428759621557,-0.0076290274078053295
2010-03-29,0.02835326844313313,0.00552445021372816,1.54968625918007,0.39220511794324875,0.6077948820567514,0.019792103857394196,0.02328769328320296
2010-03-30,-0.003280907684124257,-0.005223857131454457,1.5554833651515858,0.39131540186749836,0.6086845981325015,0.004844715185781631,0.005687435009573135
2010-03-31,0.011318961982012432,0.007967450274445342,1.5536260396797794,0.39160001678452433,0.6083999832154757,-0.001059476234219656,-0.0012446727333096687
2010-04-01,0.020785766246745663,0.010599053480895071,1.5409012463768377,0.39356114348243004,0.6064388565175699,0.004453671527619687,0.005258376177315439
2010-04-05,0.012754567457788912,0.0069327606411713205,1.5458063244189237,0.3928028579425611,0.607197142057439,0.002037862212983693,0.0024014343040594383
2010-04-06,-0.010329224133480697,0.001941875827050854,1.5538113761906251,0.39157159738697817,0.6084284026130219,-0.013346532884701893,-0.01567836960372166
2010-04-07,0.014957841814294381,0.01515291481995562,1.5548976019422602,0.39140511903091124,0.6085948809690889,-0.008603389101689948,-0.0101022316062486
2010-04-08,-0.0037943495280190476,-8.686770112675823e-05,1.5398017330134324,0.393731521244974,0.606268478755026,-0.0036605904912811725,-0.0043238695883610675
2010-04-09,0.012364812343144571,0.007724374927295052,1.5456034015441766,0.3928341702377498,0.6071658297622503,0.0004259921807147869,0.0005020328545165854
2010-04-12,0.0034350994993261885,0.00043062613944822026,1.5619376121667528,0.39032956745353853,0.6096704325464615,0.0027624883353398483,0.003234842631085946
2010-04-13,-0.008965875632949927,-0.0075756946821332605,1.556834054984875,0.39110868304119,0.60889131695881,0.0028282238383629497,0.0033184287023035
2010-04-14,0.009101790270096055,0.005378166992773492,1.5549015650977138,0.3914045118844939,0.6085954881155062,0.0007392699956756867,0.0008680608354248807
2010-04-15,0.0010867451908986858,0.0006039268092106198,1.5632611163421726,0.39012802621803155,0.6098719737819684,0.00014264989294312603,0.0001669551635223455
2010-04-16,-0.04097911254454434,-0.020177548787601807,1.5551864331439267,0.39136087567966227,0.6086391243203376,-0.009599262415966321,-0.011270327234974356
2010-04-19,0.0031693787920412664,-0.0009681401117465072,1.544332031574262,0.39303046441673223,0.6069695355832677,0.004664508577663283,0.005499881917664493
2010-04-20,0.005077582547303061,0.002995088583779948,1.5348140328328914,0.3945062584659935,0.6054937415340065,0.00048067855934000574,0.0005688920999101493
2010-04-21,0.01448214495827771,0.008431385729652074,1.510004418761716,0.3984056731236112,0.6015943268763887,0.001750715250218601,0.0020924846631333403
2010-04-22,-0.0037071562880819364,-0.005138392784051593,1.5091557865251215,0.39854041959860914,0.6014595804013909,0.004047478915408454,0.004839251835790226
2010-04-23,0.01016320404053661,0.009454544599636572,1.510553883662843,0.3983184772521281,0.6016815227478718,-0.004118395022707971,-0.004921298502503347
2010-04-26,0.00797187664700072,0.0003469121693973065,1.4934656474958115,0.4010482362186543,0.5989517637813457,0.007453775239307595,0.008967970238683766
2010-04-27,-0.011890499418661271,0.007108756976051067,1.4893788472190808,0.4017066350174517,0.5982933649825483,-0.022478131688812807,-0.027088843926576428
2010-04-28,-0.0004967361026809725,0.008263835809380726,1.470246249375167,0.404817940823893,0.5951820591761069,-0.012646609706875181,-0.015358723499822003
2010-04-29,0.02441041734455829,-0.0024759022395363095,1.4570171619068464,0.406997564161871,0.593002435838129,0.02801784939876629,0.03420958937505606
2010-04-30,0.0033425130935489378,0.010013651940603552,1.4636319285731527,0.40590478975451666,0.5940952102454833,-0.011313787608336932,-0.013776961741467773
2010-05-03,0.010853778069108477,0.0022031824758292906,1.4305769024351798,0.41142495799993256,0.5885750420000675,0.00770195610733714,0.00950633090393552
2010-05-04,-0.052888903758631645,-0.011921853528417348,1.4595798491261645,0.4065735049647924,0.5934264950352075,-0.035488006584320025,-0.043285449663601865
2010-05-05,-0.017229829398387686,0.0051343489006934195,1.5141952245896868,0.3977415875345156,0.6022584124654844,-0.02500423598519497,-0.02983567354751733
2010-05-06,-0.001027905281093533,0.018985228411060318,1.5017935472890858,0.39971323816211307,0.600286761837887,-0.02953979880263334,-0.03542234590217365
2010-05-07,0.05350716414232548,0.01094492047683815,1.384531758689792,0.4193695455536568,0.5806304544463433,0.03835357414580884,0.048252962879659
2010-05-10,0.005480483339860509,-0.00793386412060948,1.4498551524870091,0.40818739793037734,0.5918126020696227,0.016983437114257975,0.02079727501074948
2010-05-11,0.040043100107389984,0.016244584807900475,1.4370522767299245,0.4103317805483499,0.58966821945165,0.016698782524664262,0.02055612349900546
2010-05-12,0.0190950624094548,0.018689996148466115,1.4778641286110248,0.40357337936868776,0.5964266206313122,-0.008526212462241486,-0.010322857129806646
2010-05-13,-0.008350283227684607,-0.011185244137687733,1.4215475819712635,0.4129590545505403,0.5870409454494597,0.007550073530003639,0.009353613680212093
2010-05-14,-0.01406860598726889,-0.0011393427396081401,1.402576646572553,0.4162198119367269,0.5837801880632731,-0.012470590468252519,-0.01557152045830801
2010-05-17,-0.01911262296895977,0.0002443594197871768,1.409324101463241,0.4150541636937412,0.5849458363062587,-0.019457004588685413,-0.024227132302626325
2010-05-18,0.0010618772888690842,-0.010914639469488785,1.4099265176216977,0.414950411428676,0.5850495885713239,0.016450716907181744,0.02047869524679522
2010-05-19,-0.04051975377954464,-0.017870437593352162,1.36696082508722,0.4224826999251883,0.5775173000748117,-0.016091565662266296,-0.02039522432105315
2010-05-20,-0.021944578400138193,-0.004024758390133498,1.4113183053443885,0.4147109063882706,0.5852890936117294,-0.016264363209554374,-0.020235026425387007
2010-05-21,-0.003560513421076661,-0.010186981948845597,1.4436015795203745,0.4092320157184864,0.5907679842815137,0.011145429810822385,0.01368320012259526
2010-05-24,0.01990810628013251,0.015395167481472516,1.4266805123110613,0.41208556088318565,0.5879144391168144,-0.00205587914944929,-0.0025415943372265777
2010-05-25,-0.012178837637454643,0.0033506448621161145,1.4041531776265022,0.4159468744779603,0.5840531255220398,-0.0168836562676929,-0.02106811216292126
2010-05-26,0.029780966845228463,0.012940390188800333,1.3965411050675172,0.4172680359562734,0.5827319640437265,0.01170918003095639,0.01465759966252676
2010-05-27,0.009020386900230992,-0.0011538979293825857,1.3851815512462626,0.4192552971397493,0.5807447028602507,0.010618745024033012,0.013355895300906584
2010-05-28,-0.0024923569648759303,0.00024748473617486333,1.3737933479695614,0.4212666620097137,0.5787333379902863,-0.0028323498491569592,-0.003579523699794205
2010-06-01,0.00700676890716001,0.010394405348778557,1.381114714965378,0.4199713662323658,0.5800286337676342,-0.007349097273352886,-0.009259231267393699
2010-06-02,-0.012729236751952144,-0.003429190949335803,1.3675482946305164,0.4223778675467575,0.5776221324532423,-0.008039652517225566,-0.010187313858127968
2010-06-03,-0.020979062514849045,-0.010076951502401954,1.3918864336909096,0.41808005008703714,0.5819199499129629,-0.0069530904256945355,-0.008720845180302209
2010-06-04,-0.035156203018102516,0.0065380303107756,1.4087330937927833,0.4151560015416251,0.584843998458375,-0.04436654268511242,-0.055257109390131315
2010-06-07,0.04991318199568884,0.018993667639923606,1.3666500399556023,0.4225381797550261,0.577461820244974,0.02395548535668381,0.03036632153328408
2010-06-08,0.01735253325488051,0.003792423938270062,1.4523859614693602,0.4077661574122063,0.5922338425877937,0.011844469966996727,0.014489322015079614
2010-06-09,-0.015594547346045484,-0.012459807073954998,1.4622381261079365,0.40613456082767324,0.5938654391723267,0.002624657601440882,0.003197892486852625
2010-06-10,0.008910822115507644,-0.006267766521672824,1.4514737823030959,0.40791788483274166,0.5920821151672583,0.018008320895312818,0.022037748507015807
2010-06-11,-0.0065423038967440394,0.0066349731831292225,1.4403147744654103,0.40978320111144917,0.5902167988885508,-0.01609875380058685,-0.019790996598928766
2010-06-14,0.009878185927447491,-0.004556900866372393,1.4257761329761414,0.4122391948729077,0.5877608051270924,0.016375306423059552,0.020251629406917673
2010-06-15,0.009075090371548411,0.008092783412568139,1.4087403713570281,0.41515474722442725,0.5848452527755728,-0.0023255403383848263,-0.002896377334027084
2010-06-16,-0.007377943658592345,-0.003162424990403201,1.4202469522835617,0.4131809768653879,0.586819023134612,-0.0028865192041468276,-0.003577964473530265
2010-06-17,0.01817496778658545,0.01480513336774436,1.432614387863458,0.41108036069715537,0.5889196393028447,-0.0030350792902824955,-0.003742984468181384
2010-06-18,0.021740237351937086,0.0077755119614228985,1.4275106723083677,0.4119446358804595,0.5880553641195404,0.01064061104434453,0.01315002792662431
2010-06-21,-0.019452370593228685,-0.013919822366909695,1.432917439562843,0.41102915525965583,0.5889708447403442,0.0004935856319331494,0.000608634256025354
2010-06-22,0.004999460825552582,0.00016138844080648695,1.4280285506738613,0.41185677150397,0.58814322849603,0.00476899352433218,0.005892426828764373
2010-06-23,-0.023391164138776954,-0.004677835885087522,1.4328829624790163,0.4110349800719709,0.5889650199280291,-0.016688372797762092,-0.020578514941085292
2010-06-24,0.015010318638012166,0.009237520978517155,1.43760731568304,0.4102383487144199,0.5897616512855801,0.0017303909005203493,0.0021296181169797763
2010-06-25,0.019966826330269027,0.008269810379867515,1.4498652692874254,0.4081857123068906,0.5918142876931095,0.007976715476906466,0.009767943866431395
2010-06-28,-0.022611840716767806,-0.014015047755949639,1.4598064233785546,0.4065360552341739,0.593463944765826,-0.0021525839786753244,-0.002625308997752849
2010-06-29,-0.0042307326943840096,0.0030690106428516994,1.4510212264619327,0.40799320267148703,0.592006797328513,-0.008683932281399406,-0.01062895602981137
2010-06-30,0.004141102768384197,0.0028180354267310914,1.444818954444095,0.4090282424317104,0.5909717575682896,6.955176954816233e-05,8.534591416890086e-05
2010-07-01,-0.04879220830033282,-0.03147326469038536,1.4459663726864342,0.40883636470508306,0.591163635294917,-0.0032829259193762686,-0.004026538495421665
2010-07-02,-0.003491006410989539,0.0009118590246315339,1.4685121285856446,0.4051023239545347,0.5948976760454652,-0.004830082448221223,-0.005870032873999278
2010-07-06,0.007627993515143983,-0.010435626413087151,1.4681273009132971,0.40516548705974914,0.5948345129402509,0.022948821554329132,0.0278942113875211
2010-07-07,0.008187063699218733,0.0031803871798796735,1.4227740713908532,0.4127500008392963,0.5872499991607036,0.0036620912827020563,0.00453458454002656
2010-07-08,-0.007063841596813281,-0.0023359976763254187,1.4247988356555776,0.41240534484570396,0.587594655154296,-0.0037355148274906894,-0.004621638841822614
2010-07-09,0.011259255080538155,0.011540329649038172,1.42985723763686,0.411546812096888,0.5884531879031121,-0.005241768792854318,-0.00647169970934444
2010-07-12,-0.008641230913438602,-0.009176567303219918,1.4209376972574566,0.41306308755191984,0.5869369124480801,0.004398099499126775,0.005450077675409575
2010-07-13,0.01899760656885907,0.012348810035982538,1.412411581748218,0.41452296430915136,0.5854770356908485,0.0015560042532287086,0.0019349984865780316
2010-07-14,0.0020288784952893213,-0.005357289819841404,1.3775824193973292,0.42059530380169974,0.5794046961983003,0.009408986766719125,0.01187212694284321
2010-07-15,0.003940051596733829,0.0010771683006434163,1.3686187537646353,0.4221869806656812,0.5778130193343188,0.0024658188595124667,0.003123109857498185
2010-07-16,-0.031232962676018605,-0.016637675682584896,1.3680872608217922,0.4222817362114317,0.5777182637885683,-0.008471170524989694,-0.01073166179110726
2010-07-19,-0.013447381465740427,-0.005303071404145654,1.3845497227958428,0.41936638621547284,0.5806336137845273,-0.006105015423164001,-0.007680714767406038
2010-07-20,0.008611786574502345,0.008293178668922208,1.393265523883929,0.41783913653556604,0.582160863464434,-0.002942813348316581,-0.003688867765337814
2010-07-21,0.00638964507568085,8.390733188212707e-05,1.3936966924584426,0.4177638725702342,0.5822361274297657,0.006272703704763716,0.007861526973563236
2010-07-22,0.01781095794166676,0.0032729309281369634,1.3934397613142548,0.41780871871656916,0.5821912812834308,0.013250325850365549,0.016608304998354792
2010-07-23,-0.0010488048562792285,-0.006524507593580142,1.421172703960669,0.4130229943383026,0.5869770056616975,0.00822364724250098,0.010189666225439039
2010-07-26,0.005470768112538549,-0.003957187307482513,1.4265122403365622,0.41211413788759543,0.5878858621124047,0.011115744243966837,0.013742866068244182
2010-07-27,-0.031547096154692866,-0.021132713440405793,1.4311414516229322,0.411329418669753,0.5886705813302471,-0.0013031939648590722,-0.001608126047938245
2010-07-28,-0.011236589919184747,0.0020725599430591046,1.4498979724501766,0.4081802635233362,0.5918197364766639,-0.014241590378407597,-0.017439408340949467
2010-07-29,0.010216351548550717,0.0068941742775638915,1.4420765267428972,0.4094875770882344,0.5905124229117655,0.00027442465160115725,0.0003371204570323215
2010-07-30,0.021930554130242585,0.01138302505983102,1.3793356109645607,0.42028539201941717,0.5797146079805827,0.00622954230471566,0.007854556888916894
2010-08-02,0.023127835520310613,0.0014386674388042753,1.407996999762926,0.41528290944650376,0.5847170905534962,0.02110219608281758,0.026290144154949298
2010-08-03,0.00021734011354346272,0.001520979145410939,1.4983930241792023,0.40025728150939355,0.5997427184906065,-0.0020616844278623326,-0.0024756126132792797
2010-08-04,-0.00782306203913985,0.00717178564814791,1.4324369629812643,0.411110345393852,0.588889654606148,-0.01809619289212546,-0.0223185963305864
2010-08-05,0.0024640023594599825,0.002932060101505485,1.431413099053434,0.4112834632622926,0.5887165367377074,-0.0017329868770469097,-0.0021382465337398734
2010-08-06,0.008247709447094964,0.005178811806765049,1.3837700616015527,0.41950354864686196,0.5804964513531381,0.0010814247142248434,0.0013609845156352229
2010-08-09,-0.012460022037993679,-0.0022437038286601263,1.4072516479935169,0.4154114925348648,0.584588507465135,-0.009302566127502352,-0.011593178638290088
2010-08-10,-0.00455319450812508,-0.0037478139277077327,1.4253755742974,0.41230727751914764,0.5876927224808525,0.0007888479214411236,0.0009757432165980826
2010-08-11,-0.014107821012368404,0.0010868156505534632,1.4229665918282108,0.4127172051701571,0.5872827948298428,-0.015654323374582026,-0.019382425775962067
2010-08-12,0.009111241608305454,0.01444680486691019,1.4210297371295015,0.4130473842034059,0.5869526157965942,-0.011418097714081137,-0.014148646180140308
2010-08-13,0.002437302766167937,8.22979765551235e-05,1.4249175236580918,0.4123851595956374,0.5876148404043626,0.0023200349372129387,0.0028702439335500365
2010-08-16,0.01773769925084623,0.007901864674475956,1.3749373851311852,0.42106373256858,0.57893626743142,0.006873130097661773,0.008682077440052744
2010-08-17,0.009121575719817532,0.0017149657704675914,1.3710492498760782,0.42175420862821156,0.5782457913717884,0.00677027318665479,0.008566173630103173
2010-08-18,-0.01054562833261341,0.0025272914133693813,1.3940921588616142,0.4176948645433507,0.5823051354566493,-0.014068905475149952,-0.017629528700147893
2010-08-19,-0.003915095083251274,0.0033342260868942653,1.3930547942007945,0.41787593097464737,0.5821240690253527,-0.008559854718548685,-0.010730871778563779
2010-08-20,-0.018342637184779353,-0.0053494062206586035,1.3977688776436759,0.41705437472468787,0.582945625275312,-0.010865403655669278,-0.013594392383239465
2010-08-23,5.5580617511319375e-05,-0.00024439925826769127,1.379294973963993,0.4202925702541048,0.5797074297458953,0.0003926792860804738,0.0004951205592969278
2010-08-24,0.02146469909488169,0.003993825345632862,1.382403478704329,0.41974418226750176,0.5802558177324983,0.0159436210437413,0.02007672653216438
2010-08-25,0.03554901716873404,0.0062509748876860005,1.3949345912676239,0.41754793790451966,0.5824520620954803,0.02682931606875559,0.03360757679969247
2010-08-26,-0.002313043830516115,-0.00330776570063529,1.4441258294043553,0.409144237980458,0.5908557620195419,0.002463786055389102,0.003024131604537158
2010-08-27,0.0032141908823954957,0.0004856528849608299,1.436347743592231,0.4104504386248111,0.5895495613751889,0.0025166244569129505,0.0030988488365815427
2010-08-30,-5.24949160577437e-05,0.0008899478850628029,1.4209075689145514,0.41306822814733246,0.5869317718526674,-0.0013170286018829775,-0.00163206801299748
2010-08-31,0.01890958127596387,0.009053490795586372,1.4808186465056092,0.40309274577912557,0.5969072542208744,0.005503003289892668,0.006654662118463189
2010-09-01,-0.002010591988959032,-0.0016021789007198972,1.4011247429329046,0.41647149026440367,0.5835285097355962,0.00023426051144465792,0.00029268847293437454
2010-09-02,0.014411965842112906,0.004172310814530178,1.3920082333095172,0.41805876170268336,0.5819412382973167,0.00860407483636056,0.01079102661505834
2010-09-03,0.014105327444685178,-0.001837833662105437,1.4019254139654747,0.4163326613664674,0.5836673386335326,0.016681833162232027,0.020835575990710356
2010-09-07,-0.0016069040366639697,0.006484228284392213,1.420241455732971,0.413181915230499,0.5868180847695009,-0.010816073854594072,-0.013407018331547112
2010-09-08,0.0047780125470793244,-0.0013521619153455955,1.4283231698870746,0.4118068024885268,0.588193197511473,0.006709336740206324,0.008288851529409485
2010-09-09,-0.008209102992431161,-0.00533605551302152,1.4444336201439794,0.4090927206037606,0.5909072793962394,-0.000501525010468247,-0.0006155106929498552
2010-09-10,-0.0006055885105487047,-0.003523119807870012,1.452706737689645,0.40771282788661534,0.5922871721133847,0.004512471372031909,0.005519377391545574
2010-09-13,0.015554012921078053,0.0004821017163016972,1.4463830068379657,0.40876673734442526,0.5912332626555747,0.014856709191051861,0.01821878563110361
2010-09-14,0.014470335655410782,0.019757429980159502,1.4639722588536035,0.4058487251253647,0.5941512748746354,-0.014453993741785232,-0.017598404799220604
2010-09-15,0.006911462875043295,-0.002362762948231345,1.3753537444649693,0.42098992721829,0.57901007278171,0.010161097743176365,0.012833159398073245
2010-09-16,0.009882242437365463,0.004105213107000294,1.3648689312531719,0.4228564157549688,0.5771435842450312,0.004279164611447458,0.005428416630066527
2010-09-17,0.0021692009869114237,0.002908995283319893,1.368038435440974,0.42229044302390334,0.5777095569760965,-0.0018104163691866956,-0.002293564591804729
2010-09-20,-0.0006253240841148644,0.002665431545262331,1.342929568868301,0.4268160738963346,0.5731839261036655,-0.004204810920041976,-0.005384042665106252
2010-09-21,-0.007556412609339591,-0.005160262381499248,1.3370299404152157,0.427893533885292,0.5721064661147081,-0.0006569873048767726,-0.0008433618588044867
2010-09-22,0.020174512217806972,0.013989253706600202,1.3238831529184913,0.43031423449330125,0.5696857655066987,0.001654374913736406,0.002135703223708204
2010-09-23,0.00751097886085339,0.0031778777022319904,1.3067617151199329,0.4335081484339652,0.5664918515660348,0.003358249944243323,0.004367486145922169
2010-09-24,0.008917579213373994,0.0013134135113523904,1.3137851856310803,0.43219223902466636,0.5678077609753335,0.007192035999551524,0.009325026425376534
2010-09-27,0.00336718446861739,0.0005400857807678072,1.3151986454048143,0.4319283798756495,0.5680716201243503,0.0026568643813491685,0.0034427253833563994
2010-09-28,0.010859930201085444,0.007634784288466756,1.2136384241680807,0.4517449593764688,0.5482550406235313,0.0015940626283674295,0.002160329271886174
2010-09-29,0.011112187947364571,0.0014541745366329906,1.2123804673457044,0.45200182100673963,0.5479981789932604,0.009349175143039243,0.01267753256869405
2010-09-30,-0.005973848041142871,-0.0005349263827856277,1.2922420911893495,0.43625409543070626,0.5637459045692939,-0.005282593653619617,-0.006913659347663445
2010-10-01,0.010964323183499491,0.006346479926537585,1.2956544590449546,0.4356056269966792,0.5643943730033206,0.0027414781674417743,0.003582609948078545
2010-10-04,-0.0010890850447928813,-0.0005318373868697934,1.2902281974796639,0.43663771195397644,0.5633622880460237,-0.00040289345177957304,-0.0005277554248388174
2010-10-05,0.031844827968646516,0.017865287793702,1.3110771137561659,0.4326986728602543,0.5673013271397457,0.008422058011656436,0.010932639973187431
2010-10-06,0.013471856405891547,0.005601613162478092,1.3575744702662356,0.424164756028713,0.575835243971287,0.005867249384203979,0.0074660412108314925
2010-10-07,-0.019765417665428497,-0.00928401646861221,1.360947267080116,0.4235588036816861,0.576441196318314,-0.007130360824943921,-0.00906038130249602
2010-10-08,0.023133141891266584,0.007721663220102926,1.4147829278534876,0.41411589773367535,0.5858841022663247,0.012208664592830779,0.015167406293968358
2010-10-11,0.010568695903756753,0.006769898814768194,1.4381290369538702,0.4101505641593818,0.5898494358406182,0.0008327078409990241,0.0010246067722970726
2010-10-12,-0.00865799450187188,-0.005615973828443477,1.3721461125960517,0.42155919261887737,0.5784408073811227,-0.0009520578447319971,-0.0012040462090550687
2010-10-13,0.03394006905840774,0.017685999622277793,1.3568578573990067,0.4242937251649046,0.5757062748350954,0.009942681504964253,0.012655852121608448
2010-10-14,0.021033715342767323,0.005257357555220832,1.4129997529971439,0.41442192389697424,0.5855780761030257,0.01360507041582262,0.016914718369437053
2010-10-15,-0.00593850427370457,-0.004067680529203699,1.4291627524451596,0.41166447122302313,0.5883355287769769,-0.00012512677252022892,-0.0001545307399361505
2010-10-18,0.005149967176188763,7.291633558281774e-05,1.4299099069002725,0.41153789165609655,0.5884621083439034,0.005045703385564027,0.006229494399651145
2010-10-19,-0.025945789924739615,-0.02632728768337922,1.4490380630286106,0.4083235843069531,0.5916764156930469,0.012203452024781208,0.014948871815029817
2010-10-20,0.0035347430569268035,0.006141917004072184,1.3784376923337347,0.4204440600749121,0.5795559399250879,-0.004931506844671783,-0.006220268280183069
2010-10-21,-0.030400888731062836,-0.013846569627148031,1.3365499882673368,0.4279814277551783,0.5720185722448217,-0.011894256258355274,-0.01527156232661056
2010-10-22,8.652894459193483e-05,-0.0002264110884484527,1.4048978027173553,0.41581808543800675,0.5841819145619932,0.0004046133852640108,0.0005047366896092148
2010-10-25,0.01811894597233943,0.010495336875437022,1.4075709576526625,0.4153563976261707,0.5846436023738292,0.0033460145956932356,0.004169365706615195
2010-10-26,0.011892574407779355,-0.00022420146243562478,1.3995538118046948,0.41674414429902035,0.5832558557009797,0.01220635641914332,0.015260782682714212
2010-10-27,-0.017881073639398837,-0.011808706149570303,1.3957848584513446,0.4173997495945476,0.5826002504054524,-0.0013986603979273295,-0.0017514014995880303
2010-10-28,0.02021538414634505,0.015050692141097777,1.4072985170886083,0.41540340464688275,0.5845965953531173,-0.0009654325849790223,-0.0012031319482719814
2010-10-29,0.028863439640458566,0.011176514621014988,1.4269456381390628,0.412040543589094,0.5879594564109061,0.012915160852403768,0.015964709694495108
2010-11-01,-0.0004885639458446223,-0.005084389166747583,1.4560635290057289,0.4071555919422097,0.5928444080577904,0.0069146296871283605,0.00844599042997177
2010-11-02,0.011569186607659043,0.004591966720785434,1.4474155529652846,0.4085942817468826,0.5914057182531174,0.004922702557295209,0.006034164346954736
2010-11-03,-0.016108308395651916,-0.014228876792052758,1.435988057952621,0.4105110436544881,0.5894889563455119,0.004324188755815042,0.0053253817173259076
2010-11-04,0.06577441073761126,0.034103639532230945,1.425300008822799,0.4123201238453727,0.5876798761546272,0.017166493011432936,0.02123427157339427
2010-11-05,0.027074769986818792,0.010559122131938992,1.516814182126298,0.39732770384946053,0.6026722961505394,0.011058543786290058,0.013181597431576045
2010-11-08,0.02557583115941897,0.003936162461750881,1.5703535260519588,0.3890515409123474,0.6109484590876526,0.019394664558495117,0.022636572395881856
2010-11-09,0.053740737853534615,0.004990019786389244,1.5751817188796449,0.38832211050141296,0.611677889498587,0.04588054990916657,0.05344929591507891
2010-11-10,-0.07061796194172343,-0.007589780728892603,1.5961532299181405,0.3851852766146361,0.6148147233853638,-0.05850350891693104,-0.06760407079528474
2010-11-11,0.020103458804649588,0.0028589808232430958,1.7229366063823648,0.3672505623730178,0.6327494376269823,0.015177616087338868,0.016721964130670883
2010-11-12,-0.053392189831348524,-0.02686904128562284,1.7255806577760069,0.36689429723792155,0.6331057027620784,-0.0070274918958927735,-0.007735040101466299
2010-11-15,0.005783006404449953,0.0021971583025914843,1.7796818704976785,0.35975339862218064,0.6402466013778194,0.001872763606714436,0.0020211992169943543
2010-11-16,-0.03292698842086983,-0.021996474019960743,1.76452204381981,0.3617261805654748,0.6382738194345252,0.005886274873660655,0.006387659183423378
2010-11-17,0.011019060482811982,-0.0011208248862528691,1.753387060360185,0.3631890388375634,0.6368109611624365,0.01298430033529744,0.01414726667626479
2010-11-18,0.051868112902596186,0.012043667712348771,1.7447265262511227,0.3643350222456761,0.635664977754324,0.03085520637150711,0.03372489689927391
2010-11-19,0.012858714660288317,-0.0005174611793585804,1.7749229307297343,0.36037036882210827,0.6396296311778917,0.013777168373294313,0.01489464974402507
2010-11-22,0.010377240231040918,0.004067445791011481,1.7716405229064827,0.3607971494627122,0.6392028505372878,0.003171188442959566,0.003432467251886724
2010-11-23,0.004042687040616277,0.01458352326744583,1.7713140250957664,0.3608396561863622,0.6391603438136377,-0.02178931225832096,-0.023587343831489468
2010-11-24,-0.0015960760426557696,-0.0033393652166515686,1.7203895131440496,0.36759441806708953,0.6324055819329104,0.004148932856629596,0.004575373677096551
2010-11-26,-0.03011918572762151,-0.007720864882686196,1.719601808123287,0.3677008880539277,0.6322991119460724,-0.016842372515078738,-0.018578865992188554
2010-11-29,0.016969508429202085,0.002715959068677831,1.7471602601281542,0.36401225458661457,0.6359877454133854,0.012224292676273507,0.013349377013450875
2010-11-30,0.0381979785393074,0.013909224011713128,1.7471654574779623,0.36401156591348927,0.6359884340865108,0.013896262805719171,0.015175201152765643
2010-12-01,0.007202449039751313,0.00166068507445849,1.7749797576247615,0.3603629890460708,0.6396370109539293,0.0042547666487979235,0.004599781281763061
2010-12-02,0.00542480364817699,0.0008649543210847987,1.786637379358059,0.35885544614002274,0.6411445538599773,0.0038794439266896163,0.004176478743262211
2010-12-03,0.024490204239069335,0.012171425577286676,1.7884285459441127,0.35862493283342056,0.6413750671665794,0.0027224792918155404,0.0029290468595031816
2010-12-06,0.01586815479131576,0.007044275111771192,1.7858234574364673,0.3589602913747472,0.6410397086252528,0.00328832305607887,0.003541132207033112
2010-12-07,0.0014475430967366698,-0.004945947684942165,1.788113699010826,0.3586654304502655,0.6413345695497344,0.010291459906772635,0.011073572692272769
2010-12-08,-0.05123027773056288,-0.01831999427223885,1.7833385359679124,0.35928076555453853,0.6407192344454615,-0.01855952596616791,-0.02000424209236243
2010-12-09,0.02001837471925172,0.0069439244744575745,1.9112378922192277,0.3434964908476453,0.6565035091523548,0.006746883142959917,0.006952592051297592
2010-12-10,-0.007398636532911951,-0.005602993243735588,1.9193084353573349,0.3425468812710761,0.6574531187289239,0.003355235663039918,0.003447976536911447
2010-12-13,0.0357992969455323,0.009391027625120119,1.9190422235974864,0.34257812097270035,0.6574218790272996,0.017777518409956367,0.018270566557321313
2010-12-14,0.005405582701465184,0.0045086427665239626,1.9372714826804662,0.34045201674290926,0.6595479832570907,-0.0033288823557152524,-0.003399974134509434
2010-12-15,-0.017944164211310842,-0.012895394628645196,1.9359127455396379,0.34060957755615934,0.6593904224438406,0.007020194609046779,0.007173436560448353
2010-12-16,-0.016013700799950792,-0.010898574944740114,1.9273762644133454,0.341602824398251,0.658397175601749,0.00499195386447129,0.00511579661810747
2010-12-17,0.012379625852708909,0.005983618670308388,1.942994176564906,0.33979000297146716,0.6602099970285328,0.0007534896215146639,0.0007680847222003122
2010-12-20,0.007625397866571015,0.005005095412924154,1.9417444440908074,0.3399343549398852,0.6600656450601147,-0.002093218343618846,-0.002134670482159224
2010-12-21,0.0013976603882916994,0.0019487197198664319,1.9386744015806527,0.3402894854435457,0.6597105145564542,-0.0023802726484687727,-0.002429945264288353
2010-12-22,-0.0003063341168941802,-0.0010084299041850375,1.9379744276951363,0.340370559584655,0.659629440415345,0.001647977249539479,0.0016827688158255992
2010-12-23,-0.0019409920239094047,-0.004903409712071483,1.9451685750470553,0.3395391382593517,0.6604608617406483,0.007596966458592572,0.0077384023342071655
2010-12-27,-0.0025588146351884777,0.001739148126132184,1.9412671503484042,0.3399895177429042,0.6600104822570958,-0.00593496576203887,-0.006053478441768729
2010-12-28,0.036326329826795734,0.01649300228237216,1.9384996026255632,0.3403097278306573,0.6596902721693427,0.0043546514563147926,0.004445790755687594
2010-12-29,0.012608507717720263,0.005621993088936739,1.9440423649686873,0.3396690251129032,0.6603309748870968,0.0016791149772660708,0.0017110300421413222
2010-12-30,-0.0062257563617246214,-0.005307480100188999,1.9421701906933633,0.33988516475463854,0.6601148352453615,0.004082273276560678,0.004162512375531854
2010-12-31,0.013841477486961962,0.011027319485786613,1.956742031940267,0.3382100938118643,0.6617899061881357,-0.007736142050510635,-0.007849323985935332
2011-01-03,0.006017496761333119,0.0010555203896767118,1.9414753010457264,0.3399654587085906,0.6600345412914094,0.003968229995025623,0.004047183391560222
2011-01-04,-0.051582198897643816,-0.030999561607453097,1.9338787269854998,0.34084571758270304,0.6591542824172969,0.008367193840886154,0.008555766566551236
2011-01-05,-0.0108165006737031,-0.003699655847615113,1.9102599473727742,0.34361191717693335,0.6563880828230667,-0.003749196288940478,-0.0038648055741464446
2011-01-06,-0.0021595216335947853,-0.001456239962463468,1.9186614718612622,0.34262281173783715,0.6573771882621628,0.0006345098761685614,0.0006521926735448989
2011-01-07,-0.01542429758988717,-0.002114645152716532,1.9183000520231739,0.3426652442084318,0.6573347557915683,-0.011367773683420495,-0.011686022836006402
2011-01-10,0.006629236199389599,0.003799745101844998,1.9304306830638387,0.34124676818988087,0.6587532318101191,-0.0007059083330335156,-0.0007226668118579813
2011-01-11,0.022148277102435276,0.007498033918788671,1.9232176418521716,0.34208879478655335,0.6579112052134466,0.0077279259906149304,0.007930910664987427
2011-01-12,0.0014242053991355696,0.0012282884189849241,1.927014988781135,0.34164498775471563,0.6583550122452844,-0.0009427247947946618,-0.0009662316029210674
2011-01-13,-0.009481199485405933,0.0008660411954064529,1.9265260355190046,0.34170206854922275,0.6582979314507772,-0.011149650396188466,-0.01142957581193478
2011-01-14,-0.03223713822597929,-0.01910736140566127,2.0109230312336397,0.3321240661506643,0.6678759338493357,0.006186294890769731,0.006163852240588574
2011-01-18,0.020912044001412555,0.005660063976543617,2.0098624846909354,0.33224109243737887,0.6677589075626211,0.009536093754006946,0.009504846619249599
2011-01-19,-0.0037714700470491413,0.001534957695645156,2.004172077189345,0.332870412980998,0.6671295870190019,-0.006847789400328064,-0.00683827945708231
2011-01-20,-0.046297589315879795,-0.01729670998134647,2.002654062142705,0.3330386981996842,0.6669613018003159,-0.011658262810032016,-0.011647958008568562
2011-01-21,-0.0015659444317560611,-0.004084663943557332,2.0449494225213294,0.3284126798966544,0.6715873201033457,0.006786986740815201,0.00668679751192254
2011-01-24,-0.0035745393728068287,0.0026099925428784143,2.0429750528014186,0.3286257634874074,0.6713742365125926,-0.008906689025905166,-0.008780902443848994
2011-01-25,-0.018559190085529753,-0.009073968889456996,2.045735883655847,0.32832787812175085,0.6716721218782491,3.7536788092158713e-06,3.6973121957453725e-06
2011-01-26,0.011972665534394134,0.0005253705218211113,2.076007493661547,0.3250967372675816,0.6749032627324184,0.010881992394144628,0.010613100666921173
2011-01-27,-0.003206541843075783,-0.01095271986942048,2.071578040029743,0.3255655519630934,0.6744344480369066,0.01948287211701312,0.019028856043805217
2011-01-28,0.03287113834191069,0.01691438588050942,2.0509816070855384,0.3277633656255482,0.6722366343744518,-0.0018199559941614596,-0.0017895447058102545
2011-01-31,0.008591672191131439,-0.005146492574806927,2.0408619481138803,0.3288541265808723,0.6711458734191277,0.019094953053305525,0.018838362325342646
2011-02-01,0.012422814798165982,0.004348422961079068,2.04961171102245,0.3279105980560154,0.6720894019439846,0.0035102361726594058,0.0034531309280838116
2011-02-02,-0.007888107563656321,-0.006046562954283852,2.0897896167269554,0.32364663101538604,0.676353368984614,0.004747936915091936,0.004609961360529269
2011-02-03,0.015336231617193663,0.015621516205876818,2.0838310392040134,0.3242719809507191,0.6757280190492809,-0.01721636873204096,-0.016748357980550833
2011-02-04,0.011519833525033052,-0.0029579234308734215,2.0199941773490786,0.3311264662363655,0.6688735337636346,0.017494821632441773,0.017378995393757903
2011-02-07,0.009771552600468913,-0.0005192265941070806,1.9755240357441235,0.3360752553121012,0.6639247446878989,0.01079729721712501,0.010886113256777782
2011-02-08,0.03145019589513187,0.011724583789232579,1.9088538438665925,0.34377801487294757,0.6562219851270525,0.009069679061319325,0.009353868789705285
2011-02-09,6.609655187705954e-05,0.0010268625414351362,1.9148911591340174,0.343065982709656,0.656934017290344,-0.0019002334503629716,-0.0019557163680795995
2011-02-10,-0.006011994502692852,-0.0021248712707422346,1.8911023306564154,0.34588882911417157,0.6541111708858285,-0.0019936454902473536,-0.0020687391128712176
2011-02-11,-0.003289987861577637,-0.0014685365769491199,1.8933516337526066,0.34561993375932126,0.6543800662406787,-0.0005095317343855603,-0.0005283129728598274
2011-02-14,0.017904732541928592,0.0034561005129034594,1.9217107212123001,0.34226523274182047,0.6577347672581796,0.011263107132694685,0.011564909952503413
2011-02-15,0.005371989532917398,0.006595339411563206,1.9303556316159642,0.3412555081065513,0.6587444918934486,-0.007359361042612356,-0.007534267475808717
2011-02-16,-0.0020526384211954074,0.0008007976161097385,1.8546622918481834,0.35030413329647264,0.6496958667035274,-0.003537847563196057,-0.0037179678730812965
2011-02-17,0.030754207266842748,0.0072743146542453285,1.8561634267624982,0.35012002136499387,0.6498799786350061,0.017251890450870083,0.018120696759735506
2011-02-18,0.022995053229899698,0.0025276234010394028,1.8772478522784513,0.34755434753669706,0.652445652463303,0.018250077628929724,0.019028681468450225
2011-02-22,0.017524245201244737,0.00886043024114902,1.96242785712684,0.33756096290893867,0.6624390370910613,0.00013629006988481393,0.0001380186216757319
2011-02-23,0.013327645645436537,0.009211013505221244,1.9601312570764857,0.33782285755383357,0.6621771424461663,-0.004727149835501269,-0.004790817796542517
2011-02-24,-0.0036933905114124865,0.0013442934634517734,1.9168435436135292,0.34283635205238017,0.6571636479476198,-0.006270190757551888,-0.006448947977974918
2011-02-25,-0.008469273861201554,-0.004663391103331693,1.9115261330438216,0.34346248472602975,0.6565375152739703,0.0004449201014210379,0.00045844009061588205
2011-02-28,0.027539731213299445,0.00042599394977682614,1.8862590537385375,0.3464692466550124,0.6535307533449877,0.026736196268695066,0.027789809338906003
2011-03-01,0.0181043514450574,0.015184773719084665,1.8863582179176868,0.34645734330281175,0.6535426566971881,-0.010539571247158475,-0.010954535561523683
2011-03-02,0.011884018839390276,0.004543230741481441,1.8467378566025137,0.3512792713528834,0.6487207286471167,0.003493862637816191,0.0036819645648574033
2011-03-03,-0.014702111310289645,-0.014750871063270554,1.8485086430366633,0.3510608972328573,0.6489391027671426,0.01256500134248539,0.01323324193507493
2011-03-04,0.02926009458421497,0.008615784725900522,1.8168371053156829,0.35500810398758575,0.6449918960124142,0.013606617202786792,0.014491378124538611
2011-03-07,0.015233405414046386,0.0041310913147849515,1.8439794190591312,0.3516199847644566,0.6483800152355433,0.007615758051329008,0.00803355818993428
2011-03-08,-0.005633793526302777,-0.00502053643012812,1.7654467216199143,0.36160523078681134,0.6383947692131886,0.0032296960550402595,0.0035036249620622618
2011-03-09,0.010938753849149663,0.0016819849835296719,1.758464635976596,0.36252050758880366,0.6374794924111964,0.007981042737369057,0.008679874992716899
2011-03-10,-0.02716200403536828,-0.01196396632762331,1.7590419124941794,0.36244465713679497,0.6375553428632049,-0.006116885825409809,-0.00665109775720674
2011-03-11,0.024783239265968815,0.006585504283871169,1.7508850374370062,0.3635193715444023,0.6364806284555977,0.01325277835136148,0.014452924972512554
2011-03-14,-0.0030055352551376924,0.0021807777600686418,1.7700527095680414,0.36100396087984143,0.6389960391201586,-0.006865626838312915,-0.007435555447661716
2011-03-15,-0.047704105998429,-0.022462445983714385,1.7724416625435828,0.36069289158010553,0.6393071084198945,-0.007890730894258853,-0.008538391628792094
2011-03-16,0.010405660994453392,0.002441493949209672,1.8232373478063877,0.3542033052151937,0.6457966947848062,0.005954238041811006,0.006327032383342505
2011-03-17,-0.0061211553405429164,0.005730659025787954,1.825992456584153,0.3538579863050041,0.6461420136949959,-0.016585295492887613,-0.017606517796160008
2011-03-18,0.02335093668860444,0.008475800864716776,1.8084014667518689,0.3560744472750103,0.6439255527249896,0.008023285972953865,0.00857066135444667
2011-03-21,0.026868154340512707,0.00727447318328478,1.819268617862184,0.35470192292577196,0.6452980770742281,0.013633933566682684,0.01450794735943373
2011-03-22,0.00747183532272877,0.0009115473794938378,1.8342277192442895,0.35282980023448407,0.647170199765516,0.00579984985185668,0.006139079593861782
2011-03-23,0.02566788228086736,0.007285481200744348,1.839340702684688,0.35219443691786184,0.6478055630821381,0.012267400169694166,0.012961530285634558
2011-03-24,0.004999753391027095,-0.002155904814871046,1.8538626330303394,0.35040228931347056,0.6495977106865294,0.008996504767686719,0.009457187599250936
2011-03-25,-0.00882641025850317,-0.006063613706518423,1.8409384852421675,0.3519963579622379,0.6480036420377621,0.0023363295734685,0.0024671385025811423
2011-03-28,0.0010524439056869284,-0.004417591238807805,1.8426051103431131,0.3517899817886756,0.6482100182113244,0.009192320097721154,0.009701298359319006
2011-03-29,-0.0032347341156939713,-0.002676467599266208,1.8372007234679797,0.3524600821254816,0.6475399178745184,0.0016824740940165122,0.0017790148720531669
2011-03-30,0.014170923645293598,0.005508509059410249,1.8607035710793716,0.34956435546472586,0.6504356445352742,0.003921221167125878,0.0041121574497629924
2011-03-31,0.009893128255248795,0.01060540459902759,1.8613586477053612,0.3494843265460414,0.6505156734539586,-0.009847333307565417,-0.01032446594780671
2011-04-01,-0.003564695034749432,-0.007505767353449655,1.8517470352168253,0.35066223884895437,0.6493377611510456,0.010334087409028204,0.010871322681931863
2011-04-04,0.019794940181114384,0.0028709303662408647,1.8279411263481427,0.3536141508332419,0.6463858491667581,0.014547048493780973,0.015432126600775052
2011-04-05,0.017955463480152867,0.013685308144447683,1.8326709502934244,0.3530237071469293,0.6469762928530706,-0.007125203201990411,-0.007546096945625476
2011-04-06,0.005335025854737996,0.0040638532479126965,1.787146653608161,0.3587898751956336,0.6412101248043663,-0.0019276758780238362,-0.0020748917630814163
2011-04-07,0.004011805570151683,0.0005488432838882673,1.7855466909039943,0.358995956975135,0.6410040430248649,0.003031820260780106,0.0032652336476860725
2011-04-08,0.026756326491472082,0.010215992056265,1.7768041888899748,0.3601262213594359,0.639873778640564,0.008604509012233724,0.009296127951686831
2011-04-11,9.856200940960846e-05,-0.0040722138594955215,1.7887799636083386,0.35857974205541937,0.6414202579445806,0.0073828565688033795,0.007942028412221023
2011-04-12,-0.013446986333737199,-0.009881422760497749,1.7836350001308134,0.35924250124495716,0.6407574987550428,0.004177865152975826,0.004502600182257543
2011-04-13,0.004418641945634683,0.001376557207235729,1.771747091774753,0.3607832774380937,0.6392167225619063,0.0019797307170532036,0.002142761209629966
2011-04-14,0.035441746392747886,0.011547134838064466,1.7630164364584309,0.3619232903593496,0.6380767096406504,0.015083957879238472,0.01637770700188748
2011-04-15,0.021723016952104324,0.009241080456257711,1.794180161618358,0.3578867296161788,0.6421132703838213,0.005142853725567616,0.005521677302213323
2011-04-18,0.009185707441428548,0.004712852467434248,1.692732324842372,0.37136999870885357,0.6286300012911464,0.001208109727589465,0.00134596712392516
2011-04-19,0.02239444024111714,0.001474201634988015,1.6911049335502795,0.3715945772061498,0.6284054227938501,0.019901410583141023,0.022185768754344852
2011-04-20,0.012432010069918675,0.0025426890787052514,1.692623615093766,0.37138499209261994,0.62861500790738,0.008128194489461156,0.009056068338587426
2011-04-21,0.03591589152344499,0.003270307804890127,1.6663731582934809,0.37504127915839625,0.6249587208416039,0.030466338378018404,0.03427840354969368
2011-04-25,0.02364206277215075,0.0035923527072048156,1.6781151705655788,0.37339693639419347,0.6266030636058066,0.017613681196168025,0.019730683791819463
2011-04-26,-0.044389350723992305,-0.0037120347849418645,1.7223117139449782,0.36733486282174205,0.632665137178258,-0.0379960697313157,-0.04187184318755459
2011-04-27,0.020107463084857224,0.00911507063997008,1.8116044272539495,0.3556688097040324,0.6443311902959676,0.0035945607587549375,0.0038354194394255754
2011-04-28,0.033852574451703754,0.009296563664656032,1.841096111282739,0.3519768289530007,0.6480231710469994,0.016736707240413123,0.017672799424786015
2011-04-29,0.022390554835349574,0.01646194824148739,1.8692961547957538,0.34851752696513943,0.6514824730348606,-0.008381701712909525,-0.008763509858228106
2011-05-02,-0.051580778397996685,0.000449840084752573,1.8110694929755133,0.3557364919290918,0.6442635080709082,-0.05239547005220959,-0.05591694212804648
2011-05-03,-0.07600154018467153,-0.010663567872178037,1.9225637669479925,0.34216533144947975,0.6578346685505202,-0.055500150967231335,-0.05697068265359663
2011-05-04,-0.07499532077781623,-0.016362542413707604,2.1838720522077555,0.3140829730599826,0.6859170269400174,-0.039261621697456166,-0.03699422060968007
2011-05-05,-0.08003454469321392,-0.0224437252967572,2.4037969012757645,0.29378956177590787,0.7062104382240921,-0.026084387371784472,-0.02298996220544875
2011-05-06,-0.026165385256427864,0.006955180355195045,2.5545693472570803,0.28132803226125275,0.7186719677387473,-0.04393287579645374,-0.03707864849818304
2011-05-09,0.05178130021027694,0.007846079416105711,2.4953613700617385,0.28609345190032154,0.7139065480996785,0.03220249672889018,0.027638770346931015
2011-05-10,0.03691724358265347,0.009115676990700816,2.5457267528095158,0.28202962882225296,0.7179703711777471,0.013711220797456264,0.011600911536619633
2011-05-11,-0.07720895807510852,-0.010220229625159782,2.5713648119208727,0.2800049988346461,0.7199950011653539,-0.05092901924722141,-0.042781139924903705
2011-05-12,-0.02016389157789722,0.0036639798077759966,2.7089323775496528,0.26961936703215417,0.7303806329678458,-0.03008936510986977,-0.02433802672596741
2011-05-13,0.006265694936483435,-0.008761417354159584,2.707908826370656,0.2696937942184548,0.7303062057815451,0.029990814321329214,0.02426500951806134
2011-05-16,-0.02519208047484378,-0.002008838858280515,2.6329416328913005,0.27525903277563624,0.7247409672243638,-0.019902925011107186,-0.01643537966389015
2011-05-17,-0.0187817581719677,-0.00711216815103366,2.629587683381083,0.27551338808502523,0.7244866119149748,-7.968839987437804e-05,-6.586566312139289e-05
2011-05-18,0.0479575626307287,0.010677068682572788,2.6209268405382615,0.27617238459624527,0.7238276154037547,0.019973746742303185,0.01654859180143007
2011-05-19,-0.004758751443799891,-0.0022733514773765062,2.674995517180823,0.27210917546019864,0.7278908245398014,0.0013224535671586641,0.0010795552492318282
2011-05-20,0.00443790197427818,0.011124579948694757,2.6916436673953505,0.27088204878277233,0.7291179512172277,-0.025505503197059357,-0.02072694888376497
2011-05-23,-0.005159333905722763,0.004308059245523355,2.6373979537845718,0.27492180198747257,0.7250781980125274,-0.016521400544648762,-0.013626279627274949
2011-05-24,0.034955943149743485,0.005213424463266891,2.634202293362808,0.2751635487728114,0.7248364512271886,0.021222728472332072,0.017519163843266038
2011-05-25,0.04205312906891123,0.00223215895683726,2.660159146740184,0.27321216370895274,0.7267878362910473,0.036115231002902565,0.029601361215454987
2011-05-26,-0.008342167404809975,-0.0024891437302387853,2.7374709270302895,0.26756060970742523,0.7324393902925748,-0.0015282088100815744,-0.0012266654429570548
2011-05-27,0.014225961178306656,0.008865247942688947,2.7373784394989507,0.2675672309315469,0.7324327690684531,-0.010041577400822496,-0.008060391177968624
2011-05-31,0.011781255211490205,-0.0002603816971610273,2.8276819146899697,0.26125472865500554,0.7387452713449945,0.012517531827468722,0.009810793143047211
2011-06-01,-0.016030133547762948,0.0042320462899136935,2.809879450973921,0.26247549636888634,0.7375245036311137,-0.027921673453361856,-0.02198626529736333
2011-06-02,-0.03950750737984876,-0.006742754311102495,2.786472722960035,0.2640980334907208,0.7359019665092792,-0.02071900641434048,-0.016415546549726857
2011-06-03,-0.00035912950296290713,0.006331560817150805,2.8394891248535625,0.26045131721479736,0.7395486827852026,-0.018337527586611554,-0.01432809964318699
2011-06-06,0.016276582679796592,0.003113477965979383,2.8192323773988335,0.2618327195584445,0.7381672804415556,0.0074989647917896515,0.0058904230359219266
2011-06-07,0.007178592885427992,-0.0020691569168282964,2.857273938306155,0.25925044889063026,0.7407495511093697,0.0130907410181474,0.010181341455797098
2011-06-08,-0.011366129155512161,-0.003369450578412203,2.8304179000474643,0.2610681200052894,0.7389318799947107,-0.001829175925048979,-0.0014326185597344204
2011-06-09,0.02195583893287223,0.0026006111848979607,2.8303969504608752,0.26106954786492287,0.7389304521350771,0.014595076965802598,0.011430990433547505
2011-06-10,-0.029313526767762,-0.008754296228343117,2.972117494195566,0.2517548892904841,0.7482451107095158,-0.00329472979813316,-0.0024883930067132187
2011-06-13,-0.04377030620595568,-0.008897014132637548,2.9709293528718352,0.25183021684250945,0.7481697831574905,-0.017337905766387232,-0.01309862570623288
2011-06-14,0.01940349450692813,0.005808613087871395,3.0371353390697844,0.24770039050274065,0.7522996094972593,0.0017619504267706552,0.0013093074262726847
2011-06-15,-0.00011300811773184982,0.0011812092795224771,3.041937250410671,0.2474061169302907,0.7525938830697094,-0.0037061726256420236,-0.002750789333950299
2011-06-16,0.004151928519943393,0.002425323349108277,3.0278313117603077,0.2482725622297633,0.7517274377702369,-0.003191541457630024,-0.0023771165254449595
2011-06-17,0.0052315416964323624,0.0060811655403651965,3.0284886675699116,0.24823204991246153,0.7517679500875385,-0.013185199228180292,-0.0098189670987462
2011-06-20,0.009121694174386352,0.0018848462628877627,3.0018620470218034,0.2498836762112284,0.7501163237887716,0.003463645713352697,0.0025965255718375033
2011-06-21,0.00854020473179018,0.002919234511839175,3.0182527754708435,0.2488643835709972,0.7511356164290028,-0.0002707829358186836,-0.00020216468521218507
2011-06-22,0.009924945705091393,0.004463146451528122,3.0493404635634827,0.2469537963029131,0.7530462036970869,-0.003684707364363082,-0.002729857415684293
2011-06-23,-0.04706811229295349,-0.021121803279320006,3.082704750350527,0.24493566425888216,0.7550643357411179,0.018044171012175633,0.01325898303860431
2011-06-24,-0.010398577822491761,-0.012893872706222775,2.9612507996986213,0.25244551546094524,0.7475544845390547,0.02778341304002266,0.0210413940784586
2011-06-27,-0.030628360751597028,-0.0029990003332223125,2.849313032542073,0.25978661427273,0.74021338572727,-0.022083270017548673,-0.01721081384978838
2011-06-28,0.0015782485473934127,0.002473229392964571,2.9096526548991917,0.2557771976870883,0.7442228023129117,-0.005617989922020668,-0.0043108611566662495
2011-06-29,0.03321144706363133,0.006801409331391284,2.9559658315854485,0.2527827697640214,0.7472172302359785,0.013106713473412263,0.00993945400293771
2011-06-30,0.0017841805657037302,-0.005033429672859802,2.9741188491243005,0.2516281062455771,0.7483718937544229,0.01675419863149763,0.01264748181991796
2011-07-01,-0.032115363141928976,-0.013312919756343633,3.008745665951276,0.24945458837501477,0.7505454116249853,0.007939826476127052,0.005941878436113952
2011-07-05,0.05069152284470846,0.020238817386343255,2.9732550973719536,0.2516828080486033,0.7483171919513967,-0.009483644114016747,-0.0071606105434480205
2011-07-06,0.014377686704333037,0.010844344253283733,2.944039284734655,0.25354717025017603,0.746452829749824,-0.01754848879452077,-0.013348109028052987
2011-07-07,0.017181381523590833,0.00098122590953853,2.910518808804205,0.2557205447391236,0.7442794552608765,0.014325505058192928,0.010989977871432497
2011-07-08,0.00021899420150983673,0.007188603026405671,2.9286885585967406,0.25453786552049384,0.7454621344795062,-0.020834185234218355,-0.015909267118129594
2011-07-11,-0.023182618194172666,0.004931285944092645,2.9519088939923606,0.2530422706657501,0.7469577293342499,-0.03773932503135926,-0.02864893349798378
2011-07-12,-0.0016811219137256028,0.008458145127157923,2.921002602263137,0.25503681110102217,0.7449631888989778,-0.026387385840473166,-0.02018926421413963
2011-07-13,0.070700751579589,0.014917681281523265,2.86650048845816,0.25863180490603505,0.741368195093965,0.027939210899439404,0.02167790562771714
2011-07-14,0.014181618514461869,0.0023972047345293124,2.9714137493274246,0.2517995009130827,0.7482004990869173,0.007058531406328671,0.005332004055878636
2011-07-15,0.009666844769356642,0.0005034920252517949,2.9751538702593514,0.2515625891821785,0.7484374108178216,0.008168878521784044,0.006164952694964044
2011-07-18,0.03251159579892082,0.007736775934105156,2.9713847727629576,0.25180133812727584,0.7481986618727242,0.009522657598041856,0.007193453777144428
2011-07-19,-0.003024859231779198,-0.0007489864491360132,2.989716725487549,0.2506443611927858,0.7493556388072142,-0.0007856019176337298,-0.0005907200723914013
2011-07-20,-0.016537691802124055,-0.0026235699782218846,2.9727313441530843,0.2517159891699604,0.7482840108300396,-0.008738523094284835,-0.006598877953687351
2011-07-21,-0.015399816355120888,-0.006200227122499791,2.965132818119632,0.2521983615353964,0.7478016384646037,0.002984680565598693,0.002258194645051592
2011-07-22,0.030202601110736582,0.00913788729128684,2.9218003731579443,0.2549849316258726,0.7450150683741275,0.003503518613179459,0.0026800333620946096
2011-07-25,0.006008055627460873,0.006682040120904009,2.940550213929214,0.2537716678409934,0.7462283321590066,-0.013640818879547,-0.010384960073338664
2011-07-26,0.00835113742807514,0.002853582869688287,2.907083658375491,0.255945377022151,0.744054622977849,5.553329978408121e-05,4.2640474051564535e-05
2011-07-27,-0.003391425176682006,-0.000989716448163147,2.9891616376737637,0.2506792381025551,0.7493207618974449,-0.00043300273765799245,-0.0003256343891172783
2011-07-28,-0.019086184706481935,-0.0009906969572368585,2.9852321279241227,0.25092641228928675,0.7490735877107132,-0.016128724320701796,-0.012141368785789995
2011-07-29,0.007868466543266006,0.009235170564394712,2.8738416579627297,0.258141681641656,0.7418583183583439,-0.018671951343082693,-0.014460026757703633
2011-08-01,-0.019804418262934997,-0.005711508044735525,2.723028293790141,0.26859854964517976,0.7314014503548203,-0.004251820256910158,-0.00342609826307419
2011-08-02,0.01992470200407981,0.014144548742472285,2.6059056960625546,0.2773228376693111,0.7226771623306889,-0.01693465813216316,-0.014089102344513486
2011-08-03,0.04156583700342842,0.013094585346432819,2.6178071581831848,0.276410531649837,0.723589468350163,0.007286737750095945,0.006042393166490873
2011-08-04,-0.055788494704637204,-0.00432852779638726,2.5891002672326016,0.2786213606595773,0.7213786393404227,-0.0445815022302872,-0.037264076434951804
2011-08-05,-0.030975713990410658,-0.004468000580795883,2.6268218786139577,0.27572349386569944,0.7242765061343006,-0.019239072311116164,-0.015913992709067355
2011-08-08,0.030813990532815305,0.03723914393827776,2.4884624409827385,0.2866592422644198,0.7133407577355803,-0.06185422049193892,-0.053193251931226676
2011-08-09,-0.038020054529999014,0.017424891637790818,2.0414309327489804,0.3287926052281436,0.6712073947718564,-0.07359176731918424,-0.07258928670065382
2011-08-10,0.03822905466568005,0.023735660246048784,1.8778525978542675,0.34748131323529285,0.6525186867647071,-0.006343016589148917,-0.006612239202812155
2011-08-11,-0.017012142911118855,-0.01824510139175095,1.8471921548212773,0.3512232212029158,0.6487767787970842,0.01669006524364227,0.0175858154308766
2011-08-12,0.011511887673265386,-0.004917713527062717,1.7662780974062655,0.36149655413807674,0.6385034458619232,0.02019793736543478,0.021904454274904128
2011-08-15,0.005038198190006726,0.008792121168502254,1.688471331649205,0.37195858785169345,0.6280414121483067,-0.009807046347395439,-0.010943445331119947
2011-08-16,0.013308534921544712,0.015323283630910067,1.681278960846152,0.3729563445664088,0.6270436554335913,-0.012454179458182616,-0.013934595735893542
2011-08-17,0.013284431329316782,0.0049371222157077455,1.6763323692187204,0.37364566953689754,0.6263543304631025,0.005008173548337038,0.005613847075876118
2011-08-18,0.008351965632743541,0.015464534388840878,1.6817837036064418,0.3728861498618281,0.6271138501381719,-0.017656036286270452,-0.019751074177824353
2011-08-19,0.04279010783291315,0.016493484852013296,1.636633382609174,0.3792715386962197,0.6207284613037802,0.01579631992854946,0.017973283695116134
2011-08-22,0.02104736759104231,0.021526273044658373,1.6853509060504646,0.3723908103581035,0.6276091896418965,-0.015231956188662368,-0.01701672152530533
2011-08-23,-0.024006854321022453,-0.01609567593036043,1.6493370389184558,0.37745291947008447,0.6225470805299155,0.0025403401573492815,0.002876576426515738
2011-08-24,-0.07388654160024033,-0.05607279260843678,1.629786701469467,0.3802589766847715,0.6197410233152286,0.017500150107245357,0.019963767514833045
2011-08-25,0.040427002136335544,0.0032495714734182,1.51296208034951,0.3979367646729142,0.6020632353270857,0.03551052371966832,0.04239282876253678
2011-08-26,0.005080925606196551,0.019490809072685966,1.520522773124618,0.39674309260865326,0.6032569073913466,-0.024555293455446377,-0.029226429196280462
2011-08-29,-0.009915213419775082,-0.003177053257588658,1.457410111287971,0.40693248367724943,0.5930675163227505,-0.005284943878064986,-0.006451846015187577
2011-08-30,0.02113905517530812,0.021415749404477324,1.4624875512209172,0.4060934234994177,0.5939065765005823,-0.01018121172880674,-0.01240356937897066
2011-08-31,0.0072709433087390085,0.0009854102349815541,1.4468799144044084,0.408683725798374,0.5913162742016261,0.00584517303229567,0.007166481278324321
2011-09-01,-0.005204030356203426,-0.0013672409078480108,1.451159332031229,0.40797021512727166,0.5920297848727284,-0.0032199459536449357,-0.003940926130220137
2011-09-02,0.03707637220639537,0.026122645767729935,1.448944722240198,0.4083391474370395,0.5916608525629604,-0.0007738975097071679,-0.0009480379479524167
2011-09-06,-0.027940484693549594,-0.0020280337603872933,1.4524967704442686,0.40774773367748435,0.5922522663225157,-0.024994772206235104,-0.030574685162632016
2011-09-07,-0.005882686704241413,-0.029787727961360533,1.4478153256252422,0.4085275508864507,0.5914724491135493,0.03724444235377192,0.04564614245675411
2011-09-08,0.021817606225081,0.022158568142514046,1.3090260159658802,0.43308303721372043,0.5669169627862795,-0.007188535950022636,-0.009339698947067456
2011-09-09,-0.021328143977678793,0.0010785159478370332,1.2965771669143682,0.4354306114362264,0.5645693885637736,-0.022726523129797296,-0.02968747158668154
2011-09-12,-0.03389219766761453,-0.02504848060141396,1.3005586694453424,0.43467702575092204,0.565322974249078,-0.0013151790650121273,-0.0017150343729280468
2011-09-13,0.023877093885391165,0.009337545823578708,1.3005470521344593,0.43467922078454985,0.5653207792154501,0.011733176190365445,0.015300503651267658
2011-09-14,-0.015903492234058403,-0.0018064641668046333,1.307269126785352,0.43341281187828734,0.5665871881217127,-0.013541957400150682,-0.017607773505405863
2011-09-15,-0.02510570092148845,-0.024677817384151313,1.3123606102485463,0.4324584995817387,0.5675415004182613,0.0072804945603785545,0.009445535261382955
2011-09-16,0.03366028298937751,0.018892311265638284,1.2948129477844752,0.43576536421648177,0.5642346357835182,0.009198273749054554,0.012024867331258987
2011-09-19,-0.04097490724002095,-0.01970087282868127,1.3063775365943764,0.43358035886727003,0.5664196411327299,-0.015238129525329231,-0.019820861004174573
2011-09-20,0.02482742664876647,0.01700064780275845,1.2977504878066584,0.43520826360679415,0.5647917363932059,0.0027648276697074953,0.0036098275479162535
2011-09-21,0.008457794874537905,-0.0006088650508150328,1.3105967593542607,0.4327886274191212,0.5672113725808788,0.009255771437020154,0.012017377847799179
2011-09-22,-0.09604156717812429,-0.03672115692502076,1.296260510033168,0.4354906578023918,0.5645093421976082,-0.04844138157348888,-0.063287307378886
2011-09-23,-0.17754113317750053,-0.05847513456020359,1.4173796267380723,0.41367106305490176,0.5863289369450981,-0.09465966878110062,-0.11747389743930839
2011-09-26,-0.004126336789486262,-0.027480916030534375,1.701493691439649,0.37016558771495467,0.6298344122850454,0.0426322684714507,0.04734299614306884
2011-09-27,0.05246097812753514,0.03648350115286503,1.638634489759594,0.37898390394006787,0.6210160960599321,-0.0073221451687333974,-0.008324925483787493
2011-09-28,-0.04482968751807237,-0.02078027824133255,1.6276912516911577,0.38056221382797895,0.619437786172021,-0.01100581041694726,-0.012565186731733444
2011-09-29,0.012863588146073468,-0.0004949878141159436,1.6163028081519206,0.38221875422224943,0.6177812457777505,0.013663638340030048,0.015667496473408947
2011-09-30,-0.01414412424956668,0.0030331317945295755,1.614548362022467,0.38247523531232613,0.6175247646876738,-0.019041262220222673,-0.021848433744970117
2011-10-03,0.023601066047937547,0.021969868581562357,1.613301961908992,0.3826576547891578,0.6173423452108421,-0.011842966037579727,-0.013595404829063715
2011-10-04,-0.031056908088001767,-0.02493964301215279,1.6079787360746025,0.38343870913040856,0.6165612908695915,0.009045507560831473,0.010405193227663714
2011-10-05,0.01751969651935603,0.01585439922610421,1.5972340620974599,0.3850249827666381,0.6149750172333619,-0.007803489958669221,-0.009013615760568753
2011-10-06,0.0545238614873671,0.00707186200123866,1.5983302982587844,0.38486254063624187,0.6151374593637581,0.04322069018568235,0.04990207389874078
2011-10-07,-0.031654649733642404,-0.010533339885526294,1.5793784701379987,0.38769029499827495,0.612309705001725,-0.015018519499796323,-0.01746760276594014
2011-10-10,0.03184960447068019,0.021474442083779355,1.584059953371826,0.38698792522021175,0.6130120747797884,-0.002167199255237312,-0.002516039829969223
2011-10-11,0.0005947626967892639,-0.005929578676825309,1.586004831048728,0.38669688006516995,0.6133031199348301,0.009999103124317728,0.011599865944870676
2011-10-12,0.024747435778777138,0.013014459415389368,1.574274591549807,0.38845894811787096,0.6115410518821289,0.004259102998373499,0.0049634600120215255
2011-10-13,-0.034224892895805104,-0.008326889664791337,1.579010095223806,0.3877456710433001,0.6122543289566998,-0.02107665005328481,-0.024517139454767176
2011-10-14,0.016027565478321737,0.008696695001113586,1.5845623841287944,0.3869126959909232,0.6130873040090767,0.002247109713316226,0.002608305832099714
2011-10-17,-0.01085871282094375,-0.0037460153675907826,1.5863767480109678,0.3866412736539802,0.6133587263460198,-0.004916121144105974,-0.00570232602178319
2011-10-18,0.0003145616296007514,-0.014204744152864768,1.5793272121359017,0.3876979994220722,0.6123020005779277,0.022748500611648414,0.02645864453096363
2011-10-19,-0.01726360102209079,-0.0034509604288787132,1.56168050178525,0.39036874399562876,0.6096312560043713,-0.01187430340787844,-0.013906070721469564
2011-10-20,-0.03154998193780201,-0.020716874596559798,1.5621827132664337,0.3902922281155884,0.6097077718844117,0.0008135614298522276,0.0009525801094977873
2011-10-21,0.02996760607964366,0.01439292190612651,1.5576564703539,0.3909829219017952,0.6090170780982048,0.0075483781452673135,0.008853860828568809
2011-10-24,0.014339348112995642,0.010029982667075554,1.5639122289962542,0.39002895211880556,0.6099710478811945,-0.001346664436664282,-0.0015757143572634955
2011-10-25,0.04471851739297428,0.029125023061421507,1.565946278763004,0.3897197724973735,0.6102802275026266,-0.0008897040889454047,-0.0010402058254013677
2011-10-26,0.007779862154021044,0.013591419109060476,1.567435208441979,0.38949376276834635,0.6105062372316536,-0.01352380669021146,-0.015802315064166593
2011-10-27,0.05418884487241726,0.013931619365098236,1.5615816758550771,0.39038380443840104,0.609616195561599,0.03243348335689211,0.03798451987215932
2011-10-28,0.004986443395742501,-0.00028625408712268374,1.5684254720983428,0.38934359235388816,0.6106564076461117,0.005435411597477977,0.006348728031852184
2011-10-31,-0.026453037854191175,-0.012598786287467134,1.5578456032889347,0.3909540117332249,0.609045988266775,-0.00682607402948358,-0.008006043078643759
2011-11-01,-0.04703385833883533,-0.007655696291432701,1.55539077450402,0.3913295805781766,0.6086704194218234,-0.03512625895473627,-0.041237832552112094
2011-11-02,0.03688652062585196,0.01034479904843666,1.6056286064171028,0.3837845491629986,0.6162154508370015,0.020276615346045634,0.023345555037400992
2011-11-03,0.016475525179991957,0.02053566321670508,1.6634599981309648,0.3754514806686535,0.6245485193313464,-0.0176847291160864,-0.019919273195576064
2011-11-04,-0.012120136863661313,-0.005044724288671643,1.6487709001947155,0.37753359489357435,0.6224664051064256,-0.0038025422569940223,-0.00430676234405304
2011-11-07,0.021778708144417847,0.0199396109077572,1.6612126761094188,0.3757685392743424,0.6242314607256575,-0.01134522625223805,-0.012789537289621233
2011-11-08,0.00933588303962063,0.004524367628342185,1.6583760902683642,0.37616949823644014,0.6238305017635599,0.001832779941193765,0.0020683077325700117
2011-11-09,-0.022455003032259224,-0.004170373608865741,1.6616816598602255,0.3757023295011596,0.6242976704988403,-0.015525169691641923,-0.017498527257152008
2011-11-10,-0.007365737603288847,-0.01786811076205641,1.6709865790417104,0.3743934948406882,0.6256065051593117,0.022491635672938163,0.025262166252824434
2011-11-11,0.016893978383942354,0.016260148495628624,1.6503994768012789,0.3773016138710089,0.6226983861289912,-0.009941762185954228,-0.011253128752446894
2011-11-14,-0.018978423432369218,-0.005426546110139818,1.655003832404858,0.3766472905970222,0.6233527094029779,-0.009997468823366145,-0.011296558635447172
2011-11-15,0.012789267840127572,0.0021936675872635814,1.6439842635679407,0.37821707707539226,0.6217829229246078,0.009182912847167192,0.01041940336828093
2011-11-16,-0.018404628753057595,-0.00443391286987127,1.657687360288977,0.376266981188964,0.6237330188110359,-0.011054587432049366,-0.012478428724040029
2011-11-17,-0.06864018460003496,-0.03044311563508839,1.6624211049411575,0.3755979841596475,0.6244020158403526,-0.018030906668099887,-0.02031711659132719
2011-11-18,0.029212782778833768,0.0028491116435824804,1.7468341712135038,0.36405546810210876,0.6359445318978914,0.02423585720222162,0.02646958901583197
2011-11-21,-0.04010728417383669,-0.0269031736866594,1.7444846549853503,0.3643671310690341,0.6356328689309659,0.006824889492946289,0.007460296213224103
2011-11-22,0.0589785922451902,0.014240542005845791,1.7586326586586127,0.36249842720496567,0.6375015727950344,0.03393470999670996,0.036903837004391954
2011-11-23,-0.0323540679816805,-0.0038185878195596823,1.7847345162658372,0.359100659024739,0.6408993409752609,-0.025538902496720035,-0.02751311015202215
2011-11-25,-0.02728815131002338,-0.006015186333422906,1.805657725627897,0.3564226637004353,0.6435773362995647,-0.016426783635986965,-0.01756463393870759
2011-11-28,0.037017952707322443,0.015010411645283384,1.808467967416979,0.35606601592103115,0.643933984078969,0.00987210406908465,0.010545362293910312
2011-11-29,-0.009545995273618546,0.00151974252497733,1.817812722722752,0.35488518876220265,0.6451148112377975,-0.012308602570785136,-0.013104422240196048
2011-11-30,0.027564070397947393,0.018734665068605327,1.8284732944810635,0.35354761947061936,0.6464523805293807,-0.00669176436104469,-0.007097572079717035
2011-12-01,-0.0010998533256956211,-0.00584356984925527,1.8224095270398164,0.3543071940551498,0.6456928059448501,0.009549524039509807,0.01015039520100276
2011-12-02,-0.002263383176222322,0.006742321698069542,1.895989346412708,0.3453051376859208,0.6546948623140791,-0.015046753285849413,-0.015587163645288938
2011-12-05,-0.009656314715288161,-0.009330308430523737,1.9131282849574374,0.34327358845256295,0.6567264115474369,0.008193762250523637,0.00843810651199319
2011-12-06,0.011329199898356679,-0.0016178002177191786,1.9109730090631354,0.3435277472125511,0.6564722527874489,0.014420772448474494,0.0148618064168678
2011-12-07,-0.003581065642284109,0.007523583434410952,1.93103056575496,0.3411769265334922,0.6588230734665078,-0.018109335218139337,-0.01853546199386852
2011-12-08,-0.03342040365601617,-0.017864308776952775,1.9194132902873275,0.34253457820683564,0.6574654217931644,0.0008685880322635356,0.0008925643058006888
2011-12-09,0.022436244413639006,0.0017545911301477535,1.9163666696983113,0.34289241143448085,0.6571075885655192,0.01907380445287556,0.019620788412228717
2011-12-12,-0.038479496995420526,-0.02837464751913188,1.9515271944509833,0.33880765248582134,0.6611923475141787,0.016894399271126466,0.01717185527162559
2011-12-13,0.008404727117195643,-0.0025837801249691816,1.925383772397723,0.3418354916149594,0.6581645083850407,0.013379495441255065,0.0137207592051646
2011-12-14,-0.07417852856749096,-0.045544896966083215,1.922295147387162,0.3421967835432724,0.6578032164567276,0.013372205858659073,0.013727777501134922
2011-12-15,0.011910939942921583,-0.0061226238359094465,1.8963394067357424,0.34526340306470804,0.654736596935292,0.023521512795576217,0.02436335265909216
2011-12-16,0.013344718034485226,0.013336720643721378,1.89049050364291,0.3459620430303062,0.6540379569696937,-0.011868225692208398,-0.012317866822863562
2011-12-19,-0.026776946604993523,-0.0007520375972895899,1.8312371382876111,0.3532024875192263,0.6467975124807737,-0.025399787427448244,-0.026913804305502866
2011-12-20,0.023384906481219714,0.013296507054223028,1.5608803456700486,0.3904907160894127,0.6095092839105873,0.002630649954219834,0.0030817331532116514
2011-12-21,-0.0101030761040245,-0.0022901406460674734,1.6372567846200528,0.3791818854469528,0.6208181145530471,-0.006353527793516379,-0.0072274279439554735
2011-12-22,-0.006747054724600798,-0.0018611576118627848,1.6574684244364313,0.37629797998900766,0.6237020200109923,-0.003662244750038717,-0.0041342859049947524
2011-12-23,0.0015516732921727616,-0.002610524692929328,1.6415333427260335,0.378568002086247,0.621431997913753,0.005836936617625893,0.0066290323009160716
2011-12-27,-0.012015390384942815,-0.0065432793166922965,1.640822065594581,0.3786699653218968,0.6213300346781031,-0.0012790333007654617,-0.0014529944869392242
2011-12-28,-0.05244454269461296,-0.01963362671966229,1.645976742925873,0.37793227120137807,0.6220677287986219,-0.020128049734760838,-0.022821118653337365
2011-12-29,0.0030156198192270445,-0.01471623241456077,1.6984602406020617,0.3705817061721417,0.6294182938278583,0.02801055546681779,0.03114059830716824
2011-12-30,0.02203563204717729,0.01681928956648826,1.6888628370442764,0.3719044297176745,0.6280955702823254,-0.0063698410471512736,-0.007106916306099085
2012-01-03,0.05947985456663396,0.02165021157658109,1.692248710443945,0.37143670869661316,0.628563291303387,0.022842311945326044,0.02545341950397971
2012-01-04,-0.015914441663473,0.007626475973353752,1.706670178115664,0.36945764876907994,0.6305423512309201,-0.028930320771311482,-0.032065584870912045
2012-01-05,0.0069504065724677044,0.004652894029656851,1.6778857993214515,0.37342891928154276,0.6265710807184572,-0.0008566182456410908,-0.0009596580771198118
2012-01-06,-0.02091233639100043,-0.0020378218959945515,1.6844579420231105,0.37251468326091997,0.6274853167390801,-0.017479711113863816,-0.019534347147220084
2012-01-09,0.0033504579553871316,-0.005321437854003741,1.691877132002836,0.37148798067762123,0.6285120193223788,0.012353676969950309,0.013767727534531421
2012-01-10,0.035966481511410464,0.014618973561430826,1.6826916030270216,0.3727599545440287,0.6272400454559713,0.01136725745471678,0.012711775116331495
2012-01-11,0.002518176584243026,0.005027560497777417,1.6844749434552244,0.372512324034914,0.627487675965086,-0.005950623100968309,-0.006650041322392654
2012-01-12,0.007837070596621754,0.004941494569017824,1.6807732181926542,0.3730267048378632,0.6269732951621367,-0.00046846113282785623,-0.0005242455381701643
2012-01-13,-0.019905590930117123,-0.010259226560507262,1.6794278073091764,0.373214011316936,0.626785988683064,-0.002675960562916347,-0.0029961179274358082
2012-01-17,0.020784622422835186,0.015210946017205185,1.7100572648624994,0.3689958928047733,0.6310041071952267,-0.0052269663193178426,-0.005786187310971497
2012-01-18,0.013552083521416902,0.0025979029452487534,1.7012517344745517,0.37019874424792193,0.6298012557520781,0.009132396629815914,0.010142405292995416
2012-01-19,-0.0010486854583700023,-0.003254006878012916,1.7105452779116732,0.3689294579024503,0.6310705420975498,0.004517440641107097,0.004999850780490417
2012-01-20,0.038219243972363426,0.005803745678997885,1.7019874623601412,0.3700979423222477,0.6299020576777523,0.02834134159198218,0.03146721661753362
2012-01-23,0.018516837669301456,0.008595329234729165,1.7178220020157673,0.3679416824421597,0.6320583175578404,0.0037515919953143486,0.0041411012117774995
2012-01-24,-0.009369340027702844,-0.00822410538028906,1.7353427135807389,0.36558490277473715,0.6344150972252629,0.004902301319701928,0.005376622054007081
2012-01-25,0.03635962879247656,0.021391718964528073,1.753066010094458,0.3632313923216428,0.6367686076783571,-0.001141466621730619,-0.0012438495308996836
2012-01-26,0.018433477208704918,0.015590068972094473,1.7114878502429225,0.36880120997422505,0.6311987900257751,-0.008248736421483941,-0.00912643191900521
2012-01-27,0.0013352912020303531,0.00318600465992791,1.6999733914482462,0.3703740204134409,0.6296259795865591,-0.004080831944877213,-0.004534302402167323
2012-01-30,-0.007408065540400188,-0.00046197528904468044,1.693325048927171,0.3712882707560043,0.6287117292439957,-0.006625791211475461,-0.0073802356838971635
2012-01-31,-0.007881300593392315,0.003928393314919232,1.66923258277968,0.37463951491204345,0.6253604850879566,-0.014438702712629373,-0.016227925740656023
2012-02-01,0.01639930613905327,0.00535155167252066,1.6460858524191426,0.3779166874293839,0.6220833125706161,0.007590192642427012,0.00860538138113069
2012-02-02,0.011042723073621863,0.005552099695344648,1.6836448141564748,0.37262755291792243,0.6273724470820775,0.0016949592138751027,0.0018947655124858954
2012-02-03,-0.0124740853930978,-0.01075821031919355,1.6826162276800387,0.3727704282415428,0.6272295717584573,0.005627853870772116,0.006293692492465638
2012-02-06,-8.890592102117623e-05,-0.008688633047823635,1.7010424958969275,0.37022742201171216,0.6297725779882879,0.014690828124581268,0.016316842271342637
2012-02-07,0.013136848106678478,0.013698615577582895,1.6893230294482346,0.3718407900612701,0.6281592099387299,-0.010004538660090639,-0.011160286678699873
2012-02-08,-0.014400719058970668,-0.009791557115715666,1.6689520566226175,0.3746788922336184,0.6253211077663815,0.001940920326840817,0.0021816656339232916
2012-02-09,0.0062661043878704525,0.005609177642970753,1.7053487090333876,0.3696381160258253,0.6303618839741748,-0.003299499464308662,-0.0036588622974458203
2012-02-10,-0.0090897965851231,-0.009028149035005706,1.7219490312537857,0.36738380789568986,0.6326161921043101,0.006456215899719776,0.007115727545507246
2012-02-13,0.003573949580691238,-0.00017411293426761176,1.711831238804044,0.36875451012247135,0.6312454898775286,0.0038720015406503707,0.004283454093947946
2012-02-14,-0.010980500393741655,-0.0041207055054773845,1.7097462103633445,0.36903825021528935,0.6309617497847106,-0.003935139771728327,-0.004356651287133645
2012-02-15,0.0018004372833944071,0.006060973405262349,1.7068705292213362,0.3694303030768383,0.6305696969231617,-0.008544859600442182,-0.009470190215821161
2012-02-16,-0.0009585303372737775,0.0002896367872662342,1.641910999959078,0.3785138863555546,0.6214861136444454,-0.001434088164279015,-0.0016284668533132589
2012-02-17,-0.004617117233032708,-0.0013319717182576074,1.6347739413002813,0.3795392023296284,0.6204607976703715,-0.0024396445774762113,-0.002777822270709374
2012-02-21,0.036536066525561184,0.01890401599648439,1.6461227609740448,0.3779114161853539,0.622088583814646,0.005417735519930789,0.00614227230856422
2012-02-22,-0.00505622280768514,0.007341656475614355,1.6006948866039923,0.3845126182048244,0.6154873817951756,-0.016807974787404124,-0.019388635176676314
2012-02-23,0.03811444159175581,0.008418092889300954,1.573682667865733,0.3885482901546933,0.6114517098453066,0.024867034715379127,0.028986131459633885
2012-02-24,-0.00596438199090199,-0.005490530950797656,1.580143312225944,0.3875753704305978,0.6124246295694021,0.0027114437715704803,0.0031526664725044984
2012-02-27,0.005207690028753875,-0.0008450228272381954,1.557708365777579,0.39097498893154153,0.6090250110684585,0.006523989156015834,0.007652149764188363
2012-02-28,0.04572588699018065,0.007555268718153707,1.5579980612933477,0.3909307106723883,0.6090692893276116,0.0339547929747469,0.039821914045054876
2012-02-29,-0.06884758342929986,-0.043144921984296314,1.592727354998706,0.3856942374106664,0.6143057625893337,-0.0001294859556260769,-0.00014982596073177812
2012-03-01,0.02972558402934311,0.006550061998924717,1.6040580327085758,0.3840160193971805,0.6159839806028196,0.019218904465228726,0.02214110156973551
2012-03-02,-0.03173179821343064,-0.0071465498415482775,1.6261000677115582,0.3807928008133453,0.6192071991866547,-0.020110793032184958,-0.022974135615909663
2012-03-05,-0.024071170807082654,-0.0033942232340773426,1.6449756323032523,0.378075316757908,0.621924683242092,-0.018487756296427887,-0.020969292953744945
2012-03-06,-0.02704228168564471,-0.01855547597530094,1.6533371785422701,0.37688387593068545,0.6231161240693145,0.0036361766098682233,0.00411124900288691
2012-03-07,0.024495223443662173,0.007119794328251494,1.6624075551067845,0.3755998956966195,0.6244001043033804,0.012659223561570456,0.014264409147978153
2012-03-08,0.007333935624039611,0.008792209545835705,1.661553250091205,0.3757204557022229,0.624279544297777,-0.007274788722326621,-0.008199860801669847
2012-03-09,0.011423769732243017,0.007537865268332222,1.650432976854483,0.3772968449806996,0.6227031550193004,-0.0010169716816985485,-0.0011511006208187353
2012-03-12,-0.023438147933460995,-0.006838548761020968,1.6709604494948376,0.3743971574678806,0.6256028425321193,-0.012011203421853033,-0.01349088125673077
2012-03-13,0.005093730633044968,-0.0032368174188134313,1.6850388203474624,0.3724340938469535,0.6275659061530465,0.01054789363812247,0.011785185627324562
2012-03-14,-0.04164677475885781,-0.03022964671897732,1.691478726078752,0.37154297015637655,0.6284570298436235,0.009486029563168678,0.010573402796672647
2012-03-15,0.01698452251255267,0.01010653003710038,1.6764135976939527,0.3736343294854048,0.6263656705145952,4.179813285522249e-05,4.685165202930608e-05
2012-03-16,-0.0036704777466858296,-0.0021698364407883863,1.6908501240430505,0.37162976527933933,0.6283702347206606,-1.6095316256554623e-06,-1.7944495807565783e-06
2012-03-19,0.01083709839430913,0.006886151865939327,1.6863854573958346,0.37224739928773803,0.627752600712262,-0.0007756079698301409,-0.0008661541489083397
2012-03-20,-0.0340459948747317,-0.012118347199189805,1.685142759481013,0.3724196773035937,0.6275803226964063,-0.013624849835139986,-0.015222486536738265
2012-03-21,0.012388020855197412,0.0020040377275631904,1.7055692276901768,0.36960798850219373,0.6303920114978063,0.008969995775935484,0.009946146286850067
2012-03-22,-0.027330073364116414,-0.004666637073863611,1.705747393477254,0.3695836508650809,0.6304163491349192,-0.01936996933906924,-0.02147647195643366
2012-03-23,0.029662532240823714,0.01217804262641975,1.7205969312099172,0.3675663927016469,0.6324336072983531,0.008709029469662333,0.009603439638288365
2012-03-26,0.014822644027055798,0.013956536419661658,1.7303635067170247,0.3662515989317463,0.6337484010682538,-0.009327237273693816,-0.010248346695318426
2012-03-27,-0.003819592781146852,-0.00041527806103525133,1.6626362395269518,0.3755676367484811,0.6244323632515189,-0.003129136427389158,-0.0035256071192943934
2012-03-28,-0.02407906852167585,-0.0159663008276697,1.719819390074413,0.3676714724695894,0.6323285275304106,0.0033800852295116472,0.0037282827402217653
2012-03-29,0.005091798346920529,-0.0034381284505994314,1.7288277166354455,0.36645772611580146,0.6335422738841985,0.011035730105669706,0.01213238568165424
2012-03-30,0.015354341087943757,0.01034989599419922,1.6614505426154071,0.3757349550509776,0.6242650449490224,-0.0018414992276315663,-0.002075746888561672
2012-04-02,0.018910295346772132,0.0049122092685682794,1.6860210935407784,0.37229789535337404,0.627702104646626,0.010628206904079495,0.011870577185306987
2012-04-03,0.0050479042399489416,-0.0044709388971684305,1.6926514863975375,0.3713811479323255,0.6286188520676745,0.012615645609833652,0.014055638845462274
2012-04-04,-0.06679701267328475,-0.03455086896519466,1.67804275863121,0.3734070327208352,0.6265929672791649,-0.008819177201824041,-0.009879428369917051
2012-04-05,0.022140587499535958,0.010047727272383122,1.7274700690992675,0.36664013707407783,0.6333598629259222,0.004783439374021689,0.005261402603330564
2012-04-09,-0.006400527100816844,0.008596868283696546,1.7153474293956057,0.36827699806451086,0.6317230019354891,-0.02114714301210833,-0.023364019038420458
2012-04-10,0.004982057740616552,0.010350076103500694,1.6971859822228683,0.37075678377056387,0.629243216229436,-0.01258394633718471,-0.013996750413347914
2012-04-11,-0.0050205366702077425,-0.00030129557095515125,1.6819325278872315,0.37286545787480285,0.6271345421251971,-0.004513777848909918,-0.005049095533136818
2012-04-12,0.03186188062240669,0.012356841470765545,1.678021792747669,0.37340995607582156,0.6265900439241785,0.011126831344933946,0.012464608811324579
2012-04-13,-0.03490697371020646,-0.012146486700841064,1.7027280184545965,0.3699965343060283,0.6300034656939717,-0.014224810478898241,-0.015789391735057275
2012-04-16,-0.0005098419617561856,-0.006268473610452352,1.7221797978209585,0.36735266377352327,0.6326473362264768,0.01028559665333866,0.011335323987311978
2012-04-17,0.009597009055527295,0.0009705208368040452,1.7165788943635063,0.36811005271183184,0.6318899472881683,0.007931033470529461,0.008758479446687707
2012-04-18,-0.005905582480703608,-0.006968429776249563,1.6984772659503147,0.37057936808218134,0.6294206319178187,0.005930137073627512,0.0065927593481568
2012-04-19,0.009308064731332166,0.0010983199317693426,1.6904135163016538,0.37169007438478774,0.6283099256152123,0.007451449873445759,0.008308889873206715
2012-04-20,-0.003997381545490897,0.0009142996600766118,1.6954129401780684,0.37100066750215144,0.6289993324978486,-0.005547497020385194,-0.00617437529258731
2012-04-23,-0.03536213857402959,-0.006211528727558369,1.6953610617109873,0.37100780826937163,0.6289921917306283,-0.024831354635627936,-0.02763787937917147
2012-04-24,0.007043412130212534,0.0068018723082763355,1.730660938501972,0.36621170570836065,0.6337882942916394,-0.004728322582399563,-0.0051947012341197136
2012-04-25,-0.012654519904399253,-0.0009738135033094952,1.728117482193662,0.3665531292281102,0.6334468707718898,-0.01097165576493386,-0.012065084260350422
2012-04-26,0.028071539242483956,0.011088065615432185,1.7286473170322239,0.3664819538083934,0.6335180461916066,0.008904184365289853,0.009789668649784727
2012-04-27,0.0046149732770686125,0.002651256012768499,1.7505701401054363,0.36356098883617904,0.636439011163821,-2.6236332658919302e-05,-2.8615521134736123e-05
2012-04-30,-0.012377595520155493,-0.0003605622511643203,1.745249766762294,0.36426558053381963,0.6357344194661804,-0.011748324335407675,-0.012838530553010631
2012-05-01,-0.0026486264428178252,-0.0010220471427409006,1.7436583380544537,0.3644768687595069,0.6355231312404931,-0.0008665254204929234,-0.0009474854158853278
2012-05-02,-0.009230227913855305,-0.0049948408266842215,1.7517806424040943,0.3634010591506849,0.636598940849315,-0.0004803624417802216,-0.0005236926603574259
2012-05-03,-0.020691665786521374,-0.01161247910891483,1.7679912552262644,0.36127281764777713,0.6387271823522228,-0.00016090427046227054,-0.0001743910174843953
2012-05-04,0.014052522852022076,0.006425162350831348,1.788929387799719,0.35856053020723266,0.6414394697927673,0.002558361101235548,0.0027519819387617373
2012-05-07,-0.010138204928732186,-0.003708868345007943,1.7952178787290294,0.3577538651315062,0.6422461348684939,-0.0034799781659217814,-0.0037349269182952996
2012-05-08,-0.021880850459797707,-0.02111557189152591,1.799741672262285,0.3571758101496437,0.6428241898503563,0.016121724207031632,0.017274869713966936
2012-05-09,-0.007377407262515012,-0.006421476825514305,1.7658146499654712,0.3615571274859232,0.6384428725140767,0.003961730590391916,0.004297175796405636
2012-05-10,-0.0020892839306289046,0.0008784742780678645,1.7627299821068252,0.3619608164665487,0.6380391835334512,-0.0036377968790887775,-0.00395021978548331
2012-05-11,-0.009541456651122271,-0.007209579447066128,1.7603534978049677,0.36227244111857404,0.637727558881426,0.003149951746223392,0.0034234221255301893
2012-05-14,-0.018677647834225986,-0.014523869887968388,1.7664986305091537,0.36146773722275705,0.638532262777243,0.006978748432563308,0.007567777213696565
2012-05-15,-0.009357653425751455,-0.0024349140184920515,1.7561055313276832,0.3628308091375136,0.6371691908624865,-0.005081687449570247,-0.005531378307334562
2012-05-16,-0.03151068479620045,-0.013232333639606852,1.756751492354015,0.3627457907517413,0.6372542092482588,-0.008264762927494874,-0.008994023890529414
2012-05-17,0.03040118554669191,0.024931682102260266,1.7609405920015047,0.36219540648466625,0.6378045935153338,-0.013502025494055603,-0.014671114836557385
2012-05-18,0.02493213126858773,0.010860575157788155,1.7371256334927316,0.36534676660929943,0.6346532333907005,0.00606594776751956,0.006648523209852514
2012-05-21,-0.013591670256156596,-0.002010524768132793,1.7175844729829894,0.36797384219020723,0.6320261578097929,-0.010138424131863985,-0.01119202464466772
2012-05-22,-0.004910964343148083,-0.007617713044546837,1.7194518890122452,0.3677211588263171,0.6322788411736828,0.008187326741251198,0.009031959830947754
2012-05-23,-0.023326876407063213,-0.017890041469675988,1.7127734216331518,0.36862643670328243,0.6313735632967176,0.007314711134112709,0.00808918770264538
2012-05-24,0.023047869403889143,0.005942815959741443,1.6607745647260919,0.37583041166170467,0.6241695883382954,0.013178191815102276,0.014858295764480388
2012-05-25,0.008101792312630085,0.007384575636951718,1.6980291055363073,0.3706409237572782,0.6293590762427218,-0.004437432050948247,-0.004934081743420835
2012-05-29,-0.021254868629938084,-0.01287612991679643,1.6709808616565047,0.37439429625108367,0.6256057037489164,0.00026089803323151375,0.00029303620663501465
2012-05-30,0.007022713776467127,0.009557050924351884,1.6540714386115887,0.37677960941515765,0.6232203905848422,-0.00878533119485981,-0.009930400968546235
2012-05-31,-0.007903607475535201,-0.0005117364817905923,1.636889567296522,0.37923469090336337,0.6207653090966367,-0.007065951367287155,-0.008038961648134026
2012-06-01,0.027252101222247305,0.03705364477069795,1.64648566696637,0.37785959413348574,0.6221404058665142,-0.03375619380157026,-0.03826530506805788
2012-06-04,-0.01772113434268352,-0.005121906095726603,1.4835272919485327,0.4026531148829926,0.5973468851170075,-0.010122646862875551,-0.01222774587059218
2012-06-05,0.014218305286160193,0.0018608113700904205,1.4927287541090455,0.40116679295795316,0.5988332070420468,0.011440618648053173,0.013768788877483337
2012-06-06,0.03825292236183908,0.010896544197813274,1.4952130087865612,0.4007673879859686,0.5992326120140313,0.02196026772645095,0.026402877408606938
2012-06-07,-0.0324671169043077,-0.028294997464843097,1.5192483708830822,0.3969437914727979,0.6030562085272021,0.010520011898296114,0.012527560227745808
2012-06-08,-0.0020336848787624318,0.002205975074912825,1.4870512700328322,0.4020825835193976,0.5979174164806025,-0.005314082915572321,-0.006410100563188834
2012-06-11,0.005094706985321551,0.0033960282353142635,1.501338472771072,0.39978595895187446,0.6002140410481256,-3.880858972603492e-06,-4.654538777757421e-06
2012-06-12,0.011780741193548439,0.01078028904536188,1.4979856634678221,0.4003225537378596,0.5996774462621405,-0.004367977244442871,-0.005245799415492688
2012-06-13,-0.0002764512073833991,0.003348437141167171,1.493721996264386,0.4010070094012113,0.5989929905987887,-0.005278085418253439,-0.00634964774681386
2012-06-14,-0.018455172164667077,0.00018543281172500592,1.4902300671414903,0.40156932212608365,0.5984306778739165,-0.018731509716134267,-0.022565998977318563
2012-06-15,0.011724946094112454,0.005313875096517595,1.4673714072954676,0.4052896118692236,0.5947103881307765,0.003927517715543092,0.004775346391625879
2012-06-18,-0.0024012785754640165,-0.0007990466061001955,1.468062917723236,0.40517605642018656,0.5948239435798136,-0.001228227883515714,-0.0014929455906846282
2012-06-19,-0.010570430634260441,-0.0021529188073586836,1.4571272649897506,0.40697932673184967,0.5930206732681502,-0.007433353940748887,-0.009075664146496569
2012-06-20,0.0007404241170863024,-0.0045616462621665965,1.4376560611887592,0.41023014522907514,0.5897698547709248,0.0072985025148891575,0.008982197239913248
2012-06-21,-0.05461012820087219,-0.031149397638814857,1.4404100137485634,0.40976720893878066,0.5902327910612195,-0.00974222391968741,-0.01197613171328081
2012-06-22,-0.006559109823417564,0.0009587727708533222,1.4704463297594534,0.40478515479321087,0.5952148452067891,-0.007968933725392133,-0.009677118214709079
2012-06-25,0.032299211251904714,0.013729246487867108,1.4702876095108288,0.4048111629390482,0.5951888370609518,0.012113270252873641,0.014710761054182273
2012-06-26,-0.01747943161037746,-0.008503937007873996,1.4969883011105218,0.4004824530236107,0.5995175469763894,-0.0047491373962092725,-0.005705838582540158
2012-06-27,-0.0035507145414430674,0.0022236340533672294,1.4983228719373038,0.4002685206274233,0.5997314793725768,-0.006882436302421842,-0.008264467791248592
2012-06-28,-0.025760003137733967,-0.0176228518720285,1.4872115224378968,0.4020566771176049,0.597943322882395,0.0004489052245630794,0.0005414560287856883
2012-06-29,0.05078676405987448,0.03471642932390995,1.4880898532520108,0.4019147454393453,0.5980852545606546,-0.0008744021581764821,-0.00105430536244535
2012-07-02,-0.004060896012638593,-0.003928935970143432,1.4397308904043906,0.4098812717144586,0.5901187282855415,0.0015957144699978495,0.0019621604287676448
2012-07-03,0.028214635463310156,0.015088967188214397,1.4271645793781547,0.41200337566569234,0.5879966243343077,0.00668019595289138,0.008256789848098637
2012-07-05,-0.021421220889516146,-0.007648198384392346,1.4584660017239006,0.4067577096037896,0.5932422903962105,-0.010266583571440245,-0.012528036056924787
2012-07-06,-0.02710038845371565,-0.01895705111391721,1.4764093243406204,0.40381046468005216,0.5961895353199478,0.000887978572873465,0.0010757251204138937
2012-07-09,0.0194131191310849,0.006462209208126124,1.4719822565815428,0.40453364798130914,0.5954663520186909,0.009900861838405382,0.012015695272947184
2012-07-10,-0.020429735517934478,-0.00585416524029736,1.4591001534608152,0.40665281509280937,0.5933471849071907,-0.011887922117431629,-0.014502770983972926
2012-07-11,0.0053629662947463075,-0.0025961486288132996,1.4448984744370408,0.40901493884332296,0.5909850611566769,0.00911413748793046,0.011183455161706542
2012-07-12,0.005223146358532826,-0.006538805914861667,1.4488598067590084,0.40835330680830995,0.5916466931916899,0.014696959432773963,0.01800465595320249
2012-07-13,0.007665101177831479,0.017061761617565452,1.436664193785922,0.41039713332277783,0.5896028666772222,-0.01684692082103578,-0.020741784030806704
2012-07-16,-0.0017188040483168132,-0.0002513347701674773,1.4106782751642934,0.4148210112906284,0.5851789887093716,-0.0013642515482481421,-0.0016977606206972997
2012-07-17,-0.00018320943521599187,-0.0013197433700213868,1.4091252079164762,0.41508842990557826,0.5849115700944216,0.0016764742154617858,0.002087655149619656
2012-07-18,-0.008097635676001746,-0.011767636686911387,1.4093490532745003,0.41504986529075943,0.5849501347092407,0.008487071947975093,0.01056767420616014
2012-07-19,0.0045436482773197895,0.006176739060796965,1.38190385601751,0.41983222684394056,0.5801677731560595,-0.00399201124840951,-0.005027924916017472
2012-07-20,0.0031256557957475284,0.001518906683846133,1.3808002201659786,0.4200268428781834,0.5799731571218165,0.0010283491122812117,0.0012958026930241797
2012-07-23,-0.00953114979584746,-0.0034123377024091184,1.380774177564539,0.42003143743056315,0.579968562569437,-0.004819482011231041,-0.006073001870544346
2012-07-24,-0.008475450306609567,-0.0006974672518962333,1.364228516802646,0.4229709577111387,0.5770290422888614,-0.007523945592036751,-0.009547231418490855
2012-07-25,0.02444937502474076,0.020304568527918843,1.3633118417383459,0.42313501855279706,0.5768649814472029,-0.0032320836907587316,-0.004102823377360166
2012-07-26,-0.0005101089131177572,0.0043532338308458485,1.3592585328671971,0.4238619829360982,0.5761380170639018,-0.006427279143261133,-0.008172837847639471
2012-07-27,0.0017134222386381293,0.001795680751741413,1.3566430307117245,0.42433240290023566,0.5756675970997642,-0.0007226755385950491,-0.0009199639434277771
2012-07-30,0.019506488303173253,0.0011125080231482176,1.356164392647377,0.4244186030145392,0.5755813969854607,0.017997744535645115,0.022915732779693172
2012-07-31,-0.004247857551954004,-0.0056800342342535615,1.3540201876682756,0.4248051929369937,0.5751948070630062,0.003443023467872233,0.004387842745668182
2012-08-01,-0.013550824635108039,-0.004222321532521001,1.3471606674974579,0.4260466758188308,0.5739533241811692,-0.007862679140968158,-0.010049604933118631
2012-08-02,-0.01947884196067151,-0.010163950398515365,1.348531184656864,0.42579805051475467,0.5742019494852453,-0.005772437888967983,-0.007373678399520217
2012-08-03,0.02998406242411633,0.011717257968925088,1.3712841362903836,0.4217124319670908,0.5782875680329093,0.013916372450507277,0.017606121810789736
2012-08-06,0.0022309595274223604,0.004296403744746158,1.391982220854441,0.4180633080302702,0.5819366919697297,-0.0037495580988767332,-0.0047026579874042945
2012-08-07,0.008006659695699359,-0.001984049348222938,1.3909005015708025,0.4182524531418217,0.5817475468581783,0.010766274929283868,0.01350906270111681
2012-08-08,-0.0002849983008802459,0.001987993625680362,1.3890850380296667,0.41857028279944486,0.5814297172005551,-0.0030464905020111867,-0.0038255111729179354
2012-08-09,0.0008194932705936075,0.0026039748950965613,1.3925542047713622,0.4179633623370979,0.582036637662902,-0.0028066829186921757,-0.003519271889132044
2012-08-10,-0.0012459895771443907,0.0016078013884055498,1.3903238766658337,0.41835334941926766,0.5816466505807323,-0.0034813542363811047,-0.004369308615914976
2012-08-13,-0.010515062309214174,-0.006235707779474797,1.3700486837284644,0.4219322610820131,0.5780677389179868,-0.0019718390738293814,-0.0024959475567320807
2012-08-14,-0.00014408177413649526,-0.006336947891765421,1.3806323013376,0.4200564696354546,0.5799435303645454,0.00860491317712805,0.010843648352112037
2012-08-15,0.001765376331642754,0.002688462355993737,1.359419924753171,0.4238329894177758,0.5761670105822243,-0.0018893729620439851,-0.0024023357718846593
2012-08-16,0.014385887938861641,0.007732134932723067,1.356194171929376,0.42441323890600546,0.5755867610939945,0.0038996116065310796,0.004965140377209919
2012-08-17,-0.007445455948970059,0.0001238000403502859,1.3659333471375465,0.4226661757863392,0.5773338242136609,-0.0076145585524614885,-0.009655249031010178
2012-08-20,0.021110897858707345,0.002351003305709032,1.3703416202022216,0.4218801169743147,0.5781198830256852,0.017889220179661252,0.02264131890592428
2012-08-21,0.029210070368259178,0.012221498133758057,1.3637635483990147,0.42305415898189286,0.5769458410181071,0.012542836706613353,0.01591889770249058
2012-08-22,0.004350642787715131,-0.001524483177499314,1.3840695512861665,0.41945085010649813,0.5805491498935019,0.006460633535139915,0.008129754685622962
2012-08-23,0.03039022381993095,0.01966529295942676,1.3762128322349976,0.42083772397585645,0.5791622760241435,0.0033265952995072887,0.004199870383300296
2012-08-24,0.005222202322032743,0.0001198330409157844,1.3907044909254598,0.41828674509784036,0.5817132549021596,0.005055549973869907,0.006344008629748546
2012-08-27,0.01414750847840307,0.0015570580368362563,1.3885037026479605,0.4186721581764235,0.5813278418235767,0.011985527629018163,0.01505402015797256
2012-08-28,-0.0054769831089125365,-0.0035278786940520224,1.524869895804098,0.3960600115126046,0.6039399884873953,-9.742709230393162e-05,-0.00011576092589860466
2012-08-29,-0.001231011935928339,-0.004020372740399014,1.5161431864595423,0.39743366171743866,0.6025663382825612,0.004864448801455304,0.005799887098198162
2012-08-30,-0.015049748758423132,-0.0037956673350943992,1.5112554302551766,0.3982072026414242,0.6017927973585758,-0.009313525886819525,-0.011126139270356675
2012-08-31,0.03302928311153264,0.018808573078885615,1.4832383258025539,0.40269997028046495,0.597300029719535,0.005131686667271349,0.0061995902051964966
2012-09-04,0.0311762418666357,0.00492701469097323,1.5428154796360596,0.3932648703802625,0.6067351296197374,0.023574767333007923,0.027813383458380626
2012-09-05,-0.0023494563690751313,-0.0012404604853522017,1.558771428409727,0.3908125551571829,0.6091874448428172,-0.0004158620064368568,-0.00048757227998514263
2012-09-06,0.010752358978717291,0.0069789013585557225,1.5594582061533078,0.3907076886803056,0.6092923113196943,-0.00013094601481689755,-0.00015348484437302003
2012-09-07,0.031086175391407345,0.02049807642106405,1.5679915798912887,0.38940937650673024,0.6105906234932696,-0.001054635840789242,-0.0012320552556101816
2012-09-10,-0.0017541732502983631,-0.005064776303956853,1.5648464193645244,0.38988689242756436,0.6101131075724355,0.006171423813830807,0.007218471757883883
2012-09-11,-0.0019360945632215243,0.001793311588947688,1.556582568470836,0.39114715571190334,0.6088528442880966,-0.004727532122414233,-0.005547482229656955
2012-09-12,-0.008236508733936887,-0.0006929629335670207,1.5544103064476622,0.3914797859513292,0.6085202140486708,-0.007159360008014103,-0.008408234170457603
2012-09-13,0.04462425354391586,0.022246619983318228,1.5560631814700574,0.39122663604303953,0.6087733639569604,0.010007107275718345,0.011745140748003334
2012-09-14,-0.003254953442034747,0.00039572282621036514,1.5794682129793094,0.3876768067806468,0.6123231932193532,-0.0038799850671843543,-0.0045125406636078716
2012-09-17,-0.008814273315232324,-0.0011866299007283754,1.5865304390782369,0.3866182995149172,0.6133817004850829,-0.00693164885780637,-0.00803970688271885
2012-09-18,0.010088071257805753,0.00039603624004369564,1.554959889692082,0.39139557690689136,0.6086044230931086,0.00947225078967334,0.011122191187292864
2012-09-19,-0.0036081282867546083,0.0003392759430300707,1.5506674495166193,0.39205424454274174,0.6079457554572583,-0.004134232448015394,-0.004862530137512295
2012-09-20,0.0028679573727290464,-0.0007349060645138739,1.531310913866313,0.3950522215671265,0.6049477784328736,0.003993327049985682,0.004732718167622829
2012-09-21,-0.0014731841151766067,0.004412541179827478,1.5191455955659123,0.39695998586193487,0.6030400141380652,-0.008176476613764735,-0.00973720212300147
2012-09-24,-0.018688341000175246,-0.007547183561848803,1.5152997985875438,0.39756692246448944,0.6024330775355106,-0.007252095269002534,-0.008649579592549859
2012-09-25,-0.0010318046617777688,0.000964799537904959,1.530242734806695,0.3952189986532647,0.6047810013467353,-0.0025081821452016886,-0.0029738437075998263
2012-09-26,-8.859607529521085e-05,-0.0074838830234513765,1.5585938405635058,0.3908396808224003,0.6091603191775996,0.011575737908553891,0.013572773128388886
2012-09-27,0.021013541089085264,0.015423283660770615,1.5367755548669275,0.3942012126699389,0.6057987873300611,-0.0026885842165655163,-0.0031795294756061486
2012-09-28,-0.0022547456839174806,-0.0036566157117871034,1.5111644263704918,0.39822163355720547,0.6017783664427946,0.0032710019006426047,0.003907751160727866
2012-10-01,0.010545593354157612,0.005307449914538465,1.4832761567550787,0.4026938354317829,0.5973061645682171,0.0026731794427509274,0.0032294186477963022
2012-10-02,-0.00794129821754419,-0.004380819336211705,1.4822759758301958,0.4028560924477991,0.5971439075522009,-0.0014477149610251944,-0.001749662376530483
2012-10-03,0.0007802689623932491,0.002594966877056182,1.4765940534872692,0.4037803444581114,0.5962196555418886,-0.0030514436972643388,-0.003696338961527783
2012-10-04,0.011839099109757223,0.009452498900728523,1.4474965275699745,0.40858076354161843,0.5914192364583816,-0.001843360225906315,-0.002259484585749162
2012-10-05,-0.01498249251996675,-0.008639429357852668,1.4510579388226108,0.4079870916802398,0.5920129083197603,-0.0024461799633575063,-0.002994029546930113
2012-10-08,-0.01547109788706258,-0.0028674101292829324,1.4937826910945562,0.40099724950817023,0.5990027504918297,-0.011187810267670531,-0.013458843436065446
2012-10-09,-0.0009121956153318456,-0.005920496193966729,1.592060457253351,0.38579347067376635,0.6142065293262338,0.008513592262401549,0.009853464920439649
2012-10-10,0.003593462554315696,0.00011341529885133816,1.574140303525495,0.3884792132854679,0.611520786714532,0.003414930961357416,0.0039798890798769465
2012-10-11,-0.0007924287785322504,0.0031760990309284143,1.5737904961522657,0.38853201202466475,0.6114679879753352,-0.00579094324824581,-0.006749900495284776
2012-10-12,-0.012130705420923649,-0.006105861900716381,1.6101847800357518,0.3831146391047085,0.6168853608952914,-0.0022991395193899655,-0.0026425020216673794
2012-10-15,-0.027532444435774073,-0.012514220705347023,1.6250240341206776,0.38094889303936486,0.6190511069606351,-0.0071965350212945395,-0.008224536150243537
2012-10-16,0.00657352089073604,0.005011492610527135,1.6560873471705995,0.3764936424493914,0.6235063575506087,-0.001725948611996906,-0.0019494260388335585
2012-10-17,0.008353007222803743,0.0038975462935948446,1.647672835131416,0.3776901687894401,0.6223098312105598,0.0019311260711803828,0.0021881019953334238
2012-10-18,-0.010814150680835688,-0.004681673520910645,1.6429583694255103,0.37836388630569545,0.6216361136943046,-0.0031223559867377465,-0.003544160236715844
2012-10-19,-0.023296161779030267,-0.0117593067319538,1.7062168714688513,0.3695195350168779,0.630480464983122,-0.0032322342361934507,-0.0035831210760715153
2012-10-22,0.004801525260340389,0.0013349934366306826,1.7294734959546803,0.3663710241121915,0.6336289758878084,0.0024926894944141695,0.0027397476085866605
2012-10-23,-0.014242763030569594,-0.009738523561283019,1.7300389849137794,0.36629513553689497,0.633704864463105,0.0026052623859514033,0.002862884816313735
2012-10-24,-0.005445742180954283,-0.0045659712024685994,1.7238844280569292,0.3671227713260013,0.6328772286739986,0.002425464473937709,0.002671329718274321
2012-10-25,0.014369377524580784,0.006762716847985795,1.7303147292820225,0.3662581420651696,0.6337418579348305,0.0026677489525472713,0.0029312543245687966
2012-10-26,-0.001185628247875714,-0.0006425091039354847,1.7233524656297394,0.3671944827636415,0.6328055172363585,-7.835859941894216e-05,-8.63185361511655e-05
2012-10-31,0.008653169186123355,0.003857604472358167,1.7147609626407725,0.3683565565298442,0.6316434434701558,0.0020382996276151156,0.002252463096013101
2012-11-01,-0.001920108505270246,-0.0019796357578238943,1.6865461259292376,0.37222513708158067,0.6277748629184193,0.0014186385128386334,0.00158415874473171
2012-11-02,-0.04316398497937879,-0.02333586171735791,1.6914713004656252,0.3715439952218698,0.6284560047781301,-0.0036920446128334075,-0.004115271017968526
2012-11-05,0.00901578704499828,0.004838406131092876,1.7264537890119855,0.36677680143714475,0.6332231985628551,0.0006625024471941625,0.0007289715855784678
2012-11-06,0.02911966419188916,0.018963277458092787,1.7279886586728503,0.3665704389278854,0.6334295610721147,-0.003648664186961692,-0.004012477297545017
2012-11-07,-0.011493236087685488,-0.0005250711317201784,1.711627370530646,0.3687822341918267,0.6312177658081732,-0.010594509967157729,-0.01172120116756801
2012-11-08,0.018324853583222556,0.007121219699920189,1.7162876658809978,0.3681495198615722,0.6318504801384278,0.006102792046220754,0.006740219884893572
2012-11-09,0.011138381399435682,0.0028399352873120787,1.723740695284096,0.36714214452624183,0.6328578554737582,0.006243069372722521,0.006876281633782335
2012-11-12,-0.0023626776295221363,0.0,1.7447449726487578,0.3643325736871543,0.6356674263128457,-0.0023626776295221363,-0.0025824012646705947
2012-11-13,-0.0010764877706296305,-0.003525456559040907,1.7467628786120455,0.36406491721094814,0.6359350827890518,0.005081648876862381,0.00555015023295003
2012-11-14,0.012100429027170012,0.0030739177463279255,1.7408950705440989,0.3648443206552554,0.6351556793447447,0.006749060775329701,0.007387069480908588
2012-11-15,-0.006266845461872506,-0.00936684080478467,1.7417054881391039,0.3647364767390595,0.6352635232609405,0.010047432574346257,0.010993995472320935
2012-11-16,-0.009306623173785944,0.0005836689263412076,1.7137630685625331,0.36849200712636093,0.6315079928736391,-0.010306893424017052,-0.011394023535160603
2012-11-19,0.02533913331719173,0.011491542093428508,1.6931365047585463,0.37131426432825965,0.6286857356717405,0.005882383902838479,0.006552639154136602
2012-11-20,-0.007775516773585345,-0.006228401861663735,1.710726208232805,0.3689048333110435,0.6310951666889565,0.0028795735265688006,0.0031868657754772715
2012-11-21,0.012787456490402027,0.0027275263320378773,1.7240346399749553,0.3671025270108878,0.6328974729891123,0.008085106612524895,0.008904189205830982
2012-11-23,0.02300258668127997,0.0135424643112656,1.7287480188892423,0.3664684291395501,0.6335315708604499,-0.00040892166769870494,-0.00044957064360801047
2012-11-26,0.0007915460466647595,-0.0010278357665378657,1.7238602116979762,0.36712603521479126,0.6328739647852087,0.0025633912287594766,0.0028232629755565158
2012-11-27,-0.004569747567122029,-0.004172648658545275,1.723137420193718,0.36722348001404287,0.6327765199859572,0.0026202994777384542,0.0028867064786822815
2012-11-28,-0.008857592299748918,-0.014751436053357825,1.7267390036317065,0.36673843689040775,0.6332615631095921,0.016614287693163005,0.018279293695914415
2012-11-29,0.019803444723415442,0.006233586467739638,1.6587570828204399,0.3761155941855315,0.6238844058144686,0.00946343901867867,0.010678040968646614
2012-11-30,-0.03330619020932857,-0.009437197324347557,1.6664537207735142,0.375029947907706,0.624970052092294,-0.017579537614495728,-0.019778559227417673
2012-12-03,0.014365775532789948,0.0050850143478455845,1.684690479978365,0.3724824174174665,0.6275175825825334,0.005799100270421097,0.006480188662718203
2012-12-04,-0.028116700901274716,-0.014654542643435686,1.6910805470245143,0.37159794458983564,0.6284020554101645,-0.003334688911419425,-0.0037174906359899174
2012-12-05,0.0045517888195600875,-0.0011803588120766761,1.7058093785656714,0.36957518438719145,0.6304248156128085,0.006565255951273117,0.007279067036222603
2012-12-06,0.004744154956316526,0.0046679415623369636,1.727210105249614,0.3666750860430949,0.6333249139569052,-0.0033183608808665475,-0.003650280784541344
2012-12-07,0.00042373977251530803,0.002176057793108477,1.7306481219333196,0.3662134245594384,0.6337865754405615,-0.0033422505603462414,-0.003671931070320297
2012-12-10,0.007472780769116172,0.005281690140845008,1.7311890296865777,0.3661408965584329,0.633859103441567,-0.0016708232609184605,-0.0018352701802301086
2012-12-11,-0.010780701297168904,-0.002802130080633347,1.7273576671523436,0.36665524732739146,0.6333447526726085,-0.005940420418028677,-0.006534258952802973
2012-12-12,0.023253659461887066,0.0049174714050892465,1.6919894083956584,0.37147248680891687,0.6285275131910832,0.014933349928387546,0.01664198590285764
2012-12-13,-0.04233547696673012,-0.012233484969514818,1.7166926399534261,0.36809464025976213,0.6319053597402378,-0.021334343358583172,-0.02355917233126775
2012-12-14,-0.0017657747428270198,0.0001179955443904035,1.7875983995015743,0.35873173129199715,0.6412682687080029,-0.0019767033891276223,-0.002127318687097531
2012-12-17,-0.0005275204431929303,0.0007076018028802089,1.7843292148209873,0.3591529315847418,0.6408470684152582,-0.0017901150125320885,-0.0019287751638742694
2012-12-18,-0.018971680558500292,-0.016205067766646986,1.784822687791826,0.35908928937695905,0.6409107106230408,0.009951492048615264,0.010720422623933142
2012-12-19,-0.017407793923517323,-0.0017969451931716396,1.7446065545996945,0.36435094797981044,0.6356490520201896,-0.014272831561253667,-0.015600959129096795
2012-12-20,-0.046158819811678464,-0.01296128147971043,1.7613289682097353,0.36214446431869163,0.6378555356813084,-0.023329739276344144,-0.025346207798779167
2012-12-21,0.01789817288210349,0.00863271381914732,1.8248440102326893,0.35400184802332774,0.6459981519766723,0.0021448167771795403,0.0022778073083789853
2012-12-24,-0.01005240178043676,-0.00030136821611570497,1.8317004214775463,0.3531447014717088,0.6468552985282913,-0.009500385491957686,-0.010065032395270651
2012-12-26,0.004825868706865188,0.0007235459181551551,1.85363818218597,0.3504298499517451,0.6495701500482549,0.003484676366407988,0.0036634038486322313
2012-12-27,0.006703805988488298,0.0016869060582263007,1.8887315297491756,0.3461727023441422,0.6538272976558578,0.0035176933285913856,0.0036531882167293223
2012-12-28,-0.008746353658606765,-0.004631271072382481,1.8950014376511515,0.3454229718142545,0.6545770281857455,2.9911681710226984e-05,3.0996545964926195e-05
2012-12-31,0.008455891001145854,0.012024910339286654,1.89364485003326,0.3455849117034891,0.654415088296511,-0.01431501853495602,-0.014841163249309754
2013-01-02,0.025817761573142528,0.007821814666833626,1.8450398830166521,0.3514889214627389,0.6485110785372611,0.01138620155526988,0.012006371112657515
2013-01-03,-0.009078577810051724,-0.008412863935538417,1.875251630979369,0.34779564655333484,0.6522043534466653,0.006697659006274205,0.006988249933442709
2013-01-04,-0.025268156580570578,-0.015295439046893122,1.8780187368200703,0.34746125423245244,0.6525387457675476,0.0034569645373840226,0.0036034837019896827
2013-01-07,0.0045490928546263465,-0.0015775593862339399,1.8679371758670822,0.34868267283353704,0.651317327166463,0.007495874679310779,0.007841044855221945
2013-01-08,0.012753107777329742,0.009723488301428107,1.8629101540812354,0.34929492934818274,0.6507050706518174,-0.005360877312490783,-0.005617581786332235
2013-01-09,-0.007036024838488419,-0.004032471364354473,1.859769599773502,0.3496785195839558,0.6503214804160442,0.00046344281689520653,0.00048616799437120346
2013-01-10,0.022317134585261966,0.01359680888088799,1.8585463634447097,0.3498281548930148,0.6501718451069852,-0.002953165114765139,-0.0030993009095781274
2013-01-11,-0.016453422515498528,-0.010314224244023618,1.8546872079256258,0.35030107579690156,0.6496989242030984,0.0026762372495684333,0.002812466362834689
2013-01-14,0.02347941285796784,0.005361460490399095,1.8478660200830537,0.3511401143691572,0.6488598856308428,0.013572152199741528,0.014297181226958543
2013-01-15,0.013449139916480446,0.008688357473714436,1.8541761995523578,0.3503637932923825,0.6496362067076176,-0.0026606057244837125,-0.0027965397422566197
2013-01-16,0.0005079925103652627,-0.0004158686182930138,1.8515219992632737,0.35068991235500285,0.6493100876449971,0.001277982405937999,0.0013445266137888973
2013-01-17,0.008631064278024292,0.004576022740611085,1.8508228080706093,0.3507759223649483,0.6492240776350516,0.0001616570194515176,0.00017011617031462492
2013-01-18,0.0036494410027039237,-0.0022480174948188436,1.847850287175054,0.35114205423767464,0.6488579457623255,0.007803440776079469,0.008220348672703737
2013-01-22,0.007679735709473556,0.0036760781050251268,1.8385677370352742,0.3522903423979744,0.6477096576020257,0.0009210171067525899,0.0009733962956767856
2013-01-23,0.008150093097981204,-0.0038397919497342725,1.8381599745044916,0.3523409564588014,0.6476590435411986,0.015208244970407306,0.0160754627367992
2013-01-24,-0.022030938725785876,-0.009962668766925531,1.8320654137726458,0.35309918871820195,0.6469008112817981,-0.0037786778490286367,-0.00400274424875836
2013-01-25,-0.016248600555517134,-0.0078466460532719,1.8452271190388903,0.35146579101136827,0.6485342089886318,-0.0017697564645203483,-0.0018660265671003803
2013-01-28,-0.013598453567255753,-0.002414875598311439,1.847562469396163,0.35117754597041523,0.6488224540295848,-0.009136820043554934,-0.009625938122606774
2013-01-29,0.01310313015775133,0.005022952454116325,1.8520336937213344,0.3506269937138084,0.6493730062861917,0.0038004529707676305,0.0039976241996729
2013-01-30,0.03186880252493074,0.011561434218528621,1.8554342167083477,0.35020943369963803,0.6497905663003619,0.01041732188165,0.010944733190518488
2013-01-31,-0.02541059131366208,-0.011488807993116579,1.8836428645773315,0.34678358138034354,0.6532164186196565,-0.0037697801149290215,-0.00392189354781447
2013-02-01,0.01937132180268475,0.005299318895280569,1.8975637446676674,0.34511751530584317,0.6548824846941568,0.009315526395568026,0.0096448539702133
2013-02-04,-0.007576190494104296,0.0035342184783622166,1.9108416863892146,0.3435432454729137,0.6564567545270864,-0.014329522491365878,-0.014768431988282838
2013-02-05,0.005015725096314982,-0.0017310477702732197,1.937831851204565,0.34038707817466873,0.6596129218253313,0.00837020460150707,0.008547328464093477
2013-02-06,6.280199512787021e-05,0.0031690544609201954,1.9343279315804476,0.3407935388671414,0.6592064611328585,-0.006067188565329682,-0.006202975986458871
2013-02-07,-0.014877151686328194,-0.004351151558843136,1.9190367038425533,0.34257876877108906,0.6574212312289109,-0.006527132140926475,-0.006708170677334384
2013-02-08,0.0012106957614466118,-0.0026341141940571244,1.9222745544825057,0.3421991949613667,0.6578008050386333,0.006274186450283816,0.006441064656973909
2013-02-11,-0.01686551446823359,-0.010684303018082209,1.9194307734965166,0.34253252691528263,0.6574674730847173,0.0036422655380351117,0.003742783255318856
2013-02-12,0.003528054724205143,0.0003033612515548345,1.9151532929393067,0.34303513383740947,0.6569648661625905,0.0029470714243397126,0.0030328471214303336
2013-02-13,-0.004838073149687538,-0.0027294232627358417,1.9098082302052282,0.34366525931829883,0.6563347406817012,0.0003746018611989789,0.00038621293731019423
2013-02-14,-0.016561861607867545,-0.005777886073545346,1.937745301514087,0.34039710640830884,0.6596028935916912,-0.005365790016171374,-0.005479498185297985
2013-02-15,-0.016610081509404684,-0.015843826461965138,1.9504123397060824,0.3389356757163032,0.6610643242836969,0.014291913130173882,0.014532117702162568
2013-02-19,-0.01427663745674923,-0.003232268202611799,1.8850686817480602,0.3466121989838041,0.6533878010161959,-0.008183589896995636,-0.0085095962693379
2013-02-20,-0.027130871818429547,-0.016213519827786183,1.8950173600915179,0.3454210720064172,0.6545789279935829,0.003594029723413307,0.0037243607996530585
2013-02-21,0.0027957338579747137,0.0003803090740506221,1.8745889730293768,0.34787582133739037,0.6521241786626096,0.0020828106614164048,0.0021736784085915157
2013-02-22,-0.00832898842921681,-0.0036750265728406895,1.8876823124360662,0.34629848155159215,0.6537015184484078,-0.0013917057699329065,-0.0014458367846830657
2013-02-25,0.01851983549452818,0.008776346059238271,1.8882497074940012,0.3462304514063824,0.6537695485936176,0.0019479026153053844,0.002023269605378575
2013-02-26,0.00941933957946195,0.018282688748398224,1.894779193446337,0.3454494913684469,0.6545505086315531,-0.025222318661258458,-0.026139111457993858
2013-02-27,-0.01069865052609209,-0.012382367882991407,1.8325855164768743,0.35303435472048317,0.6469656452795167,0.011993097515966378,0.01270192632794706
2013-02-28,-0.01893377744774971,-0.01097041156949885,1.77998278463383,0.3597144577755781,0.6402855422244218,0.0005933662863060393,0.0006403272958226576
2013-03-01,0.0019721695705787745,-0.0036761912513875172,1.7439517112776246,0.36443790023345024,0.6355620997665499,0.008383269594419866,0.009165543504243914
2013-03-04,0.00021090712993476757,0.00012720349180583845,1.7294303726513618,0.3663768125466423,0.6336231874533577,-9.08245230155807e-06,-9.98279977305525e-06
2013-03-05,0.003724882812374375,0.001590229653854136,1.7198938508902526,0.3676614069599402,0.6323385930400599,0.0009898566092073112,0.0010917962208892677
2013-03-06,0.006897052320637531,0.0,1.7207331982070715,0.36754798326384497,0.6324520167361551,0.006897052320637531,0.007604993012746639
2013-03-07,0.00024339253917649017,0.00012706290187325386,1.7281455276073017,0.3665493610515133,0.6334506389484867,2.3809353579421074e-05,2.6181910024759066e-05
2013-03-08,0.004936218492894273,0.001142955741683993,1.731304434110949,0.3661254261923769,0.6338745738076231,0.0029574141493242077,0.003248353547546074
2013-03-11,-0.003355360639909599,0.0007611780164726856,1.7364593336971037,0.365435724801708,0.6345642751982921,-0.004677115311218642,-0.0051275550712090515
2013-03-12,0.011071784017064656,0.008682945080430438,1.7312113703855792,0.3661379016076756,0.6338620983923244,-0.003960229234610044,-0.004349970065536477
2013-03-13,-0.007174474960246924,-0.002010651066211122,1.695733070582824,0.37095660950726017,0.6290433904927399,-0.003764947453870109,-0.004189896427381941
2013-03-14,-0.005186415921750842,0.0014480429938343864,1.6294648442609088,0.3803055219325743,0.6196944780674257,-0.0075459510731822905,-0.00860930058409278
2013-03-15,0.0015640232620699468,0.0011945331593272712,1.6248266993849745,0.380977532815523,0.6190224671844771,-0.00037688610850568913,-0.00043075541931282286
2013-03-18,0.0008328475662588986,0.007598100838893229,1.6254220613144799,0.3808911392705088,0.6191088607294911,-0.011517273161370212,-0.013160481887171867
2013-03-19,-0.0010748634844676141,0.0041755411592481195,1.631784697552173,0.3799702919961886,0.6200297080038114,-0.007888447652127956,-0.008992127273327124
2013-03-20,-0.0009371232349163483,-0.0023583744262211104,1.6162153876922827,0.3822315260067644,0.6177684739932355,0.002874517802682168,0.0032961939787584486
2013-03-21,0.01375811748016087,0.003919159457620447,1.5179424609109922,0.3971496630777654,0.6028503369222346,0.007809058928357899,0.009304095367055268
2013-03-22,-0.017581153338301236,-0.0047094419545772315,1.515210152604842,0.3975810923649318,0.6024189076350681,-0.010445359075622624,-0.012458631814289987
2013-03-25,0.004151241180525345,-0.0009961247880565516,1.5297463813344674,0.39529654331296626,0.6047034566870337,0.005675059470412418,0.006729994175248625
2013-03-26,-0.004898410575928547,-0.0054841872689167515,1.5275837458751766,0.39563476447889157,0.6043652355211084,0.00347914475540426,0.004129411847677004
2013-03-27,-0.002339039154118372,0.00651704601174008,1.5199082395550105,0.3968398469051355,0.6031601530948645,-0.012244351084921239,-0.014577139229978624
2013-03-28,-0.009973050031843678,-0.007097436614558861,1.490830354936536,0.4014725442935591,0.598527455706441,0.0006080239153786748,0.0007323147248952284
2013-04-01,-0.013396002846595811,0.0032605662231424137,1.5282848095773782,0.3955250596024257,0.6044749403975743,-0.018379076676045446,-0.02180815619319128
2013-04-02,-0.02493465590202193,-0.015562515258789045,1.4651331714976774,0.40565759755382946,0.5943424024461706,-0.0021334985644313395,-0.0025964097060952804
2013-04-03,-0.016313273036156817,-0.014157784968231613,1.4813095546984887,0.4030129969501178,0.5969870030498823,0.004658789110651311,0.005632657684926472
2013-04-04,-0.0009338335341274595,-0.0006439979189559741,1.450748178418788,0.40803865889036206,0.5919613411096378,4.45273703410156e-07,5.450666543357126e-07
2013-04-05,0.016935884403887602,0.015208129168290396,1.4521843065400404,0.40779968998780947,0.5922003100121905,-0.005149122106137549,-0.006299431195776802
2013-04-08,-0.002977808674442861,-0.002158197512614035,1.4326582578072722,0.41107294737789063,0.5889270526221093,0.00011415081398275092,0.00014077293464842457
2013-04-09,0.02750731414023977,0.009033047819258844,1.4317154539978125,0.41123232504690066,0.5887676749530995,0.014574559980705643,0.017980590562203285
2013-04-10,-0.008146102389155141,-0.01758914588487892,1.4628658087534976,0.40603105392336364,0.5939689460766363,0.017584457731011516,0.021419507715580332
2013-04-11,0.001664297806690529,0.003850349619453741,1.3737269346121268,0.4212784484258307,0.5787215515741694,-0.0036250311732266283,-0.004581442524456548
2013-04-12,-0.049232399808390226,-0.04046541382872515,1.3382652065873912,0.427667484929762,0.572332515070238,0.004921055588752915,0.006313726400524522
2013-04-15,-0.1127194325866182,-0.09353765783748336,1.290524098216615,0.4365813050290947,0.5634186949709054,0.007993168943394302,0.010469004385875336
2013-04-16,0.011432250207558337,0.019256264671697165,1.2318587868559276,0.44805702129959735,0.5519429787004025,-0.01228874863029519,-0.016518180320368718
2013-04-17,-0.013588991153703711,-0.0033170590526998556,1.2103951553615575,0.4524077957619431,0.5475922042380569,-0.00957403894626761,-0.012994109568659776
2013-04-18,-0.0026608417267394158,0.007090181720680988,1.209966936391091,0.45249545752617226,0.5475045424738277,-0.011239727181767904,-0.01525777648075027
2013-04-19,-0.012220852567345064,0.002370724732848384,1.2001827659403588,0.4545076961243261,0.5454923038756738,-0.015066155534498256,-0.0205430509243067
2013-04-22,0.01590066531610934,0.01841894235828323,1.1956118262328075,0.45545391405355223,0.5445460859464477,-0.006121239994154485,-0.00836382814259641
2013-04-23,-0.021740993830070665,-0.008726266301240293,1.1849661112629084,0.45767300227004476,0.5423269977299552,-0.011400663985245392,-0.015653328341997695
2013-04-24,0.0007013872736292281,0.010506921116457235,1.1872352371022568,0.4571981938828139,0.5428018061171861,-0.011772799709282586,-0.01614750829208434
2013-04-25,0.057426908294790024,0.02697767581525068,1.1782865595404497,0.45907642207137744,0.5409235779286227,0.025639475474040704,0.035311435993228314
2013-04-26,-0.015824357048087934,-0.005609572423233455,1.2273276957470243,0.4489685114181681,0.5510314885818318,-0.008939573451754765,-0.012040760956043136
2013-04-29,0.015321168840740196,0.009493704636698519,1.2110162675611846,0.45228070669196346,0.5477192933080365,0.0038241380862772435,0.005188751628447371
2013-04-30,0.0009120039535457369,0.0032710417595427366,1.2094515267787966,0.4526010133645792,0.5473989866354209,-0.003044162496690427,-0.004133373092545605
2013-05-01,-0.03474978569581688,-0.01759265263059795,1.2017914636549576,0.4541756185846989,0.5458243814153011,-0.013607085941317331,-0.018540020023598884
2013-05-02,0.020811010684425924,0.014796308940934866,1.21728199984083,0.4510026239656418,0.5489973760343583,0.0027997301465419767,0.0037880569274584275
2013-05-03,0.007776353880744713,-0.0023164832437552185,1.2224405293970346,0.4499557971395112,0.5500442028604888,0.010608116883580203,0.014319551065501313
2013-05-06,-0.002377522960777867,0.002595046528103051,1.2228689659494052,0.44986907249968827,0.5501309275003118,-0.005550924825189839,-0.0074915682078709415
2013-05-07,-0.006145972223108309,-0.01300999652855006,1.2206002415091695,0.45032869100310363,0.5496713089968964,0.00973403268167335,0.013150542587158169
2013-05-08,0.005090248217703097,0.017184281859256467,1.2126823474331134,0.4519401536149457,0.5480598463850542,-0.015748827046332303,-0.021352581943723893
2013-05-09,-0.0005441356175001077,-0.003460190990881462,1.1946469056761344,0.4556541635074169,0.544345836492583,0.0035895708428048687,0.004906808699186596
2013-05-10,-0.010343806005252754,-0.02178649165046731,1.1933701149661018,0.4559194060212017,0.5440805939787983,0.01565554204037344,0.021412996283961032
2013-05-13,0.0016079936890909252,-0.0016008134395603113,1.171868380584368,0.46043305797883466,0.5395669420211654,0.003483936342126159,0.004812358391426229
2013-05-14,-0.013308007310616654,-0.006831682696497032,1.1701396853951693,0.46079983087259474,0.5392001691274052,-0.005313984269417994,-0.0073460491578223215
2013-05-15,-0.03048597333092906,-0.01979360717228873,1.1743356076802844,0.4599106027918394,0.5400893972081606,-0.007241635624074538,-0.009991515015200937
2013-05-16,0.0,-0.0067311309803527175,1.1798335715173836,0.45875061888504604,0.5412493811149539,0.007941614304900854,0.010929661431958804
2013-05-17,-0.01342573651262402,-0.016004579022861898,1.1713544861451122,0.46054202866494537,0.5394579713350546,0.005321298924669218,0.00735204540569926
2013-05-20,0.010251134086459501,0.014213513127007804,1.165152892974411,0.46186114765606007,0.53813885234394,-0.006309781852803408,-0.008742729263985494
2013-05-21,-0.005583186529697248,-0.004695513812560059,1.1599472604011376,0.46297426716533974,0.5370257328346602,-0.00013663814664250686,-0.00018977983742593518
2013-05-22,0.0007129822691023247,-0.007403159297942441,1.1533007600162906,0.4644033098248823,0.5355966901751177,0.00925105151394101,0.012888656827304081
2013-05-23,0.001602960985047197,0.01784149228549703,1.1633900995608604,0.46223748560326067,0.5377625143967392,-0.019153654501291514,-0.026560611290371693
2013-05-24,-0.0005334369398848349,-0.003735597106232058,1.1443534713881025,0.46634102695423196,0.533658973045768,0.003741406576339171,0.005234314155189979
2013-05-28,-0.013432970423540525,-0.005552403353817459,1.1411196628530367,0.4670453582531219,0.5329546417468781,-0.0070970137804082754,-0.009943882030794377
2013-05-29,0.011947672948705801,0.00884640233352485,1.1431163225793364,0.46661022990877843,0.5333897700912215,0.001835206045149614,0.0025689777439717263
2013-05-30,0.010202721972214723,0.014518759766370515,1.1451576563433405,0.4661662032359015,0.5338337967640984,-0.006423546934854123,-0.008983321457785678
2013-05-31,-0.019670069229504872,-0.013390027923529946,1.1397363743675475,0.46734729192776137,0.5326527080722385,-0.0044089673512606314,-0.006181556855428715
2013-06-03,0.021909280982444157,0.013715335287077801,1.1406161974488995,0.4671552056794487,0.5328447943205513,0.006265347400560766,0.008780668960686494
2013-06-04,-0.01386751186183588,-0.010342123745076148,1.1477891472350812,0.465595052143425,0.5344049478565749,-0.0019969344678752426,-0.0027892884230921317
2013-06-05,0.0029018096055610787,0.0009305338564478127,1.1469474351764313,0.46577758896915994,0.53422241103084,0.0018345361855634265,0.0025634575241652363
2013-06-06,0.010505233003880843,0.012371228872840812,1.147916489519733,0.46556744867841526,0.5344325513215848,-0.003695904614875744,-0.005162078646319443
2013-06-07,-0.04246512016355086,-0.023098080313421643,1.1445680331697072,0.4662943700237774,0.5337056299762225,-0.01602779580922192,-0.02242101284919263
2013-06-10,0.008464830445416016,0.0023137752508135545,1.1614606677802073,0.46265010273214335,0.5373498972678568,0.005777471497512789,0.008018843345568967
2013-06-11,-0.012590624294946173,-0.006636813948880493,1.164418838483463,0.46201778612344135,0.5379822138765586,-0.004862593105359903,-0.006739813504072477
2013-06-12,0.006976163826307724,0.010748038364651435,1.1647966485605676,0.46193715269511676,0.5380628473048832,-0.0055431152394386715,-0.0076817126123016315
2013-06-13,-0.009818260194527473,-0.010202667584430447,1.165515226469498,0.46178386915816283,0.5382161308418372,0.0020731042257329853,0.002871978271581345
2013-06-14,0.017190175608279956,0.007041284417896199,1.165350555139594,0.4618189870579791,0.5381810129420209,0.00898461090298885,0.012447791718985156
2013-06-17,-0.00892812615174654,-0.0032437106909938285,1.1709665533163025,0.4606243235172971,0.5393756764827029,-0.005129849423958255,-0.007088800261969102
2013-06-18,-0.003722910994312767,-0.011715412691745586,1.16730298594713,0.4614029540327475,0.5385970459672526,0.009952525222364759,0.013776373613053585
2013-06-19,-0.0024912738978432047,0.005122201174486918,1.159998025945006,0.46296338607184456,0.5370366139281554,-0.008433017148741222,-0.011712534521949503
2013-06-20,-0.08324850886389612,-0.06384679144629768,1.156509697086276,0.46371226679440836,0.5362877332055916,-0.009409075428407757,-0.013089311086039557
2013-06-21,0.006861047124942843,0.004432654999343644,1.1783948488587852,0.4590536011062819,0.5409463988937182,0.0016376293069481516,0.0022552788918951986
2013-06-24,-0.023298935179964286,-0.011458599440665407,1.1834455472372187,0.4579917283787227,0.5420082716212772,-0.009738306694333926,-0.013380191743260238
2013-06-25,0.001692866087550815,-0.0015664159801964672,1.1864435684719379,0.4573637364438728,0.5426362635561274,0.00355133025280658,0.004872749021309342
2013-06-26,-0.0480896866120355,-0.03545659829848469,1.191879612177749,0.45622943634502205,0.5437705636549779,-0.005829689982895334,-0.007979028524887674
2013-06-27,-0.002905199733892694,-0.01480152206672114,1.1955632606047215,0.4554639886461623,0.5445360113538377,0.014790956250109167,0.020210243788696815
2013-06-28,0.04953322293840556,0.010236110421130373,1.1886455004604586,0.456903596214926,0.543096403785074,0.037366116344112535,0.05121813880263103
2013-07-01,0.005603786495410823,0.02622975511128267,1.2123005119390726,0.4520181569381386,0.5479818430618615,-0.026194559054033666,-0.035521248916234587
2013-07-02,-0.013394638926509828,-0.00979381207820551,1.1800232854278305,0.4587106966629256,0.5412893033370744,-0.0018377126211229916,-0.00252893531010474
2013-07-03,0.020261106515209404,0.006834995309480618,1.1802286343840656,0.45866749212864505,0.5413325078713549,0.0121942493350796,0.016779317282737072
2013-07-05,-0.048910527917776614,-0.031307365175477164,1.176416033848844,0.4594709763425,0.5405290236574999,-0.012080041547784345,-0.016651285452655318
2013-07-08,0.015967093295790713,0.018138345747521933,1.196941144552211,0.45517832941483916,0.5448216705851608,-0.005743439023531919,-0.007842866939481757
2013-07-09,0.0052562619434866065,0.00890760367845922,1.1934772228779238,0.45589714338950954,0.5441028566104905,-0.005374760157178081,-0.007351013406183716
2013-07-10,0.0013594284556270875,0.0012039489289723537,1.1922571374483735,0.456150869767005,0.5438491302329952,-7.598824806352602e-05,-0.00010398631633874505
2013-07-11,0.04135563483559168,0.026214486557537997,1.1944798613916272,0.45568884800148085,0.5443111519985191,0.01004295856589102,0.013729392658252446
2013-07-12,-0.008223509919207173,-0.0017966774483842984,1.2295390390149947,0.44852320704005155,0.5514767929599484,-0.006014424855900829,-0.008092827374610121
2013-07-15,0.0023763024725811377,0.004695570332386989,1.228535240572174,0.44872523521021423,0.5512747647897859,-0.003392371155341475,-0.004566727633802848
2013-07-16,0.004892571422634218,0.0054525624970880315,1.2333776397890062,0.44775231120092746,0.5522476887990725,-0.0018324972408262684,-0.0024615146245478533
2013-07-17,-0.025799323912271355,-0.009993820829007571,1.2363476116227328,0.4471576756684899,0.55284232433151,-0.013443487399342325,-0.018034075735105643
2013-07-18,-0.0017002908635358471,0.005242938448918988,1.252209117020025,0.444008503670003,0.555991496329997,-0.008265546189247032,-0.01100991838650861
2013-07-19,0.0037159633351195875,0.00677259334231195,1.2437233831926326,0.44568773828843505,0.5543122617115651,-0.00470726936956853,-0.0062939167165122776
2013-07-22,0.053990088416907556,0.03332558103975236,1.2510811092158824,0.4442309945679075,0.5557690054320924,0.012297083524430388,0.01638823693302701
2013-07-23,-0.012293829217943308,-0.0009727991652013213,1.2349171586268939,0.4474438777920466,0.5525561222079534,-0.011092502836938278,-0.014889817451336822
2013-07-24,-0.011459070810528993,-0.011534734997881935,1.2323441460022555,0.4479596041635552,0.5520403958364448,0.0027556923397981485,0.0037033165491975606
2013-07-25,0.006645319305067066,0.007047093409275895,1.226619828638947,0.44911124348122966,0.5508887565187702,-0.001998785205021586,-0.0026930307266373847
2013-07-26,-0.018960638389522555,-0.005492888508747185,1.2266883659400374,0.4490974198708006,0.5509025801291992,-0.012222575960436664,-0.01646738198402093
2013-07-29,0.0045029448344384715,0.005069284625642156,1.2162491405722438,0.4512128089271571,0.5487871910728428,-0.0016625682348148894,-0.0022505162497916745
2013-07-30,-0.009469110732087893,-0.0033122736624483506,1.2117433505849617,0.45213202505413663,0.5478679749458634,-0.005455485146298406,-0.007399798640545983
2013-07-31,-0.0024915989761263857,-0.008761310865511684,1.2129010425654947,0.4518954895699559,0.5481045104300442,0.008135004106893133,0.011028514990614222
2013-08-01,-0.00010199361047458222,-0.0010667665254635583,1.2096881445348024,0.45255254795718075,0.5474474520428192,0.0011884612083652678,0.0016135234439819154
2013-08-02,0.014682646452822468,-0.0003051292250667581,1.21818855720121,0.45081830250794624,0.5491816974920537,0.015054351383266464,0.02036033140788702
2013-08-05,-0.009646758609374806,-0.006104074583416219,1.2400072779821503,0.44642712094258136,0.5535728790574185,-0.0020776617005928318,-0.0027825735938649763
2013-08-06,-0.009943739457982437,-0.014893309364093832,1.2409552000881081,0.4462382826576286,0.5537617173423712,0.008538190243910719,0.011430202054340513
2013-08-07,-0.0008711349677661406,0.0022599941742627028,1.2573797029297527,0.4429914908431862,0.5570085091568137,-0.0037128057712235494,-0.004934224091416517
2013-08-08,0.03518313942085194,0.01912757643489571,1.2564926994179755,0.44316562613206467,0.5568343738679352,0.011149479272846173,0.01482319788899205
2013-08-09,0.01065200913720532,0.0016785483513754862,1.2722275018605225,0.44009677692096855,0.5599032230790315,0.008516513761382787,0.01124427077096292
2013-08-12,0.04573756345400737,0.016604407306292535,1.2674795989350356,0.44101830087894456,0.5589816991210554,0.024691815940873732,0.03266862813557932
2013-08-13,0.00018749812233642693,-0.010114632871715434,1.3017554070005104,0.4344510267939943,0.5655489732060056,0.013354276152917094,0.017405336960176144
2013-08-14,0.020856753168119857,0.009688199592174929,1.3007797894671365,0.43463525043898327,0.5653647495610168,0.008254538942294956,0.010763140801328126
2013-08-15,0.05270651989922159,0.020689636871017658,1.3156055992931501,0.43185247103619673,0.5681475289638034,0.02548711778436875,0.03302002438431072
2013-08-16,0.016921739564443428,0.0074177260333683215,1.3522916516710917,0.4251173528119228,0.5748826471880772,0.006890810575136125,0.00878820945129082
2013-08-19,-0.006690403615659757,-0.004009623238158788,1.360710676063899,0.4236012528512546,0.5763987471487453,-0.0012344664685031929,-0.0015687646279824467
2013-08-20,-0.004101693201221335,0.005050523101061355,1.3913607441538207,0.4181719560483328,0.5818280439516671,-0.011128792781480124,-0.013961247137664327
2013-08-21,-0.00468220765226679,-0.0018206977237278377,1.3878838908145796,0.41878083094688057,0.5812191690531193,-0.00215529061146215,-0.0027077831796003884
2013-08-22,0.0031361835946417393,0.0004377466778233696,1.3856770317547502,0.4191682221396349,0.5808317778603651,0.0025296080774549496,0.003180993961610553
2013-08-23,0.030525362311338844,0.017867561896469875,1.3864847719789513,0.41902634860341775,0.5809736513965822,0.005752259829492012,0.007231045297710469
2013-08-26,0.011587225417299285,-0.001934478230516512,1.4039983038513728,0.41597367119516276,0.5840263288048372,0.014303229571781872,0.017849300744763964
2013-08-27,0.0266994653099768,0.0198133349504217,1.4000710529540044,0.41665433144956326,0.5833456685504368,-0.0010406114165904881,-0.001300725762234875
2013-08-28,-0.010548104471231001,-0.001126267502065459,1.3954042453507287,0.417466071516285,0.582533928483715,-0.008976506017448298,-0.011242160109139303
2013-08-29,-0.012259616512576232,-0.004298784768102526,1.39592443256899,0.41737543405230304,0.582624565947697,-0.006258837824426497,-0.007836855460898944
2013-08-30,-0.026027430666016982,-0.011890472459360368,1.398353817219205,0.4169526584528132,0.5830473415471867,-0.009400343113930582,-0.011758494155165857
2013-09-03,0.03916807958528845,0.011388886678684651,1.414218634575041,0.4142126921226517,0.5857873078773483,0.023061703817229173,0.028657351269209187
2013-09-04,-0.04154706297880262,-0.015651540783241824,1.4132281274685095,0.41438270531390076,0.5856172946860991,-0.019427865305704766,-0.024151714151556036
2013-09-05,-0.006975057145371055,-0.01208723543638135,1.4367714699718035,0.4103790660400219,0.589620933959978,0.010391537880453851,0.012793408830300477
2013-09-06,0.02740669209305091,0.009904577836828077,1.426624860680519,0.4120950115542628,0.587904988445737,0.0132765751164867,0.016413631128088874
2013-09-09,-0.0072980367956221315,7.218407714337793e-05,1.4426102287425515,0.40939810545000344,0.5906018945499967,-0.00740217028366151,-0.00909130347104801
2013-09-10,-0.029660287562552123,-0.016368670639555827,1.4451272784069622,0.40897666507222286,0.5910233349277771,-0.006005475110070862,-0.007368297548073069
2013-09-11,0.006749137391059978,-0.00014658102445097576,1.451021422222923,0.4079931700854179,0.592006829914582,0.006961829597629726,0.008521136781394323
2013-09-12,-0.04420221211521502,-0.0245619175895182,1.4497673904805637,0.4082020210922282,0.5917979789077717,-0.008593144946260567,-0.010523217403806087
2013-09-13,-0.01941268095493609,-0.016536379732621564,1.476034410718727,0.4038716084360583,0.5961283915639418,0.004995584559125084,0.006052724312916553
2013-09-16,0.013520962923237567,0.0072607763854593,1.4762858622422006,0.403830597770538,0.596169402229462,0.002801981396481976,0.003394577466849725
2013-09-17,-0.010381038124654962,-0.006373794869453109,1.5355167969871737,0.3943969139499488,0.6056030860500513,-0.0005939690420590435,-0.000702778671509684
2013-09-18,-0.010167962511188677,-0.0012981681343069429,1.5371010071903484,0.39415064562503405,0.6058493543749659,-0.00817254696444306,-0.009663643987308432
2013-09-19,0.08031982177983976,0.04710198293778567,1.530865241721676,0.39512178819909366,0.6048782118009064,0.008213033284216242,0.009735445193394601
2013-09-20,-0.05877295822527462,-0.02694612513231931,1.5570662211158444,0.39107317274076037,0.6089268272592395,-0.01681605699177951,-0.01972892628229398
2013-09-23,-0.0032455269377689167,-0.004202608319652912,1.6174434430399633,0.38205219014725883,0.6179478098527411,0.0035519543325188835,0.0040710957961256535
2013-09-24,-0.012199071036817388,-0.008214653865030841,1.6441985219800619,0.37818643028783155,0.6218135697121684,0.0013074507066441234,0.0014833803465691305
2013-09-25,0.013881786179474886,0.015121599098831595,1.6191454040092097,0.3818039267576622,0.6181960732423377,-0.010602281502668096,-0.012143978130926426
2013-09-26,-0.005403426781890208,-0.009207312376178667,1.6869799373312868,0.37216504154221625,0.6278349584577837,0.01012912447346526,0.01130911809136043
2013-09-27,0.0029006277477960918,0.011181662965484174,1.6807900524342225,0.3730243623859973,0.6269756376140028,-0.015893400134261857,-0.017785876353685656
2013-09-30,-0.005830271459400516,-0.008891231468164507,1.662559539923274,0.37557845561974423,0.6244215443802558,0.008951930239662403,0.010086456402684275
2013-10-01,-0.024565920975206823,-0.030531473803241616,1.6634970751275422,0.3754462542265472,0.6245537457734529,0.026223096395818782,0.029536089948095496
2013-10-02,0.03417913762995406,0.02690511320834954,1.6128038011231889,0.382730612826773,0.6172693871732271,-0.009213531222121797,-0.010578901352823848
2013-10-03,-0.004897937730648061,-0.0024231040671155446,1.5975499129958886,0.3849781653845675,0.6150218346154326,-0.0010269080390476388,-0.0011860115186736716
2013-10-04,-0.0015640276106236861,-0.005844901396303115,1.5981026630794888,0.38489626072540034,0.6151037392745996,0.007776724876245344,0.008979696976671104
2013-10-07,0.029209895435465594,0.011529432861884903,1.5972425021140895,0.3850237315868755,0.6149762684131246,0.010794595243192144,0.012468526024511324
2013-10-08,0.00259629595793065,-0.0004529722479862386,1.605247368738657,0.38384071009892423,0.6161592899010758,0.003323428467122194,0.003827001428349486
2013-10-09,-0.024601451243936756,-0.01306443693983117,1.6073357678514801,0.38353326500177953,0.6164667349982205,-0.003602514463705981,-0.004145052403443868
2013-10-10,0.00018308660441657132,-0.007881282910483511,1.6154013532060134,0.3823504942268915,0.6176495057731086,0.012914521683011063,0.01481362124460956
2013-10-11,-0.029061794864789103,-0.02205767092739075,1.5972246394394662,0.385026379626454,0.614973620373546,0.00616926062908698,0.007125984254968139
2013-10-14,0.004477931306679839,0.006624624932225931,1.5943597499865474,0.385451555053298,0.614548444946702,-0.006084104044018546,-0.007035382094619021
2013-10-15,-0.007695896837408234,-0.0026637608500699184,1.5950355988132512,0.38535116838370737,0.6146488316162927,-0.0034471034548216664,-0.003985036031565129
2013-10-16,0.008228496506681893,0.0070699135899450205,1.599727481648325,0.3846557022068953,0.6153442977931046,-0.0030814385560321237,-0.003555878734733812
2013-10-17,0.027345224739707685,0.03174723180333472,1.5957367293719429,0.38524708175699973,0.6147529182430003,-0.023314999104758587,-0.026946106098825924
2013-10-18,-0.0015523168934852283,-0.006274988330088771,1.5323732281080302,0.3948864997072779,0.6051135002927222,0.00806330723023312,0.009552273504633427
2013-10-21,0.016644580413816668,0.0009889886896434774,1.5324332921235346,0.39487713382628326,0.6051228661737168,0.015129021220273372,0.017922313611175703
2013-10-22,0.023433630778377124,0.020369422986034502,1.5277415935532035,0.39561005861928983,0.6043899413807101,-0.007685583954066478,-0.009121482955775143
2013-10-23,-0.007559065652308794,-0.0064059408461359935,1.5134884682239886,0.3978534266785764,0.6021465733214236,0.002136251946443053,0.0025497454714234428
2013-10-24,0.009033679880319001,0.012219751450242677,1.5115683330990002,0.3981575921392947,0.6018424078607052,-0.009437309450208414,-0.011272609220905177
2013-10-25,-0.008031188574725179,0.0016294425431417903,1.5069247702780728,0.39889509723464023,0.6011049027653597,-0.01048663590473044,-0.012549202946645152
2013-10-28,-0.004645465053657705,-0.0002957885291637874,1.505841912712824,0.3990674730623371,0.600932526937663,-0.004200054289143194,-0.005028315155679014
2013-10-29,-0.0020446052374007984,-0.0050296219142936804,1.507303675683623,0.3988348159412112,0.6011651840587887,0.005536562361312966,0.006624521490963883
2013-10-30,0.022002471431821435,0.002824895157641505,1.5043593161909834,0.3993037235251667,0.6006962764748333,0.017752814084160642,0.021266294300566098
2013-10-31,-0.04854869931885386,-0.018828780143856583,1.5214713321905387,0.3965938407601271,0.603406159239873,-0.019901250109857625,-0.023678139650989007
2013-11-01,-0.0012825154356149726,-0.007932910391110992,1.5560764602164205,0.3912246036315091,0.6087753963684909,0.01106169968499908,0.012982827224263662
2013-11-04,-0.005778818248682427,0.0011423349538413063,1.543004211176289,0.3932356838439687,0.6067643161560314,-0.0075414458930334344,-0.008896696898757874
2013-11-05,-0.002952263931726762,-0.005020520088626745,1.5413834334351872,0.3934864715192939,0.6065135284807062,0.004786282560111062,0.005650012308817303
2013-11-06,0.006107151268875732,0.007415864810301986,1.5127098133297785,0.3979767160915512,0.6020232839084487,-0.0051109002039950585,-0.0061020578383727785
2013-11-07,-0.004920461212435501,-0.00705769682205859,1.5216369884822099,0.39656778694458583,0.6034322130554142,0.005818791325502195,0.006922635595940276
2013-11-08,-0.015342702220912163,-0.01826660346079223,1.5137892099534913,0.3978058287625881,0.602194171237412,0.012309085000534216,0.014689877279839968
2013-11-11,-0.0016426455491377334,-0.0027247956403270157,1.4570724351738067,0.4069884085160325,0.5930115914839675,0.0023275790698645236,0.0028418931040181685
2013-11-12,-0.023693104798194198,-0.0077283562951308005,1.4524996449142344,0.4077472557738008,0.5922527442261992,-0.012467670023746021,-0.01525097471422715
2013-11-13,-0.01617875809817282,-0.002202758879388589,1.459520624786831,0.4065832951031549,0.5934167048968452,-0.012963786082272846,-0.015812576587028736
2013-11-14,0.013704027873877589,0.01411330257401544,1.4669230148630936,0.4053632780492329,0.5946367219507672,-0.006999100487672199,-0.008511534951236365
2013-11-15,0.0002413654303003998,0.0008553084263824839,1.45772381796881,0.4068805423493238,0.5931194576506763,-0.0010054380345467695,-0.001227279518385083
2013-11-18,-0.017763099868399634,-0.011730052888598963,1.4572738154957607,0.40695505470083226,0.5930449452991678,-0.0006692009394639528,-0.0008170041147762021
2013-11-19,-0.001130311863531741,0.0009433055244829625,1.4500202621976492,0.4081598897076091,0.5918401102923909,-0.0024981239874750172,-0.003058902033611207
2013-11-20,-0.013578715618506987,-0.012172137351051271,1.4502335214812019,0.4081243649770514,0.5918756350229485,0.004073725996060967,0.004987760505698664
2013-11-21,-0.006084775323835445,-0.011447670033053803,1.4490455416990828,0.4083223374058722,0.5916776625941278,0.01050341990040336,0.012866342893464163
2013-11-22,-0.003612936471831807,0.00040209087253728626,1.4407094558629816,0.4097169360317907,0.5902830639682093,-0.004192232594012472,-0.005152886080654188
2013-11-25,0.0012086149984875671,-0.0023312093360631225,1.4386083539832666,0.41006994762672,0.58993005237328,0.00456231222423176,0.005612601404542386
2013-11-26,-0.001710185654684504,0.0002417604012789898,1.4304228912116066,0.411451029208124,0.588548970791876,-0.002056005266862475,-0.0025378364493236667
2013-11-27,-0.010732704021712558,-0.002899931943884604,1.4020351163136837,0.41631364721039704,0.5836863527896029,-0.00666689760146654,-0.00832656136813435
2013-11-29,0.017725334405352733,0.010340867872747905,1.377898883546333,0.42053932861460763,0.5794606713853924,0.00347666410859325,0.00438622197013892
2013-12-02,-0.03743561708276377,-0.022629079889877057,1.3915513170116445,0.4181386336503734,0.5818613663496267,-0.005946091159243633,-0.007458871298660089
2013-12-03,-0.011542667517286165,-0.0004909577290987954,1.387277868206341,0.41888714058717463,0.5811128594128254,-0.010861572725482561,-0.013649319423771107
2013-12-04,0.04013468524232233,0.021691087058308245,1.3871474769800223,0.41891002112073067,0.5810899788792694,0.010045948556436039,0.012625045565863184
2013-12-05,-0.013148590405324567,-0.012017305389186439,1.4004182934261733,0.4165940589349019,0.583405941065098,0.00368066389938106,0.0046000281402549595
2013-12-06,-0.002511006791545145,-0.002351526482785138,1.3958836918499768,0.4173825312980247,0.5826174687019753,0.0007714506767279644,0.0009659701086728754
2013-12-09,0.009195938645793156,0.004064049257546998,1.3755251211386408,0.4209595558899744,0.5790404441100255,0.003605736798492419,0.00455360808404852
2013-12-10,0.031154624674959885,0.02193797014065213,1.3824710821171708,0.41973227188611045,0.5802677281138897,0.0008260153551583535,0.0010401159049002809
2013-12-11,0.0020734506229673766,-0.0030893728918237606,1.3819790706529893,0.41981896999870055,0.5801810300012994,0.006342899300910515,0.007988608353941192
2013-12-12,-0.04414227478712174,-0.025824394119984162,1.3798161292006728,0.4202005305073202,0.5797994694926798,-0.008509359253532578,-0.010726911817835291
2013-12-13,0.008091927871118898,0.007911868818821333,1.3971749272948495,0.41715770869023494,0.5828422913097651,-0.002962336870584184,-0.0037072849839044995
2013-12-16,0.02505239382053759,0.007930767350788681,1.319830143025859,0.4310660429197005,0.5689339570802994,0.014585128013641351,0.018861460254952944
2013-12-17,-0.012818593058046224,-0.01148137200170618,1.2697084341957363,0.440585224486927,0.5594147755130731,0.0017594018086588975,0.0023254993224920556
2013-12-18,0.011216659464639456,0.003979877037355806,1.2684399924598928,0.44083158616666845,0.5591684138333315,0.006168424265384557,0.008157708759175323
2013-12-19,-0.04351955094300064,-0.03324971798211973,1.2703437823434447,0.440461928178913,0.5595380718210871,-0.0012809784397418145,-0.0016926667005728868
2013-12-20,0.014365544772078076,0.008451862415010503,1.2844228962130262,0.4377473197531585,0.5622526802468415,0.003509779170596264,0.004609189274561934
2013-12-23,-0.0020598933817809195,-0.005559664183560686,1.2925325438126956,0.43619882417760864,0.5638011758223912,0.005126153508141108,0.006708066398415225
2013-12-24,0.0038703093501324393,0.005590746858630036,1.3062935797209296,0.4335961426563065,0.5664038573436935,-0.0034328473771409324,-0.00446540814316838
2013-12-26,0.022207429884613994,0.007468260046743502,1.3073956125002966,0.43338905326096155,0.5666109467390386,0.01244345946649028,0.016178577352420113
2013-12-27,0.006437025794623796,0.0016473107983012714,1.3684401996350797,0.4222188088827728,0.5777811911172271,0.004182779476935382,0.005298144505712895
2013-12-30,-0.021586024251813885,-0.010689910583820517,1.3802484565627158,0.4201242089845051,0.579875791015495,-0.006831291667702176,-0.008609973024707451
2013-12-31,-0.012358851959408446,-0.0009973827580626038,1.3882379237268936,0.41871875078487986,0.5812812492151203,-0.010974247390194614,-0.01378536947407955
2014-01-02,0.0392470574125825,0.019219548312430446,1.3910721169408058,0.418222433742159,0.581777566257841,0.012511279654963785,0.015697493479583144
2014-01-03,0.004179502217869446,0.010938795440051052,1.401304920635741,0.41644024105662175,0.5835597589433782,-0.0111490856581019,-0.013928783757062638
2014-01-06,-0.0052026333546919545,-0.0004844764002821522,1.385398173270128,0.41921722386041155,0.5807827761395884,-0.0045314406347485734,-0.005698973888962675
2014-01-07,-0.015540184284252634,-0.0067862530963826995,1.3759971478503386,0.4208759260947517,0.5791240739052482,-0.006202319379039511,-0.00783122073776604
2014-01-08,-0.012496825106402376,-0.003334940218413962,1.3895978564777067,0.418480455734092,0.581519544265908,-0.007862599327413039,-0.009871032449371122
2014-01-09,0.0074290634476339434,0.0032645065213419144,1.3975127608803186,0.4170989269866576,0.5829010730133424,0.0028668739260816,0.003587310115123985
2014-01-10,0.027361038696488205,0.014154316808444811,1.402977506834697,0.41615037891771284,0.5838496210822872,0.007502850589627859,0.009366942347509854
2014-01-13,0.007920392342959826,0.0033689527606377556,1.4158663995157124,0.413930174367449,0.5860698256325511,0.0031504053276171272,0.003912143479766091
2014-01-14,-0.005402515103473227,-0.0045567776248605085,1.4188367435117308,0.413421865978509,0.586578134021491,0.001062808422690977,0.001318164723859738
2014-01-15,-0.0073082224990854705,-0.0057018758949159976,1.4991832579957696,0.40013072142694894,0.5998692785730511,0.0012399343817422383,0.0014884075160658
2014-01-16,-0.003880068639121048,0.0015346292315072674,1.5042360994903232,0.3993233705893489,0.600676629410651,-0.006188513328487372,-0.007413654003806064
2014-01-17,0.012084923068365283,0.009435444493447687,1.4979849282897886,0.4003226715561636,0.5996773284438364,-0.00204923057453423,-0.0024610603746963496
2014-01-21,-0.021167456964194087,-0.007509708964156703,1.5169976345223717,0.39729874445820096,0.6027012555417991,-0.009775246229616919,-0.011651079161389693
2014-01-22,-0.0014618071162624258,-0.002656402397502866,1.5278887602829565,0.3955870272899453,0.6044129727100547,0.0025968802496709013,0.00308187641458585
2014-01-23,0.008935334728660038,0.01904759934296818,1.5466659768222584,0.392670263435099,0.607329736564901,-0.02052493911525085,-0.02417859974812476
2014-01-24,-0.012158512447487335,0.0015048506659289806,1.4917384042218238,0.4013262380616165,0.5986737619383835,-0.014403355978472383,-0.01734133401090784
2014-01-27,0.0014182179955632979,-0.0007117630795274721,1.4869908394010432,0.40209235360144546,0.5979076463985544,0.002476603174644525,0.002987469598288886
2014-01-28,-0.014566795212440087,-0.009971490843132425,1.4905119294728466,0.4015238747367352,0.5984761252632648,0.00029583084387804597,0.0003563494401016519
2014-01-29,0.0025663986510424674,0.008952798698541153,1.47909291953959,0.40337334357992405,0.5966266564200761,-0.01067562251403301,-0.01291878464484783
2014-01-30,-0.021604508502069852,-0.015845350002930414,1.4122586208051247,0.4145492491456974,0.5854507508543026,0.0007732236392431306,0.0009616178372098341
2014-01-31,-0.0003139824592990337,-0.0016905294384824687,1.4198587209540052,0.41324726577664,0.5867527342233599,0.002086330506959777,0.002586511132522557
2014-02-03,0.014865239651048467,0.016369687305681557,1.4214694603810227,0.412972377459862,0.5870276225401381,-0.008403770929964773,-0.010411575781726884
2014-02-04,0.0006705084492328872,-0.00690262858907198,1.406415714676776,0.41555579690615413,0.5844442030938459,0.010378473769480902,0.01293850481383876
2014-02-05,0.019740202645711413,0.004473993668376419,1.4008231664168624,0.4165238048300167,0.5834761951699833,0.013472928668647364,0.016835386533805237
2014-02-06,0.006216886509043951,0.00023854827500557896,1.4157445632201946,0.413951050630534,0.586048949369466,0.005879163085639246,0.007301057208385855
2014-02-07,0.0006027290375132388,0.004532501075734885,1.4448635256227578,0.4090207856265839,0.5909792143734162,-0.005946116446662009,-0.007296255661322538
2014-02-10,0.008985986636877996,0.00910314221128039,1.4422527109853829,0.40945803663230534,0.5905419633676946,-0.00414304489582662,-0.005089209086173985
2014-02-11,0.002189099767358371,0.012001824734692468,1.4244324479493276,0.41246766881289515,0.5875323311871048,-0.014906688819338411,-0.018445581561095287
2014-02-12,0.009333253667145991,0.004030752143705518,1.3963218840782081,0.4173062085875285,0.5826937914124715,0.003705026239594825,0.004638391358287874
2014-02-13,0.0026560846074399347,0.003937292823042338,1.4096654966960067,0.414995359883412,0.585004640116588,-0.0028941812355916642,-0.003603215350296543
2014-02-14,0.05033107960235461,0.014303272252181198,1.40838623239676,0.4152157932761588,0.5847842067238412,0.030186547884160014,0.03760179427797076
2014-02-18,0.022418451511866166,0.004321418629169793,1.4669895057194613,0.40535235260693364,0.5946476473930664,0.0160789757330535,0.019552951922709096
2014-02-19,-0.002147041405347605,-0.003095022070704001,1.4753604852391458,0.4039815638825589,0.596018436117441,0.0024192318587121153,0.0029319752090310896
2014-02-20,-0.007599357592682265,-0.0026503105139367156,1.4818707529941255,0.4029218680278179,0.5970781319721822,-0.0036719399557266167,-0.004438514718742053
2014-02-21,0.004566885002571297,0.005162894961789011,1.503772719505629,0.3993972744448827,0.6006027255551173,-0.003196935594640074,-0.003830542089225229
2014-02-24,0.012398422761008998,0.01087697269318788,1.5013682220897344,0.39978120421013563,0.6002187957898644,-0.003931918393081081,-0.004715721210125808
2014-02-25,-0.00394619662741813,0.0035118814917405317,1.4982414252158889,0.40028157003023984,0.5997184299697602,-0.009207842958792766,-0.011057189508412373
2014-02-26,-0.032149335328927275,-0.011020140601731176,1.4950277549494226,0.40079714464750366,0.5992028553524964,-0.015673919265894135,-0.018846186261617597
2014-02-27,0.0028229729350151,0.002559873918879907,1.5187366979571957,0.3970244292748199,0.6029755707251802,-0.0010648015277313159,-0.0012682566565154463
2014-02-28,-0.00516086643780389,-0.007659921417005666,1.5153471474097138,0.39755943867620525,0.6024405613237946,0.006446573630838219,0.007688688582182605
2014-03-03,0.01150723805687548,0.021719351174222412,1.4953160099035665,0.40075084519601417,0.5992491548039858,-0.020970055478657122,-0.025211302370637442
2014-03-04,-0.012122353106898243,-0.00911038217927107,1.4304326960162663,0.41144936934032555,0.5885506306596744,0.0009094354355350231,0.0011225599092198873
2014-03-05,0.0024070509606328727,0.0017939170699330376,1.3986429517861816,0.41690239860640227,0.5830976013935978,-0.00010199850531788894,-0.00012757026456388732
2014-03-06,0.014266184466716014,0.008580809147130886,1.4073594680705204,0.4153928872124328,0.584607112787567,0.002189901469795235,0.0027290084827469776
2014-03-07,-0.029941531113458875,-0.010061386459433441,1.41109566349655,0.4147492010125425,0.5852507989874576,-0.01574395231178944,-0.019589374926282727
2014-03-10,-0.000861350892466084,0.002466219930001845,1.4366634631493462,0.41039725638086966,0.5896027436191303,-0.004404478957990473,-0.005422758240439685
2014-03-11,-0.004549993518540796,0.003801979642996667,1.434268978786096,0.41080094628600694,0.5891990537139931,-0.010003054978467152,-0.012327793352715775
2014-03-12,0.026173917815520475,0.017675491146026845,1.4355241208824343,0.4105892409054368,0.5894107590945632,0.0008003239269550391,0.0009858131809407852
2014-03-13,-0.007454918228505192,0.0013864863723640486,1.4113252095007076,0.4147097189794078,0.5852902810205922,-0.00941170139845176,-0.011709372126210083
2014-03-14,0.010156367624071239,0.0049555815989628105,1.4143000876541214,0.4141987175138862,0.5858012824861139,0.003147688134280985,0.003911305165058585
2014-03-17,-0.006313141786801313,-0.004423477582260693,1.3998428358884036,0.4166939538896128,0.5833060461103873,-0.00012096838356072479,-0.00015122038212466056
2014-03-18,-0.019436213286973203,-0.010124571466880727,1.4098124725411494,0.4149700490783414,0.5850299509216585,-0.0051624661538305135,-0.0064268064996609725
2014-03-19,-0.0017278366615357532,-0.012950681078688353,1.4151309067694324,0.41405623073973935,0.5859437692602607,0.016599072396630228,0.02061884805097429
2014-03-20,-0.019038457835214295,-0.008125856728550263,1.3942197451581586,0.417672605876008,0.5823273941239919,-0.0077092279379432395,-0.009659799966398628
2014-03-21,-0.0057831814546328575,0.004133784291619591,1.4025986614323367,0.41621599814087906,0.5837840018591209,-0.011581221768708516,-0.014460869334461675
2014-03-24,-0.011978706444123244,-0.01856291079949479,1.409336582057781,0.41505201367337136,0.5849479863266286,0.014182682815080217,0.01765965318506929
2014-03-25,-0.00439052771979187,0.00015258789630734348,1.3454030843941884,0.4263659439410592,0.5736340560589407,-0.004595819946124991,-0.005878503328538189
2014-03-26,-0.009822056940976043,-0.006100350656600306,1.328922666538682,0.4293830853070924,0.5706169146929075,-0.0017151626795857636,-0.002209385529492347
2014-03-27,-0.003492091777067885,-0.006674906459433694,1.3285668303950415,0.429448700783198,0.570551299216802,0.005375967540925326,0.006926106827709077
2014-03-28,0.004164490749068772,-0.0006950663301836801,1.3025475426685438,0.43430156444936957,0.5656984355506305,0.005069847689441167,0.0066055283491329615
2014-03-31,-0.0019219152358496139,-0.008038355249315732,1.2952990664790933,0.43567307398158106,0.5643269260184189,0.008490158814616374,0.011096800768067195
2014-04-01,-0.0032937381763276097,-0.00296092313841112,1.2132361278886123,0.4518270723124252,0.5481729276875748,0.0002985607470940956,0.00040469348480080564
2014-04-02,0.018404570654566133,0.008518306206649617,1.230492597608792,0.4483314587423666,0.5516685412576335,0.00792285792311875,0.01065619935024104
2014-04-03,-0.012231083697953893,-0.004726831139819865,1.2450855011695,0.4454173346534394,0.5545826653465605,-0.006345774779287678,-0.008479554265504004
2014-04-04,0.007126288925636048,0.01463712737500833,1.2412912288935307,0.4461713797424152,0.5538286202575847,-0.01104264890115918,-0.01478074168872377
2014-04-07,-0.0018065588404178046,-0.003990140704961731,1.2042673461123563,0.4536654783566475,0.5463345216433525,0.0029986373169613454,0.004081134698452089
2014-04-08,0.007591325903070656,0.008243413845820502,1.1980315363174492,0.4549525261477302,0.5450474738522697,-0.002284543851138212,-0.0031180769885117837
2014-04-09,-0.014319961019358951,-0.0024451373815744804,1.1626574634225901,0.46239407622944345,0.5376059237705565,-0.011477103793577812,-0.01592083441926256
2014-04-10,0.016350289442943033,0.011183435914161155,1.1671141256919533,0.4614431645037166,0.5385568354962833,0.0032979434137548475,0.004565440335591683
2014-04-11,-0.007221762964755962,-0.0010605442314632896,1.1786781118781555,0.4589939167920213,0.5410060832079788,-0.005971722692451543,-0.008222953165812385
2014-04-14,0.003311091299445623,0.006445742257324305,1.1818759839286928,0.4583211911977677,0.5416788088022322,-0.004306976673080293,-0.005921936037801474
2014-04-15,-0.02605129727170663,-0.02049423762249114,1.1788140782809335,0.4589652738011459,0.5410347261988541,-0.0018924014386793066,-0.002605639633335391
2014-04-16,0.007444221462381551,0.002384596604567246,1.1772946093732426,0.45928557196394326,0.5407144280360568,0.004636848734294794,0.006388913169122612
2014-04-17,-0.0018854787904047932,-0.0074437505591337105,1.1605692044662312,0.4628409948326789,0.5371590051673212,0.006753508874254081,0.009377402297913253
2014-04-21,-0.012508977519560593,-0.0041750613206528175,1.1495321246957713,0.46521751804083067,0.5347824819591693,-0.0077096104088954275,-0.010759937458464253
2014-04-22,0.000517048192284042,-0.005745360569924252,1.204214820496986,0.453676289035444,0.5463237109645559,0.007435696539685836,0.010120197637555086
2014-04-23,0.004082500837563785,0.0028111632473601933,1.1970628498563605,0.4551531150168863,0.5448468849831137,0.000717361749267331,0.0009795283043189645
2014-04-24,0.012969577838866986,0.004905816124954665,1.1983429001546504,0.45488808862787117,0.5451119113721288,0.007090727916063364,0.009676463006155054
2014-04-25,0.00015243671986420182,0.007903875375339098,1.200881791800188,0.45436333915146826,0.5456366608485317,-0.009339183303038397,-0.012730147531548493
2014-04-28,-0.005080029676543307,-0.0013838139658503001,1.200807415960179,0.45437869426831023,0.5456213057316898,-0.003418335604041001,-0.004659656605005078
2014-04-29,-0.004952679053152553,-0.002232677157251395,1.1940316430754196,0.4557819405914672,0.5442180594085329,-0.0022867918786227135,-0.0031268353205024025
2014-04-30,-0.018934799470507246,-0.00030866081331981654,1.1965339346182167,0.4552627137872157,0.5447372862127843,-0.01856547633308323,-0.025356507414455387
2014-05-01,-0.006799475092534202,-0.009648039700175914,1.2164969331957,0.4511623657237461,0.548837634276254,0.004937335614080159,0.006682620048061531
2014-05-02,0.026489033172437226,0.015197568678227968,1.2200721254311142,0.4504358162714243,0.5495641837285755,0.0079469032538063,0.010738709561874837
2014-05-05,0.0014364804584838797,0.004913269256882735,1.236142422768614,0.4471987069418769,0.5528012930581231,-0.004637020104433692,-0.006221008184298701
2014-05-06,0.0039958562070223635,-0.000534722056436232,1.2332851440871844,0.4477708557044704,0.5522291442955296,0.004655320975440917,0.006253551170256448
2014-05-07,-0.015307645861857289,-0.015057763897382226,1.2352588810974532,0.44737547335413175,0.5526245266458683,0.003292590721852704,0.004419072998250832
2014-05-08,-0.010571067959053937,-0.0009312053349445071,1.2234708825811533,0.44974728827531724,0.5502527117246828,-0.009431765346045102,-0.01272573266409868
2014-05-09,-0.0008903424367092683,-7.76569706707475e-05,1.2573878078220195,0.44298990033299745,0.5570100996670025,-0.0007926975085954782,-0.001053470970980779
2014-05-12,0.022173315675252603,0.006447546370691226,1.2526083124493859,0.44392981881197296,0.5560701811880271,0.014097065496421904,0.018774323194821273
2014-05-13,0.00020511333759021255,-0.0007718431760140865,1.2760772790591628,0.4393523933481552,0.5606476066518449,0.0011900448774986505,0.001568547195362233
2014-05-14,0.011843770698434453,0.00857405823827051,1.161247970118792,0.46269563410858194,0.5373043658914182,0.0018871629735625166,0.0026195462061562366
2014-05-15,-0.014593367008079006,-0.009343610039140637,1.1476554657702456,0.46562403324844054,0.5343759667515593,-0.0038701218766335147,-0.005406065272083366
2014-05-16,-0.007970416137814795,-0.0001545815012562457,1.154655359818042,0.4641113463660605,0.5358886536339396,-0.007791927778860552,-0.010848966276702234
2014-05-19,0.001555084331860579,0.00030921080078227803,1.1527997024359709,0.4645113982821829,0.5354886017178172,0.0011986262127287805,0.0016703266142769693
2014-05-20,0.002328955342160377,0.000618419153065819,1.1530034280436472,0.4644674443963437,0.5355325556036563,0.0016159159387076388,0.0022516210392325674
2014-05-21,-0.0030981242058458758,-0.005021243723445368,1.1500814218653774,0.4650986654879402,0.5349013345120598,0.0026767149151467745,0.0037348096047792895
2014-05-22,0.009478457144866725,0.005357161812160394,1.1522568096350865,0.46462856826530347,0.5353714317346966,0.003305630966487872,0.004607671749518132
2014-05-23,-0.005233416317842354,-0.0025484970004678864,1.1112214597319512,0.47365945215759786,0.5263405478424021,-0.0024014717608599303,-0.00341243939586257
2014-05-27,-0.018000872807749313,-0.02028488051030608,1.1112775846208844,0.4736468606895985,0.5263531393104015,0.004541260210066882,0.006452860926218291
2014-05-28,-0.00021007984536836055,-0.0048205906972081936,1.0934939254720883,0.47767036141482827,0.5223296385851718,0.005061206799216058,0.007252765442930162
2014-05-29,-0.00273181225075958,-0.0023822757751750245,1.1539087031755662,0.46427223146722646,0.5357277685327736,1.711649957919937e-05,2.3840146363628915e-05
2014-05-30,-0.01738397129823599,-0.008517131916191967,1.1515864955541664,0.4647733205549973,0.5352266794450026,-0.0075757572026959406,-0.010563029492446292
2014-06-02,0.003002184968951438,-0.0015253889300765877,1.1640721998761818,0.46209179160344804,0.537908208396552,0.004777847816452466,0.006623412772539427
2014-06-03,0.0012293932125342355,0.00048250999421894925,1.1507068165564476,0.4649634214677042,0.5350365785322957,0.0006741656731298785,0.0009403871340436385
2014-06-04,0.0018150969512866766,-0.00024113864530306284,1.109030806613137,0.474151442863884,0.525848557136116,0.0020825271375927313,0.0029622997412783636
2014-06-05,0.015400167642582785,0.007234726688102988,1.1128492416895182,0.47329453529791854,0.5267054647020816,0.007349007533896456,0.010434735316969273
2014-06-06,-0.004828179471543792,-0.0007182956217577363,1.1413679840150586,0.46699119790004656,0.5330088020999534,-0.004008339845811322,-0.005615578278557751
2014-06-09,0.00432424907763207,0.0011181410760807697,1.1061730654996063,0.4747947907893265,0.5252052092106735,0.003087391535842776,0.004397632255035625
2014-06-10,0.005355698736062342,0.005025966356701161,1.1161548188456143,0.4725552171771208,0.5274447828228792,-0.00025405783232559497,-0.0003601690623905116
2014-06-11,0.0003655909394013612,0.0007937767592010037,1.1068555124904922,0.4746409965332223,0.5253590034667777,-0.0005130052422071076,-0.0007304799581638459
2014-06-12,0.01884724202197674,0.010152225778948587,1.1054797158673526,0.4749511441329891,0.5250488558670108,0.007624162352443443,0.01086331389704603
2014-06-13,0.006251588235524075,7.849842011142805e-05,1.1093932847665036,0.4740699646773995,0.5259300353226005,0.006164502615387677,0.008767216611391718
2014-06-16,0.003310105257248175,0.0009421946205487863,1.1572733384974676,0.46354811982078087,0.5364518801792192,0.0022197285432113264,0.0030868529781543936
2014-06-17,0.0009644202316427819,-0.0025100581856669635,1.1360018736502993,0.46816438334441157,0.5318356166555885,0.0038158510335317233,0.005359336638142545
2014-06-18,0.002332514852772194,0.0005505019022311597,1.1505755616329087,0.46499179933055257,0.5350082006694473,0.0016991208174325927,0.002370231738533942
2014-06-19,0.04401269404331565,0.032458288246914435,1.2066288464517934,0.4531799725214216,0.5468200274785784,0.004847587138141478,0.006590488218174456
2014-06-20,0.014779295344773402,0.0019030220696665268,1.2432066018252288,0.4457904141269603,0.5542095858730398,0.012413445744344866,0.01660138535734215
2014-06-23,-0.001575734867057088,0.0013676104656608068,1.2438946709145449,0.44565371671052173,0.5543462832894782,-0.0032768982371795246,-0.004381085636043636
2014-06-24,0.006169578058986991,0.00220032201370457,1.250066941101223,0.44443122190426126,0.5555687780957388,0.0034190282498776357,0.004558568708454917
2014-06-25,0.0034699093950474325,0.0009841219878765628,1.252577030334072,0.44393598377929544,0.5560640162207047,0.002237220797986544,0.00297954844765697
2014-06-26,-0.000378921895830997,-0.004613504621998388,1.269702039252354,0.4405864658470337,0.5594135341529662,0.005478854330820516,0.007241727199520777
2014-06-27,-0.001232098553422989,0.0022034985699102005,1.263009990961711,0.44188934383583084,0.5581106561641691,-0.004015139262289414,-0.0053227417620676535
2014-06-30,-0.0033211413360110242,0.0021228573374716397,1.2455614858363862,0.445322920929746,0.554677079070254,-0.005965290675490875,-0.007969442003413721
2014-07-01,0.0028561653748533367,0.0034800842911268948,1.2333031905446967,0.4477672374417298,0.5522327625582701,-0.0014358336847579423,-0.0019287578473495292
2014-07-02,0.008876455103699055,0.003241802381383385,1.2775955328501627,0.4390595193820954,0.5609404806179045,0.0047347428628606225,0.0062365017772961755
2014-07-03,-0.007763198006464411,-0.007740232310628592,1.2843024384959454,0.43777040340526474,0.5622295965947351,0.0021776012246009953,0.0028598680996481263
2014-07-07,-0.005832476387641505,-0.0029536688442528547,1.288980134409133,0.4368757880278133,0.5631242119721867,-0.0020252559237763923,-0.0026543558329734243
2014-07-08,4.767007070993756e-05,-0.00037979491074824345,1.2826026148153586,0.4380964051777759,0.5619035948222242,0.0005347960163292004,0.0007028766367716535
2014-07-09,0.002623184416341573,0.005927088775171008,1.2787949718151161,0.43882842132281674,0.5611715786771834,-0.004956346906848927,-0.006524957665982222
2014-07-10,0.020787759869681066,0.011255402473311582,1.2667762634916013,0.4411551400576527,0.5588448599423473,0.006529683180445292,0.008641809894004326
2014-07-11,-0.002236839391980716,-0.0012698522700227421,1.2948023284688222,0.4357673807430888,0.5642326192569111,-0.0005926317159438501,-0.0007747487118064012
2014-07-14,-0.025547568800760367,-0.02296181837836575,1.2921209111297711,0.4362771593524299,0.5637228406475701,0.00412187688348991,0.005394842213788276
2014-07-15,-0.0010545085382280828,-0.007195915228277894,1.270162348721172,0.4404971303322514,0.5595028696677486,0.008085472049319815,0.010684881705321019
2014-07-16,-0.005517693903567378,0.0020818498890033954,1.2695767036202523,0.4406107968965656,0.5593892031034343,-0.008160762023080496,-0.01078715957481818
2014-07-17,0.017320459887565143,0.013157876198195417,1.2548489979963173,0.4434886774629301,0.5565113225370698,0.0008093121245000313,0.001076762291247698
2014-07-18,-0.011761410102832714,-0.005696058538868232,1.2654701183076928,0.4414094857922912,0.5585905142077087,-0.00455321822976359,-0.0060295011525000955
2014-07-21,0.006142636694009385,0.003437213693731067,1.2743951768233899,0.43967733056692615,0.5603226694330738,0.0017622681410072042,0.002324488055943561
2014-07-22,-4.7670070710048584e-05,-0.00578516850758648,1.2679801938350233,0.44092095809225645,0.5590790419077435,0.007287809014907729,0.009640043199739498
2014-07-23,-0.0006201043733188305,-0.0012250023856096304,1.2796867546174624,0.43865675754553507,0.5613432424544649,0.0009475149539206066,0.0012469015122381613
2014-07-24,-0.02749141957100676,-0.010655442249185465,1.277991555308496,0.4389831901130886,0.5610168098869113,-0.013873854358470368,-0.0182711665363371
2014-07-25,0.01040439236865831,0.009685417818425801,1.3174171938677284,0.4315148789981219,0.5684851210018781,-0.0023553435951287043,-0.00304909741935289
2014-07-28,-0.0030114764248162507,0.00015353637167980771,1.3074514077309352,0.43337857371538935,0.5666214262846107,-0.003212217770106915,-0.004176319067016491
2014-07-29,0.0009743963105635078,-0.003836415109855773,1.3197197408049122,0.43108655860859,0.56891344139141,0.006037389064962417,0.007807911824987345
2014-07-30,0.0005841058052151737,-0.002618827918193012,1.291548509727072,0.4363861361674172,0.5636138638325828,0.0039664491001890085,0.00519271019140863
2014-07-31,-0.008998996410662818,-0.010502722472409798,1.2977507905039558,0.43520820627404694,0.5647917937259531,0.004630919980350657,0.006046243134141167
2014-08-01,-0.0020123919152681413,0.009599567852246693,1.2883444926506662,0.43699714060170475,0.5630028593982952,-0.014379942289536552,-0.018851980987635016
2014-08-04,-0.0067873540876471905,-0.004560934234240421,1.2598434924545274,0.44250852031963095,0.557491479680369,-0.0010412907731263228,-0.0013823401177158398
2014-08-05,-0.01980784459217455,-0.002873302253764809,1.2594737962529292,0.442580923778971,0.5574190762210289,-0.016188995694843288,-0.02149482200903258
2014-08-06,0.009649387627788997,0.017679089697721917,1.2730009362670773,0.4399470251175031,0.5600529748824968,-0.012856110109760645,-0.016968022192116756
2014-08-07,-0.0017012957563236064,0.003137749911579224,1.1905271025542783,0.4565111286840247,0.5434888713159752,-0.005436872067095963,-0.007445977811581874
2014-08-08,-0.002456006508560704,-0.0014495150620120745,1.1865075852404137,0.4573503457066886,0.5426496542933115,-0.0007361458925631492,-0.0010100297353629454
2014-08-11,0.007938852140711772,-0.00030561876889079187,1.1834933460818278,0.45798170248352316,0.5420182975164769,0.008300549920131744,0.011404499951914225
2014-08-12,-0.00947151703725424,0.00022930747277416508,1.1729849766500777,0.4601964628129286,0.5398035371870714,-0.009740491257851933,-0.013447618868771138
2014-08-13,-0.003019696565515151,0.003056234604805752,1.1721522109084386,0.46037289420973837,0.5396271057902615,-0.006602068714593091,-0.009118240445726365
2014-08-14,0.0030792945794613225,0.0008378850891417322,1.1670290429386987,0.461461281868149,0.538538718131851,0.0021014583457876403,0.002909224986119054
2014-08-15,-0.019173696001210216,-0.0071542919852326525,1.1671880529629122,0.4614274237221043,0.5385725762778957,-0.01082329186863835,-0.014982491049414582
2014-08-18,0.005643951341373077,-0.005212762612591071,1.1923751378326022,0.45612631832187583,0.5438736816781241,0.01185951988004999,0.01622831741985689
2014-08-19,-0.010867410565056912,-0.0020035259950419437,1.1712411110279881,0.4605660766650387,0.5394339233349614,-0.00852079855265053,-0.011773172278342185
2014-08-20,0.004384432642216662,-0.0013126022731224651,1.1743659756835887,0.4599041795094382,0.5400958204905617,0.005925908091376622,0.008176049695838718
2014-08-21,-0.004211212608248305,-0.015231229990978257,1.2074299863254567,0.45301550046650635,0.5469844995334937,0.014179431211478459,0.01927050637979494
2014-08-22,-0.0014955817187267684,0.0038470790625015905,1.1538068708535258,0.4642941823301516,0.5357058176698486,-0.005934367973757845,-0.00826587757806641
2014-08-25,-0.0011879922054943703,-0.001016679792455677,1.147762504497408,0.4656008277945085,0.5343991722054915,-2.1085260633537653e-05,-2.9451944415714035e-05
2014-08-26,0.0016548503695894556,0.005088859118077549,1.1282116567931384,0.469878076650907,0.530121923349093,-0.004086459807203685,-0.00576041362356031
2014-08-27,0.0012906359033106884,-0.0014800002662384015,1.1254522104340512,0.47048811311348376,0.5295118868865162,0.0029563054743916815,0.004172719753300814
2014-08-28,0.007166792249762688,0.005304568709186608,1.1237785986957434,0.47085887418496486,0.5291411258150351,0.0012056314590676732,0.0017030468144957431
2014-08-29,-0.006962203174123327,-0.002250254096085702,1.1258091936551196,0.47040910491152704,0.5295908950884728,-0.0044288464246899535,-0.006250109047287053
2014-09-02,-0.016857488378477448,-0.017187818336445004,1.1152783061715854,0.4727510309553011,0.527248969044699,0.0023117125425778547,0.0032785934633279487
2014-09-03,0.001940152995950628,0.004114958805977009,1.1030806787753173,0.47549293286376826,0.5245070671362319,-0.0025989785568789605,-0.003707387809381262
2014-09-04,-0.0023027332042668824,-0.0029947582591305366,1.099766615547075,0.47624340371725504,0.5237565962827448,0.0009908019507587585,0.001415588680317141
2014-09-05,0.0009442696797385963,0.0005533738484686523,1.0988771105567834,0.47644523586934695,0.5235547641306532,0.00033617982407567633,0.0004805138267287536
2014-09-08,-0.010219138176717935,-0.010349263035957401,1.0990021208127583,0.4764168602234609,0.5235831397765389,0.0011547238486483355,0.0016503897311945688
2014-09-09,-0.0022766595837482306,-0.00470974900113208,1.0743366757545456,0.4820818200286833,0.5179181799713167,0.0027831965017662995,0.0040251853052068855
2014-09-10,0.0006368625390105187,-0.002646814805009612,1.070214660053416,0.48304169576994394,0.5169583042300561,0.0034695225457782287,0.005027772162074306
2014-09-11,-0.017129822804528683,-0.0049054890116103644,1.0671014553026945,0.4837691916063045,0.5162308083936956,-0.011895168341267887,-0.017263547917428214
2014-09-12,0.0007013748593904801,-0.006061095726542787,1.0827740899703155,0.48012888426812167,0.5198711157318784,0.007264172268920815,0.010463216779825141
2014-09-15,0.0005392121825134044,0.0030083349039997653,1.0710454433406966,0.48284792746360583,0.5171520725363943,-0.002682851208458316,-0.0038862274370919853
2014-09-16,0.0053891131054875085,0.0012969970959813004,0.9514247393868629,0.5124461014644099,0.4875538985355901,0.0041551179814579816,0.006387822032168434
2014-09-17,0.0003752127696663443,-0.0006476091235703141,0.9410497850086414,0.5151851373021574,0.48481486269784263,0.000984645196171823,0.0015218237117510711
2014-09-18,-0.011305815854754986,-0.007048017717204091,0.9430489103345789,0.5146550839154158,0.4853449160845842,-0.004659190426526861,-0.007193628119826252
2014-09-19,-0.036364596747501254,-0.008484868041160332,0.9449451805818919,0.5141533087841675,0.48584669121583246,-0.02834686158413348,-0.04372389803138712
2014-09-22,-0.004611705291522106,0.0012342630953123823,1.010290390090082,0.4974405712376656,0.5025594287623344,-0.005858669435559044,-0.00874301961215143
2014-09-23,0.0007910017196204322,0.003451636261783353,1.0130273251892725,0.4967642453169264,0.5032357546830736,-0.0027056001301802575,-0.004032136220395121
2014-09-24,-0.003951882652128869,-0.001965621960739128,1.0134560310802418,0.49665847406833546,0.5033415259316645,-0.001959811221194029,-0.0029200705517406825
2014-09-25,-0.014963438429762221,0.0021335759379834673,1.0182917800828248,0.49546849958382283,0.5045315004161773,-0.01713604126959329,-0.02547110596995556
2014-09-26,0.005638965095157156,-0.00581393372897232,0.9976452782863291,0.5005893743346894,0.49941062566531064,0.011439208628136022,0.017179038870127776
2014-09-29,0.002231588169832488,0.0028004484658865625,0.9649675028470206,0.5089142688370727,0.4910857311629273,-0.00047075359314583797,-0.0007187196619747164
2014-09-30,-0.029116248407865974,-0.005749486652977365,0.9701972064765382,0.5075634036596672,0.4924365963403327,-0.023538112518473195,-0.035841253516801425
2014-10-01,0.011995681491854704,0.0033870099842523427,1.0032888864431095,0.49917912826618105,0.500820871733819,0.008597532016382477,0.01287512561153516
2014-10-02,-0.012144081633195913,-0.0003293466343678997,1.0200672463988263,0.4950330251543358,0.5049669748456642,-0.011808125918765528,-0.017536236884909462
2014-10-03,-0.01299916305974591,-0.018118926770476995,1.020237442326606,0.49499132084610314,0.5050086791538967,0.005486444446268612,0.008147227149621798
2014-10-06,0.02383787855554842,0.012162389359056114,0.9266389476448275,0.5190386092954393,0.4809613907045606,0.012567734879026014,0.01956941890081035
2014-10-07,0.0006402607316668973,0.004143532114295967,0.9929576425157386,0.5017668106270868,0.4982331893729132,-0.00347409114823268,-0.005229550905829517
2014-10-08,-0.010237949813797442,-0.005281755056241844,0.983190885624665,0.5042378962350971,0.495762103764903,-0.005044976382398472,-0.007631604832849068
2014-10-09,0.020687699254323677,0.016012549552766764,1.0060930046130399,0.4984813753402687,0.5015186246597314,0.0045775851632653755,0.006845522843765203
2014-10-10,-0.006621740500872608,-0.002939715546062316,1.0507101339336693,0.4876359576386359,0.5123640423613642,-0.0035329515857425824,-0.005168382689413563
2014-10-13,0.0024344896200858557,0.006797746787981174,1.023396560668095,0.4942184935165725,0.5057815064834275,-0.0045223010630266675,-0.006705014455792301
2014-10-14,0.0034115885928336365,0.003497865929405597,1.0097003998589424,0.4975866054811893,0.5024133945188107,-0.00012020803474016616,-0.00017944172387377236
2014-10-15,0.003572884940266974,0.008511673320204638,1.0052352763704817,0.49869459797756055,0.5013054020224393,-0.004983349342144191,-0.007455508190287015
2014-10-16,-0.0015504120486160566,-0.00289363849898161,1.0094604402301084,0.49764602476348707,0.502353975236513,0.0013706015444327094,0.002046223230364901
2014-10-17,-0.006096209874159708,-0.0017734390744659212,1.0072271743451293,0.4981997119116606,0.5018002880883394,-0.004309953846312157,-0.00644165329375581
2014-10-20,0.0012730741235957854,0.0046030452613397,0.9550217244838849,0.5115032674452733,0.4884967325547267,-0.003122934099766229,-0.004792172988140069
2014-10-21,0.011557954560485362,0.00562700964630225,0.9402648219295165,0.515393563135129,0.4846064368648711,0.006267075337409305,0.009690030865751015
2014-10-22,-0.018167212715686776,-0.004955996140587504,0.9601660349650042,0.5101608650299123,0.4898391349700876,-0.013408633552077009,-0.020521680275390135
2014-10-23,-0.0041894856329576236,-0.013094511719749846,0.9859986915062905,0.5035250044608767,0.49647499553912344,0.00872168578862951,0.013174760626878116
2014-10-24,0.0012854597825728842,0.0021977624516686944,0.942279035189476,0.5148590814617152,0.48514091853828484,-0.0007854456999611507,-0.0012131815548601555
2014-10-27,-0.0012254848762811577,-0.001705633259600714,0.9547424482477413,0.5115763464882108,0.4884236535117892,0.00040295559780280333,0.000618427657562793
2014-10-28,0.004089961773902306,8.134048321806198e-05,0.9890182240258225,0.5027606021507309,0.49723939784926907,0.004009514553648576,0.006047477853973433
2014-10-29,0.0019784927428074806,-0.0039862532853818244,0.990499760444213,0.502386395553664,0.4976136044463359,0.0059268756670481345,0.008932745109789092
2014-10-30,-0.04808636515441611,-0.02140004263437356,0.9690862818112482,0.50784976221568,0.49215023778431993,-0.027347877407268847,-0.04166583911515514
2014-10-31,-0.01915691959311605,-0.022535681954918285,1.2012527928043464,0.45428676037068083,0.5457132396293192,0.007914131292980051,0.010785855198708401
2014-11-03,0.006095638166335293,-0.001451585011795875,1.1451255648411836,0.46617317717437945,0.5338268228256204,0.007757885272883041,0.010849554077442645
2014-11-04,-0.015332253661932693,-0.0017102787397341723,1.1462159448077751,0.4659363389873448,0.5340636610126552,-0.013371904900383638,-0.018691369243715065
2014-11-05,-0.03195829867903499,-0.018845296847618376,1.1407905129613616,0.4671171672078728,0.5328828327921273,-0.010459762821331292,-0.014657804336299499
2014-11-06,-0.0016863421011205082,-0.0027064567136911855,1.1897833008615302,0.4566661914019384,0.5433338085980616,0.0015337549013338396,0.0021012420280085414
2014-11-07,0.019945436347506673,0.02389908569628374,1.1975140056895908,0.4550596707965895,0.5449403292034104,-0.00867405349696887,-0.011841635786407987
2014-11-10,-0.002675378661666783,-0.008549931779017195,1.1486001834373716,0.46541930309257484,0.5345806969074252,0.007145074548089379,0.00997636685014876
2014-11-11,0.00044708243383873025,0.002759635485996448,1.122254470177374,0.4711970284677604,0.5288029715322394,-0.0026499308263808934,-0.003745918593107381
2014-11-12,-0.002872773486392033,-0.0033539940233000554,1.1316955467214762,0.46911014170761334,0.5308898582923867,0.0009229266135070868,0.0012988627033441117
2014-11-13,-0.00012810094501003455,0.0018983097122526882,1.1304135143530316,0.46939244107437145,0.5306075589256285,-0.002273975898168088,-0.003202161293356215
2014-11-14,0.04437471065965104,0.020583950492292002,1.1288791410539043,0.4697307520731068,0.5302692479268933,0.021137918308416354,0.029787390792816913
2014-11-17,-0.015757202814081883,-0.0016877637130802148,1.2886279557828064,0.4369430153438627,0.5630569846561372,-0.013582303310650927,-0.017804077691612238
2014-11-18,0.007288393664983683,0.011580685690511405,1.2959059020605606,0.43555792034094537,0.5644420796590546,-0.007719085271258325,-0.010086326183051095
2014-11-19,0.007421202143921279,-0.002590436794872253,1.2781999361331748,0.43894303750061375,0.5610569624993863,0.01073229828968402,0.014132602831909636
2014-11-20,-0.00963790586479818,-0.0024296451687164655,1.278955111622097,0.4387975853057622,0.5612024146942377,-0.006530498756840324,-0.008596701256031448
2014-11-21,0.015992148812213447,0.005710967587957416,1.280692225162214,0.43846337044836253,0.5615366295516375,0.008678157024162983,0.0114151619342839
2014-11-24,-0.0008541235023019622,-0.001670146137787043,1.2936181807709852,0.435992358442091,0.5640076415579091,0.0013064079060837995,0.0017087515921826082
2014-11-25,0.01080784252524225,0.0013383317322772648,1.2926697683247008,0.4361727161128486,0.5638272838871514,0.009077821554937804,0.011878494252014952
2014-11-26,-0.0003624814841785007,-0.0004176760589734707,1.3233190234672356,0.4304187198999631,0.5695812801000368,0.00019023719030791613,0.00024564494378909684
2014-11-28,-0.06399564864490426,-0.01788402544767187,1.3263633062259685,0.4298554732718373,0.5701445267281626,-0.04027493352350084,-0.05193720183220872
2014-12-01,0.07482732085681798,0.03641937594146949,1.4734739264120973,0.404289687197371,0.5957103128026289,0.021164319990862657,0.025669548926552807
2014-12-02,-0.014416131714286795,-0.015435179661843157,1.6163480273071094,0.3822121482168622,0.6177878517831378,0.010532490483264208,0.012076937441046213
2014-12-03,-0.0029864511762718315,0.007755211146428742,1.5999739016590422,0.3846192453554632,0.6153807546445369,-0.01539458661241312,-0.01776316285627695
2014-12-04,0.009841751500875517,-0.0008274720728175256,1.584953570684626,0.3868541436646189,0.613145856335381,0.011153256317329463,0.012944050265137471
2014-12-05,-0.019612669689945017,-0.014409958106884058,1.58643096662231,0.3866331686037331,0.6133668313962668,0.0032477340785460503,0.0037670451527117496
2014-12-08,0.0012349011372490004,0.003865200974962457,1.570728621642435,0.38899477431464596,0.611005225685354,-0.004836280662524776,-0.005643863714523336
2014-12-09,0.05334236508883827,0.03080275410744604,1.5784392837636627,0.38783150966437846,0.6121684903356216,0.004722087957532928,0.0054941235040139175
2014-12-10,0.0030443210398058973,-0.0021112266227669707,1.605795019564693,0.38376003963928573,0.6162399603607143,0.0064345182358174855,0.007407932919711075
2014-12-11,-0.004319115590474376,-0.0030922359448538606,1.6027304301360001,0.3842118985590633,0.6157881014409368,0.0006369050555032523,0.0007341195017303102
2014-12-12,-0.0023448569958124388,-0.002530385803374835,1.602177920186483,0.38429347672288905,0.6157065232771111,0.001709271267908057,0.001970585394620785
2014-12-15,-0.028908790088197134,-0.012111332919905848,1.6023043819433873,0.384274801571523,0.615725198428477,-0.009502748279456793,-0.010955000128417176
2014-12-16,-0.04913173919446112,-0.011017169728098297,1.5909772176122505,0.38595476378660065,0.6140452362133993,-0.03160367315448938,-0.03659276462138965
2014-12-17,0.011199468005698598,0.0003350568773619056,1.6372177430700365,0.3791874988812568,0.6208125011187433,0.010650906941144046,0.012116072291488285
2014-12-18,0.00018880243145846798,0.0003348424410953843,1.640085197555727,0.37877565501516053,0.6212243449848395,-0.0003603676996954972,-0.0004094955344954059
2014-12-19,0.006102939583766176,0.001004497607127508,1.6402259034195716,0.37875546888045397,0.621244531119546,0.004455336588632661,0.0050624492959434175
2014-12-22,-0.021387030446906485,-0.013546344101903363,1.6469749088634347,0.37778975412705473,0.6222102458729454,0.0009234583957585321,0.0010466193608405366
2014-12-23,0.0051760095546597995,-0.0015257496247452762,1.6556615707664117,0.37655400485062734,0.6234459951493727,0.007702134574961827,0.008700808860301081
2014-12-24,-0.0036235987413680837,-0.0037354820637272024,1.6551151138329794,0.3766315045212406,0.6233684954787594,0.0025590540797588174,0.0028914611646323448
2014-12-26,0.02800990025028094,0.01857694829835954,1.640199664863304,0.37875923298845465,0.6212407670115454,-0.002460004122871305,-0.0027952478241815154
2014-12-29,-0.022840062561794716,-0.011377977997728328,1.632035445532745,0.37993409309789594,0.6200659069021041,-0.0042707991710103956,-0.0048678666295232376
2014-12-30,0.03150402201107405,0.015655412341901043,1.6373145869815506,0.37917357486901715,0.620826425130983,0.005871187018468473,0.00667859691155177
2014-12-31,-0.04156405173941624,-0.013581009349231565,1.689816625606283,0.3717725552293368,0.6282274447706633,-0.018614636348570378,-0.02076123275991871
2015-01-02,0.01085773402932455,0.0017737778044026875,1.7142592343064613,0.3684246469020549,0.631575353097945,0.007817019048519403,0.008639947448332195
2015-01-05,0.0282827407316939,0.015092769320457444,1.7196932377745913,0.36768852682012665,0.6323114731798732,0.002327807392011421,0.00256772421206904
2015-01-06,0.02620679671076398,0.012791780132704655,1.7251294504895505,0.36695504495038095,0.633044955049619,0.0041393200796480505,0.00455683315767379
2015-01-07,-0.005601421935645723,-0.007135301315331799,1.7455261800733108,0.3642289071063595,0.6357710928936405,0.0068534333129774624,0.007488655576536295
2015-01-08,-0.0096305508494402,-0.0018172403900885703,1.738675684274455,0.36513998562956,0.6348600143704399,-0.006470959170711778,-0.007088417815809505
2015-01-09,0.0021405325528340846,0.0062892878454074985,1.7479027089668604,0.3639139030420673,0.6360860969579328,-0.00885253070962603,-0.00966467700701931
2015-01-12,0.009093138701357084,0.013733512476870935,1.742067875775057,0.3646882737056047,0.6353117262943954,-0.014831572206155705,-0.016226701392608855
2015-01-13,0.03568189646401665,0.0012980430920994657,1.7289364881200973,0.36644311963774484,0.6335568803622552,0.03343766239893365,0.03675900396857689
2015-01-14,-0.009868649670677465,8.09977979279175e-05,1.7358481571567868,0.36551736154803405,0.6344826384519658,-0.010009249548944398,-0.010975663458618019
2015-01-15,0.006900246765207063,0.024546278482289408,1.7350876780164792,0.3656189920482596,0.6343810079517403,-0.03568969857057433,-0.039146494853638795
2015-01-16,0.03900898307249023,0.00964661478074924,1.6386763514728873,0.37897789148783184,0.6210221085121681,0.02320130355950764,0.026378343308253994
2015-01-20,0.011725586523940734,0.013548380003948202,1.6621284628218367,0.37563927284711396,0.6243607271528859,-0.010793561505747801,-0.012163456786349109
2015-01-21,0.012926970771878432,-0.0003863390657272703,1.6404870264707583,0.37871801299345426,0.6212819870065458,0.013560754997022853,0.015407106561490653
2015-01-22,0.009186413391540471,0.0054108373380235,1.6667330008942116,0.3749906719812891,0.6250093280187109,0.00016799223778611594,0.00018898656640516792
2015-01-23,-0.0033794981134445123,-0.006227397470600193,1.667251616503922,0.37491775946910544,0.6250822405308946,0.0070031403860260945,0.007876805108329527
2015-01-26,-0.017337635960134712,-0.01021193828035738,1.6618797654691841,0.37567436853172054,0.6243256314682796,-0.00036662236578860474,-0.0004131918772717208
2015-01-27,0.0056215141548481284,0.009613824076207589,1.662471252988284,0.37559090971503556,0.6244090902849645,-0.010361192003133634,-0.011674708590567337
2015-01-28,0.0,-0.004490150171911567,1.6575058455550942,0.37629268122686754,0.6237073187731326,0.007442450157363632,0.00840161857383505
2015-01-29,-0.07250394707561703,-0.02434096604235414,1.6195062401977214,0.38175133338278266,0.6182486666172172,-0.03308360067758366,-0.03788912601531329
2015-01-30,0.025898080336279827,0.019049916211659745,1.7673965539436982,0.36135045357881324,0.6386495464211868,-0.0077706759291237965,-0.00842381181480855
2015-02-02,0.002501231755403177,-0.0017990213751466477,1.7576221884532433,0.36263125680784514,0.6373687431921549,0.005663231641862591,0.006160994423647764
2015-02-03,0.004061484905441448,-0.01292900848714873,1.7508715661679288,0.363521151731936,0.6364788482680641,0.026698518244333988,0.029116428305149194
2015-02-04,0.004276186281550798,0.00325482084240436,1.7088154395385866,0.3691650547334217,0.6308349452665784,-0.0012857018268817612,-0.0014239085558749968
2015-02-05,-0.011450567249377985,-0.001424314573966079,1.71054269301748,0.3689298097300071,0.6310701902699929,-0.009014216362322004,-0.00997683938224972
2015-02-06,-0.029220069836936147,-0.0222662247115194,1.7698647011038107,0.3610284645316766,0.6389715354683234,0.010188135306827419,0.011034620538794594
2015-02-09,0.02254475173188708,0.00559204496112975,1.755173983083618,0.36295348538417527,0.6370465146158246,0.012729739903878302,0.01386091039843994
2015-02-10,-0.01155157110761762,-0.0074146299807744676,1.762788927452642,0.3619530938695429,0.638046906130457,0.0015188565236500078,0.0016492644536371774
2015-02-11,-0.006644094998338401,-0.010230574728570474,1.7627115764892844,0.3619632279062406,0.6380367720937595,0.011389457509851493,0.012367694413100457
2015-02-12,0.001970680026421423,0.0009023589712366942,1.7481718210296866,0.3638782671257139,0.6361217328742861,0.0003932015004520968,0.0004292324418472184
2015-02-13,0.029800930005829507,0.005245491797497115,1.7278852549056571,0.3665843342206799,0.6334156657793201,0.020737322074205672,0.02280593221827748
2015-02-17,-0.05301541687015543,-0.015002058225896842,1.7357660089454705,0.3655283371202716,0.6344716628797283,-0.026975354137422903,-0.029580769023247903
2015-02-18,-0.0068450993192203935,-0.00695308714826226,1.802506799436879,0.35682339832357757,0.6431766016764224,0.00568788754259951,0.0060887140866980995
2015-02-19,0.00744617168719941,0.0061682293200346905,1.8017135366741746,0.35692442746558173,0.6430755725344182,-0.0036672105760176318,-0.0039267511057224595
2015-02-20,-0.006597019102263402,-0.0022367253968044176,1.797515694397989,0.35746001425568225,0.6425399857443177,-0.002576470097448891,-0.0027629551132902583
2015-02-23,-0.0009838742667562794,-0.0034041643165294566,1.7945453969758574,0.35783995532230717,0.6421600446776928,0.005125053138021122,0.005501846357801787
2015-02-24,-0.004000771532923886,-0.002832645401774303,1.7928506283096435,0.3580571011795372,0.6419428988204628,0.001077738555425596,0.0011576758289553336
2015-02-25,0.014954924712648365,0.003425495448498017,1.7912057814112996,0.3582681028606842,0.6417318971393157,0.008819157461100624,0.009478868437254508
2015-02-26,0.009680978981770227,0.007160679089040389,1.7947074441847213,0.3578192064721545,0.6421807935278455,-0.0031703450847484285,-0.0034032310874027357
2015-02-27,-0.004221171926147238,0.0024801587802172342,1.7211730013046274,0.3674885791974874,0.6325114208025127,-0.008489954257605759,-0.009359883682737598
2015-03-02,-0.006419239213598993,-0.004040924057989392,1.6569440406368945,0.3763722474788331,0.6236277525211669,0.0002763458229527874,0.00031202669539838555
2015-03-03,-0.009081500066321802,-0.003063634446854757,1.6823809763319304,0.3728031211164746,0.6271968788835255,-0.003927299754498161,-0.004392328818110637
2015-03-04,-0.0077499972430375985,-0.00282394054324131,1.702685091735379,0.37000241095713654,0.6299975890428634,-0.002941715780113512,-0.0032653257929779606
2015-03-05,0.0,-0.00391466872184576,1.7052747688810548,0.3696482189177464,0.6303517810822535,0.006675585799891423,0.007402855203487391
2015-03-06,-0.021572004302766623,-0.026590892364690477,1.712347472078899,0.36868432613965296,0.631315673860347,0.02396084301823321,0.026501961785745966
2015-03-09,-0.0018373214368144763,0.0019758172634332105,1.6279175966192543,0.38052943565904546,0.6194705643409545,-0.005053789127661501,-0.005769346574066551
2015-03-10,-0.009013024267394365,-0.0054012763170935285,1.6111685052323814,0.3829703054384094,0.6170296945615906,-0.0003106579772357218,-0.000356918341286528
2015-03-11,-0.01716516047450256,-0.008102770978263951,1.6127680357775294,0.3827358519036734,0.6172641480963267,-0.004097270439532638,-0.004704516876462787
2015-03-12,0.009644819870532784,0.0012166720026682842,1.6177420096527375,0.3820086151777261,0.6179913848222739,0.007676558459847972,0.008797534399732148
2015-03-13,-0.001032711158254207,0.0004339901142222935,1.6207743855341012,0.3815666108153773,0.6184333891846227,-0.0017361112189607192,-0.001987326221452185
2015-03-16,0.008011862360095323,0.0006073861331044039,1.602938740972297,0.3841811504278667,0.6158188495721334,0.007038259596612918,0.008111900006510171
2015-03-17,-0.0024998114168772734,-0.004335385232212996,1.54912495945779,0.3922914788032613,0.6077085211967387,0.004216242055208585,0.004961987492490833
2015-03-18,-0.0023776285487016047,0.002699621574606015,1.5455595520293302,0.3928409371537963,0.6071590628462037,-0.006550054460198392,-0.007719388597658219
2015-03-19,0.036908210518711515,0.015372547156998984,1.5417825335688247,0.3934246879082674,0.6065753120917327,0.01320708581558739,0.015587980845525519
2015-03-20,0.04776997313266329,0.013429196450302605,1.5721047286242413,0.3887866574293328,0.6112133425706672,0.02665786989151869,0.03109267238792881
2015-03-23,0.0002963870631853549,0.002700836461848599,1.6244898915803134,0.3810264246808963,0.6189735753191038,-0.004091094467899233,-0.004676445294406317
2015-03-24,0.005393528015087856,0.003114437013362892,1.6241049878354923,0.38108231364052836,0.6189176863594715,0.00033535532738570954,0.00038339395215547
2015-03-25,0.001002192950646963,0.0046992513935602,1.624656661202547,0.3810022144160475,0.6189977855839526,-0.006632477128565968,-0.007580965419142264
2015-03-26,0.00836279164855358,0.006514596541983497,1.6286395349461609,0.38042492578598525,0.6195750742140148,-0.00224713783394429,-0.00256460173112741
2015-03-27,-0.004088289679051393,-0.004397914584004181,1.6148094832455513,0.382437040406776,0.6175629595932239,0.0030135044977024723,0.0034574272240615236
2015-03-30,-0.023164464972043608,-0.012502083171817557,1.5988977577391519,0.384778507358414,0.615221492641586,-0.003174912221556133,-0.0036649139568130616
2015-03-31,-0.004562659272546399,-0.001434903082481287,1.5579112850852892,0.3909439728542644,0.6090560271457355,-0.0023272075673451344,-0.002729423316103245
2015-04-01,0.02792360344309741,0.021130927661137555,1.5566722162982667,0.39113344042509746,0.6088665595749025,-0.004970324551603934,-0.0058321804256945345
2015-04-02,-0.02100444663782819,-0.005959731245241517,1.5255892364953503,0.3959472053292626,0.6040527946707374,-0.0119123447976827,-0.014149978894683135
2015-04-06,0.024511474840168468,0.014738904831408384,1.5253042307996605,0.3959918919089368,0.6040081080910632,0.002030160943467703,0.002411781818650219
2015-04-07,-0.015794007678264,-0.006564910684618508,1.5346615484343529,0.3945299918317279,0.6054700081682721,-0.005719091681674133,-0.006769059583367397
2015-04-08,-0.02288262772206695,-0.006195275195152727,1.5392868597991023,0.39381135539728496,0.606188644602715,-0.013346322021329038,-0.015767799494364666
2015-04-09,-0.01678838002412031,-0.007896268134635509,1.5621718069896378,0.3902938894542462,0.6097061105457537,-0.004453052563762059,-0.005213997615164688
2015-04-10,0.012744449850146111,0.009215817882871624,1.5997840209130891,0.3846473368386897,0.6153526631613103,-0.0019988683385170087,-0.002306578149305228
2015-04-13,-0.005497870981911679,-0.004399740050828549,1.5863100917458224,0.3866512384541544,0.6133487615458455,0.0014814810617759262,0.0017184494618461112
2015-04-14,-0.007923931940461149,-0.005419828012473871,1.5861866858545295,0.38666968841407495,0.6133303115859251,0.0006729270925463215,0.0007806015276008282
2015-04-15,0.007306051471608566,0.007293721341160575,1.7406076300750255,0.3648825862652307,0.6351174137347693,-0.005389455546456579,-0.005899555435057708
2015-04-16,0.0004302642983451399,-0.0029130253849355414,1.687689300599395,0.37206681582465095,0.627933184175349,0.005346546072875287,0.005967817118983501
2015-04-17,-0.003379110406265484,0.004090170629434509,1.719787611403998,0.36767576843391236,0.6323242315660877,-0.010413335183295444,-0.011486193046434147
2015-04-20,-0.020837203844187413,-0.007814468553728138,1.706290149319715,0.3695095295866084,0.6304904704133916,-0.007503453128792413,-0.008317792307685746
2015-04-21,0.007492314554842228,0.007876015428623706,1.7165664829677458,0.36811173452583346,0.6318882654741664,-0.0060273895492700715,-0.00665625846493406
2015-04-22,-0.013185878755234026,-0.013301188523787477,1.712735841592153,0.3686315433548009,0.6313684566451991,0.009595543565231006,0.010611660101338
2015-04-23,0.00208979745458171,0.00631898209261772,1.6906357667206868,0.3716593722452398,0.6283406277547602,-0.008593299680465339,-0.009581341094270902
2015-04-24,-0.012196713162507256,-0.016075077737549903,1.7005062056885207,0.37030094502043187,0.6296990549795681,0.015139056287121741,0.016818020549516078
2015-04-27,0.048557344100846,0.023910907780611668,1.6636725253605669,0.3754215244100382,0.6245784755899619,0.008777423769812158,0.009885701436167349
2015-04-28,0.012019555270054605,0.008892172141350407,1.5619804110798259,0.39032304684114233,0.6096769531588576,-0.0018698434266844807,-0.002189528950258106
2015-04-29,0.005003929802854357,-0.0034595973409184966,1.5749736371842653,0.38835349052097495,0.611646509479025,0.010452704410073774,0.012178032729108414
2015-04-30,-0.032753420784562115,-0.022648390897821113,1.570915126569178,0.38896655500816746,0.6110334449918325,0.002825279069276758,0.003296817199539781
2015-05-01,-0.0008062818059009214,-0.006681346626305595,1.6145715490266297,0.38247184337804285,0.6175281566219571,0.00998123036611715,0.011452618731929171
2015-05-04,0.01905525450809553,0.010472583080566089,1.6064274153268878,0.3836669281943476,0.6163330718056524,0.002231809938185652,0.002568814989891921
2015-05-05,0.008466314116564622,0.005392570003741826,1.6085927379791036,0.3833484565991346,0.6166515434008655,-0.00020813483049842742,-0.00023936449810828264
2015-05-06,-0.004409008740834164,-0.0024303574106769865,1.630851594160131,0.38010505884093343,0.6198949411590666,-0.0004454564832527125,-0.0005079607883335426
2015-05-07,-0.01286095018225919,-0.006637002511963419,1.6160818203499563,0.3822510413172891,0.617748958682711,-0.0021350110810581142,-0.0024483306268752465
2015-05-08,0.010447399397084611,0.005666399723896376,1.6190498198215613,0.3818178609783494,0.6181821390216505,0.0012732159450732396,0.001458409766134176
2015-05-11,-0.00875800417686401,-0.0049617563999656555,1.6379691966845362,0.379079483284651,0.620920516715349,-0.0006308000322679079,-0.0007173700508641811
2015-05-12,0.013007724188358605,0.007944578094980947,1.6389150225435736,0.37894361563644785,0.6210563843635521,-1.2764199276276214e-05,-1.4510735473366801e-05
2015-05-13,0.04221686819366233,0.021633447389137528,1.6152564025056264,0.3823716860197414,0.6176283139802585,0.007273303790089308,0.008343316299450662
2015-05-14,0.014063965954820512,0.005745239543446523,1.5625723047438524,0.3902328914383382,0.6097671085616617,0.00508661376011176,0.00595489198571535
2015-05-15,0.005501786615897286,8.158608123531863e-05,1.5715337830875575,0.3888729779001123,0.6111270220998877,0.005373571333006257,0.0062689100586744585
2015-05-18,0.009518370827491518,0.0018768248291514134,1.5745885711658218,0.3884115742606522,0.6115884257393479,0.006563143901429456,0.0076476031645602415
2015-05-19,-0.037375827694224206,-0.01702233554560495,1.5743132758495062,0.3884531107310577,0.6115468892689424,-0.010577338858813387,-0.012326400548887662
2015-05-20,0.002463332479407887,0.001657138088940746,1.6118091968039316,0.38287636065593883,0.6171236393440612,-0.0002076579327208992,-0.00023852194062454158
2015-05-21,0.001111690155147782,-0.0037223921822493455,1.6114781482452405,0.3829248966421339,0.6170751033578661,0.007110243816041517,0.00816806813507421
2015-05-22,-0.004733760393940911,-8.300862164645206e-05,1.6019500667008948,0.3843271294087267,0.6156728705912732,-0.004600784726957628,-0.005304619161417413
2015-05-26,-0.01738117571294573,-0.014199200334575779,1.6051962352434537,0.3838482439333599,0.6161517560666402,0.005411327207582899,0.006231385337938523
2015-05-27,-0.0057367496311308,-0.0010949518289057325,1.5979248377336803,0.38492260648786036,0.6150773935121395,-0.00398709890760041,-0.004604173511515352
2015-05-28,0.0009015139564998442,0.001855089911952712,1.5980930652806036,0.3848976825978312,0.6151023174021688,-0.0020630923672637904,-0.002382238413435319
2015-05-29,0.0018615347118440262,0.001094225111387459,1.5945741447408575,0.3854197044347248,0.6145802955652753,0.00011671164069939916,0.00013494889818736278
2015-06-01,-0.0011987807327606959,-0.0009248155064394137,1.5924942371062016,0.3857289191571055,0.6142710808428945,0.0002739826316305238,0.00031704907309998377
2015-06-02,0.007141226098765774,0.004880860489345551,1.5962007578759339,0.385178225130072,0.614821774869928,-0.0006496071134142961,-0.0007506435449303635
2015-06-03,-0.019007342320135012,-0.007872058124320791,1.703331105517877,0.36991399165232114,0.6300860083476789,-0.005598620852534694,-0.006213024561927089
2015-06-04,-0.022776966958986233,-0.008272074923375006,1.7147746871830554,0.36835469430342843,0.6316453056965715,-0.008592222269901062,-0.009494956222849543
2015-06-05,-0.007334264344828312,-0.00604304658983934,1.7295562374581088,0.3663599182448965,0.6336400817551036,0.003117524577878273,0.003426408148433818
2015-06-08,-0.0012522387103404142,0.004623995648200818,1.7204009241847211,0.3675928761491987,0.6324071238508012,-0.00920736509693123,-0.01015368545321009
2015-06-09,-0.0001253748990484027,0.003494798693227441,1.7111887925990152,0.36884189058681316,0.6311581094131868,-0.006105635255288884,-0.006756042152382754
2015-06-10,0.00018805603220672928,0.007474667793118561,1.7074804253718878,0.36934708396373517,0.6306529160362648,-0.012574792910700901,-0.013933389279045682
2015-06-11,6.271341392705132e-05,-0.0052271741838728625,1.6904424516526915,0.3716860769074312,0.6283139230925688,0.00889895055652875,0.009922848062848117
2015-06-12,-0.008462372487981651,-0.0009322616858862265,1.6850526585169137,0.37243217440374116,0.6275678255962589,-0.006891462455745605,-0.007699807041645245
2015-06-15,0.016310556104031093,0.005514081889003819,1.689712126158101,0.37178699916424446,0.6282130008357556,0.006993345071552573,0.007800104334817768
2015-06-16,-0.007340136162575006,-0.004049648722170174,1.6633511799196534,0.375466820725522,0.624533179274478,-0.0006041481822931308,-0.0006805127917581142
2015-06-17,-0.001127998653692508,-0.003473083935567556,1.5916171646828077,0.38585946011913824,0.6141405398808617,0.004399821352540932,0.005093138075136302
2015-06-18,0.0130490051603116,0.02133625898081659,1.5899181740046975,0.38611258457395037,0.6138874154260495,-0.020873900758559646,-0.02417902731608282
2015-06-19,-0.002724834261592868,0.0,1.50796860527582,0.39872907415841535,0.6012709258415846,-0.002724834261592868,-0.0032594119270801607
2015-06-22,0.002049120622745093,-0.014814855454119868,1.5124857319344365,0.39801221049325947,0.6019877895067406,0.02445637811777246,0.029201811345940795
2015-06-23,-0.025097527491198757,-0.006336065142669711,1.4450096333181714,0.40899634356159165,0.5910036564384084,-0.01594185232270955,-0.019560477928761213
2015-06-24,0.007373456598908534,-0.00306068333224363,1.4642848031300038,0.4057972514905149,0.5942027485094852,0.011855168689506182,0.014432384610474053
2015-06-25,-0.0027132299809023985,-0.0009380655030184482,1.4477880015223035,0.4085321111869534,0.5914678888130467,-0.0013551100009903051,-0.0016608178487853718
2015-06-26,-0.004429019117172195,0.0011950699223750583,1.4474290556058567,0.40859202750310236,0.5914079724968977,-0.006158798046298489,-0.007549307342157738
2015-06-29,-0.004512240275264312,0.004774469664398762,1.455137967820038,0.40730908531707416,0.5926909146829258,-0.011459752360135946,-0.01400298375530146
2015-06-30,-0.007213988717370112,-0.005939753924480318,1.429890664484299,0.4115411506435958,0.5884588493564042,0.0012792099685782713,0.0015793426271503812
2015-07-01,6.433054986665354e-05,-0.0021340162185232714,1.4145709898992789,0.4141522465826171,0.5858477534173829,0.0030830479845642333,0.0038305537473878612
2015-07-02,-0.000964528245794849,-0.0051325919589392255,1.4055578093301118,0.4157039985160345,0.5842960014839655,0.006249626464197116,0.007793984131195104
2015-07-06,0.012164519104023608,0.008512488748119162,1.3818673676424937,0.419838658350558,0.5801613416494419,0.0004013886855738346,0.0005055554616852382
2015-07-07,-0.0493450356842543,-0.017478045505405326,1.3732871303242167,0.4213565173900341,0.5786434826099659,-0.025342660728460146,-0.032034885797823445
2015-07-08,0.01317729137480983,0.00945854233177812,1.4615487333615513,0.4062483047550212,0.5937516952449787,-0.0006468291896470947,-0.0007883197852805897
2015-07-09,0.013071892132744178,-0.0036964228037785762,1.4620403326888913,0.4061671885398646,0.5938328114601353,0.018476211358539413,0.022513292467098798
2015-07-10,0.008015649580846329,-0.0011216987300474157,1.4498387495404375,0.408190130957635,0.591809869042365,0.00964193186497937,0.01180722429195157
2015-07-13,-0.0020688221382649807,-0.0021594541810849854,1.4539267519015555,0.40751012605616566,0.5924898739438345,0.0010708660651201456,0.0013091662955591428
2015-07-14,-0.009134477532462215,-0.001644652375394129,1.4558279259689073,0.40719465294192636,0.5928053470580738,-0.0067401466758523435,-0.00823365505935412
2015-07-15,-0.01745669807338457,-0.005289254658792708,1.4665398795685562,0.40542624438527974,0.5945737556147203,-0.009699795183071284,-0.011797654597137053
2015-07-16,-0.004258725726615009,-0.002963652796774463,1.4618247043038561,0.4062027642552135,0.5937972357447865,7.361514668911655e-05,8.970802822851672e-05
2015-07-17,-0.009623099159888349,-0.010491344192802399,1.4694654077111768,0.4049459437161542,0.5950540562838458,0.005793568211826316,0.007038245841065757
2015-07-20,-0.0050607159790515555,-0.022177148412600656,1.4744051082103689,0.40413754266909724,0.5958624573309028,0.027637384926026326,0.033507914489412684
2015-07-21,0.0016276817926723641,-0.0029817718472999744,1.3710707480677282,0.421750384637378,0.578249615362622,0.0057159019499172315,0.007232051537781395
2015-07-22,-0.0037240371708914255,-0.010875475561433312,1.3978652347965408,0.4170376155792801,0.5829623844207199,0.011478412028315593,0.01436078874877579
2015-07-23,-0.002106846395238726,0.002382238892960853,1.2871223502544489,0.43723065357161467,0.5627693464283854,-0.005173079318014056,-0.006785486553579264
2015-07-24,-0.01402978818011491,-0.007678267288905416,1.2811442966916429,0.43837647686308395,0.561623523136916,-0.004192819834459734,-0.005514100761456349
2015-07-27,0.00808175894510188,0.010040553296972288,1.291085642345252,0.43647429913460495,0.5635257008653951,-0.004881455257821323,-0.006391889287243484
2015-07-28,0.002535268110304134,-0.00018235400991795103,1.2572903644232856,0.44300902345608945,0.5569909765439106,0.002764540049887922,0.0036741485634182915
2015-07-29,0.007039890911804791,-0.0032838616217323313,1.2689696543654905,0.4407286796789032,0.5592713203210968,0.011207011658918567,0.014817754354743765
2015-07-30,-0.0029184349566486745,-0.0039351395167548375,1.2444763436472677,0.4455382222362847,0.5544617777637153,0.0019787530809042614,0.0026448303897319667
2015-07-31,0.0037438094910426933,0.0059720689582851705,1.2397822378945194,0.4464719753024018,0.5535280246975983,-0.0036602555269204867,-0.0049026045456471695
2015-08-03,-0.01559748347949741,-0.005023289686145849,1.2323003722716181,0.4479683883143319,0.5520316116856679,-0.0094072817292317,-0.012642494503988359
2015-08-04,0.0023422704058286836,0.0011932501640172788,1.234993480996904,0.4474285981156226,0.5525714018843776,0.0008686142320688578,0.0011659285444735414
2015-08-05,-0.00027495970480273524,-0.004584212179186253,1.2287744605475706,0.4486770724007299,0.5513229275992702,0.005358003142712456,0.007212039491958405
2015-08-06,0.008524718365790607,0.004144791565241279,1.2215844036080172,0.45012919535081636,0.5498708046491837,0.0034615056334857987,0.004674374236509839
2015-08-07,0.009952277279343447,0.00357734781575636,1.218265004793749,0.4508027660531833,0.5491972339468167,0.005594119625432117,0.007565533802331589
2015-08-10,0.031924917200394365,0.009231309579847524,1.107881784703797,0.47440990631290153,0.5255900936870984,0.021697717467919632,0.030880836333478677
2015-08-11,-0.0005232141014808178,0.0030791745738207865,1.1651325719681729,0.46186548248681547,0.5381345175131844,-0.004110860692215633,-0.0056959939711387735
2015-08-12,0.012564585674976758,0.014084485310398076,1.156207893855511,0.4637771723448717,0.5362228276551284,-0.0037200074217974832,-0.0051757635695495186
2015-08-13,-0.004976388963535361,-0.006677350717630426,1.1332668917803064,0.4687645994287454,0.5312354005712546,0.0025908315295606697,0.0036434703124256142
2015-08-14,-0.012081051663181741,-0.0025095696695797143,1.041841937586625,0.4897538744756902,0.5102461255243098,-0.009466476736118185,-0.013908730977443601
2015-08-17,0.005588431159355034,0.005121709989067469,1.0441901924121773,0.48919127178669414,0.5108087282133058,0.00024039182039130302,0.00035279274103302075
2015-08-18,-0.03321349273006502,-0.0013409619459487931,1.0498169626525913,0.48784843633352387,0.5121515636664761,-0.03180572813293635,-0.04654912420830651
2015-08-19,0.026306887589934602,0.009846925289055175,1.052390768914317,0.4872366486665619,0.5127633513334381,0.015944074313543992,0.023305612003865363
2015-08-20,0.022469726212640317,0.022072533421631624,1.1031145739687296,0.4754852695033764,0.5245147304966236,-0.0018788070891733975,-0.002680035285421399
2015-08-21,-0.013920252251370724,0.005724176570631068,1.0948516390427676,0.47736077408180816,0.522639225918192,-0.020187376351896356,-0.0289099848060661
2015-08-24,-0.0352264276927432,-0.005346629270789882,1.0631083192303648,0.4847055245131514,0.5152944754868487,-0.0295423816351259,-0.042958066757464164
2015-08-25,-0.010296736646928428,-0.013178492214710347,1.0995783471789766,0.4762861082767473,0.5237138917232529,0.004194048040833787,0.005992700457883322
2015-08-26,-0.03867211455580544,-0.011948669978359416,1.081724381750506,0.48037098895825375,0.5196290110417462,-0.025746946910723767,-0.0371042590504801
2015-08-27,0.026771053659033317,-0.0019562077357584418,1.1440514549477265,0.4664067169154672,0.5335932830845327,0.02900905596530776,0.04059005566078873
2015-08-28,0.007905160819214219,0.009533099553753921,1.120940186751018,0.47148901522388487,0.528510984776115,-0.002780873574886749,-0.0039334540298564275
2015-08-31,0.0028895643161639395,-0.0013238019877498397,1.0928924724974018,0.47780763376090807,0.5221923662390918,0.004336337543652837,0.006215805542764051
2015-09-01,0.0024696612882670888,0.006274280434003243,1.0921019298429462,0.47798818295391077,0.5220118170460892,-0.004382492482083691,-0.006284338854961075
2015-09-02,0.003284769449738434,-0.00544476283282036,1.093099374697742,0.47776040262990715,0.522239597370093,0.009236436297671876,0.013238410573323613
2015-09-03,0.002796494907069569,-0.007770462541390688,1.0841036856061224,0.47982257644209714,0.5201774235579029,0.01122048198705553,0.016151521727853377
2015-09-04,-0.010746836891460165,-0.002758721830240063,1.078824459189311,0.4810410978086984,0.5189589021913016,-0.007770660304897683,-0.011214020891299371
2015-09-08,0.014163939267783476,-0.00017843224721691975,1.0891433443932002,0.4786650962385034,0.5213349037614966,0.014358277562264907,0.02061841893348203
2015-09-09,-0.012338993913036278,-0.016244263518028434,1.0913219556016436,0.4781664522392078,0.5218335477607922,0.005388727516766948,0.007730126156328742
2015-09-10,0.004530476761880342,0.00662316199557389,1.0543274976245183,0.4867773035975669,0.5132226964024331,-0.0024525050512748878,-0.003581471387757008
2015-09-11,-0.009840102168406695,-0.00540784136998651,1.0483869290781744,0.48818901634469286,0.5118109836553073,-0.004170591961584629,-0.006108111561903247
2015-09-14,-0.00917870409019006,0.0038060273419799895,1.0540412290582915,0.4868451450015277,0.5131548549984724,-0.013190413827560109,-0.019265066797525973
2015-09-15,-0.0026467998803805237,-0.004423492425513098,1.0913682698080658,0.47815586304738883,0.5218441369526112,0.0021808593945607906,0.003128372117973662
2015-09-16,0.03903903943905118,0.014871147640206583,1.0901436647331992,0.47843601225739046,0.5215639877426095,0.022827352051767908,0.03276428185813019
2015-09-17,0.006519701598272976,-0.0016975539909206416,1.2535323547435382,0.4437477890632745,0.5562522109367254,0.00864764044981602,0.011512113990659998
2015-09-18,0.011953248498034696,0.018616240802663997,1.226663213720257,0.44910249284139536,0.5508975071586047,-0.0108826092723513,-0.014662220858495556
2015-09-21,0.004091284138113327,-0.004393287151619352,1.1819639297382614,0.45830271819385926,0.5416972818061409,0.00928399108430995,0.012764635048880413
2015-09-22,-0.030625631928335006,-0.007148509187593022,1.1731012317170724,0.460171843540787,0.5398281564592131,-0.022239706995428824,-0.030702260903680258
2015-09-23,0.0020338802014367996,0.005866644965277779,1.2102043997342984,0.45244684162252863,0.5475531583774714,-0.005065959347221438,-0.0068762319193154
2015-09-24,0.023342373021778995,0.01961830480836868,1.215642551343164,0.45133634005800316,0.5486636599419968,-0.0005064730884941672,-0.0006857691302964916
2015-09-25,-0.0012562018780668538,-0.006760312444125116,1.2137982556994218,0.45171234435003316,0.5482876556499668,0.006949453574595307,0.009417461898396493
2015-09-28,-0.037600942790336433,-0.012216404886561949,1.2050697898243035,0.4535003856180345,0.5464996143819654,-0.02287932232127863,-0.0311273444861375
2015-09-29,0.0021323522562486374,-0.0043286434753202485,1.267199683977653,0.4410727502597238,0.5589272497402762,0.007617607900226386,0.010079757800859155
2015-09-30,-0.0038438265217418666,-0.010291878127232756,1.2572591224770313,0.44301515499143823,0.5569848450085617,0.009095731141143341,0.01208864022376221
2015-10-01,-0.0004823241030036396,-0.0011654404555132558,1.1344020611913077,0.4685152896834508,0.5314847103165492,0.0008397539519263344,0.0011803126981487673
2015-10-02,0.05177171011113724,0.020552885853187375,1.1291347154063214,0.4696743671332987,0.5303256328667013,0.0285647331925199,0.04024836895358494
2015-10-05,0.029166919821349113,0.0008794301481580558,1.264043733613689,0.44168758100970007,0.5583124189902999,0.028055281653418966,0.037175008464133324
2015-10-06,0.01764109241931555,0.007644383998610005,1.2721421234254575,0.44011331407931936,0.5598866859206807,0.00791634952704423,0.010452272477273065
2015-10-07,0.006821406326730006,0.001918338924141949,1.2835529596008137,0.437914082874964,0.562085917125036,0.0043591167231301665,0.005726755805863396
2015-10-08,-0.020387812553906537,-0.0037424271785247987,1.2823431832555774,0.43814620313741826,0.5618537968625817,-0.015588736572694857,-0.02049043722310699
2015-10-09,0.0031091234559219583,0.010133745218015022,1.2824099713147012,0.43813338206894775,0.5618666179310523,-0.009886492458423178,-0.012994807132824276
2015-10-12,0.002909705037202892,0.007437494787493337,1.2598514916743295,0.44250695396762446,0.5574930460323756,-0.0064604338651406395,-0.008576360732918014
2015-10-13,0.00264905529999937,0.0007726194481927351,1.2559244100263005,0.44327726388152416,0.5567227361184759,0.0016787036753530633,0.0022323935162350934
2015-10-14,0.012895449833174588,0.012266191592792408,1.3732425254404648,0.42136443674858043,0.5786355632514195,-0.003949006087248255,-0.0049919121770102305
2015-10-15,0.0031052755332361404,0.006609650868141248,1.3681763238025504,0.42226585493191354,0.5777341450680865,-0.005937892293155687,-0.007522107496989022
2015-10-16,-0.003095662647756958,-0.003619874349481522,1.3927065783812156,0.4179367453724934,0.5820632546275066,0.0019457601716793812,0.0024396140202813136
2015-10-19,-0.01695434244028582,-0.008702202577111073,1.3913472572786447,0.41817431448162024,0.5818256855183798,-0.004846556752339174,-0.006080116642517104
2015-10-20,0.004801267147490185,0.004005753836428427,1.3955077805628073,0.41744802839465506,0.5825519716053449,-0.0007887934982650007,-0.0009878408719837424
2015-10-21,-0.013140499044197118,-0.008828543645214348,1.40677262417533,0.41549417255094695,0.584505827449053,-0.0007207455327724963,-0.0008983967062772963
2015-10-22,0.008091224148764065,-0.0008564577088983061,1.4089011321370952,0.41512704139618795,0.584872958603812,0.009297888384458431,0.01157941468881663
2015-10-23,-0.00031600293594025164,-0.0028286703470528085,1.416507103390917,0.41382042643150907,0.5861795735684909,0.003690828703811302,0.004582020924290541
2015-10-26,0.005183953696934918,0.003180564786877005,1.4163042367832344,0.41385516971624203,0.5861448302837581,0.0006793063139174504,0.000843403289506865
2015-10-27,-0.002641497981269336,-0.00017133776510280807,1.421720658042067,0.4129295411009495,0.5870704588990506,-0.0023979035411199148,-0.0029704956265169643
2015-10-28,0.027115670989693585,0.00882749942302219,1.4105596151585598,0.41484143089081943,0.5851585691091805,0.014663956800742999,0.018249650465224164
2015-10-29,-0.0456778260066657,-0.025401431513222827,1.4357099209918098,0.4105579204574593,0.5894420795425406,-0.009208738775737683,-0.011342161925408503
2015-10-30,0.0014153572612907173,-0.0049685768954683684,1.4911315272402355,0.40142400714900656,0.5985759928509934,0.008824158915641013,0.010626687694908746
2015-11-02,-0.009829106904771123,-0.004993386922360954,1.4793174235381406,0.40333681782985964,0.5966631821701404,-0.002442302628055072,-0.0029552117105317056
2015-11-03,-0.010964748638478738,-0.019017517809174378,1.479309135676017,0.40333816610865536,0.5966618338913448,0.017168039194514272,0.020773576333190713
2015-11-04,-0.011873570215833573,-0.006910744488703768,1.387203673616494,0.4189001596520879,0.5810998403479122,-0.0022869600736787656,-0.002874023819945958
2015-11-05,-0.0049790752594224275,-0.0018978541219498712,1.3925071309427315,0.4179715859847678,0.5820284140152322,-0.0023362998611181755,-0.002929520874862669
2015-11-06,-0.019482240360925163,-0.01521192362979007,1.4120847972237969,0.4145791230685405,0.5854208769314595,0.0019982857332308326,0.0024853426407696402
2015-11-09,-0.018916703596454032,0.00027588160616076607,1.4117462562949576,0.41463731824601185,0.5853626817539882,-0.019306178421132133,-0.02401518613835175
2015-11-10,-0.004300199313828079,0.00027569330920274027,1.406204528498689,0.4155922691343006,0.5844077308656994,-0.004687880493705762,-0.0058447406754288085
2015-11-11,-0.0065477753566862695,-0.0032163206736325334,1.4070331618953682,0.4154491993839298,0.58455080061607,-0.0020223055095956455,-0.002520495614613664
2015-11-12,-0.0026644304156440146,-0.003595374314838584,1.4027837624974906,0.4161839344879643,0.5838160655120358,0.0023791022933120918,0.0029704324589398963
2015-11-13,-0.001476371518634445,0.0,1.377236456604976,0.4206565136680341,0.5793434863319659,-0.001476371518634445,-0.0018631358877226401
2015-11-16,0.0012673131705154272,0.0026831071546435936,1.4151403575379131,0.41405461048211645,0.5859453895178836,-0.0025296600476194405,-0.003142252217007719
2015-11-17,-0.00358622054924429,-0.013841469664900852,1.444734782618203,0.4090423252083991,0.5909576747916009,0.016411032118192694,0.02013842021008578
2015-11-18,-0.006351457452597908,9.36630119054982e-05,1.380320524257436,0.4201114891079468,0.5798885108920532,-0.0064807424302948365,-0.008167903058748654
2015-11-19,0.011505660747970659,0.008607738352895966,1.3957785743370676,0.4174008444318392,0.5825991555681608,-0.0005088360185009719,-0.000637165751398926
2015-11-20,-0.009549198366472722,-0.001484207408105287,1.3382242932467667,0.4276749680893269,0.5723250319106731,-0.007562995956729409,-0.009703512163361874
2015-11-23,-0.00453708563320665,-0.008918594730767726,1.3474969641634431,0.42598564141545603,0.5740143585845441,0.007480693691106941,0.009560004300716237
2015-11-24,0.009044285479102854,0.007030370881814907,1.3483958074718956,0.42582259635207065,0.5741774036479294,-0.0004354371429088604,-0.0005562569242247347
2015-11-25,-7.053784365407267e-05,-0.003537232295828474,1.3466703383971534,0.4261356968797885,0.5738643031202115,0.004692947969158598,0.005999497959773962
2015-11-27,-0.011293043825063243,-0.013358289423750613,1.354956875658643,0.42463622596924044,0.5753637740307596,0.006806862276685782,0.008671320923592726
2015-11-30,0.0029982735418085937,0.009089280534049005,1.3488153619977512,0.4257465342654539,0.5742534657345462,-0.009261487672023828,-0.011829138835519112
2015-12-01,0.0003558800265508477,-0.001876524590329165,1.3457984013412254,0.42629409220683395,0.5737059077931661,0.002881303820293336,0.003684848389332091
2015-12-02,-0.005407343434568279,-0.009024344064305523,1.3423065701746204,0.426929596976475,0.5730704030235251,0.0067060928944653615,0.008589088610162696
2015-12-03,0.00529368038464062,0.007114399874201149,1.330275343124449,0.4291338373169212,0.5708661626830788,-0.004170430349136851,-0.005369018336964132
2015-12-04,0.03216392583993133,0.021475039914016225,1.351399438214697,0.42527865906068735,0.5747213409393126,0.0031425689644916065,0.004009402545674161
2015-12-07,-0.013650462093172111,-0.0074688571562355754,1.3695876533669693,0.42201435282594024,0.5779856471740596,-0.003421207547230333,-0.004331396066782895
2015-12-08,-0.015097543477103015,-9.287958349124548e-05,1.3720606348108768,0.4215743836074955,0.5784256163925043,-0.014970107056817047,-0.018933040965047596
2015-12-09,0.005180608635223072,0.0012077735750619656,1.3831109817876368,0.41961956771726705,0.580380432282733,0.0035101237400419526,0.004418749819291563
2015-12-10,-0.0055774867139374296,-0.0041759466424943215,1.3864244126665848,0.41903694694549426,0.5809630530545057,0.00021214765720975644,0.0002666931197364457
2015-12-11,-0.01604542644950202,0.0035411880668900775,1.3304198335519926,0.42910723020916547,0.5708927697908345,-0.02075669328803022,-0.02672054149538347
2015-12-14,-0.013925956917097637,-0.011328881944101976,1.3152134788452707,0.4319256125352022,0.5680743874647978,0.0009739413160320971,0.0012620105985015131
2015-12-15,0.005414854597120433,-0.0016905483613777195,1.3626545849994298,0.4232527286675895,0.5767472713324104,0.007718488072915055,0.009800613414148625
2015-12-16,0.03478898463112867,0.014206393112335736,1.3688444727567963,0.4221467519293182,0.5778532480706817,0.015342641941497679,0.019430539384853316
2015-12-17,-0.03762841367168357,-0.025231865651090035,1.3886225519444044,0.4186513265505144,0.5813486734494855,-0.0025908760009485665,-0.003254021024175026
2015-12-18,0.029014128779839776,0.014655406954847683,1.41049975970239,0.4148517318763243,0.5851482681236757,0.008342680791686385,0.010382926724767323
2015-12-21,0.015696002763488037,0.014725261640587517,1.4534137079899299,0.40759534225448474,0.5924046577455152,-0.005705894358680144,-0.006977087891982502
2015-12-22,6.995345661109376e-05,-0.006562506170367022,1.4431726296047582,0.4093038649347402,0.5906961350652598,0.00954078274329712,0.011715237754002553
2015-12-23,-0.0017479805936412296,-0.0050242130338106206,1.3901670313202625,0.4183808022185075,0.5816191977814924,0.005236514724291851,0.0065725716935347515
2015-12-24,0.006443931139332504,0.007293740957305728,1.391509929909525,0.41814586989309793,0.5818541301069021,-0.0037053818289462213,-0.00464817032445239
2015-12-28,-0.034518774786388984,-0.0062197841399697085,1.4020544131214807,0.41631030277140785,0.5836896972285922,-0.02579829898428146,-0.03222029298340055
2015-12-29,0.0031716046620258176,0.006539000467071565,1.4296141700363734,0.41158798476427605,0.588412015235724,-0.006176643063574155,-0.007626696213434193
2015-12-30,-0.007400997955736677,-0.01614851453741295,1.325286776188942,0.4300544819847824,0.5699455180152176,0.014000414815791597,0.01806282342353198
2015-12-31,-0.0028232597946472593,0.00018873054126511413,1.273282945066622,0.4398924481310853,0.5601075518689146,-0.0030635671740533213,-0.004042920192625039
2016-01-04,0.0030490578389814615,0.013958243965158657,1.257891243771651,0.4428911280640645,0.5571088719359356,-0.0145088950232201,-0.019277582651391123
2016-01-05,0.009553446172481994,0.0030695273956511393,1.2165470695414387,0.45115216082773324,0.5488478391722668,0.005819221614425437,0.007876063217050457
2016-01-06,0.000573476232015091,0.012518545710656026,1.214106674668446,0.45164942206307485,0.5483505779369252,-0.014625373672434433,-0.01981662469983457
2016-01-07,0.02708320308029233,0.01447012217651622,1.1969809890442138,0.45517007429137807,0.544829925708622,0.009762741925855332,0.01333112390303737
2016-01-08,-0.02978723715661491,-0.00893735016714281,1.2335279749740722,0.44772217371112555,0.5522778262888745,-0.018762765703305054,-0.025201518736548877
2016-01-11,-0.0038107887664187157,-0.001184230980416534,1.2584653038042555,0.44277855334574195,0.5572214466542579,-0.002320475165874411,-0.003082369911061776
2016-01-12,-0.008300236370820002,-0.00994074273968304,1.2624696395412434,0.44199488139994136,0.5580051186000586,0.004249649532519877,0.005634970023352318
2016-01-13,0.029476032997964863,0.0017502067582830794,1.260880387257827,0.4423055751360993,0.5576944248639008,0.02726923162279963,0.03618399952932569
2016-01-14,-0.02884411305527168,-0.012505724676724173,1.2776594310513005,0.4390472018630237,0.5609527981369764,-0.012866055979924067,-0.016946417630996052
2016-01-15,0.010700979409674405,0.016388839916025022,1.2954342143530462,0.4356474229351172,0.5643525770648828,-0.010529684551099313,-0.013761689817018396
2016-01-19,0.016277717877389186,-0.0014658502848717836,1.2649121743079283,0.44151822368368976,0.5584817763163102,0.01813188974843625,0.024016679261274234
2016-01-20,0.002622300285487267,0.015781219182118944,1.2618810047917592,0.44210990670221634,0.5578900932977837,-0.01729172043288397,-0.02293452272190942
2016-01-21,-0.004523936402388906,-0.0072260863304292045,1.215381841215228,0.4513894541319608,0.5486105458680393,0.004258517706668331,0.0057667499490729225
2016-01-22,-0.0028403011668645117,-0.0017287093588093105,1.2114270900997646,0.45219668533358104,0.547803314666419,-0.0007460958186939187,-0.0010121461684639036
2016-01-25,0.014028309247448911,0.008202698141198006,1.2100296078987338,0.4524826257648134,0.5475173742351866,0.004102801631943416,0.005569339366241755
2016-01-26,0.021348307984839332,0.014011933361215423,1.217323588426512,0.4509941648659562,0.5490058351340438,0.004291250984771417,0.005805987462321596
2016-01-27,-0.007150721527683479,-0.004992400668366814,1.2030303543291279,0.45392020951273837,0.5460797904872616,-0.0011447119826651754,-0.0015588237090093555
2016-01-28,-0.015512464239688772,-0.0004479885412931317,1.1408062273724586,0.46711373837293096,0.532886261627069,-0.015001396121990064,-0.021022074670067906
2016-01-29,0.0009144969502010714,0.0007171466884487998,1.147391296310367,0.465681313749475,0.5343186862505249,9.164908169711605e-05,0.00012803779430593776
2016-02-01,0.0070279275301357025,0.010300967169931452,1.1449887098323255,0.46620292005088004,0.53379707994912,-0.004766563579789251,-0.006666557578517775
2016-02-02,-0.003698823950355923,-0.0005319403962680269,1.1797518282968793,0.4587678225650747,0.5412321774349252,-0.0030712662953137513,-0.004226994452455781
2016-02-03,0.031101165832780664,0.012419053839795025,1.1766587410705172,0.4594197432658568,0.5405802567341432,0.01648817757636048,0.022724982927160155
2016-02-04,0.007880446560581955,0.014281894383995741,1.2140245099510936,0.4516661832357445,0.5483338167642555,-0.00945812327012175,-0.012815743313967207
2016-02-05,-0.004853093919690021,0.00017283452523075837,1.1928488603703307,0.4560277810624481,0.5439722189375519,-0.005059259386144178,-0.006921488495048079
2016-02-08,0.04416150297625965,0.03463462937881623,1.1908110221759212,0.45645196681856953,0.5435480331814304,0.0029182045629873032,0.003996060637063439
2016-02-09,0.0018162867971291963,0.0006677742228144989,1.2086999197349577,0.45275503071508205,0.547244969284918,0.0010091481476122376,0.0013706907017047405
2016-02-10,-0.010813248786232688,-0.0033369484966521146,1.2069255336783402,0.4531190494376464,0.5468809505623536,-0.0067858004410536995,-0.00922432633657144
2016-02-11,0.03351437559273007,0.044530070659167365,1.213608068880319,0.4517511541714867,0.5482488458285133,-0.020527677467046188,-0.027820205964594412
2016-02-12,-0.0002533225787005877,-0.007051886093404791,1.113220504539731,0.4732113841654232,0.5267886158345768,0.007596981616156207,0.010784934558181655
2016-02-16,-0.028888145631778883,-0.025179526903889582,1.1038389707165825,0.47532154975691554,0.5246784502430846,-0.0010940025710589087,-0.0015600089925413008
2016-02-17,0.002805092716501534,0.002649185451773839,1.127373649388538,0.47006316933907016,0.5299368306609299,-0.00018152915417176188,-0.0002559905086122567
2016-02-18,0.003577953818884927,0.012385434978431809,1.1261283601301952,0.470338488847759,0.5296615111522409,-0.010369635762875645,-0.014631716443837827
2016-02-19,-0.0038244645805224353,0.003507094783253839,1.1133846108356675,0.47317463885789507,0.526825361142105,-0.007729209940939311,-0.010971798367382431
2016-02-22,-0.01229829055989018,-0.016986365409099702,1.1095472806386468,0.47403535781253453,0.5259646421874656,0.006548884987710772,0.009313209115267836
2016-02-23,0.0036892915360224876,0.010582925860376236,1.1014766987346662,0.4758558591689912,0.5241441408310087,-0.007967554703618455,-0.011374222766898891
2016-02-24,0.003741395569530015,0.013417247556746226,1.093941510866997,0.4775682581439201,0.52243174185608,-0.010936288494373475,-0.015668472740452005
2016-02-25,-0.008304986696455186,-0.00040364900275247084,1.085569419482756,0.4794853581272835,0.5205146418727166,-0.007866797682862392,-0.011316042912846474
2016-02-26,-0.03138805363341113,-0.014860202769621855,1.0958643106406538,0.47713012475236277,0.5228698752476372,-0.015103287769299138,-0.021618700732609596
2016-02-29,0.014092162633249972,0.011559251534285053,1.1248739234991634,0.47061615700626475,0.5293838429937353,0.0010894620071650197,0.0015381552690490012
2016-03-01,-0.010942542146438194,-0.0029175585660977665,1.1295578919391256,0.46958103547465596,0.5304189645253441,-0.007646990842907863,-0.01077264563483366
2016-03-02,0.018326237792638533,0.00877828686433002,1.1413393468615889,0.46699744319630143,0.5330025568036987,0.008307233596340443,0.011638370548576204
2016-03-03,0.008531580584683729,0.013133550196413157,1.1484954203538,0.46544199746784964,0.5345580025321502,-0.006552241668883534,-0.009149065350771686
2016-03-04,0.03634923048987204,0.009941148208443051,1.1234401389079056,0.47093392541515405,0.5290660745848459,0.025180945565674705,0.03557568462272552
2016-03-07,-0.003698718946743562,-0.005276063558845023,1.1411891776367244,0.46703019539063845,0.5329698046093614,0.0023222676871338796,0.0032537073950145044
2016-03-08,-0.015297978507136767,-0.0008707850130275085,1.1335423284703177,0.4687040827153255,0.5312959172846744,-0.014310906835872508,-0.020122741383996317
2016-03-09,-0.0018850937739460782,-0.004357816422147165,1.1395493991361252,0.4673881334096632,0.5326118665903368,0.0030808533114572625,0.004319862835652968
2016-03-10,0.01243894434616144,0.012255311724705065,1.13649469463157,0.4680563927973835,0.5319436072026165,-0.0014891524100219405,-0.002091021916081199
2016-03-11,0.003923892051376443,-0.010456013229658057,1.137881138287182,0.46775285215396756,0.5322471478460326,0.015821592287085587,0.022201784753704493
2016-03-14,-0.005702614205353451,-0.011360870193487305,1.113295454418528,0.4731946013081968,0.5268053986918032,0.006945390939294908,0.009859564489347654
2016-03-15,-0.01694803070981321,-0.011250401579341096,1.1053916461917477,0.4749710115972054,0.5250289884027945,-0.004511930787707119,-0.006429108991481476
2016-03-16,-0.0026876673814066887,-0.0008939983453440936,1.0854107792710652,0.4795218332714,0.5204781667286001,-0.001717311940719713,-0.002470465710338348
2016-03-17,0.05310895387617465,0.028634141197204643,1.056171389565171,0.4863407812572837,0.5136592187427161,0.02286639317891771,0.033362578569513184
2016-03-18,-0.013481438766154152,-0.00846180401097274,1.1045905506542504,0.47515180550873987,0.5248481944912602,-0.004134610014145428,-0.005893702239887154
2016-03-21,0.0022143393618068163,-0.007975753398116847,1.1079947068596512,0.474384492876518,0.5256155071234818,0.01105143191013816,0.01572788376675078
2016-03-22,0.0022725997520121055,0.0035374675759947127,1.102450123195575,0.4756355401573432,0.5243644598426569,-0.0016272818129436178,-0.0023219791922629756
2016-03-23,-0.038672313789787194,-0.019628265469004536,1.1063584140774572,0.47475301131881686,0.5252469886811832,-0.01695641713440802,-0.024150330287214583
2016-03-24,-0.004717260830839454,-0.0018794858622083188,1.1431385323251835,0.46660539433960757,0.5333946056603924,-0.002568748120788704,-0.003595775189579218
2016-03-28,0.00019750242922955685,-0.0012280988783504032,1.1203451308279773,0.4716213344048892,0.5283786655951108,0.0015733970277647315,0.0022261428173492677
2016-03-29,0.002830079015499809,0.012869867085555597,1.120981870151456,0.4714797491072337,0.5285202508927661,-0.011596808658666974,-0.0164029813104987
2016-03-30,-0.002034530181941663,-0.007041074250385471,1.1323569806216927,0.46896462885330203,0.5310353711466979,0.005938479396557977,0.008354810358479377
2016-03-31,0.016703913231820078,0.005949895356224033,1.124602718468481,0.4706762310465505,0.5293237689534496,0.01001264473960754,0.014138141666539641
2016-04-01,-0.027037530415332522,-0.009722897808094988,1.1434776666593225,0.46653156949310864,0.5334684305068914,-0.015919613916565024,-0.022281007398658247
2016-04-04,-0.006648014161195204,-0.0034363863031151576,1.1621647552269978,0.46249944532789017,0.5375005546721098,-0.0026543671143699687,-0.0036829299542781076
2016-04-05,0.011511171654160268,0.00853860789331895,1.17779030935068,0.4591810312068821,0.540818968793118,0.0014544820220639826,0.0020036116642896326
2016-04-06,-0.004102175026050259,-0.004803015546077316,1.1643765196273066,0.46202681970149745,0.5379731802985027,0.001490343499207094,0.0020657360016043645
2016-04-07,0.006909386874597967,0.011206504026073594,1.140736463364816,0.4671289610437134,0.5328710389562865,-0.005874280894788796,-0.008232140193784874
2016-04-08,0.014911574960776441,0.00509630244051773,1.134913723158385,0.46840300343407,0.5315969965659302,0.0091277113836673,0.01282634227976734
2016-04-11,0.03848654328461265,0.01142853213028161,1.1429456712731896,0.4666473879414168,0.5333526120585832,0.025424351957300723,0.03559262229293289
2016-04-12,0.015399983510401505,0.00214854248993146,1.170779639291751,0.4606639853717555,0.5393360146282444,0.01288451370903655,0.017806294304345386
2016-04-13,0.006350224736713539,-0.010004744593997916,1.1467781664277388,0.4658143145101995,0.5341856854898006,0.017823447397796302,0.024907250795439248
2016-04-14,-0.00943449911444949,-0.01748479946613335,1.1342641582091582,0.4685455622508748,0.5314544377491252,0.01039788223346019,0.01461564473188496
2016-04-15,0.008658506044380454,0.006612224968112201,1.1194868239503142,0.4718123220677508,0.5281876779322491,0.001256207315583558,0.0017780822716919227
2016-04-18,-0.0036789175232231353,0.00040548212626667635,1.143413791070524,0.46654547253825024,0.5334545274617497,-0.004142551378429052,-0.005798065771089486
2016-04-19,0.04424886690653396,0.015726349544428198,1.1476735464496866,0.46562011328634995,0.5343798867136501,0.026200151552172635,0.03659795260152647
2016-04-20,0.009606323836270692,0.0001595779504190986,1.185355638956705,0.45759142455980434,0.5424085754401957,0.00941716721288826,0.012927644880790262
2016-04-21,-0.0026268212556858073,-0.0033513815316922324,1.1809653118308543,0.45851256531931284,0.5414874346806873,0.0013310440799532757,0.0018309013069573838
2016-04-22,-0.01112024635004416,-0.016253041495696507,1.1750568367358545,0.4597581006208175,0.5402418993791825,0.007978001177225559,0.011003852003975608
2016-04-25,0.00645118684362922,0.008301516763681072,1.1594931542604223,0.4630716230922609,0.536928376907739,-0.003174365013837119,-0.004409875077734526
2016-04-26,0.005939532166222117,0.002663594069564512,1.1528424155873152,0.46450218221252887,0.535497817787471,0.0028688279449213174,0.00399773052242471
2016-04-27,0.010522529425584404,0.005635163641245056,1.152883827484889,0.464493247259074,0.5355067527409261,0.00402584039836212,0.005609927038745957
2016-04-28,0.01544603778814646,0.01304839054214968,1.159573593434352,0.4630543747340919,0.5369456252659079,0.00031546867865114327,0.0004382374552229888
2016-04-29,0.013444999020409742,0.018727736998715994,1.1573383855033463,0.4635341431458755,0.5364658568541245,-0.00822932988181551,-0.011443726126296301
2016-05-02,-0.007476498031052992,0.004266211765677319,1.124087834947482,0.4707903239908744,0.5292096760091256,-0.012272094778160684,-0.01733275042997096
2016-05-03,-0.010308065537345423,-0.0030895189239633636,1.132787798803577,0.4688698990874604,0.5311301009125395,-0.006808296196106969,-0.009576615451278647
2016-05-04,-0.011273920856497033,-0.013480981639421241,1.1357624094655328,0.4682168744838273,0.5317831255161727,0.004037271332252644,0.005670955693891474
2016-05-05,0.001446988360945367,-0.0014922047759372559,1.1145400237875205,0.47291608990631484,0.5270839100936853,0.0031101103074143276,0.004412463617279132
2016-05-06,0.011848336791335123,0.016910492045891345,1.1138717359838988,0.47306559947666427,0.5269344005233357,-0.0069877823401637805,-0.009917038325286082
2016-05-09,-0.02496145972582209,-0.021115359511650778,1.0957005440054064,0.47716740965708326,0.5228325903429167,-0.0018253488220365995,-0.002612990907395439
2016-05-10,0.00029297411860818023,-0.001343197854510092,1.2009173822676662,0.45435599175906927,0.5456440082409308,0.0019060437699139855,0.0025980672222463926
2016-05-11,0.01329424730273554,0.008465820844362648,1.2079968620864558,0.45289919436526993,0.54710080563473,0.0030675622877593504,0.00416788946637448
2016-05-12,-0.012426317883427296,-0.003373550007982562,1.2125110375911508,0.45197514634265507,0.5480248536573449,-0.008335851262882724,-0.011302792783296076
2016-05-13,0.0016386655413305196,0.0012595257218273037,1.2187676707716575,0.4507006358408916,0.5492993641591084,0.00010359631106206593,0.00014007276979933212
2016-05-16,0.0015775885251052557,0.0011793379756328548,1.2407743241556906,0.4462743031370611,0.5537256968629388,0.00011429624543826005,0.00015302243185242627
2016-05-17,0.005425295234577021,0.0021987801979985733,1.2447399713738836,0.4454858971428901,0.5545141028571099,0.002688385633862815,0.0035929136579023
2016-05-18,-0.006672455297105917,-0.001958940679871013,1.2670630781047387,0.4410993278740168,0.5589006721259832,-0.004190353889443962,-0.00554508685256401
2016-05-19,-0.03744163062256989,-0.015309728152269275,1.2865649957365464,0.4373372293656935,0.5626627706343065,-0.017744670287617885,-0.023281214818783653
2016-05-20,0.002427271555099697,-0.0014351194609206752,1.3644854576472198,0.4229249948506977,0.5770750051493023,0.004385471189512476,0.005564176140727341
2016-05-23,-0.006598417474404261,-0.0010380459939173248,1.3626776222418149,0.423248601750058,0.5767513982499419,-0.005183895427635359,-0.006582229474095555
2016-05-24,-0.010481351569802566,-0.017744346259361055,1.332748901669279,0.4286788000561978,0.5713211999438021,0.013167406418200259,0.016933763949619096
2016-05-25,0.0010468216593886304,-0.004394193430533266,1.3039984206711144,0.4340280752921339,0.5659719247078661,0.006776842952927396,0.008824020310248416
2016-05-26,0.005106132721667489,-0.002778932908919063,1.2963347328793098,0.43547658173777126,0.5645234182622286,0.008708559971840606,0.011377121785186586
2016-05-27,-0.005630986513020297,-0.005163451261268159,1.2859812725119741,0.43744890302672496,0.562551096973275,0.0010091151104988883,0.0013243088943462938
2016-05-31,-0.01686570004659771,0.0008238589222051562,1.3099365520244641,0.4329123235543351,0.5670876764456649,-0.017944902962505723,-0.023305708912366274
2016-06-01,-0.004132230418030791,-0.0023872442356748236,1.2662791892506506,0.44125190079985327,0.5587480992001467,-0.0011093127227371864,-0.0014684590424677325
2016-06-02,0.006224004940447836,-0.0017327960587778524,1.2683246313182974,0.44085400572440253,0.5591459942755974,0.008421752862847055,0.011138290454421235
2016-06-03,0.021305937425852628,0.025045400508259652,1.2664410431415838,0.4412203895733679,0.558779610426632,-0.010412585719726482,-0.013782735383171419
2016-06-06,0.005016445717928919,0.0036287396892122903,1.221075764874944,0.450232277446107,0.5497677225538931,0.0005854796263919555,0.0007908054767662379
2016-06-07,-0.003104376023089772,-0.00016065497010864238,1.2282932077020832,0.44877397487166665,0.5512260251283335,-0.0029070446145217457,-0.0039138179003645876
2016-06-08,0.03608716945027912,0.012375461356418427,1.2536354826660256,0.4437274828567268,0.5562725171432733,0.02057285197951076,0.027386219472157018
2016-06-09,0.016796313088887516,0.008255200778428451,1.3050450015157213,0.433831009521477,0.5661689904785229,0.006022904576490774,0.00783876831801155
2016-06-10,0.003593593793892458,0.002519346059834948,1.3041234139153508,0.43400453029584907,0.565995469704151,0.0003080556095063176,0.00040109259032637245
2016-06-13,0.0065260732842646885,0.008638291023326694,1.3030549824213389,0.4342058733433452,0.5657941266566547,-0.004730094873286687,-0.006161504926356974
2016-06-14,-0.001032800640802578,0.0009342503496310162,1.219390508750907,0.45057415360526576,0.5494258463947342,-0.0021720166499398555,-0.0029359636909895856
2016-06-15,0.004537649265643484,0.00015562635811061654,1.2119792141765064,0.45208381416562643,0.5479161858343736,0.004349033354435428,0.00589838276042009
2016-06-16,0.006003747516297064,0.008010519806092686,1.2289860299764883,0.44863448516568233,0.5513655148343176,-0.003841069418240816,-0.005169708602814344
2016-06-17,-0.011026500264572303,-0.0027775446753712796,1.2239879351643537,0.4496427270079141,0.5503572729920859,-0.007626819092537866,-0.01028803120549425
2016-06-20,0.005919577191223047,-0.0019342359767892114,1.1655788155458993,0.46177030954558906,0.5382296904544109,0.00817408167003528,0.011323644669069351
2016-06-21,-0.010969515658990958,-0.015116279069767424,1.1593952410713575,0.4630926200911058,0.5369073799088941,0.006556226357203959,0.009108420125003845
2016-06-22,-0.0003466303802908133,-0.001967729240456517,1.1436958025375519,0.4664840966783964,0.5335159033216035,0.0019038532925497106,0.0026643518501497272
2016-06-23,0.0024847886055954227,-0.005362814533221627,1.1760968845107398,0.4595383629827832,0.5404616370172168,0.008791978070326296,0.012120753629454827
2016-06-24,0.025190240109559392,0.0466223050306096,1.1746626478740156,0.4598414383847609,0.5401585616152392,-0.02957524016768652,-0.04079976293785119
2016-06-27,-0.002530226408772984,0.0018939393939394478,0.9695347053798216,0.5077341350058372,0.49226586499416286,-0.004366466381083305,-0.0066510120930941986
2016-06-28,0.005580661333903336,-0.005444197483459368,0.9391273669728064,0.5156958831235059,0.48430411687649416,0.01069345618182451,0.016543713987985514
2016-06-29,0.029317718999732012,0.0065384134924952875,0.9269097031254018,0.5189656777263739,0.48103432227362614,0.023257200090492085,0.03620906582094033
2016-06-30,0.011981332455799132,-0.004154392249093086,0.9411055328228003,0.5151703413805518,0.48482965861944816,0.01589105398693679,0.02455979912204102
2016-07-01,0.051770522832343735,0.013880405354168346,0.9288299762270599,0.518449014337737,0.4815509856622629,0.0388779862572096,0.0604687609634592
2016-07-05,0.016475572343640943,0.014737842419247915,1.0018808458649022,0.4995302303159582,0.5004697696840417,0.001710010314421204,0.002562605538616463
2016-07-06,0.014799186405267895,0.006266587914337318,0.9961450034106629,0.5009656103596558,0.4990343896403442,0.008556756165967128,0.012859921726147411
2016-07-07,-0.017956325121957772,-0.00351677686443419,0.9660563278371774,0.5086324261625208,0.49136757383747914,-0.014558920578479736,-0.022215417288418797
2016-07-08,0.013132650998751938,-0.002573340241765809,0.9765011837097459,0.5059445490050627,0.4940554509949373,0.015645520790924173,0.02374729788154039
2016-07-11,0.010270184893377055,-0.0011794011607927368,0.9915369531450497,0.5021247526543722,0.4978752473456279,0.01143960472688522,0.017232326081853083
2016-07-12,-0.006612750621883712,-0.015424372261300778,1.0041486867416174,0.49896497531119754,0.5010350246888026,0.008875612528115296,0.013285859357888416
2016-07-13,0.011922587604204171,0.0062214593958593856,0.9879448401742368,0.5030320659764148,0.49696793402358524,0.005776128895711366,0.008716734155267272
2016-07-14,-0.004369204626289314,-0.008268754010774426,0.9893678034476396,0.5026722551088678,0.49732774489113213,0.0038116343665994413,0.005748008528127006
2016-07-15,-0.007691935125130667,-0.0036055349298230732,0.9313270248474342,0.5177787019673663,0.48222129803263364,-0.0043340030059550415,-0.006732163352238195
2016-07-18,-0.0040248136342682095,0.0014323591511966605,0.9365361012669721,0.5163859322559251,0.4836140677440749,-0.005366269689343999,-0.008313198528805844
2016-07-19,-0.003442438734134856,0.0023336160260196692,0.9353068567537227,0.5167139239497124,0.48328607605028756,-0.005625085804301426,-0.00871968047548324
2016-07-20,-0.019674575296250163,-0.009538078236481451,0.9405330811481912,0.5153223151487382,0.4846776848512619,-0.010703697184259758,-0.01654756204093131
2016-07-21,0.01031557842668196,0.008871664193727868,0.9634748436292705,0.5093011521103109,0.4906988478896891,0.0017679531548986036,0.002701261736000757
2016-07-22,-0.006419369499043315,-0.005561837214627996,0.9634660831340056,0.5093034244848479,0.49069657551515217,-0.0010607279828367322,-0.0016206971823169592
2016-07-25,-0.0021366341646638087,-0.002871987625976402,0.9632870925084172,0.5093498570921373,0.4906501429078627,0.0006299144452831511,0.0009625404980557373
2016-07-26,0.0020393023703340063,0.0010610947411042737,0.9606289356704457,0.5100404170348763,0.48995958296512354,0.0010199840585415007,0.001560699283762298
2016-07-27,0.015772040453451153,0.00446734658302006,0.9775467401734893,0.5056770490857123,0.49432295091428763,0.011405000363994718,0.01730174078665897
2016-07-28,0.009767077051534345,0.00429675361607762,0.9919501274582728,0.5020206009253853,0.49797939907461464,0.005504911754409356,0.008290737320969403
2016-07-29,0.0075397037895119645,0.012534677294776086,0.9889591299881328,0.5027755396894287,0.4972244603105713,-0.004856579762611796,-0.0073253085335757105
2016-08-01,0.007532486995905252,0.0017791137242864075,0.9766713952562941,0.5059009820245517,0.4940990179754483,0.005794877512486825,0.008794902672837227
2016-08-02,0.009821657079129187,0.00961965351868077,0.9775859210177045,0.5056670303788269,0.49433296962117307,0.00041761923419844464,0.0006335288339586204
2016-08-03,-0.011129368922899063,-0.006083295719442328,0.9929363276483743,0.5017721771271942,0.4982278228728058,-0.005089043611236924,-0.007660621476916771
2016-08-04,-0.0014680311918128242,0.001991057658577766,0.9783237535349054,0.5054784375980835,0.4945215624019165,-0.0034159301938570443,-0.005180037172004932
2016-08-05,-0.030677224662879476,-0.016485151316693702,0.9774630286901187,0.50569845579485,0.4943015442051501,-0.014563598728449152,-0.02209436816337773
2016-08-08,-0.0006067258433291034,-0.0022448368341771996,1.022341336332295,0.49447636857069505,0.5055236314293049,0.0016882636455715734,0.002504419429956464
2016-08-09,0.002326969232810283,0.004199771623971893,1.0145835395461404,0.49638050761860547,0.5036194923813947,-0.0019340499267245627,-0.002880074053161795
2016-08-10,0.016150278362787374,0.003958214210698197,1.0126180479509577,0.49686526512971396,0.503134734870286,0.012142119215378425,0.018098991849556788
2016-08-11,-0.007450159932512412,-0.0013390231070021796,1.0181142605227373,0.49551208252251155,0.5044879174774884,-0.00608688141210403,-0.009048369853737701
2016-08-12,-0.015612408876234274,-0.004990652641992499,1.0208431115495367,0.4948429664256433,0.5051570335743566,-0.010517735504519735,-0.015613882311410568
2016-08-15,0.007574128395428481,0.0033687676564675417,1.0299774192525553,0.4926163170663266,0.5073836829336735,0.004104373778558564,0.006065644483971368
2016-08-16,0.0013622132289035083,0.007610199806224793,0.9623844065870463,0.5095841551957636,0.4904158448042363,-0.005961724395618994,-0.009114000868954437
2016-08-17,-0.011134561104155782,-0.0057756748079415,0.9542122080298433,0.5117151534981756,0.4882848465018244,-0.005623341692807583,-0.008632647472523168
2016-08-18,0.004738294227683237,0.006330528270729108,0.960533906491461,0.5100651392403529,0.48993486075964715,-0.0013423928223548253,-0.0020541233455489936
2016-08-19,-0.02124740024600158,-0.007992841287809305,0.9746619772048924,0.5064157873822469,0.49358421261775315,-0.013457081752940464,-0.020444635955347838
2016-08-22,-0.023729349203891248,-0.002014378687711371,1.0057358320553893,0.4985701426968297,0.5014298573031702,-0.02170341637833121,-0.03246202620225991
2016-08-23,0.0035556670360301634,0.002167918456991824,1.0265179236368496,0.4934572689124654,0.5065427310875344,0.0013302598829449132,0.001969279226345439
2016-08-24,-0.01930194468870472,-0.012084105226687347,1.0250206181426955,0.49382213249620044,0.5061778675037995,-0.006915487679544278,-0.010245062619491267
2016-08-25,-0.003612803189494196,-0.003246790055011828,1.0420441281227757,0.4897053820865697,0.5102946179134302,-0.00022950467742169703,-0.0003371690272423412
2016-08-26,0.009037764428104111,0.0010605442314632896,1.0412513332297804,0.489895577149603,0.5101044228503969,0.007933471333143809,0.011659717552650951
2016-08-29,0.006275069434853897,0.0010594206689840124,1.044795918415324,0.4890463595873079,0.5109536404126921,0.005168191044014569,0.007582455047181158
2016-08-30,-0.009860328031042198,-0.008466303602306047,1.073480506784722,0.48228087832408284,0.5177191216759173,-0.0007719161494453858,-0.0011168411956411963
2016-08-31,0.0024223543686878735,-0.003659317630929415,1.077206491796089,0.4814157879582469,0.5185842120417531,0.006364195076268925,0.009191471962085999
2016-09-01,0.01261951528434424,0.004055342152272656,1.0717114965889167,0.4826926923205789,0.5173073076794211,0.008273358477151993,0.011980469033609342
2016-09-02,0.0222197969169875,0.007544600504840071,1.025412591292383,0.49372656430555517,0.5062734356944447,0.01448346856305362,0.021452619518591936
2016-09-06,0.04010171998802714,0.02064900486517751,1.0329462980683037,0.49189690891008553,0.5081030910899145,0.018772406853747637,0.027702266712482902
2016-09-07,-0.014464512507789129,-0.0037794393757715206,1.0981951785025612,0.47660008479939386,0.5233999152006061,-0.010313950407874115,-0.014746888917028638
2016-09-08,-0.00850251370565902,-0.00557911160275415,1.1150146240515688,0.47280996955206755,0.5271900304479323,-0.002281722679372357,-0.0032364636916809176
2016-09-09,-0.015772549717534057,-0.005012023487028561,1.1194186925049756,0.4718274890829068,0.5281725109170932,-0.010161996938880317,-0.014384128499220253
2016-09-12,-0.019033226860636798,-0.006841572628349835,1.1317760403605674,0.4690924285981094,0.5309075714018905,-0.011290098881483782,-0.015888299710284076
2016-09-13,-0.0013217829589625696,-0.0015140045420136694,1.1543841525709582,0.4641697715825838,0.5358302284174162,0.00042595989125846184,0.000593153116286347
2016-09-14,0.004870352793877153,0.0018953752843062777,1.1493691318211143,0.46525279683007337,0.5347472031699267,0.002691866948878849,0.003757195879980961
2016-09-15,-0.0012117119764952777,-0.006053726825577033,1.1530001514853319,0.46446815124936736,0.5355318487506326,0.005768235970445858,0.008037485691489266
2016-09-16,-0.009388654459527856,-0.005862163054339509,1.163668401906874,0.4621780302003231,0.5378219697996769,-0.0025670405463670814,-0.003559289229492897
2016-09-19,0.0226292121800169,0.005896730650902571,1.1685078102750388,0.4611465982560453,0.5388534017439546,0.015738836359349032,0.021773732542867096
2016-09-20,-0.0005727210207085998,0.00015222776693946116,1.1928541911353188,0.45602667247212836,0.5439733275278716,-0.0007543065505095065,-0.001031951718758339
2016-09-21,0.02557963724702672,0.010048012280439389,1.6817356967953718,0.37289282504423643,0.6271071749557636,0.008681536313173532,0.009711847804630209
2016-09-22,0.016966352728295275,0.010174089796977315,1.7091794627504675,0.3691154512830833,0.6308845487169167,-0.00042299260487742296,-0.00046839931871621096
2016-09-23,-0.014335696781496932,-0.0023874016591325375,1.7266553683612502,0.3667496859351943,0.6332503140648058,-0.01021347689032118,-0.011237368325494972
2016-09-26,-0.010996759546771484,0.0018695782914208703,1.7026419712369207,0.3700083143244937,0.6299916856755062,-0.01417998201425807,-0.015740133726741802
2016-09-27,-0.02198200645914461,-0.010300759319832209,1.720790919587356,0.3675401857602727,0.6324598142397273,-0.004256553356722516,-0.004693363234284917
2016-09-28,-0.002252803888445065,-0.0049023304022280945,1.6096956174855408,0.3831864502893662,0.6168135497106338,0.005638455875487627,0.006481739676123973
2016-09-29,0.00372816336775017,0.0017431610696185817,1.6388769543817021,0.37894908223725926,0.6210509177627407,0.0008713368629769186,0.000990576913633788
2016-09-30,0.0012555672578633548,-0.006355377660642536,1.6287262271317235,0.3804123798358142,0.6195876201641858,0.011606737537078912,0.013246039945829596
2016-10-03,-0.017973763716386926,-0.003274231834501151,1.5919474092989232,0.38581029708102094,0.6141897029189791,-0.012761358830008757,-0.014770390924089568
2016-10-04,-0.05756854099652797,-0.03262028355376245,1.61657783157141,0.3821785799505305,0.6178214200494694,-0.004835313743942138,-0.005543860020825277
2016-10-05,-0.004459920318416244,-0.000868749596328322,1.6561508021610445,0.3764846480803725,0.6235153519196275,-0.00302113997758001,-0.003412238463782263
2016-10-06,-0.01962122355208784,-0.012171911901740162,1.7337500537692292,0.3657978894673359,0.6342021105326642,0.0014818293620284875,0.0016261501595422508
2016-10-07,0.002082328659954058,-0.0007201347246756917,1.7240079093531766,0.3671061293788434,0.6328938706211565,0.003323846621094823,0.0036606134031572026
2016-10-11,0.007619485916458224,0.0032828693296416134,1.7452493477547115,0.3642656361316984,0.6357343638683016,0.0018900603601372514,0.0020654521182381083
2016-10-12,-5.725542618084667e-05,-0.001516380218725022,1.7477231705133474,0.36393768147071875,0.6360623185292813,0.0025929574173929716,0.002831024731914903
2016-10-13,-0.0025780622452383772,0.003117276388912016,1.7511146774120605,0.3634890279967128,0.6365109720032872,-0.008036770683412275,-0.008763833891838015
2016-10-14,-0.0009764617181651225,-0.0015139636765437725,1.7490347255054697,0.36376404805731516,0.6362359519426848,0.0016715133252638665,0.0018241093607391835
2016-10-17,0.0018973694423507492,0.001037466166669665,1.7425329992240592,0.3646264239237699,0.6353735760762301,8.95504113503703e-05,9.79573387547639e-05
2016-10-18,0.009468552883280301,0.0051020601797675535,1.7561384180224224,0.36282647978090937,0.6371735202190906,0.0005086289905281132,0.0005536321984434996
2016-10-19,0.001421159632430724,0.005631325595630177,1.762581416176295,0.3619802819726869,0.638019718027313,-0.00850451021086493,-0.009235395012505448
2016-10-20,-0.006471299847973011,-0.0018140616640400786,1.750236131277837,0.36360514234658536,0.6363948576534147,-0.0032962635792040686,-0.003595615163785081
2016-10-21,-0.0030854103529291965,0.00023708030492497478,1.7507421996267138,0.3635382480174637,0.6364617519825362,-0.003500476847461719,-0.003817671661055784
2016-10-24,0.006533718519810883,-0.0030808312969798912,1.7371507020354824,0.3653434205344813,0.6346565794655187,0.011885586770212387,0.013026962777066314
2016-10-25,0.009907743062049335,0.007844710312252312,1.7244416534802272,0.3670476843292242,0.6329523156707758,-0.003620002159884431,-0.003986140230157113
2016-10-26,-0.008513812361460205,-0.005582180556375382,1.770285635188438,0.36097360766626463,0.6390263923337353,0.001368241690519337,0.0014816974175584623
2016-10-27,0.0010805236320345912,0.0024509609948304423,1.7637763914495175,0.3618237723911992,0.6381762276088009,-0.0032424235070109657,-0.003519557714989829
2016-10-28,0.008975178247818016,0.005994144206637797,1.7825578443867292,0.35938156758081635,0.6406184324191836,-0.001709730528109455,-0.0018433369119982591
2016-10-31,0.0,-0.0031360250882006557,1.780081571852374,0.35970167570791745,0.6402983242920826,0.005582380468372703,0.006023974826738431
2016-11-01,0.03507494252557586,0.011718461985106066,1.7805526115827957,0.35964074041769784,0.6403592595823022,0.01420960443426154,0.015331057979341266
2016-11-02,0.014957825134984892,0.015858227632850497,1.830853022090368,0.353250413284112,0.646749586715888,-0.014076258851616424,-0.014917332770482922
2016-11-03,-0.01484461037037521,-0.003596627690978682,1.7674367433120683,0.3613452059623954,0.6386547940376046,-0.008487798437325845,-0.009201075823508417
2016-11-04,-0.0022303414842063107,0.0009216444702315751,1.781282367589603,0.3595463774743049,0.640453622525695,-0.0038720505282162764,-0.004176545222452893
2016-11-07,-0.011885209676295583,-0.019182075549278865,1.7676882662265174,0.361312367510018,0.638687632489982,0.02202272019403525,0.023871243516952672
2016-11-08,0.011366109476167452,-0.00383323494241794,1.6575986158547442,0.3762795457651822,0.6237204542348178,0.01772007441096547,0.020003104650849944
2016-11-09,0.0014730184047178074,-0.0006282776918377087,1.635140186811692,0.3794864519940093,0.6205135480059906,0.002500340507118937,0.002846536043470402
2016-11-10,0.019556531320800152,-0.005579110264141374,1.6331770015700346,0.3797693810191069,0.620230618980893,0.028668205893419167,0.03266192042121632
2016-11-14,-0.09825811249932992,-0.03500596509531806,1.6247532189826503,0.38098819834483266,0.6190118016551673,-0.0413820580271176,-0.047298227194658565
2016-11-15,0.009006251858384884,0.0022928668032111688,1.914604206481871,0.34309975871717735,0.6569002412828227,0.00461631943205414,0.004751574249897579
2016-11-16,-0.006753172567511512,-0.000490176132301845,1.931126468480003,0.34116576365896994,0.65883423634103,-0.005806580464206263,-0.005943019374954557
2016-11-17,-0.009045753927662159,-0.005640039460819257,1.9205871925857554,0.34239689968462994,0.65760310031537,0.001786433626465576,0.0018350080055825491
2016-11-18,-0.008829951234644362,-0.006576243321002928,1.9177246109766866,0.34273282551681855,0.6572671744831814,0.0037814724298140118,0.0038881041914523157
2016-11-21,-0.006079680624459405,0.0009101990781443803,1.9165406775932763,0.3428719536410506,0.6571280463589495,-0.007824114182431011,-0.008048007945722316
2016-11-22,0.006722387771436411,0.0011574276143517803,1.9177756539554323,0.3427268298179016,0.6572731701820984,0.00450270127141685,0.004629589597109195
2016-11-23,-0.014437814040441088,-0.018084248071067344,1.9202517754329613,0.3424362270447514,0.6575637729552486,0.020288495425396083,0.020842547477662003
2016-11-25,0.004944227834042136,-0.0091666173054048,1.8534539384471374,0.3504524767426961,0.6495475232573039,0.02193413078098235,0.023060611372180417
2016-11-28,0.006924101568627439,0.010524550100115881,1.8214063236536646,0.3544331745542486,0.6455668254457515,-0.012245380537333438,-0.0130205072924157
2016-11-29,0.00500664661216077,-0.002267723187669546,1.794431538205457,0.35785453546741225,0.6421454645325878,0.009075920620034816,0.009743578072265
2016-11-30,-0.015305154042935865,-0.014395130258855082,1.7965716666013172,0.3575806806393427,0.6424193193606572,0.01055672911715846,0.011324647149116067
2016-12-01,0.0012800139139024225,-0.0033310764019578443,1.7691214282419974,0.3611253698740323,0.6388746301259676,0.0071730925557172975,0.0077711571069722304
2016-12-02,0.01984538946335901,0.007027124004040042,1.7531923781734797,0.36321472045604714,0.6367852795439529,0.007525489218996102,0.008200105388917998
2016-12-05,0.0042379958460263545,-0.0009360697887760283,1.7522312169395258,0.3633415658703259,0.636658434129674,0.0058782065511536995,0.0064073903184161795
2016-12-06,-0.0049928457418134675,-0.005451468836509821,1.7505211359252855,0.36356746615713476,0.6364325338428654,0.004550065678334998,0.004962767548562401
2016-12-07,0.027658264647702824,0.00633780795545924,1.7482503409238788,0.36386787080824307,0.6361321291917569,0.016578189728861138,0.018096811795487357
2016-12-08,-0.010347003756156492,-0.004425490359042605,1.7695852733803803,0.3610648892494519,0.6389351107505481,-0.0025157211893078457,-0.0027250157777998097
2016-12-09,-0.007518370764607596,-0.008890429116053644,1.7628292108096775,0.36194781642218815,0.6380521835778119,0.008153937377804628,0.00885389948741894
2016-12-12,0.01296087299385218,0.0035362907534950416,1.7540706680602682,0.36309888907255766,0.6369011109274424,0.006757969109413783,0.007361433228044418
2016-12-13,-0.011977093539764394,-0.0058444768613020726,1.7600059069428304,0.3623180651477908,0.6376819348522091,-0.0016907797408820535,-0.0018378001329224028
2016-12-14,0.014251146540910087,0.003976915233366851,1.7690681413557805,0.36113231923226846,0.6388676807677316,0.007215712500688302,0.007817480970860515
2016-12-15,-0.07316931455105025,-0.02884698061780422,1.7747026241633057,0.36039898160313444,0.6396010183968657,-0.021974502349445084,-0.02375876480392708
2016-12-16,0.016103639685928872,0.0066501149807478566,1.8751730302740297,0.34780515449697685,0.6521948455030232,0.003633523425809193,0.0037912745294458507
2016-12-19,-0.007862366722935832,0.004580243942773121,1.879438875856571,0.347289886368059,0.6527101136319411,-0.016470655249890213,-0.01716027597042554
2016-12-20,0.001747272363949559,-0.007891275756247262,1.8444701572752604,0.3515593220207687,0.6484406779792312,0.016302494999177394,0.017193882267473332
2016-12-21,-0.008471447988100178,-0.0003535346125165262,1.8377666301844255,0.3523897946234607,0.6476102053765392,-0.007821733874602124,-0.008268897581011226
2016-12-22,-0.006470702314202881,-0.0020333540866899202,1.8342777749652979,0.3528235689644935,0.6471764310355065,-0.0027409661043526984,-0.002901232330045269
2016-12-23,-0.0070185969210218024,0.002746257487458381,1.8478819043537382,0.3511381558593551,0.6488618441406449,-0.012093356436792109,-0.012739316632095127
2016-12-27,0.014327522988930808,0.004770760930814522,1.8265477964025172,0.35378846282831233,0.6462115371716878,0.005613500123588321,0.00595797473943256
2016-12-28,0.003703937197950591,0.0018464569557534727,1.8342049317416664,0.3528326370476969,0.647167362952303,0.00031715674345886725,0.0003357097504561564
2016-12-29,0.010945721269293607,0.014920133083850207,1.8340100299191968,0.3528569022137554,0.6471430977862446,-0.01641795245421691,-0.0173795635310631
2016-12-30,-0.014044436986396236,-0.005534438151975407,1.7874750494858633,0.35874760571738407,0.641252394282616,-0.004151766876817545,-0.004468309279665109
2017-01-03,0.026355486532791295,0.009043499490489104,1.78793995500366,0.3586877824270384,0.6413122175729616,0.010186252460690583,0.010961052919101204
2017-01-04,0.008742947002742252,0.0029300451073148714,1.804425251224287,0.35657930250180303,0.6434206974981971,0.003455899623877122,0.00369690683219504
2017-01-05,0.005151771722086362,0.013662056776643228,1.806686319794843,0.3562920419525527,0.6437079580474473,-0.019531279356535387,-0.020876518211657202
2017-01-06,-0.007115293844867088,-0.006611788658687612,1.745561955016835,0.3642241611677156,0.6357758388322845,0.004425992892349798,0.0048361606456511315
2017-01-09,0.009959890771680469,0.009898434460514194,1.7416412350493842,0.3647450247012306,0.6352549752987694,-0.007279630847184856,-0.00796562739951684
2017-01-10,0.010402907060963695,0.0005914247333123068,1.7228340499915489,0.36726439497959995,0.6327356050204,0.009383980392406082,0.010339205643952345
2017-01-11,-0.001190177409649551,0.009626773251241172,1.725508238805593,0.36690404591777454,0.6330959540822255,-0.0178012539677795,-0.019594056309564404
2017-01-12,-0.00017876775488834262,0.002760161337831857,1.693912549308549,0.3712072985653048,0.6287927014346951,-0.004854239683157998,-0.005405787598120745
2017-01-13,-0.0035757670343106174,-0.003002732098280614,1.690148974604742,0.371726625343092,0.628273374656908,0.0014992975426111072,0.0016719864477000527
2017-01-17,0.022846889065199605,0.013971346515251781,1.6900500054878536,0.37174030146649456,0.6282596985335055,-0.0007653851895743705,-0.0008535735633311038
2017-01-18,0.007776946152028286,-0.0005775174685437312,1.6856979406313644,0.37234269158538214,0.627657308414618,0.008750466159431092,0.009774516367288124
2017-01-19,-0.015549843162495747,-0.008585836700100824,1.6965873577992017,0.37083908930587806,0.6291609106941218,-0.0009832211609762734,-0.0010938505197681282
2017-01-20,0.0017681787185881426,0.0028312301981352483,1.6987347720167025,0.3705440083883171,0.629455991611683,-0.0030413304665679423,-0.0033808403457467875
2017-01-23,0.009001581471123954,0.008884788456404058,1.696806052468778,0.370809016497332,0.6291909835026679,-0.006074181356607183,-0.006757083644609819
2017-01-24,-5.8277009086005194e-05,-0.003868272569444442,1.6891617304181201,0.3718630935018239,0.6281369064981761,0.006475860978045716,0.007224401089151481
2017-01-25,-0.011954045232935306,-0.010741138127348893,1.6925655199969667,0.3713930051370214,0.6286069948629787,0.006226034806940218,0.0069369173311116614
2017-01-26,-0.007672395316459579,-0.006514698496637883,1.682961458600606,0.3727224618879116,0.6272775381120884,0.0032915911677852874,0.0036805498907563107
2017-01-27,0.01700970735457963,-0.001176985636034078,1.6832970961766303,0.3726758402656484,0.6273241597343516,0.018990923857957396,0.021232375518555665
2017-01-30,0.0012865122011751495,0.00429254750503838,1.6861597727113606,0.3722786746190523,0.6277213253809477,-0.005951408724273083,-0.0066467476559659445
2017-01-31,0.022777677581880207,0.012906490985804764,1.6803623438140938,0.3730838863289741,0.6269161136710258,0.001090096138557841,0.0012200919115361065
2017-02-01,-0.005253486667673779,-0.0024822108725806036,1.6469751732849482,0.3777897163874719,0.6222102836125281,-0.001165346985675557,-0.0013207683216340908
2017-02-02,-0.0010332749121135798,0.009207013777967843,1.6879736414731046,0.37202745762490613,0.6279725423750939,-0.016574471486003006,-0.018498475465242595
2017-02-03,0.0029306221406759647,0.0014794517139506969,1.6483588820934072,0.37759232963530437,0.6224076703646956,0.0004919547673570188,0.0005572750400445934
2017-02-06,0.012261543159106214,0.009437833401723328,1.649906628215194,0.3773717871235091,0.6226282128764908,-0.0033100007263878566,-0.0037473026684912963
2017-02-07,0.003735777745245583,0.003414594448678754,1.7097382145884945,0.3690393391569236,0.6309606608430764,-0.0021022848709822146,-0.002327477458520624
2017-02-08,-0.0028195588800454807,0.0027548408269131297,1.7188976778985747,0.3677961138916033,0.6322038861083967,-0.007554848380406649,-0.008335931626061516
2017-02-09,0.0020923343096768132,-0.002020038824593895,1.7139384069367323,0.3684682001050705,0.6315317998949296,0.005554556434651622,0.006140032235574362
2017-02-10,0.010835290644099382,-0.0005667162057411135,1.742114140275974,0.3646821207447467,0.6353178792552534,0.011822574959644524,0.012934445126840709
2017-02-13,-0.006029466150046958,-0.008101101589613746,1.395691701224113,0.41741598031542865,0.5825840196845714,0.005277174109350417,0.0066083304124491095
2017-02-14,0.0038193036870834973,-0.0004083632718312469,1.3833677789943168,0.41957435558768813,0.5804256444123118,0.004384220279459542,0.005518519195526134
2017-02-15,0.0041965512549260175,0.006373009724831569,1.3820129451063137,0.4198129997800529,0.5801870002199471,-0.004611030684079637,-0.005807311870684023
2017-02-16,0.006463432247571177,0.00673869380300629,1.3698117381601878,0.42197444796874617,0.5780255520312539,-0.002767309623654155,-0.003503201852400186
2017-02-17,-0.002435953400841795,-0.0019355035597278247,1.3624910186861543,0.4232820324354618,0.5767179675645382,0.0002011528159224468,0.00025543311826130895
2017-02-21,-0.001609375107506028,-8.078182604209783e-05,1.3639464824829794,0.42302142092051365,0.5769785790794865,-0.0014991930200273567,-0.0019025722846982656
2017-02-22,-0.002668167665595078,-0.004444444444444473,1.3634333253042838,0.4231132688590881,0.5768867311409119,0.003391536002424,0.004305011653316709
2017-02-23,0.009530790308049264,0.014772687639508897,1.4090099224122923,0.4151082943646149,0.5848917056353851,-0.011284073156716198,-0.014052337084709992
2017-02-24,0.012256291285913878,0.005359201330880969,1.4114648176903755,0.41468570997347926,0.5853142900265208,0.004691967156455953,0.005837075194341552
2017-02-27,0.0010363244084461432,0.00039780411352374756,1.4389173713644539,0.41001799066302497,0.5899820093369751,0.0004639171590965855,0.0005706431442206427
2017-02-28,0.0035959455384109162,-0.003817439744652318,1.4460421962038366,0.40882369141135894,0.591176308588641,0.009116124490643767,0.011180662996891438
2017-03-01,0.0012486817083505741,-0.002953817055715846,1.4571383569510374,0.4069774895544992,0.5930225104455009,0.005552801839650313,0.0067795960580834674
2017-03-02,-0.04001522734916296,-0.013611978275023029,1.4585047632167203,0.4067512965448132,0.5932487034551868,-0.02016209219823936,-0.024602871428069766
2017-03-03,-0.0004518170121708964,-0.005195246600556369,1.5261373141511214,0.3958612995414456,0.6041387004585543,0.007476842681154944,0.008879377980686828
2017-03-06,0.0015821821287786975,-0.00081599347205219,1.5160710754469329,0.39744505223182885,0.6025549477681712,0.002819286229510538,0.003361534088232875
2017-03-07,-0.013145263561140874,-0.0076766226329624265,1.5208218186535476,0.396696026906865,0.6033039730931351,-0.0014704883673619714,-0.0017500106788357686
2017-03-08,-0.013434747459503682,-0.0054316317328167996,1.494390788352498,0.40089949204009157,0.5991005079599084,-0.005317767032259139,-0.006395670306060702
2017-03-09,-0.015298136375482718,-0.005047559442232119,1.4979681406499394,0.40032536193188306,0.5996746380681169,-0.007737053142982226,-0.009292015799251714
2017-03-10,-0.006473289598894483,-0.0014138998733104202,1.5268021655382076,0.3957571406414402,0.6042428593585598,-0.004314544210469936,-0.005122535039719986
2017-03-13,0.0030800241403938777,0.001415901816709697,1.5217075905313953,0.39655668395290494,0.603443316047095,0.0009254355984595394,0.0011009630164112612
2017-03-14,-0.002775257109139617,-0.00041583498823005716,1.5181232040606416,0.3971211568947196,0.6028788431052805,-0.0021439683644472836,-0.002554245591704955
2017-03-15,0.0,-0.0014976693498300886,1.509594942617203,0.39847067868136576,0.6015293213186343,0.0022608740762162963,0.0027026760826890407
2017-03-16,0.024159108651104377,0.021998187610305475,1.1752865890075679,0.4597095412868014,0.5402904587131986,-0.0016950662297600845,-0.0023377143568012668
2017-03-17,0.0047988081276255645,0.002690622770586959,1.1496192096667834,0.46519867123582875,0.5348013287641713,0.0017056165045919334,0.0023803515947221987
2017-03-20,0.0013809867223115724,0.00308987364363289,1.1647868359316431,0.4619392465815866,0.5380607534184133,-0.002218057422484159,-0.0030738233238510847
2017-03-21,0.008446782747914883,0.010132944428815183,1.1992433383216872,0.4547018433908873,0.5452981566091127,-0.0037050833559255786,-0.005054124695568769
2017-03-22,-0.0002848524777165906,0.002568071025507157,1.1844470587046931,0.45778175122860054,0.5422182487713995,-0.003326596650423288,-0.004568565720785908
2017-03-23,0.0010259133069010495,-0.0019210952695581929,1.1787181755797729,0.45898547651023874,0.5410145234897613,0.0032903432181496145,0.0045306592495939
2017-03-24,0.008939223963327914,0.001042526852482295,1.1782320999481832,0.45908789978064707,0.5409121002193529,0.007710885360675329,0.010619922497045322
2017-03-27,0.020316062319497563,0.005768365265058417,1.1674044470308889,0.4613813547212623,0.5386186452787376,0.013582047056969856,0.018799509813098053
2017-03-28,0.008019936857054377,-7.963643778341467e-05,1.1861881310618723,0.45741717548996186,0.5425828245100383,0.00811440065435311,0.011134998684324295
2017-03-29,0.00016462328321620312,-0.0015136018004908713,1.2155207280425835,0.4513611573760819,0.5486388426239182,0.002004437645715432,0.002714175886974919
2017-03-30,-0.00235907249368561,-0.0067017905301137715,1.1942135550662494,0.4557441538409452,0.5442558461590549,0.005644296600590881,0.007717065534790844
2017-03-31,0.0027495818464455812,0.0018474287776104603,1.1369349669755264,0.46795995921922345,0.5320400407807765,0.0006491754701833954,0.0009113643796594259
2017-04-03,-0.0024129763716801422,0.0028060609821096705,1.133831236123166,0.4686406230592265,0.5313593769407734,-0.005594575963662534,-0.007865536696088948
2017-04-04,0.0061019218914992734,0.0033578118067791873,1.1819364635783698,0.45830848729664786,0.5416915127033521,0.0021332016792329845,0.0029329933041238147
2017-04-05,-0.007430864344075583,-0.007649382937002014,1.1842829240951651,0.4578161505402273,0.5421838494597726,0.0016281692480808237,0.0022362065327530163
2017-04-06,0.0032478263827699916,0.003934498408547871,1.1881057950898377,0.45701629338216837,0.5429837066178317,-0.0014267739771974776,-0.001956176863658777
2017-04-07,-0.005212686897922758,0.0031992320593356993,1.187055833839682,0.45723569765677197,0.5427643023432281,-0.00901035397776414,-0.01235956646147237
2017-04-10,-0.013017102700471295,-0.0025512820837225725,1.2240333020290877,0.4496335549866336,0.5503664450133665,-0.009894248467124703,-0.013346358336582992
2017-04-11,0.018944937909904258,0.01606584284083601,1.2407203459351401,0.4462850537391184,0.5537149462608816,-0.0009882801773173876,-0.0013231640161301926
2017-04-12,0.0025228721262537945,0.0032253758761320306,1.2339111213465856,0.4476453832224118,0.5523546167775882,-0.0014569550378285053,-0.0019565975887396946
2017-04-13,0.011488648150041803,0.008311750317643085,1.2044699775227563,0.45362377813996657,0.5463762218600333,0.001477394431775473,0.0020105437318348168
2017-04-17,0.0002163291694352587,0.0027218290174579884,1.213463364462098,0.4517806872502784,0.5482193127497217,-0.0030865106275798785,-0.004183277677599977
2017-04-18,-0.013086063885504262,0.0017837185623272855,1.191521941025814,0.4563038960640828,0.5436961039359172,-0.015211403689132244,-0.020823068303863813
2017-04-19,-0.006301012250255478,-0.007973931367317943,1.1889734496284605,0.45683514350972704,0.543164856490273,0.003179780434645124,0.004357906353571585
2017-04-20,-0.007939959322655676,0.00039019821326169435,1.1815256105398195,0.4583948018618721,0.541605198138128,-0.008400988504811246,-0.011552908383320447
2017-04-21,-0.00900403795615179,0.0042905061980273995,1.1924399557110235,0.45611283328199204,0.543887166718008,-0.014120208976905453,-0.019321225568970493
2017-04-24,0.0010095148135094156,-0.009010389440700095,1.1804741679187443,0.45861584361464686,0.5413841563853532,0.0116460467911437,0.01602318472168806
2017-04-25,-0.014959670817778936,-0.00799504064258083,1.1306099459297514,0.4693491654398628,0.5306508345601373,-0.005920398349164458,-0.008336202072755637
2017-04-26,-0.0129684740136351,-0.002765486779011339,1.168025292585895,0.4612492314641117,0.5387507685358882,-0.009738315509437958,-0.01347537163344989
2017-04-27,-0.005071241166985652,0.0012677090697150728,1.1854877828418389,0.45756375663636867,0.5424362433636314,-0.006574094781330663,-0.009024202513887615
2017-04-28,-0.004286093687995929,0.0018992043260244174,1.141056817014719,0.4670590673041095,0.5329409326958906,-0.006453193731109935,-0.009042067935554798
2017-05-01,-0.02390781795477326,-0.010109728303160925,1.1366611383401384,0.46801993168502526,0.5319800683149746,-0.012416482673392846,-0.017433484117708852
2017-05-02,-0.0006556368572033788,0.0014361499143764611,1.2250833356678894,0.44942136951461015,0.5505786304853897,-0.0024150401848268476,-0.003256112001893097
2017-05-03,-0.016816721519008926,-0.0069316798192219364,1.2236694226293536,0.4497071326445461,0.5502928673554538,-0.008334636876770076,-0.0112444369544573
2017-05-04,-0.014738887469782247,-0.015966001303167165,1.237681727231463,0.4468910783113176,0.5531089216886825,0.0050219406001014814,0.006732781349984205
2017-05-05,-0.001785233288565502,-0.0013860180773542785,1.1971800124580416,0.4551288443959921,0.5448711556040079,-0.0001259201494514359,-0.00017192967631800846
2017-05-08,-0.0009867867733637237,0.0004082298988135058,1.2020200841627944,0.4541284646730182,0.545871535326982,-0.001477487310693303,-0.002012907131937049
2017-05-09,-0.011790850778311102,-0.008977392933690265,1.2061943747329238,0.4532692184572619,0.5467307815427381,-0.0009623699219268051,-0.0013086379871356142
2017-05-10,0.008933011883277997,0.002470559070548717,1.2065883722081472,0.45318828495379665,0.5468117150462034,0.005952064035900548,0.008092217077094826
2017-05-11,0.0035911440726754673,0.004435966587652995,1.2300777806116867,0.4484148529230718,0.5515851470769281,-0.0018654398623323262,-0.0025094728245137555
2017-05-12,0.008452158720027692,0.002862517493883443,1.230332398611473,0.4483636612294047,0.5516363387705954,0.004930310705710773,0.0066317164770330365
2017-05-15,0.013153073764657464,0.001957286339612674,1.2427704066020184,0.44587711566744015,0.5541228843325599,0.010720616224540444,0.014340232321126967
2017-05-16,0.007970530941060705,0.005209201156796572,1.2540144793793526,0.4436528731950967,0.5563471268049032,0.0014381172644381303,0.001914074569078347
2017-05-17,0.009524859631121707,0.018218623481781382,1.2603162777823593,0.4424159617967799,0.5575840382032201,-0.013436368101755292,-0.017833391150380927
2017-05-18,-0.01370751262464065,-0.004612364873260444,1.1846736733938368,0.45773426584416366,0.5422657341558363,-0.008243365387202502,-0.011319812410788981
2017-05-19,0.007761248290288902,0.0007989135088355415,1.2027413949847552,0.4539797555340902,0.5460202444659098,0.006800361942199878,0.009261679956189693
2017-05-22,0.02346266561479715,0.006386206044405318,1.2415649629521928,0.4461168944588502,0.5538831055411497,0.015533775943869992,0.020789639649896625
2017-05-23,-0.0030333107881300725,-0.004679862435360449,1.267391533062891,0.44103543010463503,0.5589645698953649,0.002897907238344842,0.0038342392958002573
2017-05-24,-0.0008191410268457711,-0.001912674785360391,1.2602061489442768,0.44243751857196373,0.5575624814280363,0.0015912234985960686,0.002112050928636729
2017-05-25,0.0043919168714523504,0.002714807048692869,1.2717386381201308,0.44019148295488003,0.5598085170451199,0.00093939185258875,0.0012405368780003213
2017-05-26,0.007637623340466693,0.009396342012268466,1.2808596702087736,0.43843118148012467,0.5615688185198754,-0.004397772190536338,-0.005784361372131848
2017-05-30,0.006075307324469925,-0.004338908256492857,1.1547342669054967,0.4640943504537761,0.5359056495462239,0.011085593369201412,0.01543428376222265
2017-05-31,-0.0011502448356354167,0.007844088903865343,1.1465066736155995,0.4658732312793554,0.5341267687206447,-0.010143545112351104,-0.014176818414356767
2017-06-01,-0.007197144160545843,-0.0039308176100628645,1.1230369470825738,0.4710233617809505,0.5289766382190494,-0.0027826907522024245,-0.003932137058697442
2017-06-02,0.014150639724487046,0.007734845168212212,1.114862230006752,0.47284403958399096,0.5271559604160091,0.005527352991497028,0.007840727750118334
2017-06-05,0.0034311988886832623,0.001958019975245584,1.1162463574015506,0.47253477672980276,0.5274652232701973,0.0012455662235959048,0.0017657200721072235
2017-06-06,0.007408625645973332,0.011803310411634405,1.0958267724873763,0.4771386705844857,0.5228613294155144,-0.005525757907074642,-0.007909658345259914
2017-06-07,-0.005091370275206564,-0.0033220401321233384,1.0719448653873846,0.4826383253267858,0.5173616746732141,-0.001530326412966122,-0.0022157825314719493
2017-06-08,-0.011542566453807579,-0.010696788635737198,1.0734120981166935,0.482296790352633,0.5177032096473668,-6.050412121011081e-05,-8.754283038822988e-05
2017-06-09,-0.010987113218537625,-0.006111453835081271,1.0702761092574733,0.4830273582969862,0.5169726417030139,-0.004446170186020179,-0.006442865518476436
2017-06-12,-0.016227605600302786,-0.0018920176697378999,1.0816497936400944,0.4803882012503849,0.5196117987496149,-0.014181105078267375,-0.02043730668087469
2017-06-13,-0.010405503863582077,-0.000236890264272982,1.0860273118643136,0.4793801089336099,0.5206198910663902,-0.010148234566666864,-0.01459458537615776
2017-06-14,0.022045612500118272,0.005530099328468596,1.0863089986711536,0.479315384555661,0.520684615444339,0.016038215836057534,0.023062090773139823
2017-06-15,-0.024317551743534227,-0.016184865545233573,1.1222081953256917,0.4712073029416097,0.5287926970583903,-0.006154762988428691,-0.008700507804066972
2017-06-16,-0.003295207310889836,0.001437509102631962,1.1631957758104876,0.4622790092243632,0.5377209907756367,-0.004967311826760459,-0.0068888519693498605
2017-06-19,-0.009196915176526654,-0.007815030963417069,1.1633442264824834,0.4622472872132617,0.5377527127867383,-0.00010534402545356834,-0.00014608496997010716
2017-06-20,-0.00515677276561155,-0.002571894629043392,1.1639324976069663,0.4621216239905231,0.5378783760094769,-0.002163261026447133,-0.002999069095971465
2017-06-21,-0.0026223425445853765,0.0019339439275281034,1.1614030177658692,0.4626624427653703,0.5373375572346297,-0.004868430858206494,-0.0067573203398763725
2017-06-22,0.008254370691555213,0.0033777956324667624,1.125580251645171,0.47045977173809994,0.5295402282619002,0.004452390633557315,0.006284012043456686
2017-06-23,0.008368738034972845,0.0068932155772916115,1.1332612821904064,0.468765832084672,0.5312341679153282,0.0005569237114364705,0.0007832004209976026
2017-06-26,-0.00408953526558864,-0.00788083324992539,1.1404863997343302,0.4671835336697848,0.5328164663302152,0.004898447874525369,0.006865422562554025
2017-06-27,0.0009662287558385163,8.02179106320633e-05,1.1386527569452762,0.46758408851203137,0.5324159114879686,0.0008748884107409277,0.001227251700258109
2017-06-28,0.008385613970407935,0.0012836774346900448,1.1372318385794888,0.4678949573690845,0.5321050426309155,0.006925775121212374,0.009721605765262587
2017-06-29,-0.007717601490002668,-0.0030449109199719437,1.145499123785074,0.4660920104389543,0.5339079895610458,-0.0042296586991712026,-0.005914230379701954
2017-06-30,-0.001085231434199363,-0.002813052674293548,1.1440056954763398,0.4664166714248524,0.5335833285751477,0.002132916846867405,0.0029844839284256597
2017-07-03,-0.032049741181736424,-0.018376664508028218,1.1481850161904257,0.46550925197932536,0.5344907480206746,-0.010949930346060024,-0.015291881653860352
2017-07-05,-0.012159421370605439,0.0020527136463461826,1.2054272020272254,0.4534268912076542,0.5465731087923458,-0.01463381823788362,-0.01990610013030433
2017-07-06,0.00536548656142144,0.0014748662092798348,1.2036653246274742,0.4537894156722951,0.5462105843277049,0.003590241246846535,0.004887640432587184
2017-07-07,-0.034909258131559984,-0.0111274555140487,1.200818425515226,0.45437642124697014,0.5456235787530298,-0.0215472045211893,-0.029371625034643595
2017-07-10,0.013401819693203532,0.00289591268467726,1.2682747099046774,0.440863708277215,0.5591362917227851,0.009729006873135205,0.012867498143834696
2017-07-11,0.0077036584801404295,0.0012375216815549983,1.283275446008207,0.4379673077763241,0.5620326922236759,0.006115577292298113,0.00803526876661748
2017-07-12,0.009046327478901661,0.0037079763435454716,1.2813774800468716,0.43833166968030857,0.5616683303196914,0.004295010095735952,0.005647916839673166
2017-07-13,-0.012437625670632224,-0.0014776510909514373,1.2935806639111056,0.4359994901137508,0.5640005098862493,-0.010526164791370295,-0.013768207445672294
2017-07-14,0.015471143273925625,0.008468244959569216,1.309582417125136,0.43297870324314075,0.5670212967568592,0.004381278570965222,0.005691000942610448
2017-07-17,0.010450731199350027,0.005054682345991157,1.3423688260599544,0.4269182499675243,0.5730817500324757,0.003665483192455901,0.004694585009425944
2017-07-18,0.010716566553635953,0.006732581464206078,1.3549290500488333,0.42464124342908055,0.5753587565709195,0.0015943963459628292,0.0020311393406053143
2017-07-19,0.0017876543209875972,8.055401490958403e-05,1.3855913374590176,0.41918327933951055,0.5808167206604894,0.001676039375731333,0.002107703045463619
2017-07-20,0.0029536851465059577,0.002900497742407193,1.4303613424894834,0.4114614491751558,0.5885385508248442,-0.0011950746982113108,-0.0014751815015957635
2017-07-21,0.006810237590648471,0.00763174777261888,1.4223395469381483,0.4128240408178969,0.5871759591821032,-0.00404469907860449,-0.005009247052565788
2017-07-24,-0.0007312084314806677,-0.00031892242564790507,1.4053042888775427,0.4157478139560709,0.5842521860439291,-0.00028302537889843754,-0.00035300154771334227
2017-07-25,0.006037261806793426,-0.0017545842566001335,1.4083229189416733,0.4152267090658447,0.5847732909341554,0.008508283028577632,0.010598599085271205
2017-07-26,-0.004970529572806859,-0.0021570274644072684,1.4077982864031107,0.4153171823599268,0.5846828176400732,-0.0019338700046898595,-0.0024095083241945123
2017-07-27,0.006944770437271375,0.008486769884657797,1.3737058934857713,0.42128218274400736,0.5787178172559926,-0.0047135553699406,-0.005957210684199939
2017-07-28,0.008167477425456537,0.0069863837715871124,1.3611009767408506,0.423531229647091,0.5764687703529091,-0.0013416963499371087,-0.001704750914705632
2017-07-31,0.005160852423703011,-0.0014191491591594163,1.3395643714975654,0.4274300002952668,0.5725699997047332,0.007061894075153692,0.009055396159884257
2017-08-01,-0.0013133945749767006,0.004737091517173164,1.3797656116174366,0.4202094505098499,0.5797905494901501,-0.007849470549456903,-0.009895265119141605
2017-08-02,-0.0018531884350460048,-0.0006285767508711348,1.3673522831215497,0.42241283949569913,0.5775871605043009,-0.0009937025796252332,-0.0012592581848210871
2017-08-03,-0.0061688110296997944,-0.003145148487520233,1.3675845126901374,0.4223714062328288,0.5776285937671712,-0.0018675546680563138,-0.002366405074090888
2017-08-04,-0.022417725905700348,-0.00749329518387476,1.373360978688206,0.42134340666235937,0.5786565933376406,-0.012126726698374488,-0.015328549016269477
2017-08-07,-6.161081716637984e-05,-7.954991048697568e-05,1.4075796218702572,0.41535490287261173,0.5846450971273882,5.03620157566902e-05,6.275433048926702e-05
2017-08-08,0.008569134653328536,-0.0014305570081576402,1.410624621310273,0.41483024406199714,0.5851697559380029,0.010587113591223664,0.013175564744878202
2017-08-09,0.02897304436147663,0.013212333065401705,1.3970195146517845,0.4171847554379507,0.5828152445620494,0.010515157235031415,0.013160289898464538
2017-08-10,0.011999505090946272,0.008405303355754068,1.4449842930168786,0.40900058248067306,0.5909994175193269,-0.00014602623616041636,-0.0001791744469412139
2017-08-11,0.00029355883548287665,0.003115992951739477,1.444447357942793,0.40909042150189057,0.5909095784981094,-0.004207328951025576,-0.00516353392191648
2017-08-14,0.003051466736628594,-0.002718024487626036,1.564593476483929,0.38992534651963834,0.6100746534803617,0.007304070118891864,0.00854412621633794
2017-08-15,-0.02357689511591332,-0.008176296837901553,1.5406795686567227,0.3935954822231707,0.6064045177768294,-0.01097984163048583,-0.012964848183855349
2017-08-16,0.013600915253040302,0.0025124231489868087,1.5777989302922315,0.387927851256667,0.612072148743333,0.009636816696127475,0.011215168781649312
2017-08-17,0.006679722821662848,0.007439893349801885,1.551337682218,0.39195125246245416,0.6080487475375458,-0.004862064083567921,-0.005717076321321481
2017-08-18,-0.0029360623836256483,-0.0005442111543074724,1.548700048080022,0.3923568804235385,0.6076431195764614,-0.0020932425427839818,-0.0024638943421696757
2017-08-21,0.0008834686337744202,0.003966786847585668,1.5521087886488363,0.3918328264248603,0.6081671735751396,-0.005273416095059907,-0.00619889260032502
2017-08-22,-0.001941803143000631,-0.004415922704188335,1.5445877857667054,0.39299096128400685,0.6070090387159932,0.004878977128778552,0.005752181735764099
2017-08-23,0.0041268538654057885,0.002957006381073546,1.557021207261796,0.39108005720095573,0.6089199427990443,-0.000477267779934178,-0.0005599497320304932
2017-08-24,-0.004697036498425011,-0.001862071819847766,1.5846937204277844,0.3868930357576344,0.6131069642423655,-0.0017462229785267197,-0.0020268045278158237
2017-08-25,0.005073173915049134,0.004663816556548683,1.6286598352878896,0.38042198787979753,0.6195780121202026,-0.0025225967897523774,-0.0028789538561303845
2017-08-28,0.023066066826160858,0.013307505742263137,1.6248785727023591,0.3809700038697341,0.6190299961302659,0.001442985889443884,0.001649203019656223
2017-08-29,-0.0005162567251246752,0.002596033092175265,1.6294927472729002,0.3803014862988765,0.6196985137011234,-0.0047464738205047095,-0.005415273145849943
2017-08-30,-0.0010332657262102085,-0.003807783179471058,1.625236815072428,0.38091801633233263,0.6190819836676673,0.005155283680879697,0.005891221300053421
2017-08-31,0.004366824669896241,0.006192168593466496,1.6713112588239358,0.37434798984834783,0.6256520101516522,-0.005982216416900289,-0.006718292071513228
2017-09-01,0.013672787568276723,0.006306069849596252,1.6588389678831459,0.3761040108405502,0.6238959891594498,0.003212033167573451,0.0036241756718317537
2017-09-05,0.007110979832955389,0.011098490880992795,1.7041365543346656,0.36980380979541294,0.6301961902045871,-0.011802364175294379,-0.013093677709850279
2017-09-06,-0.0016250675107384316,-0.003957532072170977,1.6541109397731484,0.37677400180019294,0.6232259981998071,0.004921129584342679,0.005562461060610335
2017-09-07,0.01122590722444694,0.008396394757391734,1.6266665469481125,0.3807106772505578,0.6192893227494422,-0.0024322272423727073,-0.002777924642012909
2017-09-08,0.0006105505722098226,0.0006691133970695429,1.6153202551593173,0.3823623504720966,0.6176376495279033,-0.00047028185107506905,-0.0005394542218842955
2017-09-11,-0.012203983773729443,-0.011144130757800852,1.5884002481750685,0.3863390141092137,0.6136609858907863,0.005497356287656845,0.006371529625141299
2017-09-12,-0.0006738434763682299,-0.002253944402704766,1.5696852684209102,0.38915271542748386,0.6108472845725161,0.0028641398483972087,0.0033437633981035077
2017-09-13,-0.001292538188506498,-0.0034638370376035565,1.5657608555552522,0.3897479368877469,0.610252063112253,0.0041310022549956174,0.004830148818489515
2017-09-14,-0.004163819917605838,0.0009822629090459056,1.5704242487551068,0.3890408365406272,0.6109591634593727,-0.0057063894086242595,-0.006660055527473271
2017-09-15,-0.004915803673494423,-0.003245962796336377,1.5693455130255765,0.389204174732589,0.6107958252674109,0.00017823347638402324,0.0002081076392572911
2017-09-18,-0.03066270590289255,-0.010678563560459264,1.570456735239185,0.38903591968333534,0.6109640803166646,-0.013892483836689569,-0.01621402567827719
2017-09-19,0.0072638132226159335,-7.662684873954717e-05,1.636537783162205,0.3792852908789428,0.6207147091210572,0.0073892159557828576,0.008407862769469279
2017-09-20,0.0032567465456967426,0.004440398901348397,1.6402659616791586,0.378749722381763,0.6212502776182369,-0.004026688628462565,-0.004575321600443996
2017-09-21,-0.018201796187115926,-0.01631099421803539,1.6725486851487446,0.3741746616467507,0.6258253383532493,0.00907913574572794,0.010191547637108021
2017-09-22,-0.0020074627252257837,0.0020921069992749786,1.604486939737082,0.3839527796215204,0.6160472203784796,-0.005364221082095024,-0.006178822784924234
2017-09-25,0.009229139114695917,0.010438412967070265,1.5996463717852616,0.3846677035974195,0.6153322964025805,-0.007468630315274262,-0.008618822617183861
2017-09-26,-0.014948072017029856,-0.0074992718564046434,1.5704862412126068,0.38903145403659417,0.6109685459634058,-0.00317056874743344,-0.003700352909811043
2017-09-27,-0.0033326386789034323,-0.010485717491085178,1.583955075667529,0.3870036323064417,0.6129963676935584,0.013276266763116721,0.015413890382386369
2017-09-28,0.0014928067283355162,0.0016362595807930536,1.497368811211285,0.4004214337549028,0.5995785662450972,-0.0009572773349896539,-0.0011499430889328895
2017-09-29,-0.009896879455867258,-0.003111629716063824,1.5046319598379203,0.39926025700986106,0.600739742990139,-0.005215021937896235,-0.006246452997709543
2017-10-02,-0.001324818812220352,-0.00686699089202103,1.5118791226822679,0.39810832892793296,0.601891671072067,0.009057241353075526,0.010817289659309606
2017-10-03,-0.00024116432341270144,-0.0009428390177670387,1.3849536296049818,0.41929536389587135,0.5807046361041287,0.0010646239963769547,0.0013391757179194563
2017-10-04,-0.0010855587556232171,0.0017302014721785053,1.3756053633363672,0.4209453368953384,0.5790546631046615,-0.003465633180404447,-0.004376526380043039
2017-10-05,0.001147196002847517,-0.0029833767005458256,1.3731134620125316,0.4213873529468518,0.5786126470531483,0.0052437107126215195,0.006628900130431896
2017-10-06,0.009166476491601294,0.0013386496095701972,1.3587077094305269,0.42396096642319214,0.576039033576808,0.0073476429468521025,0.009345341414039905
2017-10-09,0.01087612776523672,0.008021448126787956,1.350411642318606,0.42545738882297734,0.5745426111770227,4.387082656749121e-05,5.5995501950730636e-05
2017-10-10,0.014128654248078965,0.00686528820611132,1.3366973396127786,0.4279544393908169,0.572045560609183,0.004951841767294978,0.006357488002424265
2017-10-11,-0.004313687513487929,-0.003719143691780502,1.342964007925934,0.42680980015789133,0.5731901998421086,0.0006809886048780682,0.0008719578310734284
2017-10-12,0.007610858431980949,0.005832944248863159,1.337590181833982,0.42779098225653867,0.5722090177434612,-0.00019123052648340258,-0.00024542008428530757
2017-10-13,0.008366689676901018,0.006340331603099436,1.3373759695169747,0.4278301878010035,0.5721698121989964,-0.0001127174478532042,-0.00014467178065045994
2017-10-16,-0.0023047542053439285,-0.00122933199073183,1.3378660639348334,0.4277405003761902,0.5722594996238097,-0.000660072653634362,-0.0008470194214506045
2017-10-17,-0.018943171367145406,-0.013001018614243298,1.3493060852071614,0.42565760430140803,0.5743423956985919,-0.0014008178370553473,-0.0017888062937509754
2017-10-18,-0.0025901406679481598,-0.0024161929742303467,1.3575389028967315,0.4241711552548677,0.5758288447451323,0.0006899352914752957,0.0008779519489085408
2017-10-19,0.015227492656769925,0.005469177175150497,1.3641823920305078,0.42297920979824966,0.5770207902017502,0.007766537455534465,0.009855251627431429
2017-10-20,-0.01040642127022473,-0.007382080829725246,1.3777381213279583,0.42056776187005135,0.5794322381299487,-0.00023584709638793493,-0.0002975690564142701
2017-10-23,0.00011754252092299744,0.00023479470180065576,1.395198453358472,0.4175019395982956,0.5824980604017043,-0.00021004268388604113,-0.00026307968376256154
2017-10-24,-0.006872684367976167,-0.0021131339712415764,1.4002230888279927,0.41662793956718874,0.5833720604328113,-0.003913825391656925,-0.00489182702625531
2017-10-25,-0.002306710737886797,0.0003137446384804399,1.408531822359698,0.41519069447887774,0.5848093055211223,-0.0027486300452812355,-0.003423616852097476
2017-10-26,-0.00616552592865649,-0.00713499718656363,1.423952367170539,0.4125493609296012,0.5874506390703987,0.003994370204905926,0.004943624626050539
2017-10-27,-0.003698417733472681,0.0017373063942554001,1.4124182239319378,0.4145218229905949,0.5854781770094052,-0.006152220945272492,-0.007650689525025824
2017-10-30,0.005987329869454827,0.004414643741377677,1.4054442574871449,0.41572362231526133,0.5842763776847387,-0.00021720582571599367,-0.0002708927779638921
2017-10-31,-0.009344101153729079,-0.005572541968437261,1.3660538224304344,0.422644654369185,0.577355345630815,-0.0017317088970913407,-0.002195692524837636
2017-11-01,0.029258005306428192,0.005603769207527698,1.3708767927231256,0.42178488695375305,0.5782151130462471,0.02157592814805201,0.02730120124454525
2017-11-02,-0.0022180776838205407,0.0006279325354803245,1.4243899261504076,0.4124749031554756,0.5875250968445244,-0.003112498461660798,-0.0038514825046353134
2017-11-03,-0.017549973059007185,-0.0065887710825977,1.3675034729456368,0.42238586402401546,0.5776141359759847,-0.008539805721111047,-0.01082127965432616
2017-11-06,0.023877519011304305,0.010185570007155587,1.391449074462312,0.41815651049347047,0.5818434895065295,0.009704817051976579,0.01217439730029617
2017-11-07,-0.016865310458016536,-0.004455270543548773,1.4391696348001157,0.4099755858439701,0.5900244141560299,-0.010453420376921735,-0.012856941429305352
2017-11-08,0.011889985534388803,0.006202421855158402,1.4663306497124642,0.4054606385062702,0.5945393614937298,0.002795184265723595,0.003400011591368905
2017-11-09,-0.009528826039577942,0.0031210986861724965,1.4320470207527447,0.4111762607659161,0.5888237392340838,-0.013998386114586571,-0.01726741217805968
2017-11-10,-0.005843175715624427,-0.010267541554563886,1.4038314286184854,0.41600254830460953,0.5839974516953905,0.008570721813318657,0.010696326345451396
2017-11-13,0.010626980286842835,0.003851009368157632,1.378712612072051,0.4203954672476887,0.5796045327523113,0.005317545101756288,0.006706415572990481
2017-11-14,0.0017035380010319567,0.003288147664073371,1.3868581514594318,0.4189607997394212,0.5810392002605789,-0.0028566563900904868,-0.0035904811373191157
2017-11-15,-0.005981660952562473,-0.003901677721420249,1.3907254268461964,0.4182830821016459,0.5817169178983541,-0.0005554985380240018,-0.0006970669217629139
2017-11-16,0.006253627619397184,0.0007050720047492298,1.3991593153148167,0.4168126700117788,0.5831873299882211,0.005267119555984606,0.006586206496203596
2017-11-17,0.017706381924203374,0.014404277487392703,1.4011847538322741,0.41646108172393104,0.583538918276069,-0.00247667208110074,-0.0030943126019120255
2017-11-20,-0.03059109018304418,-0.016360605373768933,1.3842418472203868,0.4194205387200241,0.580579461279976,-0.007944055578814484,-0.009995700211464554
2017-11-21,0.007250237299247786,0.0050996392001434465,1.433912928408679,0.4108610412180241,0.5891389587819759,-6.220128005759648e-05,-7.66682480686752e-05
2017-11-22,0.00896810623535016,0.008196081648661036,1.4139208777272572,0.41426378520803675,0.5857362147919633,-0.0026205047232489165,-0.0032567406174259066
2017-11-24,-0.007017071110610895,-0.003793763167144415,1.410014504200717,0.4149352621143874,0.5850647378856125,-0.0016678100194348205,-0.0020760995627135672
2017-11-27,0.0016488944376209513,0.005518067867946508,1.4178071462887003,0.4135979172428975,0.5864020827571026,-0.006174661619259659,-0.007661481556216357
2017-11-28,-0.011640892772338818,0.0006955497834191249,1.415165871385688,0.41405023640312355,0.5859497635968764,-0.012625211087683271,-0.015682414906483783
2017-11-29,-0.021057645244290657,-0.009731965753557725,1.3983972123346589,0.4169451143693481,0.5830548856306519,-0.007448491463979166,-0.009316836375983718
2017-11-30,-0.004557377383577199,-0.00694175538845565,1.4591110469268362,0.40665101368630957,0.5933489863136904,0.005571414588782332,0.006796864170585086
2017-12-01,-0.005188565781406362,0.004398443191185875,1.4508705258369154,0.4080182896069237,0.5919817103930762,-0.011570137367066012,-0.01416248297708229
2017-12-04,-0.0007977227449995627,-0.0035189238568795744,1.4307127886319648,0.411401957761868,0.588598042238132,0.004236846619260162,0.005229140981701148
2017-12-05,-0.01909855173161812,-0.009966313078200728,1.4259614492883395,0.4122077044106995,0.5877922955893005,-0.004886973490565676,-0.006043344372186062
2017-12-06,-0.0065735644553219785,0.0009512311869142032,1.4579453654703576,0.406843868072974,0.593156131927026,-0.007960407555774408,-0.009715929004285768
2017-12-07,-0.009642039175411843,-0.010294583067259166,1.4545441208631915,0.40740762877317077,0.5925923712268292,0.0053318861018077385,0.006516753220878347
2017-12-08,0.0013362970565296006,-0.0036806668879260096,1.4377326472134784,0.4102172570659376,0.5897827429340624,0.0066281120048184575,0.00815689777842732
2017-12-11,-0.002478425967092135,-0.0012046258101667817,1.4341417465524184,0.4108224187914873,0.5891775812085127,-0.0007508218037574246,-0.0009253632885030377
2017-12-12,-0.007326226311776152,-0.004181033509710552,1.4343228487635749,0.41079185552890546,0.5892081444710946,-0.0013292744173521451,-0.0016381653132335767
2017-12-13,0.012963715880452531,0.005571275263675846,1.3788973370005058,0.42036282291226396,0.579637177087736,0.005281499255673117,0.006660437808971317
2017-12-14,0.004181448497358797,0.0067448404122318895,1.3902777021675798,0.41836143101413203,0.581638568985868,-0.0051957527324459855,-0.006521107645025067
2017-12-15,0.008075665781985819,0.00039878766990586456,1.381575534986337,0.41989010439080493,0.5801098956091952,0.0075247104935896696,0.009478654423991855
2017-12-18,0.008887292202939268,0.006298255629608507,1.415099742764069,0.4140615736456107,0.5859384263543893,-2.5367718382079615e-05,-3.151139217925057e-05
2017-12-19,-0.0033499287643186104,-0.001188401250219795,1.420518349685614,0.4131346494976515,0.5868653505023484,-0.0016617829815920668,-0.002059620388923603
2017-12-20,0.007593659947495057,0.004283354186730204,1.4465395094532238,0.40874058895680354,0.5912594110431963,0.001397618883407936,0.0017137906966239284
2017-12-21,-0.002223826211174673,0.0009478503003936822,1.437213931240003,0.4103045642329892,0.5896954357670107,-0.003586089867630495,-0.004414167121315404
2017-12-22,0.012691921637164594,0.006391521560681346,1.4903669710748089,0.4015472464961312,0.5984527535038687,0.0031662090082126004,0.0038141475272370495
2017-12-26,0.009965158850292255,0.006821350952907368,1.5008540750865949,0.39986339465463366,0.6001366053453663,-0.000272693524974596,-0.0003271204757900395
2017-12-27,0.005992676797474061,0.0022584101465614737,1.493600475815449,0.4010265516463632,0.5989734483536369,0.0026195143279834064,0.003151484393818278
2017-12-28,0.012816731323786579,0.005516686546960026,1.5247461338979682,0.39607942619406844,0.6039205738059316,0.004405184839382348,0.005234409250384112
2017-12-29,0.013545551544644097,0.009427458057607696,1.5361864970345203,0.3942927703342271,0.605707229665773,-0.000936782224812133,-0.0011080993758631127
2018-01-02,0.003575663885358793,0.005664779964134947,1.535201749091579,0.3944459254015279,0.6055540745984722,-0.00512091622380011,-0.006059773616401598
2018-01-03,0.0037380512202362937,0.0019030220696665268,1.5332733579846427,0.3947461875158844,0.6052538124841156,0.0008201981811598136,0.0009713103150608975
2018-01-04,0.0002327442657727996,0.002431297189563253,1.5315515755841895,0.39501466596398954,0.6049853340360105,-0.0034909127756162124,-0.004136885231908385
2018-01-05,0.0009308713972702165,0.0006821467313995466,1.5322475781895641,0.39490609394321236,0.6050939060567876,-0.0001143462798866659,-0.00013546812824094165
2018-01-08,-0.008195335559774364,-0.0012876415809394137,1.5207045392461804,0.3967144837605803,0.6032855162394196,-0.006237213162717669,-0.007423178399856711
2018-01-09,-0.007501075845726568,-0.005232841302758584,1.528520658791319,0.3954881667757538,0.6045118332242463,0.0004974301897164059,0.0005901832614895724
2018-01-10,0.0015941496565849977,0.004345561831495814,1.527462301618517,0.3956537746812792,0.6043462253187208,-0.0050435322203771765,-0.00598647768215665
2018-01-11,-0.004067691258005657,0.0024289897620870526,1.5212077261182078,0.3966353068176797,0.6033646931823202,-0.007762689250754509,-0.009236869898109956
2018-01-12,0.010358775525918018,0.00969260113945225,1.5145135234990532,0.3976912395398285,0.6023087604601716,-0.004320799977664748,-0.005155032896763466
2018-01-16,0.0031050146875564177,0.001499924976286815,1.509264454349436,0.39852316015023803,0.6014768398497619,0.0008412312366558074,0.0010057503925474955
2018-01-17,-0.0009928862645609549,0.0019469638598204053,1.5127160355787712,0.397975730580182,0.602024269419818,-0.003938089716003621,-0.004701792395450527
2018-01-18,-0.012394030918562615,-0.008968609865470878,1.4929855921882778,0.4011254630325505,0.5988745369674494,0.0009959743925430538,0.0011985320681321826
2018-01-19,0.004854125029624123,0.004449490508342757,1.4900402578309342,0.4015999327139782,0.5984000672860219,-0.0017757949546432132,-0.002139477402895609
2018-01-22,-0.0025920839246863503,-0.000750807103888973,1.4889051014487387,0.4017830970806887,0.5982169029193113,-0.0014742033975021053,-0.0017769300203258078
2018-01-23,-0.004488820194846754,0.0036065269139398115,1.4856365539507104,0.4023114314160628,0.5976885685839372,-0.009846808411002786,-0.011884450760130774
2018-01-24,0.03381784101482044,0.015123211784551671,1.4736424587639312,0.40426214243577296,0.595737857564227,0.011531634016226054,0.01398540921955434
2018-01-25,0.007231068209417213,0.0047938637679492135,1.570957515072709,0.3889601419460715,0.6110398580539286,-0.00029988810307737725,-0.00034993355742274357
2018-01-26,-0.009629116282840577,-0.007927223014231655,1.5734463755647075,0.3885839664253986,0.6114160335746014,0.0028439440371953555,0.0033153331627956938
2018-01-30,-0.0212288276291005,-0.011985758704125549,1.5588067431742987,0.3908071614503647,0.6091928385496354,-0.00254534613904955,-0.0029842184985317995
2018-01-31,0.011226707768143163,0.0026958031452164466,1.5678668998563023,0.38942828386313944,0.6105717161368606,0.007000047248229784,0.00817804916051705
2018-02-01,-0.004998863063259029,0.003958214210698197,1.532547978535784,0.3948592518188576,0.6051407481811424,-0.011065016250476165,-0.013107372114079559
2018-02-02,-0.025820740427434208,-0.007885217043241521,1.520133938651879,0.3968043065738562,0.6031956934261438,-0.01383415438636655,-0.016468356114953547
2018-02-05,-0.0022187967622655513,-0.0005248190728807112,1.5454626157930211,0.39285589731140363,0.6071441026885963,-0.0014077085050732594,-0.00165907976374035
2018-02-06,-0.00546905484736393,-0.005176312388644022,1.5079484891915589,0.39873227233720077,0.6012677276627991,0.0023365575986753727,0.0027949827622997534
2018-02-07,-0.020667207781355224,-0.010934318880138072,1.4802611570516797,0.40318334912308734,0.5968166508769126,-0.004481560264270015,-0.005420671429935998
2018-02-08,0.006664186462108201,0.0040409034208446215,1.4852171361110587,0.4023793275322532,0.5976206724677467,0.0006625674560999731,0.0007998103422907884
2018-02-09,-0.012136812812557185,-0.0028856016080763824,1.501813857545197,0.3997099932051737,0.6002900067948264,-0.007803176330193369,-0.009357022673761092
2018-02-12,0.026805729383952093,0.008453260065734547,1.5592466699740688,0.39073998287555933,0.6092600171244406,0.013625011776030722,0.015971510604136614
2018-02-13,-0.0024776628824754177,0.002945192990387202,1.5991626604829288,0.38473929131245616,0.6152607086875439,-0.007187505540618688,-0.008295947364005959
2018-02-14,0.02126369617751478,0.02063099534504098,1.59604061538624,0.3852019856982166,0.6147980143017834,-0.01166421032901508,-0.013479230941014789
2018-02-15,-0.004804803377787992,-0.0025083175315843143,1.5286029220857462,0.39547530031925254,0.6045246996807475,-0.0009705818694893029,-0.0011515234689621102
2018-02-16,-0.004887687329893864,0.0008135312519776949,1.5284838213236231,0.395493928640807,0.6045060713591931,-0.006131156686682923,-0.007274505735385748
2018-02-20,-0.01617253445337752,-0.018031261619999017,1.5417738859074719,0.3934260264236592,0.6065739735763408,0.011627593842302622,0.01372379412673598
2018-02-21,0.010898073839072042,0.0009030336602811051,1.427372171019491,0.4119681406662919,0.5880318593337082,0.009609108722892924,0.011875939962091334
2018-02-22,-0.0015056383035670917,0.0004511094631109991,1.4262170095950801,0.412164285406149,0.587835714593851,-0.002149018293045303,-0.002657245767233278
2018-02-23,-0.006212717168127546,-0.001803715961294583,1.4306358843994236,0.4114149743358562,0.5885850256641438,-0.003632256388635514,-0.00448309400673519
2018-02-26,0.004005825771642213,0.0018822467187973313,1.4321595105262896,0.41115724345876153,0.5888427565412384,0.0013101482321597122,0.0016160308069714702
2018-02-27,-0.011848576210697126,-0.011422523280690933,1.4431575089387718,0.4093063981103566,0.5906936018896434,0.004635924032859926,0.0056925401034094054
2018-02-28,-0.0013459724443792842,0.0,1.420462370732341,0.4131442042197242,0.5868557957802758,-0.0013459724443792842,-0.0016682421433042692
2018-03-01,-0.00759609449204568,-0.00957808862480991,1.3959376254468776,0.417373135835907,0.5826268641640932,0.005774319799191217,0.007230137885723411
2018-03-02,0.011851816443369634,0.013968801006093878,1.3878696160844701,0.4187833344266756,0.5812166655733245,-0.007535058046118238,-0.00946667020095584
2018-03-05,-0.0032943419862559997,-0.00227083495226732,1.3700522898598873,0.4219316190948335,0.5780683809051664,-0.00018317936000829043,-0.00023186749185916036
2018-03-06,0.02307509021030918,0.01175935079818946,1.3762832109407241,0.42082525996727443,0.5791747400327255,0.006890893135198622,0.008699585685079995
2018-03-07,-0.017170245498531744,-0.005698842025396944,1.3870267083306704,0.41893121535256483,0.5810687846474353,-0.00926579940274893,-0.011645197815020034
2018-03-08,0.0004870542829253921,-0.004600283247313319,1.4070223700027726,0.41545106205176147,0.5845489379482384,0.0069597557202442295,0.008674313716788862
2018-03-09,0.006692546695573176,0.0018940828500324525,1.4137475078353108,0.4142935401295626,0.5857064598704375,0.0040147917867061934,0.004989906906592801
2018-03-12,-0.004532748563695899,-0.0022686024989519993,1.4270333548854544,0.4120256518053481,0.587974348194652,-0.0012953771287149015,-0.0016011858173774918
2018-03-13,0.005342683521647906,0.004926481642962388,1.4277353006834217,0.41190652033543124,0.5880934796645688,-0.0016910282281783562,-0.00208963665977381
2018-03-14,-0.005555949104350089,-0.0011313070158988081,1.4247229984620822,0.41241824350008865,0.5875817564999114,-0.003944149980477548,-0.004879918221148378
2018-03-15,-0.006922840811031561,-0.0057384290590751785,1.418228364487741,0.41352587484508824,0.5864741251549117,0.0012155620481495554,0.0015079990781685978
2018-03-16,-0.009233839090369789,-0.004176792068693147,1.423557714959845,0.4126165404798576,0.5873834595201425,-0.003287934517198568,-0.004069968497432351
2018-03-19,0.0032711700751801853,0.004194310832913661,1.4293257543159137,0.4116368495346542,0.5883631504653458,-0.002723866419909542,-0.003363731374934404
2018-03-20,-0.007997488002359887,-0.004328731037988809,1.4255672313863876,0.4122746989076149,0.5877253010923852,-0.001826590881117857,-0.002259171616620777
2018-03-21,0.014387618663699087,0.007322077465257593,1.426785800852454,0.41206768213689526,0.5879323178631046,0.003940582503527825,0.004871360095493741
2018-03-22,-0.0017730167720040324,0.00446734658302006,1.4349809806984555,0.41068082581620735,0.5893191741837928,-0.008183574152826053,-0.010082510973632317
2018-03-23,0.0123714835009896,0.017111468159164644,1.425622364715284,0.41226532808514016,0.5877346719148598,-0.012023008199828988,-0.014870008260218478
2018-03-26,0.006170555269203293,0.0037797194110877896,1.3594809144176854,0.4238220338590015,0.5761779661409986,0.001032098867975389,0.0013122787241067078
2018-03-27,-0.008597862512640497,-0.00967216136281801,1.3580464985991638,0.4240798477019289,0.5759201522980711,0.004537382360020619,0.0057726372606088875
2018-03-28,-0.017223627340012704,-0.012748898109106954,1.3377332318165913,0.4277648049785929,0.5722351950214071,-0.00016900267041662642,-0.00021688018305488985
2018-03-29,0.0011107466295954271,-0.001057168400067643,1.324412133860506,0.4302163052036505,0.5697836947963495,0.002510873286178911,0.003240655884043318
2018-04-02,0.02490299245525618,0.014590207170698477,1.3168053877991115,0.4316288304862615,0.5683711695137386,0.005690529043775195,0.007368589188038371
2018-04-03,-0.016840119866881387,-0.006929384492203927,1.3493175346229154,0.4256555298560389,0.5743444701439612,-0.007490179867406521,-0.009564709440533873
2018-04-04,-0.008441945754617874,0.002250900277680712,1.3618549037226657,0.4233960343727458,0.5766039656272542,-0.011507345335568062,-0.014616493143711693
2018-04-05,0.006848051301313385,-0.00860907289986157,1.3570530235551583,0.4242585932545945,0.5757414067454055,0.018531019710077302,0.02358583306131168
2018-04-06,0.0007353577096855801,0.0057388622711769255,1.3083625862657573,0.43320750645924383,0.566792493540756,-0.00677315497365444,-0.008802544730996596
2018-04-09,0.010225312846270374,0.003303569587363109,1.2969379572027488,0.4353622164082383,0.5646377835917616,0.005940788054158535,0.007759183963410136
2018-04-10,0.004060817818906104,0.00426547254628451,1.3029789397721716,0.4342202104978553,0.5657797895021447,-0.0014970030770789918,-0.0019500869737355325
2018-04-11,0.010382765010756634,0.0108047690014903,1.3058982364703884,0.4336704821504562,0.5663295178495439,-0.0037271637737594683,-0.00484908273245995
2018-04-12,-0.01762457049617383,-0.013343144552847352,1.3009804321420586,0.43459735077758443,0.5654026492224156,-0.0002654005296765273,-0.0003460271012771625
2018-04-13,0.011250955240238003,0.004781847203614964,1.3033732719614286,0.4341458729997565,0.5658541270002435,0.00501842340444276,0.006536183430012636
2018-04-16,0.0020447676327943753,0.0020076971102340746,1.3097132989977784,0.4329541681358963,0.5670458318641036,-0.0005847399728386008,-0.0007594968255484292
2018-04-17,0.006601770415995967,-0.00022267074443416135,1.311124262818312,0.4326898454090673,0.5673101545909327,0.0068937194316434115,0.008948527185513812
2018-04-18,0.027367133238519248,0.002969121247755835,1.309883370907359,0.4329222906207528,0.5670777093792471,0.02347793068987617,0.030492358599889392
2018-04-19,-0.0005223595686830729,-0.0032562925568003775,1.3280563066808553,0.4295428753721662,0.5704571246278339,0.0038021802977735953,0.004899598373367208
2018-04-20,-0.0043549391712834895,-0.007499329737208016,1.324018469624248,0.43028917931176425,0.5697108206882358,0.005574311910582282,0.007195698291696728
2018-04-23,-0.03359189567568999,-0.01062314033858236,1.3217799844727907,0.43070403168587534,0.5692959683141247,-0.01955044140390632,-0.025261361801702756
2018-04-24,0.007000249540284109,0.006729697099480125,1.320017994558902,0.43103113956240113,0.5689688604375989,-0.0018830717289605049,-0.0024349876596347613
2018-04-25,-0.012045317331737415,-0.007661163478404176,1.3151980842425879,0.43192848456729266,0.5680715154327075,-0.0019693698018709623,-0.0025518807422241427
2018-04-26,0.00012136410945129406,-0.0037086758438069634,1.3208533659793293,0.4308759935714554,0.5691240064285447,0.005019981081069951,0.006488968008047771
2018-04-27,-0.004973358084442769,0.003038820824751154,1.2985009545911619,0.4350661669304687,0.5649338330695314,-0.008919269826213645,-0.011641417605328074
2018-04-30,-0.005729602699259817,-0.003105428693946588,1.2838672218933167,0.43785382548246565,0.5621461745175342,-0.0017426445891748198,-0.0022890707994795458
2018-05-01,-0.016736188852768175,-0.009420986782980645,1.2966890902475334,0.4354093918268326,0.5645906081731673,-0.004520098071910965,-0.005904279457465175
2018-05-02,0.015711753579920718,-0.0009204427038226326,1.2748157406344145,0.43959604381896616,0.5604039561810339,0.01688514842710591,0.022267933343555393
2018-05-03,0.004358182058302074,0.006218313939622133,1.2720151502026027,0.4401379101326973,0.5598620898673026,-0.0035516074816133118,-0.004689591283706805
2018-05-04,0.004400470950293833,0.001525902246514832,1.266626022357625,0.44118438160338985,0.5588156183966102,0.0024677234572841877,0.0032661631424103104
2018-05-07,-0.0012778330551154182,-0.0003808943540781762,1.2454848874998845,0.4453381118558303,0.5546618881441697,-0.0008034348933770197,-0.0010734005352468368
2018-05-08,-0.001523159591030443,-0.00015237858505967594,1.2439438595418846,0.4456439477073889,0.5543560522926111,-0.0013336091858197783,-0.0017829445868026879
2018-05-09,0.004271399361641004,-0.0005334993688071998,1.2365467228848626,0.4471178669185709,0.552882133081429,0.00493109625780069,0.006614343721073976
2018-05-10,0.01348888805446724,0.007244718711396203,1.1946283537279954,0.45565801530874656,0.5443419846912536,0.004834141667049591,0.006608146193187395
2018-05-11,-0.00023979076797542298,-0.001362847336144557,1.2102885898721236,0.45242960787209013,0.5475703921279098,0.001409647812697953,0.0019132992214100533
2018-05-14,-0.0063564941524256735,-0.0018953752843062777,1.2387917947987823,0.4466694948244965,0.5533305051755034,-0.004008518802162648,-0.005371449205069458
2018-05-15,-0.02269157861246307,-0.020964660528627,1.2395125706281855,0.44652573649966115,0.5534742635003388,0.0032943816517226367,0.004413078580039254
2018-05-16,0.006360419866388911,0.0010085551502752033,1.2249064691375664,0.44945709577968324,0.5505429042203168,0.005125034138334804,0.0069104488787630775
2018-05-17,0.007117826317875275,-0.0015501473226560147,1.2582501920575626,0.44282073063342403,0.557179269366576,0.009068299484324723,0.01204689300975413
2018-05-18,-0.0015841696456035947,0.0015525540100980173,1.2510440680497483,0.44423830443549533,0.5557616955645046,-0.0035264831302635686,-0.004699796659225997
2018-05-21,0.003966591658483232,0.0,1.2491390499117854,0.44461457375844393,0.5553854262415561,0.003966591658483232,0.005290813378530964
2018-05-22,0.00340382670812156,0.0011626104919919555,1.2477034873289516,0.4448985400598125,0.5551014599401873,0.001953233542857969,0.002606972254840097
2018-05-23,-0.01029804229858855,-0.001857941034659527,1.2476148773969218,0.4449160797325525,0.5550839202674476,-0.007980047422421095,-0.01065135424579036
2018-05-24,0.017321640189137844,0.01116877514806447,1.2589473184249649,0.4426840731714111,0.557315926828589,0.0032607406663906907,0.004330433879260475
2018-05-25,-0.008423042368476907,-0.00030674415795639565,1.269425154298614,0.4406402203244543,0.5593597796755456,-0.00803365361843291,-0.010619852701309883
2018-05-29,-0.010678999179589033,-0.00352957683104993,1.2834867220116137,0.4379267855427074,0.5620732144572925,-0.006148834182616619,-0.008078217565285251
2018-05-30,0.010671559835648603,0.0021560398347582055,1.3238397296526412,0.43032227534446893,0.5696777246555311,0.007817308643681974,0.010091886127857637
2018-05-31,-0.004672593232529443,-0.0010757006638973943,1.3297028957955528,0.4292392827449002,0.5707607172550999,-0.003242230944735879,-0.004175078655635246
2018-06-01,-0.0008535507011442345,-0.004076553232318814,1.2984278494137744,0.4350800049064212,0.5649199950935789,0.004439559545316253,0.005794690766275635
2018-06-04,-0.0005492297980268512,-0.0013130006009237638,1.272128399852578,0.4401159723477259,0.5598840276522741,0.0011210755554317698,0.0014802097744623607
2018-06-05,0.00683799460902379,0.0034026946849710082,1.2815006188386673,0.4383080117282727,0.5616919882717273,0.0024774392645143988,0.0032576444346205805
2018-06-06,0.009156569261301595,-0.00030830398000958326,1.2811950232620468,0.4383667287551887,0.5616332712448113,0.009551566786141755,0.012561267259583016
2018-06-07,0.007451060439753743,0.0012335021324896278,1.2794876825582298,0.438695066286876,0.561304933713124,0.005872809654823954,0.0077291178624395995
2018-06-08,-0.004294435186041556,-0.000461981680523027,1.2857952498606182,0.43748450350528,0.56251549649472,-0.0037004213357024226,-0.004856630972430357
2018-06-11,0.01263929791656393,0.0006163229667759396,1.2845314059237984,0.43772652781528687,0.5622734721847131,0.011847611709548105,0.015558041809572681
2018-06-12,-0.0033126148231164,-0.0029255899273996633,1.2876050273020065,0.43713839935882487,0.5628616006411752,0.0004543894752275187,0.0005958932636593627
2018-06-13,0.006172365034064375,0.0013898917937285038,1.2806337602376956,0.4384746106256782,0.5615253893743217,0.004392422679938326,0.0057778974728680665
2018-06-14,0.016103387684465398,0.005474574332855919,1.2881888079463037,0.4370268731877596,0.5629731268122405,0.009051102300610299,0.01186672481201477
2018-06-15,-0.04493208959644612,-0.022546030992379174,1.2997805671390759,0.4348240933455659,0.5651759066544341,-0.015627196646436338,-0.020385244839958648
2018-06-18,-0.0024312551054502807,0.0012552766488183043,1.4148208730277294,0.41410939054298834,0.5858906094570117,-0.004207246709622716,-0.0052267811123575675
2018-06-19,-0.006641552236793857,-0.0004701266328889231,1.4271481495869263,0.41200616458875366,0.5879938354112464,-0.005970611882594899,-0.007379786705987886
2018-06-20,-0.0008587339383703263,-0.00344937637055176,1.5155587722532513,0.39752599344131967,0.6024740065586804,0.0043689986788224755,0.005210371620428152
2018-06-21,0.0010436612944983992,-0.0031466332234457717,1.5141163552278587,0.3977540649304468,0.6022459350695532,0.005808030122021,0.006930502770816993
2018-06-22,0.008156471369884732,0.00015788608735545218,1.5264931052382487,0.39580555273500334,0.6041944472649966,0.007915459346123591,0.009398948284931688
2018-06-25,-0.007968770485811794,-0.0014202688917867023,1.5335529894556112,0.39470261887629665,0.6052973811237035,-0.005790712880981488,-0.006856828617852296
2018-06-26,-0.004292352980185377,-0.007111251717457745,1.5358450453200205,0.39434586188360776,0.6056541381163921,0.0066294277360955875,0.007842862183157127
2018-06-27,-0.006096866946876278,-0.003023974877956359,1.512409923083917,0.39802422001761817,0.6019757799823819,-0.0015233773342986038,-0.0018190232258301596
2018-06-28,-0.01164878406671932,-0.0039910598699904876,1.494173099451501,0.4009344821415611,0.5990655178584389,-0.0056854497706791286,-0.006838478578647279
2018-06-29,0.009591867336257609,0.0028049365788109792,1.5239246317372284,0.3962083445065852,0.6037916554934147,0.005317355393346806,0.006320341732653303
2018-07-02,-0.02235467303965566,-0.009190441581753306,1.597214231459948,0.3850279225668185,0.6149720774331814,-0.007675568951878004,-0.008865925104179884
2018-07-03,0.013211332805250775,0.009517604688728643,1.6621614902176736,0.37563461257875613,0.6243653874212438,-0.0026084631874691427,-0.002939487176552756
2018-07-05,0.003510516363956384,0.004554229269235099,1.636693519552707,0.3792628883806115,0.6207371116193886,-0.003943361167557963,-0.004486711639007923
2018-07-06,-0.0016866238474350093,-0.0023860652855268727,1.6335959266304043,0.37970897125416875,0.6202910287458313,0.0022112426836759028,0.0025188860538356518
2018-07-09,0.004505321951463248,0.003029519740003872,1.6820089025462557,0.37285483991146195,0.627145160088538,-0.0005903572216628822,-0.0006603526421210693
2018-07-10,-0.003114635185254455,-0.003417794166802879,1.6987405665647848,0.37054321278198876,0.6294567872180112,0.002691310414062084,0.002991740422260567
2018-07-11,-0.016934318818628613,-0.008773328737928576,1.6919337123025426,0.3714801725725449,0.628519827427455,-0.002090428157814536,-0.002329657838446353
2018-07-12,0.01055170409569528,0.0017701569725150357,1.7094802357884338,0.369074476643676,0.630925523356324,0.007525655736937737,0.008332582357532318
2018-07-13,-0.010001223136218429,-0.004337369007279102,1.7158903186590486,0.3682033818264586,0.6317966181735415,-0.0025587736481764104,-0.0028264473317609357
2018-07-16,-0.0002541879201901631,-0.0012100677876272226,1.6756741047164592,0.37373759316849603,0.6262624068315039,0.0017734913364883093,0.0019884611508129606
2018-07-17,-0.012011447970988853,-0.01001536601129005,1.6795164772435363,0.37320166100591284,0.6267983389940871,0.004809524270597658,0.005384767339305891
2018-07-18,-0.0027659377902017335,0.0004895958881911966,1.6849384757917132,0.37244801287490503,0.6275519871250949,-0.0035908767398044983,-0.004012244718656708
2018-07-19,-0.010514100760122047,-0.0031803182408656205,1.6010303120649831,0.3844630319613962,0.6155369680386037,-0.0054223148544830044,-0.006254038827611558
2018-07-20,0.009778332271070278,0.005808225985058257,1.6274388612425135,0.3805987704418366,0.6194012295581633,0.0003257995881078921,0.00037199676793296145
2018-07-23,-0.007876032434039115,-0.004473363155754417,1.6233487375161786,0.38119217079266904,0.6188078292073309,-0.0006142040026937932,-0.0007023892712891781
2018-07-24,0.006181693573669822,-8.167940027570264e-05,1.632949188373868,0.37980224017069186,0.6201977598293081,0.006315071884056895,0.007195435345211281
2018-07-25,0.004526915441845247,0.006127951507796325,1.6609686980147502,0.3758029926267313,0.6241970073732687,-0.00565142019555674,-0.0063714618662441104
2018-07-26,-0.006116028267267759,-0.004953691298520191,1.6336881462304909,0.3796956755989756,0.6203043244010243,0.001976758487209804,0.002251699947891408
2018-07-27,-0.00012954107248885904,-0.0022036016768054445,1.6210281333264094,0.38152967046976183,0.6184703295302382,0.003442559240258016,0.003940315477524825
2018-07-30,0.0025265944219443615,-0.0010632478192137418,1.6185233104176773,0.3818946335217048,0.6181053664782953,0.004247485802092563,0.004866276101336351
2018-07-31,0.0016154841947666476,0.001965039095882082,1.6452764105238085,0.3780323281233145,0.6219676718766854,-0.001617548275445174,-0.001834456621255174
2018-08-01,-0.006838706231886316,-0.004739664124574161,1.6394736477169443,0.37886341500888493,0.621136584991115,0.0009318481993824219,0.0010591295732637132
2018-08-02,-0.004222397048057713,-0.005993963939393998,1.64030041872096,0.3787447795370308,0.6212552204629692,0.005609504511528597,0.006373711648592632
2018-08-03,0.005023136664530137,0.0029737119267618795,1.6301235287433387,0.3802102787460312,0.6197897212539688,0.00017561888501090896,0.0002003163156691955
2018-08-06,-0.007399735130362961,-0.004612070343548269,1.6264474397297686,0.38074243743590336,0.6192575625640966,0.00010155487175471552,0.00011599874821614266
2018-08-07,0.0016348791854527978,0.0008274036241935345,1.6246988847338621,0.3809960852333724,0.6190039147666276,0.0002905974400008067,0.00033214946105744126
2018-08-08,0.0038519301273098883,0.0024801587802172342,1.6238020207203783,0.3811263167353781,0.6188736832646219,-0.00017535671171424547,-0.0002004991729514325
2018-08-09,0.0027965183693632323,-0.0005772317218930567,1.6201778780799836,0.38165347794355886,0.618346522056441,0.00373173643570038,0.0042726905683612496
2018-08-10,-0.009922814785978673,-0.0006601607492431327,1.76365677971937,0.36183943221109494,0.6381605677889051,-0.008758517804871403,-0.009507531328576301
2018-08-13,-0.020503061022225655,-0.016348713695773287,1.755955721233194,0.3628505321386422,0.6371494678613577,0.008204556326670925,0.008931082887282026
2018-08-14,0.004815057148070512,0.0014269714615955387,1.6902480744337782,0.37171293216536244,0.6282870678346375,0.0024031213828366984,0.0026798138866905284
2018-08-15,-0.04019967433528737,-0.012992455993294239,1.7014246192417686,0.37017505240648857,0.6298249475935115,-0.01809398984388129,-0.02009383091610368
2018-08-16,0.019138758195773153,-0.0011040754378981443,1.8196845000764315,0.3546496070652208,0.6453503929347791,0.021147827157031507,0.02250020577457329
2018-08-17,-0.0055112864442040665,0.00025510018753704955,1.8237269750201177,0.35414188724562345,0.6458581127543765,-0.005976519537548075,-0.006349607724562847
2018-08-20,0.0026682783953817513,0.008754822633340487,1.8153721366557667,0.35519283116435457,0.6448071688356454,-0.013224982674547834,-0.01409225711481655
2018-08-21,0.006550711234114548,0.004887029422976141,1.7598218038591211,0.36234223477823,0.63765776522177,-0.0020495897005399256,-0.0022279587374162413
2018-08-22,-0.0010847228826552646,0.00310252667946731,1.7555868946650686,0.36289909853180163,0.6371009014681984,-0.006531478061476806,-0.007110802501770517
2018-08-23,-0.01411599825432619,-0.007774010238681517,1.7309706184986213,0.36617017891966924,0.6338298210803307,-0.0006594149432610288,-0.0007243742632685856
2018-08-24,0.01734699852895072,0.016259518810551876,1.7231492900968957,0.36722187932796657,0.6327781206720334,-0.010670579766768867,-0.011755411066415516
2018-08-27,0.004398104008510151,0.002238208623549287,1.630956425235245,0.38008991346581716,0.6199100865341828,0.0007476832729155073,0.0008525606115068829
2018-08-28,-0.005187258489558255,-0.0013233875814205875,1.6391596077596404,0.3789084968790089,0.6210915031209912,-0.0030180150206829057,-0.0034306546051356924
2018-08-29,-0.0053497983314994,-0.0024018753978987117,1.6395843444719107,0.3788475265411779,0.6211524734588221,-0.0014117210317324312,-0.0016044810631139729
2018-08-30,-0.014365433876371902,-0.005645536594541256,1.6381296956557088,0.3790564207842895,0.6209435792157105,-0.0051173127329428685,-0.005819250745749583
2018-08-31,-0.002693963565122637,0.0021709090442110224,1.6443492270340718,0.37816487692951584,0.6218351230704843,-0.006263696173932307,-0.00710612967821697
2018-09-04,-0.026111640269655068,-0.0063318314980242985,1.6278175334734324,0.38054392561960204,0.619456074380398,-0.015804573938171765,-0.018043003827531406
2018-09-05,0.004053777166848738,0.0018446158566753912,1.6646181005473804,0.37528830108696426,0.6247116989130358,0.0009831962232701693,0.001106946120798544
2018-09-06,-0.0030457728544759366,0.002510670297685369,1.6556883163267382,0.3765502125577626,0.6234497874422373,-0.007202660332502176,-0.008136489837555178
2018-09-07,-0.0005683424706514062,-0.003589655848139972,1.6459502782395743,0.3779360512644736,0.6220639487355263,0.005340052571378896,0.006054595147114914
2018-09-10,0.0008530662963968094,-0.0005026605212881119,1.633713585280618,0.3796920081169159,0.6203079918830842,0.001674269618809435,0.0019071203810846933
2018-09-11,-0.0019177801220925383,0.0020117555859702207,1.608887467122246,0.3833051492646626,0.6166948507353374,-0.005154468471273196,-0.005927202920284109
2018-09-12,0.009963018991366646,0.007779761224591786,1.502900597554618,0.39953644222907586,0.6004635577709242,-0.0017291888019045944,-0.0020726218255659613
2018-09-13,-0.0034527014309347903,-0.002241181440447937,1.5033922622008502,0.3994579735262315,0.6005420264737685,-8.332659517720645e-05,-9.985641855098266e-05
2018-09-14,-0.007141330316028149,-0.005823627287853572,1.5042041684345293,0.3993284623534259,0.6006715376465742,0.0016185941257702667,0.0019390521102543856
2018-09-17,0.005697188772912698,0.003933013532949836,1.504624381821673,0.3992614650156349,0.6007385349843651,-0.00022051928279822296,-0.0002641345557426464
2018-09-18,-0.0026908446048383716,-0.0024171896822345884,1.5147724054264313,0.39765029942358915,0.6023497005764108,0.0009706476244920668,0.0011579349555421972
2018-09-19,0.0074553037944375955,0.004511950303676349,1.5077382392190612,0.3987657022414794,0.6012342977585206,0.0006524637881287088,0.0007805405419808419
2018-09-20,0.0018324069807964527,0.003327233540561192,1.5113870596019088,0.3981863314046519,0.601813668595348,-0.003196330736681175,-0.0038182056299850167
2018-09-21,0.0037987970621329303,-0.008290499423652453,1.533118404260938,0.39477033458756133,0.6052296654124386,0.016509114309049208,0.019551925738582956
2018-09-24,-0.0012614513266859806,0.0025916216207941822,1.4610752632399278,0.40632646020078705,0.593673539799213,-0.005048005568506129,-0.006153414701174871
2018-09-25,0.01031502034663534,0.0005836330721065153,1.4449596081396696,0.40900471184506965,0.5909952881549303,0.009471694131466958,0.01162190258677584
2018-09-26,-0.006459192932397606,-0.0050000000000000044,1.4399166453319454,0.4098500667689622,0.5901499332310378,0.0007403902942621273,0.000910347034615273
2018-09-27,-0.007270191494865297,-0.009798954080297295,1.3963750390501308,0.4172969521483488,0.5827030478516512,0.006412823391660277,0.008028154968016414
2018-09-28,0.029716211885598254,0.0077814013295471884,1.3571035720163946,0.42424949496154113,0.5757505050384589,0.01915604434597664,0.024380826417724422
2018-10-01,-0.013745483938352066,-0.003692844661403738,1.4577367362586955,0.4068784037147347,0.5931215962852653,-0.008362288614127033,-0.010207303928153721
2018-10-02,0.013035621012126075,0.012888593330627529,1.4719100945929557,0.40454545745308257,0.5954545425469173,-0.0059352296163280305,-0.0072032105406795235
2018-10-03,-0.0013688914825001897,-0.0034098265990434307,1.4328247324259888,0.4110448182606274,0.5889551817393727,0.0035167924018932335,0.004336677881089678
2018-10-04,-0.005483202389950925,-0.0009180485783387704,1.4305067331332695,0.4114368359353844,0.5885631640646156,-0.004169927717293888,-0.005146985598247973
2018-10-05,0.004066162255556005,0.003341129437972823,1.4143314419898103,0.41419333841580336,0.5858066615841967,-0.0006593021603267021,-0.0008192356884314054
2018-10-08,-0.021278084592069035,-0.01398595358035326,1.4035743790927457,0.4160470375697134,0.5839529624302867,-0.001647758479504744,-0.0020566351020849735
2018-10-09,0.004909225707271592,0.002364004306059986,1.404581845060618,0.41587272317394985,0.58412727682605,0.0015887881773346108,0.001982200997564164
2018-10-10,-0.005164376867797915,0.0017689502549060876,1.4081627198075803,0.41525433135178796,0.584745668648212,-0.0076553466699507845,-0.009536747588089648
2018-10-11,0.019642211906230722,0.028756369097582946,1.4126298394278705,0.4144854646401702,0.5855145353598299,-0.02097989315461645,-0.02608758228687698
2018-10-12,0.0019952034807046992,-0.004413587588118051,1.2095832752225302,0.45257402661109863,0.5474259733889012,0.007333805211022039,0.009957269264201107
2018-10-15,0.006316946361582643,0.00681393070723324,1.1906977504660636,0.45647556801811356,0.5435244319818865,-0.001796385603351611,-0.002460018416008465
2018-10-16,-0.0017740190123197719,0.0007338750783967285,1.1809411433195591,0.4585176464129259,0.5414823535870741,-0.0026406822864553357,-0.003632398280729413
2018-10-17,-0.0025974098779407706,-0.0029333476028844396,1.1777498996188058,0.4591895516445853,0.5408104483554148,0.0008573399669034427,0.0011810446650281272
2018-10-18,-0.004043312447090219,0.00228818251193319,1.176259950115219,0.4595039301012989,0.540496069898701,-0.00673480989443127,-0.009284014844928848
2018-10-19,0.0031652432860389546,-0.000978353992560077,1.1752994706892887,0.4597068189802525,0.5402931810197474,0.004315102215641566,0.005951045739381671
2018-10-22,-0.003909744040598739,-0.0033461988842417023,1.1746573382301748,0.4598425611337191,0.5401574388662809,2.0893033953399247e-05,2.882251872895515e-05
2018-10-23,0.01418533052970683,0.009990233974772167,1.1761794625973476,0.45952092517519877,0.5404790748248013,0.0024350225020375385,0.0033568313788761503
2018-10-24,-0.007944026931328119,-0.004540275235196178,1.1895975934894365,0.45670492284673975,0.5432950771532603,-0.00254292643775906,-0.003484101067685059
2018-10-25,-0.003148345798350216,0.0010587446702361447,1.1918676201100833,0.45623193245118354,0.5437680675488163,-0.004410229288768805,-0.006036262292903402
2018-10-26,0.0048060865441297285,0.0027662716472203197,1.1905558986303362,0.45650512759124684,0.5434948724087532,0.0015126855173177205,0.002071646085265672
2018-10-29,-0.0176289969118808,-0.006490872210953347,1.2014623146643222,0.4542435241061482,0.5457564758938517,-0.009830458561118466,-0.013396266421145723
2018-10-30,0.0018084456528020265,-0.001551673674203724,1.2188786165842886,0.45067810042686623,0.5493218995731338,0.003699747514205722,0.005002185545283765
2018-10-31,-0.01208080176710824,-0.0084246090000748,1.2150317948769318,0.4514607881985551,0.5485392118014448,-0.0018446339726110005,-0.002498339721638383
2018-11-01,0.03513950360411,0.01954957536691082,1.2164047569638128,0.4511811287437726,0.5488188712562274,0.011359307131177103,0.015375315039575017
2018-11-02,-0.0014936732071713088,-0.00412619383975521,1.287353639137505,0.4371864423977182,0.5628135576022817,0.003818197448224316,0.005007792476283704
2018-11-05,-0.007003446572676486,-0.0008936351971079448,1.2821095833882195,0.43819105238378275,0.5618089476162171,-0.00585770832241137,-0.007700386123064041
2018-11-06,-0.009997254692686197,-0.004878841894434327,1.2815387912709288,0.4383006783956327,0.5616993216043672,-0.003744829548490861,-0.004924083994738666
2018-11-07,0.004841589012152259,0.0019610248798798136,1.2941840370389612,0.4358848217297649,0.564115178270235,0.0023036619163755577,0.0030123937912350258
2018-11-08,-0.009774242810944522,-0.0026911816092136664,1.2945668579005356,0.4358120995938083,0.5641879004061917,-0.00629032829106508,-0.008224203538990213
2018-11-09,-0.019671903147098768,-0.013492517516226044,1.1971988471661008,0.45512494296534795,0.544875057034652,-0.0035186767313045257,-0.004804312639945407
2018-11-12,-0.009146969647892411,-0.004227433258230051,1.219931798116022,0.4504642894203618,0.5495357105796381,-0.0039897893917643515,-0.005391772929894079
2018-11-13,-0.0015743747560620358,-0.0017481874393484587,1.2238545697659027,0.44966969225207315,0.5503303077479268,0.0005651524303919271,0.0007623957583495467
2018-11-14,0.007382500239922374,0.0072548979289781546,1.2418695338955283,0.44605628689836163,0.5539437131016385,-0.0016271364695973605,-0.0021773833557165237
2018-11-15,0.012949139542193011,0.004056647334235608,1.2382562863790862,0.4467763616193115,0.5532236383806884,0.007925970478952807,0.01062340875866582
2018-11-16,0.008498934627191757,0.006596305803030056,1.2527072944408177,0.44391031292337824,0.5560896870766219,0.00023569423137370996,0.0003138813000100188
2018-11-19,0.001601877963959053,0.0018839504143370878,1.2453459034928287,0.4453656777089063,0.5546343222910939,-0.0007442919669192567,-0.000994446288780869
2018-11-20,-0.009317838020723501,-0.0033521181160790503,1.2574379874470398,0.4429800532996746,0.5570199467003253,-0.005102757363156298,-0.00678125918611885
2018-11-21,0.01635430658230086,0.005578382959905648,1.2611569182800129,0.44225148282086807,0.557748517179132,0.009319090319600515,0.012364144537154776
2018-11-23,-0.017886728778440664,-0.003915849760908308,1.278335236738949,0.4389169705470256,0.5610830294529744,-0.012880960047295786,-0.016961015885089012
2018-11-26,-0.0026721121978642293,-0.0006552406454750637,1.2944726391883339,0.4358299954946285,0.5641700045053714,-0.0018239211102126563,-0.002384758587739619
2018-11-27,-0.008531293771571247,-0.0073758403213805,1.281740561923475,0.4382619201707201,0.5617380798292799,0.0009226199466128189,0.001213047568171026
2018-11-28,0.017138399286650063,0.00842146107446462,1.2807740991860683,0.43844763072189674,0.5615523692781033,0.0063524100651721,0.008355597427345911
2018-11-29,-0.002097510011979775,0.0022105380038535127,1.2597075560244664,0.4425351401485391,0.557464859851461,-0.004882141438313286,-0.0064815574368868815
2018-11-30,-0.012541154892734219,-0.003186034222568912,1.255929822432527,0.44327620037476106,0.556723799625239,-0.008539719497319291,-0.011356363233113878
2018-12-03,0.020363254239398332,0.011227728069510334,1.2701447402539454,0.44050054706561875,0.5594994529343812,0.0061024144869081965,0.008064350759712655
2018-12-04,0.009735091270169471,0.005835117132195533,1.298617103030022,0.4350441831663945,0.5649558168336055,0.002157508364116858,0.002815834391825648
2018-12-06,-0.009021387366603184,-0.002417210586587615,1.3034845886429922,0.4341248927517726,0.5658751072482274,-0.005870590619481541,-0.0076457085692159575
2018-12-07,0.012647616553214336,0.007026955345888153,1.3108746388191248,0.432736585187939,0.567263414812061,0.003436159002175086,0.004460855138292127
2018-12-10,-0.006450718197542393,-0.0024864433227795857,1.318543941177093,0.431305174872948,0.5686948251270522,-0.0031722334192111315,-0.004104602068832001
2018-12-11,0.0014504702929258873,-0.0014472355298531525,1.3212458403804648,0.4308031414010394,0.5691968585989605,0.003362624216795183,0.004345887227839724
2018-12-12,0.015587336514966577,0.0020130444889712162,1.320562809997718,0.43092994324121886,0.5690700567587811,0.012928984827960326,0.016714460094238572
2018-12-13,0.0002716271632863254,-0.0013661790492072168,1.3257284687289517,0.42997280785169056,0.5700271921483095,0.002082809622201384,0.002686654504435344
2018-12-14,-0.014664984425499461,-0.004586747723374307,1.3248854108027994,0.43012872606684427,0.5698712739331557,-0.008588069283767888,-0.011081925901202631
2018-12-17,0.00868189956579668,0.00840745708493329,1.3371967070731905,0.42786300227689156,0.5721369977231083,-0.0025605243630352804,-0.0032866609241141986
2018-12-18,-0.003688769795957114,0.0014429426988811223,1.3334009098835211,0.4285590169114651,0.5714409830885349,-0.005612790903554986,-0.007216236455271416
2018-12-19,0.008021914696856758,0.0023215053853804513,1.3775361335572849,0.4206034919451649,0.5793965080548351,0.0048239571442473565,0.006086919659592791
2018-12-20,0.0034689563499714637,0.00918457010161533,1.3829938425667097,0.4196401946733129,0.5803598053266871,-0.009233247547184837,-0.0116239253945026
2018-12-21,-0.011523085020325619,-0.007755561053464088,1.3602243694555936,0.4236885327265131,0.5763114672734868,-0.0009737818766030696,-0.001237740643480879
2018-12-24,0.00809161551367743,0.010926743211311596,1.3629068312345791,0.4232075453764365,0.5767924546235634,-0.006800517452165205,-0.008634090894661366
2018-12-26,0.020610808248215484,0.0013411843565089843,1.3681771776741338,0.42226570267944796,0.577734297320552,0.018775830420586323,0.023785167677817118
2018-12-27,0.012463361654994953,0.006382050084993374,1.3258033172280952,0.42995897055981736,0.5700410294401828,0.004002018481594892,0.005162111239523707
2018-12-28,0.008886855968497143,0.0020355245334273686,1.321311413697323,0.4307909719046384,0.5692090280953616,0.006197294169618643,0.008009215135526892
2018-12-31,0.006981560471513104,-0.0012500785650582102,1.3368964278034525,0.42791798049002205,0.572082019509978,0.008652786039613091,0.011108048183050471
2019-01-02,0.0070628010588855705,0.0021121419609975156,1.3352626276843034,0.42821736114178366,0.5717826388582163,0.00424253683400175,0.005450183782809141
2019-01-03,0.010552085516766008,0.008430951466139813,1.3341197861602518,0.4284270267230166,0.5715729732769834,-0.0006958136503679019,-0.0008943161201412277
2019-01-04,-0.0007004095893268225,-0.0070445094536923936,1.3332682172316273,0.42858338900552057,0.5714166109944794,0.00869181097126898,0.011175497407985473
2019-01-07,-0.001656580018714937,0.0031964588854191955,1.293350018435033,0.43604333920314237,0.5639566607968576,-0.005790720177098679,-0.00757501488723936
2019-01-08,-0.0027442254437684,-0.002797713335128127,1.2889073809911753,0.4368896742195683,0.5631103257804316,0.0008617679237756803,0.0011294925224136932
2019-01-09,0.0017278556811151091,0.004753816932956623,1.2885762799468,0.4369528814758344,0.5630471185241657,-0.0043978000579022415,-0.005764894222364928
2019-01-10,-0.005877468111343487,-0.003567903111794002,1.5162684014537176,0.3974138845531234,0.6025861154468767,-0.00046756936348185067,-0.0005574556711180597
2019-01-11,0.0010281983252815596,0.0018681594965994641,1.5399597020580316,0.39370703369417176,0.6062929663058282,-0.0018486920164986335,-0.0021835291500893216
2019-01-14,0.002054345661978596,0.0015538808468158471,1.550896217364481,0.39201908458399526,0.6079809154160047,-0.00035556226558321755,-0.00041816158159963326
2019-01-15,-0.0040361764485031815,-0.0022496505073195117,1.550703872103833,0.3920486462331651,0.607951353766835,-0.0005476346959224624,-0.0006440983235001365
2019-01-16,0.0011578929158546636,0.004198433073444363,1.5552907335995931,0.3913449013260881,0.608655098673912,-0.005371891138911415,-0.006306786623075324
2019-01-17,-0.006232338811486771,-0.00046452121189100026,1.5519458661227168,0.39185784200012985,0.6081421579998703,-0.0055114270369662184,-0.006479087715140256
2019-01-18,-0.008857573146425435,-0.007513517561483329,1.5600462699345181,0.3906179398958982,0.6093820601041018,0.0028638618994541298,0.003356027505933378
2019-01-22,-0.004631448110598901,0.0009365106736494155,1.5504277633777215,0.39209108932990344,0.6079089106700966,-0.006083440259724528,-0.007155788154926342
2019-01-23,0.00380107249768602,0.0004678172210039744,1.5543354724341851,0.3914912550805387,0.6085087449194613,0.00307392759646396,0.0036102473182991384
2019-01-24,-0.005157698701808822,-0.0031174499852775206,1.5524858949533096,0.39177493673017616,0.6082250632698238,-0.000317901571443068,-0.00037363760411559394
2019-01-25,0.026315791120665066,0.014306973010254298,1.5533344250899612,0.39164474115636744,0.6083552588436326,0.004092277425004114,0.004808156798567349
2019-01-28,0.004475970017098874,0.0038538614967715823,1.5798887490511766,0.38761361332645716,0.6123863866735428,-0.0016127024020520762,-0.0018753162158389857
2019-01-29,0.004901688189955289,0.004453260633515255,1.5522543195602099,0.3918104839067583,0.6081895160932417,-0.002010904864546202,-0.002363680824204905
2019-01-30,0.005954634560477734,0.0012995515254869971,1.5547570073188481,0.39142665902675194,0.608573340973248,0.003934147719854926,0.0046197908943015845
2019-01-31,0.008942017863136531,0.007481431082647871,1.5606197513190772,0.39053045634161815,0.6094695436583818,-0.002733651252576205,-0.003202722213442262
2019-02-01,-0.008862766843703351,-0.0021216389038479777,1.4993829860583006,0.40009874660188394,0.5999012533981161,-0.005681617568714311,-0.0068196242037415165
2019-02-04,-0.0027078224774909065,-0.001974315086746503,1.5251869351085428,0.39601028585118037,0.6039897141488196,0.0003033770986025494,0.00036042135461489223
2019-02-05,-0.0029677294722760816,-7.616042952995894e-05,1.5176746855055183,0.3971919032101688,0.6028080967898312,-0.002852142716341236,-0.0033985439811917884
2019-02-06,-0.008486372694594957,-0.003576283173412076,1.5112626564261877,0.39820605679818205,0.601793943201818,-0.0030816694858119466,-0.00368141836290137
2019-02-07,0.0012135956335654896,-7.634638101372548e-05,1.5178998248245503,0.39715638809009446,0.6028436119099055,0.0013294817919322118,0.001584036559546031
2019-02-08,0.006251966287811106,0.003283890848968518,1.5044451300861723,0.3992900415293156,0.6007099584706843,0.0013115326923458731,0.0015710458295815147
2019-02-11,-0.007354350929782538,-0.0051000619783067025,1.5155021062264078,0.39753494840047454,0.6024650515995255,0.0003748037402264894,0.0004469927565937254
2019-02-12,0.00019162416033480234,0.0016832067114576077,1.503137575391737,0.39949861718787133,0.6005013828121286,-0.002338467094808685,-0.0028026431121462255
2019-02-13,-0.0022988666743805064,0.001222195016748806,1.5055892474006194,0.39910771529588607,0.6008922847041138,-0.004138990349824128,-0.004955708946450085
2019-02-14,-0.007936482261345912,-0.0007628928614200614,1.5195875259797924,0.3968903599056872,0.6031096400943127,-0.006777199785472956,-0.008069415786027323
2019-02-15,0.014387069209929493,0.0063367891650625285,1.5152576779612141,0.39757358013933874,0.6024264198606611,0.004785200773947064,0.005707408210151008
2019-02-19,0.014246643973709894,0.016690691455494733,1.5377981412187334,0.3940423723061628,0.6059576276938373,-0.0114202703222053,-0.013500211230418332
2019-02-20,0.01316862382107109,0.002387936199154339,1.4370689230501525,0.41032897779043276,0.5896710222095671,0.00973699491903989,0.011986113515640827
2019-02-21,-0.022652672596049528,-0.014739855660243828,1.4293515038917188,0.4116324864467089,0.588367513553291,-0.001584237740933147,-0.0019563711612690833
2019-02-22,0.007409259923140787,0.004306725479316098,1.4216728124239166,0.4129376994570433,0.5870623005429567,0.0012865053986237298,0.0015937397389402487
2019-02-25,-0.005217512141392655,-0.0024826413474535736,1.3896655392647155,0.4184686030613696,0.5815313969386304,-0.001767471014482705,-0.0022188933791461186
2019-02-26,0.00012637314790575616,-0.0006034005682129528,1.3913314553507485,0.418177077779176,0.5818229222208241,0.0009659033386369524,0.001211755906705052
2019-02-27,-0.009793374376619868,-0.005584502717080109,1.3990737641349207,0.4168275335879841,0.5831724664120159,-0.001980243139412908,-0.0024762595911180275
2019-02-28,-0.008550269596160454,-0.003718526618591955,1.3845076583980132,0.41937378413447046,0.5806262158655295,-0.0034019410147630236,-0.004280054630290289
2019-03-01,-0.023748257970066966,-0.012492400825778516,1.395955543760061,0.41737001448309985,0.5826299855169003,-0.006309421782448681,-0.007900090382161776
2019-03-04,-0.010020401928875322,-0.008947836599417225,1.4209250493784362,0.41306524555840607,0.586934754441594,0.002693803232981778,0.003338149481752938
2019-03-05,0.00019979086100962995,-0.0021793654434236753,1.3822370129480985,0.41977351311592054,0.5802264868840795,0.003212190441649879,0.004045177399466251
2019-03-06,-0.0011318374065342196,0.0022621095273498426,1.3724385467024824,0.4215072299301188,0.5784927700698813,-0.004236443718732077,-0.005357074969912827
2019-03-07,-0.002866108145635815,-0.0008560787337824616,1.36030674071016,0.4236737466161385,0.5763262533838615,-0.0017015784734929142,-0.0021627423810783378
2019-03-08,0.02085563327958706,0.01028193696045121,1.3504231651014187,0.42545530304831336,0.5745446969516865,0.006970667426081276,0.008897122266637247
2019-03-11,-0.004910997996547151,-0.006322244542694699,1.3802668704009668,0.4201209588870786,0.5798790411129213,0.0038153866923076544,0.0048087717470918735
2019-03-12,0.009278196476745215,0.005819366632410894,1.3706106718341995,0.42183223583747537,0.5781677641625246,0.001302110467046997,0.0016478165088654427
2019-03-13,0.0028034467821078657,0.008639937321609947,1.3657264235915156,0.42270314522752594,0.577296854772474,-0.008996343916189347,-0.011408348606765263
2019-03-14,-0.018204261159078028,-0.010783920142208414,1.3359740834169618,0.42808694116042734,0.5719130588395728,-0.0037972233314494293,-0.004876625162589583
2019-03-15,0.01006558697672788,0.006494529345526967,1.3340688124869098,0.4284363831306744,0.5715636168693256,0.0014014379250793327,0.0018012809874094378
2019-03-18,-0.00013111224070627703,-0.0011522506865400128,1.3463539399533562,0.4261931599372767,0.5738068400627233,0.001420225010930829,0.0018158705556916897
2019-03-19,0.003278423430259636,0.0036145128011881855,1.3468067343592414,0.4261109299539462,0.5738890700460537,-0.0015896267518082981,-0.0020320720004781143
2019-03-20,-0.003659875640267929,-0.0034482758620689724,1.3412015173568217,0.4271311087859637,0.5728688912140363,0.0009649571782038794,0.0012364896883715936
2019-03-21,0.00833059075072895,0.004306017367118331,1.3738621569830258,0.42125445113077414,0.578745548869226,0.00241471644273339,0.0030516301491603304
2019-03-22,-0.0017564060647533575,0.004211009955445988,1.3750445090411387,0.4210447409272862,0.5789552590727137,-0.007546732181506933,-0.009532535688630602
2019-03-25,0.010557165176575234,0.007853041338708122,1.39713411937526,0.4171648102278981,0.5828351897721018,-0.00041458681859825146,-0.0005188530945105831
2019-03-26,-0.00877021215148488,-0.005749281674539808,1.3899660169651327,0.41841599123230927,0.5815840087676908,-0.000778906001914154,-0.0009777201806031172
2019-03-27,-0.008587597878650155,-0.003347808149277376,1.3798220037089934,0.4201994932568414,0.5798005067431586,-0.0039682185300809495,-0.0050023302464172695
2019-03-28,-0.020867562620273117,-0.015344663876106557,1.3810727520653212,0.4199787676090993,0.5800212323909008,0.00032453454861868306,0.0004088928593263541
2019-03-29,0.009315789628425497,0.0024809668558956055,1.3805165960097807,0.4200768865363925,0.5799231134636075,0.005890773709711408,0.007423733637798008
2019-04-01,-0.0005976612182904129,-0.0035575990610499097,1.3830399729504597,0.41963207136718417,0.5803679286328157,0.004322640490872635,0.005441755748881636
2019-04-02,-0.0021925448911574996,0.0012418313843676199,1.3765836115341603,0.4207720675791702,0.5792279324208298,-0.0039020296231667435,-0.004925595216885122
2019-04-03,0.0027300817132152044,-7.750045421506258e-05,1.4061733160214225,0.4155976601276119,0.5844023398723882,0.0028390607839119653,0.003539721056261629
2019-04-04,-0.0011952751862416289,-0.0006977474199765243,1.4135268070141611,0.41433142449208044,0.5856685755079195,-0.00020899050357984345,-0.00025977399916066136
2019-04-05,0.00013296024152742447,0.0010861322064099621,1.4158747723777525,0.41392873978140016,0.5860712602185999,-0.0014048669489954268,-0.0017445444172746525
2019-04-08,0.008641900719861484,0.005192150530931139,1.4248720128807215,0.41239289937286666,0.5876071006271334,0.0012437507416739255,0.001538741923368189
2019-04-09,-0.0003295402577139228,0.004934102640138827,1.4290406615006348,0.41168516272684,0.5883148372731599,-0.007380573558489941,-0.00911541787933303
2019-04-10,0.0021756323766641827,0.004296107085490997,1.4153456341312332,0.4140194206034145,0.5859805793965854,-0.0039048440305457554,-0.004850043789219766
2019-04-11,-0.024800990049565264,-0.015659613766950464,1.4092292296064801,0.41507050790818206,0.5849294920918179,-0.0027330046048306307,-0.0034031688283273492
2019-04-12,0.006475965690113439,0.0015520720455473036,1.4216131742617573,0.4129478690604067,0.5870521309395933,0.0042695196227599975,0.005289267090390999
2019-04-15,0.00187666741196435,-0.0029443102663064824,1.4316854669913495,0.4112373962728287,0.5887626037271714,0.006091993630548771,0.0075157667962125994
2019-04-16,-0.0038132298897405326,-0.011035182393037135,1.422798310387156,0.41274587146306985,0.58725412853693,0.011887608973886795,0.014719684576617343
2019-04-17,0.0020146218109053926,-0.00031433633642674597,1.3758286738353314,0.4209057711159311,0.5790942288840689,0.002447094755789659,0.0030899889155381927
2019-04-18,0.0010723643313395037,-0.00023575441701295663,1.377952195444352,0.42052990043945637,0.5794700995605437,0.0013972226478482107,0.0017627217029740848
2019-04-22,0.0013389237277638966,0.001257941312387878,1.3770992020163877,0.4206808025309774,0.5793191974690225,-0.0003933862497088978,-0.0004964701296965716
2019-04-23,-0.012301933407810495,-0.0032979593026108978,1.376180659515373,0.4208434219828858,0.5791565780171143,-0.00776334559968857,-0.009801458784626148
2019-04-24,0.008461382386868666,0.004884543396653118,1.3425609369671336,0.4268832388602363,0.5731167611397636,0.00190358522760143,0.002437825882214995
2019-04-25,-0.002483534906765783,0.00023524016317133523,1.348303997323803,0.4258392444673389,0.5741607555326612,-0.002800710159100798,-0.0035779568943704533
2019-04-26,0.009487907504693638,0.007132760023246698,1.3491350565658042,0.42568859427856737,0.5743114057214327,-0.00013514909273960353,-0.00017259428191903486
2019-04-29,-0.010531928669330615,-0.004903143208358163,1.3468928443398853,0.42609529549325104,0.5739047045067488,-0.003927920167219298,-0.0050210049129756195
2019-04-30,0.0037725516287696603,0.003284900142644487,1.355651294858044,0.42451104804128575,0.5754889519587143,-0.0006806275030857116,-0.0008668016839819158
2019-05-01,-0.017114038073495874,-0.0010913816345279326,1.351415189339922,0.42527581030073863,0.5747241896992614,-0.015639128355228196,-0.019952828951000787
2019-05-02,-0.0071697161234967055,-0.009130695348267603,1.356214100977763,0.4244096491846933,0.5755903508153066,0.005213461659555885,0.006637930301909888
2019-05-03,0.025240689623282186,0.007482082669399093,1.3353689885551765,0.4281978586256172,0.5718021413743829,0.015249348456760506,0.019589215063862124
2019-05-06,-0.0033540778454674847,0.0019543465411406835,1.3822001930004413,0.41978000125189924,0.5802199987481006,-0.006055376011821882,-0.00762577724946993
2019-05-07,0.00020187828325024526,0.001404422951314821,1.376602413924268,0.4207687386586428,0.5792312613413572,-0.001731453741700382,-0.002185624820823172
2019-05-08,-0.004576032392582197,-0.0031943713174424904,1.3724568370281014,0.4215039803432913,0.5784960196567086,-0.00019189563795178697,-0.00024265432562158018
2019-05-09,-0.005746352028066615,0.0032046080254024556,1.3723299652804828,0.4215265222946206,0.5784734777053794,-0.010144131648304723,-0.012828061606226064
2019-05-10,0.0012919054662132723,0.001714025065738145,1.3596696126301684,0.4237881416311354,0.5762118583688648,-0.0010386023309573102,-0.0013204420551904922
2019-05-13,-0.0008827607466455056,0.011200143860110812,1.361406519779756,0.42347642882482944,0.5765235711751706,-0.01613070962027157,-0.020492925913208775
2019-05-14,0.002650686923565182,-0.004153545508397416,1.2909046062427862,0.43650879101424345,0.5634912089857567,0.008012517952594441,0.010492603573400764
2019-05-15,0.0,0.0012358829972933805,1.259623786491865,0.44255154596001606,0.557448454039984,-0.001556747620711603,-0.00206682319864649
2019-05-16,-0.018505949442201963,-0.00871715529004291,1.3058254064269181,0.4336841797357021,0.5663158202642978,-0.007122866592695121,-0.009267223666859455
2019-05-17,-0.009047621933178651,-0.008171206225680905,1.3143417818147356,0.43208829735419374,0.5679117026458064,0.0016921358170584495,0.0021934562522544984
2019-05-20,0.0042515211730593805,0.0012553751164672278,1.2894944591180633,0.4367776458324386,0.5632223541675615,0.0026327219162601972,0.0034497422421467866
2019-05-21,-0.0024984558802699786,-0.003212895278095207,1.2864536569317753,0.43735852549135595,0.562641474508644,0.0016347849995744339,0.0021449614707277835
2019-05-22,0.002852529890984723,0.001257842441774848,1.282550124023174,0.43810647988637436,0.5618935201136256,0.0012392839112847797,0.0016288149358583783
2019-05-23,0.011308457875369271,0.008794027525820924,1.2842337150962635,0.4377835741549141,0.5622164258450859,1.4871235225463741e-05,1.9531147527304324e-05
2019-05-24,-0.003910215260725991,-0.0014010342152204203,1.2826226408950743,0.43809256163685234,0.5619074383631476,-0.0021132170556156177,-0.002777354019567999
2019-05-28,-0.01646007664598792,-0.005066250974279041,1.2785275126522104,0.43887993208210074,0.5611200679178993,-0.0099827353893711,-0.013143666689042313
2019-05-29,0.006372074952483153,0.0032118884339502607,1.2580023590405163,0.4428693335931349,0.557130666406865,0.002331511725598776,0.00309766513254153
2019-05-30,0.006123037791170294,0.005075745840949164,1.2712787535871657,0.44028061215323766,0.5597193878467623,-0.0003296500550367997,-0.00043541558408385396
2019-05-31,0.004840919407991251,0.014528842822543409,1.2760812946267337,0.4393516182224041,0.5606483817775959,-0.01369906515042827,-0.018056119325924408
2019-06-03,0.011906423872864336,0.012942182349370057,1.1958723559544466,0.4553998766314197,0.5446001233685802,-0.00357077422446889,-0.0048783904239053585
2019-06-04,0.0019724057778796045,0.0005292759265373981,1.181024335989716,0.45850015678353956,0.5414998432164605,0.0013473180281854324,0.00185323658148093
2019-06-05,0.001493304276865448,0.0037026026323612182,1.139633093986073,0.4673698508453286,0.5326301491546713,-0.0027263042168533458,-0.003822577185569215
2019-06-06,0.007726740048439984,0.007001375002596122,1.1470515697745565,0.4657549981927082,0.5342450018072917,-0.00030419813886823667,-0.0004250454108564051
2019-06-07,0.008474603450315144,0.0026913693567918173,1.1406657898092782,0.46714438319168666,0.5328556168083134,0.005404650497281716,0.007574256368757931
2019-06-10,-0.02594376959829603,-0.012302416194977517,1.1694631226463925,0.46094353462904797,0.539056465370952,-0.011556547538822072,-0.015980747611959816
2019-06-11,0.0069154939399724835,0.0012833647654955094,1.206520551967829,0.45320221427721374,0.5467977857227863,0.005367087974730778,0.007297128463105785
2019-06-12,0.001087977264342621,0.0041465620467171505,1.2001968888522145,0.45450477867081884,0.5454952213291812,-0.003888713603559974,-0.005302316747100686
2019-06-13,0.010120918802555057,0.005480836867634897,1.1968413837790157,0.4551989995198451,0.5448010004801549,0.00356122642162786,0.00486320011256592
2019-06-14,-0.005984849718861374,0.0006720612655899405,1.2072389912878876,0.45305470044116813,0.5469452995588319,-0.006796188283215834,-0.00923713514038238
2019-06-17,0.002164831726349181,-0.0010447163939767412,1.2094820221173483,0.4525947665515283,0.5474052334484717,0.0034283974230753145,0.0046550241940278994
2019-06-18,0.011205576554830676,0.005901265931284261,1.1990235246980092,0.4547472952283808,0.5452527047716194,0.004129819877721942,0.005634073257523365
2019-06-19,-0.0023364384834209107,-0.0014852220676223604,1.2215091392097568,0.45014444566081036,0.5498555543391896,-0.0005222261540641861,-0.0007052316078923998
2019-06-20,0.035061905556823314,0.0359215005987763,1.2146269332662598,0.45154332089926413,0.5484566791007358,-0.008569316553790458,-0.011608252963606742
2019-06-21,-0.012670508819067727,0.0023691052480243613,1.1338078524502602,0.4686457587320695,0.5313542412679305,-0.01535661895255887,-0.021590443021743688
2019-06-24,0.006220144601580824,0.012963829171500851,1.1232616035863878,0.4709735240871432,0.5290264759128568,-0.008341626942219215,-0.011786056312791737
2019-06-25,-0.005010389390534553,0.00042422086206861387,1.0845016869253123,0.479730962211416,0.5202690377885839,-0.005470457631076875,-0.007873043709279878
2019-06-26,-0.0005232080078952928,-0.002332354775024914,1.083681116676908,0.47991988409187003,0.52008011590813,0.0020043208191904247,0.002885740245686372
2019-06-27,-0.005103714499999246,-0.002266896590549128,1.0869695006719244,0.47916368671321663,0.5208363132867835,-0.0026396670448951723,-0.0037944977787820575
2019-06-28,0.0031568783909379228,0.0009229812093713985,1.0882757816788167,0.4788639550261294,0.5211360449738707,0.0021524202938344042,0.0030921494843521398
2019-07-01,-0.00963746871469362,-0.0170958192670031,1.089699587890877,0.47853768349990194,0.5214623165000981,0.008991838495216571,0.012908800691718545
2019-07-02,0.003177567579972118,0.013712471373251489,1.0366094757699456,0.4910121512726181,0.5089878487273819,-0.011036910181764493,-0.01625777103525254
2019-07-03,0.0064669111078512476,0.009326481427904598,1.003865296796988,0.49903553976328485,0.5009644602367151,-0.0028956199388438,-0.004335051777390736
2019-07-05,-0.021898743572218216,-0.014812725346178723,0.9958712019137858,0.5010343348013276,0.4989656651986723,-0.007147176978100411,-0.010742943188789704
2019-07-08,0.003619781473185757,0.0002148269768844635,1.0226323842652159,0.49440521558903106,0.505594784410969,0.0034000924496099096,0.005043070321716072
2019-07-09,0.006411950102170216,0.0003579098067287845,1.0221638035970155,0.49451978035666777,0.5054802196433322,0.006046107652779649,0.008969759485396082
2019-07-10,0.0052429303067738076,0.00901608270907861,0.9857945005341957,0.5035767798384936,0.4964232201615064,-0.0036450744441973385,-0.0055067245526414475
2019-07-11,-0.005281568763052302,-0.004113131592249353,0.9805254258286,0.5049165170811307,0.4950834829188693,-0.0012485386570729382,-0.0018912233705112606
2019-07-12,0.006238790750872081,0.00398773438098976,0.9876155974019082,0.5031153917825659,0.49688460821743397,0.0023004420779107505,0.003472163451903501
2019-07-15,0.008508654306495833,0.0010639052230836388,1.019425335407805,0.49519038038515006,0.50480961961485,0.007424082367611679,0.01102900251488494
2019-07-16,0.020274716833886153,-0.001558787873126799,1.0198758215433896,0.4950799397340668,0.5049200602659332,0.02186448689660322,0.032474006565259846
2019-07-17,0.018782003872651165,0.008586501614755049,1.0001763647057709,0.4999559127112781,0.5000440872887219,0.01019398790206523,0.015289633577234245
2019-07-18,0.01428309288354801,0.00337713824872532,1.0208162375584604,0.4948495471355648,0.5051504528644353,0.01083565532276946,0.01608605738816862
2019-07-19,-0.00018612030044762307,-0.0007012131106650665,1.0135821293042162,0.49662737141272967,0.5033726285872704,0.0005246167773563081,0.0007816171534124415
2019-07-22,0.013836294889318923,0.00014039242552454922,1.0095612186345622,0.4976210680854354,0.5023789319145646,0.013694560141119297,0.020444104933152046
2019-07-23,0.003978000823171568,-0.003648405994557402,1.0017763851658936,0.4995562978015284,0.5004437021984718,0.00763288779201686,0.011439171500743275
2019-07-24,0.009082606620551603,0.0019013261661902092,0.9863468880498745,0.5034367390792274,0.4965632609207726,0.0072072394733620915,0.0108851674146975
2019-07-25,-0.01298780605834915,-0.006255288240531676,0.9761290304178792,0.5060398307030268,0.4939601692969733,-0.006881837613134603,-0.010447451822029073
2019-07-26,-0.0008568418118258814,0.003253395223501654,0.9910353256870912,0.5022512594822534,0.49774874051774665,-0.00408107140673767,-0.006149169762213018
2019-07-29,0.0026339519490707897,0.0007754498314680447,0.9770103038665233,0.5058142580462314,0.4941857419537686,0.001876329473594951,0.0028472226016101176
2019-07-30,0.007759091427115727,0.007114663116113862,0.9813757176224549,0.5046998361320116,0.49530016386798836,0.0007769338058974751,0.0011763550935656262
2019-07-31,-0.009033050031272638,-0.0025179937811333764,0.9541565649874364,0.5117297241771562,0.4882702758228437,-0.006630489734406689,-0.010179056048842202
2019-08-01,-0.013764858205566055,-0.0036462739365369368,0.9623814534824559,0.5095849220473385,0.4904150779526616,-0.010255751794726441,-0.01567852943655758
2019-08-02,0.006265109505425137,0.017383313918979404,0.9775415244257927,0.5056783828043077,0.49432161719569245,-0.010727801682506088,-0.01627445221756503
2019-08-05,0.0075822457378011965,0.013143331710626871,0.9336878654715506,0.5171465456531369,0.48285345434686316,-0.00468952359227855,-0.007275512779517223
2019-08-06,0.003670931527173016,0.0053257196218403635,0.9236389932147827,0.5198480606430219,0.48015193935697803,-0.0012481107824878308,-0.0019464839092318293
2019-08-07,0.0457786905973705,0.023702814340790912,0.9228614521815073,0.520058269858959,0.4799417301410411,0.02390427693403954,0.03729485071363808
2019-08-08,-0.014863666709840295,-0.006369068762197561,1.0642985754482217,0.4844260476141974,0.5155739523858027,-0.008085075899301662,-0.011749864087678518
2019-08-09,-0.0002366552454460269,-0.0007344432274815071,1.0915867973762294,0.47810590564754,0.5218940943524599,0.000565053285095173,0.0008104659378286359
2019-08-12,0.008403870731493068,0.005813225567360636,1.090641609546559,0.47832205933033684,0.5216779406696632,0.002063725042049656,0.0029613756360143337
2019-08-13,-0.004871188758788336,-0.0020594549629248116,1.068994314227466,0.4833266061310498,0.5166733938689502,-0.002669643113014176,-0.0038709286361828165
2019-08-14,0.0175159764076398,0.009120006448875229,1.071407261631612,0.48276358711435485,0.517236412885645,0.007744735272187749,0.011216628543757283
2019-08-15,-0.003767491629301123,0.0024407619976820616,1.084346313677034,0.4797667227553379,0.5202332772446622,-0.00641412290405066,-0.009231848175079006
2019-08-16,-0.0053525166060734986,-0.004672266188474938,1.0868135929506766,0.4791994854634033,0.5208005145365968,-0.00027463420255508745,-0.0003948137056651521
2019-08-19,-0.010645829828271669,-0.007999983858471116,1.0875977495367661,0.47901948554116713,0.5209805144588329,-0.0019450653874680292,-0.002795172663746598
2019-08-20,0.01229751617282604,0.0027992209434382076,1.0889685037219898,0.4787051591339287,0.5212948408660714,0.009249252730462877,0.013282995000618471
2019-08-21,0.00017522832875060956,0.0,1.0872008157124695,0.4791105831657355,0.5208894168342646,0.00017522832875060956,0.0002518612403245853
2019-08-22,-0.006481755388914268,-0.0048517392504739965,1.0667150162639694,0.4838596478617137,0.5161403521382865,-0.0013063322754363598,-0.0018962444243490854
2019-08-23,0.022393353718444198,0.019568507181138672,1.0688808370147445,0.48335311638486267,0.5166468836151372,0.0014769513835396555,0.002141667161948479
2019-08-26,0.013164707417442356,-0.00019646715748000698,1.0738046486105601,0.4822054963904125,0.5177945036095876,0.013375674764443691,0.01934947166803585
2019-08-27,0.029221480571754332,0.009631101815898768,1.0944657130472493,0.47744873251951914,0.5225512674804809,0.01868056985538603,0.026757043200589192
2019-08-28,0.009096472577460046,-0.002076541967472423,1.130510247625342,0.4693711288714035,0.5306288711285966,0.01144402455131171,0.0161144841674437
2019-08-29,-0.007484759134724017,-0.007348191227290024,1.119404745740545,0.47183059394848537,0.5281694060515145,0.0007408409977134756,0.001048654343917611
2019-08-30,0.0009907881999928758,-0.004847706789428474,1.120715746341702,0.4715389140317508,0.5284610859682493,0.006423689532552944,0.009087058758771421
2019-09-03,0.04916145357905566,0.017642057309485315,1.1131979767806657,0.4732164288380788,0.5267835711619212,0.02952235107588805,0.041911384641107274
2019-09-04,0.016353072326790397,0.002846254184988517,1.2050026222016523,0.4535141999067191,0.5464858000932808,0.012923328570426808,0.017582739050246272
2019-09-05,-0.03790421236714536,-0.022511786954043878,1.1644090011377073,0.4620198860170867,0.5379801139829133,-0.01169128500616226,-0.016204818497821086
2019-09-06,-0.03687820112978912,-0.006071052589394554,1.2300889214360002,0.4484126127832066,0.5515873872167935,-0.029410266598119537,-0.03956380346374035
2019-09-09,0.0028383062430317185,-0.002655689901521985,1.2805853761655002,0.438483913143987,0.5615160868560131,0.00623914389455117,0.008207292688653636
2019-09-10,0.0012210038059117245,-0.007921650066934682,1.2741235250111727,0.43972985152382477,0.5602701484761752,0.011314164513099533,0.014925527644384156
2019-09-11,-0.0005543056747876474,0.0027511074626627163,1.2531358735022722,0.4438258747554363,0.5561741252445637,-0.004001817128110111,-0.0053283299624842725
2019-09-12,0.0005546130999762866,0.0028773599354687818,1.2535611620661296,0.4437421166253909,0.556257883374609,-0.003052333564412483,-0.004063346869557357
2019-09-13,-0.033534700402170325,-0.005204461874915967,1.2506031756094076,0.4443253305768684,0.5556746694231315,-0.027025983854062324,-0.03602498763036405
2019-09-16,0.02666885887042869,0.008182943840697732,1.2865114132461788,0.43734747799937373,0.5626525220006263,0.016141408225418537,0.021178212536235433
2019-09-17,0.006424316208394121,0.001330583482459513,1.408783413652546,0.4151473288682503,0.5848526711317498,0.004549812267825116,0.005666527229518778
2019-09-18,-0.0122669106469242,0.0015945946800830502,1.4131737876136865,0.4143920363849423,0.5856079636150575,-0.014520350050685799,-0.018051352279577666
2019-09-19,-0.0012362663128148155,-0.006036468050373167,1.4500670047569006,0.4081521028030911,0.591847897196909,0.00751701683230053,0.009204258680729079
2019-09-20,-0.0019692705789580156,0.005939685176889142,1.437863753065919,0.4101951959958282,0.5898048040041718,-0.010509728599429845,-0.012933120548118258
2019-09-23,0.04859620416349952,0.010880316998928219,1.425433108483886,0.4122974970953085,0.5877025029046916,0.0330870400824272,0.040925111436830655
2019-09-24,-0.004462375344258529,0.0055129124389627915,1.4963887131847868,0.40057864174695873,0.5994213582530413,-0.012711835294698465,-0.015276269149384087
2019-09-25,-0.02997247390129687,-0.01794922031082391,1.4825380991211488,0.4028135561561022,0.5971864438438979,-0.003362070940981274,-0.004062863255357284
2019-09-26,-0.008963328084461097,0.001927438828339234,1.5672160418138705,0.38952701436589976,0.6104729856341001,-0.011984041135849277,-0.014004323291056484
2019-09-27,-0.013988008594587042,-0.005572155498548947,1.6238809500931142,0.3811148520151087,0.6188851479848914,-0.004939491429536808,-0.005647540635593454
2019-09-30,-0.03726067268161026,-0.022280051336141082,1.653043827257803,0.37692554858153404,0.623074451418466,-0.00043077134941528483,-0.0004871061815746938
2019-10-01,0.017990231639343435,0.01112099977563119,1.6662542461686132,0.3750580056035513,0.6249419943964488,-0.0005401814584422328,-0.0006077981414020807
2019-10-02,0.022671747311893586,0.012820512820512775,1.6635562371556736,0.3754379149388143,0.6245620850611857,0.0013441032457952827,0.0015138819601916223
2019-10-03,-0.0003979064267201071,0.004063941096560608,1.6659581921961202,0.37509965569874,0.62490034430126,-0.007168262389137736,-0.008066438262371377
2019-10-04,-0.0025588951542820926,-0.0005971895883765121,1.679137569099181,0.3732544425989423,0.6267455574010578,-0.0015561316805642155,-0.0017424991891186548
2019-10-07,-0.004732051241342461,-0.005643341040734162,1.6811178503963484,0.37297875580223766,0.6270212441977624,0.004755070118110046,0.005320620409215252
2019-10-08,0.0091653686600901,-0.0003338452402357195,1.675824594370414,0.3737165739876484,0.6262834260123517,0.009724834724390619,0.010902995747386138
2019-10-09,0.0063007355044431,0.005944446102269962,1.6730870314440425,0.37409930475020287,0.6259006952497971,-0.0036448401783828605,-0.0040905965299759
2019-10-10,-0.011732861890017987,-0.007502773349037706,1.6815113727701843,0.372924019698239,0.627075980301761,0.000883136823705959,0.0009880288027198803
2019-10-11,-0.003310534421218758,-0.00809479345798525,1.6738370366362945,0.3739943707481915,0.6260056292518085,0.010238830672678135,0.011487795103876621
2019-10-14,0.00985001065524349,0.006070007618794726,1.650195534145539,0.37733064866944405,0.6226693513305559,-0.00016668880952096406,-0.0001886903898674474
2019-10-15,-0.01848702502191657,-0.009452286684638267,1.6497999237642926,0.37738698345926625,0.6226130165407339,-0.0028926431702021183,-0.0032749376406798793
2019-10-16,0.00248435787933432,0.007038457353749195,1.6580424539275809,0.37621671486938757,0.6237832851306124,-0.009185703223340622,-0.010367445271351059
2019-10-17,0.010662178994409244,0.0028898177608367437,1.6553300911065425,0.3766010121865018,0.6233989878134982,0.005878576697082053,0.006641633803011251
2019-10-18,-0.0019387825468021314,-0.0027475021926520737,1.656585172299052,0.3764230902239749,0.623576909776025,0.0026126888464044267,0.002950429228071799
2019-10-21,0.0013711724025344818,-0.0038972765408609167,1.650821775721703,0.37724150644859694,0.6227584935514031,0.007804881382197037,0.008832975630817853
2019-10-22,-0.005078101065975726,-0.00047225663158245723,1.6461565232539863,0.37790659441804186,0.6220934055819581,-0.00430069273124631,-0.00487578043111116
2019-10-23,0.004587940726382911,0.005534233321464299,1.6472743825924976,0.377747016544878,0.6222529834551219,-0.004528460051355019,-0.005131836821826072
2019-10-24,0.012673409805124214,0.006040673771744887,1.6480091141837034,0.3776422047203822,0.6223577952796179,0.002718324373478192,0.0030796620286363662
2019-10-25,0.006877486802908894,0.000400277254096304,1.647552112142825,0.377707390692544,0.622292609307456,0.006218009167479798,0.007045764053853336
2019-10-28,-0.0025194600604764306,-0.006335445148382801,1.639276729307018,0.37889168229152126,0.6211083177084787,0.007866087741068544,0.008941185651798519
2019-10-29,-0.0025258237725912513,-0.00201342281879191,1.7119174093390335,0.36874279303503077,0.6312572069649692,0.0009209898032590895,0.0010188250572316202
2019-10-30,0.0024759791703918843,0.004169435892316775,1.758154823894555,0.3625612280125687,0.6374387719874313,-0.004854534656603952,-0.005280198139583706
2019-10-31,0.011170328315555755,0.012188637715869088,1.7606960240228804,0.36222749310255536,0.6377725068974446,-0.010290157649030272,-0.01118213402651496
2019-11-01,-0.0005551365002619546,-0.002249586052098018,1.707928271106986,0.3692860001757748,0.6307139998242252,0.003286995116404204,0.003641523837402641
2019-11-04,0.0005554448479709873,0.0,1.6983936856057242,0.37059084644853224,0.6294091535514676,0.0005554448479709873,0.0006175283290951335
2019-11-05,-0.027645120071694507,-0.018037102899121304,1.6984245099243176,0.37058661315970887,0.6294133868402911,0.002989537580200083,0.003323647820280058
2019-11-06,0.0023977971626938377,0.006347853885599886,1.6931915934925827,0.37130666916391963,0.6286933308360804,-0.008350335673123115,-0.009301605975564002
2019-11-07,-0.03348907804497092,-0.01744732307872776,1.6778273751213773,0.3734370666647895,0.6265629333352105,-0.004215481760894497,-0.00472265143010208
2019-11-08,-0.011019350316791798,-0.0019805371127277205,1.6944152667537307,0.37113803961065517,0.6288619603893449,-0.007663497996613594,-0.008532646869070057
2019-11-11,-0.0012513742842187314,-0.0039691019190591925,1.7030218116955618,0.36995631913629146,0.6300436808637084,0.005508092856781785,0.0061132612762676685
2019-11-12,-0.005070939558710852,-0.00233598379530231,1.701099166084333,0.3702196544859391,0.6297803455140609,-0.0010971994725355767,-0.0012186144288728277
2019-11-13,0.013251824115854127,0.006611098235205004,1.7055304116047623,0.3696132912462287,0.6303867087537713,0.0019763950216054194,0.0021915056062147206
2019-11-14,0.0068055252833170155,0.006909829646058796,1.7024800475348578,0.3700304840038237,0.6299695159961762,-0.004958321820962933,-0.005504190669772905
2019-11-15,-0.004702281867396629,-0.003057480534521595,1.6933569381251163,0.3712838747233087,0.6287161252766913,0.000475124008918003,0.000529217649015444
2019-11-18,0.003070929194035177,0.0024534692742719244,1.6945919562009497,0.371113703393474,0.6288862966065261,-0.0010867001029322082,-0.001209867899031723
2019-11-19,0.0069473079939521565,0.0016316706602941267,1.7496803538331736,0.36367863581159776,0.6363213641884022,0.004092405895709521,0.004464961780016935
2019-11-20,-0.00017542298351114205,0.0,1.7503413052220718,0.36359123796792076,0.6364087620320793,-0.00017542298351114205,-0.00019134677922852687
2019-11-21,-0.0029240434674705496,-0.0069232830408855195,1.7195158565301507,0.36771250941552036,0.6322874905844796,0.008980651500578382,0.009906893698391806
2019-11-22,-0.003812236341201758,0.0,1.71027754340226,0.36896590256386885,0.6310340974361313,-0.003812236341201758,-0.004219755667254864
2019-11-25,-0.006711823157962815,-0.004442621904492183,1.7176137522721944,0.36796987767812883,0.6320301223218712,0.0009188853213386462,0.001014366357879627
2019-11-26,0.009424479520846463,0.0021969472029548243,1.7265788845726684,0.3667599737011563,0.6332400262988437,0.005631276869703678,0.006195980869909355
2019-11-27,-0.006928950426297487,-0.00438417879160935,1.6356790800047714,0.37940886187031153,0.6205911381296885,0.00024215910613852552,0.0002756319325546482
2019-11-29,0.0033703408426912773,0.008394076625114488,1.6223503150800977,0.3813373042683871,0.6186626957316128,-0.010247792014869696,-0.011723596144960536
2019-12-02,-0.007837787803781748,-0.0022515876178922367,1.5890485693750411,0.3862422713226216,0.6137577286773783,-0.004259905720747532,-0.00493606698360527
2019-12-03,0.01716557079468206,0.010873214670608755,1.544483312269329,0.3930070970314746,0.6069929029685254,0.0003720721852047901,0.0004386810281804751
2019-12-04,-0.019153232992130453,-0.002841260526727396,1.551862579670772,0.3918706312661299,0.6081293687338701,-0.01474398710160654,-0.017333206598658696
2019-12-05,0.008632407142660892,0.001967452112661139,1.5966695022889705,0.38510869370110345,0.6148913062988964,0.005491036357160847,0.006343937515714439
2019-12-06,-0.027210397268242592,-0.012052304512072065,1.6044871191894023,0.3839527531667084,0.6160472468332917,-0.007872629922074648,-0.00906815379972951
2019-12-09,0.0030943926314153103,0.0001371209961862352,1.6325118938884418,0.3798653302655799,0.6201346697344202,0.0028705409742394495,0.0032712569856610443
2019-12-10,0.0038713455703465183,0.002261307919822597,1.597812077854902,0.38493931432705186,0.615060685672948,0.0002582004643050281,0.0002981745290655119
2019-12-11,0.008917739444878281,0.004649288213888214,1.562118103696461,0.39030207021185465,0.6096979297881454,0.001655002156660917,0.0019378523038495188
2019-12-12,0.006032001629402428,-0.001837534502059257,1.5628897559077235,0.3901845554202625,0.6098154445797376,0.00890386547879784,0.010422452380099673
2019-12-13,0.0039775212528694315,0.006068060755679117,1.5675437754810324,0.38947729325964414,0.6105227067403558,-0.005534429613936097,-0.006466603997315546
2019-12-16,0.006326776221164954,-0.0004065977201573867,1.5719617412515876,0.38880827189652223,0.6111917281034778,0.006965932281332485,0.008125236277359246
2019-12-17,-0.00240898178688731,-0.00027120299258476255,1.592618897957989,0.3857103721598361,0.6142896278401639,-0.0019770587757140566,-0.0022877162284876164
2019-12-18,-0.0014725836338304044,-0.0013563000360183874,1.4796406033636516,0.4032842495979024,0.5967157504020977,0.0005342529698059849,0.0006463674240709718
2019-12-19,0.006193679883585768,0.003802781256810217,1.502820570886483,0.3995492172440498,0.6004507827559503,0.00047878198426981947,0.0005738909011366779
2019-12-20,0.004103628356630917,-0.0023677446323991935,1.4882428793500229,0.40189002781803174,0.5981099721819684,0.007627407445918255,0.00919613697185865
2019-12-23,0.016055558989109597,0.00528924465070113,1.4916741956892121,0.40133657993090627,0.5986634200690938,0.00816572922897152,0.0098316175241918
2019-12-24,0.020341325865414372,0.011197285386804312,1.4967709505530256,0.4005173160872061,0.599482683912794,0.0035815543733937784,0.00430342363515622
2019-12-26,0.007715218251082678,0.00680413141771985,1.474177327597884,0.4041747488531368,0.5958252511468631,-0.0023152780189163707,-0.0028073307354621376
2019-12-27,-0.0025147072319897656,0.0029815145129650222,1.4612341978087884,0.4063002216084474,0.5936997783915526,-0.00687139819959747,-0.008375551833769016
2019-12-30,0.003305507993841106,0.0004623802016765488,1.4313672887288835,0.4112912124119261,0.588708787588074,0.0026436720982054296,0.003261957307471475
2019-12-31,-0.004467379206407496,0.003301419610432399,1.4429830082915887,0.4093356345934283,0.5906643654065716,-0.009231271607502083,-0.011336065264683486
2020-01-02,0.007740660485293427,0.0032905561039815456,1.4290683067011953,0.41168047734238217,0.5883195226576179,0.0030382310456712374,0.0037523412214751396
2020-01-03,0.005677456998661734,0.01620200142464734,1.441797371994386,0.4095343911289537,0.5904656088710464,-0.017682546076444098,-0.021724832223078604
2020-01-06,0.0016050103685949502,0.010973405974574524,1.3324468057289336,0.42873432206205503,0.571265677937945,-0.01301646937019367,-0.01674182151321446
2020-01-07,0.012101445609419947,0.003575595601353454,1.2835247236551377,0.43791949771375543,0.5620805022862446,0.007512080253290229,0.009869059233918833
2020-01-08,-0.012448167780032993,-0.009161486173001832,1.2867656114996473,0.4372988621882441,0.5627011378117559,-0.0006594824223847273,-0.0008651727388259648
2020-01-09,-0.012604972456378927,-0.0036599930350791343,1.3147378842890662,0.4320143575595963,0.5679856424404038,-0.007793040956926268,-0.010100116747326367
2020-01-10,0.009686468632766454,0.0037378675070167677,1.322471549023975,0.43057578053873374,0.5694242194612663,0.004743245200715606,0.006126979513754173
2020-01-13,-0.005933585390046625,-0.005842680954052937,1.30564859196135,0.4337174378986038,0.5662825621013963,0.001694902770891989,0.002205326661835552
2020-01-14,-0.014057837797060269,-0.0038749676475047234,1.3164844890477887,0.431688623311723,0.5683113766882769,-0.0089565029935583,-0.011599261340929527
2020-01-15,0.014088522820303151,0.0062888686581550335,1.3255593881622485,0.4300040691673072,0.569995930832693,0.005752253929566424,0.0074204777897915845
2020-01-16,-0.0026781417616651426,-0.001997278290509108,1.3433022665084424,0.4267481896349701,0.5732518103650299,4.8066928238495e-06,6.1537423821276215e-06
2020-01-17,0.007720307036713336,0.006326693885167822,1.356422933913713,0.4243720367884596,0.5756279632115405,-0.000861365644979949,-0.001096618479539237
2020-01-21,-0.014545108005082574,-0.001539661495306488,1.3538408087822766,0.4248375660193157,0.5751624339806842,-0.01246065144102591,-0.015881258487661577
2020-01-22,0.0011267229104050536,-0.000706743490544226,1.3696367031938788,0.4220056174231962,0.5779943825768037,0.0020947047347977814,0.0026519314947828906
2020-01-23,0.00011258841517802765,0.005979506504111276,1.3564611734463532,0.42436515028061667,0.5756348497193833,-0.007998379994018855,-0.010182701184489868
2020-01-24,0.015979208795374067,0.004154416529097649,1.3418090588623486,0.42702029707144457,0.5729797029285555,0.010404775062343366,0.013329150414250267
2020-01-27,-0.003156626740190349,0.0036280779904294125,1.3785098116854058,0.42043131169234177,0.5795686883076582,-0.008157967847557164,-0.010289595368677226
2020-01-28,-0.033222198486328125,-0.004819950165462217,1.3721134117750935,0.42156500403228303,0.5784349959677169,-0.026608680220209836,-0.033651865152979465
2020-01-29,0.0016664364958800526,0.000382422683483874,1.4350844303416352,0.4106633788708932,0.5893366211291069,0.0011176276570028778,0.0013769062498330846
2020-01-30,0.029889272889934704,0.008727195022131706,1.4589773506695825,0.4066731235762293,0.5933268764237708,0.01715649301776822,0.020931253815448705
2020-01-31,0.0011141075165814751,-0.00037889206563779254,1.5273510341576586,0.39567119346889235,0.6043288065311078,0.001692808704867489,0.002009386921708348
2020-02-03,-0.01847322113102845,-0.003601031748229011,1.5264702660988423,0.3958091307934187,0.6041908692065813,-0.012976353240078932,-0.015408477290472013
2020-02-04,-0.006349178888547691,-0.01699209205395924,1.5646717684049634,0.3899134432403123,0.6100865567596877,0.02023786783442064,0.023673050193483945
2020-02-05,0.002339135468762965,0.004772977488090024,1.4116050900568966,0.41466158954590987,0.5853384104540901,-0.004398423848151894,-0.005471572273113907
2020-02-06,0.012522016637108502,0.004686048612788207,1.3301863278088035,0.4291502306342826,0.5708497693657174,0.006288698840930218,0.008096389673924247
2020-02-07,-0.0069705236411413685,0.0022362788669072486,1.330633944711959,0.4290678088976298,0.5709321911023701,-0.009946192211290152,-0.012802772696918808
2020-02-10,0.005264562684337504,0.003888802550604975,1.338159465856173,0.427686825728897,0.572313174271103,6.072474039982723e-05,7.791351439444e-05
2020-02-11,-0.010417810112793302,-0.005778863191787997,1.3369471074224706,0.4279087005537525,0.5720912994462476,-0.002691775684342153,-0.003455502705807115
2020-02-12,-0.0054059815399737365,0.001149750163640162,1.329634277724888,0.429251925747159,0.570748074252841,-0.006934728768369495,-0.008930237035070489
2020-02-13,0.006980188587206726,0.004912562876061788,1.3340836033251078,0.42843366817512957,0.5715663318248704,0.0004264190039490615,0.0005480767741244449
2020-02-14,0.006534077762818891,0.004825075045227001,1.3373125611133467,0.4278417943057063,0.5721582056942938,8.144429652227284e-05,0.0001045358218801657
2020-02-18,0.02348294454573674,0.0109307192530812,1.3386994404342099,0.4275880785323731,0.5724119214676269,0.008849996798093491,0.01135245937774335
2020-02-19,0.008879780127344583,0.004687499999999956,1.3839864237412873,0.4194654759948922,0.5805345240051077,0.00239234376605736,0.00301051684971799
2020-02-20,0.0009293788833606431,0.0056609490425738596,1.3897013776888807,0.4184623272750156,0.5815376727249845,-0.006937649800130799,-0.008709435243545343
2020-02-21,0.011578999017521241,0.017320302129691267,1.4103398524231234,0.41487925405817616,0.5851207459418237,-0.01284851333199145,-0.015991744880799436
2020-02-24,0.01873549612794112,0.01690383633759951,1.326536658895741,0.42982344429278685,0.5701765557072132,-0.003688062449858552,-0.004755647114895293
2020-02-25,-0.03630482641692001,-0.015247548210802098,1.3115499649897957,0.4326101599125132,0.5673898400874866,-0.0163069050948623,-0.021163598462299666
2020-02-26,-0.019633742499445828,-0.004189704482223999,1.408671533521214,0.4151666120029698,0.5848333879970303,-0.013731825061470642,-0.017102985862164716
2020-02-27,-0.009424395016540799,0.0,1.4388091570959418,0.41003618388524055,0.5899638161147596,-0.009424395016540799,-0.0115930289040284
2020-02-28,-0.07197880551029079,-0.046280502691501524,1.4606538190649305,0.4063960530539028,0.5936039469460973,-0.004379012505704286,-0.0053388401957757126
2020-03-02,0.01781910903407291,0.01802958486181372,1.4815907906181254,0.40296732393615775,0.5970326760638422,-0.00889335785585826,-0.01075119784794543
2020-03-03,0.026979964778263144,0.03127546645147916,1.4533379017914816,0.40760793662779915,0.5923920633722007,-0.018473856011879453,-0.022590270991683738
2020-03-04,0.0033861034244195842,-0.0006089763198755538,1.3629827038582685,0.4231939566748433,0.5768060433251568,0.004216127615469224,0.00535271918230948
2020-03-05,0.009018373004009206,0.015416518922981348,1.3602300480098901,0.42368751336048144,0.5763124866395186,-0.011951639270743091,-0.015191280969607856
2020-03-06,-0.007380830298314933,0.0026404370796919707,1.3175148764416162,0.43149669077224256,0.5685033092277575,-0.010859645431117162,-0.014057703199460876
2020-03-09,-0.01237372153686156,0.0022144787309947844,1.3188173736561384,0.43125431582534446,0.5687456841746557,-0.01529421456088948,-0.01978708810962724
2020-03-10,-0.005587866385741935,-0.009196789736675148,1.319045660187198,0.4312118632106959,0.5687881367893041,0.006543119204073583,0.008464411869594766
2020-03-11,-0.010469658366176415,-0.010668405420007354,1.3000068120895822,0.4347813209698665,0.5652186790301336,0.0033993413539665663,0.004433910372915233
2020-03-12,-0.04590828171706751,-0.031741181193497225,1.2948005935153863,0.4357677101992152,0.5642322898007847,-0.004809781468847883,-0.0062878423717153895
2020-03-13,-0.09429234212869475,-0.04630975611591981,1.3061949267717166,0.4336146907580926,0.5663853092419073,-0.03380277363004482,-0.04397213770307308
2020-03-16,-0.11649142065869889,-0.019660835071461547,1.4606234567374667,0.40640106768952655,0.5935989323104736,-0.08777434377427551,-0.10701476107683933
2020-03-17,-0.023723805411317578,0.026246718728858642,1.6294722711763694,0.3803044477638175,0.6196955522361826,-0.06649210578935821,-0.07586173071862562
2020-03-18,-0.05886600481816251,-0.031215145139910194,1.4816841480984386,0.40295216487006946,0.5970478351299304,-0.012615019083765555,-0.015249747749041719
2020-03-19,0.030847931485629587,0.0008799341466505517,1.4981512807259458,0.40029601398255066,0.5997039860174495,0.02952965701687057,0.03546181199437544
2020-03-20,0.020831598950035835,0.003652119912907814,1.5033647397354237,0.3994623652427446,0.6005376347572555,0.01534113064768462,0.018384613002066168
2020-03-23,0.07093695084472662,0.055929919137466255,1.5036353868330994,0.3994191827049229,0.6005808172950771,-0.013161254753081414,-0.01577057285054119
2020-03-24,0.07591680008491841,0.059476675923340716,1.468209480991414,0.4051519969035719,0.5948480030964282,-0.011407419403584182,-0.013865216252636037
2020-03-25,0.04272962244175482,-0.016805145864542737,1.4489602398866719,0.4083365600277267,0.5916634399722733,0.06707961062497318,0.08217317235180269
2020-03-26,-0.013277586525842322,0.010904812978834055,1.3761523206289354,0.4208484411198494,0.5791515588801507,-0.028284270212689342,-0.035710173081668704
2020-03-27,-0.009699466873921425,-0.01587779623023844,1.3645018453624969,0.4229220636732859,0.577077936326714,0.011965815382528621,0.01518182200533766
2020-03-30,-0.029245398133369016,-0.0011700378012791113,1.349280942997084,0.42566215972630955,0.5743378402736904,-0.0276666884255169,-0.03532998704304125
2020-03-31,0.0017052162541497662,-0.023797765466052723,1.3512965650337014,0.42529726571759224,0.5747027342824078,0.033863054983904455,0.043205594080497144
2020-04-01,-0.012200307600225724,-0.0032841184552284686,1.3103969102653354,0.4328260635897214,0.5671739364102786,-0.007896808923548972,-0.010253834163899661
2020-04-02,0.04811145293306218,0.03009758045216593,1.315855263293628,0.43180591457939044,0.5681940854206097,0.008507393282676232,0.011020628211337723
2020-04-03,-0.010961897129797005,0.004920957273962578,1.3331373533577817,0.4286074279171047,0.5713925720828952,-0.017522209085994202,-0.022530446903321087
2020-04-06,0.046758118370696655,0.026504284827250757,1.332522763643554,0.42872036045553286,0.5712796395444673,0.011440555504292564,0.014714397238835518
2020-04-07,0.020581025017810006,-0.007274866530635027,1.3514237269961396,0.4252742661899838,0.5747257338100162,0.03041245225804027,0.03880089995122798
2020-04-08,-0.017831644388190626,0.0003603889766581325,1.3357907931883526,0.42812053327558536,0.5718794667244147,-0.01831304866517713,-0.023520576481312144
2020-04-09,0.05598465407286035,0.04251226475316172,1.3385353814054917,0.42761807580562944,0.5723819241943706,-0.0009195164429242134,-0.0011796055559846613
2020-04-13,-0.03226006862758479,0.004953402775092375,1.343126959389653,0.42678011790726184,0.5732198820927382,-0.03891311743552688,-0.04982203454181987
2020-04-14,0.038309994733504826,0.006820209772313124,1.3368094206618109,0.4279339132913923,0.5720660867086077,0.0291926740589869,0.03747760574850714
2020-04-15,-0.03888756434126872,-0.016792850697309403,1.3447539652484022,0.42648397862675563,0.5735160213732444,-0.016305311778237505,-0.0208618627197973
2020-04-16,0.007574324026895063,-0.0039369655801569925,1.3541715842332354,0.42477787375286186,0.5752221262471382,0.012905650943647977,0.01644610490171821
2020-04-17,-0.021010001386639,-0.018135359683463026,1.3484304845729376,0.42581630862360825,0.5741836913763916,0.003444270459237564,0.004399879598561637
2020-04-20,0.020935832560406764,0.007340767684405947,1.3424908164066736,0.42689601726335763,0.5731039827366424,0.011080919358716898,0.01419120102555805
2020-04-21,-0.047441497021024515,-0.013751777591560432,1.3470768969414746,0.42606188203851403,0.5739381179614861,-0.02891679513555598,-0.036961032473931385
2020-04-22,0.030975880174534343,0.030091765861830932,1.3618208810529346,0.4234021335073409,0.5765978664926592,-0.010003714923862879,-0.012706782725288308
2020-04-23,0.004647453264528867,0.002661015668526945,1.355459741168428,0.4245455706680638,0.5754544293319362,0.001040553655222203,0.001325287336101151
2020-04-24,-0.006124567714855145,-0.005653982895085452,1.3493804798100304,0.4256441255870396,0.5743558744129603,0.0015048064369529669,0.001921536060103781
2020-04-27,-0.003474465547873784,-0.006730476116006634,1.347963716993601,0.4259009595260817,0.5740990404739182,0.0055979720545951735,0.007152545008356823
2020-04-28,-0.0025656542741497868,-0.0008178190280367925,1.3379199564997968,0.42773064031548114,0.5722693596845188,-0.0014714778757340952,-0.0018881885219934258
2020-04-29,-0.0001318991611100051,-0.004150818816683666,1.3381133449471838,0.4276952621484607,0.5723047378515393,0.005422366889952286,0.006957361885389829
2020-04-30,-0.01728232760952597,-0.011271617334156159,1.3338104169245917,0.42848381888609566,0.5715161811139045,-0.00224812699364069,-0.002889858118728241
2020-05-01,-0.002349298427154256,0.006115692392080874,1.3488266729103948,0.42574448405804055,0.5742555159419594,-0.010598307448908115,-0.01353651281017162
2020-05-04,-0.009486630882224123,0.007317807267077203,1.3475897146573244,0.4259688112264408,0.5740311887735591,-0.019348032689181983,-0.024724975452543502
2020-05-05,0.022755062856218977,-0.0014646434848216705,1.3426230716795535,0.4268719163954301,0.5731280836045699,0.024721526990725693,0.03165877680825728
2020-05-06,-0.0046489801473980075,-0.01185172081250807,1.3389685247318437,0.4275388870889775,0.5724611129110225,0.011220100984459611,0.014391088463765411
2020-05-07,0.03836657045503444,0.022325198163132498,1.3299933625649762,0.42918577197110497,0.570814228028895,0.008674205080120422,0.01116853621064149
2020-05-08,0.011438085934866837,-0.006911385803573311,1.3411275799844553,0.42714459841895497,0.5728554015810451,0.020707136051952034,0.026534823939953146
2020-05-11,-0.006607375671222493,-0.008538496624058811,1.3324061630232245,0.42874179285473046,0.5712582071452695,0.004769369853626464,0.006134484545493339
2020-05-12,0.0032617418865406034,0.005367766957965925,1.328551671710234,0.4294514964598305,0.5705485035401694,-0.0038696138788159827,-0.004985434412937759
2020-05-13,-0.001529939913716416,0.005573808885191767,1.3279820478722872,0.42955657708528,0.5704434229147202,-0.008931858051522128,-0.011510215114870333
2020-05-14,0.03019852962576497,0.01411981494086767,1.3221538935371808,0.43063468049344794,0.569365319506552,0.01152996132567232,0.014895603634748133
2020-05-15,0.056395628748340254,0.00880274382546209,1.3291536808452595,0.42934049746219227,0.5706595025378077,0.04469542939118944,0.057568673667298696
2020-05-18,0.02452195157375292,-0.01231890913949063,1.3439483092419169,0.4266305686252192,0.5733694313747809,0.04107792868347615,0.052575300216532894
2020-05-19,0.02450752858783911,0.007160123567464316,1.325997978410781,0.4299229875871353,0.5700770124128647,0.015013219212210039,0.019363584171041753
2020-05-20,0.006148033150682464,0.0036693180789062474,1.3316209854863108,0.4288861724202693,0.5711138275797307,0.0012618921943865899,0.0016236243397724373
2020-05-21,-0.03705153284518403,-0.017194091172006765,1.3218658346611294,0.4306881065528696,0.5693118934471304,-0.014323251166859754,-0.018506561774208025
2020-05-22,0.01897897262176107,0.008195277876162477,1.3289979327695505,0.4293692089330626,0.5706307910669374,0.008087465265869107,0.010417525690439517
2020-05-26,-0.005604564420151004,-0.017179711274783238,1.3312956371955837,0.42894602642629365,0.5710539735737064,0.0172667102482477,0.022219460251320045
2020-05-27,0.0068887154134940065,0.003226184797320286,1.2956500820609285,0.4356064575408837,0.5643935424591163,0.0027087088161022576,0.0035397931556761953
2020-05-28,0.011817235330315645,0.0017540781818112805,1.2998335753899208,0.4348140712009811,0.5651859287990189,0.009537225615738436,0.012440759693824539
2020-05-29,0.03045543796326089,0.013774572411924924,1.3195798759977078,0.4311125520391384,0.5688874479608615,0.012278789408011553,0.015880620712917005
2020-06-01,0.017787370145919468,0.0005181785948595863,1.327095216069201,0.4297202766327474,0.5702797233672527,0.01709969781161185,0.02204426062182669
2020-06-02,-0.029891247182245007,-0.007250602659809369,1.3348931899326255,0.4282851157010979,0.5717148842989022,-0.0202124670687581,-0.025970096391443084
2020-06-03,-0.015708309657781472,-0.015882160398357326,1.343840914911333,0.4266501167541184,0.5733498832458815,0.005634787302715577,0.0072122479817646745
2020-06-04,0.005747483041561807,0.012427833065796756,1.341359320594352,0.4271023209483929,0.5728976790516072,-0.01092270667603535,-0.013995340117119613
2020-06-05,-0.03223476303701456,-0.02484151063802742,1.337605802528176,0.42778812360855545,0.5722118763914444,0.0009933857359763348,0.0012748758600384588
2020-06-08,0.024365029967777563,0.013184642823070858,1.338818289073248,0.42756635035389945,0.5724336496461007,0.006713189021351956,0.008611001187285968
2020-06-09,-0.005260793737987046,0.009656657759072873,1.3359642461104035,0.4280887439373665,0.5719112560626334,-0.018161743241033014,-0.02332451355530034
2020-06-10,0.00011246209903847948,-0.0008164124241055726,1.2429860117920422,0.4458342560955368,0.5541657439044633,0.0011272513220549384,0.0015077017638032216
2020-06-11,0.005231796627868324,0.010914580423122988,1.1303457490960223,0.4694073722184926,0.5305926277815074,-0.007105452956575409,-0.010006056002304548
2020-06-12,-0.022776853759544524,-0.0015588632632073107,1.201150158501139,0.45430794266255076,0.5456920573374492,-0.02090442490386146,-0.028491138811851273
2020-06-15,-0.004753188845101564,-0.005204417825639296,1.156693927810942,0.46367265521770457,0.5363273447822954,0.0012667296516064358,0.001762043703010063
2020-06-16,0.014557814812127923,0.005405991102626295,1.160644271736215,0.46282491434669915,0.5371750856533007,0.008283382205807769,0.011501266979711856
2020-06-17,0.007089382952379264,-0.00023128146375406278,1.1606884446079238,0.46281545240617,0.53718454759383,0.007357828674810611,0.01021595042057869
2020-06-18,-0.014867372834294068,-0.00254447285912085,1.1490590954417286,0.4653199170376722,0.5346800829623278,-0.011943623152416635,-0.01667281720323519
2020-06-19,0.019379220334584613,0.012233287910835555,1.1295505197115683,0.4695826611032654,0.5304173388967347,0.0055611036171190655,0.007834193505593296
2020-06-22,0.0030842527797316777,0.006185879263869598,1.2344486563548704,0.44753769443569713,0.5524623055643029,-0.0045518975659256024,-0.006111437225885417
2020-06-23,0.0091687523239381,0.00876645121085673,1.25842479789443,0.4427864947871268,0.5572135052128732,-0.0018631672693356603,-0.002474955913173718
2020-06-24,-0.02177162684015921,-0.0035550628320105693,1.269512696282827,0.44062322349545474,0.5593767765045454,-0.01725842943883861,-0.022813394435429755
2020-06-25,0.012742012802501756,-0.002095408959039924,1.2712803114284068,0.4402803101705666,0.5597196898294334,0.015405864956519905,0.020348697004507338
2020-06-26,0.007828736875045372,0.005902062628770022,1.3466930834469635,0.4261315666091026,0.5738684333908974,-0.00011953004519001977,-0.00015280657624103765
2020-06-29,-0.0023859054106238897,0.0012976298043019252,1.3405938381469473,0.42724200316262556,0.5727579968373744,-0.00412549993046688,-0.005287760563019826
2020-06-30,0.03120138143812401,0.010254648789249421,1.321261652585719,0.4308002068125632,0.5691997931874367,0.017652307232154177,0.022813852818992775
2020-07-01,-0.022005336173147483,-0.01104297201791693,1.3443515032789053,0.4265571944315344,0.5734428055684656,-0.0071597001401939725,-0.009162064814316615
2020-07-02,0.006121439617524649,0.0060907112144839015,1.3305754686825735,0.42907857455707266,0.5709214254429275,-0.0019827113112974755,-0.002552216829629115
2020-07-06,0.014251273639299455,0.002522421524663754,1.3576549214709326,0.4241502820845824,0.5758497179154176,0.010826695642315497,0.01377643803219611
2020-07-07,0.006701283574320316,0.008778278541724971,1.3569546243117852,0.4242763054006579,0.575723694599342,-0.005210442086370297,-0.006632001353727858
2020-07-08,0.024318182772284258,0.006263190962168652,1.3711310319271237,0.4217396620157493,0.5782603379842507,0.01573052728516932,0.019902561781730492
2020-07-09,-0.010429191941294325,-0.008978269803428862,1.4095219519492335,0.41502008279734864,0.5849799172026513,0.0022258764371615863,0.002771350269742406
2020-07-10,0.005349000758211986,-0.0005558025940077815,1.3849986594657069,0.4192874474084704,0.5807125525915295,0.006118786605840326,0.007696591251599785
2020-07-13,0.03824473685611918,0.007118256687629998,1.3342537975465123,0.42840243038314,0.5715975696168599,0.028747175838737996,0.03694607998790052
2020-07-14,-0.013090437107914021,-0.00022088592714664124,1.3678436460858996,0.4223251825149111,0.577674817485089,-0.012788299695956695,-0.016202463009450878
2020-07-15,0.01203019123692406,0.00044186945703783564,1.3745696313950522,0.4211289434424811,0.578871056557519,0.01142281090023883,0.014431428856682504
2020-07-16,-0.009550405407277807,-0.007011191934976124,1.3648515299295165,0.4228595272658849,0.5771404727341151,1.8830631803844547e-05,2.388813618807266e-05
2020-07-17,0.009642495145050667,0.005337242406658893,1.2868904601813356,0.4372749886414352,0.5627250113585649,0.002774048808246065,0.0036390664833497524
2020-07-20,0.02230130024303789,0.004202828834110051,1.3519468625428661,0.4251796738803975,0.5748203261196024,0.016619298986958117,0.02119856437018702
2020-07-21,0.06822695059660089,0.014593314413633873,1.3619673191790211,0.42337588326479586,0.5766241167352042,0.04835133328672739,0.06141236531189621
2020-07-22,0.07377775790309293,0.011778088842989476,1.4783879082854137,0.4034880886308936,0.5965119113691064,0.05636517377490595,0.06822802869535491
2020-07-23,-0.005978446787097136,0.0134112978528107,1.5875483481754942,0.38646620872035486,0.6135337912796451,-0.027269530540216313,-0.03161625624438399
2020-07-24,-0.005970761912013733,0.004340730161538575,1.512568305644547,0.39799913011458243,0.6020008698854176,-0.012536412777712317,-0.014968444140860515
2020-07-27,0.07313220038098467,0.017762056767294032,1.506137278994458,0.399020440093861,0.6009795599061389,0.04638010453214733,0.05551982916605012
2020-07-28,-0.00857979595982783,0.007094744263011377,1.6175844154375112,0.38203161437789085,0.6179683856221092,-0.020056143711189724,-0.02298624288054238
2020-07-29,0.0011126069012439288,0.004525144777641543,1.6073849733774226,0.3835260271154629,0.616473972884537,-0.006161042816694406,-0.0070887608231251995
2020-07-30,-0.03922937240039048,-0.005733274211351391,1.6275671208112572,0.38058019225451856,0.6194198077454816,-0.029898083799399868,-0.03413585544125192
2020-07-31,0.036375279258229254,0.010554496980200723,1.6938095133756128,0.37122149693015966,0.6287785030698403,0.018497971864271094,0.02060053441688007
2020-08-03,0.008309571312163477,0.0016302991095733521,1.748734635728607,0.3638037615569718,0.6361962384430281,0.005458610792655048,0.005957589417730171
2020-08-04,0.06650265605537453,0.01790434952791209,1.7671098650222816,0.36138789161952833,0.6386121083804717,0.03486370337779405,0.037797960773248866
2020-08-05,0.0332539484618426,0.014941047943037189,1.901743910904847,0.344620349246523,0.6553796507534769,0.004839901513634233,0.005003785649842218
2020-08-06,0.056181801395174036,0.010043830761298445,1.918691556364434,0.3426192801426455,0.6573807198573545,0.03691078811991735,0.03793904296543137
2020-08-07,-0.030084130424835376,-0.02018036773778331,1.969702888070149,0.33673402279305004,0.66326597720695,0.009665198190594075,0.009763803203432547
2020-08-10,0.062325193197583006,0.007114098304466854,1.9551394530170143,0.3383935059237431,0.6616064940762569,0.048416138929878415,0.04915112098731775
2020-08-11,-0.10981571448134642,-0.045346792986082574,1.9959932872288906,0.3337791190196352,0.6662208809803647,-0.019303820083767464,-0.01932963618382033
2020-08-12,-0.0031493924167711462,0.0011901318727005616,2.1156137095291077,0.3209640517826388,0.6790359482173611,-0.005667251722804006,-0.005456952226269941
2020-08-13,0.06700059046604934,0.011266694135483313,2.2060487661781454,0.31191041463541935,0.6880895853645806,0.04214571376955983,0.039437061170907325
2020-08-14,-0.05882139437142764,-0.010067946881726408,2.2508170752490417,0.30761497089878276,0.6923850291012172,-0.03616028761733749,-0.03337033746929666
2020-08-17,0.06054092010964496,0.0247805885389778,2.313528838649129,0.3017930577020973,0.6982069422979027,0.0032103138860217345,0.0029065513315380057
2020-08-18,0.01468726775254603,0.007254420359729119,2.3153025221974883,0.30163159871671924,0.6983684012832807,-0.00210891000341561,-0.0019083416876397967
2020-08-19,-0.026168464398357294,-0.020356143215570333,2.314309998837128,0.30172192714346696,0.698278072856533,0.02094196138319769,0.018955946840107415
2020-08-20,-0.007065743718964512,-0.012712463860966805,2.339738524683014,0.2994246383689314,0.7005753616310686,0.022678097720180094,0.020371143626280633
2020-08-21,-0.015301195050063887,0.00041365536126503066,2.3029266476406947,0.3027617948204534,0.6972382051795466,-0.016253813004460566,-0.01476310079371952
2020-08-24,-0.004455812531780845,-0.00356664142517249,2.3070916635564083,0.30238049069514195,0.697619509304858,0.0037727561671295536,0.0034224235832692714
2020-08-25,-0.01256204460776933,-0.008248120945422155,2.311754586239655,0.30195474150017076,0.6980452584998292,0.006505586815669699,0.005893178355697389
2020-08-26,0.04479319753481681,0.015116592533547024,2.308816941139137,0.30222282398485506,0.6977771760151449,0.009891752601066048,0.008968540215761156
2020-08-27,-0.015311705126547004,-0.00984179732390067,2.3033799720720713,0.3027202466729076,0.6972797533270925,0.007357693718518306,0.006681968572240694
2020-08-28,0.022214008751771264,0.022377185962904944,2.337307647980032,0.29964273764370175,0.7003572623562982,-0.030088359139597877,-0.027047274911388003
2020-08-31,0.029952902789744273,0.0015270284217046015,2.2900972643139625,0.30394238214368285,0.6960576178563171,0.026455859178668897,0.024123170581267322
2020-09-01,0.0017230996906738572,0.0003049276242030885,2.3674063357772437,0.29696445878105954,0.7030355412189405,0.001001212101181963,0.000891973229257647
2020-09-02,-0.04342482303827522,-0.017173014732414726,2.3807565714592824,0.2957917788113198,0.7042082211886802,-0.002540055362311784,-0.0022539824816923057
2020-09-03,-0.01886307492396222,-0.003515327100031884,2.422599152589495,0.292175611404395,0.707824388595605,-0.010346846470350089,-0.009069288580745832
2020-09-04,-0.00594727484939539,-0.0019194600636733838,2.431642887875394,0.2914056131927883,0.7085943868072118,-0.0012798334370031543,-0.0011188519424836152
2020-09-08,0.010836849205919652,0.004729962820551936,2.4613747788139215,0.2889025499696572,0.7110974500303429,-0.0008053619853144421,-0.000698013393617903
2020-09-09,0.0033874181873898568,0.006052742458290128,2.4503392386545557,0.28982657380378213,0.7101734261962179,-0.01144385415962888,-0.009950199126586195
2020-09-10,0.007716571459625232,0.004885072370303334,2.4476249477832948,0.2900547522267368,0.7099452477732632,-0.0042402535456560805,-0.0036897170746914513
2020-09-11,-0.01560946083678838,-0.008392131180801399,2.4457055401662355,0.29021632531947456,0.7097836746805255,0.004915220885899414,0.004279432030917782
2020-09-14,0.018325283864247366,0.00789551366100194,2.444093947815796,0.2903521260313437,0.7096478739686564,-0.0009720932895044172,-0.0008467480599252293
2020-09-15,0.004296910626192307,0.0016384584927493506,2.434719162215466,0.2911446184598624,0.7088553815401376,0.0003077243374007936,0.0002687768544101035
2020-09-16,0.000329074476291602,0.0019935093014418204,2.4523486570025894,0.289657882025225,0.710342117974775,-0.004559705381821416,-0.003962263810672234
2020-09-17,-0.013525824824580424,-0.010305046258060946,2.4606132915132877,0.28896612125150545,0.7110338787484946,0.01183090896766361,0.010256195625796216
2020-09-18,0.0015934506802135484,0.006237100817493513,2.4613584637440717,0.288903911708215,0.7110960882917851,-0.013758290206149179,-0.011924471576919966
2020-09-21,-0.10096936894620756,-0.026074496721810836,2.440253552866743,0.29067624947780546,0.7093237505221945,-0.037340985681596425,-0.03256241300919266
2020-09-22,0.005885001452941463,-0.0013675445259373475,2.5771448046030736,0.2795525634615627,0.7204474365384373,0.00940936172302427,0.007891233570625624
2020-09-23,-0.05842400496868938,-0.020383414973937142,2.5803324912030803,0.2793036687114987,0.7206963312885013,-0.005828017029763988,-0.004883359613178519
2020-09-24,0.004518992431934876,0.004516384915210114,2.6006926958785623,0.27772433930410767,0.7222756606958923,-0.007226736828828188,-0.006021122133332913
2020-09-25,-0.004368882776191407,-0.005673659144257326,2.5944668234429935,0.27820537763154,0.72179462236846,0.01035123764110819,0.008639309930694946
2020-09-28,0.0222009677699766,0.00812838351356171,2.5943175292540435,0.27821693321778884,0.7217830667822112,0.0011133599362438823,0.0009292667610879789
2020-09-29,0.03621214243698323,0.01148013639440748,2.600379415829722,0.2777485049501501,0.7222514950498499,0.006359432066048373,0.005298968246030943
2020-09-30,-0.038843257948727006,-0.003589742201786761,2.6039047914907436,0.2774768085885957,0.7225231914114043,-0.029495911029277927,-0.0245532937764516
2020-10-01,0.03243290276836186,0.011072860616721858,2.636628992026584,0.27497993394226616,0.7250200660577338,0.003237877441643649,0.002671053975048975
2020-10-02,-0.009176212738783218,-0.004296831449006722,2.6343777446852292,0.2751502651209992,0.7248497348790008,0.0021432644031436753,0.001769159306248145
2020-10-05,0.022151771826652844,0.006473028704447437,2.646722953660746,0.2742188021155143,0.7257811978844857,0.005019458174886932,0.004129289423959258
2020-10-06,-0.02579381065311237,-0.005960797079248348,2.6493761435644476,0.27401943802462414,0.7259805619753759,-0.01000141707472316,-0.00822174805879656
2020-10-07,-0.0009217120111419952,-0.009205197109429464,2.646504749497766,0.2742352111670032,0.7257647888329968,0.023439885859026188,0.019284126144841495
2020-10-08,-0.00046124118427093297,0.0026544914338537673,2.6209273799502593,0.2761723434546586,0.7238276565453414,-0.007418470463101694,-0.006146329117931883
2020-10-09,0.051684371207477264,0.01636133898840897,2.6192452967613002,0.27630069752245173,0.7236993024775483,0.008830011013369783,0.007319214606375003
2020-10-12,0.006262698411732215,0.0015629070070330986,2.636896164695382,0.2749597334417596,0.7250402665582404,0.002141474919111099,0.0017664581187930043
2020-10-13,-0.045191445224517235,-0.01768530559167747,2.6398090299536463,0.2747396887503011,0.7252603112496989,0.0014943841738826596,0.0012316999284176858
2020-10-14,0.011541969310898903,0.00677789188674871,2.6373359625664334,0.27492648748740256,0.7250735125125974,-0.006333608712410725,-0.005223830389268077
2020-10-15,-0.007018532454792226,0.0009992648687517924,2.590246494600668,0.2785324075948236,0.7214675924051763,-0.009606874778254153,-0.008027477884347349
2020-10-16,0.007274777083119854,-0.001260982768664043,2.5379107482014858,0.28265269283809796,0.717347307161902,0.010475038805009197,0.008882393777458263
2020-10-19,0.01181829836853554,0.0029461150263490055,2.5952077131003004,0.27814804589903863,0.7218519541009614,0.004172517928473907,0.0034817331248511666
2020-10-20,0.011355829635558479,0.002098195524955271,2.6046365159872726,0.27742048208322895,0.722579517916771,0.005890792953578895,0.004902679863103036
2020-10-21,0.01042628327457873,0.007432972670857296,2.554042769717108,0.2813697146586666,0.7186302853413333,-0.008557846832929213,-0.0072237567644216
2020-10-22,-0.021113607865267614,-0.012210329573991374,2.568571608496197,0.2802241652147768,0.7197758347852232,0.01024949800886809,0.008616471070216732
2020-10-23,-0.0015406489114542232,0.0004734229791283351,2.563546638233848,0.2806193103440387,0.7193806896559614,-0.0027542907980613197,-0.002318721552716699
2020-10-26,-0.010192120428379359,0.0003680079768006994,2.5468868850355837,0.28193738126215084,0.7180626187378492,-0.01112939511808154,-0.009413377543871027
2020-10-27,0.00615357818799378,0.00320602187039154,2.5364596659823584,0.28276867105798587,0.7172313289420141,-0.001978366974511682,-0.001678260600743029
2020-10-28,-0.04900920288362254,-0.017078843683110856,2.534325873060057,0.28293938813689223,0.7170606118631078,-0.0057258474555663755,-0.004860203326929394
2020-10-29,0.0006431700128544104,-0.005649704648652554,2.505910137661609,0.2852326388111549,0.7147673611888451,0.014800822166706763,0.012665032689553215
2020-10-30,0.011911387358885639,0.006325069137299355,2.509560984987217,0.2849359234040044,0.7150640765959956,-0.003961759375427577,-0.0033865426978257843
2020-11-02,0.016471183021310676,0.0069244699216712835,2.4641230740905797,0.2886733463598216,0.7113266536401783,-0.0005915630885257248,-0.000512305489043019
2020-11-03,0.012455210360543312,0.009574680148212389,2.507230474927219,0.28512525970245844,0.7148747402975416,-0.011550719494735455,-0.009880205687060089
2020-11-04,-0.018144413873852128,-0.007283219499115812,2.4479806264975816,0.29002483143757923,0.7099751685624207,-0.00031523364148720173,-0.00027427675120733977
2020-11-05,0.05476865525449215,0.02676030502244031,2.459153950635594,0.2890880296947343,0.7109119703052658,-0.011039054561655465,-0.009573775598764947
2020-11-06,0.018870938397207215,0.0025702975759509528,2.41857725612942,0.29251935091039,0.70748064908961,0.01265447513852766,0.011105036560901336
2020-11-09,-0.07646418347911521,-0.04978726104970077,2.356414315897584,0.2979369964141559,0.7020630035858441,0.04085523120772987,0.03651685462151076
2020-11-10,0.0321300273052445,0.01197931892246662,2.09549884831351,0.32304970830301555,0.6769502916969845,0.00702737829963546,0.006810577529496532
2020-11-11,-0.007976752910099472,-0.007838366775525851,2.080624276142563,0.3246095305241705,0.6753904694758295,0.008331943288368917,0.008113884597574342
2020-11-12,0.001608241545799416,0.006395455864105282,2.074802969444849,0.3252240907587482,0.6747759092412517,-0.011661069271999695,-0.011377381953782637
2020-11-13,0.01930835096721184,0.006995608115309526,2.1020993415920164,0.32236233913991735,0.6776376608600826,0.004602887753983919,0.004451392989518209
2020-11-16,0.0010904527262358688,0.0008485430862188448,2.1363311394822913,0.318843883355081,0.6811561166449189,-0.000722316292045856,-0.0006909183946996304
2020-11-17,-0.006092111413295687,-0.0014836267449171991,2.137746979553219,0.3187000119883437,0.6812999880116564,-0.00292049282056457,-0.002792283290777401
2020-11-18,-0.008199702148564136,-0.005837092066861227,2.1394627036917484,0.31852584164292913,0.6814741583570708,0.00428853862650044,0.004098031126272791
2020-11-19,-0.0163712851179737,-0.00661864126718037,2.14158160622541,0.31831100551976227,0.6816889944802378,-0.0021969247219757824,-0.002097915951910008
2020-11-20,0.013106920247544895,0.006179141449066616,2.1179159302040036,0.3207270569141261,0.6792729430858738,2.001813758285842e-05,1.926107505555684e-05
2020-11-23,-0.029735462302524218,-0.018583748377398956,2.1255807824113293,0.31994053893194146,0.6800594610680585,0.009765796113642727,0.009373422215094941
2020-11-24,-0.014053535586777688,-0.0179562515634073,2.177648631290674,0.31469810417454097,0.6853018958254591,0.02504887105338724,0.023648496696640507
2020-11-25,0.002747771074925076,0.0004986160900950498,2.1157269033114927,0.32095239121797503,0.679047608782025,0.001692835598686992,0.0016299589000125074
2020-11-27,-0.03438094591781593,-0.013180443817571552,2.115899012475183,0.32093466315701547,0.6790653368429845,-0.006492457860231653,-0.00625096432930369
2020-11-30,-0.0008424200840525531,-0.0034794731226440723,2.1113965257213283,0.3213990861444977,0.6786009138555024,0.006504127378438882,0.006271261786792994
2020-12-01,0.06652172374746335,0.02162528888324866,2.1063488024148307,0.32192134998574995,0.67807865001425,0.020971322406357774,0.02025334926012331
2020-12-02,-0.0003329308533965847,0.006394341955817895,2.162039098873167,0.3162516239461943,0.6837483760538057,-0.014157748173439991,-0.013432232553814991
2020-12-03,0.0025806566344492854,0.006079913432174289,2.149175112517052,0.3175434722652582,0.6824565277347417,-0.01048614200023783,-0.009989417824266239
2020-12-04,0.004815843497162131,-0.0004899958569996032,2.148422396780987,0.31761938964175235,0.6823806103582477,0.005868561570669973,0.005591906832453721
2020-12-07,0.02222865456695855,0.014107535306737917,2.1509842642588013,0.31736115325705305,0.682638846742947,-0.008116431885310173,-0.007727520550363066
2020-12-08,-0.0023038360751711506,0.004834031455560828,2.1376773227755574,0.3187070871632556,0.6812929128367444,-0.012637435495307252,-0.012082920767768724
2020-12-09,-0.030546090974595375,-0.019350049335771224,2.128157537699115,0.31967699450825615,0.6803230054917438,0.010633862374175906,0.010198203491372945
2020-12-10,0.00422063647577442,-0.000545077953399975,2.10604157023673,0.32195319263669225,0.6780468073633078,0.005368593304654327,0.005185307263204291
2020-12-11,4.1590057753726484e-05,0.0033813663420267925,2.107761095047123,0.3217750558734107,0.6782249441265893,-0.00708552236607215,-0.006839833065705501
2020-12-14,-0.0019556831918629003,-0.006033317404964933,2.112596046446349,0.3212752265562054,0.6787247734437946,0.010790279304821963,0.01039994828478423
2020-12-15,0.024848811710301177,0.012905396339692787,2.116297476684317,0.3208936269665698,0.6791063730334301,-0.002462845999001685,-0.0023709347558392747
2020-12-16,0.016435508980275015,0.0020514639408537594,1.9665290474536836,0.3370942889833992,0.6629057110166008,0.012401245550782293,0.0125411671543485
2020-12-17,0.044626765814694824,0.01675554980604943,1.970676686681399,0.33662364015692314,0.6633763598430769,0.011606994439384177,0.011721566158400004
2020-12-18,-0.005785477944655781,-0.0007948283376483234,1.9416386072134972,0.3399465853989665,0.6600534146010335,-0.0042422085581704716,-0.004326372941700974
2020-12-21,0.012678734462502783,-0.0034469958998304406,1.9456178210788058,0.339487354009068,0.6605126459909321,0.019385271114398462,0.019743163192126656
2020-12-22,-0.032118116545839404,-0.006704968025398328,1.9411130653578024,0.3400073298026523,0.6599926701973476,-0.019103015508932404,-0.01948549588311229
2020-12-23,0.015333781136056546,0.00433942767163864,1.954309635463221,0.3384885551589128,0.6615114448410873,0.006853195824977421,0.006959185059053102
2020-12-24,-0.0005033527428810469,0.0027738162786727916,1.9394470273787605,0.3402000412614157,0.6597999587385843,-0.005883022479047808,-0.006004213470341701
2020-12-28,0.02514425011738486,-0.0014362855508920358,1.9217577802436272,0.34225972007734884,0.657740279922651,0.027904443049463133,0.028651700601070727
2020-12-29,-0.012169259536383037,0.0013317707569933113,1.90428843869332,0.34431841778425903,0.6556815822157409,-0.014705335191915251,-0.015189953238802328
2020-12-30,0.013390480332519994,0.006011623728074289,1.8994426312314758,0.3448938734736309,0.6551061265263691,0.001971745940492993,0.002040129284767607
2020-12-31,-0.005889464369025044,0.0011105106218600724,1.892754444120783,0.34569128466206117,0.6543087153379389,-0.00799138828379403,-0.008287659846174307
2021-01-04,0.036153715548643106,0.027256867704499754,1.8787803970190329,0.34736932384126856,0.6526306761587315,-0.015055953178712195,-0.015689928826425156
2021-01-05,0.010518939473908917,0.004113745153939696,1.84166200090685,0.3519067361568242,0.6480932638431758,0.0029428113424834782,0.00310678540397593
2021-01-06,-0.02168944148878771,-0.023454666821867143,1.8439299365076642,0.35162610272600325,0.6483738972739966,0.02155932081486619,0.022742459866653002
2021-01-07,0.008415867489014683,0.002831834047367865,1.7524486754263124,0.36331285990105344,0.6366871400989466,0.0034532236636777352,0.0037638016953862527
2021-01-08,-0.09624999842223003,-0.040893202554750374,1.7527117060116058,0.36327814417184157,0.6367218558281584,-0.024576003608215352,-0.02678377494585886
2021-01-11,0.026726855765900392,0.008451011507727868,1.8309221764328374,0.3532417840111984,0.6467582159888016,0.01125371138311233,0.011925843257153193
2021-01-12,0.005745095127490885,-0.00362237849281577,1.8411587846295179,0.35196906466823824,0.6480309353317617,0.012414469110791672,0.01310852724383424
2021-01-13,0.005357692853611873,0.005806039953402786,1.839274483926858,0.35220265094516334,0.6477973490548365,-0.005321208285341755,-0.005622430992986199
2021-01-14,0.008855792637126214,-0.001780279888474512,1.8355443711007606,0.35266596784440346,0.6473340321555966,0.012123575365399495,0.01282671731991954
2021-01-15,-0.035772528416316174,-0.011349510590620282,1.8325838934852692,0.3530345569993267,0.6469654430006733,-0.014973598109004959,-0.015858592725295564
2021-01-19,0.018287957773261754,0.0055758765099303,1.8486624368530384,0.351041944128949,0.648958055871051,0.00798004431682239,0.008403990813637508
2021-01-20,0.017999127172373397,0.01435173928462219,1.856447055819929,0.3500852564245952,0.6499147435754047,-0.008644116968458682,-0.009078533716401157
2021-01-21,0.0034196492491453956,-0.0003215475524342981,1.841730815340646,0.35189821449718395,0.6481017855028162,0.0040118532850610044,0.0042352920235128886
2021-01-22,-0.01154055959577982,-0.005146677427195323,1.8419796337992191,0.35186740541950284,0.6481325945804972,-0.002060484593151871,-0.002175052103097628
2021-01-25,-0.0027033475821531816,-0.00043106470812126485,1.8445287090123301,0.35155208552885986,0.6484479144711401,-0.001908236352581488,-0.0020125334082960206
2021-01-26,0.0029070675752904673,-0.002264312462616047,1.8450651481025055,0.35148580012902075,0.6485141998709794,0.007084871584477494,0.007470695273044305
2021-01-27,-0.005993179597846732,-0.0031339098237614937,1.8114462963086186,0.3556888144415147,0.6443111855584853,-0.0003162702546287777,-0.0003374813757360774
2021-01-28,0.021004136096423265,-0.0037942435402282815,1.8170546490328057,0.354980688906172,0.6450193110938279,0.027898483960757753,0.029710269167482737
2021-01-29,0.0382492263934231,0.005114546106532281,1.8088533784213456,0.35601715905941234,0.6439828409405876,0.028997762389530442,0.030971102955001516
2021-02-01,0.09286249568985294,0.0073079627798224855,1.8222206206253,0.35433090974242715,0.6456690902575728,0.07954577521769822,0.08455658069716088
2021-02-02,-0.10252397664597701,-0.016283344815692047,1.8893242348399348,0.3461016897798591,0.6538983102201409,-0.07175945866143482,-0.07450820970123162
2021-02-03,0.018723448553313204,0.0009286813285305229,2.002355380733941,0.3330718296764539,0.6669281703235461,0.016863898498142967,0.016850668584763445
2021-02-04,-0.024369398032744294,-0.023632751834819055,2.010905478805492,0.3321260023070293,0.6678739976929707,0.023153832111143885,0.02306996909148704
2021-02-05,0.030164373988428084,0.012298060092657215,1.9621525905715738,0.33759233173299863,0.6624076682670014,0.006033703518615843,0.006110796119505355
2021-02-08,0.020581911494617522,0.011596443600907724,2.081301265582721,0.3245382109077493,0.6754617890922506,-0.0035537812482103713,-0.003460013424755104
2021-02-09,-0.00631120015607467,0.0018560098088049592,2.0642566455100204,0.32634342213641776,0.6736565778635822,-0.01014248073803209,-0.009929795619006277
2021-02-10,-0.011753559082205767,0.002887771272711781,2.065871819243512,0.32617149670880397,0.673828503291196,-0.017719324374922005,-0.017338615656111306
2021-02-11,-0.0011819305871335617,-0.008529800815017974,2.070065318140512,0.32572596879003324,0.6742740312099668,0.01647531425068182,0.01609931308627073
2021-02-12,0.01039124839996286,-0.0018083449964250153,2.053267097570193,0.3275180218578995,0.6724819781421004,0.014104263682178033,0.01385820162284749
2021-02-16,-0.00014638619806417452,-0.013394831324706202,2.0520098399392865,0.32765294099441467,0.6723470590055853,0.02733993948455994,0.026874034736176156
2021-02-17,-0.00018306190089467655,-0.014522577506703604,2.0115706207850854,0.33205264824216885,0.6679473517578312,0.029030128349664612,0.02891859299194859
2021-02-18,-0.008676851390065687,0.0012986555585965398,1.9673837820892064,0.3369971912753204,0.6630028087246795,-0.011231805274568518,-0.01135526049144276
2021-02-19,0.006463092166000495,0.0013533463296615533,1.9578940588276164,0.33807836930993995,0.6619216306900602,0.003813383427619979,0.0038676673522899364
2021-02-22,0.030493150951466097,0.01740055270532359,1.9604491119191199,0.3377865864925295,0.6622134135074704,-0.0036197471465873737,-0.0036681060978354697
2021-02-23,-0.014136643397869242,-0.0012729987380144525,1.9499407635638102,0.3389898578139259,0.6610101421860741,-0.011654371266649574,-0.011852140975776727
2021-02-24,0.006176389579150232,-0.004433606679094204,1.9942496442953426,0.33397348878548067,0.6660265112145194,0.015018108121879304,0.015046949893264782
2021-02-25,-0.007897520118156032,-0.012246715487089666,1.9873828909722402,0.33474115521715103,0.665258844782849,0.016441392711490734,0.016510832368869764
2021-02-26,-0.04468642551177737,-0.026093354480996478,1.9455184840255484,0.33949880315581354,0.6605011968441864,0.006078677941232145,0.006191111657453868
2021-03-01,0.009279559424290262,-0.003240539126816877,1.9391922357320936,0.34022953240107484,0.6597704675989251,0.015563587738599609,0.01588557653636054
2021-03-02,0.007618156911513907,0.006153831980225011,1.8744473248559952,0.3478929641022725,0.6521070358977274,-0.003916876981432137,-0.004087961829283164
2021-03-03,-0.018361267169955675,-0.010270571235681092,1.8826122388077877,0.34690756756572555,0.6530924324342745,0.0009742359378847737,0.0010139094583401578
2021-03-04,-0.03501917226555773,-0.00880318149968351,1.8977650305105664,0.3450935425995554,0.6549064574004447,-0.0183128022582208,-0.018958889418643654
2021-03-05,-0.006959190283485794,-0.0012939367339462882,1.9194721060930802,0.3425276774910613,0.6574723225089387,-0.004475514815626711,-0.004598963086120358
2021-03-08,-0.0006730885847407997,-0.011955270216799208,1.9368225592836386,0.3405040583193845,0.6594959416806155,0.0224821484734877,0.022965788384884552
2021-03-09,0.03597468123133418,0.02318652056161219,1.9246411436119981,0.3419222909395911,0.658077709060409,-0.008651050218750213,-0.00887396072948557
2021-03-10,-0.0017592715719935148,0.002854494048556644,1.8909540151140922,0.3459065743598605,0.6540934256401395,-0.007156988554230981,-0.007426948180580308
2021-03-11,0.0022987271067189674,0.00046473937155089295,1.885482941221309,0.346562436989054,0.653437563010946,0.001422468949545847,0.0014789229170876054
2021-03-12,-0.010779049319199374,-0.0016257613358544587,1.890687470320441,0.34593846974717996,0.6540615302528201,-0.007705242731767927,-0.007996619638975131
2021-03-15,0.014412716797853387,0.005466719635977002,1.8953470537611412,0.34538173884922374,0.6546182611507761,0.004051385842066197,0.004197824060645849
2021-03-16,-0.010627331194779988,0.0009832559129330232,1.9015137137313436,0.34464769036504084,0.655352309634959,-0.012497005797329564,-0.012921192553584478
2021-03-17,0.002155992679317986,-0.0021957279622206727,1.8934379924587392,0.34560961824871733,0.6543903817512826,0.006313467424090615,0.006545985198797011
2021-03-18,0.01117934887384009,0.003127115005246095,1.8689084324208534,0.34856462782124287,0.6514353721787572,0.0053350572713858815,0.0055788367566169065
2021-03-19,-0.0011017563753171755,0.0053112074249646035,1.8708840321241271,0.34832476296860865,0.6516752370313914,-0.011038409537982555,-0.011534854157604609
2021-03-22,-0.020956967858288045,-0.002067288121894273,1.8631857113316252,0.34926131268478383,0.6507386873152161,-0.017105226168369046,-0.017922581236004063
2021-03-23,-0.02101699526893641,-0.00753832275760602,1.8488119982303108,0.3510235145812369,0.6489764854187632,-0.0070800537081418,-0.007455796008167561
2021-03-24,3.966074021177768e-05,0.00475449265051342,1.8534850112567824,0.35044866051690327,0.6495513394830968,-0.008772720123645378,-0.009223164049263615
2021-03-25,-0.007102926589216296,-0.004616538685031757,1.848750811462694,0.35103105402418433,0.6489689459758156,0.0014319030508850826,0.0015079273116379074
2021-03-26,0.002797526041765863,0.004232086877204555,1.8494807903896116,0.3509411270195892,0.6490588729804109,-0.00502963734088392,-0.005295319790728839
2021-03-29,-0.013749375353181104,-0.011603727140356623,1.8501565854256008,0.3508579160575048,0.6491420839424953,0.0077193368310314765,0.008125171301644947
2021-03-30,-0.025295973542059813,-0.016470972241106496,1.842479441186521,0.35180553481244364,0.6481944651875563,0.0050514541885327835,0.005331388627132002
2021-03-31,0.016417225806875102,0.017756413077116395,1.8409971486693606,0.351989089629453,0.648010910370547,-0.01627228003869153,-0.017182995111043656
2021-04-01,0.017049364285848245,0.007410404253727965,1.856482084708563,0.35008096334762295,0.649919036652377,0.003292081548354151,0.0034574852396002647
2021-04-05,-0.006897893777622066,0.0002896032435564244,1.8572323135067048,0.3499890419385226,0.6500109580614775,-0.00743575427965141,-0.007807297549276398
2021-04-06,0.01813186593117866,0.008396062536189852,1.9171240990833938,0.3428033796416874,0.6571966203583126,0.0020355721056378555,0.002093402991951005
2021-04-07,0.0008329330690239889,-0.0008039186988587632,1.916541613722379,0.3428718435886471,0.6571281564113528,0.002373676709436358,0.0024416007283436323
2021-04-08,0.013315913492105036,0.009597191814547434,1.7662280404796749,0.3615030956835345,0.6384969043164656,-0.003634915800610653,-0.003942099943409234
2021-04-09,-0.010090321002094615,-0.007684426015928891,1.738086299973278,0.3652185835084012,0.6347814164915987,0.0032658745793496292,0.003578274263358501
2021-04-12,-0.018094906095994845,-0.006940915113484825,1.7415634228954568,0.36475537704098293,0.6352446229590172,-0.006006862212927405,-0.006573105873928703
2021-04-13,0.022693403672872092,0.008664510410739235,1.758524510644,0.362512638963843,0.637487361036157,0.007456649742857037,0.008109389328336502
2021-04-14,0.0038556703568439765,-0.006471152831168725,1.7701305949302162,0.36099381084421095,0.6390061891557891,0.015310455967765025,0.016580939536697967
2021-04-15,0.01728395043270603,0.017580263744765956,1.7217394623449664,0.3674120957699717,0.6325879042300284,-0.012984683415090015,-0.01431218923934345
2021-04-16,0.005509383566158599,0.007703622633885132,1.6657298987554756,0.3751317792799866,0.6248682207200135,-0.007322770983833273,-0.008241012325275701
2021-04-19,-0.010268651934501882,-0.005396276327114924,1.6728658646417218,0.3741302596694439,0.6258697403305562,-0.0012414054706971194,-0.0013933420533209454
2021-04-20,0.00015484147651578795,0.004464804060731575,1.675160891741799,0.3738092924006897,0.6261907075993103,-0.007324423675311723,-0.008213812893933404
2021-04-21,0.02825629864348267,0.00843976795583301,1.6630491702680898,0.37550940146528716,0.6244905985347129,0.014220549547279368,0.016019850147019007
2021-04-22,-0.014718642568042895,-0.0061932139451247314,1.6832451787436864,0.37268305107631156,0.6273169489236885,-0.004293945053983525,-0.004800841631617852
2021-04-23,-0.003705972448307282,-0.0023579335768069143,1.690822352617064,0.37163360079397695,0.628366399206023,0.00028087434934415383,0.0003131470374522997
2021-04-26,0.005138657818125392,0.0012380141653769439,1.6901827326881704,0.3717219606865694,0.6282780393134305,0.0030461876529819243,0.003397004540956979
2021-04-27,0.007668544131459232,-0.0006744330062985471,1.7056423077192135,0.3695980053043205,0.6304019946956794,0.008818885600724292,0.00977832758110408
2021-04-28,-0.012532230558667812,-0.0026996900045697103,1.676802846129142,0.373579997288958,0.6264200027110419,-0.008005382675338926,-0.008971952514450562
2021-04-29,-0.0010735738124046934,-0.0028761424127984325,1.5639966861483559,0.3900161047018369,0.6099838952981631,0.0034247033901027915,0.004007068427901198
2021-04-30,-0.007676615340125981,-0.00045242167799219857,1.3349733710733271,0.42827040872861244,0.5717295912713874,-0.007072644447510084,-0.009087012984981884
2021-05-03,0.0421614561392456,0.013636606642951188,1.3300954880549611,0.4291669612367459,0.5708330387632542,0.024023467171075917,0.03093023521254413
2021-05-04,-0.014994663699821609,-0.008708259112053973,1.4282933727361684,0.4118118556956788,0.5881881443043213,-0.002556714922005569,-0.003158656549547837
2021-05-05,-0.0013941274877050658,0.004673908395987247,1.4022465544124312,0.41627700460771033,0.5837229953922896,-0.007948099431617516,-0.009925833071153954
2021-05-06,0.03622364558063618,0.017599924244015464,1.3831625617931107,0.4196104856764752,0.5803895143235248,0.011880089275919072,0.014955030092844861
2021-05-07,0.0,0.008592660746867153,1.4282423797294261,0.4118205037305328,0.5881794962694672,-0.01227240223331317,-0.01516208060912024
2021-05-10,0.0006190444406954931,0.0034951802192091375,1.4162340148742152,0.41386719740060374,0.5861328025993964,-0.004330948673864003,-0.005377312769213869
2021-05-11,0.006477655513916547,-0.0008707350127551416,1.4310446308839075,0.4113458006060581,0.5886541993939418,0.007723716178842424,0.009531354645719699
2021-05-12,-0.015402924904723947,-0.007244429789890039,1.434498986943687,0.41076213437057846,0.5892378656294215,-0.005010797710142019,-0.006174737886951425
2021-05-13,-0.006867183301233704,0.0006584402821587787,1.4948728456432352,0.4008220305681258,0.5991779694318741,-0.007851467799510532,-0.009441123799020198
2021-05-14,0.011425824882069113,0.007731097274066512,1.5645069756973815,0.389938498696446,0.6100615013035541,-0.000669530733002955,-0.00078322742657491
2021-05-17,0.033159052636350106,0.016105324115969877,1.5661589542227878,0.3896874737063472,0.6103125262936528,0.007935555061463678,0.009277159213078198
2021-05-18,0.0019107907539352986,0.0001606687165327525,1.591970290333534,0.3858068912785726,0.6141931087214274,0.0016550109306291364,0.0019155438665342534
2021-05-19,-0.010807366135635044,0.007227754388629659,1.5794862977215038,0.3876740887840009,0.6123259112159992,-0.022223505155772056,-0.025846431332551434
2021-05-20,0.0015710020894483812,0.0002657736602469374,1.5452298677788139,0.3928918219369655,0.6071081780630344,0.0011603206915659146,0.0013676415316214762
2021-05-21,-0.02064025638377387,-0.00271022293756773,1.5603476447657685,0.390571960821158,0.6094280391788419,-0.0164113664063499,-0.019229458671247687
2021-05-24,0.015069324934787964,0.004209529823416602,1.6081165382614406,0.3834184498007883,0.6165815501992117,0.008299910407446964,0.00954701634572623
2021-05-25,0.005378905244637799,0.007163323875032379,1.6064848633325575,0.38365847201638303,0.616341527983617,-0.006128866131750439,-0.007054174245900999
2021-05-26,-0.006562756748324738,0.0016859350315305832,1.619759833734028,0.38171437973940836,0.6182856202605918,-0.009293566594683089,-0.010642464024769023
2021-05-27,0.0023695825664244996,-0.0029454044666445967,1.6203158144529597,0.3816333872750254,0.6183666127249745,0.007142068003689124,0.008176954813189377
2021-05-28,0.002650503357894074,0.0035870913136444305,1.6093949264950085,0.3832306063931917,0.6167693936068083,-0.0031225432031595874,-0.0035899623757073645
2021-06-01,0.003215094934082563,0.00021026250410649538,1.5514684034055055,0.3919311713463809,0.6080688286536192,0.002888879302540415,0.0033967255467689424
2021-06-02,0.0036677221164960194,0.0024173501113669005,1.5461512942418372,0.39274963835083815,0.6072503616491619,-6.986688682956294e-05,-8.232058360503006e-05
2021-06-03,-0.02575752920877039,-0.019030169765727356,1.6251060731154587,0.38093698774358725,0.6190630122564127,0.005168515249931321,0.005906635891246893
2021-06-04,0.015258581193736243,0.009940197809753748,1.5848603568701793,0.3868680941862669,0.613131905813733,-0.0004952442543902577,-0.0005747826025579716
2021-06-07,0.004376044401494861,0.0037040955757943195,1.5888741732145764,0.3862682900336987,0.6137317099663012,-0.0015092973940031085,-0.0017489811706016944
2021-06-08,-0.010213896064653505,-0.002425188495272401,1.58973752649716,0.3861395179119117,0.6138604820880883,-0.0063584829048897885,-0.007365784570635826
2021-06-09,0.009742033421510143,0.0005284853745930462,1.5891633273847448,0.3862251521266823,0.6137748478733177,0.008902183845147685,0.010314741929555572
2021-06-10,0.0010719592153869417,0.0005282062253282316,1.5780598734929907,0.38788858640629975,0.6121114135937004,0.00023841816626726244,0.00027743905646097184
2021-06-11,0.0041406793388421015,-0.00886914116295856,1.5758629170993048,0.3882194170201053,0.6117805829798947,0.0181172300040675,0.021100381410594733
2021-06-14,-0.0038036454082265303,-0.007137543538833557,1.526721886699347,0.3957697146108543,0.6042302853891457,0.007093398529780172,0.00842205693525646
2021-06-15,-0.012310851815877655,-0.005096566523605128,1.5045995119448112,0.39926542955504457,0.6007345704449555,-0.004642560311867116,-0.005560841511458475
2021-06-16,0.004371486644494382,0.0026961445133459883,1.521054793303774,0.39665936760125986,0.60334063239874,0.00027050310902979567,0.00032189277648580084
2021-06-17,-0.07035969165718825,-0.04608763171383434,1.5061382920080517,0.39902027880462526,0.6009797211953749,-0.0009453447450176733,-0.0011316351711703199
2021-06-18,0.004411094298109486,-0.0033262060275397465,1.4978245743621217,0.4003483712443551,0.5996516287556448,0.00939316742554993,0.01128161783893334
2021-06-21,0.0021958242599930955,0.007862449359187895,1.4968527337434137,0.4005041973383617,0.5994958026616383,-0.009573104557226457,-0.011502205670184583
2021-06-22,-0.006419366550551642,-0.0030867661069026164,1.4844616116846712,0.4025016910291147,0.5974983089708852,-0.001837180760605366,-0.0022184050886094433
2021-06-23,0.01005881434460787,0.003377807709884495,1.4877620451330045,0.4019677050529712,0.5980322949470288,0.005033440238084083,0.00606984126307182
2021-06-24,-0.002336407120018258,-0.0037592285578361695,1.4980065464933645,0.40031920709085955,0.5996807929091404,0.0032949418693851333,0.003957085549688193
2021-06-25,0.001343718901328561,0.0005631899153806241,1.493189216483393,0.4010927022259808,0.5989072977740192,0.0005027697928500185,0.0006049718844354317
2021-06-28,0.0052143116228184905,0.0016886187331002223,1.5274531958296362,0.3956552001239928,0.6043447998760071,0.0026350255424067645,0.0031276846749383434
2021-06-29,-0.013197065601864955,-0.009440282641204889,1.5204122036422034,0.3967604975705631,0.6032395024294369,0.0011560553316546113,0.0013760312658191547
2021-06-30,0.011325030065880703,0.0045382345010247516,1.5183077475874882,0.3970920555511888,0.6029079444488112,0.0044345934626059845,0.005282825500800222
2021-07-01,-0.003439715247037567,0.0028800403463464797,1.5136237640904013,0.3978320122072316,0.6021679877927684,-0.0077990127568067485,-0.00930809081481089
2021-07-02,0.01557047460977068,0.0037727074045654785,1.5100675613945764,0.3983956509299721,0.6016043490700279,0.009873431539503225,0.011800596555278714
2021-07-06,-0.012348535196490928,0.006114677753476183,1.5192759736525367,0.39693944230737216,0.6030605576926278,-0.02163841819397496,-0.02576742495099035
2021-07-07,-0.0016822940808743914,0.004460551993309192,1.496682195963671,0.4005315540827251,0.5994684459172749,-0.008358322833430522,-0.01004331610199716
2021-07-08,-0.005476888282407444,-0.0010546902104149325,1.4785342050341401,0.40346427254015876,0.5965357274598413,-0.0039174927305943115,-0.004741705064191783
2021-07-09,0.00939659558052175,0.005779075658564725,1.463109458216092,0.40599088954993107,0.5940091104500689,0.0009411753247293101,0.0011463258219278922
2021-07-12,0.00022885854598930777,-0.0024861878453038555,1.4847921884562396,0.40244814220109226,0.5975518577989077,0.003920330837731322,0.004733189587375867
2021-07-13,-0.003890578117922594,0.002160079985634278,1.5131932420156358,0.39790016274195383,0.6020998372580462,-0.007159196554397614,-0.008545936422289338
2021-07-14,0.00501629408182902,0.00823478734001215,1.5199378442337224,0.39683518475991847,0.6031648152400815,-0.007500070835472198,-0.008928875987121259
2021-07-15,0.004915023571517851,0.0022474239303842403,1.5055599545285612,0.39911238132322285,0.6008876186767772,0.0015313921010821543,0.0018335926446074163
2021-07-16,-0.02267296958308651,-0.007602288464482521,1.5116849530942291,0.39813910529187446,0.6018608947081255,-0.011180704502246452,-0.013354427061171709
2021-07-19,-0.025255109817758248,-0.003196499767497918,1.5018909368875528,0.39969767876614076,0.6003023212338593,-0.020454315787189956,-0.024526627622668357
2021-07-20,-0.005930119044184945,0.001216383757163264,1.510472896073619,0.39833132696393597,0.601668673036064,-0.0077674337406042505,-0.00928203656699802
2021-07-21,0.010449677479608566,-0.004417692800345763,1.5096866267924143,0.39845612170236655,0.6015438782976334,0.017119009221567696,0.020463522065438736
2021-07-22,0.005032050756421214,0.0011647765031341795,1.4897651609106215,0.40164430593697203,0.598355694063028,0.0032968073018046114,0.003972431641623765
2021-07-23,-0.005795362131177262,-0.0019944463079986097,1.4926289501035215,0.40118285553831384,0.5988171444616861,-0.0028183938324314525,-0.003392073857179266
2021-07-26,0.0030533612121776965,-0.0014988748782024386,1.4885467884741117,0.40184094774973644,0.5981590522502636,0.005284506598450462,0.006370593419733209
2021-07-27,-0.02621071772333683,0.0004447928225070896,1.4889595588325053,0.40177430623624494,0.5982256937637551,-0.02687299624810885,-0.03239063827221944
2021-07-28,0.009093899442337516,0.0,1.487261122979002,0.4020486593712751,0.5979513406287248,0.009093899442337516,0.010968570237746954
2021-07-29,0.036530375193480014,0.01761597731140596,1.4145937773598622,0.41414833806679013,0.5858516619332099,0.011610923306652626,0.014425933772613433
2021-07-30,-0.009160070703083445,-0.010157260857305284,1.4609757118238553,0.4063428969231433,0.5936571030768567,0.005679440708098725,0.006923401170696191
2021-08-02,0.0011359812265727687,0.00303431538898824,1.4521227942512258,0.4078099197741676,0.5921900802258324,-0.0032702173147243297,-0.0040008811822854675
2021-08-03,0.00035218446913498624,-0.00440019806799774,1.4034400780654617,0.4160702857234968,0.5839297142765033,0.006527598789189229,0.008147819679918943
2021-08-04,-0.004693766694243151,0.0002209957568410914,1.4181068008290887,0.41354666371937465,0.5864533362806253,-0.005007162279973875,-0.006212085766754079
2021-08-05,-0.006641465217983145,-0.0029826149760080467,1.4207165987504404,0.4131008150711215,0.5868991849288785,-0.002404014613886866,-0.0029793011893186555
2021-08-06,-0.03817700424405246,-0.024984752199831983,1.4229610281416882,0.4127181528656113,0.5872818471343888,-0.002624675565914232,-0.003249753754306875
2021-08-09,-0.04347651784922746,-0.020795440673828103,1.4253725091400238,0.41230779858825684,0.5876922014117432,-0.01383526839730059,-0.017113167167306056
2021-08-10,0.0052462546700515755,0.0031333551918095726,1.4763407164685491,0.40382165238799467,0.5961783476120054,0.000620354821224983,0.0007515381269217955
2021-08-11,0.004149382671627677,0.012494201166051155,1.475880243857401,0.4038967565095185,0.5961032434904815,-0.014290561992127325,-0.017315734911955295
2021-08-12,-0.015719577997709733,-0.0007998311211925291,1.4050054248116277,0.4157994779069262,0.5842005220930738,-0.014595810933501064,-0.01820679169733384
2021-08-13,0.028695092834758462,0.014979960647155455,1.4035856665757502,0.4160450837704663,0.5839549162295338,0.007669434784542267,0.009572491912221048
2021-08-16,0.0005049241743040334,0.006590848109512271,1.4621067457239632,0.4061562325584539,0.5938437674415462,-0.009131599306655887,-0.011126567914874234
2021-08-17,-0.005550881651427031,-0.001063307621077203,1.4505749234435117,0.40806750711168416,0.591932492888316,-0.004008474280386065,-0.0049071843207553305
2021-08-18,-0.009979704578741533,-0.0019047755821078871,1.4451605289033034,0.4089711036062394,0.5910288963937607,-0.007226998091060401,-0.008866900155183474
2021-08-19,-0.008200979728026025,-0.0007858242216253197,1.436423609951204,0.41043765785048675,0.5895623421495133,-0.007072203262811889,-0.008708095629093247
2021-08-20,-0.004952617335006737,0.0004494151500220589,1.44153872002774,0.4095777764231559,0.590422223576844,-0.00560046667513061,-0.006881480063195942
2021-08-23,0.023544714840435743,0.012464879939289686,1.444291500519175,0.40911650667999166,0.5908834933200082,0.005541794689127681,0.006801719051860937
2021-08-24,0.010190672759579078,0.0013309807448158573,1.4648605755787951,0.40570246037757385,0.5942975396224262,0.008240971539643828,0.010030147288605192
2021-08-25,-0.004981142077916223,-0.009636699517796554,1.4697057199385566,0.4049065408589971,0.5950934591410029,0.009181970324718503,0.011153519527355191
2021-08-26,-0.009465330963623897,0.002236886315413855,1.4520989192873976,0.40781389043253163,0.5921861095674684,-0.012713511164805125,-0.015554239347529815
2021-08-27,0.021829607971236564,0.013614565940651913,1.4443944363970393,0.4090992783774981,0.5909007216225018,0.0021648046725983167,0.0026568600881646254
2021-08-30,-0.004156291923916311,-0.004183626383395755,1.4649837812247135,0.405682182421158,0.5943178175788421,0.001972652874462276,0.0024008103698136794
2021-08-31,0.0,0.0033167495854062867,1.4584103933183035,0.4067669103246118,0.5932330896753882,-0.004837182067390702,-0.005902816812690404
2021-09-01,0.009056801736037512,-0.0010468454071970168,1.4554444999062803,0.4072582377806414,0.5927417622193586,0.01058042712619456,0.012926898319141476
2021-09-02,-0.012491212524488815,-0.002426796356136185,1.4527965028437957,0.40769790679356827,0.5923020932064318,-0.008965571265180099,-0.010965733914067471
2021-09-03,0.03715179603137275,0.012274049782443841,1.4529305146395772,0.4076756328937167,0.5923243671062832,0.019318454564254833,0.023626989573033292
2021-09-07,-0.017284529177497676,-0.0191162813552318,1.5022024835107215,0.39964791282476364,0.6003520871752362,0.011431996149821235,0.013706320202090373
2021-09-08,-0.013232535069694129,-0.0028955249019967377,1.4881174157772703,0.40191029316339844,0.5980897068366016,-0.00892365403521601,-0.010759525228147231
2021-09-09,0.005039159349483846,0.0037415945858505495,1.5006171769012835,0.39990127606784687,0.6000987239321531,-0.0005755417550443323,-0.0006904796468176697
2021-09-10,-0.011519491344179289,-0.0043396287538539635,1.4986874647856723,0.4002101159481248,0.599789884051875,-0.005015744128954886,-0.006022054618245483
2021-09-13,-0.004275803177288706,0.0013410954664752062,1.5000611525065983,0.3999902158382747,0.6000097841617253,-0.006287528388350878,-0.007544849511437242
2021-09-14,0.0037468443389776507,0.007087026323590928,1.5023060639539934,0.39963136980128655,0.6003686301987136,-0.006900038282354576,-0.008272415251376026
2021-09-15,-0.00348117939141801,-0.006815496808666444,1.5037540647474053,0.3994002502401874,0.6005997497598126,0.006767651637887123,0.008109005273131593
2021-09-16,-0.04238393604525936,-0.021089069578919428,1.5037596934904578,0.3993993523419628,0.6006006476580373,-0.010671043239264544,-0.012786023275726026
2021-09-17,-0.020086177750433643,-0.0029636106487113123,1.551612765263513,0.39190899716976724,0.6080910028302328,-0.015487801636622289,-0.018209426423318766
2021-09-20,-0.0059206086131740054,0.0070881583634456735,1.5548988245026698,0.3914049317372313,0.6085950682627687,-0.01694197772038445,-0.01989352089942231
2021-09-21,0.01849929366223768,0.00805991076076995,1.5332524739779863,0.3947494417837051,0.6052505582162949,0.006141415548245361,0.007272961078294867
2021-09-22,0.013112990190838891,0.000394116650830556,1.5498203271214752,0.3921844960460068,0.6078155039539932,0.012502180194124659,0.01470948371672744
2021-09-23,-0.009926069700754159,-0.01632239590082285,1.5491954174260667,0.3922806361427184,0.6077193638572816,0.015360511230214619,0.018076893350597884
2021-09-24,-0.011218077372040502,0.0011443611923540598,1.4899449977693686,0.4016152970832109,0.598384702916789,-0.012923112606229824,-0.015570359125772336
2021-09-27,0.012015324900151336,0.00017148587557769268,1.4792698047374888,0.40334456463316726,0.5966554353668329,0.011761651022470286,0.014231994033076572
2021-09-28,-0.010018947211219209,-0.00811425781249997,1.4845666953009287,0.402484667403497,0.5975153325965029,0.002027209694303613,0.0024477624587068043
2021-09-29,-0.043290265634221003,-0.008238304197409896,1.4657437957124086,0.40555713928546155,0.5944428607145384,-0.031215022369675955,-0.037978425524932406
2021-09-30,0.02618949085461031,0.019634068445033348,1.5483317228968656,0.3924135900420494,0.6075864099579507,-0.004210560168363159,-0.004956843095266325
2021-10-01,0.02220609066198631,0.0009684675694106026,1.5461801477854833,0.39274518767642613,0.6072548123235739,0.02070866533238958,0.024399685957492933
2021-10-04,0.0047978587533363815,0.0052361702742600436,1.5524392432054448,0.39178209732591485,0.6082179026740852,-0.003330977464530727,-0.003915052011597619
2021-10-05,-0.0015916216308750064,-0.003736822425772557,1.5476525057700192,0.39251820950273336,0.6074817904972667,0.004191680959989493,0.004935933315665323
2021-10-06,-0.003365521705697705,0.0005114937636678807,1.5460047166676913,0.3927722495773057,0.6072277504226943,-0.004156293476874358,-0.004897430216446268
2021-10-07,0.005598482528174964,-0.0014768392990273105,1.5485757495638968,0.39237601635780944,0.6076239836421906,0.007885480052651602,0.009282219750385214
2021-10-08,0.002076744656819729,-0.0009101630147998474,1.558398503313917,0.39086952197036184,0.609130478029638,0.0034951413368554934,0.004098432670666674
2021-10-11,-0.0017197170675190554,-0.0009679856487631033,1.5563121164090072,0.39118853819961363,0.6088114618003865,-0.0002132292738390041,-0.00025023854380333554
2021-10-12,-0.0065812796759529,0.002108784505683081,1.5413228489337945,0.393495852138404,0.606504147861596,-0.009831597418039791,-0.011606078411679899
2021-10-13,0.02925618997874868,0.020133026992374514,1.5247265243759376,0.39608250253844035,0.6039174974615596,-0.0014411702925014487,-0.001712467008114095
2021-10-14,0.01326187758939934,0.0016725205339054305,1.5249138192585292,0.39605312164423173,0.6039468783557682,0.010711427914253295,0.01272688338812154
2021-10-15,-0.005457037125400466,-0.0164189908174478,1.5451985215488926,0.3928966607254845,0.6071033392745155,0.019913563211044715,0.023471917466295976
2021-10-18,-0.0036436508786574784,-0.0013580253565299572,1.478605252285226,0.40345270755721163,0.5965472924427884,-0.0016356674537557673,-0.0019797433886429234
2021-10-19,0.026631651696787717,0.002776463173266297,1.4781030082872884,0.403534476434512,0.5964655235654881,0.022527753127983934,0.02727217519124081
2021-10-20,0.023552103183230866,0.00813698638830096,1.4931213865073927,0.40110361469438816,0.5988963853056118,0.011402594785139155,0.013720865955644082
2021-10-21,-0.01121848060281716,-0.0016254831308486484,1.5145382136320151,0.3976873346281716,0.6023126653718284,-0.008756624285532673,-0.01044719571736142
2021-10-22,0.011552846392089977,0.008028323164233742,1.5168738267040267,0.3973182880246129,0.6026817119753872,-0.0006251068880578393,-0.000745099195786603
2021-10-25,0.005853683902162343,0.005847953216374213,1.4803960352091847,0.4031614249519089,0.5968385750480911,-0.0028036028534468415,-0.003390913564184598
2021-10-26,-0.01977861187839136,-0.007364368121885345,1.4901785422708573,0.40157763109149375,0.5984223689085063,-0.008804388525774287,-0.010606936462168698
2021-10-27,0.004276290443752773,0.0029006935816493495,1.5041147154720877,0.3993427273204915,0.6006572726795085,-8.668545748144983e-05,-0.00010385162102900022
2021-10-28,-0.0029765016595960647,0.002057929318445284,1.510953407540998,0.39825509983449275,0.6017449001655072,-0.00608593697577949,-0.007271266313626476
2021-10-29,-0.007131935185737293,-0.01032414289408956,1.5088928015426553,0.3985821950563711,0.6014178049436288,0.0084460897092522,0.01009938292787031
2021-11-01,0.0049697006772939645,0.0067863015064146825,1.4897529929240911,0.4016462688636232,0.5983537311363768,-0.005140212302772578,-0.006193641277726495
2021-11-02,-0.02343746656155532,-0.0035652746371263033,1.4805947194529576,0.40312913357347174,0.5968708664265283,-0.018158739760426555,-0.02196095107922073
2021-11-03,-0.01165958161049696,-0.014032524331145213,1.4346603855492015,0.41073490411042435,0.5892650958895757,0.008472325156652381,0.010439638982429856
2021-11-04,0.029277547149312078,0.0166704608874213,1.402845227497228,0.4161732884650198,0.5838267115349801,0.005891470653213899,0.0073556181469295635
2021-11-05,0.010290315757710777,0.013050766544373982,1.462213367218675,0.4061386447306975,0.5938613552693024,-0.008792689535923135,-0.010713153034972825
2021-11-08,0.015940718038722546,0.006055934734722435,1.4340045564868076,0.41084557435807745,0.5891544256419226,0.0072564800353438486,0.008943878123816295
2021-11-09,-0.00912910807336964,0.001532191485392076,1.419045461401245,0.4133861954875146,0.5866138045124855,-0.011303357446712898,-0.014017955793396335
2021-11-10,0.018673157493982462,0.009507171280887183,1.4287254918525851,0.4117385860833614,0.5882614139166384,0.005090019529570149,0.006287272332725729
2021-11-11,0.02156096388143869,0.008443372911925984,1.437818730703111,0.4102027716029493,0.5897972283970507,0.00942092415836024,0.011593467602461662
2021-11-12,0.001699508579374731,0.002522581239459143,1.4496485713433358,0.40822182075350544,0.5917781792464945,-0.0019573477105047166,-0.0023970961386898222
2021-11-15,-0.009351306542098925,-0.0009636751456704173,1.4461025870152138,0.4088135981329471,0.5911864018670528,-0.007957733420902672,-0.009759688898346082
2021-11-16,-0.00649221749046347,-0.006698462120752757,1.4489505138503602,0.40833818174126796,0.591661818258732,0.0032135226414084107,0.003936611977131322
2021-11-17,0.008940008441761016,0.008685787547471291,1.430045338893759,0.4115149557066432,0.5884850442933568,-0.003481061555121758,-0.004297526675004083
2021-11-18,-0.01056942621750645,-0.004653126918264139,1.421840611026427,0.41290908883395877,0.5870909111660412,-0.0039534213968582515,-0.004897210880260251
2021-11-19,-0.004859177827846839,-0.005266012266590514,1.4473509481094677,0.40860506776622335,0.5913949322337767,0.0027625900189590285,0.003386424845721139
2021-11-22,-0.01949151687861095,-0.024416568908864678,1.448291255556517,0.4084481361155259,0.5915518638844741,0.015870786362790892,0.019447179325708937
2021-11-23,-0.03547768809603169,-0.012458471760797396,1.362955434558472,0.4231988404753194,0.5768011595246805,-0.018497346303359623,-0.02348416652235669
2021-11-24,0.0026029795333795125,0.0003364034684258943,1.4107454898658935,0.4148094455444273,0.5851905544555728,0.0021283998575224385,0.0026486410943871623
2021-11-26,-0.016556006731570316,0.000672649099607403,1.4144061443726448,0.4141805231612506,0.5858194768387494,-0.017507405751061755,-0.021753679419513134
2021-11-29,-0.013329318383920152,-0.0016803898044864818,1.412968028717733,0.4144273724718211,0.5855726275281788,-0.01095498131439751,-0.013620132364810973
2021-11-30,-0.0014913108928941154,-0.004881374069370614,1.4122087406502004,0.4145578212814428,0.5854421787185572,0.005402208234254304,0.006718583027103403
2021-12-01,-0.020470002888881345,0.004510599971877527,1.3531790202998368,0.4249570438005104,0.5750429561994895,-0.02657365213979105,-0.033877981968926135
2021-12-02,-0.0008520157815801177,-0.011731042153381721,1.365578089286532,0.4227296509588504,0.5772703490411495,0.015167638347574657,0.019235431393620925
2021-12-03,0.007405700318385167,0.01209748930472121,1.319867341941447,0.43105913080491987,0.5689408691950801,-0.0085613807344023,-0.011071384013584326
2021-12-06,-0.009668035504812988,-0.002525252525252486,1.299049116109257,0.43496243424861103,0.565037565751389,-0.006387608443931077,-0.008335109153397732
2021-12-07,0.01165191935316967,0.002869184577179995,1.2974080175712666,0.43527313927334615,0.5647268607266538,0.00792941627884452,0.010354385748893488
2021-12-08,-0.004313608937455693,0.00044881007465624734,1.3044023608238493,0.4339519942352814,0.5660480057647185,-0.00489903785839883,-0.006377841745458944
2021-12-09,-0.018579654765628728,-0.004934422287571905,1.311286947441132,0.4326593896561041,0.567340610343896,-0.012109211226773078,-0.015717491815777453
2021-12-10,0.008464499351385157,0.004677137914072427,1.3319927761919668,0.42881779489598265,0.5711822051040173,0.0022345854365871214,0.002874689998271899
2021-12-13,0.005866474233320762,0.0019070191079164633,1.2678111392278308,0.4409538266667527,0.5590461733332472,0.003448734165583949,0.004562197582411837
2021-12-14,-0.01807993578849909,-0.008901093869696508,1.2568731504156165,0.44309091976030823,0.5569090802396918,-0.006892389894348509,-0.009161866132900607
2021-12-15,-0.01731620254689048,-0.004405811523136682,1.2945283373207428,0.43581941601456636,0.5641805839854337,-0.011612754681295781,-0.015183191890568248
2021-12-16,0.04403015292310841,0.01928968595877656,1.2900782086961828,0.4366663095621232,0.5633336904378767,0.019144949415098037,0.025079863223533172
2021-12-17,0.0023157446427541917,0.004007610675737183,1.3719649419626896,0.4215913913013179,0.5784086086986822,-0.0031825567053926284,-0.0040252155279654495
2021-12-20,-0.010307919814578681,-0.005599344374567328,1.4206794601419583,0.4131071529566976,0.5868928470433025,-0.002353046271369459,-0.002916180737822429
2021-12-21,0.010190850463436485,-0.0032334988658628827,1.4248259296752752,0.41240073679594674,0.5875992632040533,0.014798023491093515,0.018308147372552083
2021-12-22,0.01288769877149698,0.007662593536998719,1.4126135487702969,0.4144882633647222,0.5855117366352777,0.00206341532241288,0.0025657843007612195
2021-12-23,0.006098628469705769,0.005328583323728875,1.4208570920312955,0.4130768409633461,0.5869231590366539,-0.0014725269362940952,-0.001824800325233398
2021-12-27,0.0020932508919979664,-0.0017115590048087936,1.3534468751524305,0.42490867780273606,0.575091322197264,0.004409755078695432,0.0056212295997671285
2021-12-28,0.0057443739482356815,0.0011614266989063982,1.3529423510611087,0.42499978783969317,0.5750002121603068,0.004173030579632117,0.005320611332976604
2021-12-29,-0.011379883500786558,-0.0028173548356554834,1.3512675397632155,0.42530251580843287,0.5746974841915671,-0.007572883363370375,-0.009662299039095741
2021-12-30,0.007878164764605122,0.004210279590453503,1.3599821900012097,0.4237320112994104,0.5762679887005895,0.002152259506662771,0.0027359437487894786
2021-12-31,0.013027585489440163,0.008164643474810607,1.366375952767461,0.4225871205420705,0.5774128794579295,0.001871612982539187,0.0023727586231811707
2022-01-03,-0.0230623379575311,-0.015376183631156004,1.3703430860556738,0.42187985607772577,0.5781201439222743,-0.0019916910286540447,-0.0025207629735595934
2022-01-04,0.01088192985175418,0.008113802038371976,1.3806440412348446,0.4200543981708824,0.5799456018291176,-0.00032034258428322547,-0.0004036839343487843
2022-01-05,0.004861511902052529,0.0058434264531077584,1.3819962467467677,0.4198159427689102,0.5801840572310897,-0.0032140815242831713,-0.004047967995759225
2022-01-06,-0.04215982065814328,-0.01967555896877282,1.378645321970368,0.42040735992184103,0.5795926400781589,-0.015034203328692507,-0.018961469189831312
2022-01-07,0.009921498848829868,0.004640268940963033,1.444256083748541,0.4091224346944809,0.5908775653055192,0.0032197622006146093,0.0039518308519581255
2022-01-10,0.002322052686739129,0.0007790898241861743,1.4447636979239509,0.4090374872832012,0.5909625127167989,0.001196451991332991,0.001468181148569487
2022-01-11,0.016038520184280092,0.011232179102341977,1.440775303484647,0.4097058826235744,0.5902941173764256,-0.00014452607069058085,-0.00017763954406320448
2022-01-12,0.01727619974120409,0.004728898988996644,1.5192694053506022,0.3969404772177717,0.6030595227822282,0.010091728186228097,0.012017446206580252
2022-01-13,-0.0019396583971595938,-0.003283712872338862,1.530010027825733,0.3952553503747931,0.604744649625207,0.0030844552260193055,0.0036574422932268667
2022-01-14,-0.010537740501581183,-0.0025806892696492723,1.5138297907277667,0.3977994069799351,0.6022005930200649,-0.006631016204574632,-0.007913442941562385
2022-01-18,0.025140772173604997,-0.0023121118479906277,1.4942371173097453,0.40092419163362797,0.5990758083663721,0.02859561551624422,0.03439402210534873
2022-01-19,0.03146422854336284,0.01699493788444606,1.4715730477475915,0.40460062505994954,0.5953993749400505,0.006454936004467546,0.007835013426388631
2022-01-20,0.020019838756370367,-0.0003255252530437458,1.4982860732585026,0.4002744164104893,0.5997255835895107,0.02050756870949976,0.024625965291579087
2022-01-21,-0.016065770683918457,-0.005807300500339174,1.4976440704646796,0.40037730428657625,0.5996226957134237,-0.0073685015241789255,-0.00885054233064686
2022-01-24,-0.021345690438420384,0.005404466688426757,1.4925927125872422,0.4011886879674087,0.5988113120325913,-0.02941235803298667,-0.03539971598784478
2022-01-25,0.00424458213193879,0.005972742733147518,1.4589002995538307,0.40668586692248193,0.5933141330775182,-0.004469054030608089,-0.005452503338283789
2022-01-26,-0.0037245021026650615,-0.012306324477091457,1.4561116118819892,0.4071476211269375,0.5928523788730624,0.014194879868015358,0.01733823471133533
2022-01-27,-0.0476330032614084,-0.020001079347303108,1.433858988016136,0.41087014692462126,0.5891298530753786,-0.01895427586925393,-0.023363238333750494
2022-01-28,-0.016363087567768386,-0.004684115421483281,1.5169212157437693,0.3973108072453084,0.6026891927546916,-0.00925765350792783,-0.011034497365296497
2022-01-31,0.004170048058309339,0.005658566557111833,1.512314040562587,0.3980394106208427,0.6019605893791573,-0.004387481595468784,-0.005239171765110568
2022-02-01,0.008975227037933298,0.0029526734418523493,1.5402844999455043,0.3936566947605485,0.6063433052394515,0.0044272699020473805,0.005228473309358488
2022-02-02,0.005089386072810065,0.004943566129181232,1.5263315016151455,0.39583087150703516,0.6041691284929648,-0.002456134640476897,-0.0029166417458357666
2022-02-03,-0.014794612124441664,-0.0034269021330998184,1.5516865767465928,0.3918976605955276,0.6081023394044723,-0.009477134084686409,-0.011142200030816223
2022-02-04,0.004469290791943026,0.001996658672178242,1.547326120980542,0.39256850222816,0.60743149777184,0.0013798086737993069,0.0016250082733044536
2022-02-07,0.026740815214794544,0.007749363549869104,1.5529154116208672,0.3917090223389312,0.6082909776610688,0.014706709127949821,0.017282251962996778
2022-02-08,0.005156850411663694,0.003295616873810525,1.5717098785209804,0.38884635018593594,0.611153649814064,-2.2903184724740178e-05,-2.6717459363547087e-05
2022-02-09,0.006078928628402869,0.004708187726313096,1.5529561714684503,0.39170276841251217,0.6082972315874879,-0.0012326805576070646,-0.0014485331609488993
2022-02-10,0.007841903229194536,0.0005448997529460264,1.553422484887938,0.3916312345169495,0.6083687654830505,0.006995443700958295,0.008218902757800347
2022-02-11,-0.006505373688773797,0.0025052269788561343,1.5536648166031084,0.391594070411403,0.6084059295885971,-0.010397656703427472,-0.012214982133706722
2022-02-14,0.020499876209265633,0.014776157350273156,1.5547492115870385,0.3914278534521159,0.608572146547884,-0.0024733427813575792,-0.0029044057672742464
2022-02-15,-0.021262318476917508,-0.007066355017063652,1.5566761678200645,0.39113283590101455,0.6088671640989854,-0.010262292028498776,-0.012041758151853309
2022-02-16,0.011269195975460056,0.008302729101975048,1.5697261810653853,0.38914651972196085,0.6108534802780392,-0.0017638152702036721,-0.0020591477214966254
2022-02-17,0.011567336939308781,0.016308416637958123,1.5736331747152073,0.38855576226812427,0.6114442377318757,-0.014096128509259568,-0.01643139587383437
2022-02-18,0.00490067310854192,-0.001104843289253865,1.6514704031545553,0.3771492221109698,0.6228507778890302,0.006725289100868606,0.007609312658591934
2022-02-22,0.013338402423941131,0.003950279203856821,1.5979767817357011,0.38491491033722897,0.6150850896627711,0.00702594797480454,0.008113176404267775
2022-02-23,0.01003658726219725,0.0016263446963136197,1.6049154906753398,0.3838896131485418,0.6161103868514584,0.007426441465905841,0.008552801224250646
2022-02-24,0.005334983391191983,0.008328108537978496,1.6038878705474244,0.3840411145621898,0.6159588854378101,-0.008022368877474172,-0.009242758455402612
2022-02-25,-0.02791059954534547,-0.020050894018732168,1.5822614114563145,0.387257461836922,0.6127425381630781,0.003815156325694666,0.004432343265598777
2022-02-28,0.015168576254085409,0.006838072840743337,1.5695395133847325,0.3891747897983275,0.6108252102016725,0.004435950735135757,0.005179080584706583
2022-03-01,0.04815074638785233,0.022638727728386154,1.5984002887637228,0.3848521739796234,0.6151478260203765,0.011964997449556598,0.013814265840367518
2022-03-02,-0.013746370592141566,-0.011068780750497331,1.7094415502198614,0.3690797463111369,0.6309202536888631,0.005175063133032353,0.005730032964851098
2022-03-03,0.0008735797417964708,0.007027955556467846,1.7248257171033154,0.36699594903378685,0.6330040509662131,-0.011248418740658413,-0.012384372332572101
2022-03-04,0.02289227002789862,0.015870528734703848,1.7066187344055477,0.36946467091517754,0.6305353290848225,-0.004192671635668541,-0.0046471321383830255
2022-03-07,-0.002676295292965092,0.014655767740029413,1.6929205870441875,0.37134403621520207,0.6286559637847979,-0.02748734621899895,-0.030621786269423232
2022-03-08,0.04569677495399649,0.02317064577269945,1.620910241888376,0.38154683209582024,0.6184531679041796,0.008139237909860347,0.009316501320544263
2022-03-09,-0.04206339252678004,-0.026567301514872188,1.6415906201691541,0.3785597936200898,0.6214402063799102,0.0015492404432399035,0.0017594404273823736
2022-03-10,0.017276844949002834,0.0061432856749545905,1.6321987447346002,0.37991052233437195,0.6200894776656282,0.007249781781795901,0.008262805150596884
2022-03-11,-0.0036637953311959848,-0.007707334268670207,1.6374302282370456,0.37915694955405,0.6208430504459501,0.008956426779451876,0.010187674369803534
2022-03-14,-0.03301928251517505,-0.011650767213810753,1.6170779921482437,0.3821055402247085,0.6178944597752916,-0.014179083262079374,-0.01625371880924388
2022-03-15,-0.0047932297735586715,-0.01587057357287336,1.637500923125831,0.3791467867297848,0.6208532132702153,0.021194849102557874,0.024107876797372446
2022-03-16,-0.018031251425880357,-0.010630023334197602,1.5425651044354818,0.3933035965354472,0.6066964034645528,-0.001633748371212225,-0.0019276773306950885
2022-03-17,0.03704902937448318,0.01787210460478894,1.5477247906313585,0.3925070728507483,0.6074929271492517,0.009387930016894478,0.01105448679317679
2022-03-18,-0.020676959669536088,-0.007157213628957937,1.5688411772887163,0.3892805864531688,0.6107194135468312,-0.009448428213774873,-0.011034269028356847
2022-03-21,0.009060039116823404,0.0002074600270678406,1.5915462063550927,0.3858700252180572,0.6141299747819429,0.008729856897773258,0.010105770303881392
2022-03-22,-0.015702846515316504,-0.00409624832213451,1.589444807116123,0.38618316839651234,0.6138168316034878,-0.009192085891041675,-0.010649486560726059
2022-03-23,0.011452676101699755,0.00827824481609496,1.5981590269518209,0.38488791087326446,0.6151120891267354,-0.0017772755784595216,-0.0020521556533180697
2022-03-24,0.029002762813809868,0.012909222511187979,1.598523199112089,0.38483397044201817,0.6151660295579819,0.008367071147175865,0.009659799631615618
2022-03-25,-0.011776073732355119,-0.003976308551636554,1.61320143635689,0.38267237499843004,0.6173276250015699,-0.0053614870654568455,-0.006155078966585202
2022-03-28,-0.01637033520227915,-0.00726792552324107,1.613180719088266,0.3826754088209017,0.6173245911790983,-0.004645857880417159,-0.0053335666911373345
2022-03-29,-0.018271408521929877,-0.014229725682276206,1.6182127740239478,0.3819399286113381,0.6180600713886619,0.004755315347986115,0.005448734413602649
2022-03-30,0.015657915674445633,0.01124476987447709,1.6075288335103495,0.3835048675775385,0.6164951324224615,-0.0024183761249648404,-0.0027823770466719674
2022-03-31,0.0007170317726299391,0.008119964402314439,1.608547644592464,0.3833550834591833,0.6166449165408168,-0.012344317840887607,-0.014196770988420463
2022-04-01,-0.0190677156970136,-0.015442220572518095,1.5983951519808814,0.3848529347961768,0.6151470652038232,0.005615054801918755,0.006482910958679394
2022-04-04,-0.002353727948555262,0.0052628709887059255,1.5875465524365782,0.3864664769251569,0.6135335230748432,-0.01070878064259384,-0.012415754181322677
2022-04-05,-0.002277894431075733,-0.003265564439800861,1.5477915499910777,0.3924967880529716,0.6075032119470284,0.002776518614799387,0.0032693239148341357
2022-04-06,-0.0029761886247120506,-0.0023402152700950918,1.5443952036592634,0.39302070628094005,0.6069792937190599,0.0006380286139529767,0.000752275369449744
2022-04-07,0.011367813485871237,0.008027535559882004,1.5440676762603935,0.39307130440410765,0.6069286955958924,-0.001027244692173447,-0.0012113412332844398
2022-04-08,0.0034771537296174326,0.004033471176370762,1.5449188414689794,0.39293983906487934,0.6070601609351206,-0.0027542318872798063,-0.0032467423036052594
2022-04-11,0.00640639812903232,0.0013906434261119482,1.5382165866462831,0.3939774112505067,0.6060225887494933,0.004267287344876306,0.005043644463589247
2022-04-12,0.02990630640702041,0.014298166980229343,1.540677007503761,0.3935958789907378,0.6064041210092623,0.007877449291131579,0.009301594733843687
2022-04-13,0.01146744691620838,0.00451296816806579,1.55248270894264,0.39177542574392116,0.6082245742560789,0.0044611418692776985,0.005243297265420907
2022-04-14,-0.012682548727918741,-0.005098422809660552,1.5707865267673355,0.38898601248601583,0.6110139875139842,-0.004674014870740682,-0.005454379220609278
2022-04-18,0.017516498491086052,0.006088588894085367,1.562043470804724,0.39031343979729793,0.609686560202702,0.00800585796266585,0.009374381879810082
2022-04-19,-0.02865335346045883,-0.01371731953567601,1.5734791148593312,0.3885790229366835,0.6114209770633166,-0.007069437659220731,-0.008241105534995359
2022-04-20,-0.004765479357013769,-0.001738458060354664,1.58080605069476,0.3874758429564272,0.6125241570435728,-0.0020173143363260396,-0.002344981718928053
2022-04-21,-0.02568263379857949,-0.0037904134758919295,1.5999387671902858,0.38462444293666376,0.6153755570633362,-0.019618204334819513,-0.022636922741092785
2022-04-22,-0.01478414021154284,-0.007146909475848284,1.6167346152991375,0.38215568141811085,0.6178443185818892,-0.003229484269529504,-0.0037024972849533534
2022-04-25,-0.02428167962424521,-0.019575374846258375,1.65332172568574,0.3768860708897087,0.6231139291102913,0.008082712897515915,0.00913878571822303
2022-04-26,-0.005323620693879039,0.0043313297346705415,1.5826129197808958,0.38720475389120185,0.6127952461087981,-0.012178439091799796,-0.014146648533957997
2022-04-27,-0.0035680755433861178,-0.00815188797779498,1.569740042609711,0.3891444206101274,0.6108555793898727,0.009228269438227365,0.010773388691319403
2022-04-28,-0.0140250861307184,0.0014846634082219534,1.559284546554429,0.3907342000506752,0.6092657999493246,-0.01634009883999372,-0.019153906346981737
2022-04-29,-0.0038479309815057094,0.010907025037761198,1.5562848991681864,0.39119270325674554,0.6088072967432545,-0.020822369342622778,-0.024436676854052968
2022-05-02,-0.021527789505543016,-0.024878226986457253,1.5279195136545582,0.39558221478116673,0.6044177852188333,0.016484138972192454,0.019562496610141315
2022-05-03,0.0034155279528855775,0.00375980224321415,1.4631090445381278,0.40599095773590316,0.5940090422640968,-0.0020854727148357866,-0.0025400491944848258
2022-05-04,-0.011449572294717991,-0.0009632110344034439,1.4620793006550694,0.40616076002667195,0.593839239973328,-0.010041281379154159,-0.012235123429796765
2022-05-05,0.0016993161453031647,0.003749330476700674,1.448115959685423,0.408477382798688,0.5915226172013119,-0.0037301491561420362,-0.004571044694248901
2022-05-06,-0.0033481632530376615,0.003842023037286646,1.4463861883458158,0.40876620574618866,0.5912337942538113,-0.008905212309475507,-0.01092044954132567
2022-05-09,-0.024322560195749965,-0.012810959074778139,1.4426072422817982,0.40939860600177175,0.5906013939982283,-0.005841377853899297,-0.007174355851547982
2022-05-10,-0.017996520327729137,-0.009261726023365169,1.4502288503094205,0.40812514303458547,0.5918748569654146,-0.004564898044983428,-0.005589149002641482
2022-05-11,0.007480123982123166,0.006902522421520896,1.4567937425612836,0.4070345762756091,0.5929654237243909,-0.002575427489437433,-0.0031448641106751676
2022-05-12,-0.0367981111671859,-0.015545680199366085,1.4549748033387542,0.4073361562163509,0.5926638437836491,-0.014179538176346065,-0.017327515733027436
2022-05-13,0.010936035225256768,-0.008992227204183023,1.4720050715093738,0.4045299144104964,0.5954700855895037,0.024172639273978735,0.029335667089735267
2022-05-16,0.026258130705560045,0.0033750002785990496,1.4429949311669477,0.40933363685790747,0.5906663631420925,0.02138802241085458,0.02626451099590061
2022-05-17,0.009380063419453188,0.0025916466346154188,1.4806532535323698,0.4031196212433288,0.5968803787566713,0.005542733397903652,0.006703153764047007
2022-05-18,-0.009384853947475569,-0.001264947101296654,1.4837187292453284,0.402622079636146,0.597377920363854,-0.0075080282417771356,-0.00906869383401368
2022-05-19,0.016950715417360707,0.013932444747874362,1.4791415730188044,0.40336542732503927,0.5966345726749608,-0.0036573428230077566,-0.004425736952030069
2022-05-20,-0.010457579872725553,0.00032592747782111964,1.4711582658066813,0.4046685369516636,0.5953314630483363,-0.010937070775775617,-0.013277665288109745
2022-05-23,0.0024919906587539398,0.003257682615340096,1.4770197290768332,0.4037109548468121,0.596289045153188,-0.0023196708351739988,-0.002809429583395192
2022-05-24,0.015651620829304713,0.009362445232526273,1.4838252787219595,0.4026048082232842,0.5973951917767157,0.0017593879226323363,0.0021250141115452606
2022-05-25,-0.009200884626629824,-0.010133518128498609,1.4815921610667662,0.4029671013991793,0.5970328986008208,0.005812856396581682,0.0070271696789405945
2022-05-26,0.003705369264779046,0.0006500234394577475,1.417217158239007,0.4136988671421317,0.5863011328578683,0.002784144893121992,0.003455392764732358
2022-05-27,0.005423612473630657,0.0021110882118231533,1.423122291268623,0.41269068573359174,0.5873093142664083,0.0024192757805507107,0.00299523774256243
2022-05-31,-0.018540362947875644,-0.004645436952099624,1.4338939931315835,0.4108642376463341,0.5891357623536659,-0.0118792988067885,-0.014642337144072492
2022-06-01,0.010761707034373513,0.00032566216538310044,1.4368258938259049,0.4103699006702378,0.5896300993297623,0.01029378720251166,0.012672781295445827
2022-06-02,0.016907280146570614,0.012586095891780724,1.4988512873873259,0.4001838785074522,0.5998161214925479,-0.0019574058840052568,-0.0023499668354236003
2022-06-03,-0.016356624659685126,-0.011304567686009959,1.4450167960079332,0.4089951454046189,0.5910048545953811,-2.133448179220121e-05,-2.6177098448199737e-05
2022-06-06,0.00840566561851075,-0.0033597448575715116,1.429594714414444,0.4115912806638657,0.5884087193361344,0.013208739108676091,0.01630980553708464
2022-06-07,0.0038507290981621978,0.004512858334319025,1.410085212223982,0.41492308858126165,0.5850769114187384,-0.0025127857039228107,-0.003127838415643478
2022-06-08,-0.0038359578635974723,0.002381609967016196,1.4186772629780278,0.4134491258121545,0.5865508741878456,-0.0072146937730852,-0.008948726500453412
2022-06-09,-0.012548633114300212,-0.0016739432718125835,1.3808788313370424,0.42001297455294057,0.5799870254470595,-0.010237120285395147,-0.01289917002577519
2022-06-10,0.0053217973616512815,0.012278207795517693,1.44081706474469,0.40969887274391054,0.5903011272560895,-0.012368853954611892,-0.01520251656701566
2022-06-13,-0.030894904507663745,-0.023243387656959658,1.4086091118938933,0.41517737148046335,0.5848226285195365,0.0018459431372116752,0.0022991814588298395
2022-06-14,-0.014126918261363142,-0.010120350109409149,1.343040179239753,0.42679592473931466,0.5732040752606853,-0.0005348814364532252,-0.0006848556518908415
2022-06-15,0.022258291217578163,0.0032053323172838155,1.3294171507316788,0.42929193669150073,0.5707080633084991,0.017997067461186546,0.023177987835541085
2022-06-16,0.021726948103220955,0.01674648902443132,1.3432494156044439,0.4267578147425031,0.5732421852574968,-0.0007677634922726509,-0.0009829472106040425
2022-06-17,-0.013444945251498419,-0.005472165494464498,1.3393857288894016,0.4274626401498736,0.5725373598501264,-0.006115604882091655,-0.007842577827037067
2022-06-21,0.008390105977075235,-0.0005447810052845448,1.3409882830041961,0.42717001501464047,0.5728299849853594,0.009120650921965057,0.011688205773837322
2022-06-22,-0.01595109527879035,-0.00016348346331829244,1.3061428283685994,0.43362448660971065,0.5663755133902894,-0.0157375625256203,-0.020472577411980972
2022-06-23,-0.01751763475578283,-0.004688490120111077,1.3006896120591278,0.43465228632253233,0.5653477136774675,-0.0114193643603125,-0.014890358482679607
2022-06-24,0.003993896701906419,0.0004382148488373261,1.301268446110184,0.4345429589886796,0.5654570410113205,0.003423661546497462,0.004463184056972299
2022-06-27,0.002036426241309952,-0.0030659598061524296,1.307678442644581,0.4333359368968269,0.5666640631031731,0.006045715785830243,0.007859477742794052
2022-06-28,-0.017108535608077236,-0.0018672219059124862,1.2977447040430132,0.43520935909043457,0.5647906409095655,-0.014685358268406206,-0.019173616080019433
2022-06-29,-0.00620289522248485,-0.0020908109095598704,1.3165234201388143,0.43168136842755356,0.5683186315724463,-0.003450293692967544,-0.004468282508571561
2022-06-30,-0.018676199595717424,-0.00529303404332937,1.326288834245585,0.4298692343267425,0.5701307656732575,-0.011656107644767918,-0.015031806205459427
2022-07-01,-0.03377376392154352,-0.0028822965701699177,1.347043807443854,0.4260678888175895,0.5739321111824104,-0.029891184175479472,-0.03820702120771284
2022-07-05,-0.0278103828595766,-0.020623700640629905,1.3605488540949568,0.4236302918557488,0.5763697081442511,0.00024916941422984534,0.0003166671350151515
2022-07-06,0.0017320511556269125,-0.015268488857152263,1.3513278626581868,0.42529160474860167,0.5747083952513983,0.02236478556898282,0.02853466663347322
2022-07-07,0.0019387297827031524,0.0017292062699769684,1.2778307354944316,0.4390141832829987,0.5609858167170014,-0.0002709031370830995,-0.00035679095842601786
2022-07-08,0.002353314344963664,0.00155357105353926,1.2787356878031677,0.4388398379647346,0.5611601620352655,0.0003667075952650464,0.00048277770505965106
2022-07-11,-0.00521732052094992,-0.006089840132491808,1.2760031574719402,0.43936670154304414,0.5606332984569559,0.0025533347166089666,0.0033655507571154755
2022-07-12,-0.00881099661995044,-0.0038728041455924345,1.2233019655177564,0.449781458168739,0.550218541831261,-0.004073387696581899,-0.005496402773565622
2022-07-13,0.012646188597912555,0.006325017138577804,1.211713393372677,0.45213814909131783,0.5478618509086821,0.004982080617786105,0.0067577661274486125
2022-07-14,-0.050632241506328945,-0.017126024684642305,1.2225960414552606,0.4499243143370501,0.5500756856629498,-0.029694031521020188,-0.04008020031599327
2022-07-15,0.02085968941785299,-0.0012320185309108167,1.2848834864640721,0.4376590779898063,0.5623409220101936,0.022442689683238023,0.029466740623131874
2022-07-18,0.013101144388592445,0.0039943178220718245,1.2700584420589318,0.4405172930671357,0.5594827069328643,0.008028127318403678,0.010609586744104536
2022-07-19,-0.006439268136813503,0.00046808381171348223,1.283590603804537,0.4379068640123002,0.5620931359876997,-0.00704009611932194,-0.009248719241872306
2022-07-20,-0.0016604251313562246,-0.0061403508771930015,1.2740493969265974,0.43974418557112743,0.5602558144288726,0.006162685200649222,0.008130014953472197
2022-07-21,0.002575263471781719,0.007766961560385477,1.262943488301271,0.44190232993872613,0.5580976700612739,-0.0072339700547933965,-0.009590124665760529
2022-07-22,-0.0054584036328116925,0.008407791688327837,1.2594055785519402,0.4425942865206622,0.5574057134793378,-0.016047223388394406,-0.021307228158672316
2022-07-25,-0.015657706386729253,-0.004689928608903826,1.2396334735392258,0.4465016315458662,0.5534983684541337,-0.009843913894622813,-0.013185970844238323
2022-07-26,0.010549845824221471,-0.0007562820407940318,1.2577615424057909,0.44291657077940805,0.557083429220592,0.011501068290344372,0.015282041182377354
2022-07-27,0.003570075538725126,0.0008150576083485461,1.2694740818890329,0.44063072056219915,0.5593692794378008,0.0025353810296801843,0.0033515003100231307
2022-07-28,0.06866815083403455,0.01814907433266244,1.3187512255792762,0.43126661841447766,0.5687333815855224,0.04473403681470657,0.05787689035532175
2022-07-29,0.0165935582081409,0.007198751776515966,1.6026399140793255,0.3842252608938976,0.6157747391061025,0.005056551279546963,0.005828564203821909
2022-08-01,0.008235779176420266,0.00346019371572992,1.6156818464148326,0.3823094927889045,0.6176905072110954,0.0026452070048367483,0.003033863245022384
2022-08-02,-0.010678129904873823,0.0011870975612988666,1.6184156076004164,0.38191034192483514,0.6180896580751648,-0.012599347125824301,-0.014435462906559744
2022-08-03,-0.011937317910103662,-0.0073965195452072585,1.6169589421150488,0.382122922873139,0.6178770771268611,2.2550509047947545e-05,2.5851199289038743e-05
2022-08-04,0.011779570217170798,0.017349260523321863,1.6276657530027727,0.38056590677762087,0.6194340932223792,-0.01645922697656316,-0.01879146191758331
2022-08-05,-0.013931074863359205,-0.00872237941623566,1.5509506147289929,0.39201072503171047,0.6079892749682896,-0.0004030951458489952,-0.00047405286114308304
2022-08-08,0.03900291640810627,0.007840275380816442,1.5445530933915421,0.3929963193132419,0.607003680686758,0.026893194815624685,0.03170677973134338
2022-08-09,-0.006507326971922689,0.00402952259632916,1.6012724320190366,0.3844272471006919,0.6155727528993081,-0.012959690419622347,-0.01494617433387789
2022-08-10,0.01270897578232244,0.000891848152696495,1.5431866930039748,0.39320746791845423,0.6067925320815458,0.011332687580901033,0.013368292165191021
2022-08-11,-0.018920754443920607,-0.0032858233984645047,1.598833552707441,0.3847880134371088,0.6152119865628912,-0.013667269746184364,-0.015777004724230142
2022-08-12,0.01726851463467316,0.004972914263217554,1.591199464573061,0.3859216604788721,0.6140783395211279,0.009355616121673651,0.010831604725437599
2022-08-15,-0.02060263065965373,-0.009562966421297614,1.599587046533507,0.38467648211029454,0.6153235178897054,-0.005305833445711181,-0.0061230880336779585
2022-08-16,-0.009184678370019794,-0.004603162192548305,1.6086748901792167,0.3833363842173908,0.6166636157826092,-0.0017796869354450278,-0.0020466562646172786
2022-08-17,-0.017642665443834304,-0.007274928208307663,1.6282699128287492,0.38047842617645083,0.6195215738235492,-0.005797118724257777,-0.006617035825690901
2022-08-18,-0.013342827983206518,-0.002840424848779999,1.6397977510749464,0.3788168997389259,0.6211831002610742,-0.008685105704079682,-0.00987019445017298
2022-08-19,-0.020053444599260173,-0.004386756126012914,1.6466214763051297,0.3778402045599927,0.6221597954400073,-0.012830117750854218,-0.01454320294653465
2022-08-22,-0.009707281341721385,-0.007782087305979513,1.6556607058526769,0.37655412748931005,0.62344587251069,0.0031772148203038104,0.0035891800635168194
2022-08-23,0.007365015891540816,0.007381804399149372,1.668077884951822,0.3748016523955623,0.6251983476044376,-0.0049484087777203235,-0.005564015359854846
2022-08-24,-0.0061539384513857875,0.0005724753675562244,1.657818867755866,0.3762483636984456,0.6237516363015544,-0.0071029989170459705,-0.008017475159671134
2022-08-25,0.011431574386796761,0.0056642076136728114,1.65341320187305,0.37687307777548473,0.6231269222245152,0.0020662987402002893,0.002336197097468672
2022-08-26,-0.01941291867155681,-0.012288772933933712,1.648463710718336,0.37757738418427206,0.6224226158157279,0.0008446775592906089,0.000956793429948307
2022-08-29,-0.009871903319203956,0.00028800184726174294,1.6409457720697744,0.37865222776470536,0.6213477722352946,-0.010344498732816398,-0.011750902470870303
2022-08-30,-0.0213419510608579,-0.007716241277465952,1.6475486819357525,0.37770788005637385,0.6222921199436261,-0.008629067914670625,-0.009777800846738146
2022-08-31,-0.021862506625145217,-0.006035226693615781,1.6689228304775332,0.3746829951696567,0.6253170048303434,-0.011790179009062405,-0.013252738754105752
2022-09-01,-0.011879210983459343,-0.009458239596192963,1.6907140628506458,0.371648557461569,0.628351442538431,0.004111967711634915,0.004584620605072991
2022-09-02,0.012819694974200102,0.0077803096971216235,1.6826701279766183,0.37276293852581927,0.6272370614741807,-0.0002719997395532643,-0.0003041742665823993
2022-09-06,0.0010689135955788132,-0.0054977331533621054,1.6910652449820485,0.37160005758488057,0.6283999424151194,0.010365939057415032,0.011555950651970367
2022-09-07,0.019218828462421955,0.008762658315767169,1.678535841036,0.3733382935108389,0.6266617064891611,0.00451039241665461,0.005051706623694179
2022-09-08,0.010641274891784125,-0.004255843654357938,1.7421482859589035,0.3646775796628042,0.6353224203371958,0.018055585619532882,0.019753401789377352
2022-09-09,0.01789421842357264,0.004800908180254693,1.7894958937793897,0.35848771178692623,0.6415122882130738,0.009303012948594985,0.010005047473997884
2022-09-12,0.05879505622783343,0.006933938208037338,1.8168839096365819,0.35500220530174925,0.6449977946982507,0.04619689546723608,0.04919999930688958
2022-09-13,-0.01847632430392876,-0.013367268047154046,1.9007285493264103,0.34474097903170364,0.6552590209682965,0.006931223699795628,0.00716843053246587
2022-09-14,0.004177477271171348,-0.004985337243401777,1.9337407632632095,0.3408617463826956,0.6591382536173044,0.013817827117351605,0.014129906047303912
2022-09-15,-0.015202168564513285,-0.01833184532032861,1.9145898141167406,0.343101452957986,0.656898547042014,0.019895795759751506,0.02047882929877824
2022-09-16,0.0063103152402284035,0.0037828309507974556,1.8239175856251588,0.35411798314879644,0.6458820168512035,-0.0005892566543782155,-0.0006259991340162637
2022-09-19,-0.0011918952310451258,-0.003290064102798196,1.8278343221918345,0.3536275064463137,0.6463724935536864,0.004821796858260701,0.005115359998732204
2022-09-20,-0.008872590046338336,-0.0039010924201674513,1.8170572502235307,0.35498036112707715,0.6450196388729228,-0.0017840817804810078,-0.0018999419841461591
2022-09-21,0.01617631802218855,0.002952355581262056,1.818171486681717,0.35484001052663394,0.6451599894733662,0.010808429285792256,0.011505789484640703
2022-09-22,0.0070579075035615,0.0037246625814739698,1.8323919314798132,0.3530584834979174,0.6469415165020826,0.00023286584178382544,0.00024664578287598993
2022-09-23,-0.03616741969923842,-0.01526214942229942,1.8286679813721103,0.35352328607860406,0.6464767139213959,-0.008258015723762623,-0.008758202565460036
2022-09-26,-0.02308791864030668,-0.013371421228407288,1.863351013497289,0.34924114971800213,0.6507588502819978,0.0018277326575452044,0.0019149583640946793
2022-09-27,-0.008095195411005895,0.002094438638256868,1.853385855851567,0.3504608386381586,0.6495391613618415,-0.011976998359100191,-0.01259240666789431
2022-09-28,0.029522898526378016,0.020716834237260562,1.8311095569700337,0.353218404260639,0.646781595739361,-0.008411894635633799,-0.0089137080000216
2022-09-29,-0.009842491519371221,-0.0011443172645898558,1.8140468186402054,0.3553601146135929,0.644639885386407,-0.007766646426026931,-0.008279869092348546
2022-09-30,0.018752298226476283,0.0023515371806226426,1.9187460265834078,0.34261288611348223,0.6573871138865177,0.014240295604793438,0.014636726328802245
2022-10-03,0.0822257431718727,0.018346967969246952,1.9306053196099693,0.3412264330882634,0.6587735669117365,0.04680498921173082,0.047913298558360684
2022-10-04,0.025244971934486937,0.016657777048373124,2.1320835894157915,0.3192762809330143,0.6807237190669857,-0.010270801146496422,-0.009837669576767741
2022-10-05,-0.026524720595692552,-0.0056359022192029595,2.0927692845350223,0.32333482002694663,0.6766651799730533,-0.01473007754070183,-0.014288240911817384
2022-10-06,0.005664301053917464,0.00017525228090087275,2.1110791023488518,0.32143187849032967,0.6785681215096704,0.005294329626068661,0.0051052989511627634
2022-10-07,-0.019567851001013103,-0.006543174324569634,2.11494926373188,0.3210325162092512,0.6789674837907488,-0.005729369280795215,-0.005517941509517028
2022-10-10,-0.03149760783222055,-0.019523640794986807,2.060771123200857,0.32671505308578314,0.6732849469142169,0.008736147337834482,0.00856269252373745
2022-10-11,-0.006596426247364673,0.006837343015591246,2.0369661189285293,0.32927598163420063,0.6707240183657993,-0.02052386231361666,-0.020274044730723906
2022-10-12,-0.028259627584461322,-0.005003814015653085,1.999883602890031,0.33334626684736,0.6666537331526401,-0.018252581982645396,-0.018253290192720685
2022-10-13,-0.001059458496072141,-0.00017963768146656012,2.0209761322279856,0.33101883504868834,0.6689811649513117,-0.0006964150293794493,-0.0006915794752067504
2022-10-14,-0.04470253583914996,-0.016946137022829322,2.0331783680021323,0.32968717255446844,0.6703128274455316,-0.010248016623133328,-0.010135918874316058
2022-10-17,0.0365806505165458,0.00931963774330602,2.0957755321551286,0.32302083584976476,0.6769791641502352,0.017048781765575605,0.016521335208409378
2022-10-18,-0.005515724646429576,-0.004828002414001165,2.1738493851785057,0.3150748125194219,0.6849251874805782,0.004979625432887196,0.004706863649051635
2022-10-19,-0.012654068914745187,-0.013038204972710687,2.165053145795642,0.3159504608408768,0.6840495391591231,0.01557433777695047,0.014762157593756934
2022-10-20,0.017997377603737208,0.0020276797715053085,2.1315912545277573,0.31932647613387194,0.680673523866128,0.01367519313581365,0.013100553703528462
2022-10-21,0.02019709064452968,0.012386528432097199,2.1383433495494555,0.3186394503786723,0.6813605496213276,-0.00628956005225061,-0.0060123058745183595
2022-10-24,0.006879195706417152,-0.001393124668761403,2.0051735920291933,0.3327594794032403,0.6672405205967598,0.009672652502621934,0.009656000433662772
2022-10-25,0.008605450994350061,0.0024868670938793525,2.0033771037298616,0.3329585215117045,0.6670414784882954,0.0036233183984529464,0.0036192442107451494
2022-10-26,0.0072909062109991485,0.006776349734389342,2.0051831946884793,0.3327584161150153,0.6672415838849847,-0.0062969163977301,-0.006286055780752007
2022-10-27,-0.00010261300894043313,-0.0019832024207482313,1.999052037032325,0.333438695845217,0.666561304154783,0.0038619118301037566,0.003863132532297036
2022-10-28,-0.016993596408646172,-0.012705471311086791,2.0001149069408717,0.3333205663844624,0.6666794336155376,0.008418806160368102,0.008418483712964688
2022-10-31,-0.0011489716335300049,-0.0022566182160088655,2.085246265183357,0.32412323492127126,0.6758767650787287,0.003556633073347212,0.0034583622514838437
2022-11-01,0.028653612323835675,0.005562672198869079,2.088105575000177,0.32382312576860095,0.676176874231399,0.01703816549347866,0.01655205602238293
2022-11-02,-0.003710667055252692,0.0004255022321428825,2.069079089387763,0.3258306387273603,0.6741693612726397,-0.004591064826267348,-0.004487728754344222
2022-11-03,-0.008367324199144655,-0.011180593601310962,2.087213273375354,0.3239167208252724,0.6760832791747275,0.014968959169727136,0.014546088505276219
2022-11-04,0.06966454178590875,0.027776039953065323,2.0560141990822043,0.3272236105121254,0.6727763894878747,0.012556609248131845,0.012326457041890948
2022-11-07,0.005194795424712018,0.0023916292974588416,2.1043407656357855,0.322129584184098,0.677870415815902,0.00016199239778050267,0.0001565476312140558
2022-11-08,0.027705930988810357,0.02123470061791677,2.098086874853638,0.3227798445927191,0.6772201554072809,-0.01684631566908725,-0.016312953460883607
2022-11-09,-0.008334448625073931,-0.001168156082307914,2.018185997450944,0.3313248424201045,0.6686751575798955,-0.005976892376922947,-0.005940878774837758
2022-11-10,0.017795084238394043,0.023507440393017776,2.017407582468851,0.331410315865183,0.668589684134817,-0.029629004254914562,-0.029458072976676245
2022-11-11,-0.0014300935214115462,0.008969862728614109,1.8906153953849545,0.3459470954166236,0.6540529045833764,-0.018388654090619076,-0.01908450441381205
2022-11-14,0.020604229298447185,0.004303496934279449,1.8575832996811197,0.3499460541050862,0.6500539458949137,0.012610125263100782,0.013238590732778941
2022-11-15,-0.026842229315255595,0.0001128062950730424,1.8543159280148773,0.3503466417943024,0.6496533582056977,-0.027051407824989885,-0.028432109661879958
2022-11-16,0.0002325299148271398,-0.0004510366479320016,1.8591432325308905,0.3497551254593174,0.6502448745406826,0.0010710716464533386,0.0011238383942436152
2022-11-17,-0.025530124338661198,-0.006880965127961103,1.8683517277145414,0.3486322790673878,0.6513677209326121,-0.012674061253491561,-0.013255760579533314
2022-11-18,0.001002143093472796,-0.005054534397580079,1.8852166785438402,0.3465944195583594,0.6534055804416405,0.010531035642064304,0.010949994557129016
2022-11-21,-0.006054486192954456,-0.00827672800840884,1.8788917197561024,0.3473558915528505,0.6526441084471495,0.00949658952871833,0.009896088967378262
2022-11-22,0.008873301246258292,0.0005180294701365717,1.8722168125456937,0.3481631315686379,0.6518368684313621,0.007903437762874464,0.00825505692504061
2022-11-23,0.015356087673834562,0.0037967988267542108,1.8730942798241144,0.34805679960534336,0.6519432003946567,0.008244325509798341,0.008608480655535303
2022-11-25,0.003183915577608998,0.004814043381587529,1.864666954821401,0.3490807189006533,0.6509192810993466,-0.00579267203511394,-0.0060663303551198545
2022-11-28,-0.024037311924735127,-0.007528701804925042,1.8448071961353474,0.35151767098961706,0.6484823290103829,-0.010148308657452232,-0.010701929471254128
2022-11-29,0.014060288271438681,0.00476986894119702,1.8665015795655264,0.3488572994791683,0.6511427005208316,0.005157320358373898,0.005397506558313765
2022-11-30,0.016317617257097128,-0.0013726975409227293,1.873453606573672,0.3480132749358733,0.6519867250641268,0.018889302415873624,0.019721183985006854
2022-12-01,0.050440832096138255,0.03155783252344646,1.877271695400665,0.347551467453875,0.652448532546125,-0.00880179366832233,-0.009177228916954952
2022-12-02,0.0177144052643734,-0.002887097463972421,1.8264289567891818,0.3538033381656258,0.6461966618343741,0.022987483673645243,0.02439914537929053
2022-12-05,-0.03641812214664564,-0.015869480267588165,1.8271033318514918,0.3537189421884669,0.6462810578115331,-0.007422941874983796,-0.007876905443837224
2022-12-06,-0.0034235873535023442,0.001075039259825994,1.8459243969174994,0.35137967863205644,0.6486203213679436,-0.005408028550859277,-0.005700814002701756
2022-12-07,0.026533468094133372,0.009156135604362126,1.8051943121561274,0.3564815441363776,0.6435184558636223,0.010004864179808656,0.01069964829507877
2022-12-08,0.015543842144427611,0.0017921877187763169,1.824322899035331,0.35406716432514057,0.6459328356748594,0.012274313049694084,0.013037793646632758
2022-12-09,0.02046568649747993,0.005255227075901647,1.8358044434523875,0.3526336247581911,0.647366375241809,0.010818117280188388,0.011444495728716165
2022-12-12,-0.0133843440025454,-0.009788096226519438,1.8925516236866806,0.3457155239032371,0.6542844760967629,0.0051401334037554335,0.005331071737835515
2022-12-13,0.02502158910074259,0.018758789336738246,1.8868971309218523,0.3463926682003654,0.6536073317996346,-0.010374316678316245,-0.010780761704872546
2022-12-14,0.006092119944105745,-0.0035283225800329943,1.8605424454890935,0.3495840453536849,0.6504159546463152,0.01265671386563472,0.013273755702097984
2022-12-15,-0.03416014847147664,-0.016763512491355437,1.850135132074864,0.3508605570122607,0.6491394429877394,-0.0031453850742441114,-0.0033107746775020153
2022-12-16,0.0009944141108830795,0.00720236843338018,1.8587794946045828,0.34979962668940184,0.6502003733105981,-0.012393200645671332,-0.013005410878028058
2022-12-19,-0.005269739773901216,-0.0012849434793994474,1.8480744516911738,0.35111441676189487,0.6488855832381051,-0.0028950685577559337,-0.0030495009244265246
2022-12-20,0.04624606214367133,0.015774500202733632,1.8285860406355305,0.35353352722313464,0.6464664727768653,0.01740103127495026,0.01845554389185974
2022-12-21,-0.0024487430727597737,0.0,1.8617520256537512,0.3494362862455057,0.6505637137544943,-0.0024487430727597737,-0.00256703905594375
2022-12-22,-0.02325774989838314,-0.015914986522117425,1.8631110813992497,0.3492704165397884,0.6507295834602116,0.00639363785129354,0.006699325666577556
2022-12-23,0.012267852652523503,0.004980427763884965,1.8797505434671697,0.3472523001231966,0.6527476998768035,0.00290589085666176,0.003027231851648285
2022-12-27,0.011614247486592122,0.010523984719154278,1.8770637846178262,0.34757658323269836,0.6524234167673016,-0.008139943099603777,-0.00848776083080658
2022-12-28,-0.0156822293826252,-0.003802085204107186,1.86294025267396,0.34929125714936216,0.6507087428506378,-0.008599171811797835,-0.009010846597758672
2022-12-29,0.017537886417844817,0.006416270495763099,1.7521850557027445,0.363347660044851,0.636652339955149,0.006295393141822276,0.006862249101430582
2022-12-30,-0.00897082860747389,0.00010989347176426634,1.767716147090012,0.36130872779399864,0.6386912722060013,-0.009165089071971364,-0.009934280018137962
2023-01-03,0.00825582547863557,0.010990822957993807,1.7513922974900853,0.3634523513467107,0.6365476486532894,-0.010993417193071977,-0.0119867499844721
2023-01-04,-0.011097726347517378,0.00712077947705847,1.7346654762885345,0.3656754395265895,0.6343245604734106,-0.02344989667063463,-0.025725153815662274
2023-01-05,-0.02244453601371188,-0.00971502565070892,1.7033113871594292,0.36991668986042137,0.6300833101395786,-0.005896822196313434,-0.006543998842667178
2023-01-06,0.02424976771153431,0.016023491149636415,1.7192202823902576,0.3677524790749857,0.6322475209250142,-0.0032981432676214006,-0.003638701089036734
2023-01-09,-0.004617605911611644,0.004559596729233117,1.7258621680668502,0.3668564066499328,0.6331435933500671,-0.012486841408236431,-0.013742633308299612
2023-01-10,-0.008645408427356727,-0.0005873741734490068,1.6987416514223874,0.37054306382863444,0.6294569361713657,-0.007647611453949101,-0.008501308137351773
2023-01-11,-0.0076573065644047755,0.0016029066248843815,1.7015621044191283,0.3701562138305953,0.6298437861694046,-0.010384751734230407,-0.011531941150540306
2023-01-12,0.022977717372907103,0.011149058298440373,1.650632534800719,0.3772684394652171,0.6227315605347828,0.004574719013111479,0.005177691309205281
2023-01-13,0.015421364334108567,0.012081257934087208,1.6325909313881541,0.3798539256810036,0.6201460743189964,-0.004302387808843396,-0.004902836696973768
2023-01-17,-0.011844358279263223,-0.005838236603238345,1.6272757154777477,0.3806224044582845,0.6193775955417156,-0.0023439376336001697,-0.0026764655340034745
2023-01-18,-0.017290325479195068,-0.001468082439962326,1.652721134428695,0.3769714000545955,0.6230285999454045,-0.014863994603585687,-0.016809902568352946
2023-01-19,0.009519720225279471,0.0092942401517353,1.6645528669110095,0.375297488902628,0.6247025110973721,-0.0059510338650509385,-0.006700224197784349
2023-01-20,0.003199470175575758,0.002237161897270301,1.658336129284613,0.3761751529401629,0.6238248470598371,-0.000510496225726494,-0.0005761079873641195
2023-01-23,-0.015862369307999002,0.0003633467415926628,1.6649067730408282,0.3752476484792511,0.624752351520749,-0.016467307759038943,-0.018537955540090464
2023-01-24,0.00840015804024885,0.0035286435131927085,1.6710558040275174,0.3743837917920557,0.6256162082079443,0.0025035978171841257,0.002811919331759119
2023-01-25,0.008034188875178927,0.003774717754618351,1.6738340549492228,0.37399478780256257,0.6260052121974374,0.001715937749677268,0.0019252553237188701
2023-01-26,0.0038172574601340603,-0.006233245358693185,1.6775297405843332,0.373478577975296,0.626521422024704,0.014273711929701137,0.015992776901801398
2023-01-27,-0.016840780308829517,-0.00025918822576742606,1.667754917873391,0.37484702710140744,0.6251529728985925,-0.016408517870651014,-0.018452052428861544
2023-01-30,0.005015515296243445,-0.0029554864896974564,1.6791037229612573,0.37325915806450505,0.6267408419354948,0.009978083664256142,0.011173233322852315
2023-01-31,0.004356047008943431,0.0034323030329923565,1.6579654886970447,0.3762276087678655,0.6237723912321346,-0.0013345929665080905,-0.0015063321614032519
2023-02-01,-0.009558669806601028,-0.0008810319626199048,1.6566338490099077,0.3764161931357935,0.6235838068642064,-0.008099122435265262,-0.009145922504469741
2023-02-02,0.0005527183509141942,-0.005965348951511129,1.6899099261798398,0.3717596601534467,0.6282403398465534,0.010633620757199352,0.0118594537166912
2023-02-03,-0.050990088497927744,-0.027866212520694877,1.5459023561877905,0.39278804136753714,0.6072119586324629,-0.007911644904155822,-0.009322798517696476
2023-02-06,-0.0070296225748642804,0.0017713922994071485,1.5787842826403167,0.3877796241941334,0.6122203758058665,-0.009826268895558377,-0.01143128057865039
2023-02-07,-0.002705481616924521,0.0029471654398802727,1.5936601328940119,0.3855555272325513,0.6144444727674486,-0.007402261683504756,-0.008561948718290968
2023-02-08,0.011303521881169898,0.003045399044124819,1.5898067327243723,0.3861291992812299,0.6138708007187702,0.006461925976987893,0.007485414909926743
2023-02-09,-0.012071375274479323,-0.00596573617584939,1.6727351108615998,0.3741485626226662,0.6258514373773337,-0.0020922789109988384,-0.0023484694414678004
2023-02-10,-0.0028510533101221425,-0.001821831761176007,1.6980653259444822,0.3706359480565731,0.6293640519434269,0.0002425360332352043,0.0002696777178480313
2023-02-13,-0.00980301349652124,-0.005851419437593264,1.6873673398166529,0.3721113913917795,0.6278886086082204,7.048055404196112e-05,7.867985109185488e-05
2023-02-14,0.0010999293989046866,0.0011339573185662477,1.682219509371029,0.37282556349554574,0.6271744365044544,-0.0008076357251815144,-0.0009033217330197952
2023-02-15,-0.01355185146956317,-0.010679637987122459,1.6826818484850763,0.3727613099424014,0.6272386900575985,0.00441858151975949,0.0049412287061785035
2023-02-16,0.0064049239446264394,0.0042525618993400904,1.6512984397954222,0.3771736840297622,0.6228263159702379,-0.0006173248848873091,-0.000698516103228586
2023-02-17,0.0004611800809259936,-0.0008686078099552352,1.6628674561606225,0.37553502623139223,0.6244649737686078,0.001905559740267505,0.0021468132811405275
2023-02-21,0.008066711306865315,-0.004020878241630332,1.6775919627740845,0.37346989903717925,0.6265301009628207,0.014812104328317553,0.01659562532407477
2023-02-22,-0.009511188807895254,-0.0005455537370431252,1.6628570095381758,0.3755364994883566,0.6244635005116433,-0.008604010952173348,-0.009693360463615982
2023-02-23,-0.016712041154563706,-0.007641921397379958,1.6593151601574667,0.37603666349226045,0.6239633365077396,-0.004031685127159408,-0.004548184270405179
2023-02-24,-0.02314662826715952,-0.005060479192450451,1.6673578841568788,0.3749028227294248,0.6250971772705752,-0.014708998388015425,-0.016543335045568625
2023-02-27,-0.006536560663331192,0.004533365187151306,1.6659043610539372,0.3751072298800173,0.6248927701199827,-0.014088713498856651,-0.015854334879387977
2023-02-28,0.014078392120795424,0.006549270453529266,1.6500930343002664,0.37734524299975797,0.622654757000242,0.0032714865656782357,0.0037034396792888953
2023-03-01,-9.545387498599567e-05,0.004811595297906868,1.6640274787092304,0.37537150348183274,0.6246284965181672,-0.008102080667131148,-0.009123870604056328
2023-03-02,-0.009208401616518702,-0.002285439018049007,1.6602069103712096,0.37591060909636476,0.6240893909036352,-0.00541409996552175,-0.0061056528472436655
2023-03-03,0.015746877228787648,0.007744723846127677,1.6818595144005355,0.37287560911762585,0.627124390882374,0.002721339741773106,0.0030441636414889513
2023-03-06,-0.005167646021853933,0.0001082823226037366,1.6586742968400983,0.3761273056983796,0.6238726943016204,-0.005347251127158899,-0.0060337414780526994
2023-03-07,-0.04431940673674761,-0.018399263786351705,1.6594927277567997,0.37601155647583556,0.6239884435241644,-0.013785962287217918,-0.015551043411401934
2023-03-08,-0.002443487166532643,-0.0006615983384062885,1.68390825115931,0.3725909779397457,0.6274090220602543,-0.0013294162655370044,-0.0014859855193963111
2023-03-09,0.0009997729868889138,0.009157664314779934,1.6781636194568454,0.3733901815165455,0.6266098184834545,-0.014368286105372973,-0.01609493087090062
2023-03-10,0.01747817169224075,0.01787566298531673,1.63701431427434,0.3792167507726185,0.6207832492273815,-0.011784544491866722,-0.013406690014623173
2023-03-13,0.06959505607745409,0.026691703099825492,1.6170684599369796,0.38210693197688855,0.6178930680231114,0.026432744852724177,0.030300405118206974
2023-03-14,0.006240608979251272,-0.0028770205264839754,1.7853212327286985,0.3590250159477401,0.6409749840522599,0.011377014812179412,0.012253898773141165
2023-03-15,-0.007068296803579899,0.010701933132209573,1.788226457772201,0.3586509256493471,0.6413490743506529,-0.02620577677990598,-0.028196178298420336
2023-03-16,-0.008542335930045275,-0.003944760553433624,1.7355166426920046,0.3655616582233279,0.6344383417766721,-0.0016961383381262985,-0.0018601294303848288
2023-03-17,0.03534373316061057,0.026472146340867697,1.744707175590783,0.3643375908706019,0.6356624091293982,-0.01084241051359059,-0.011850893177255045
2023-03-20,0.008142862299599818,0.004772008381938253,1.7073936864788428,0.36935891702568413,0.6306410829743159,-4.834683545673624e-06,-5.357200435776588e-06
2023-03-21,-0.009275353142626175,-0.020816467354640267,1.6446322295755782,0.37812440944217196,0.621875590557828,0.024960079974723083,0.028314046500214643
2023-03-22,0.015722981612164233,0.004540788869001444,1.5304823781055337,0.39518157038052887,0.6048184296194712,0.008773384265459766,0.010401239314728639
2023-03-23,0.020683566855621116,0.02414218143681035,1.5505508861369357,0.3920721619142443,0.6079278380857557,-0.016750113964503856,-0.019701760183119005
2023-03-24,0.004450425374858291,-0.0058682279845786445,1.4909251155746523,0.4014572713356345,0.5985427286643654,0.013199513860984616,0.015897122452763306
2023-03-27,-0.008302098690668003,-0.014984083314513619,1.4715186567822574,0.40460952914752796,0.595390470852472,0.013747259461418512,0.016686816533260332
2023-03-28,0.011711570244104852,0.010243802371392663,1.4194718996832663,0.4133133350839538,0.5866866649160463,-0.0028292193679958395,-0.003508062278011429
2023-03-29,0.002229465233369421,-0.003194102996422643,1.4095056583554644,0.41502288925211317,0.5849771107478867,0.00673157148019728,0.008381268734755797
2023-03-30,0.022501753461801943,0.007222457361536483,1.4011778244145974,0.41646228356444115,0.5835377164355587,0.012381806369037062,0.015469666065305749
2023-03-31,0.0072797164784002,-0.005706230646619459,1.4241514994625,0.41251547199988414,0.5874845280001159,0.015406253410062173,0.019065953691604867
2023-04-03,-0.005607253185080485,0.007567305441372518,1.4244204980643314,0.41246970185180526,0.5875302981481947,-0.016386278170885255,-0.020276529814817354
2023-04-04,0.045152640870415706,0.019305371382877246,1.3940049031008672,0.41771008852351826,0.5822899114764818,0.018240858506501655,0.022858171864487326
2023-04-05,-0.0023579256961837602,-0.0006428280037585887,1.4450837618181316,0.40898394386964204,0.5910160561303579,-0.0014289853863102588,-0.0017532962370757606
2023-04-06,0.0024836869081368285,-0.004453461275309434,1.4507667202918422,0.4080355717744193,0.5919644282255808,0.00894462031646422,0.010949169795400697
2023-04-10,-0.007152805189695632,-0.011332595333490847,1.4391857845311131,0.4099728714154633,0.5900271285845367,0.009156904916108023,0.011262247805205535
2023-04-11,0.011470652809742576,0.007893053860986932,1.4202654289913796,0.4131778225732619,0.586822177426738,0.00026042128181590594,0.00032280089451730033
2023-04-12,0.01086302989052279,0.003042685274026846,1.408416487505557,0.41521057723521865,0.5847894227647814,0.006577661784293017,0.008193344238943027
2023-04-13,0.01850107200143669,0.015117620988104763,1.4133285247030645,0.4143654665180903,0.5856345334819096,-0.0028650929667014963,-0.0035615867512948964
2023-04-14,-0.01739200561898968,-0.019154507774933327,1.403429261593169,0.41607215821992893,0.5839278417800711,0.009489991083765612,0.011845563215130726
2023-04-17,-0.014592522539108366,-0.0039956049321235865,1.3679647475604393,0.4223035841349561,0.5776964158650439,-0.009126675846784678,-0.011562683764005315
2023-04-18,0.00778348695739095,0.0066192325571117205,1.3793423895786603,0.42028419464971684,0.5797158053502832,-0.0013467010951123959,-0.0016979915555796164
2023-04-19,0.004673638874256314,-0.00607754961333562,1.3780072480187913,0.42052016487045535,0.5794798351295446,0.0130485462916266,0.01646153051362376
2023-04-20,7.887758326896588e-05,0.00621492818641034,1.363978887110287,0.42301562228518624,0.5769843777148138,-0.008398153247901363,-0.01065765006662206
2023-04-21,-0.012417239580521655,-0.013996800123359354,1.3550491361031094,0.42461959059363663,0.5753804094063634,0.006549112334844332,0.00834264419512001
2023-04-24,0.010098601544105135,0.00484969718915762,1.3406655470119024,0.4272289141336752,0.5727710858663247,0.0035967796091610485,0.004609944740400057
2023-04-25,-0.016952459941608322,0.0024634379740611223,1.3545230054910655,0.42471447408577656,0.5752855259142233,-0.020289243350074416,-0.025851405957075583
2023-04-26,-0.00024120748497646893,-0.00416251194991224,1.3466538536942494,0.42613869038492297,0.5738613096150771,0.005364255273421213,0.006857750151318398
2023-04-27,0.00450321701633194,0.002115160067214017,1.347654277399808,0.4259570966759085,0.5740429033240916,0.0016527125043657043,0.0021119538599987547
2023-04-28,0.000640465428799919,0.00010048302398191211,1.3481891318452381,0.42586007508440626,0.5741399249155936,0.0005049953079325606,0.0006451720192602994
2023-05-01,0.0004000251474898242,-0.003366640497496798,1.346288940986391,0.4262049667163309,0.5737950332836691,0.004932496017546684,0.006306762902960757
2023-05-02,0.01579425559294556,0.015579320375974648,1.3516593421621572,0.4252316575242494,0.5747683424757507,-0.005263678337777824,-0.006714847992743252
2023-05-03,0.002834219234880253,0.007099203897717121,1.2728447227180835,0.439977262856789,0.5600227371432109,-0.006201964981828633,-0.008186170731115853
2023-05-04,0.02194222087226083,0.009563257738115283,1.2671035506046326,0.4410914533362632,0.5589085466637368,0.00982458303694773,0.013000618830570212
2023-05-05,-0.011215664244513368,-0.014941394329071045,1.2806711482586883,0.4384674225231939,0.5615325774768062,0.007919348387483902,0.010417128826569838
2023-05-08,-0.004156483347912188,0.004411630963793378,1.2610783879141243,0.4422668428238411,0.5577331571761589,-0.009719895811804775,-0.012896362899790723
2023-05-09,0.0024184847649075802,0.004885704044411021,1.2497951137808092,0.4444849194820622,0.5555150805179377,-0.0036876442771764514,-0.004917306808857788
2023-05-10,-0.009222488603818246,-0.0027993081762891503,1.2466837490876403,0.44510047326691693,0.5548995267330831,-0.005732636591750403,-0.00765479778016605
2023-05-11,-0.047366610140148646,-0.0077813586939793344,1.247329393495805,0.444972598540378,0.555027401459622,-0.03766069271981409,-0.05027392890709912
2023-05-12,-0.010843066997834772,-9.924612931011545e-05,1.3023160091172337,0.434345240201594,0.5656547597984061,-0.01071381717479129,-0.013960486482782059
2023-05-15,0.0056268850291421035,0.0017374038222883748,1.3058888570145395,0.4336722461527098,0.5663277538472902,0.0033580287374812457,0.004368851595686519
2023-05-16,-0.016164516264955076,-0.014667976008888806,1.3055481057821183,0.4337363412596273,0.5662636587403729,0.002985232029107259,0.003884410854348111
2023-05-17,0.0006319794963833836,-0.0038724970567511896,1.2985200904486682,0.43506254487634316,0.5649374551236569,0.00566049472477814,0.0073880077206632784
2023-05-18,-0.01082013980852159,-0.012217878410890615,1.304918424980935,0.43385483371641304,0.5661451662835871,0.00512319484402636,0.006668168541455525
2023-05-19,0.01808892197828138,0.011346767785266998,1.2920969343778124,0.4362817230814233,0.5637182769185767,0.0034277981078409733,0.004486456994592311
2023-05-22,-0.008570230896831066,-0.0019709417496271975,1.2878033371206907,0.43710050762429065,0.5628994923757094,-0.006032045534390669,-0.00790983049528499
2023-05-23,-0.010162311627708753,-0.001215325275835788,1.2745194021739759,0.43965331711138816,0.5603466828886119,-0.008613355983703603,-0.011360671589089539
2023-05-24,-0.015293565026537004,-0.004867154465174606,1.2839725280501622,0.4378336375410367,0.5621663624589633,-0.00904427240347613,-0.011879660055977907
2023-05-25,-0.014233202521314436,-0.010036719356079749,1.2884663505218257,0.4369738710695816,0.5630261289304186,-0.0013012273613745955,-0.0017058070717245431
2023-05-26,0.019924536426208173,0.0005146415586252395,1.2945274055612281,0.4358195929917018,0.5641804070082982,0.019258318824527054,0.025179458015429427
2023-05-30,-0.004948355088242318,0.007149850619113884,1.289901789119869,0.43669995139151935,0.5633000486084806,-0.014170960193777121,-0.018565372883380872
2023-05-31,0.015091932142103026,0.0030132913248530624,1.2715083507486833,0.4402361099268698,0.5597638900731302,0.011260507059313793,0.01487184547078908
2023-06-01,0.017082689499596793,0.007179579108230971,1.2738038164087968,0.43979167982019723,0.5602083201798028,0.007937314231323316,0.010472294277163317
2023-06-02,-0.009717292186477433,-0.012942353683487062,1.2137573075762558,0.45172069972514534,0.5482793002748547,0.005991584174091461,0.008119567786748105
2023-06-05,-0.004610212491532373,0.0028682521593483834,1.2027315502207676,0.4539817845255703,0.5460182154744296,-0.00805994985756952,-0.01097721125857808
2023-06-06,0.0016996263917914423,0.003830439223697635,1.2140953154045984,0.4516517392193942,0.5483482607806058,-0.0029508919256418823,-0.00399832641139387
2023-06-07,-0.005726657855676942,-0.011600126597875904,1.2271663947532627,0.4490010276536996,0.5509989723463006,0.008508627680119861,0.011461147716889594
2023-06-08,0.03519778113151295,0.010758235929050786,1.0510740173511082,0.48754944557850033,0.5124505544214998,0.023890078873954508,0.034942784129469495
2023-06-09,0.0028849198401046383,-0.0007129886084077386,1.0956442508633333,0.47718022731579296,0.5228197726842071,0.0036661017098376255,0.005248173741789407
2023-06-12,-0.014342032904155033,-0.003516411433824196,1.130994996771683,0.46926435844050973,0.5307356415594902,-0.010364989165909128,-0.014591759973549546
2023-06-13,-0.00954763751199994,-0.005472343361623944,1.134793300292761,0.4684294258665989,0.531570574133401,-0.003337658928327523,-0.004690372966604968
2023-06-14,0.012123257304343715,0.0055024546829809395,1.1197482256329871,0.4717541394338875,0.5282458605661123,0.005961893436449888,0.008437643722526877
2023-06-15,-0.006363328645346944,0.0012785761456397537,1.123457358078988,0.47093010659967405,0.529069893400326,-0.007799754424030197,-0.01101941754707946
2023-06-16,0.007743479140795095,0.0003064539641302044,1.1785215212033398,0.45902690896881043,0.5409730910311894,0.007382316548809573,0.010166045839288065
2023-06-20,-0.03667550308736012,-0.011693231274807592,1.1699056282148508,0.4608495351121261,0.5391504648878739,-0.0229955260069448,-0.031792432409877946
2023-06-21,-0.018065822070275406,-0.0011366319668689728,1.2834601021294323,0.4379318907597526,0.5620681092402474,-0.016607000289994178,-0.02181820511053473
2023-06-22,-0.014841456985201562,-0.010655406370437381,1.3013532977126419,0.4345269372564042,0.5654730627435958,-0.0009750087665645838,-0.001271002719400359
2023-06-23,-0.00481376827500235,0.00334606816408467,1.3438872254863086,0.42664168699179655,0.5733583130082035,-0.009310506536322163,-0.011916750646213909
2023-06-26,0.02136336479274159,0.0023969442157556475,1.3407090989592276,0.42722096498220974,0.5727790350177902,0.018149759872980304,0.0232618737813901
2023-06-27,0.005875854815015957,-0.005042341018913099,1.3579166784865553,0.42410319631898813,0.5758968036810118,0.012722933783214947,0.016187510652048882
2023-06-28,-0.003095128299320793,-0.0008881667564655249,1.3188242850794378,0.43125303044070123,0.5687469695592988,-0.001923792411693824,-0.00248892392244536
2023-06-29,-0.012113014993721971,-0.0016211355839005348,1.3387571829361467,0.42757752164103235,0.5724224783589678,-0.009942708086261746,-0.012753835445772146
2023-06-30,0.009694120070684376,0.0062329901102071705,1.3745123032066018,0.4211391108184929,0.578860889181507,0.0011267984784395467,0.0014236167278449847
2023-07-03,0.0037702956825269585,0.00031230836164808373,1.269438197578624,0.44063768780614937,0.5593623121938507,0.003373839518827682,0.004459922533815724
2023-07-05,0.01314642716179093,-0.0010927697555785931,1.2707023731496803,0.44039237014268184,0.5596076298573183,0.014535012283510845,0.019203325528765004
2023-07-06,-0.022028696317329732,-0.005678279096005601,1.2782408744224152,0.4389351500216246,0.5610648499783754,-0.014770487880437012,-0.019449858941076627
2023-07-07,0.0178964213715187,0.009168544269755774,1.3234934268290472,0.43038641231050734,0.5696135876894927,0.005761913296905806,0.007439547575698487
2023-07-10,0.002554998167154432,-0.0006229629333885933,1.3376765369286632,0.4277751794154728,0.5722248205845272,0.0033883210665246067,0.00434831895644937
2023-07-11,-0.0028075948910308846,0.0032727526379869865,1.3297977441824922,0.4292218079861229,0.570778192013877,-0.00715969396629328,-0.009219290366519209
2023-07-12,0.04474569084709801,0.012892819196508976,1.32655957257239,0.4298192110741172,0.5701807889258828,0.027642598124523958,0.035643959153765274
2023-07-13,0.026908254148457766,0.0015335855612319538,1.5050886093331326,0.39918747635286445,0.6008125236471356,0.024600071988809792,0.029460121965935313
2023-07-14,0.009932182388675326,0.0004593836445965227,1.5096295309107535,0.398465186866484,0.601534813133516,0.009238683272775005,0.011043880970059658
2023-07-17,-0.00679619719791924,-0.00392834613937143,1.5181857584819294,0.39711129198143147,0.6028887080185684,-0.0008322380347380665,-0.0009914733636327624
2023-07-18,0.009660270988761877,0.012702277426602349,1.5460722995059732,0.39276182384688557,0.6072381761531144,-0.009978368281148033,-0.01175736637535884
2023-07-19,0.0053819259628749005,0.00015175441813419788,1.5232999045125695,0.3963064391242752,0.6036935608757248,0.005150758472221717,0.006123836246746141
2023-07-20,-0.016416176682244932,-0.0046523141197850615,1.5657354256237734,0.38975179982046787,0.6102482001795321,-0.009131883653767776,-0.010677504269421306
2023-07-21,-0.004313660537622388,-0.002032210486598074,1.5764679563110182,0.38812825036326015,0.61187174963674,-0.0011099458250213023,-0.0012924039931905707
2023-07-24,-0.010608111212836002,-0.0020363487759348375,1.5968494027280982,0.3850820147481246,0.6149179852518755,-0.0073563688862383625,-0.008498416055829256
2023-07-25,0.009985246070288945,0.0009181894164052018,1.6103069237290066,0.38309671207990736,0.6169032879200926,0.008506679295756952,0.00977664260676813
2023-07-26,0.005875221068504688,0.003465699461157268,1.6128488399307261,0.3827240155333719,0.617275984466628,0.00028557171302864576,0.0003278854581992008
2023-07-27,-0.023726110122969213,-0.011935598409570591,1.6128625390160136,0.38272200893377006,0.6172779910662298,-0.004475630567433695,-0.005138766966040844
2023-07-28,0.005528997271033953,0.007710496459214289,1.6370949109455502,0.379205160894813,0.620794839105187,-0.007093817243209443,-0.008070036327208908
2023-07-31,0.01986045283757809,0.005151997276145792,1.6723807994405255,0.3741981682435955,0.6258018317564045,0.011244351514181981,0.012622847219081986
2023-08-01,-0.02599178828629778,-0.01512308999143619,1.72004586942562,0.36764085901653026,0.6323591409834697,2.0620186423972453e-05,2.274246914997849e-05
2023-08-02,-0.01875415026389926,-0.0017003796778681801,1.7043500965482823,0.36977460916630495,0.6302253908336951,-0.015856107995755892,-0.01758955841108807
2023-08-03,-0.00707246230649794,-0.0027872531981079085,1.784887273587482,0.35908096154707314,0.6409190384529269,-0.002097529544929125,-0.002259548777599634
2023-08-04,0.0013143448124945944,0.003933734775329878,1.8099327138700498,0.3558804077634745,0.6441195922365254,-0.005805450445063203,-0.00619813821491921
2023-08-07,-0.020112646390639366,-0.0031449657984733426,1.8134119015108774,0.3554403105577869,0.6445596894422131,-0.014409527981843147,-0.015365181302572348
2023-08-08,-0.018364927005714016,-0.004861662484645701,1.8231249158345597,0.35421741149005603,0.645782588509944,-0.009501508997578284,-0.01009679976711497
2023-08-09,-0.0029493083688419963,-0.004521569191967556,1.7485350579407,0.36383017822928393,0.6361698217707161,0.004956813880217879,0.0054103154324671755
2023-08-10,0.004238440309207725,-0.000522084153312008,1.7450136232576592,0.3642969169723992,0.6357030830276009,0.005149484269224119,0.005627823729828644
2023-08-11,-0.003165413814399498,-0.0007835353013323498,1.7436038069170297,0.3644841130045281,0.635515886995472,-0.001799238680142531,-0.001967381743245565
2023-08-14,-0.0013231316454158648,-0.0012023884148516517,1.7947589528572707,0.3578126117022123,0.6421873882977878,0.0008348657269509991,0.000896176458543009
2023-08-15,-0.002163919286568672,-0.004239493190328014,1.8043840899847416,0.35658453618079144,0.6434154638192086,0.005485754775657851,0.00586840596683855
2023-08-16,-0.005089611622612233,-0.0033640075763797794,1.8518261078720413,0.3506525160281158,0.6493474839718842,0.0011399454344071924,0.001199174204128935
2023-08-17,0.008451981224494087,-0.006328780209119422,1.8687757116181192,0.3485807537864139,0.651419246213586,0.020279051963465904,0.021206661658496405
2023-08-18,0.0011027621723043168,0.0010615147953483284,1.81507415901587,0.3552304285829518,0.6447695714170483,-0.0008239659021454537,-0.0008780932816706041
2023-08-21,0.026834155887072164,0.0038174398681865007,1.8118380207136313,0.35563926251562833,0.6443607374843716,0.01991757319210383,0.021250413123422563
2023-08-22,0.004977652658272991,0.0016373398330900013,1.8357932326758573,0.35263501882906995,0.6473649811709301,0.0019718352730957486,0.002086014505967831
2023-08-23,0.04026476474744123,0.01165364654156531,1.8496202120020067,0.35092395673929044,0.6490760432607094,0.01870994456063475,0.019697303326772136
2023-08-24,-0.0062389862422415066,-0.00015639761695329657,1.9361191502162352,0.3405856332248483,0.6594143667751516,-0.005936181821010046,-0.0060653347333396185
2023-08-25,0.00037168521271890853,-0.003701374083343034,2.004254659014579,0.3328612629423394,0.6671387370576606,0.007790181464015001,0.007779148921986107
2023-08-28,0.0007432517302574659,0.0035581858170659064,1.983057888627834,0.33522648146127204,0.6647735185387279,-0.006312836723478755,-0.006348690128553865
2023-08-29,0.022237789345398884,0.009698094451831452,1.9634771081082854,0.3374414458150962,0.6625585541849038,0.003195802896955858,0.0032351890502665716
2023-08-30,-0.0017355278760649018,0.004027910574812887,2.0604833434837615,0.32674577436572344,0.6732542256342766,-0.01003497052450896,-0.009836652644303669
2023-08-31,-0.010592671552072441,-0.003137426067507776,2.0549726962262747,0.3273351677529796,0.6726648322470204,-0.004145346646915389,-0.0040707532201869
2023-09-01,-0.009807117110207875,0.0008255586093077749,2.076621751144239,0.3250318306525935,0.6749681693474064,-0.011521490075140788,-0.011234553032906094
2023-09-05,-0.027814450999315454,-0.0070110822321435284,2.1730260554181156,0.31515656743267056,0.6848434325673295,-0.012579186632188566,-0.011893239840286448
2023-09-06,-0.014941895820940743,-0.004205158234486306,2.1549588465083906,0.3169613451873406,0.6830386548126594,-0.005879952882566873,-0.00559115332588973
2023-09-07,-0.01103157021251655,-0.00031279682684648424,2.1682111204988557,0.3156355312087104,0.6843644687912895,-0.010353360654091249,-0.009803665469548358
2023-09-08,-0.0025272576316798245,0.0004693738795631397,2.1566089130053356,0.3167956587463104,0.6832043412536897,-0.0035395135238775847,-0.0033639075553148217
2023-09-11,0.009217213029727223,0.0025542245369596372,2.16151677724203,0.3163038726216587,0.6836961273783413,0.003696213840245711,0.0035073802551224744
2023-09-12,0.0010388333628066349,-0.006239276085554968,2.1663983211906976,0.3158162361657514,0.6841837638342486,0.014555590599998185,0.013790675515383051
2023-09-13,-0.009296499548997472,-0.0011510873154303436,2.1289758032390624,0.3195933950543232,0.6804066049456767,-0.00684586250703086,-0.006563677322091279
2023-09-14,-0.007157884957544547,0.00047143912082781014,2.1292885245207405,0.3195614569139651,0.6804385430860349,-0.00816171486753335,-0.00782450848195598
2023-09-15,0.016616857430883147,0.0071727493046465085,2.047123052233799,0.3281784105393825,0.6718215894606175,0.0019333569814473268,0.0019034580635298066
2023-09-18,0.004583624612402248,0.0040547117669642585,2.044575604144933,0.3284530029862239,0.6715469970137761,-0.003706540148172269,-0.0036522727270685536
2023-09-19,-0.0016356795040236571,0.00025886616619197333,2.076154427151872,0.32508120891897907,0.6749187910810209,-0.002173125641002955,-0.0021193269315302153
2023-09-20,0.016599130155614095,0.0070393248374418516,2.099089102830415,0.32267545940731246,0.6773245405926875,0.0018229600980564208,0.001764673461364663
2023-09-21,-0.005725443240746975,-0.0135690916659843,2.0842497017209736,0.3242279635925756,0.6757720364074243,0.022555932016705353,0.02193979171412686
2023-09-22,0.0064835533894895825,0.0032305509586958436,1.9666073713791965,0.33708538907024055,0.6629146109297595,0.0001303280605022064,0.0001317950549434687
2023-09-25,-0.019113417561898327,-0.004570504163571409,1.9653370397558407,0.33722979431786204,0.662770205682138,-0.010130836438873149,-0.010249259665647284
2023-09-26,-0.008425132467811625,-0.008452442543166794,1.9826040130934963,0.3352774943002978,0.6647225056997023,0.008332714038713059,0.008381314450861885
2023-09-27,-0.020610085593825378,-0.01515472977169885,1.9585093741483557,0.3380080552517643,0.6619919447482357,0.009070594726731988,0.009197802250678767
2023-09-28,0.0016906218812107188,-0.005984158643926429,1.8995072639787582,0.3448861854644162,0.6551138145355838,0.013057574694150247,0.013510131383046508
2023-09-29,-0.012391709357165492,-0.006611507561121943,1.8723382467143552,0.34814841223657833,0.6518515877634217,-1.2730882035729904e-05,-1.3296709101332654e-05
2023-10-02,-0.04578159948972682,-0.009793829243571639,1.845947658419111,0.35137680661192755,0.6486231933880725,-0.02770270333059914,-0.0292022622924706
2023-10-03,-0.0018852349302785898,-0.0029508330131489124,1.9610834929953562,0.3377142192597973,0.6622857807402028,0.0039015949823934916,0.003952872310040881
2023-10-04,-0.010482582271636232,-0.003343185173494634,1.9573327096436945,0.33814254200721366,0.6618574579927863,-0.003938856577159355,-0.003995684926807491
2023-10-05,-0.005153645965829234,-0.0010448305823824722,1.980601222026189,0.3355027813214838,0.6644972186785162,-0.0030842532375521753,-0.003104326618495637
2023-10-06,0.03319269747481224,0.00748649992772954,1.847235963332713,0.35121781716661515,0.648782182833385,0.019363365568822476,0.02040227696424307
2023-10-09,0.00933139729485899,0.01054532255656948,1.8974428341553,0.34513191708630653,0.6548680829136935,-0.01067774942396002,-0.011055696386575583
2023-10-10,0.0016098545910903095,0.00621789672884554,1.835952083020405,0.3526152666638003,0.6473847333361997,-0.009805905860239422,-0.010373136329365337
2023-10-11,0.008311979745806441,0.00634070329292058,1.807950524084797,0.3561316310321859,0.6438683689678142,-0.003151698095695519,-0.003367258150023242
2023-10-12,-0.0075147292445867375,-0.0018688594130430447,1.8812606974646318,0.3470702949163715,0.6529297050836285,-0.003998917481742036,-0.004163716409203327
2023-10-13,0.04290562930426933,0.03108113950051017,1.8800397073877695,0.3472174350356481,0.6527825649643518,-0.015528147107548247,-0.016174930228617365
2023-10-16,-0.005148003527843947,-0.003268677362417427,1.7181141586074151,0.36790213421806206,0.6320978657819379,0.00046795732844497496,0.0005164874995736649
2023-10-17,0.011189750224225303,0.0008328434783564376,1.7169114974682904,0.36806498884186467,0.6319350111581354,0.009759831680643653,0.010776757015903748
2023-10-18,0.0035428146484837164,0.016955374465152717,1.7171806109633783,0.36802853515337325,0.6319714648466267,-0.02557262563470009,-0.028234367857092834
2023-10-19,-0.002484358145269705,0.006699726517057414,1.5886267513482721,0.38630520969435067,0.6136947903056493,-0.013127722916984498,-0.015213923262765088
2023-10-20,0.020273549156168746,0.007163165723966358,1.5635779167550647,0.39007981519273804,0.609920184807262,0.009073381416118144,0.010618028837917768
2023-10-23,-0.011948067775201299,-0.0031273398092686033,1.5708084001111022,0.38898270285595116,0.611017297144049,-0.007035616132800324,-0.008210198938780812
2023-10-24,-0.003987558915387268,-0.0006578195597859438,1.5896318983479854,0.38615526810506706,0.613844731894933,-0.002941867959794302,-0.003408053432232226
2023-10-25,-0.0044821033756419215,0.004607582575158142,1.5701283233301058,0.3890856308311889,0.6109143691688111,-0.011716599278979986,-0.013676281264974543
2023-10-26,-0.003934088796884727,0.0015624089632992888,1.5507345806226334,0.3920439263249022,0.6079560736750977,-0.006356970405347693,-0.007476634911731144
2023-10-27,-0.0007460480921032131,0.0007045211596532486,1.5385090173308422,0.3939320259147501,0.60606797408525,-0.001829960249130118,-0.002162639844849864
2023-10-30,0.022485688184272767,0.0038217719396773653,1.5368216478133072,0.3941940502052958,0.6058059497947043,0.01661230633437114,0.019645416951590552
2023-10-31,-0.018941671357483814,-0.0055104700275854235,1.5604255642599272,0.3905600748401537,0.6094399251598462,-0.010342993055351413,-0.012118680425307712
2023-11-01,-0.006829829693913991,-0.0032238074255301896,1.5619910673331956,0.3903214233455196,0.6096785766544803,-0.0017942712924334091,-0.002101027574191839
2023-11-02,0.002909410901256404,0.003436389018607322,1.5455762797353128,0.3928383556842301,0.6071616443157699,-0.0024017904538459834,-0.0028305462377608104
2023-11-03,0.019779384370119724,0.002971406369161267,1.5520276231737717,0.3918452883971422,0.6081547116028577,0.015167679605506955,0.01783015136800598
2023-11-06,-0.0022412846557293697,-0.004971139550119297,1.5664884423518872,0.38963744527273875,0.6103625547272612,0.005545947994850869,0.006482727024987481
2023-11-07,-0.027690213099181515,-0.007468675282677251,1.5545472606239865,0.3914587979694433,0.6085412020305566,-0.016079804398005517,-0.018883742703681018
2023-11-08,0.00617557946266456,-0.007779158251110085,1.5952117847668696,0.3853250073345482,0.6146749926654518,0.0185849843804018,0.021483777728072362
2023-11-09,0.008124697331463704,0.00650778948084807,1.552580400496605,0.39176043183809206,0.6082395681619079,-0.001979169067058986,-0.0023260803851748654
2023-11-10,-0.026980826012055648,-0.016087962718400628,1.550747751103346,0.39204190205301254,0.6079580979469874,-0.0020324540066614,-0.002390421403820401
2023-11-13,0.003781212388570543,0.006674958386125196,1.595455588127374,0.38528881194283965,0.6147111880571604,-0.006868387269090578,-0.007938938312613704
2023-11-14,0.03497917817471041,0.008378334015998412,1.5848113181513503,0.38687543379963113,0.6131245662003689,0.02170109959890367,0.025186866963764577
2023-11-15,0.017591755665661735,-0.0008665884391241274,1.6154008406624816,0.38235056915661914,0.6176494308433809,0.018991643358731238,0.021784396942291243
2023-11-16,0.01733019277986747,0.012142262703212614,1.606071080778087,0.38371938792300053,0.6162806120769995,-0.0021711442029726663,-0.0024993303739717296
2023-11-17,-0.0034739738161877476,-0.0011593572255760298,1.5308225543215856,0.3951284527208036,0.6048715472791965,-0.0016992036267602629,-0.002014211099698081
2023-11-20,-0.009660193291987307,-0.0019681189251676834,1.5300994915693584,0.39524137423533673,0.6047586257646632,-0.006648775525240203,-0.007883613526734633
2023-11-21,0.01119640076630457,0.01092182747107362,1.5429498758847102,0.39324408612344075,0.6067559138765592,-0.005655431574622689,-0.0066718950635884545
2023-11-22,-0.0071718963227281884,-0.003951395098846233,1.5331817507355185,0.39476046269070364,0.6052395373092964,-0.0011136894672313736,-0.001318921708134059
2023-11-24,0.027754290446514007,0.005423283431459369,1.5104644146744204,0.39833267269382466,0.6016673273061753,0.01956261381260125,0.023377284734551765
2023-11-27,0.014098417745013636,0.004794774693022585,1.5459204583138653,0.3927852485471164,0.6072147514528836,0.006686077454064438,0.007878577783799915
2023-11-28,0.010457174566768535,0.013868128872947194,1.5497329126414747,0.3921979416126448,0.6078020583873551,-0.011034721184391253,-0.012983384804363089
2023-11-29,0.005695956543360969,0.00362799656381374,1.5135649404241187,0.39784132246500387,0.6021586775349962,0.00020474814039331875,0.0002443718128389838
2023-11-30,0.008814564438401451,-0.004396463341964529,1.4778582191049834,0.40357434186093416,0.5964256581390659,0.015311913923317494,0.018538486752702393
2023-12-01,0.008144596833256745,0.016142497820600843,1.4425355471228947,0.40941062298066344,0.5905893770193364,-0.015141530092313827,-0.018597309803923996
2023-12-04,-0.0370210684263832,-0.022646076491580125,1.379980688569376,0.4201714765177811,0.5798285234822189,-0.005769920196137701,-0.007273067664602825
2023-12-05,-0.014416619309840395,-0.0027666496978818733,1.410575342543782,0.41483872432908103,0.585161275670919,-0.010514051464552022,-0.0130849070912552
2023-12-06,-0.012892040490234513,0.005945008669804297,1.4169226217245041,0.4137492822531851,0.5862507177468148,-0.021315657760828527,-0.02645801429789201
2023-12-07,-0.006572045226414747,-0.0002954816970881513,1.4103808869513295,0.4148721911186446,0.5851278088813555,-0.006155303488397676,-0.007660992735695341
2023-12-08,-0.032066394248763674,-0.015567257109156851,1.4085865828079374,0.4151812549060192,0.5848187450939807,-0.010138564753683854,-0.0126280261121412
2023-12-11,-0.008619561553113608,-0.010158659026220707,1.4407351567711855,0.4097126217179934,0.5902873782820066,0.0060163756516135,0.007394955124388602
2023-12-12,-0.0019760275271949457,-0.00010108754897619754,1.415455285486274,0.41400062588974074,0.5859993741102592,-0.0018329426216997344,-0.002276518177811017
2023-12-13,-0.003915905464392577,0.0022752552780380686,1.4158164363441872,0.4139387351438351,0.5860612648561649,-0.007137249283917738,-0.008863151822973455
2023-12-14,0.06435799886699844,0.02416380021383091,1.4133750069715587,0.41435748572488007,0.5856425142751199,0.03020548757131583,0.03754760965543362
2023-12-15,-0.009379142839321397,-0.00448230509545855,1.5425410699754865,0.3933073144063869,0.606692685593613,-0.0024650031414161907,-0.0029085112966611305
2023-12-18,-0.00163391133106483,0.002572892635199775,1.5894719984704895,0.3861791131901272,0.6138208868098728,-0.0057234521297858205,-0.006630833003600498
2023-12-19,0.008770154279064801,0.005971462909915681,1.5868409676808457,0.3865718892246089,0.6134281107753911,-0.0007056077033760766,-0.0008183043088365836
2023-12-20,0.012770349203467646,-0.0019132772602784565,1.575251723593336,0.38831155449326954,0.6116884455067305,0.01578424250543322,0.018387611231350538
2023-12-21,-0.001642950479598615,0.002260985788123726,1.5760654491839787,0.38818889493540254,0.6118111050645975,-0.005206412061356427,-0.006063214034028908
2023-12-22,-0.0006993167223640073,0.008827483833959704,1.5892860024818083,0.3862068535656195,0.6137931464343805,-0.014728713216810612,-0.017064989965604342
2023-12-26,-0.006010778521731819,0.0005346621279529451,1.588081491295381,0.3863865969303316,0.6136134030696683,-0.006859865551230493,-0.007951680317218691
2023-12-27,0.009567632077617239,0.01151489249544535,1.58855134877675,0.38631646247719276,0.6136835375228072,-0.00872436592704175,-0.010111098546873969
2023-12-28,-0.009887147561097764,-0.003842643919140354,1.4987042130736767,0.40020743342401927,0.5997925665759807,-0.004128160930140171,-0.00495636207183813
2023-12-29,-0.011643330084871284,-0.005545108511265995,1.5067378875517135,0.3989248357261167,0.6010751642738834,-0.0032883050003613325,-0.003935359596259536
2024-01-02,-0.005030848782513031,0.0009697440335054708,1.5053012518884645,0.3991535945013449,0.6008464054986551,-0.006490605690160185,-0.007772245775154962
2024-01-03,-0.0331606060213967,-0.01462892491788459,1.5048967371633333,0.3992180536481709,0.600781946351829,-0.011145584644264798,-0.013348555825362998
2024-01-04,0.0018740162349903944,0.003981957452896312,1.5125312835518236,0.39800499462293515,0.6019950053770647,-0.004148818982287614,-0.004953752030210741
2024-01-05,0.005785350311548587,4.895244750890981e-05,1.520650379603087,0.39672300771734337,0.6032769922826566,0.005710910753661663,0.006796949072993926
2024-01-08,-8.64501941706397e-05,-0.007736020681187505,1.524456395861258,0.39612488519883277,0.6038751148011672,0.011706776011780618,0.013912035911145142
2024-01-09,-0.009342625552745454,-9.866336439545709e-05,1.50022245174453,0.3999644108876193,0.6000355891123808,-0.009194608558314736,-0.011032548586105851
2024-01-10,-0.0008731466556609613,-0.0023194202455394386,1.5002505821798056,0.3999599108694798,0.6000400891305202,0.002606564918029209,0.0031275644168714265
2024-01-11,-0.015163437784921907,-0.003660237682382439,1.5173240259548217,0.39724723146067764,0.6027527685393224,-0.00960967120873784,-0.011452245848755472
2024-01-12,0.027732172951330902,0.016084943433625654,1.527896328547886,0.39558584294255283,0.6044141570574472,0.0031560469341938395,0.003745462460487993
2024-01-16,-0.009886887361439944,-0.01011381817839141,1.5440475997889107,0.39307440634482377,0.6069255936551762,0.005729329321606764,0.006756158165533715
2024-01-17,-0.018183395396530688,-0.011549863975351626,1.611317318374727,0.38294848081595684,0.6170515191840431,0.00042710045182575707,0.0004906724075474482
2024-01-18,0.006706300595118897,0.007989613599849621,1.6266142072341148,0.3807182635523102,0.6192817364476898,-0.006289718396707396,-0.007183831998682379
2024-01-19,-0.004235261488605424,0.003913615629451028,1.6010964236413636,0.38445326013714853,0.6155467398628514,-0.01050133747642641,-0.01211182028583765
2024-01-22,-0.018076250681950512,-0.0033061688486922813,1.5879362371448489,0.38640828380812586,0.6135917161918742,-0.012826265360992573,-0.014868525557426258
2024-01-23,0.007715540592583503,0.0019308358498222322,1.5979730163991448,0.3849154682083746,0.6150845317916255,0.004630117005471465,0.0053466109650618186
2024-01-24,0.018850162706218088,-0.004842578936733011,1.6110515254058058,0.3829874632001303,0.6170125367998698,0.02665180688913983,0.030621923730514256
2024-01-25,0.002329220204937421,0.0014896469356133757,1.5793646424487948,0.3876923733631632,0.6123076266368369,-2.3475494902541055e-05,-2.730381100392266e-05
2024-01-26,-0.0023238075454502516,-4.9568934864074876e-05,1.579603400631426,0.38765649004619224,0.6123435099538078,-0.002245508287373281,-0.002611457583158288
2024-01-29,0.016831524572191947,0.004164965361157513,1.56528749239589,0.38981985565525623,0.6101801443447438,0.010312156386109961,0.012059649941783443
2024-01-30,-0.0013397932697253312,0.003110828056498649,1.5614395910876377,0.39040545928915715,0.609594540710843,-0.006197163358208533,-0.007258219221454013
2024-01-31,-0.0024234974254054853,0.008318928055008667,1.5562436841384388,0.39119901056578726,0.6088009894342128,-0.015369776669814792,-0.018037924277546
2024-02-01,0.0034271208899558925,0.002245702926946258,1.529906798061583,0.39527147828773807,0.6047285217122619,-8.595284405982402e-06,-1.0192412320367966e-05
2024-02-02,-0.018547296269306734,-0.008231867712646168,1.5210245131277536,0.3966641319006186,0.6033358680993814,-0.006026423689547023,-0.007171398363838479
2024-02-05,-0.01612268735765887,-0.005107816187203462,1.5396357029502918,0.3937572616569775,0.6062427383430226,-0.00825851119173299,-0.009755546256660851
2024-02-06,0.0025968465167978128,0.004344201530455782,1.5205200385733435,0.3967435230413866,0.6032564769586134,-0.004008598961861192,-0.0047711570237665615
2024-02-07,-0.005135523284976906,0.0003440408807446893,1.5561287738969942,0.39121659683656357,0.6087834031634364,-0.005670895198900581,-0.006655644962192078
2024-02-08,0.012882694034497044,-0.0014740566391389098,1.5575948936529938,0.3909923352136927,0.6090076647863073,0.015178677128575103,0.017804239247868746
2024-02-09,-0.0016397365500649963,-0.00437944225843423,1.544640164275291,0.39298287201436133,0.6070171279856387,0.005124925859437003,0.006042024249306667
2024-02-12,0.008034435229054449,-0.0025206828118271574,1.5453182653068023,0.3928781770162892,0.6071218229837108,0.011929692419215864,0.01406074743007972
2024-02-13,-0.026993657681435357,-0.012535887112236854,1.4878992036787149,0.40194554446633407,0.598054455533666,-0.008341521229731877,-0.010058511877086194
2024-02-14,0.010635350102393915,-0.0013046191751149294,1.5179170778299644,0.3971536667370466,0.6028463332629533,0.012615653828365308,0.015031059528661624
2024-02-15,0.02601770176056717,0.005928717514105619,1.5120051434870658,0.3980883568621359,0.601911643137864,0.017053450384957623,0.020366340127733217
2024-02-16,0.023000982227910027,0.00469508242779515,1.5388320843644263,0.39388189796346496,0.606118102036535,0.015776038749283225,0.01864168825473854
2024-02-20,-0.014207017682625445,0.007954262987819982,1.5542143257710253,0.39150982355332925,0.6084901764466707,-0.0265696471692455,-0.03120683362531656
2024-02-21,-0.011036140317655319,-0.0025647108122688334,1.516416616566956,0.3973904771636181,0.6026095228363818,-0.007146970225241925,-0.00852041372424918
2024-02-22,-0.003763530836137563,-0.0012857130957182328,1.5207534708377728,0.3967067829396462,0.6032932170603539,-0.001808278183322483,-0.0021520686622974296
2024-02-23,0.00896114555202776,0.009357837733815932,1.4927694524716022,0.4011602432822223,0.5988397567177777,-0.0050079487581987485,-0.006026969826551739
2024-02-26,-0.01967868287731711,-0.004954368540613041,1.4741624777385312,0.4041771746995509,0.595822825300449,-0.012375138673857158,-0.015005245757144204
2024-02-27,0.00026648837527054603,0.002711363076164597,1.5211145250494518,0.3966499697114652,0.6033500302885348,-0.003857805382566185,-0.004590595164442815
2024-02-28,-0.005017132093987242,-0.000491642084562427,1.5176362152447869,0.39719797242540505,0.6028020275745949,-0.004270998261516863,-0.005089295549120783
2024-02-29,0.01142349489254424,0.0062469017077595446,1.5384495181217226,0.3939412593636808,0.6060587406363193,0.0018129519704878014,0.002142589747259494
2024-03-01,0.02135353589073663,0.020139782057614797,1.6159021957791107,0.3822772891178998,0.6177227108821003,-0.011190382158675856,-0.012833486867435757
2024-03-04,0.027170614274201865,0.014758757137097955,1.566600230441527,0.38962047464165156,0.6103795253583485,0.0040495419421936775,0.0047333533607963225
2024-03-05,-0.000672813860286392,0.00746094781717388,1.5809241725344247,0.3874581092469744,0.6125418907530257,-0.01246800661447453,-0.014492490806769214
2024-03-06,0.021419806438190525,0.007874407700082076,1.5904278291204108,0.38603661864594535,0.6139633813540547,0.008896129294139942,0.010302695015240771
2024-03-07,0.004037635245967897,0.003580872900073251,1.6084863356238397,0.38336409370564795,0.6166359062943519,-0.0017221498834056386,-0.0019806312878312693
2024-03-08,-0.0012720613976834327,0.009545921064064045,1.5775340356705183,0.38796771882000025,0.6120322811799999,-0.016331076778068596,-0.019007791810384655
2024-03-11,0.007107868990331667,0.0017900955517011763,1.5704337857874058,0.389039393089703,0.610960606910297,0.004296642456152394,0.005014689520394935
2024-03-12,-0.012973192615528983,-0.010126047036082442,1.5703865089082343,0.38904654865495214,0.6109534513450479,0.002928615038505094,0.003418102719208194
2024-03-13,0.031619384224554015,0.006943158988170106,1.5574446871646728,0.39101529938020135,0.6089847006197986,0.020805798146288836,0.0244061561730455
2024-03-14,-0.00340554852837871,-0.005700056495539285,1.3779442787598861,0.42053130047332593,0.579468699526674,0.004448811708257774,0.005612593719703801
2024-03-15,0.013106062813527108,-0.0026352062745608196,1.360628433008271,0.42361601089657647,0.5763839891034235,0.01669159939753636,0.021212486256804157
2024-03-18,-0.004325442713012606,0.0015759988257531,1.3404257913061952,0.427272679917742,0.5727273200822579,-0.00643795218612034,-0.00825228325123777
2024-03-19,-0.005061532157954685,-0.002036331949451742,1.3371583232050688,0.4278700292022353,0.5721299707977647,-0.0023386339429368845,-0.0030018941203732315
2024-03-20,-0.001241793641142519,0.0007419438294287151,1.3551995717306433,0.4245924685122042,0.5754075314877959,-0.002247275601032507,-0.002862528884608919
2024-03-21,-0.003369014233626122,0.011353631358614003,1.3570629092719988,0.4242568138789556,0.5757431861210444,-0.018776606235948637,-0.02389830941136989
2024-03-22,-0.006318221637909627,-0.0111344417956597,1.3249981398291693,0.4301078709996196,0.5698921290003803,0.008434893029375631,0.010883741648922855
2024-03-25,0.002146501094300035,0.007738265333480765,1.2879935767415525,0.43706416406297377,0.5629358359370262,-0.007820334950345018,-0.010253964473295008
2024-03-26,-0.01058803914778017,0.0003678723607516421,1.2879308684031716,0.4370761432568701,0.5629238567431297,-0.011061833316824558,-0.014504590330404086
2024-03-27,0.00579995096657937,0.006894649442312106,1.2827386233643907,0.43807030282168724,0.5619296971783129,-0.0030440821676321252,-0.004000565990966109
2024-03-28,0.006984807513086944,0.012234001411838502,1.2696588511786415,0.4405948495214145,0.5594051504785855,-0.008548200664785807,-0.011298879556740473
2024-04-01,0.0063313942174194615,0.008613736131250604,1.2410621692194581,0.4462169830604436,0.5537830169395563,-0.004358787830714436,-0.005834895466865914
2024-04-02,0.03406268996382589,0.010954616588419341,1.1511763554443957,0.46486193355050026,0.5351380664494997,0.02145199436427859,0.029916646736078946
2024-04-03,0.044217904299650446,0.014772181487726632,1.2211978676427055,0.4502075274641209,0.5497924725358793,0.026178147766407634,0.03535679753851434
2024-04-04,0.0072369529423923495,-0.0024406615036484114,1.3326807664722014,0.42869132132140686,0.5713086786785933,0.01048957558577371,0.013490370053898304
2024-04-05,0.00957996443363962,0.016121942308871873,1.3500225946795272,0.4255278235468924,0.5744721764531077,-0.012185021953457234,-0.015555197615177277
2024-04-08,0.011386871496421591,0.0025798684808746586,1.2910432153039102,0.43648238205203327,0.5635176179479668,0.008056149797811957,0.010549102361750906
2024-04-09,0.006459326471641047,0.005060706383852809,1.2944601800050437,0.43583236210174797,0.5641676378982521,-9.155642495373324e-05,-0.0001197097588595316
2024-04-10,0.002509759167750092,-0.00593125766748448,1.2734991129660698,0.4398506224598313,0.5601493775401688,0.010063210546064776,0.013278928267892792
2024-04-11,0.007689286834710707,0.010817286278974603,1.21679366121037,0.4511019755686236,0.5488980244313764,-0.005473118541043501,-0.007406803759157957
2024-04-12,0.002803753691273947,0.000594488837575291,1.2077575647291772,0.45294828380428115,0.5470517161957188,0.002085755300545334,0.002834217851453075
2024-04-15,0.0140152157214406,0.00407439854647107,1.1823041920382946,0.4582312601736743,0.5417687398263256,0.00919803723991312,0.012644484586709324
2024-04-16,-0.011622571169416895,0.010567249760766284,1.1932115048505267,0.4559523775013905,0.5440476224986096,-0.0242315351585922,-0.033145278198205945
2024-04-17,0.0009887660549878774,-0.007988998354593546,1.127755714908629,0.4699787635362749,0.5300212364637252,0.009998404605776383,0.014097113501874543
2024-04-18,-0.0005997388683270932,0.004469409231556698,1.062114732741524,0.48493906964649247,0.5150609303535076,-0.005346764259814435,-0.007778564657320588
2024-04-19,0.016908471303422212,0.006758113245871167,1.0593636740252295,0.48558688910220565,0.5144131108977943,0.009749171625797564,0.014202209763283593
2024-04-22,-0.05536660613178679,-0.027601715254901182,1.1332713432714523,0.46876362125901067,0.5312363787409893,-0.024086373208268792,-0.03387244658431228
2024-04-23,0.004336164089319583,-0.0019295086588689836,1.331108451306961,0.42898047040211246,0.5710195295978876,0.006904549372010047,0.008885750512558441
2024-04-24,-0.0002561183140994405,-0.0013747266567858407,1.3215729895809047,0.43074243389630495,0.5692575661036949,0.0015606833035655854,0.0020167575741574977
2024-04-25,0.0006587486985751845,0.0022800812338674703,1.3145263923355484,0.4320538332643152,0.5679461667356848,-0.002338478260012607,-0.003031045488731138
2024-04-26,-0.0036939446875853266,0.002146106916992796,1.3156485176924144,0.43184446705086227,0.5681555329491377,-0.006517467071736336,-0.008443596282346566
2024-04-29,0.004845636109294338,0.004539940591891556,1.3373168916303482,0.4278410016120964,0.5721589983879036,-0.001225703131240521,-0.0015732181660470818
2024-04-30,-0.03587471130734532,-0.02302379220960915,1.3366066375872983,0.42797105165829985,0.5720289483417001,-0.005100957817550999,-0.0065491868449257876
2024-05-01,0.003713370845268793,0.0037095227207202264,1.3480970776762242,0.4258767703887448,0.5741232296112552,-0.0012874258941077002,-0.0016448543456922893
2024-05-02,0.003548637605564231,-0.00030433984155642246,1.3319157434150044,0.42883196051309164,0.5711680394869083,0.003953992631881658,0.005086795236552391
2024-05-03,-0.0051913059974680875,-8.696554285025915e-05,1.3315129969170898,0.4289060371193636,0.5710939628806364,-0.005075510246879017,-0.006530750959042806
2024-05-06,0.034940434752880556,0.009830403504240914,1.331841042392912,0.4288456982358497,0.5711543017641502,0.021847899902649404,0.028108133666215913
2024-05-07,-0.002411486937494489,-0.002756782484130804,1.382822112384358,0.4196704381760817,0.5803295618239184,0.0014006528405954674,0.001763437774035819
2024-05-08,0.00212432940134355,-0.0006910217473075075,1.387982070210285,0.41876361320918143,0.5812363867908187,0.0030834551967317526,0.003873716518056048
2024-05-09,0.0281787912257363,0.007996196066356154,1.3988556675960422,0.416865430258306,0.583134569741694,0.016993267039104816,0.021251716727252165
2024-05-10,0.005083166827917651,0.01509367081080737,1.3857718875210054,0.4191515564545756,0.5808484435454245,-0.01583321786119558,-0.019909553730613545
2024-05-13,-0.0019097771130708319,-0.013179550765995973,1.3504873001483564,0.42544369413818267,0.5745563058618174,0.01588903881806727,0.02027967411319057
2024-05-14,0.00935473344970772,0.007405420985537647,1.2808657637192502,0.43843001017708694,0.5615699898229132,-0.0001306167565955224,-0.0001717989177704212
2024-05-15,0.03612425159082977,0.014999596453186603,1.2727896075696672,0.4399879323054971,0.560012067694503,0.01703292110747502,0.02248283921760177
2024-05-16,0.005116249131760231,-0.0036421280821004043,1.3458860582590744,0.4262781632037656,0.5737218367962345,0.010018138539853026,0.012811541086468207
2024-05-17,0.04658688443724435,0.013529391248686906,1.323221918701306,0.4304367103074706,0.5695632896925295,0.0286844973902962,0.037040582080506965
2024-05-20,0.03729831909799808,0.008995917258572517,1.3831728497628815,0.4196086742510083,0.5803913257489918,0.02485541058722724,0.03128863765341269
2024-05-21,-0.010464268945084898,-0.005012511467758718,1.4205518652384714,0.41312892913429905,0.5868710708657008,-0.003343736430031023,-0.004144182751938182
2024-05-22,-0.017980417775665725,-0.013420324835978548,1.404813681440681,0.41583263090923445,0.5841673690907656,0.0008726381632951051,0.0010886142698244144
2024-05-23,-0.03230546979072435,-0.022685397739645285,1.4076263429393796,0.4153468427244146,0.5846531572755854,-0.00037290633234218773,-0.0004646564033107953
2024-05-24,0.0015189382636022764,-0.0010706638115631772,1.414281136039882,0.4142019688892938,0.5857980311107063,0.0030331578953366367,0.0037690199166016247
2024-05-28,0.05410487147406973,0.009732026225884205,1.413052923186761,0.41441279235573725,0.5855872076442626,0.04035300336705383,0.050168402415843735
2024-05-29,0.007256527438352922,-0.006326385297492965,1.4993371029826503,0.4001060916539123,0.5998939083460876,0.016741911642648058,0.020095622502465132
2024-05-30,-0.02530815914998452,0.0011109060639156176,1.470870544677595,0.4047156586791083,0.5952843413208916,-0.026942158157301728,-0.032711739854607236
2024-05-31,-0.03475849325537028,-0.008536429567474357,1.4899844610739381,0.4016089319564255,0.5983910680435746,-0.02203934584678137,-0.02655359443963244
2024-06-03,0.01135425463320705,0.010202848296901212,1.5271078226861665,0.39570927327392746,0.6042907267260726,-0.004226594814671022,-0.005017508287610462
2024-06-04,-0.03762931528980695,-0.00899177396153883,1.5183784069368307,0.39708091414916713,0.6029190858508329,-0.02397639986654955,-0.028561712331046395
2024-06-05,0.015599534417557903,0.012298472438722952,1.5950329954406652,0.38535155497326884,0.6146484450267312,-0.004016934915722831,-0.004643796348000627
2024-06-06,0.0433751765848307,0.006881589779467623,1.5834929776145559,0.3870728539480454,0.6129271460519545,0.03247822749421962,0.037714320622084394
2024-06-07,-0.061189895734008126,-0.027464918497738466,1.6175748946464488,0.38203300392482875,0.6179669960751712,-0.016763333088555522,-0.01921243948684003
2024-06-10,0.014794614924277028,0.0010845046212710763,1.6862519166965184,0.3722659046921309,0.6277340953078692,0.012965866927992443,0.014480250546200661
2024-06-11,-0.021364496583668013,-8.664522082846293e-05,1.6917351879601998,0.3715075704597083,0.6284924295402917,-0.02121791581472392,-0.02364784906364012
2024-06-12,0.03580136600026118,0.012351029252437806,1.7065446764701637,0.3694747804067973,0.6305252195932027,0.014723782780586177,0.01632019922884339
2024-06-13,-0.039302783688554,-0.015325363368204226,1.731688683176927,0.36607392568504915,0.633926074314951,-0.012764025378260511,-0.014017730633290256
2024-06-14,0.014211819916549073,0.013564016969907167,1.7653960462853278,0.3616118571310137,0.6383881428689864,-0.009734042013872131,-0.01055983503008284
2024-06-17,-0.002618858009242331,-0.008149610017955,1.7457396846136668,0.36420058522070087,0.6357994147792992,0.01160823961322681,0.012683182981557978
2024-06-18,0.006138052622137735,0.0077841207231310605,1.767868048884841,0.36128889901485534,0.6387111009851447,-0.007623245692948031,-0.008262582129974796
2024-06-20,0.0430774426232603,0.010041257923518065,1.7823374228780664,0.3594100384005884,0.6405899615994116,0.025180532853403145,0.0271504088393667
2024-06-21,-0.039088872867611646,-0.015889262345370136,1.8267222494020683,0.3537666285435466,0.6462333714564534,-0.010063603814737528,-0.010680501577613011
2024-06-24,-0.0028404163905957347,0.005871221822488115,1.8539042589716321,0.3503971784815014,0.6496028215184986,-0.013725099532673639,-0.01442770845187985
2024-06-25,-0.022109953547468586,-0.005751031048819688,1.8504340251210776,0.3508237662008413,0.6491762337991587,-0.011468050015204878,-0.012069793491941372
2024-06-26,0.0024968097862720917,-0.007511070426863498,1.8916058878368176,0.3458285944866748,0.6541714055133252,0.01670479482968408,0.017330987151413756
2024-06-27,0.00031128267066016235,0.011003848888927692,1.886876263957556,0.34639517200128334,0.6536048279987166,-0.020451618610033227,-0.021253025838381318
2024-06-28,0.011031200367249472,0.0013766191318025367,1.8343495649622823,0.3528146324510637,0.6471853675489363,0.008505999661708733,0.009003123432823917
2024-07-01,0.0021547944862312374,-4.289793260281449e-05,1.8004109292659942,0.3570904503869032,0.6429095496130968,0.0022320283929322606,0.0023911080723256098
2024-07-02,0.0018089216787948725,-0.0019763264578318562,1.804815218217313,0.3565297255608806,0.6434702744391193,0.005375825746055323,0.0057499250337126615
2024-07-03,0.040711329974230326,0.015841605177841167,1.8558241753269369,0.3501616131131459,0.649838386886854,0.01131209610920831,0.011883185463873965
2024-07-05,0.027497713217136566,0.012162026687865923,1.8777187868334448,0.3474974707658527,0.6525025292341473,0.0046608472193609835,0.004858897861062004
2024-07-08,-0.024531682355846574,-0.013941824922807156,1.8865993037118396,0.34642840754312987,0.6535715924568701,0.0017709548359937793,0.0018405271909923832
2024-07-09,0.0050296991462468466,0.002080564956676856,1.897174381289183,0.3451638970916968,0.6548361029083032,0.0010825046118314767,0.0011209245313184612
2024-07-10,-0.0014623708966311488,0.005126839123324123,1.91983016336951,0.3424856734975267,0.6575143265024733,-0.011305031288331695,-0.011615433764084677
2024-07-11,0.02170728780753728,0.01804234453633713,1.910309384068564,0.3436060803274518,0.6563939196725481,-0.012759172270825722,-0.013152387516603428
2024-07-12,-0.016181417937619846,-0.00041407867494824835,1.8722474722751605,0.3481594151105237,0.6518405848894763,-0.01540616018512494,-0.01609139915745641
2024-07-15,-0.006928666605447442,0.003686786389291541,1.9223603862941894,0.3421891443266134,0.6578108556733866,-0.01401599871295009,-0.014388367819401917
2024-07-16,0.017051343072634673,0.016302778320222977,1.9334238992498223,0.3408985657530555,0.6591014342469445,-0.014468838155856305,-0.014797218526333492
2024-07-17,-0.033915710047297654,-0.0030863603870319167,1.9050649629194907,0.34422638142832934,0.6557736185716707,-0.02803599301102051,-0.02895218527180057
2024-07-18,-0.004711759468881471,-0.001222095462085404,1.9165295055225882,0.3428732670478568,0.6571267329521433,-0.0023695774572295328,-0.00243739429284973
2024-07-19,-0.030238422069819415,-0.02296274072391602,1.9052152094660104,0.3442085793650391,0.6557914206349609,0.01351054080840993,0.013951332174348508
2024-07-22,0.0012376652315870817,-0.001461072844917588,1.8622907271275582,0.34937052009512204,0.6506294799048781,0.003958607642334987,0.004149062432565298
2024-07-23,0.00027466762859273963,0.005267599354619623,1.8617821787363285,0.3494326044204972,0.6505673955795028,-0.00953245497456106,-0.009992851704845986
2024-07-24,-0.0005492498866341844,0.0036180449216294264,1.855986924316407,0.3501416590831747,0.6498583409168254,-0.007264293952767779,-0.00763059581006995
2024-07-25,-0.0449581003656101,-0.02544240054782676,1.8544601473268165,0.3503289408109248,0.6496710591890752,0.0022238175026605897,0.0023372028907916523
2024-07-26,0.001906045431760317,0.011947828914082192,1.8501189750324536,0.35086254600603584,0.6491374539939642,-0.020198859552624543,-0.021261069867156555
2024-07-29,-0.005635373005088651,-0.0011344332654936728,1.8386607519980231,0.35227879883009583,0.6477212011699043,-0.0035495350840644814,-0.0037512778674585554
2024-07-30,0.023896353365210787,0.011651853196036122,1.8408535571826774,0.35200688098534616,0.6479931190146538,0.0024469979615173443,0.002584080360633661
2024-07-31,0.014560201309504306,0.008939708939708968,1.845294561107743,0.3514574602113166,0.6485425397886835,-0.0019361949748269193,-0.002041470504979751
2024-08-01,-0.015532716152481862,0.0035029878425716365,1.8425682272021482,0.35179454636495006,0.64820545363505,-0.02198721025147976,-0.023204941968750305
2024-08-02,-0.0030002148300314335,-0.0038193219006673607,1.8134146468649592,0.355439963716091,0.644560036283909,0.003925799445730873,0.004186158037641694
2024-08-05,-0.04142179651225175,-0.00989405140087729,1.8120677198771977,0.355610212702726,0.644389787297274,-0.023493105349916246,-0.025063164571593795
2024-08-06,0.0007386784460730045,-0.005246222996955541,1.8458951474722367,0.3513832900302788,0.6486167099697212,0.010422656018710492,0.010987041488125139
2024-08-07,-0.009816974501390519,0.0005859538263479624,1.8218249806344375,0.3543805894634782,0.6456194105365217,-0.01088447981972957,-0.011571745123557294
2024-08-08,0.024972049131537943,0.01326080366947302,1.8660466472059494,0.3489126741795636,0.6510873258204365,0.00022677090486146467,0.00023736972852399577
2024-08-09,-0.00047274502840910504,0.004087254018639186,1.9146573856986602,0.3430934987098987,0.6569065012901013,-0.00829843612242315,-0.008541418449188294
2024-08-12,0.015643770248275235,0.012458288504120008,1.9145625184354358,0.34310466619765945,0.6568953338023404,-0.008208401965568005,-0.00844902304923727
2024-08-13,-0.007952148279771976,0.0017462837064086134,1.8845941293670674,0.34666922109399784,0.6533307789060022,-0.011243184301079012,-0.011692997832813976
2024-08-14,-0.015923451511127062,-0.011067438021862053,1.8915580331980137,0.34583431787257507,0.6541656821274249,0.005011249786047237,0.005199186454340206
2024-08-15,0.03992072192873586,0.005616215405820579,1.8354627909551469,0.3526761145270196,0.6473238854729804,0.029612367525363125,0.03133072416237348
2024-08-16,0.015383559329904317,0.018547958986048663,1.831048910143913,0.35322597091731844,0.6467740290826814,-0.018578660756894086,-0.019687396452592185
2024-08-19,0.016053926442010757,0.001280697609383985,1.7905052651382747,0.3583580409229037,0.6416419590770964,0.01376083062935873,0.014793912917426648
2024-08-20,0.0073529464524912935,0.0037972658943907778,1.808983352832764,0.35600068579670796,0.643999314203292,0.0004837556632587602,0.0005166520436344808
2024-08-21,0.0007129488542407802,-0.0011548387002693339,1.8515613216066567,0.3506850764256297,0.6493149235743703,0.0028512035243539817,0.002999623577529302
2024-08-22,-0.015945152531918638,-0.011760485229024398,1.8517282727496154,0.3506645459722596,0.6493354540277404,0.005832070467920076,0.006135301028134248
2024-08-23,0.026890945505960273,0.011900440179980043,1.7827982658685793,0.35935051860033973,0.6406494813996603,0.00567486139001909,0.00611779315046522
2024-08-26,0.006412408152894233,0.003707562266860087,1.8217021611493762,0.3543960144938421,0.6456039855061578,-0.000341666041240668,-0.00036325524991074384
2024-08-27,-0.0008673005916490784,-0.0006752000654739465,1.8222564385581481,0.3543264128439321,0.6456735871560678,0.0003630870749757038,0.00038595402247841094
2024-08-28,-0.02587558388710398,-0.0059618441971383,1.7960226400333235,0.35765089512582837,0.6423491048741716,-0.015167976732692302,-0.016274521367085418
2024-08-29,0.013058630507235325,0.009876030056727325,1.816481578782079,0.3550529169207016,0.6449470830792985,-0.004880996162307992,-0.005199035774718612
2024-08-30,-0.02794594608547285,-0.012630123514453473,1.7829599061176291,0.3593296467555118,0.6406703532444883,-0.0054269422498888255,-0.005850183724845342
2024-09-03,-0.027148399366699993,-0.0015639371272799796,1.7967354123694543,0.35755974468560064,0.6424402553143994,-0.0243384181473967,-0.02610731573650366
2024-09-04,0.007727795127925541,0.0014056789980614326,1.7740523152562448,0.3604834683543551,0.6395165316456449,0.005234047046907578,0.0056603622989973386
2024-09-05,0.01963288600329638,0.007219058596689809,1.7264272066732036,0.3667803774670381,0.6332196225329618,0.0071697068354030155,0.007889123338251364
2024-09-06,-0.03175483184483319,-0.007127459998324093,1.737627389418024,0.3652798053765031,0.6347201946234969,-0.0193699621347639,-0.021226367996210374
2024-09-09,0.017369094930580475,0.003328674083868055,1.7574039753391126,0.3626599544149193,0.6373400455850806,0.011519269862982476,0.012532733650207135
2024-09-10,-0.0012018096316284144,0.004196978093800263,1.729051078184224,0.366427733065865,0.6335722669341349,-0.008458599129829329,-0.009298395912168777
2024-09-11,0.010829166443353966,-7.95888898574848e-05,1.6950753982858386,0.37104713309172527,0.6289528669082748,0.01096407561252827,0.012204566469088548
2024-09-12,0.04131219817675014,0.015564608095077315,1.705599940640027,0.3696037928517413,0.6303962071482587,0.014765203533700984,0.016371825684851453
2024-09-13,0.03214199554210251,0.011798407899162866,1.7763589426131006,0.36018397500821814,0.6398160249917818,0.011183788161827506,0.01208466382733065
2024-09-16,0.0023453697167905574,-0.00034871826883653423,1.8078803055372556,0.35614053705493026,0.6438594629450697,0.0029758106072011736,0.0031794203634671527
2024-09-17,-0.00493972986572877,-0.006239286205599992,1.7624733394891805,0.3619944437852616,0.6380055562147383,0.0060568457290838245,0.006577633502378508
2024-09-18,-0.00907932599497141,0.0024957696922693895,1.7191304190402859,0.3677646327655549,0.6322353672344452,-0.013369879591870531,-0.014750906574671858
2024-09-19,0.02481791204131012,0.006729703643647111,1.7262488486376242,0.3668043731590113,0.6331956268409887,0.013200768874791869,0.014526299257005054
2024-09-20,0.002637188293048043,0.012326082822160078,1.725990017130492,0.3668392010667185,0.6331607989332815,-0.018637507608323896,-0.020510905202737274
2024-09-23,-0.013119078423192376,0.002519217490082548,1.7256023656548116,0.3668913751326875,0.6331086248673125,-0.0174662460836778,-0.019224645132139395
2024-09-24,0.04368316228445157,0.009404131418951023,1.7537268737540048,0.3631442208488727,0.6368557791511273,0.02719088429072278,0.02962263746983914
2024-09-25,-0.012861639501308364,0.003017501564325231,1.798266092931364,0.3573641557985058,0.6426358442014943,-0.018287910249801777,-0.019606330823217763
2024-09-26,0.010316157868872189,0.004023748258253246,1.7978886300141244,0.3574123677663867,0.6425876322336134,0.0030819066253195415,0.003304534632571114
2024-09-27,-0.015800231133121678,-0.009588319582000904,1.806680451237615,0.3562927869323516,0.6437072130676484,0.0015227984158981724,0.0016276862746095917
2024-09-30,-0.011263033483806084,-0.0031009911963315595,1.7554579002622581,0.36291608734244213,0.6370839126575578,-0.005819373989562137,-0.0063358333172228035
2024-10-01,0.009016818807569216,0.011835647363927837,1.7394281329814492,0.3650396912992394,0.6349603087007606,-0.011570439189294592,-0.012671008649570163
2024-10-02,0.005819703175424573,-0.007573182919840549,1.7301674497720492,0.3662778999447427,0.6337221000552573,0.01892257775450234,0.020792766124380663
2024-10-03,0.017737413431924365,0.003777718873892999,1.6862607835392094,0.3722646759122461,0.6277353240877539,0.011367194243642697,0.012694814643423596
2024-10-04,-0.0018950829642458977,-0.004252774985064489,1.6966844037317474,0.37082574387131545,0.6291742561286846,0.005320534025493536,0.005918972963388855
2024-10-07,-0.011920988933720289,-0.00037795751059988003,1.7108641480160545,0.36888606193410683,0.6311139380658932,-0.011274354979361556,-0.012476857227551619
2024-10-08,-0.04378646275791487,-0.011267410873396222,1.7089640726575797,0.3691447997015953,0.6308552002984048,-0.024530862383409364,-0.027166320843093148
2024-10-09,0.002306035113814442,-0.0034416826003823564,1.774942963009647,0.36036776731274517,0.6396322326872549,0.008414825426275849,0.00909729555358064
2024-10-10,0.01906326830731886,0.005602493344685433,1.7971251545682092,0.3575099234894155,0.6424900765105845,0.008994886589283687,0.009647283648992342
2024-10-11,0.01661026643886343,0.014118903541632033,1.7832968157377462,0.35928615099390254,0.6407138490060975,-0.008567929288637362,-0.00923501500830733
2024-10-14,-0.013864221710395475,-0.003687555865447112,1.7628331061729665,0.36194730610608056,0.6380526938939195,-0.007363676149923001,-0.007995788236506676
2024-10-15,0.01428434325917971,0.005136284184919404,1.8412349093574647,0.35195963442042405,0.6480403655795759,0.004827237513525451,0.0050969782515629235
2024-10-16,0.0073904842984802155,0.004734387209210489,1.8513020221902101,0.3507169679737596,0.6492830320262404,-0.0013742963157626284,-0.0014459671108853324
2024-10-17,-0.005887917925395669,0.006357516828721099,1.8581272225304009,0.3498794567705299,0.6501205432294701,-0.01770099301253749,-0.018579641458576684
2024-10-18,0.04621041849849683,0.00843550768185608,1.842922018504706,0.3517507668134952,0.6482492331865047,0.03066443565433867,0.03235871626595013
2024-10-21,0.025339003025819817,0.003463959410956896,1.9324138998443787,0.3410159800610239,0.658984019938976,0.018645199711589965,0.019074933159244117
2024-10-22,0.02840360847007206,0.007748467834063577,1.9975125374097575,0.33360994742131445,0.6663900525786856,0.012925946825813838,0.012936673322791387
2024-10-23,-0.03419373110913926,-0.010859284803718228,2.0176952440058176,0.33137872420561504,0.6686212757943849,-0.012283003807372343,-0.012210978393299283
2024-10-24,-0.0008620490231698863,0.007552313858506743,2.057744644462742,0.32703842742751466,0.6729615725724853,-0.016402782418813884,-0.01609302050305373
2024-10-25,-0.00023800006401142326,0.0021938645706405246,2.038183480628045,0.3291440449124168,0.6708559550875832,-0.00470949859062608,-0.004650310246883981
2024-10-28,0.006755384514960827,0.0007296873549778038,2.0475248312645538,0.3281351442131008,0.6718648557868993,0.005261331536584021,0.005179283347529798
2024-10-29,0.012976622886919476,0.009296730069591863,2.0553690203009216,0.3272927078057205,0.6727072921942795,-0.0061315880882196715,-0.006020472205628149
2024-10-30,-0.010359203122465854,0.007260547018237196,1.9683011896733125,0.336893036151112,0.663106963848888,-0.02465014645614115,-0.024913388043536894
2024-10-31,-0.037182329788516766,-0.018002492799668257,1.9619267701757424,0.33761807012557105,0.6623819298744289,-0.0018627572349515648,-0.0018867015083303754
2024-11-01,-0.0033993832557535075,0.0001095748540242969,1.9611405703325961,0.337707709663942,0.662292290336058,-0.003614274947468828,-0.003661705543816386
2024-11-04,-0.0019052386149303047,-0.0009128751591513939,1.962634290758634,0.337537441971595,0.662462558028405,-0.00011359852439803337,-0.0001150312660111797
2024-11-05,0.005387907620903132,0.0015350137136695974,1.9662870984715963,0.3371217845080667,0.6628782154919333,0.0023696299597376295,0.0023965616419515828
2024-11-06,-0.043913586327227305,-0.026529923685898793,1.9909318193318202,0.33434396382308773,0.6656560361769124,0.00890568290347353,0.008932683967496531
2024-11-07,0.017424128200999034,0.01154588527514333,1.9271592372356994,0.34162815171762334,0.6583718482823767,-0.004826631259057079,-0.004946739348162525
2024-11-08,-0.01278136770439886,-0.004039394729551615,1.9344657670927874,0.34077753137011807,0.6592224686298819,-0.004967296880306232,-0.00507822950535974
2024-11-11,-0.026116851823051013,-0.028390715843023218,1.9113406337835994,0.34348436881478644,0.6565156311852135,0.028147476989923058,0.029004655102837337
2024-11-12,0.004780612445006049,-0.004289197066983941,1.8017636335167742,0.3569180454900829,0.643081954509917,0.012508731737284525,0.013393776249694086
2024-11-13,-0.0031284842862845386,-0.007384596604567362,1.7866337556335572,0.3588559127938376,0.6411440872061623,0.01006508527917246,0.010835746095615753
2024-11-14,-0.0026806385097365437,-0.00488224481473154,1.769163348523853,0.3611199030685806,0.6388800969314193,0.005956850075007125,0.006453411365041922
2024-11-15,-0.00449059698612897,-0.0009734444542992549,1.7634543252601163,0.36186594106485653,0.6381340589351435,-0.002773972152794475,-0.003011418130676036
2024-11-18,0.026077501871331954,0.017500154865679907,1.777099855796292,0.36008788013611587,0.6399121198638841,-0.005022020816880586,-0.005425106489849934
2024-11-19,0.0014440225953762376,0.006320385881703361,1.7463656312150462,0.36411757729344296,0.6358824227065569,-0.009593682084447318,-0.010479684833737398
2024-11-20,-0.008074878468253832,0.008031613844653007,1.73550323357254,0.3655634501641623,0.6344365498358377,-0.022013770266455106,-0.024142289429179738
2024-11-21,-0.0014213308938789693,0.009025053593026078,1.7042094791445828,0.3697938372423456,0.6302061627576544,-0.016801912776901885,-0.018639731396345227
2024-11-22,0.012842887898042221,0.01414610355377599,1.656770409272716,0.37639684502273096,0.623603154977269,-0.01059395787636145,-0.011962596962898486
2024-11-25,-0.03510175764957435,-0.034355458456271526,1.6356988737113223,0.3794060125661859,0.620593987433814,0.021093427053185107,0.024008919148814013
2024-11-26,0.005892135359252038,0.0013375114394267307,1.4939499826450773,0.40097035103302375,0.5990296489669763,0.003893960167532881,0.004684087725852814
2024-11-27,-0.009115454218612262,0.007480003492115639,1.4842373112462315,0.4025380326883281,0.5974619673116718,-0.0202175544898624,-0.02441500383035486
2024-11-29,0.019062781167803244,0.00647755531983174,1.4621370233619233,0.40615123793335867,0.5938487620666413,0.009591707713802272,0.011687051885567215
2024-12-02,-0.007691056383986372,-0.008317688240967236,1.4614753810555572,0.4062604110105578,0.5937395889894422,0.004465040207482547,0.005441907209611576
2024-12-03,0.020624659978094595,0.003719324904679633,1.4263674769587298,0.412138725686113,0.587861274313887,0.01531953589781694,0.018941322009086804
2024-12-04,0.01377222708379855,0.0034408809408483787,1.4283649426384895,0.4117997185849137,0.5882002814150864,0.008857393376097783,0.010942416299018841
2024-12-05,-0.011775857560738068,-0.010249435025779796,1.4358098245227278,0.4105410816281357,0.5894589183718644,0.0029403819450839214,0.0036214427524037824
2024-12-06,0.00167020121014394,0.004568643704349062,1.4331431262202305,0.41099103017151783,0.5890089698284822,-0.00487731911089325,-0.0060136032175837455
2024-12-09,0.03302760059266885,0.009967332568076914,1.383648082199585,0.4195250160741929,0.5804749839258071,0.019236320000203762,0.02421035237188141
2024-12-10,0.004562930250220587,0.012270703032313035,1.3842073006319702,0.4194266160224134,0.5805733839775867,-0.01242226647099397,-0.015630687567773065
2024-12-11,0.006149038056919576,0.013419317119437668,1.3610675670029337,0.4235372227273314,0.5764627772726686,-0.012115559245674267,-0.015394170944103962
2024-12-12,-0.0409679879164937,-0.016936150413770057,1.341509061492484,0.4270750075007599,0.57292499249924,-0.018247988669621483,-0.023379779693857128
2024-12-13,-0.01834891579558018,-0.011720930232558158,1.3933253859903294,0.41782868549911445,0.5821713145008856,-0.002017846155135363,-0.0025293420196189527
2024-12-16,0.0013700804421390433,-0.0017319644790098065,1.3813349089138016,0.4199325329069862,0.5800674670930137,0.0037625034379939943,0.004739992796364185
2024-12-17,-0.004039500514133487,-0.002640114753648559,1.4052830386750794,0.4157514870062185,0.5842485129937816,-0.00032939203067533116,-0.00041083567968380145
2024-12-18,-0.005331505153422289,-0.0029874083480143643,1.4110952583359333,0.4147492707070273,0.5852507292929726,-0.0011159873988260361,-0.0013885648793439918
2024-12-19,-0.04327523812379108,-0.016802597696994104,1.3667312396712914,0.42252368297588666,0.5774763170241133,-0.020310602943680346,-0.02574513227767411
2024-12-20,0.01945418256041931,0.014080703914641779,1.4230536532863856,0.4127023760467297,0.5872976239532703,-0.0005834145861555867,-0.0007223297577801865
2024-12-23,0.007687142348014264,-0.006238788240719106,1.420077918517212,0.41320983607532047,0.5867901639246795,0.016546707766964312,0.020511787211920665
2024-12-24,0.002877423752003949,0.002947575327470142,1.402724437495802,0.4161942103698886,0.5838057896301114,-0.00125721219119811,-0.0015697333055492845
2024-12-26,0.002435442448680769,0.007175591155772931,1.3995237781896557,0.41674936047287675,0.5832506395271232,-0.007606967996390842,-0.009510597142900569
2024-12-27,-0.013046233794329343,-0.008185575737669981,1.40439100283115,0.41590573198057573,0.5840942680194242,-0.0015504848753526684,-0.001934566641025091
2024-12-30,-0.018512890698538564,-0.0042411178827413964,1.4243030133631567,0.4124896906400873,0.5875103093599127,-0.012472253718121622,-0.015434028233318
2024-12-31,-0.005703303823144101,0.008863762959987476,1.423418074670827,0.4126403159454153,0.5873596840545848,-0.018320144229988063,-0.022678890309683557
2025-01-02,0.023565970765631716,0.011296193413755873,1.404207193753217,0.41593752926048616,0.5840624707395139,0.007703774712008008,0.009612867059076075
2025-01-03,0.0062116000563794405,-0.005227689215189235,1.4181927296782735,0.4135319686173418,0.5864680313826581,0.013625470894378332,0.016903703406871695
2025-01-06,0.017982933049925043,-0.002495311023156921,1.3616156072585366,0.4234389360090834,0.5765610639909167,0.021380587484019775,0.027160119646447375
2025-01-07,0.003460597615807748,0.006936040594857751,1.3568492983682428,0.42429526601142764,0.5757047339885725,-0.00595056419877864,-0.0075743886589165815
2025-01-08,0.00016419222530705824,0.002935991633034929,1.3422477415116203,0.4269403198803506,0.5730596801196494,-0.0037766359132310892,-0.004837194434599504
2025-01-09,0.011132296914532214,0.007243403575952323,1.344701840869648,0.4264934596669659,0.573506540333034,0.0013920787917873333,0.0017811375001151666
2025-01-10,0.009743081858092362,0.009203349997202626,1.341751496135131,0.42703079368174557,0.5729692063182545,-0.0026055267701095147,-0.0033379204937967026
2025-01-13,-0.032163649054718024,-0.012922281705741168,1.3333310935255007,0.4285718399650989,0.5714281600349012,-0.014933969057157579,-0.01920083579042364
2025-01-14,0.0013625458360140286,0.0014961660744343686,1.3592685006063994,0.4238601921498005,0.5761398078501996,-0.000671145580640538,-0.0008534156843123634
2025-01-15,0.03939334514338211,0.013071895424836555,1.3720377993065407,0.42157844208568157,0.5784215579143185,0.021458210511924123,0.027138956872690696
2025-01-16,0.006513632984201934,0.012497659850230436,1.3708360828494683,0.4217921294660391,0.5782078705339608,-0.01061861008967303,-0.013436538485078267
2025-01-17,-0.018145496638224734,-0.0007645840337501264,1.344066967113871,0.4266089723670517,0.5733910276329484,-0.017117844494878513,-0.021907878147297347
2025-01-21,0.011631307804815583,0.0038989727732010593,1.324923835849795,0.43012161713869,0.5698783828613101,0.006465465842272123,0.00834280987089914
2025-01-22,-0.002299527375212773,0.0045735381692377786,1.300469093812053,0.43469395119885035,0.5653060488011497,-0.008247272413676263,-0.010755118296342642
2025-01-23,-0.018118376994636698,-0.0016259574509376318,1.305967488178903,0.4336574583667406,0.5663425416332594,-0.015994929426549908,-0.02080896132561906
2025-01-24,0.011410699235132826,0.005139137443453512,1.3102955781219305,0.43284504782410266,0.5671549521758973,0.004676910167614847,0.00607313221551084
2025-01-27,-0.02478809236060253,-0.014330482169155112,1.3142138258176979,0.43211218809768487,0.5678878119023151,-0.005954774563264889,-0.007719391998482487
2025-01-28,0.015634282319248793,0.010703214183789944,1.3197090192038086,0.4310885510731984,0.5689114489268016,0.001509154026431073,0.0019517370678013637
2025-01-29,0.016630377154969844,0.0008313028724642457,1.3433322869857924,0.4267427225552766,0.5732572774447233,0.015513661166124591,0.019861026008496225
2025-01-30,0.03604576195608322,0.019464772107505413,1.3136470791985382,0.4322180374832303,0.5677819625167698,0.010475920929793561,0.01358364595531461
2025-01-31,-0.0072920551417322566,-0.0037194473963868546,1.3434820701412302,0.4267154473854092,0.5732845526145908,-0.0022950442538530362,-0.002937992506656632
2025-02-03,0.008217129995837125,0.007608854166666568,1.3444330754782239,0.426542352801441,0.573457647198559,-0.0020124652123197067,-0.002575204939781698
2025-02-04,0.015312491461917599,0.006845741611526401,1.3426671096888574,0.42686389195638447,0.5731361080436155,0.006120939358692705,0.007838423991241749
2025-02-05,-0.0009426551999955901,0.006413643330515084,1.31682940788936,0.4316243555070391,0.568375644492961,-0.009388329349331311,-0.012156694814078842
2025-02-06,-0.010317341913896771,-0.005432545314712378,1.305033154928754,0.4338332391713076,0.5661667608286922,-0.003227690162544256,-0.0042008378347738184
2025-02-07,-0.005627728124880105,0.003956599729735721,1.3021861108295005,0.43436974764811265,0.5656302523518874,-0.010779957339053717,-0.014047462047066549
2025-02-10,0.0017627712434462595,0.016391727129920985,1.3597501365873477,0.42377368031269286,0.5762263196873071,-0.020525881960366334,-0.026094985620025053
2025-02-11,-0.004970341645774812,-0.0006176607754746488,1.3236446092601557,0.4303584102383015,0.5696415897616984,-0.004152778289966345,-0.005361549188826146
2025-02-12,0.014396100536822498,-0.001201716738197467,1.3385237083497088,0.4276202103187989,0.5723797896812011,0.016004626881620486,0.020531705739577365
2025-02-13,-0.0013763012498952953,0.005809522978257098,1.335005778659302,0.42826446475613145,0.5717355352438684,-0.009132047997122519,-0.011732794942844934
2025-02-14,0.004624721433643675,-0.014457023855674711,1.3292521150687697,0.4293223535274006,0.5706776464725993,0.023841750971398946,0.030707389917765553
2025-02-18,0.015731309279375605,0.01664585877875835,1.2441827047644083,0.4455965184461124,0.5544034815538876,-0.004979180319106328,-0.006656116244727544
2025-02-19,-0.009724804129953246,-0.004161616491367259,1.2384945176996311,0.44672881353653754,0.5532711864634625,-0.0045706649206265215,-0.006125543151193676
2025-02-20,0.013669572733788549,0.007056278120620485,1.2603195408038226,0.4424153231203658,0.5575846768796342,0.00477640753302408,0.006339467646232192
2025-02-21,-0.0139934966278642,-0.0008162933142006334,1.2806368188040393,0.4384740225865501,0.56152597741345,-0.012948121354755295,-0.01703224456607509
2025-02-24,-0.01216038802187902,0.0035061970129008913,1.2958060428025246,0.4355768655348973,0.5644231344651026,-0.016703739298452158,-0.021827287218995624
2025-02-25,-0.023760557167116336,-0.014722312080286182,1.3751982663756017,0.421017484795463,0.578982515204537,-0.0035144591172662012,-0.004438946213903696
2025-02-26,0.014213318716385093,0.004234824867662246,1.383193217657696,0.419605088077098,0.580394911922902,0.008355737681466524,0.010518330137342664
2025-02-27,-0.014014131400259977,-0.011519506683274172,1.4109637264061357,0.41477189766377526,0.5852281023362247,0.002239474675932933,0.0027866134833200128
2025-02-28,-0.018301333968456457,-0.016093196146486743,1.3901630703689989,0.41838149555445087,0.5816185044455491,0.004070832998594096,0.005109483594312625
2025-03-03,0.026041885911359808,0.018823992323959926,1.3815418415536176,0.41989604488646826,0.5801039551135319,3.575289072504928e-05,4.503749222611181e-05
2025-03-04,0.002372633930916024,0.006712389043017186,1.3786620782385752,0.42040439840051214,0.579595601599488,-0.006881482297075891,-0.008679016275617894
2025-03-05,0.023358663263996826,0.0019590153218878026,1.36974078908265,0.4219870817124728,0.5780129182875272,0.020675320071169227,0.02617415394091205
2025-03-06,0.0062389069844550615,0.0004459399740508463,1.3797440445070528,0.4202132587780645,0.5797867412219355,0.005623623961050777,0.007089364052446663
2025-03-07,-0.015576305656673561,-0.00408014334702167,1.3797938953340652,0.42020445634415937,0.5797955436558407,-0.009946548774365162,-0.01253875236069833
2025-03-10,-0.008387575488472354,-0.0047164772273115,1.355244973420358,0.4245842837094647,0.5754157162905352,-0.001995593433906857,-0.0025418928261319636
2025-03-11,0.018992995613364316,0.007575199703822255,1.3783780012390052,0.4204546121260181,0.579545387873982,0.008551506986623492,0.01078656165946114
2025-03-12,0.01812213155369813,0.008994540214519287,1.4186087011933894,0.41346084610816963,0.5865391538918304,0.005362398542147213,0.0066514255152162055
2025-03-13,0.016933386346884127,0.015378840349098422,1.3669952675042412,0.4224765523314289,0.5775234476685711,-0.0040894156300366885,-0.00518304664928447
2025-03-14,0.003994055744479974,0.003417870524071498,1.3530615235277286,0.4249782634245755,0.5750217365754245,-0.0006305333540407229,-0.0008038889094944988
2025-03-17,-0.003305319609632651,0.0018367006177992806,1.3568036642682086,0.4243034815165656,0.5756965184834344,-0.005797361738026398,-0.007379522307166585
2025-03-18,0.014820603215635053,0.011700032552083295,1.3575695920131157,0.4241656337050503,0.5758343662949498,-0.0010630052026368367,-0.0013526708262246584
2025-03-19,-0.017467252280472856,0.000263518388773365,1.3570454736816668,0.42425995220109874,0.5757400477989013,-0.017824858717189637,-0.02268712112203864
2025-03-20,-0.005562889904744295,0.0013505378267197887,1.2785108887057224,0.43888313413680313,0.561116865863197,-0.007289567221814506,-0.009597804326432579
2025-03-21,-0.014680589382369269,-0.007171068693462179,1.274242699257748,0.4397068089198982,0.5602931910801019,-0.0055429074538492894,-0.007311762446011165
2025-03-24,-0.0007510220844495485,-0.0016897003505831343,1.319014630622572,0.4312176330390533,0.5687823669609468,0.0014777173993376948,0.001911653397729079
2025-03-25,0.02215540433612917,0.003517922794489925,1.3162918603043694,0.4317245236395193,0.5682754763604806,0.017524791196562882,0.02269764639365445
2025-03-26,0.0009117712393222899,-0.000926033956193284,1.3283694190519728,0.4294851116912382,0.5705148883087617,0.0021418864277331627,0.0027597249949347733
2025-03-27,0.025387076927353425,0.013009384653107636,1.3225566289111457,0.43056000768808683,0.5694399923119131,0.008181429016330996,0.010567788420513025
2025-03-28,-0.007249859778691414,0.008594225621777918,1.3245296328344494,0.430194558879697,0.569805441120303,-0.018633166286001337,-0.02404766025281516
2025-03-31,-0.005397767845001122,0.011760910036651584,1.3239481103234103,0.43030220664472396,0.5696977933552759,-0.020968602463709615,-0.027068507731170734
2025-04-01,-0.008677475694964132,-0.0012489260994595908,1.2607768348044017,0.44232583446765467,0.5576741655323454,-0.007102858600382862,-0.009425333572560321
2025-04-02,0.009983008192139708,0.006733143306144385,1.293397455736301,0.4360343199556518,0.5639656800443483,0.0012743777708646552,0.0016670173340567074
2025-04-03,-0.07695877110556226,-0.013662824828182485,1.3253747989125022,0.43003820307490453,0.5699617969250954,-0.058850407396333154,-0.07592377034083554
2025-04-04,-0.08566765018948008,-0.02744591540200192,1.5428685233089507,0.39325666696236933,0.6067433330376306,-0.04332221122233099,-0.05111024517220091
2025-04-07,0.013532113532447543,-0.020152706232362205,1.7696145898313982,0.3610610673670937,0.6389389326329064,0.04919463650582185,0.05328680389658469
2025-04-08,0.002778679242197768,0.00579400712659317,1.5630413502219902,0.3901614774624639,0.6098385225375361,-0.006277593480148254,-0.007347825441370119
2025-04-09,0.02470265354279455,0.029679322380616213,1.5627952203468485,0.3901989484218954,0.6098010515781045,-0.021680049616765715,-0.02537859768658949
2025-04-10,0.011476422955487786,0.0322918210933667,1.4588023136184973,0.4067020737947613,0.5932979262052387,-0.03563096036647015,-0.04347355641702708
2025-04-11,0.03759251070104619,0.02123478734687345,1.3234477033287642,0.4303948819537952,0.5696051180462048,0.00948938015615182,0.012252541956364951
2025-04-14,0.00842130637441274,-0.005400007016144959,1.320124413548673,0.43101136911467675,0.5689886308853233,0.015549987469759823,0.02010666416717175
2025-04-15,0.004206722554225939,0.004337213595847489,1.308206334826124,0.433236831955636,0.566763168044364,-0.0014672477473557377,-0.00190699729727533
2025-04-16,0.021689808910035024,0.03352289685936416,1.3017282331696058,0.4344561558524853,0.5655438441475146,-0.02194789238943201,-0.028606190869729948
2025-04-17,-0.015367810817145333,-0.005380913232397977,1.229820022306875,0.44846668789234545,0.5515333121076547,-0.008750255985646296,-0.01177259496027889
2025-04-21,0.002344238677220112,0.029467767231497577,1.236704325594465,0.44708636208955466,0.5529136379104455,-0.034098676523583775,-0.04573515971699271
2025-04-22,0.011816922226118187,-0.0015853157246075167,1.1388767362064078,0.46753512396120483,0.5324648760387952,0.013622401424415892,0.01910685341584073
2025-04-23,0.01940390716410101,-0.03660903264303972,1.1280327915877848,0.46991757079733343,0.5300824292026666,0.06070009645375744,0.0855721256181406
2025-04-24,-0.0010741425837215157,0.017000869988021305,0.8726427270470591,0.5340046905673697,0.4659953094326304,-0.01590982813224093,-0.025487768546212052
2025-04-25,-0.014724331086388931,-0.014885983690351101,0.8474081327363229,0.5412989053581957,0.4587010946418042,-0.0021098274434051476,-0.0034261418568296564
2025-04-28,3.0412120074041482e-05,0.015263252238240987,0.8524961841163048,0.539812178062342,0.4601878219376579,-0.012981452170231049,-0.02102263791127362
2025-04-29,0.00863897644473699,-0.0041110131048387455,0.8062346910516043,0.5536379103746435,0.4463620896253565,0.011953417825225753,0.019853595799779005
2025-04-30,-0.022359226499803597,-0.004158144095784855,0.7956509224540165,0.5569011145180465,0.44309888548195353,-0.019050795314295654,-0.031828227428959285
2025-05-01,-0.01051302058231629,-0.02874432677760963,0.8052353385081531,0.553944396427781,0.44605560357221885,0.01263292712064117,0.020993817566879163
2025-05-02,-0.00621326728728433,0.006822399484034181,0.7618373217521545,0.5675892930940388,0.4324107069059611,-0.01141082583812421,-0.01942998771324034
2025-05-05,0.006752368265854569,0.024567637885936522,0.759397999468924,0.5683762288588773,0.4316237711411227,-0.01190424679640257,-0.020298272704633996
2025-05-06,0.028194289076925116,0.03022977442079,0.7379554706728217,0.5753887351399549,0.424611264860045,0.005886061665897804,0.01016032073069014
2025-05-07,-0.017576201209763553,-0.008794043752944014,0.7549478238454239,0.5698175104766421,0.43018248952335797,-0.010937157015677025,-0.01869655074709567
2025-05-08,-0.004703202676045848,-0.025078312869389552,0.7730014973860251,0.564015316103411,0.435984683896589,0.0146823707239075,0.024843245894976468
2025-05-09,0.009203791181071619,0.011769642522029056,0.7392135710229938,0.5749725143944264,0.42502748560557363,0.0005035117026984462,0.0008685161691826329
2025-05-12,-0.008813753550887204,-0.03459852063396052,0.744883190591811,0.5731042658854606,0.4268957341145394,0.016958102888693913,0.029156283320505096
2025-05-13,0.014820289459054559,0.0063043629901009535,0.70072491912333,0.5879845639678569,0.412015436032143,0.010402665212691953,0.018349819707564816
2025-05-14,-0.019532624145659483,-0.01817737419276233,0.7220186010091464,0.5807138200562845,0.41928617994371564,-0.006408221860981464,-0.011164028989976219
2025-05-15,0.007912779732317743,0.012353067842610033,0.7238294630096443,0.5801037872122767,0.41989621278772327,-0.0010287347307203834,-0.0017903187399830878
2025-05-16,-0.009944215291697311,-0.012016006383268829,0.7219827714126764,0.5807259030702276,0.41927409692977224,-0.0012688657017924723,-0.0022105895416448147
2025-05-19,0.004819913388177666,0.01473912707220304,0.7182574070140042,0.5819849784543077,0.4180150215456922,-0.005766573804352802,-0.01006817799384432
2025-05-20,0.020641841443505227,0.015918779782261305,0.7125860169907866,0.5839122765682255,0.41608772343177447,0.009298341563110182,0.016288247371273858
2025-05-21,0.014645291561202534,0.008840654686561367,0.7236425013403658,0.5801667104532201,0.4198332895467799,0.008247818090332839,0.014355328469654894
2025-05-22,-0.012431651395756416,-0.0051370379685032885,0.7139501609858746,0.5834475370186926,0.41655246298130755,-0.008764062311152943,-0.015340111709161603
2025-05-23,0.011952686996865802,0.021656607165408293,0.716260350595437,0.582662181558329,0.41733781844167095,-0.0035590820441371955,-0.006221227524546163
2025-05-27,-0.008851187800999694,-0.0191758824257805,0.7085055699649054,0.5853068421781856,0.4146931578218144,0.0047350317066579325,0.008314339367512618
2025-05-28,-0.004404751971596399,-0.0016671212867737095,0.693327466971034,0.5905532270073938,0.40944677299260634,-0.0032488909927040925,-0.005755929179809971
2025-05-29,0.00857578624378541,0.007135049581982633,0.6792745506952728,0.5954952390518682,0.40450476094813176,0.003729128644795664,0.00666203506136329
2025-05-30,-0.01174781852343032,-0.008501460457109866,0.6811072945072443,0.5948460299157251,0.40515397008427484,-0.005957411792127899,-0.010631228259361216
2025-06-02,0.05080267302526886,0.024841192416430236,0.6849726227037334,0.593481452770066,0.40651854722993397,0.03378713630469855,0.06015611621715822
2025-06-03,-0.0017360001668784708,-0.006052378179944973,0.7351171651910261,0.5763299563058072,0.4236700436941929,0.0027132069234267,0.00469110728288137
2025-06-04,0.00046380476461815867,0.006954823344193173,0.7283290641442833,0.5785935217696013,0.42140647823039873,-0.00460159521294687,-0.007987359540051203
2025-06-05,0.033894322976071534,-0.0067585738337409,0.7252421858026035,0.5796287664591206,0.4203712335408794,0.038795925836162065,0.06746170390816245
2025-06-06,0.009414731643111685,-0.008356462950437349,0.6978893026932509,0.5889665471204544,0.4110334528795456,0.015246617744574392,0.02693924342486229
2025-06-09,0.01840383543041968,0.002829068715957783,0.6826682728238284,0.5942942029339005,0.40570579706609955,0.016472519976396854,0.029368569389056565
2025-06-10,-0.0039795003690653585,-0.0033613021770798612,0.6780814178536013,0.5959186421830944,0.40408135781690563,-0.0017002638229966492,-0.003039656726259601
2025-06-11,-0.010289514875148065,0.0001204933891842952,0.6785368401573201,0.5957569569377312,0.40424304306226877,-0.010371274078705023,-0.018536276054089428
2025-06-12,0.0012995875831953718,0.01794473628983151,0.67966612400358,0.5953564138189815,0.40464358618101853,-0.010896841777180791,-0.01946251392724564
2025-06-13,0.0018776952036658745,0.014877710160320134,0.6645870922498565,0.6007495820770782,0.3992504179229219,-0.00800983893111743,-0.014435722171120519
2025-06-16,0.002701231835737783,-0.010142238669664128,0.6564648559941626,0.6036952709146544,0.3963047290853456,0.00935925508347727,0.016950414099537504
2025-06-17,0.019544201422382113,-0.002885350656363417,0.6491875856943318,0.6063591605190174,0.39364083948098266,0.021417335248868234,0.038959792266174305
2025-06-18,-0.006039337355512764,0.0009448860448830754,0.6369444813301751,0.6108942675853024,0.38910573241469765,-0.006641177307286935,-0.01217117144111755
2025-06-20,-0.02414146808411788,-0.006401543117381503,0.6373753913049112,0.6107334978346334,0.38926650216536657,-0.020061282034721583,-0.03675629084433781
2025-06-23,0.00491989464836462,0.00285022809218316,0.6460621453271445,0.6075104775593125,0.39248952244068747,0.0030784701724570736,0.005610608653864487
2025-06-24,-0.012502411026272031,-0.017852399472962133,0.6465113354959723,0.6073447406292978,0.3926552593707022,-0.000960632401199691,-0.001750305109640176
2025-06-25,0.010755969540121812,0.0029240355694371,0.635727774294226,0.6113486704298788,0.38865132957012116,0.008897078915606415,0.016317652097297075
2025-06-26,0.013883870400295262,0.0019235677184039623,0.6419846006846404,0.6090191099131143,0.39098089008688575,0.01264896954670583,0.023110392523958617
2025-06-27,-0.015005734662384751,-0.017939117692552853,0.6508458946203479,0.6057500601714094,0.3942499398285906,-0.0033301335590754776,-0.006051685811366399
2025-06-30,-0.005133545106888682,0.006323105807074736,0.6539980990034848,0.6045956162842562,0.3954043837157439,-0.009268844284513455,-0.016811707867314653
2025-07-01,0.006415249765731046,0.012839986061810915,0.6491058852224463,0.6063892009366706,0.3936107990633294,-0.0019192607531645992,-0.0034914569835017804
2025-07-02,0.009533782726553808,0.00338659423786547,0.5859483313210413,0.6305375656009132,0.3694624343990867,0.007549413484015082,0.014280566399776738
2025-07-03,0.009828192002456326,-0.0048984176653972256,0.4548940287999036,0.6873352836734566,0.3126647163265433,0.012056452949013488,0.024860476523417607
2025-07-04,-0.00024464089692677327,0.0002701111530112321,0.4793042174241107,0.6759934760013626,0.32400652399863744,-0.0003741063117383461,-0.0007586802781981617
2025-07-07,-0.0043507774513487085,-9.003715772692988e-05,0.48033752104474187,0.6755216197548343,0.3244783802451658,-0.00430752922620424,-0.008729487360080328
2025-07-08,-0.003905545537106536,-0.007562556731630865,0.4663197280224223,0.681979503439313,0.31802049656068704,-0.00037897613885829254,-0.0007753618769817793
2025-07-09,-0.003317569153415856,0.0013910183417751298,0.482082657397419,0.6747262003294942,0.32527379967050585,-0.0039881549721073615,-0.00807273795196554
2025-07-10,0.018898969136643906,0.0017513602235985637,0.4431550235298072,0.6929262509540409,0.3070737490459591,0.018122845055545917,0.037673385242881226
2025-07-11,0.04422486548706095,0.011635648035372315,0.44845896190050516,0.690388907316996,0.3096110926830041,0.03900675484807823,0.08078949257263998
2025-07-14,-0.005533066875267112,-0.001340882002383803,0.47825662052494977,0.6764725326546388,0.32352746734536125,-0.004891781180284307,-0.009927466812657668
2025-07-15,-0.016327859636761755,-0.0064746982461211244,0.47141034047816516,0.6796200709552098,0.32037992904479023,-0.013275619932064416,-0.027067133280612055
2025-07-16,0.0005022204171907241,0.006817211495886655,0.4730238030956787,0.6788756555721768,0.32112434442782317,-0.002722482891101162,-0.00554468207244101
2025-07-17,0.005362827558010208,-0.003698703159955241,0.5064116608791461,0.6638291683273331,0.336170831672667,0.007235893968342088,0.01441019242532788
2025-07-18,0.004388265134693148,0.0038621304651325072,0.5062322518485113,0.6639082377719361,0.33609176222806403,0.0024331301323963802,0.004846125415407235
2025-07-21,0.022970519754130114,0.014583925542424714,0.6350267675786698,0.6116107820552147,0.3883892179447853,0.013709336658316149,0.025154334345152893
2025-07-22,0.005600827231518668,0.010964475704422494,0.6742758741457783,0.5972731348770128,0.40272686512298717,-0.0017922542086309572,-0.0032113958690565946
2025-07-23,-0.0010681540493516772,-0.013113472364483347,0.6587691954404074,0.6028566257130773,0.3971433742869227,0.007570597589629033,0.013691954752545948
2025-07-24,-0.006543102252689503,-0.006805956510299027,0.6705671639755085,0.5985990994940091,0.401400900505991,-0.0019792512974376357,-0.003554334132955554
2025-07-25,-0.02188565371354978,-0.010975971521803629,0.6778384133675517,0.5960049501983463,0.4039950498016537,-0.014445718592042977,-0.025829159370089696
2025-07-28,-0.0036942605132305184,-0.007468477007723462,0.6871268498704722,0.5927236592060485,0.4072763407939514,0.0014375305664165545,0.0025561751326408895
2025-07-29,0.0015252368310385567,0.00432135754902907,0.709102298698437,0.5851024837785004,0.41489751622149956,-0.0015390477404758005,-0.0027015019668182394
2025-07-30,-0.013601453279073139,-0.008304704316853595,0.7166502645810312,0.5825298376918153,0.4174701623081846,-0.0076498847331327785,-0.013368858335858802
2025-07-31,-0.026992591774202768,-0.0007889124393861691,0.7643890851372785,0.5667684120377535,0.43323158796224653,-0.026389555716406957,-0.044870299763309376
2025-08-01,0.006429213786386834,0.01654925325156964,0.7558977393400456,0.569509247375562,0.43049075262443803,-0.006080329334240556,-0.010388411348816667
2025-08-04,0.01100939483429797,0.007975610586763882,0.7245834114956594,0.579850179083389,0.42014982091661107,0.0052303997065796986,0.009098544619613829
2025-08-05,0.013309284631463969,0.00222261741851959,0.7662183105494543,0.5661814250407748,0.43381857495922505,0.0116062744680481,0.0197137710532015
2025-08-06,0.0020961754742510053,-0.0005617855047789222,0.7717047984643577,0.5644281151503115,0.43557188484968845,0.002529708043996621,0.004283515029460783
2025-08-07,0.010379762689984862,0.006005931605954196,0.862899011713944,0.5367977510922392,0.46320224890776085,0.005197250242785446,0.008369616726572465
2025-08-08,0.00678753772284435,0.011410772070393316,0.858980476683568,0.5379292642083072,0.4620707357916928,-0.003014092709509645,-0.004864106020446443
2025-08-11,-0.019652785790503335,-0.025006541699268636,0.8310652346659381,0.546130187536678,0.4538698124633221,0.001129281654982918,0.001850204406052658
2025-08-12,0.006292802283267784,-0.0012526304584333792,0.8420647406201576,0.5428690848636165,0.45713091513638354,0.007347598225341397,0.01196635177360985
2025-08-13,0.015831613402925715,0.002926348685807545,0.8364518523545826,0.5445282971714521,0.45547170282854776,0.013383863624046595,0.0218636774063311
2025-08-14,-0.013428974735347321,-0.006996754798475169,0.8630694170597976,0.5367486529719057,0.46325134702809423,-0.007390289650117015,-0.011900184044317572
2025-08-15,-0.0023168195495057997,0.00023988031897270723,0.8633982881271541,0.5366539222299437,0.46334607777005626,-0.0025239318062622307,-0.004063433709814598
2025-08-18,0.0015041749360886758,-0.0012889834616681695,0.8560721628607207,0.5387721555280067,0.46122784447199333,0.002607637796010645,0.004214767908578867
2025-08-19,-0.018181302806909994,-0.00549270615491293,0.8464520297213984,0.5415791929080794,0.4584208070919206,-0.013531990533420727,-0.02198593353458931
2025-08-20,0.011915950329594915,0.009054144046657164,0.8977104515192862,0.5269507786076696,0.47304922139233047,0.003787950589349656,0.005988190537155545
2025-08-21,0.008539943788736348,-0.0019441287880170854,0.9250824327395939,0.5194582751331304,0.4805417248668696,0.010338423177514272,0.016111138414163822
2025-08-22,0.02566591931624962,0.011237975695243652,0.9195314707641409,0.5209604610451699,0.47903953895483004,0.015332246996790555,0.023962483392919287
2025-08-25,-0.00835833724065227,-0.00017776598298513413,0.9480137671112313,0.5133433946326418,0.48665660536735816,-0.0081898126414583,-0.012612558668314582
2025-08-26,-0.0024561731928072206,0.00438675932596122,0.9383657303593309,0.5158985140614417,0.4841014859385583,-0.006572557811623427,-0.010172318425798342
2025-08-27,0.0027732735880023895,0.004721713846100206,0.7887897144011207,0.5590372037301187,0.4409627962698814,-0.0009511657281468093,-0.0015952110868413423
2025-08-28,0.012949403224522982,0.007989176523433672,0.7877507752580563,0.559362084379828,0.44063791562017185,0.006655923224514644,0.011169213265009852
2025-08-29,0.025771935994458817,0.012209307578411543,0.8064892319048894,0.5535599007947197,0.44644009920528027,0.015925260903455148,0.026446757537539986
2025-09-02,0.02166662602084668,0.02179231143620708,0.9041987335800244,0.5251552699648798,0.47484473003512023,0.0019620456184467547,0.0030911357893164404
2025-09-03,0.01146796233804892,0.012340127918300414,0.9365721193257459,0.5163763280595864,0.48362367194041356,-8.945741914450321e-05,-0.0001385810808465747
2025-09-04,-0.015189459380388515,-0.007625487786955487,0.9291959793584992,0.5183506552468155,0.4816493447531845,-0.008103886788102137,-0.01260196507997626
2025-09-05,0.003984307813467369,0.01329292211977151,0.9435265328988568,0.5145286071852362,0.48547139281476376,-0.008557916906295166,-0.013209879198609113
2025-09-08,0.008569834061510129,0.0068914388411576155,0.9191136559579367,0.5210738805882991,0.47892611941170093,0.002235818513403226,0.003495079887210541
2025-09-09,-0.013228415802935989,0.0014293040412012292,0.9752409568425632,0.5062673475536408,0.49373265244635917,-0.014622331643696019,-0.022208427168910954
2025-09-10,0.006238100650602041,8.235633192543723e-05,1.014163124319356,0.4964841168651268,0.5035158831348733,0.006154577895709058,0.009166950513686224
2025-09-11,0.01371159856990345,-0.001838894261971813,1.042426708364282,0.48961365218381325,0.5103863478161869,0.015628511062440693,0.022955797138430146
2025-09-12,0.016548012198395412,0.00343699313581447,1.051989542567096,0.48733191824602196,0.512668081753978,0.0129323313616437,0.018907013549589034
2025-09-15,0.003066913210082012,0.008987792433232666,1.0571857837362044,0.4861009675965325,0.5138990324034675,-0.006434853177503393,-0.009383965067778062
2025-09-16,-0.0010818642302560244,0.0018195511543968035,1.0131337939107385,0.49673797291802824,0.5032620270819717,-0.002925312994524722,-0.004359342141152932
2025-09-17,-0.01763557574524066,-0.0019246533393638687,1.0126395906471077,0.4968599468315527,0.5031400531684472,-0.015686595575529646,-0.02338212313087719
2025-09-18,-0.000359507923986202,-0.010348225637178965,1.047580823958571,0.4883812098155463,0.5116187901844538,0.010481094815518947,0.01535630929858378
2025-09-19,0.019876724557404746,0.007629620770278844,1.0191226848789705,0.4952646055085759,0.504735394491424,0.01210120495338981,0.01797989549225709
2025-09-22,0.02969250773750587,0.01884786903768898,1.0336233448024124,0.49173314348294933,0.5082668565170506,0.01021091030037196,0.01506312905947299
2025-09-23,0.008972843177088352,0.010666492101799152,1.0820124546249679,0.48030452352895736,0.5196954764710427,-0.0025684341242171813,-0.0037008915847429446
2025-09-24,-0.009390860402732293,-0.012828651205417652,1.0871803446442818,0.47911528228310807,0.5208847177168918,0.004556197036094951,0.006548830887258279
2025-09-25,0.02101555976806302,0.0012860868041868478,1.0966546845796161,0.4769502614592456,0.5230497385407544,0.019605166649475484,0.02805206807825824
2025-09-26,0.03409629556927718,0.010275936601965352,1.0926809484751183,0.4778559296048801,0.5221440703951198,0.022867975416571495,0.032782792952601954
2025-09-29,0.00845933308782909,0.012078471360118748,1.1531992440178185,0.46442520485657607,0.535574795143424,-0.005469550953550721,-0.007620591966228824
2025-09-30,-0.007701904304227791,0.005208235492420998,1.1374732090326258,0.4678421211429258,0.5321578788570742,-0.013626132643189522,-0.019124636396293943
2025-10-01,0.022420223562232833,0.006951663932628138,1.125153965968671,0.4705541414944907,0.5294458585055093,0.014598531318354915,0.0206081981147668
2025-10-02,-0.027278513228021106,-0.007188118636877849,1.145438294134531,0.46610522555410977,0.5338947744458903,-0.01904496687855911,-0.026630875747804032
2025-10-03,0.03471739395805029,0.010703986816393396,1.1871814072377729,0.45720944622646376,0.5427905537735361,0.022009819826309812,0.03018929260299405
2025-10-06,0.010189730636546379,0.01744484392910639,1.2265211918901904,0.4491311394844873,0.5508688605155126,-0.011206740131719541,-0.015099887895797193
2025-10-07,-0.01878041396311514,0.007116651299544197,1.1352198780995597,0.46833584225060904,0.531664157749391,-0.026859377983860774,-0.03773762823119671
2025-10-08,0.03130624533663995,0.016773110077421993,1.106883907153116,0.47463459975411254,0.5253654002458875,0.012740359719033787,0.018141046607901053
2025-10-09,-0.0371177207653417,-0.02399030465921359,1.122284497475584,0.4711903617019681,0.5288096382980318,-0.010193773756590016,-0.014409623830427043
2025-10-10,0.0018783618801889723,0.007500659643053353,1.1796641018283298,0.4587862869151203,0.5412137130848798,-0.006969897040753563,-0.009593079550524033
2025-10-13,0.06800463082047514,0.033376140891845596,1.184744291728529,0.4577194703224599,0.5422805296775401,0.028462438418933943,0.039083436711600236
2025-10-14,0.003670418990419533,0.007326120075161535,1.3155351203696037,0.43186561551283265,0.5681343844871674,-0.0059673492645002674,-0.007731278889280373
2025-10-15,0.015085318161481842,0.009229880210824382,1.3052821320576413,0.43378638392838414,0.5662136160716158,0.0030377204412603605,0.003953165296799
2025-10-16,0.03818058224827747,0.024731330743833713,1.3186420662865694,0.43128692200497937,0.5687130779950206,0.005568809174212028,0.007205263703936982
2025-10-17,-0.059577927835793965,-0.021097212477968474,1.3778051730568281,0.42055590227959383,0.5794440977204063,-0.030510079346569935,-0.03849358184465615
2025-10-20,0.025168480427872897,0.03496503577998378,1.4892074627572933,0.40173429292723584,0.5982657070727642,-0.026901711791254723,-0.032422020494976
2025-10-21,-0.07177368014823882,-0.057351710352510854,1.3794309441912522,0.42026855305098637,0.5797314469490136,0.0073390438143084435,0.009253107973851621
2025-10-22,0.00023177601770218992,-0.010592765943036375,1.3419059310626091,0.4270026335115276,0.5729973664884725,0.014446271463020714,0.018505787877396825
2025-10-23,0.02151239838940544,0.02005244278866991,1.3236593147047262,0.4303556866842473,0.5696443133157526,-0.005030204290401102,-0.0064943310646728356
2025-10-24,-0.0021657428655393884,-0.001721027186098678,1.3153145667987671,0.43190675441680226,0.5680932455831978,9.794926219289539e-05,0.00012691484379376197
2025-10-27,-0.03751780118501091,-0.028287685208447266,1.3049950480960328,0.43384041142562013,0.5661595885743799,-0.0006025120658878363,-0.000784182247661025
2025-10-28,0.012091399038288708,-0.008920750654199727,1.3224735540109498,0.4305754088234864,0.5694245911765137,0.02388885586039373,0.0308578616352431
2025-10-29,0.012647229101044433,0.0044122838524138785,1.300338801526604,0.4347185724713059,0.565281427528694,0.006909765204401383,0.009011409797307812
2025-10-30,0.01481529562404571,0.00441802793181556,1.3016058369381727,0.43447925963304845,0.5655207403669517,0.009064764680238695,0.011815356741053743
2025-10-31,-0.008961797101403657,-0.004773472977074977,1.3032566125076135,0.43416786239518257,0.5658321376048173,-0.0027407368794042887,-0.0035698196169558095
2025-11-03,-0.0022085884499257746,0.004545250835765735,1.3047294370892637,0.4338904098274289,0.5661095901725712,-0.008138911014303907,-0.010594186306635892
2025-11-04,-0.01582858779730234,-0.013149038075696118,1.309396736349588,0.43301351572042046,0.5669864842795795,0.0013887197451506218,0.0018040032575941146
2025-11-05,0.015552681469871654,0.008257997836581543,1.337126294443011,0.4278758928765218,0.5721241071234783,0.004510695423124975,0.005790053494990913
2025-11-06,-0.0014416197404351072,-0.00010053173867952125,1.3416941290092066,0.42704125513741187,0.5729587448625882,-0.0013067368968697059,-0.0016740916937208177
2025-11-07,0.004665848824837893,0.004899620713705977,1.342065772969899,0.42697349132596385,0.5730265086740362,-0.0019097644355612472,-0.0024462563659852334
2025-11-10,0.044984066565782355,0.02810419190086022,1.3384622258444079,0.4276314532465474,0.5723685467534526,0.0073676673185986,0.009451938847468248
2025-11-11,0.008788925373200085,-0.0012160125097286922,1.352086783510519,0.42515438078670187,0.5748456192132981,0.010433079816187706,0.013307008766848564
2025-11-12,0.05361730412635879,0.023765487069725033,1.3493707788467157,0.4256458831461634,0.5743541168538366,0.021548850329412367,0.027516538287741678
2025-11-13,-0.004837610001928394,-0.004162306252134762,1.3736250834430639,0.4212965252917909,0.5787034747082092,0.0008798382709758051,0.0011120184191425308
2025-11-14,-0.04680259822608024,-0.02371678497303309,1.3739622018296982,0.4212366983894115,0.5787633016105883,-0.014216632124210198,-0.01796570153465745
2025-11-17,0.0006918333130370158,-0.004721608857772397,1.4076961748488266,0.41533479616164093,0.5846652038383591,0.007338424041255556,0.009143708559967685
2025-11-18,-0.003456775053047867,-0.0017206203859069236,1.3978667037289068,0.4170373601021719,0.5829626398978281,-0.0010515771058313963,-0.001315640820479423
2025-11-19,0.00673934880963678,0.004038091780114161,1.3962585667857565,0.4173172352353274,0.5826827647646726,0.0011011285681852374,0.0013785597891410933
2025-11-20,-0.010691066308134656,-0.005198997333235034,1.3970696699681537,0.41717602643284263,0.5828239735671572,-0.0034277048196266757,-0.004289868829309682
2025-11-21,-0.0074432411298250845,0.0049796502334216175,1.3998780548092753,0.4166878387824887,0.5833121612175112,-0.014414144212217893,-0.018018595799064573
2025-11-24,0.00846143326081239,0.003728493966671742,1.3972468437833212,0.41714519411851875,0.5828548058814812,0.003251806833815143,0.004069426778783232
2025-11-25,0.012705039511451854,0.01155949414638835,1.3915947337784624,0.4181310428042746,0.5818689571957254,-0.003381091667805137,-0.004241218154628617
2025-11-26,0.03891314901495968,0.006281406738781081,1.4017523443197826,0.41636266218914303,0.5836373378108569,0.030108172393247222,0.03760775643390623
2025-11-28,0.06670947832162555,0.012748393086785548,1.4144479905174887,0.41417334476758394,0.5858266552324162,0.048677539337694684,0.06048281784764596
2025-12-01,0.034936047761097155,0.004978309027884764,1.4458069616169948,0.40886301155135746,0.5911369884486424,0.02773837391150063,0.034023585278981264
2025-12-02,-0.00744629333506075,-0.012431229084807538,1.4634801338806909,0.40592980079149726,0.5940701992085026,0.010746563470274924,0.013087051106045647
2025-12-03,-0.0010692836319405874,0.0030334177459079292,1.455178102853048,0.4073024269962113,0.5926975730037888,-0.005483446712591657,-0.006700263463028934
2025-12-04,-0.018542519736534868,0.0029766867290701438,1.4534672372470694,0.40758644942088457,0.5924135505791155,-0.022869036372786464,-0.0279633280105833
2025-12-05,0.0277059609048389,0.0002611941942316509,1.453272994171966,0.40761872093958385,0.592381279060416,0.027326374436127534,0.033416225386711344
2025-12-08,-0.011006154302419136,-0.006100241550233032,1.453633744045651,0.407558790070746,0.5924412099292541,-0.0021386373381710472,-0.0026148613378353374
2025-12-09,0.041364499514010555,0.004657049840088856,1.4556949298124875,0.40721670589447284,0.592783294105527,0.03458525567390915,0.04225108166414223
2025-12-10,0.0034902176144437913,-0.002448544581386547,1.467277756942836,0.4053049954290854,0.5946950045709147,0.007082912615595179,0.008612219595865243
2025-12-11,0.05879526229257248,0.021232508752677903,1.4655427937493395,0.405590202098786,0.5944097979012141,0.027678112096865604,0.03367791323724171
2025-12-12,-0.04015394122326654,0.0034068597961147695,1.4930041078378755,0.401122483856345,0.598877516143655,-0.0452403968936936,-0.054440821117935766
2025-12-15,0.025716227103858902,0.001534870702160518,1.5023086490977164,0.3996309569407357,0.6003690430592644,0.02341037757275647,0.02806653477523382
2025-12-16,-0.0038131215285359676,-0.0005108772871849077,1.4983006950582303,0.4002720737251735,0.5997279262748266,-0.0030476737340573573,-0.0036596960567066438
2025-12-17,0.056411462611495544,0.009989545824137469,1.5012325415590313,0.39980289052880097,0.6001971094711991,0.04141483134490524,0.049673307847367724
2025-12-18,-0.024835011476861513,-0.001840138010350767,1.5291344453612392,0.39539218717064634,0.6046078128293536,-0.02202119306101566,-0.026121023065506125
2025-12-19,0.03488045349255153,0.005046641858220902,1.5457884879382322,0.3928056100253144,0.6071943899746857,0.027079412605366456,0.031910835562734476
2025-12-22,0.01587249592193496,0.019076488553088078,1.5518651621690274,0.39187023469140614,0.6081297653085939,-0.013731642080118664,-0.01614306541390348
2025-12-23,0.03797900697426848,0.008594633081026481,1.523055136056269,0.39634488589221945,0.6036551141077806,0.024888906917691984,0.0295937729168241
2025-12-24,0.007746295167779582,-0.000490699368048908,1.5415722981584639,0.3934572314643836,0.6065427685356165,0.008502743720287644,0.01003639801210665
2025-12-26,0.07679748232444616,0.010824442919012078,1.5438428515142741,0.3931060440328418,0.6068939559671583,0.06008624350230506,0.07086079645195556
2025-12-29,-0.08668249415745743,-0.04504206036549452,1.5755428510058922,0.3882676615570363,0.6117323384429638,-0.01571679795402671,-0.0183069731663231
2025-12-30,0.1076213559256134,0.010404383478751278,1.6239870430670014,0.3810994427896136,0.6189005572103865,0.09072477196502095,0.1037254801292527
2025-12-31,-0.09357145568755909,-0.010182833117224455,1.6630128697425708,0.3755145201745377,0.6244854798254624,-0.07663727316317397,-0.08633522657806275
2026-01-02,0.0060170110667228105,-0.0025892812695673673,1.750584839996389,0.36355904586506516,0.636440954134935,0.010549767603714047,0.011506390332313363
2026-01-05,0.07948298838354506,0.028393288237711367,1.7618084442171718,0.362081592622347,0.6379184073776529,0.029459453407253075,0.03200017742244606
2026-01-06,0.057323633612769376,0.010209897443217208,1.8062107610336,0.3563524215236329,0.6436475784763672,0.03888240698178101,0.04156751964787522
2026-01-07,-0.04215816086587609,-0.00734023229471259,1.825562245469336,0.35391186359580495,0.646088136404195,-0.02875810991567404,-0.03053350882124759
2026-01-08,-0.03136058405740949,8.998958096251286e-05,1.8528323155307023,0.3505288392016737,0.6494711607983263,-0.0315273196610779,-0.033153704291813225
2026-01-09,0.05578455855383391,0.009124122433634918,1.8544986209177716,0.35032421899663846,0.6496757810033614,0.03886388608357305,0.04084488161820616
2026-01-12,0.07258756819972834,0.02538805980861092,1.8786451218554294,0.3473856476464353,0.6526143523535647,0.024892413486907544,0.025941801541896736
2026-01-13,0.014974568985650416,-0.0032794583357990126,1.913412528265258,0.34324009741093303,0.6567599025890669,0.02124952565129218,0.021881067763456944
2026-01-14,0.05812970246276006,0.00808411221913885,1.9330769779891714,0.3409388868769376,0.6590611131230625,0.042502491244461794,0.04347225616315077
2026-01-15,0.011081844394243534,-0.0021615546813174014,1.9080663852342767,0.343871104551638,0.656128895448362,0.015206234221511057,0.015686953673465773
2026-01-16,-0.04119678757613432,-0.00604378041378939,2.03577925092618,0.32940471534447435,0.6705952846555256,-0.028892984812587834,-0.028552456312928146
2026-01-20,0.06941682608331146,0.03731152448701147,2.301081001791209,0.30293106999112934,0.6970689300088707,-0.016440014061618116,-0.014940573151065575
2026-01-21,-0.02118763316676886,0.01516928009704066,2.248465870931575,0.30783761927387165,0.6921623807261283,-0.055295241751566394,-0.05106586673392616
2026-01-22,0.04084154514394944,0.015936090714126827,2.224013240942152,0.3101724233948154,0.6898275766051847,0.005399468386876105,0.005024298583803169
2026-01-23,0.05156502911103433,0.013730523408316264,2.222203546348427,0.31034662634309784,0.6896533736569022,0.021053011299853843,0.01960119309381827
2026-01-26,0.14025264653237324,0.02079900243914934,2.3052287129549476,0.3025509236563475,0.6974490763436525,0.09230618890882619,0.083781968140688
2026-01-27,-0.08304656807855548,3.9314727950712225e-05,2.4929136697920677,0.2862939352461951,0.7137060647538049,-0.08314457630128796,-0.0714113638310198
2026-01-28,0.07190846780132132,0.043642630676681726,2.5306482802048413,0.2832341033817115,0.7167658966182885,-0.038535680464238345,-0.03274385671347804
2026-01-29,0.008186670632756687,0.0031688177867144063,2.3835694598096686,0.2955458759981395,0.7044541240018606,0.0006335733326425603,0.0005617499568147171
2026-01-30,-0.31346844308759625,-0.11366200569716556,2.382870261222962,0.29560696177526,0.70439303822474,-0.042626629880865574,-0.03780218564940352
2026-02-02,-0.019312824369858705,-0.019389444883695095,2.6010289199841705,0.277698408488315,0.722301591511685,0.03111968251507135,0.02592565892129088
2026-02-03,0.08158587028737463,0.06083292489183334,2.5858528111722974,0.2788736885363337,0.7211263114636662,-0.07571911955600583,-0.06334821048992097
2026-02-04,0.01352329063737634,0.0034055318159975645,2.4294451913742305,0.2915923550885748,0.7084076449114252,0.005249737742929106,0.00459235017617423
2026-02-05,-0.09072656690847036,-0.011990895287168901,2.428927952011128,0.2916363405692097,0.7083636594307903,-0.06160154617582732,-0.053895748500370405
2026-02-06,0.0026918068123917838,0.01847210572523683,2.4639889060074527,0.28868452732794303,0.711315472672057,-0.04282325676518852,-0.03708723491370476
2026-02-09,0.0694598525921648,0.020136472592168664,2.462794991041003,0.28878406102215565,0.7112159389778443,0.019867848754937377,0.01721255414167438
2026-02-10,-0.022506550504145295,-0.009325090294185823,2.4754636871896283,0.287731390687794,0.712268609312206,0.0005773718988761577,0.0004983840582230697
2026-02-11,0.04407982474210925,0.013549761304446184,2.480363489055502,0.2873263103536864,0.7126736896463136,0.010471491517143883,0.009026205064562628
2026-02-12,-0.09800129424792059,-0.029162374693560533,2.4847947001328277,0.28696095065855204,0.713039049341448,-0.02553878016607368,-0.021985897905348842
2026-02-13,0.030511216713046352,0.019964620262842958,2.5254638103822664,0.2836506212473558,0.7163493787526443,-0.01990870924878803,-0.016941353239955104
2026-02-17,-0.05656959378821391,-0.027698147681451624,2.5175354654522715,0.2842899552318867,0.7157100447681133,0.013161475327175154,0.011225025694644612
2026-02-18,0.055305242787226705,0.021216920217128177,2.504013833035107,0.28538700120764643,0.7146129987923535,0.0021777810691355204,0.0018645312258220997
2026-02-19,0.0007224935674448041,-0.0021257590807680637,2.5051724610927533,0.2852926670798519,0.7147073329201481,0.006047886675502804,0.0051762531595526805
2026-02-20,0.06082633328743148,0.016760767696405443,2.504657548678909,0.2853345829400516,0.7146654170599485,0.01884634995497598,0.016132546213035996
2026-02-23,0.051529546090740785,0.028739231956620648,2.5132550755745657,0.28463632115765397,0.715363678842346,-0.020699474492350822,-0.017675466808198294
2026-02-24,0.010794795367464083,-0.009395428898871239,2.495987234574625,0.28604223439668114,0.7139577656033188,0.034245665962400224,0.029387120430861988
2026-02-25,0.03981387686680571,0.00981420915727682,2.4857655375701064,0.2868810277747741,0.7131189722252259,0.01541805396514203,0.013269441503420628
2026-02-26,-0.0433367615927337,-0.005742913127032345,2.4867497380054275,0.28680005023017324,0.7131999497698268,-0.02905557387869808,-0.024999420143631358
2026-02-27,0.06533481270984609,0.010431758910460776,2.486265448239813,0.2868398906643474,0.7131601093356527,0.03939869096639967,0.033903348627361475
2026-03-02,-0.04745260851258415,0.012216786606203955,2.4937499723060483,0.2862254047732988,0.7137745952267013,-0.07791821977347416,-0.06690652198163248
2026-03-03,-0.06072448312932743,-0.03532033912232768,2.485582111368776,0.28689612467838366,0.7131038753216163,0.027067119960608982,0.023296355468710922
2026-03-04,-0.003497139494463175,0.002506224931178025,2.451875286265562,0.289697604075916,0.7103023959240841,-0.009642090465041183,-0.008379871518016996
2026-03-05,-0.01144829230293809,-0.010722313294558417,2.4517311361332226,0.28970970233801085,0.7102902976619891,0.014839937052705972,0.012897821238762803
2026-03-06,0.026062966254028375,0.015951729627923683,2.4479080591210596,0.29003093552759057,0.7099690644724094,-0.01298540125908619,-0.011298504226121761
2026-03-09,0.00257702328550935,-0.010609995262454652,2.444322666040422,0.2903328453688677,0.7096671546311323,0.02851127519210875,0.024833278954859234
2026-03-10,0.060108085513283616,0.02714331637287626,2.4308320505064085,0.29147448353013805,0.708525516469862,-0.005872757882939353,-0.005135277212481894
2026-03-11,-0.045103978687745516,-0.011912784794927855,2.4289102872873527,0.29163784299271084,0.7083621570072891,-0.016168893149104892,-0.014146383364753712
2026-03-12,-0.004643557998285197,-0.009985698539191068,2.4318507506855234,0.29138796312754767,0.7086120368724523,0.019640170490365937,0.017168727823996498
2026-03-13,-0.04436042028260212,-0.012373393624492413,2.424029195930658,0.2920535844695676,0.7079464155304324,-0.014366952884090248,-0.012587760263111855
2026-03-16,-0.008045591180475098,-0.011578426521523966,2.431537447443038,0.29141456717750114,0.7085854328224989,0.02010778648907806,0.017579105689836866
2026-03-17,-0.00913249821867046,0.0014016820184221679,2.422617326041882,0.29217406000701207,0.7078259399929879,-0.01252823736210136,-0.01098127792445008
2026-03-18,-0.028819311606618325,-0.02221557641596683,2.4160416532762823,0.29273647733215213,0.7072635226678479,0.024854446365899764,0.021827409225583225
2026-03-19,-0.08203214247226243,-0.059142255016843004,2.395432626010014,0.2945132800868159,0.7054867199131841,0.05963914477088775,0.05269356044413985
2026-03-20,-0.021748325965454396,-0.006586017710874081,2.2987414902273278,0.3031459127556814,0.6968540872443186,-0.006608773798096136,-0.006010268295659052
2026-03-23,-0.004483809206179967,-0.036386269963426976,2.3140108999132796,0.3017491584068622,0.6982508415931379,0.07971441609637722,0.07216127390992876
2026-03-24,0.0032585332501104958,-0.0010899600059736114,2.2371315971136534,0.30891546111120016,0.6910845388887998,0.005696917219064249,0.005279597428918705
2026-03-25,0.044562142988201936,0.03420998947142473,2.2371180665152144,0.3089167523248569,0.6910832476751432,-0.0319696425136176,-0.029627874414880254
2026-03-26,-0.06481395278465363,-0.03830933495313904,2.195472658778847,0.3129427495656154,0.6870572504343846,0.019293144680963964,0.01811294923268427
2026-03-27,0.02769281694131287,0.026625528511027285,2.19049475980977,0.3134310115775348,0.6865689884224653,-0.030630263739258028,-0.028801423646046983
2026-03-30,0.01120137104211083,0.0075690115761353205,2.1502773865490687,0.3174323646132753,0.6825676353867247,-0.0050741033885810735,-0.004832053910788571
2026-03-31,0.06208414053821709,0.026867012297006276,2.1298211688587534,0.3195070727841733,0.6804929272158268,0.004862209004064685,0.004660530498460672
2026-04-01,0.015758391822972673,0.029176369482527553,2.1340205363782094,0.31907895573512646,0.6809210442648735,-0.0465045798296996,-0.044515898306884114
2026-04-02,-0.041282722241938075,-0.02753390824861668,2.0902138044078487,0.32360220466739564,0.6763977953326044,0.016269032868619637,0.01579408471227492
2026-04-06,-0.0010173574886594983,0.0011393754030957215,2.070026182511588,0.32573012103170407,0.6742698789682959,-0.0033758944047773366,-0.003298891479175123
2026-04-07,-0.01149181373908359,6.44848353685834e-05,2.0648280768582143,0.3262825760279219,0.6737174239720781,-0.011624963837684221,-0.011379069441573133
2026-04-08,0.047308812893301466,0.019840651995058467,2.064343013620176,0.32633422418941693,0.6736657758105831,0.006350901561633308,0.006217549602056893
2026-04-09,0.013998210909798914,0.008990461166964892,2.0604221767044804,0.3267523048329295,0.6732476951670705,-0.004525934657415992,-0.00443657874250173
2026-04-10,0.000616136843992976,-0.0063228353853806984,2.0470856790616887,0.3281824357193452,0.6718175642806548,0.013559522612470298,0.01334999147445612
2026-04-13,-0.01049466615100314,-0.0040950041789837854,2.0468028039328883,0.32821290524912716,0.6717870947508728,-0.0021130001153422326,-0.0020805417199446473
2026-04-14,0.05121613391156288,0.017417362381318302,2.0391583850469397,0.32903846173997775,0.6709615382600222,0.01569937336629653,0.015497092988183366
2026-04-15,0.0012595694169588167,-0.005181347150259086,2.0477131224456278,0.3281148716508964,0.6718851283491035,0.011869481968490605,0.011683660657961772
2026-04-16,-0.011133267121244517,-0.0030416870117186967,2.041004313017429,0.32883873124393975,0.6711612687560602,-0.004925170811477562,-0.004858760762417899
2026-04-17,0.039844236354957596,0.015087599111024863,2.045799528524784,0.3283210173994427,0.6716789826005573,0.00897803320705198,0.008843030990355868
